lat,long,elev,timediff,current_time,OBUID
408627620,-778336423,3341,1:35:44.690000,"(datetime.datetime(2026, 9, 29, 16, 48, 30, 642000),)",2a3c600a
408627128,-778337282,3327,1:35:44.810000,"(datetime.datetime(2026, 9, 29, 16, 48, 30, 763000),)",2a3c600d
408627620,-778336423,3341,1:35:44.880000,"(datetime.datetime(2026, 9, 29, 16, 48, 30, 837000),)",2a3c600a
408627128,-778337282,3327,1:35:45.010000,"(datetime.datetime(2026, 9, 29, 16, 48, 30, 968000),)",2a3c600d
408627620,-778336423,3341,1:35:45.090000,"(datetime.datetime(2026, 9, 29, 16, 48, 31, 44000),)",2a3c600a
408627128,-778337282,3327,1:35:45.190000,"(datetime.datetime(2026, 9, 29, 16, 48, 31, 145000),)",2a3c600d
408627620,-778336423,3341,1:35:45.240000,"(datetime.datetime(2026, 9, 29, 16, 48, 31, 191000),)",2a3c600a
408627128,-778337282,3327,1:35:45.290000,"(datetime.datetime(2026, 9, 29, 16, 48, 31, 247000),)",2a3c600d
408627620,-778336423,3341,1:35:45.390000,"(datetime.datetime(2026, 9, 29, 16, 48, 31, 349000),)",2a3c600a
408627128,-778337282,3327,1:35:45.500000,"(datetime.datetime(2026, 9, 29, 16, 48, 31, 452000),)",2a3c600d
408627620,-778336423,3341,1:35:45.600000,"(datetime.datetime(2026, 9, 29, 16, 48, 31, 555000),)",2a3c600a
408627127,-778337282,3327,1:35:45.750000,"(datetime.datetime(2026, 9, 29, 16, 48, 31, 702000),)",2a3c600d
408627620,-778336424,3341,1:35:45.830000,"(datetime.datetime(2026, 9, 29, 16, 48, 31, 787000),)",2a3c600a
408627127,-778337282,3327,1:35:45.900000,"(datetime.datetime(2026, 9, 29, 16, 48, 31, 859000),)",2a3c600d
408627620,-778336424,3341,1:35:46.010000,"(datetime.datetime(2026, 9, 29, 16, 48, 31, 964000),)",2a3c600a
408627127,-778337282,3327,1:35:46.040000,"(datetime.datetime(2026, 9, 29, 16, 48, 31, 996000),)",2a3c600d
408627620,-778336424,3341,1:35:46.050000,"(datetime.datetime(2026, 9, 29, 16, 48, 32, 1000),)",2a3c600a
408627127,-778337282,3327,1:35:46.050000,"(datetime.datetime(2026, 9, 29, 16, 48, 32, 5000),)",2a3c600d
408627620,-778336424,3341,1:35:46.050000,"(datetime.datetime(2026, 9, 29, 16, 48, 32, 10000),)",2a3c600a
408627127,-778337282,3327,1:35:46.060000,"(datetime.datetime(2026, 9, 29, 16, 48, 32, 14000),)",2a3c600d
408627620,-778336424,3341,1:35:46.060000,"(datetime.datetime(2026, 9, 29, 16, 48, 32, 17000),)",2a3c600a
408627127,-778337282,3327,1:35:46.070000,"(datetime.datetime(2026, 9, 29, 16, 48, 32, 21000),)",2a3c600d
408627620,-778336424,3341,1:35:46.070000,"(datetime.datetime(2026, 9, 29, 16, 48, 32, 24000),)",2a3c600a
408627620,-778336424,3341,1:35:46.070000,"(datetime.datetime(2026, 9, 29, 16, 48, 32, 29000),)",2a3c600a
408627127,-778337282,3327,1:35:46.080000,"(datetime.datetime(2026, 9, 29, 16, 48, 32, 34000),)",2a3c600d
408627127,-778337282,3327,1:35:46.080000,"(datetime.datetime(2026, 9, 29, 16, 48, 32, 39000),)",2a3c600d
408627620,-778336424,3341,1:35:46.090000,"(datetime.datetime(2026, 9, 29, 16, 48, 32, 42000),)",2a3c600a
408627620,-778336424,3341,1:35:46.090000,"(datetime.datetime(2026, 9, 29, 16, 48, 32, 45000),)",2a3c600a
408627127,-778337282,3327,1:35:46.090000,"(datetime.datetime(2026, 9, 29, 16, 48, 32, 48000),)",2a3c600d
408627127,-778337282,3327,1:35:46.100000,"(datetime.datetime(2026, 9, 29, 16, 48, 32, 52000),)",2a3c600d
408627620,-778336424,3341,1:35:46.100000,"(datetime.datetime(2026, 9, 29, 16, 48, 32, 58000),)",2a3c600a
408627127,-778337282,3327,1:35:46.190000,"(datetime.datetime(2026, 9, 29, 16, 48, 32, 147000),)",2a3c600d
408627127,-778337281,3327,1:35:46.290000,"(datetime.datetime(2026, 9, 29, 16, 48, 32, 247000),)",2a3c600d
408627620,-778336424,3341,1:35:46.300000,"(datetime.datetime(2026, 9, 29, 16, 48, 32, 256000),)",2a3c600a
408627620,-778336424,3341,1:35:46.310000,"(datetime.datetime(2026, 9, 29, 16, 48, 32, 261000),)",2a3c600a
408627127,-778337281,3327,1:35:46.390000,"(datetime.datetime(2026, 9, 29, 16, 48, 32, 347000),)",2a3c600d
408627620,-778336424,3341,1:35:46.400000,"(datetime.datetime(2026, 9, 29, 16, 48, 32, 355000),)",2a3c600a
408627620,-778336424,3341,1:35:46.490000,"(datetime.datetime(2026, 9, 29, 16, 48, 32, 444000),)",2a3c600a
408627127,-778337282,3327,1:35:46.500000,"(datetime.datetime(2026, 9, 29, 16, 48, 32, 451000),)",2a3c600d
408627127,-778337282,3327,1:35:46.550000,"(datetime.datetime(2026, 9, 29, 16, 48, 32, 509000),)",2a3c600d
408627620,-778336424,3341,1:35:46.590000,"(datetime.datetime(2026, 9, 29, 16, 48, 32, 543000),)",2a3c600a
408627127,-778337282,3327,1:35:46.650000,"(datetime.datetime(2026, 9, 29, 16, 48, 32, 607000),)",2a3c600d
408627620,-778336424,3341,1:35:46.690000,"(datetime.datetime(2026, 9, 29, 16, 48, 32, 643000),)",2a3c600a
408627127,-778337282,3327,1:35:46.750000,"(datetime.datetime(2026, 9, 29, 16, 48, 32, 707000),)",2a3c600d
408627620,-778336424,3341,1:35:46.790000,"(datetime.datetime(2026, 9, 29, 16, 48, 32, 742000),)",2a3c600a
408627127,-778337282,3327,1:35:46.850000,"(datetime.datetime(2026, 9, 29, 16, 48, 32, 809000),)",2a3c600d
408627620,-778336424,3341,1:35:46.890000,"(datetime.datetime(2026, 9, 29, 16, 48, 32, 843000),)",2a3c600a
408627127,-778337282,3327,1:35:46.950000,"(datetime.datetime(2026, 9, 29, 16, 48, 32, 907000),)",2a3c600d
408627620,-778336424,3341,1:35:46.990000,"(datetime.datetime(2026, 9, 29, 16, 48, 32, 944000),)",2a3c600a
408627127,-778337282,3327,1:35:47.050000,"(datetime.datetime(2026, 9, 29, 16, 48, 33, 7000),)",2a3c600d
408627620,-778336424,3341,1:35:47.090000,"(datetime.datetime(2026, 9, 29, 16, 48, 33, 50000),)",2a3c600a
408627127,-778337282,3327,1:35:47.150000,"(datetime.datetime(2026, 9, 29, 16, 48, 33, 107000),)",2a3c600d
408627634,-778336402,3341,1:35:47.190000,"(datetime.datetime(2026, 9, 29, 16, 48, 33, 143000),)",2a3c600a
408627127,-778337281,3327,1:35:47.250000,"(datetime.datetime(2026, 9, 29, 16, 48, 33, 207000),)",2a3c600d
408627637,-778336397,3341,1:35:47.290000,"(datetime.datetime(2026, 9, 29, 16, 48, 33, 242000),)",2a3c600a
408627127,-778337281,3327,1:35:47.350000,"(datetime.datetime(2026, 9, 29, 16, 48, 33, 307000),)",2a3c600d
408627638,-778336392,3340,1:35:47.390000,"(datetime.datetime(2026, 9, 29, 16, 48, 33, 343000),)",2a3c600a
408627127,-778337281,3327,1:35:47.450000,"(datetime.datetime(2026, 9, 29, 16, 48, 33, 408000),)",2a3c600d
408627644,-778336381,3340,1:35:47.490000,"(datetime.datetime(2026, 9, 29, 16, 48, 33, 443000),)",2a3c600a
408627127,-778337281,3327,1:35:47.560000,"(datetime.datetime(2026, 9, 29, 16, 48, 33, 516000),)",2a3c600d
408627650,-778336373,3340,1:35:47.590000,"(datetime.datetime(2026, 9, 29, 16, 48, 33, 543000),)",2a3c600a
408627127,-778337281,3327,1:35:47.650000,"(datetime.datetime(2026, 9, 29, 16, 48, 33, 607000),)",2a3c600d
408627658,-778336360,3340,1:35:47.690000,"(datetime.datetime(2026, 9, 29, 16, 48, 33, 643000),)",2a3c600a
408627127,-778337281,3327,1:35:47.750000,"(datetime.datetime(2026, 9, 29, 16, 48, 33, 707000),)",2a3c600d
408627668,-778336342,3340,1:35:47.790000,"(datetime.datetime(2026, 9, 29, 16, 48, 33, 743000),)",2a3c600a
408627127,-778337281,3327,1:35:47.850000,"(datetime.datetime(2026, 9, 29, 16, 48, 33, 809000),)",2a3c600d
408627675,-778336326,3340,1:35:47.890000,"(datetime.datetime(2026, 9, 29, 16, 48, 33, 844000),)",2a3c600a
408627127,-778337281,3327,1:35:47.950000,"(datetime.datetime(2026, 9, 29, 16, 48, 33, 907000),)",2a3c600d
408627685,-778336314,3340,1:35:47.990000,"(datetime.datetime(2026, 9, 29, 16, 48, 33, 942000),)",2a3c600a
408627127,-778337281,3327,1:35:48.050000,"(datetime.datetime(2026, 9, 29, 16, 48, 34, 9000),)",2a3c600d
408627698,-778336292,3340,1:35:48.090000,"(datetime.datetime(2026, 9, 29, 16, 48, 34, 42000),)",2a3c600a
408627127,-778337281,3327,1:35:48.150000,"(datetime.datetime(2026, 9, 29, 16, 48, 34, 107000),)",2a3c600d
408627739,-778336254,3340,1:35:48.190000,"(datetime.datetime(2026, 9, 29, 16, 48, 34, 143000),)",2a3c600a
408627147,-778337253,3326,1:35:48.250000,"(datetime.datetime(2026, 9, 29, 16, 48, 34, 207000),)",2a3c600d
408627755,-778336221,3340,1:35:48.290000,"(datetime.datetime(2026, 9, 29, 16, 48, 34, 242000),)",2a3c600a
408627153,-778337247,3326,1:35:48.350000,"(datetime.datetime(2026, 9, 29, 16, 48, 34, 307000),)",2a3c600d
408627768,-778336199,3340,1:35:48.390000,"(datetime.datetime(2026, 9, 29, 16, 48, 34, 344000),)",2a3c600a
408627155,-778337242,3326,1:35:48.450000,"(datetime.datetime(2026, 9, 29, 16, 48, 34, 409000),)",2a3c600d
408627788,-778336169,3340,1:35:48.490000,"(datetime.datetime(2026, 9, 29, 16, 48, 34, 446000),)",2a3c600a
408627157,-778337234,3326,1:35:48.550000,"(datetime.datetime(2026, 9, 29, 16, 48, 34, 507000),)",2a3c600d
408627807,-778336139,3341,1:35:48.590000,"(datetime.datetime(2026, 9, 29, 16, 48, 34, 544000),)",2a3c600a
408627163,-778337226,3326,1:35:48.650000,"(datetime.datetime(2026, 9, 29, 16, 48, 34, 607000),)",2a3c600d
408627823,-778336112,3341,1:35:48.690000,"(datetime.datetime(2026, 9, 29, 16, 48, 34, 643000),)",2a3c600a
408627168,-778337223,3326,1:35:48.750000,"(datetime.datetime(2026, 9, 29, 16, 48, 34, 709000),)",2a3c600d
408627840,-778336075,3340,1:35:48.790000,"(datetime.datetime(2026, 9, 29, 16, 48, 34, 742000),)",2a3c600a
408627172,-778337213,3326,1:35:48.850000,"(datetime.datetime(2026, 9, 29, 16, 48, 34, 808000),)",2a3c600d
408627861,-778336043,3340,1:35:48.890000,"(datetime.datetime(2026, 9, 29, 16, 48, 34, 843000),)",2a3c600a
408627176,-778337206,3326,1:35:48.950000,"(datetime.datetime(2026, 9, 29, 16, 48, 34, 907000),)",2a3c600d
408627879,-778336002,3339,1:35:48.990000,"(datetime.datetime(2026, 9, 29, 16, 48, 34, 943000),)",2a3c600a
408627185,-778337194,3326,1:35:49.050000,"(datetime.datetime(2026, 9, 29, 16, 48, 35, 7000),)",2a3c600d
408627900,-778335964,3340,1:35:49.090000,"(datetime.datetime(2026, 9, 29, 16, 48, 35, 42000),)",2a3c600a
408627190,-778337188,3326,1:35:49.150000,"(datetime.datetime(2026, 9, 29, 16, 48, 35, 108000),)",2a3c600d
408627952,-778335911,3344,1:35:49.190000,"(datetime.datetime(2026, 9, 29, 16, 48, 35, 149000),)",2a3c600a
408627191,-778337148,3325,1:35:49.250000,"(datetime.datetime(2026, 9, 29, 16, 48, 35, 208000),)",2a3c600d
408627952,-778335911,3344,1:35:49.290000,"(datetime.datetime(2026, 9, 29, 16, 48, 35, 243000),)",2a3c600a
408627198,-778337139,3325,1:35:49.360000,"(datetime.datetime(2026, 9, 29, 16, 48, 35, 318000),)",2a3c600d
408627983,-778335867,3344,1:35:49.390000,"(datetime.datetime(2026, 9, 29, 16, 48, 35, 345000),)",2a3c600a
408627203,-778337121,3325,1:35:49.450000,"(datetime.datetime(2026, 9, 29, 16, 48, 35, 407000),)",2a3c600d
408628005,-778335820,3344,1:35:49.490000,"(datetime.datetime(2026, 9, 29, 16, 48, 35, 443000),)",2a3c600a
408627217,-778337110,3325,1:35:49.550000,"(datetime.datetime(2026, 9, 29, 16, 48, 35, 507000),)",2a3c600d
408628030,-778335772,3344,1:35:49.560000,"(datetime.datetime(2026, 9, 29, 16, 48, 35, 513000),)",2a3c600a
408627223,-778337092,3325,1:35:49.650000,"(datetime.datetime(2026, 9, 29, 16, 48, 35, 608000),)",2a3c600d
408628063,-778335725,3344,1:35:49.660000,"(datetime.datetime(2026, 9, 29, 16, 48, 35, 614000),)",2a3c600a
408627238,-778337076,3325,1:35:49.750000,"(datetime.datetime(2026, 9, 29, 16, 48, 35, 708000),)",2a3c600d
408628090,-778335675,3345,1:35:49.760000,"(datetime.datetime(2026, 9, 29, 16, 48, 35, 714000),)",2a3c600a
408627249,-778337061,3325,1:35:49.850000,"(datetime.datetime(2026, 9, 29, 16, 48, 35, 808000),)",2a3c600d
408628122,-778335623,3345,1:35:49.860000,"(datetime.datetime(2026, 9, 29, 16, 48, 35, 814000),)",2a3c600a
408627260,-778337038,3325,1:35:49.950000,"(datetime.datetime(2026, 9, 29, 16, 48, 35, 908000),)",2a3c600d
408628150,-778335567,3345,1:35:49.960000,"(datetime.datetime(2026, 9, 29, 16, 48, 35, 915000),)",2a3c600a
408627280,-778337018,3326,1:35:50.050000,"(datetime.datetime(2026, 9, 29, 16, 48, 36, 7000),)",2a3c600d
408628179,-778335516,3345,1:35:50.060000,"(datetime.datetime(2026, 9, 29, 16, 48, 36, 14000),)",2a3c600a
408627291,-778336989,3326,1:35:50.150000,"(datetime.datetime(2026, 9, 29, 16, 48, 36, 107000),)",2a3c600d
408628207,-778335462,3344,1:35:50.160000,"(datetime.datetime(2026, 9, 29, 16, 48, 36, 114000),)",2a3c600a
408627316,-778336947,3325,1:35:50.260000,"(datetime.datetime(2026, 9, 29, 16, 48, 36, 211000),)",2a3c600d
408628231,-778335418,3347,1:35:50.260000,"(datetime.datetime(2026, 9, 29, 16, 48, 36, 218000),)",2a3c600a
408627331,-778336913,3324,1:35:50.350000,"(datetime.datetime(2026, 9, 29, 16, 48, 36, 307000),)",2a3c600d
408628259,-778335359,3346,1:35:50.360000,"(datetime.datetime(2026, 9, 29, 16, 48, 36, 315000),)",2a3c600a
408627349,-778336882,3325,1:35:50.450000,"(datetime.datetime(2026, 9, 29, 16, 48, 36, 408000),)",2a3c600d
408628295,-778335300,3347,1:35:50.460000,"(datetime.datetime(2026, 9, 29, 16, 48, 36, 413000),)",2a3c600a
408627372,-778336858,3325,1:35:50.560000,"(datetime.datetime(2026, 9, 29, 16, 48, 36, 514000),)",2a3c600d
408628328,-778335243,3347,1:35:50.570000,"(datetime.datetime(2026, 9, 29, 16, 48, 36, 521000),)",2a3c600a
408627389,-778336820,3325,1:35:50.650000,"(datetime.datetime(2026, 9, 29, 16, 48, 36, 608000),)",2a3c600d
408628359,-778335185,3346,1:35:50.660000,"(datetime.datetime(2026, 9, 29, 16, 48, 36, 616000),)",2a3c600a
408627408,-778336786,3325,1:35:50.750000,"(datetime.datetime(2026, 9, 29, 16, 48, 36, 708000),)",2a3c600d
408628399,-778335128,3346,1:35:50.760000,"(datetime.datetime(2026, 9, 29, 16, 48, 36, 716000),)",2a3c600a
408627428,-778336748,3325,1:35:50.850000,"(datetime.datetime(2026, 9, 29, 16, 48, 36, 807000),)",2a3c600d
408628433,-778335065,3346,1:35:50.860000,"(datetime.datetime(2026, 9, 29, 16, 48, 36, 814000),)",2a3c600a
408627452,-778336713,3325,1:35:50.950000,"(datetime.datetime(2026, 9, 29, 16, 48, 36, 909000),)",2a3c600d
408628468,-778334999,3346,1:35:50.960000,"(datetime.datetime(2026, 9, 29, 16, 48, 36, 916000),)",2a3c600a
408627474,-778336672,3325,1:35:51.050000,"(datetime.datetime(2026, 9, 29, 16, 48, 37, 7000),)",2a3c600d
408628510,-778334938,3347,1:35:51.060000,"(datetime.datetime(2026, 9, 29, 16, 48, 37, 13000),)",2a3c600a
408627499,-778336632,3325,1:35:51.150000,"(datetime.datetime(2026, 9, 29, 16, 48, 37, 109000),)",2a3c600d
408628545,-778334874,3346,1:35:51.160000,"(datetime.datetime(2026, 9, 29, 16, 48, 37, 115000),)",2a3c600a
408627531,-778336592,3325,1:35:51.220000,"(datetime.datetime(2026, 9, 29, 16, 48, 37, 175000),)",2a3c600d
408628605,-778334797,3349,1:35:51.250000,"(datetime.datetime(2026, 9, 29, 16, 48, 37, 208000),)",2a3c600a
408627559,-778336547,3325,1:35:51.310000,"(datetime.datetime(2026, 9, 29, 16, 48, 37, 269000),)",2a3c600d
408628651,-778334723,3349,1:35:51.350000,"(datetime.datetime(2026, 9, 29, 16, 48, 37, 309000),)",2a3c600a
408627580,-778336498,3325,1:35:51.410000,"(datetime.datetime(2026, 9, 29, 16, 48, 37, 369000),)",2a3c600d
408628693,-778334651,3349,1:35:51.450000,"(datetime.datetime(2026, 9, 29, 16, 48, 37, 408000),)",2a3c600a
408627615,-778336455,3326,1:35:51.510000,"(datetime.datetime(2026, 9, 29, 16, 48, 37, 469000),)",2a3c600d
408628736,-778334582,3350,1:35:51.550000,"(datetime.datetime(2026, 9, 29, 16, 48, 37, 507000),)",2a3c600a
408627635,-778336401,3326,1:35:51.610000,"(datetime.datetime(2026, 9, 29, 16, 48, 37, 569000),)",2a3c600d
408628775,-778334511,3349,1:35:51.660000,"(datetime.datetime(2026, 9, 29, 16, 48, 37, 614000),)",2a3c600a
408627665,-778336354,3326,1:35:51.720000,"(datetime.datetime(2026, 9, 29, 16, 48, 37, 674000),)",2a3c600d
408628820,-778334440,3350,1:35:51.750000,"(datetime.datetime(2026, 9, 29, 16, 48, 37, 708000),)",2a3c600a
408627695,-778336303,3326,1:35:51.820000,"(datetime.datetime(2026, 9, 29, 16, 48, 37, 771000),)",2a3c600d
408628861,-778334367,3349,1:35:51.850000,"(datetime.datetime(2026, 9, 29, 16, 48, 37, 810000),)",2a3c600a
408627724,-778336254,3326,1:35:51.920000,"(datetime.datetime(2026, 9, 29, 16, 48, 37, 871000),)",2a3c600d
408628903,-778334291,3349,1:35:51.950000,"(datetime.datetime(2026, 9, 29, 16, 48, 37, 908000),)",2a3c600a
408627755,-778336202,3326,1:35:52.010000,"(datetime.datetime(2026, 9, 29, 16, 48, 37, 968000),)",2a3c600d
408628947,-778334216,3349,1:35:52.050000,"(datetime.datetime(2026, 9, 29, 16, 48, 38, 7000),)",2a3c600a
408627785,-778336147,3326,1:35:52.110000,"(datetime.datetime(2026, 9, 29, 16, 48, 38, 69000),)",2a3c600d
408628994,-778334138,3348,1:35:52.150000,"(datetime.datetime(2026, 9, 29, 16, 48, 38, 109000),)",2a3c600a
408627811,-778336101,3326,1:35:52.210000,"(datetime.datetime(2026, 9, 29, 16, 48, 38, 169000),)",2a3c600d
408629065,-778334034,3349,1:35:52.260000,"(datetime.datetime(2026, 9, 29, 16, 48, 38, 211000),)",2a3c600a
408627845,-778336042,3326,1:35:52.320000,"(datetime.datetime(2026, 9, 29, 16, 48, 38, 274000),)",2a3c600d
408629118,-778333952,3349,1:35:52.350000,"(datetime.datetime(2026, 9, 29, 16, 48, 38, 307000),)",2a3c600a
408627879,-778335987,3326,1:35:52.410000,"(datetime.datetime(2026, 9, 29, 16, 48, 38, 369000),)",2a3c600d
408629156,-778333870,3349,1:35:52.450000,"(datetime.datetime(2026, 9, 29, 16, 48, 38, 408000),)",2a3c600a
408627913,-778335929,3326,1:35:52.510000,"(datetime.datetime(2026, 9, 29, 16, 48, 38, 468000),)",2a3c600d
408629206,-778333788,3348,1:35:52.560000,"(datetime.datetime(2026, 9, 29, 16, 48, 38, 510000),)",2a3c600a
408627946,-778335866,3326,1:35:52.610000,"(datetime.datetime(2026, 9, 29, 16, 48, 38, 569000),)",2a3c600d
408629256,-778333710,3348,1:35:52.700000,"(datetime.datetime(2026, 9, 29, 16, 48, 38, 652000),)",2a3c600a
408627977,-778335800,3326,1:35:52.710000,"(datetime.datetime(2026, 9, 29, 16, 48, 38, 668000),)",2a3c600d
408629305,-778333618,3349,1:35:52.750000,"(datetime.datetime(2026, 9, 29, 16, 48, 38, 708000),)",2a3c600a
408628014,-778335740,3326,1:35:52.810000,"(datetime.datetime(2026, 9, 29, 16, 48, 38, 769000),)",2a3c600d
408629356,-778333536,3349,1:35:52.850000,"(datetime.datetime(2026, 9, 29, 16, 48, 38, 807000),)",2a3c600a
408628053,-778335676,3326,1:35:52.910000,"(datetime.datetime(2026, 9, 29, 16, 48, 38, 868000),)",2a3c600d
408629406,-778333450,3349,1:35:52.950000,"(datetime.datetime(2026, 9, 29, 16, 48, 38, 908000),)",2a3c600a
408628090,-778335612,3325,1:35:53.010000,"(datetime.datetime(2026, 9, 29, 16, 48, 38, 969000),)",2a3c600d
408629458,-778333360,3349,1:35:53.050000,"(datetime.datetime(2026, 9, 29, 16, 48, 39, 7000),)",2a3c600a
408628124,-778335543,3325,1:35:53.120000,"(datetime.datetime(2026, 9, 29, 16, 48, 39, 77000),)",2a3c600d
408629511,-778333271,3349,1:35:53.150000,"(datetime.datetime(2026, 9, 29, 16, 48, 39, 107000),)",2a3c600a
408628179,-778335492,3325,1:35:53.220000,"(datetime.datetime(2026, 9, 29, 16, 48, 39, 171000),)",2a3c600d
408629568,-778333185,3352,1:35:53.260000,"(datetime.datetime(2026, 9, 29, 16, 48, 39, 214000),)",2a3c600a
408628222,-778335415,3325,1:35:53.310000,"(datetime.datetime(2026, 9, 29, 16, 48, 39, 268000),)",2a3c600d
408629622,-778333094,3352,1:35:53.350000,"(datetime.datetime(2026, 9, 29, 16, 48, 39, 307000),)",2a3c600a
408628262,-778335352,3325,1:35:53.410000,"(datetime.datetime(2026, 9, 29, 16, 48, 39, 369000),)",2a3c600d
408629679,-778333003,3352,1:35:53.450000,"(datetime.datetime(2026, 9, 29, 16, 48, 39, 409000),)",2a3c600a
408628301,-778335276,3325,1:35:53.510000,"(datetime.datetime(2026, 9, 29, 16, 48, 39, 469000),)",2a3c600d
408629732,-778332908,3352,1:35:53.550000,"(datetime.datetime(2026, 9, 29, 16, 48, 39, 507000),)",2a3c600a
408628345,-778335209,3325,1:35:53.610000,"(datetime.datetime(2026, 9, 29, 16, 48, 39, 568000),)",2a3c600d
408629784,-778332812,3353,1:35:53.710000,"(datetime.datetime(2026, 9, 29, 16, 48, 39, 662000),)",2a3c600a
408628387,-778335133,3325,1:35:53.710000,"(datetime.datetime(2026, 9, 29, 16, 48, 39, 670000),)",2a3c600d
408629839,-778332722,3352,1:35:53.750000,"(datetime.datetime(2026, 9, 29, 16, 48, 39, 708000),)",2a3c600a
408628430,-778335057,3325,1:35:53.810000,"(datetime.datetime(2026, 9, 29, 16, 48, 39, 769000),)",2a3c600d
408629900,-778332629,3353,1:35:53.860000,"(datetime.datetime(2026, 9, 29, 16, 48, 39, 811000),)",2a3c600a
408628473,-778334983,3325,1:35:53.920000,"(datetime.datetime(2026, 9, 29, 16, 48, 39, 871000),)",2a3c600d
408629951,-778332536,3353,1:35:53.970000,"(datetime.datetime(2026, 9, 29, 16, 48, 39, 922000),)",2a3c600a
408628518,-778334905,3325,1:35:54.010000,"(datetime.datetime(2026, 9, 29, 16, 48, 39, 969000),)",2a3c600d
408630002,-778332439,3353,1:35:54.060000,"(datetime.datetime(2026, 9, 29, 16, 48, 40, 13000),)",2a3c600a
408628565,-778334829,3325,1:35:54.120000,"(datetime.datetime(2026, 9, 29, 16, 48, 40, 75000),)",2a3c600d
408630059,-778332346,3353,1:35:54.160000,"(datetime.datetime(2026, 9, 29, 16, 48, 40, 119000),)",2a3c600a
408628612,-778334764,3325,1:35:54.210000,"(datetime.datetime(2026, 9, 29, 16, 48, 40, 169000),)",2a3c600d
408630115,-778332245,3352,1:35:54.260000,"(datetime.datetime(2026, 9, 29, 16, 48, 40, 211000),)",2a3c600a
408628661,-778334677,3324,1:35:54.310000,"(datetime.datetime(2026, 9, 29, 16, 48, 40, 269000),)",2a3c600d
408630171,-778332145,3352,1:35:54.370000,"(datetime.datetime(2026, 9, 29, 16, 48, 40, 321000),)",2a3c600a
408628705,-778334593,3324,1:35:54.410000,"(datetime.datetime(2026, 9, 29, 16, 48, 40, 369000),)",2a3c600d
408628754,-778334515,3325,1:35:54.510000,"(datetime.datetime(2026, 9, 29, 16, 48, 40, 469000),)",2a3c600d
408630227,-778332049,3352,1:35:54.550000,"(datetime.datetime(2026, 9, 29, 16, 48, 40, 507000),)",2a3c600a
408628799,-778334428,3324,1:35:54.610000,"(datetime.datetime(2026, 9, 29, 16, 48, 40, 569000),)",2a3c600d
408630347,-778331855,3353,1:35:54.650000,"(datetime.datetime(2026, 9, 29, 16, 48, 40, 607000),)",2a3c600a
408630347,-778331855,3353,1:35:54.660000,"(datetime.datetime(2026, 9, 29, 16, 48, 40, 616000),)",2a3c600a
408628846,-778334347,3324,1:35:54.710000,"(datetime.datetime(2026, 9, 29, 16, 48, 40, 670000),)",2a3c600d
408630403,-778331755,3353,1:35:54.760000,"(datetime.datetime(2026, 9, 29, 16, 48, 40, 718000),)",2a3c600a
408628895,-778334260,3324,1:35:54.810000,"(datetime.datetime(2026, 9, 29, 16, 48, 40, 770000),)",2a3c600d
408630458,-778331655,3352,1:35:54.860000,"(datetime.datetime(2026, 9, 29, 16, 48, 40, 813000),)",2a3c600a
408628943,-778334172,3324,1:35:54.910000,"(datetime.datetime(2026, 9, 29, 16, 48, 40, 863000),)",2a3c600d
408630519,-778331561,3352,1:35:54.970000,"(datetime.datetime(2026, 9, 29, 16, 48, 40, 921000),)",2a3c600a
408628994,-778334086,3325,1:35:55.010000,"(datetime.datetime(2026, 9, 29, 16, 48, 40, 964000),)",2a3c600d
408630576,-778331462,3352,1:35:55.070000,"(datetime.datetime(2026, 9, 29, 16, 48, 41, 21000),)",2a3c600a
408629049,-778334001,3325,1:35:55.110000,"(datetime.datetime(2026, 9, 29, 16, 48, 41, 64000),)",2a3c600d
408630636,-778331361,3353,1:35:55.170000,"(datetime.datetime(2026, 9, 29, 16, 48, 41, 125000),)",2a3c600a
408629086,-778333906,3322,1:35:55.210000,"(datetime.datetime(2026, 9, 29, 16, 48, 41, 164000),)",2a3c600d
408630700,-778331254,3353,1:35:55.270000,"(datetime.datetime(2026, 9, 29, 16, 48, 41, 221000),)",2a3c600a
408629137,-778333808,3322,1:35:55.310000,"(datetime.datetime(2026, 9, 29, 16, 48, 41, 264000),)",2a3c600d
408630757,-778331152,3352,1:35:55.370000,"(datetime.datetime(2026, 9, 29, 16, 48, 41, 321000),)",2a3c600a
408629190,-778333718,3322,1:35:55.420000,"(datetime.datetime(2026, 9, 29, 16, 48, 41, 375000),)",2a3c600d
408630818,-778331049,3352,1:35:55.470000,"(datetime.datetime(2026, 9, 29, 16, 48, 41, 422000),)",2a3c600a
408629242,-778333628,3322,1:35:55.510000,"(datetime.datetime(2026, 9, 29, 16, 48, 41, 464000),)",2a3c600d
408630877,-778330947,3352,1:35:55.560000,"(datetime.datetime(2026, 9, 29, 16, 48, 41, 520000),)",2a3c600a
408629292,-778333534,3322,1:35:55.610000,"(datetime.datetime(2026, 9, 29, 16, 48, 41, 563000),)",2a3c600d
408630939,-778330844,3352,1:35:55.670000,"(datetime.datetime(2026, 9, 29, 16, 48, 41, 620000),)",2a3c600a
408629350,-778333440,3322,1:35:55.710000,"(datetime.datetime(2026, 9, 29, 16, 48, 41, 664000),)",2a3c600d
408630990,-778330743,3352,1:35:55.770000,"(datetime.datetime(2026, 9, 29, 16, 48, 41, 720000),)",2a3c600a
408629401,-778333347,3322,1:35:55.810000,"(datetime.datetime(2026, 9, 29, 16, 48, 41, 763000),)",2a3c600d
408631051,-778330641,3352,1:35:55.870000,"(datetime.datetime(2026, 9, 29, 16, 48, 41, 821000),)",2a3c600a
408629459,-778333250,3322,1:35:55.910000,"(datetime.datetime(2026, 9, 29, 16, 48, 41, 864000),)",2a3c600d
408631112,-778330538,3352,1:35:55.980000,"(datetime.datetime(2026, 9, 29, 16, 48, 41, 931000),)",2a3c600a
408629511,-778333153,3322,1:35:56.010000,"(datetime.datetime(2026, 9, 29, 16, 48, 41, 964000),)",2a3c600d
408631171,-778330436,3352,1:35:56.070000,"(datetime.datetime(2026, 9, 29, 16, 48, 42, 21000),)",2a3c600a
408629569,-778333059,3322,1:35:56.110000,"(datetime.datetime(2026, 9, 29, 16, 48, 42, 64000),)",2a3c600d
408631234,-778330337,3352,1:35:56.170000,"(datetime.datetime(2026, 9, 29, 16, 48, 42, 120000),)",2a3c600a
408629624,-778332977,3322,1:35:56.220000,"(datetime.datetime(2026, 9, 29, 16, 48, 42, 174000),)",2a3c600d
408631303,-778330243,3353,1:35:56.270000,"(datetime.datetime(2026, 9, 29, 16, 48, 42, 221000),)",2a3c600a
408629677,-778332873,3322,1:35:56.310000,"(datetime.datetime(2026, 9, 29, 16, 48, 42, 265000),)",2a3c600d
408631359,-778330142,3353,1:35:56.360000,"(datetime.datetime(2026, 9, 29, 16, 48, 42, 320000),)",2a3c600a
408629736,-778332776,3322,1:35:56.410000,"(datetime.datetime(2026, 9, 29, 16, 48, 42, 363000),)",2a3c600d
408631420,-778330044,3353,1:35:56.470000,"(datetime.datetime(2026, 9, 29, 16, 48, 42, 422000),)",2a3c600a
408629794,-778332679,3322,1:35:56.510000,"(datetime.datetime(2026, 9, 29, 16, 48, 42, 467000),)",2a3c600d
408631477,-778329941,3353,1:35:56.570000,"(datetime.datetime(2026, 9, 29, 16, 48, 42, 521000),)",2a3c600a
408629855,-778332582,3322,1:35:56.610000,"(datetime.datetime(2026, 9, 29, 16, 48, 42, 563000),)",2a3c600d
408631539,-778329843,3353,1:35:56.660000,"(datetime.datetime(2026, 9, 29, 16, 48, 42, 620000),)",2a3c600a
408629917,-778332488,3322,1:35:56.710000,"(datetime.datetime(2026, 9, 29, 16, 48, 42, 663000),)",2a3c600d
408631599,-778329742,3353,1:35:56.770000,"(datetime.datetime(2026, 9, 29, 16, 48, 42, 721000),)",2a3c600a
408629971,-778332384,3322,1:35:56.810000,"(datetime.datetime(2026, 9, 29, 16, 48, 42, 764000),)",2a3c600d
408631658,-778329641,3353,1:35:56.860000,"(datetime.datetime(2026, 9, 29, 16, 48, 42, 820000),)",2a3c600a
408630028,-778332280,3322,1:35:56.910000,"(datetime.datetime(2026, 9, 29, 16, 48, 42, 863000),)",2a3c600d
408631720,-778329542,3353,1:35:56.970000,"(datetime.datetime(2026, 9, 29, 16, 48, 42, 923000),)",2a3c600a
408630085,-778332179,3322,1:35:57.010000,"(datetime.datetime(2026, 9, 29, 16, 48, 42, 964000),)",2a3c600d
408631779,-778329441,3354,1:35:57.070000,"(datetime.datetime(2026, 9, 29, 16, 48, 43, 23000),)",2a3c600a
408630150,-778332084,3322,1:35:57.110000,"(datetime.datetime(2026, 9, 29, 16, 48, 43, 64000),)",2a3c600d
408631836,-778329344,3354,1:35:57.170000,"(datetime.datetime(2026, 9, 29, 16, 48, 43, 121000),)",2a3c600a
408630196,-778331977,3322,1:35:57.210000,"(datetime.datetime(2026, 9, 29, 16, 48, 43, 165000),)",2a3c600d
408631905,-778329237,3355,1:35:57.270000,"(datetime.datetime(2026, 9, 29, 16, 48, 43, 221000),)",2a3c600a
408630257,-778331871,3322,1:35:57.310000,"(datetime.datetime(2026, 9, 29, 16, 48, 43, 265000),)",2a3c600d
408631966,-778329139,3355,1:35:57.370000,"(datetime.datetime(2026, 9, 29, 16, 48, 43, 326000),)",2a3c600a
408630320,-778331775,3322,1:35:57.410000,"(datetime.datetime(2026, 9, 29, 16, 48, 43, 363000),)",2a3c600d
408632024,-778329042,3354,1:35:57.470000,"(datetime.datetime(2026, 9, 29, 16, 48, 43, 420000),)",2a3c600a
408630379,-778331670,3322,1:35:57.520000,"(datetime.datetime(2026, 9, 29, 16, 48, 43, 472000),)",2a3c600d
408632079,-778328943,3355,1:35:57.570000,"(datetime.datetime(2026, 9, 29, 16, 48, 43, 521000),)",2a3c600a
408630441,-778331571,3322,1:35:57.610000,"(datetime.datetime(2026, 9, 29, 16, 48, 43, 564000),)",2a3c600d
408632137,-778328846,3355,1:35:57.670000,"(datetime.datetime(2026, 9, 29, 16, 48, 43, 621000),)",2a3c600a
408630499,-778331464,3322,1:35:57.710000,"(datetime.datetime(2026, 9, 29, 16, 48, 43, 664000),)",2a3c600d
408632193,-778328748,3354,1:35:57.770000,"(datetime.datetime(2026, 9, 29, 16, 48, 43, 722000),)",2a3c600a
408630558,-778331362,3322,1:35:57.810000,"(datetime.datetime(2026, 9, 29, 16, 48, 43, 764000),)",2a3c600d
408632248,-778328647,3354,1:35:57.880000,"(datetime.datetime(2026, 9, 29, 16, 48, 43, 835000),)",2a3c600a
408630617,-778331261,3323,1:35:58.210000,"(datetime.datetime(2026, 9, 29, 16, 48, 44, 165000),)",2a3c600d
408632311,-778328554,3355,1:35:58.290000,"(datetime.datetime(2026, 9, 29, 16, 48, 44, 249000),)",2a3c600a
408630678,-778331157,3323,1:35:58.360000,"(datetime.datetime(2026, 9, 29, 16, 48, 44, 319000),)",2a3c600d
408632365,-778328452,3354,1:35:58.450000,"(datetime.datetime(2026, 9, 29, 16, 48, 44, 406000),)",2a3c600a
408630741,-778331059,3323,1:35:58.550000,"(datetime.datetime(2026, 9, 29, 16, 48, 44, 502000),)",2a3c600d
408632420,-778328358,3355,1:35:58.620000,"(datetime.datetime(2026, 9, 29, 16, 48, 44, 579000),)",2a3c600a
408630790,-778330954,3323,1:35:59.030000,"(datetime.datetime(2026, 9, 29, 16, 48, 44, 984000),)",2a3c600d
408632489,-778328261,3356,1:35:59.120000,"(datetime.datetime(2026, 9, 29, 16, 48, 45, 74000),)",2a3c600a
408630854,-778330859,3323,1:35:59.130000,"(datetime.datetime(2026, 9, 29, 16, 48, 45, 80000),)",2a3c600d
408632547,-778328165,3356,1:35:59.140000,"(datetime.datetime(2026, 9, 29, 16, 48, 45, 91000),)",2a3c600a
408630912,-778330758,3323,1:35:59.240000,"(datetime.datetime(2026, 9, 29, 16, 48, 45, 193000),)",2a3c600d
408632602,-778328069,3356,1:35:59.350000,"(datetime.datetime(2026, 9, 29, 16, 48, 45, 304000),)",2a3c600a
408630973,-778330659,3323,1:35:59.440000,"(datetime.datetime(2026, 9, 29, 16, 48, 45, 399000),)",2a3c600d
408632659,-778327978,3356,1:35:59.550000,"(datetime.datetime(2026, 9, 29, 16, 48, 45, 509000),)",2a3c600a
408631028,-778330553,3323,1:35:59.650000,"(datetime.datetime(2026, 9, 29, 16, 48, 45, 604000),)",2a3c600d
408632715,-778327882,3356,1:35:59.850000,"(datetime.datetime(2026, 9, 29, 16, 48, 45, 801000),)",2a3c600a
408631087,-778330455,3323,1:35:59.900000,"(datetime.datetime(2026, 9, 29, 16, 48, 45, 851000),)",2a3c600d
408632770,-778327786,3356,1:35:59.960000,"(datetime.datetime(2026, 9, 29, 16, 48, 45, 919000),)",2a3c600a
408631146,-778330351,3324,1:36:00.060000,"(datetime.datetime(2026, 9, 29, 16, 48, 46, 14000),)",2a3c600d
408632825,-778327693,3357,1:36:00.170000,"(datetime.datetime(2026, 9, 29, 16, 48, 46, 123000),)",2a3c600a
408631202,-778330250,3323,1:36:00.260000,"(datetime.datetime(2026, 9, 29, 16, 48, 46, 219000),)",2a3c600d
408632881,-778327600,3357,1:36:00.310000,"(datetime.datetime(2026, 9, 29, 16, 48, 46, 267000),)",2a3c600a
408631261,-778330152,3323,1:36:00.370000,"(datetime.datetime(2026, 9, 29, 16, 48, 46, 328000),)",2a3c600d
408632932,-778327508,3356,1:36:00.470000,"(datetime.datetime(2026, 9, 29, 16, 48, 46, 422000),)",2a3c600a
408631323,-778330049,3323,1:36:00.520000,"(datetime.datetime(2026, 9, 29, 16, 48, 46, 472000),)",2a3c600d
408632989,-778327414,3356,1:36:00.580000,"(datetime.datetime(2026, 9, 29, 16, 48, 46, 533000),)",2a3c600a
408631379,-778329953,3324,1:36:00.640000,"(datetime.datetime(2026, 9, 29, 16, 48, 46, 593000),)",2a3c600d
408633049,-778327331,3357,1:36:00.640000,"(datetime.datetime(2026, 9, 29, 16, 48, 46, 600000),)",2a3c600a
408631436,-778329853,3324,1:36:00.650000,"(datetime.datetime(2026, 9, 29, 16, 48, 46, 610000),)",2a3c600d
408633106,-778327239,3358,1:36:00.670000,"(datetime.datetime(2026, 9, 29, 16, 48, 46, 621000),)",2a3c600a
408631495,-778329753,3324,1:36:00.670000,"(datetime.datetime(2026, 9, 29, 16, 48, 46, 629000),)",2a3c600d
408633159,-778327145,3358,1:36:00.680000,"(datetime.datetime(2026, 9, 29, 16, 48, 46, 637000),)",2a3c600a
408631556,-778329657,3324,1:36:00.690000,"(datetime.datetime(2026, 9, 29, 16, 48, 46, 644000),)",2a3c600d
408633213,-778327051,3357,1:36:00.700000,"(datetime.datetime(2026, 9, 29, 16, 48, 46, 651000),)",2a3c600a
408631609,-778329557,3324,1:36:00.720000,"(datetime.datetime(2026, 9, 29, 16, 48, 46, 675000),)",2a3c600d
408633267,-778326961,3357,1:36:00.730000,"(datetime.datetime(2026, 9, 29, 16, 48, 46, 681000),)",2a3c600a
408631668,-778329454,3324,1:36:00.730000,"(datetime.datetime(2026, 9, 29, 16, 48, 46, 687000),)",2a3c600d
408633323,-778326869,3358,1:36:00.740000,"(datetime.datetime(2026, 9, 29, 16, 48, 46, 691000),)",2a3c600a
408631725,-778329360,3324,1:36:00.740000,"(datetime.datetime(2026, 9, 29, 16, 48, 46, 695000),)",2a3c600d
408633380,-778326778,3358,1:36:00.740000,"(datetime.datetime(2026, 9, 29, 16, 48, 46, 700000),)",2a3c600a
408631785,-778329256,3324,1:36:00.770000,"(datetime.datetime(2026, 9, 29, 16, 48, 46, 725000),)",2a3c600d
408633432,-778326684,3358,1:36:00.780000,"(datetime.datetime(2026, 9, 29, 16, 48, 46, 732000),)",2a3c600a
408631844,-778329160,3324,1:36:00.780000,"(datetime.datetime(2026, 9, 29, 16, 48, 46, 739000),)",2a3c600d
408633486,-778326592,3358,1:36:00.790000,"(datetime.datetime(2026, 9, 29, 16, 48, 46, 746000),)",2a3c600a
408631902,-778329061,3324,1:36:00.800000,"(datetime.datetime(2026, 9, 29, 16, 48, 46, 753000),)",2a3c600d
408633543,-778326499,3358,1:36:00.810000,"(datetime.datetime(2026, 9, 29, 16, 48, 46, 768000),)",2a3c600a
408631956,-778328975,3323,1:36:00.820000,"(datetime.datetime(2026, 9, 29, 16, 48, 46, 774000),)",2a3c600d
408633600,-778326399,3358,1:36:00.820000,"(datetime.datetime(2026, 9, 29, 16, 48, 46, 779000),)",2a3c600a
408632018,-778328882,3323,1:36:00.830000,"(datetime.datetime(2026, 9, 29, 16, 48, 46, 784000),)",2a3c600d
408633659,-778326306,3358,1:36:00.830000,"(datetime.datetime(2026, 9, 29, 16, 48, 46, 788000),)",2a3c600a
408632077,-778328784,3323,1:36:00.840000,"(datetime.datetime(2026, 9, 29, 16, 48, 46, 792000),)",2a3c600d
408633707,-778326212,3358,1:36:00.840000,"(datetime.datetime(2026, 9, 29, 16, 48, 46, 795000),)",2a3c600a
408632132,-778328686,3323,1:36:00.850000,"(datetime.datetime(2026, 9, 29, 16, 48, 46, 809000),)",2a3c600d
408633762,-778326120,3357,1:36:00.860000,"(datetime.datetime(2026, 9, 29, 16, 48, 46, 815000),)",2a3c600a
408632192,-778328589,3323,1:36:00.860000,"(datetime.datetime(2026, 9, 29, 16, 48, 46, 819000),)",2a3c600d
408633819,-778326026,3358,1:36:00.870000,"(datetime.datetime(2026, 9, 29, 16, 48, 46, 822000),)",2a3c600a
408632252,-778328494,3323,1:36:00.870000,"(datetime.datetime(2026, 9, 29, 16, 48, 46, 826000),)",2a3c600d
408633869,-778325934,3358,1:36:00.870000,"(datetime.datetime(2026, 9, 29, 16, 48, 46, 829000),)",2a3c600a
408632308,-778328395,3323,1:36:00.880000,"(datetime.datetime(2026, 9, 29, 16, 48, 46, 833000),)",2a3c600d
408633926,-778325839,3358,1:36:00.880000,"(datetime.datetime(2026, 9, 29, 16, 48, 46, 836000),)",2a3c600a
408632366,-778328301,3323,1:36:00.910000,"(datetime.datetime(2026, 9, 29, 16, 48, 46, 861000),)",2a3c600d
408633982,-778325747,3359,1:36:00.970000,"(datetime.datetime(2026, 9, 29, 16, 48, 46, 921000),)",2a3c600a
408632424,-778328206,3323,1:36:00.990000,"(datetime.datetime(2026, 9, 29, 16, 48, 46, 949000),)",2a3c600d
408634033,-778325652,3358,1:36:01.070000,"(datetime.datetime(2026, 9, 29, 16, 48, 47, 21000),)",2a3c600a
408632481,-778328110,3323,1:36:01.090000,"(datetime.datetime(2026, 9, 29, 16, 48, 47, 48000),)",2a3c600d
408634090,-778325563,3359,1:36:01.170000,"(datetime.datetime(2026, 9, 29, 16, 48, 47, 121000),)",2a3c600a
408632550,-778328029,3323,1:36:01.190000,"(datetime.datetime(2026, 9, 29, 16, 48, 47, 148000),)",2a3c600d
408634154,-778325461,3360,1:36:01.280000,"(datetime.datetime(2026, 9, 29, 16, 48, 47, 231000),)",2a3c600a
408632602,-778327930,3323,1:36:01.290000,"(datetime.datetime(2026, 9, 29, 16, 48, 47, 248000),)",2a3c600d
408634206,-778325370,3359,1:36:01.370000,"(datetime.datetime(2026, 9, 29, 16, 48, 47, 321000),)",2a3c600a
408632660,-778327834,3323,1:36:01.390000,"(datetime.datetime(2026, 9, 29, 16, 48, 47, 348000),)",2a3c600d
408634261,-778325274,3359,1:36:01.470000,"(datetime.datetime(2026, 9, 29, 16, 48, 47, 421000),)",2a3c600a
408632710,-778327735,3323,1:36:01.500000,"(datetime.datetime(2026, 9, 29, 16, 48, 47, 452000),)",2a3c600d
408634317,-778325184,3360,1:36:01.570000,"(datetime.datetime(2026, 9, 29, 16, 48, 47, 521000),)",2a3c600a
408632765,-778327642,3323,1:36:01.590000,"(datetime.datetime(2026, 9, 29, 16, 48, 47, 548000),)",2a3c600d
408634369,-778325084,3359,1:36:01.670000,"(datetime.datetime(2026, 9, 29, 16, 48, 47, 621000),)",2a3c600a
408632817,-778327542,3323,1:36:01.690000,"(datetime.datetime(2026, 9, 29, 16, 48, 47, 648000),)",2a3c600d
408634426,-778324988,3359,1:36:01.770000,"(datetime.datetime(2026, 9, 29, 16, 48, 47, 720000),)",2a3c600a
408632872,-778327446,3323,1:36:01.800000,"(datetime.datetime(2026, 9, 29, 16, 48, 47, 753000),)",2a3c600d
408634485,-778324890,3359,1:36:01.870000,"(datetime.datetime(2026, 9, 29, 16, 48, 47, 822000),)",2a3c600a
408632928,-778327352,3323,1:36:01.890000,"(datetime.datetime(2026, 9, 29, 16, 48, 47, 849000),)",2a3c600d
408634541,-778324794,3359,1:36:01.970000,"(datetime.datetime(2026, 9, 29, 16, 48, 47, 921000),)",2a3c600a
408632985,-778327258,3323,1:36:01.990000,"(datetime.datetime(2026, 9, 29, 16, 48, 47, 949000),)",2a3c600d
408634600,-778324696,3359,1:36:02.070000,"(datetime.datetime(2026, 9, 29, 16, 48, 48, 21000),)",2a3c600a
408633041,-778327164,3323,1:36:02.090000,"(datetime.datetime(2026, 9, 29, 16, 48, 48, 49000),)",2a3c600d
408634658,-778324593,3359,1:36:02.130000,"(datetime.datetime(2026, 9, 29, 16, 48, 48, 81000),)",2a3c600a
408633109,-778327063,3323,1:36:02.190000,"(datetime.datetime(2026, 9, 29, 16, 48, 48, 148000),)",2a3c600d
408634711,-778324491,3359,1:36:02.220000,"(datetime.datetime(2026, 9, 29, 16, 48, 48, 180000),)",2a3c600a
408633161,-778326967,3323,1:36:02.290000,"(datetime.datetime(2026, 9, 29, 16, 48, 48, 249000),)",2a3c600d
408634772,-778324390,3360,1:36:02.320000,"(datetime.datetime(2026, 9, 29, 16, 48, 48, 279000),)",2a3c600a
408633220,-778326872,3323,1:36:02.400000,"(datetime.datetime(2026, 9, 29, 16, 48, 48, 351000),)",2a3c600d
408634833,-778324285,3360,1:36:02.420000,"(datetime.datetime(2026, 9, 29, 16, 48, 48, 379000),)",2a3c600a
408633276,-778326778,3323,1:36:02.500000,"(datetime.datetime(2026, 9, 29, 16, 48, 48, 450000),)",2a3c600d
408634894,-778324183,3360,1:36:02.530000,"(datetime.datetime(2026, 9, 29, 16, 48, 48, 482000),)",2a3c600a
408633328,-778326678,3323,1:36:02.590000,"(datetime.datetime(2026, 9, 29, 16, 48, 48, 549000),)",2a3c600d
408634953,-778324076,3360,1:36:02.620000,"(datetime.datetime(2026, 9, 29, 16, 48, 48, 579000),)",2a3c600a
408633388,-778326587,3323,1:36:02.690000,"(datetime.datetime(2026, 9, 29, 16, 48, 48, 649000),)",2a3c600d
408635014,-778323971,3360,1:36:02.720000,"(datetime.datetime(2026, 9, 29, 16, 48, 48, 679000),)",2a3c600a
408633442,-778326487,3323,1:36:02.790000,"(datetime.datetime(2026, 9, 29, 16, 48, 48, 749000),)",2a3c600d
408635077,-778323865,3360,1:36:02.820000,"(datetime.datetime(2026, 9, 29, 16, 48, 48, 779000),)",2a3c600a
408633495,-778326390,3323,1:36:02.890000,"(datetime.datetime(2026, 9, 29, 16, 48, 48, 849000),)",2a3c600d
408635137,-778323757,3360,1:36:02.920000,"(datetime.datetime(2026, 9, 29, 16, 48, 48, 879000),)",2a3c600a
408633548,-778326290,3323,1:36:02.990000,"(datetime.datetime(2026, 9, 29, 16, 48, 48, 949000),)",2a3c600d
408635201,-778323649,3360,1:36:03.020000,"(datetime.datetime(2026, 9, 29, 16, 48, 48, 979000),)",2a3c600a
408633601,-778326191,3323,1:36:03.090000,"(datetime.datetime(2026, 9, 29, 16, 48, 49, 49000),)",2a3c600d
408635262,-778323542,3360,1:36:03.120000,"(datetime.datetime(2026, 9, 29, 16, 48, 49, 79000),)",2a3c600a
408633654,-778326088,3321,1:36:03.190000,"(datetime.datetime(2026, 9, 29, 16, 48, 49, 148000),)",2a3c600d
408635316,-778323430,3359,1:36:03.220000,"(datetime.datetime(2026, 9, 29, 16, 48, 49, 179000),)",2a3c600a
408633712,-778325990,3321,1:36:03.290000,"(datetime.datetime(2026, 9, 29, 16, 48, 49, 249000),)",2a3c600d
408635380,-778323316,3359,1:36:03.330000,"(datetime.datetime(2026, 9, 29, 16, 48, 49, 283000),)",2a3c600a
408633771,-778325897,3321,1:36:03.390000,"(datetime.datetime(2026, 9, 29, 16, 48, 49, 349000),)",2a3c600d
408635442,-778323205,3359,1:36:03.420000,"(datetime.datetime(2026, 9, 29, 16, 48, 49, 380000),)",2a3c600a
408633833,-778325799,3321,1:36:03.490000,"(datetime.datetime(2026, 9, 29, 16, 48, 49, 448000),)",2a3c600d
408635504,-778323090,3359,1:36:03.520000,"(datetime.datetime(2026, 9, 29, 16, 48, 49, 478000),)",2a3c600a
408633888,-778325700,3322,1:36:03.610000,"(datetime.datetime(2026, 9, 29, 16, 48, 49, 562000),)",2a3c600d
408635572,-778322975,3360,1:36:03.620000,"(datetime.datetime(2026, 9, 29, 16, 48, 49, 579000),)",2a3c600a
408633946,-778325599,3321,1:36:03.690000,"(datetime.datetime(2026, 9, 29, 16, 48, 49, 648000),)",2a3c600d
408635634,-778322863,3359,1:36:03.730000,"(datetime.datetime(2026, 9, 29, 16, 48, 49, 681000),)",2a3c600a
408634009,-778325502,3322,1:36:03.790000,"(datetime.datetime(2026, 9, 29, 16, 48, 49, 749000),)",2a3c600d
408635699,-778322747,3359,1:36:03.820000,"(datetime.datetime(2026, 9, 29, 16, 48, 49, 778000),)",2a3c600a
408634068,-778325401,3322,1:36:03.890000,"(datetime.datetime(2026, 9, 29, 16, 48, 49, 849000),)",2a3c600d
408635767,-778322634,3359,1:36:03.920000,"(datetime.datetime(2026, 9, 29, 16, 48, 49, 880000),)",2a3c600a
408634126,-778325296,3322,1:36:03.990000,"(datetime.datetime(2026, 9, 29, 16, 48, 49, 948000),)",2a3c600d
408635833,-778322520,3359,1:36:04.030000,"(datetime.datetime(2026, 9, 29, 16, 48, 49, 982000),)",2a3c600a
408634183,-778325195,3322,1:36:04.090000,"(datetime.datetime(2026, 9, 29, 16, 48, 50, 49000),)",2a3c600d
408635901,-778322401,3360,1:36:04.120000,"(datetime.datetime(2026, 9, 29, 16, 48, 50, 79000),)",2a3c600a
408634243,-778325092,3322,1:36:04.190000,"(datetime.datetime(2026, 9, 29, 16, 48, 50, 149000),)",2a3c600d
408635966,-778322280,3359,1:36:04.220000,"(datetime.datetime(2026, 9, 29, 16, 48, 50, 179000),)",2a3c600a
408634302,-778324985,3322,1:36:04.290000,"(datetime.datetime(2026, 9, 29, 16, 48, 50, 249000),)",2a3c600d
408636037,-778322160,3359,1:36:04.320000,"(datetime.datetime(2026, 9, 29, 16, 48, 50, 279000),)",2a3c600a
408634365,-778324881,3322,1:36:04.390000,"(datetime.datetime(2026, 9, 29, 16, 48, 50, 349000),)",2a3c600d
408636101,-778322038,3359,1:36:04.420000,"(datetime.datetime(2026, 9, 29, 16, 48, 50, 379000),)",2a3c600a
408634426,-778324778,3322,1:36:04.490000,"(datetime.datetime(2026, 9, 29, 16, 48, 50, 450000),)",2a3c600d
408636174,-778321921,3359,1:36:04.520000,"(datetime.datetime(2026, 9, 29, 16, 48, 50, 479000),)",2a3c600a
408634485,-778324670,3322,1:36:04.590000,"(datetime.datetime(2026, 9, 29, 16, 48, 50, 549000),)",2a3c600d
408636236,-778321797,3358,1:36:04.620000,"(datetime.datetime(2026, 9, 29, 16, 48, 50, 579000),)",2a3c600a
408634546,-778324563,3322,1:36:04.690000,"(datetime.datetime(2026, 9, 29, 16, 48, 50, 649000),)",2a3c600d
408636307,-778321677,3358,1:36:04.720000,"(datetime.datetime(2026, 9, 29, 16, 48, 50, 679000),)",2a3c600a
408634610,-778324459,3322,1:36:04.800000,"(datetime.datetime(2026, 9, 29, 16, 48, 50, 759000),)",2a3c600d
408636381,-778321552,3358,1:36:04.820000,"(datetime.datetime(2026, 9, 29, 16, 48, 50, 779000),)",2a3c600a
408634669,-778324348,3322,1:36:04.900000,"(datetime.datetime(2026, 9, 29, 16, 48, 50, 851000),)",2a3c600d
408636449,-778321427,3359,1:36:04.920000,"(datetime.datetime(2026, 9, 29, 16, 48, 50, 879000),)",2a3c600a
408634731,-778324241,3322,1:36:04.990000,"(datetime.datetime(2026, 9, 29, 16, 48, 50, 949000),)",2a3c600d
408636518,-778321305,3358,1:36:05.020000,"(datetime.datetime(2026, 9, 29, 16, 48, 50, 979000),)",2a3c600a
408634795,-778324134,3323,1:36:05.090000,"(datetime.datetime(2026, 9, 29, 16, 48, 51, 49000),)",2a3c600d
408636586,-778321179,3358,1:36:05.120000,"(datetime.datetime(2026, 9, 29, 16, 48, 51, 80000),)",2a3c600a
408634864,-778324024,3321,1:36:05.190000,"(datetime.datetime(2026, 9, 29, 16, 48, 51, 150000),)",2a3c600d
408636662,-778321052,3359,1:36:05.220000,"(datetime.datetime(2026, 9, 29, 16, 48, 51, 179000),)",2a3c600a
408634927,-778323912,3321,1:36:05.290000,"(datetime.datetime(2026, 9, 29, 16, 48, 51, 248000),)",2a3c600d
408636737,-778320923,3359,1:36:05.320000,"(datetime.datetime(2026, 9, 29, 16, 48, 51, 279000),)",2a3c600a
408634990,-778323801,3321,1:36:05.390000,"(datetime.datetime(2026, 9, 29, 16, 48, 51, 349000),)",2a3c600d
408636804,-778320795,3359,1:36:05.430000,"(datetime.datetime(2026, 9, 29, 16, 48, 51, 390000),)",2a3c600a
408635054,-778323689,3322,1:36:05.490000,"(datetime.datetime(2026, 9, 29, 16, 48, 51, 448000),)",2a3c600d
408636879,-778320667,3359,1:36:05.530000,"(datetime.datetime(2026, 9, 29, 16, 48, 51, 481000),)",2a3c600a
408635118,-778323582,3322,1:36:05.590000,"(datetime.datetime(2026, 9, 29, 16, 48, 51, 549000),)",2a3c600d
408636955,-778320538,3359,1:36:05.620000,"(datetime.datetime(2026, 9, 29, 16, 48, 51, 578000),)",2a3c600a
408635187,-778323470,3322,1:36:05.690000,"(datetime.datetime(2026, 9, 29, 16, 48, 51, 649000),)",2a3c600d
408637028,-778320413,3359,1:36:05.720000,"(datetime.datetime(2026, 9, 29, 16, 48, 51, 679000),)",2a3c600a
408635245,-778323352,3321,1:36:05.800000,"(datetime.datetime(2026, 9, 29, 16, 48, 51, 756000),)",2a3c600d
408637102,-778320282,3360,1:36:05.820000,"(datetime.datetime(2026, 9, 29, 16, 48, 51, 779000),)",2a3c600a
408637177,-778320155,3360,1:36:05.890000,"(datetime.datetime(2026, 9, 29, 16, 48, 51, 841000),)",2a3c600a
408635312,-778323237,3321,1:36:05.900000,"(datetime.datetime(2026, 9, 29, 16, 48, 51, 851000),)",2a3c600d
408637254,-778320020,3360,1:36:05.990000,"(datetime.datetime(2026, 9, 29, 16, 48, 51, 942000),)",2a3c600a
408635381,-778323127,3322,1:36:06,"(datetime.datetime(2026, 9, 29, 16, 48, 51, 955000),)",2a3c600d
408637327,-778319891,3359,1:36:06.090000,"(datetime.datetime(2026, 9, 29, 16, 48, 52, 47000),)",2a3c600a
408635444,-778323005,3321,1:36:06.100000,"(datetime.datetime(2026, 9, 29, 16, 48, 52, 58000),)",2a3c600d
408637401,-778319758,3359,1:36:06.190000,"(datetime.datetime(2026, 9, 29, 16, 48, 52, 142000),)",2a3c600a
408635512,-778322892,3320,1:36:06.200000,"(datetime.datetime(2026, 9, 29, 16, 48, 52, 151000),)",2a3c600d
408637479,-778319628,3358,1:36:06.290000,"(datetime.datetime(2026, 9, 29, 16, 48, 52, 241000),)",2a3c600a
408635579,-778322774,3320,1:36:06.300000,"(datetime.datetime(2026, 9, 29, 16, 48, 52, 251000),)",2a3c600d
408637561,-778319492,3359,1:36:06.390000,"(datetime.datetime(2026, 9, 29, 16, 48, 52, 347000),)",2a3c600a
408635649,-778322656,3321,1:36:06.400000,"(datetime.datetime(2026, 9, 29, 16, 48, 52, 359000),)",2a3c600d
408637638,-778319366,3360,1:36:06.490000,"(datetime.datetime(2026, 9, 29, 16, 48, 52, 441000),)",2a3c600a
408635720,-778322539,3321,1:36:06.500000,"(datetime.datetime(2026, 9, 29, 16, 48, 52, 456000),)",2a3c600d
408637712,-778319232,3360,1:36:06.590000,"(datetime.datetime(2026, 9, 29, 16, 48, 52, 540000),)",2a3c600a
408635788,-778322419,3321,1:36:06.600000,"(datetime.datetime(2026, 9, 29, 16, 48, 52, 556000),)",2a3c600d
408637788,-778319099,3359,1:36:06.690000,"(datetime.datetime(2026, 9, 29, 16, 48, 52, 641000),)",2a3c600a
408635857,-778322299,3321,1:36:06.710000,"(datetime.datetime(2026, 9, 29, 16, 48, 52, 661000),)",2a3c600d
408637868,-778318973,3360,1:36:06.790000,"(datetime.datetime(2026, 9, 29, 16, 48, 52, 741000),)",2a3c600a
408635927,-778322176,3321,1:36:06.810000,"(datetime.datetime(2026, 9, 29, 16, 48, 52, 763000),)",2a3c600d
408637937,-778318844,3359,1:36:06.890000,"(datetime.datetime(2026, 9, 29, 16, 48, 52, 841000),)",2a3c600a
408636003,-778322056,3321,1:36:06.920000,"(datetime.datetime(2026, 9, 29, 16, 48, 52, 874000),)",2a3c600d
408638020,-778318711,3360,1:36:06.990000,"(datetime.datetime(2026, 9, 29, 16, 48, 52, 941000),)",2a3c600a
408636083,-778321941,3321,1:36:07.010000,"(datetime.datetime(2026, 9, 29, 16, 48, 52, 962000),)",2a3c600d
408638094,-778318584,3359,1:36:07.090000,"(datetime.datetime(2026, 9, 29, 16, 48, 53, 41000),)",2a3c600a
408636151,-778321815,3321,1:36:07.110000,"(datetime.datetime(2026, 9, 29, 16, 48, 53, 62000),)",2a3c600d
408638176,-778318455,3359,1:36:07.190000,"(datetime.datetime(2026, 9, 29, 16, 48, 53, 141000),)",2a3c600a
408636228,-778321694,3320,1:36:07.210000,"(datetime.datetime(2026, 9, 29, 16, 48, 53, 162000),)",2a3c600d
408638255,-778318321,3359,1:36:07.290000,"(datetime.datetime(2026, 9, 29, 16, 48, 53, 247000),)",2a3c600a
408636302,-778321565,3320,1:36:07.310000,"(datetime.datetime(2026, 9, 29, 16, 48, 53, 264000),)",2a3c600d
408638331,-778318188,3359,1:36:07.390000,"(datetime.datetime(2026, 9, 29, 16, 48, 53, 340000),)",2a3c600a
408636375,-778321439,3320,1:36:07.410000,"(datetime.datetime(2026, 9, 29, 16, 48, 53, 362000),)",2a3c600d
408638409,-778318058,3360,1:36:07.490000,"(datetime.datetime(2026, 9, 29, 16, 48, 53, 442000),)",2a3c600a
408636451,-778321316,3320,1:36:07.510000,"(datetime.datetime(2026, 9, 29, 16, 48, 53, 462000),)",2a3c600d
408638486,-778317927,3359,1:36:07.590000,"(datetime.datetime(2026, 9, 29, 16, 48, 53, 541000),)",2a3c600a
408636523,-778321187,3320,1:36:07.610000,"(datetime.datetime(2026, 9, 29, 16, 48, 53, 563000),)",2a3c600d
408638562,-778317797,3359,1:36:07.690000,"(datetime.datetime(2026, 9, 29, 16, 48, 53, 641000),)",2a3c600a
408636595,-778321057,3320,1:36:07.710000,"(datetime.datetime(2026, 9, 29, 16, 48, 53, 662000),)",2a3c600d
408638637,-778317660,3359,1:36:07.790000,"(datetime.datetime(2026, 9, 29, 16, 48, 53, 743000),)",2a3c600a
408636674,-778320931,3320,1:36:07.810000,"(datetime.datetime(2026, 9, 29, 16, 48, 53, 763000),)",2a3c600d
408638718,-778317528,3359,1:36:07.890000,"(datetime.datetime(2026, 9, 29, 16, 48, 53, 840000),)",2a3c600a
408636748,-778320799,3320,1:36:07.910000,"(datetime.datetime(2026, 9, 29, 16, 48, 53, 862000),)",2a3c600d
408638718,-778317528,3359,1:36:07.990000,"(datetime.datetime(2026, 9, 29, 16, 48, 53, 941000),)",2a3c600a
408636823,-778320668,3320,1:36:08.010000,"(datetime.datetime(2026, 9, 29, 16, 48, 53, 962000),)",2a3c600d
408638794,-778317395,3359,1:36:08.090000,"(datetime.datetime(2026, 9, 29, 16, 48, 54, 41000),)",2a3c600a
408636898,-778320539,3320,1:36:08.110000,"(datetime.datetime(2026, 9, 29, 16, 48, 54, 62000),)",2a3c600d
408636986,-778320417,3319,1:36:08.180000,"(datetime.datetime(2026, 9, 29, 16, 48, 54, 132000),)",2a3c600d
408638872,-778317262,3359,1:36:08.200000,"(datetime.datetime(2026, 9, 29, 16, 48, 54, 152000),)",2a3c600a
408637064,-778320285,3319,1:36:08.280000,"(datetime.datetime(2026, 9, 29, 16, 48, 54, 233000),)",2a3c600d
408638949,-778317130,3360,1:36:08.300000,"(datetime.datetime(2026, 9, 29, 16, 48, 54, 256000),)",2a3c600a
408639020,-778316995,3360,1:36:08.380000,"(datetime.datetime(2026, 9, 29, 16, 48, 54, 340000),)",2a3c600a
408637140,-778320150,3320,1:36:08.390000,"(datetime.datetime(2026, 9, 29, 16, 48, 54, 349000),)",2a3c600d
408637216,-778320013,3320,1:36:08.480000,"(datetime.datetime(2026, 9, 29, 16, 48, 54, 433000),)",2a3c600d
408639101,-778316862,3359,1:36:08.490000,"(datetime.datetime(2026, 9, 29, 16, 48, 54, 443000),)",2a3c600a
408637296,-778319877,3319,1:36:08.590000,"(datetime.datetime(2026, 9, 29, 16, 48, 54, 542000),)",2a3c600d
408639184,-778316729,3359,1:36:08.600000,"(datetime.datetime(2026, 9, 29, 16, 48, 54, 552000),)",2a3c600a
408637375,-778319741,3319,1:36:08.680000,"(datetime.datetime(2026, 9, 29, 16, 48, 54, 633000),)",2a3c600d
408639261,-778316594,3359,1:36:08.690000,"(datetime.datetime(2026, 9, 29, 16, 48, 54, 643000),)",2a3c600a
408637460,-778319606,3320,1:36:08.780000,"(datetime.datetime(2026, 9, 29, 16, 48, 54, 733000),)",2a3c600d
408639334,-778316459,3359,1:36:08.790000,"(datetime.datetime(2026, 9, 29, 16, 48, 54, 743000),)",2a3c600a
408637538,-778319468,3320,1:36:08.880000,"(datetime.datetime(2026, 9, 29, 16, 48, 54, 833000),)",2a3c600d
408639417,-778316325,3359,1:36:08.890000,"(datetime.datetime(2026, 9, 29, 16, 48, 54, 845000),)",2a3c600a
408637617,-778319330,3320,1:36:08.980000,"(datetime.datetime(2026, 9, 29, 16, 48, 54, 933000),)",2a3c600d
408639497,-778316189,3360,1:36:08.990000,"(datetime.datetime(2026, 9, 29, 16, 48, 54, 949000),)",2a3c600a
408637697,-778319188,3320,1:36:09.080000,"(datetime.datetime(2026, 9, 29, 16, 48, 55, 34000),)",2a3c600d
408639580,-778316051,3359,1:36:09.090000,"(datetime.datetime(2026, 9, 29, 16, 48, 55, 45000),)",2a3c600a
408637780,-778319053,3319,1:36:09.180000,"(datetime.datetime(2026, 9, 29, 16, 48, 55, 133000),)",2a3c600d
408639659,-778315914,3360,1:36:09.190000,"(datetime.datetime(2026, 9, 29, 16, 48, 55, 143000),)",2a3c600a
408637862,-778318910,3319,1:36:09.280000,"(datetime.datetime(2026, 9, 29, 16, 48, 55, 234000),)",2a3c600d
408639746,-778315779,3360,1:36:09.290000,"(datetime.datetime(2026, 9, 29, 16, 48, 55, 246000),)",2a3c600a
408637945,-778318769,3319,1:36:09.380000,"(datetime.datetime(2026, 9, 29, 16, 48, 55, 333000),)",2a3c600d
408639820,-778315641,3359,1:36:09.390000,"(datetime.datetime(2026, 9, 29, 16, 48, 55, 343000),)",2a3c600a
408638024,-778318623,3319,1:36:09.480000,"(datetime.datetime(2026, 9, 29, 16, 48, 55, 434000),)",2a3c600d
408639902,-778315501,3360,1:36:09.490000,"(datetime.datetime(2026, 9, 29, 16, 48, 55, 444000),)",2a3c600a
408638107,-778318481,3319,1:36:09.580000,"(datetime.datetime(2026, 9, 29, 16, 48, 55, 534000),)",2a3c600d
408639986,-778315363,3360,1:36:09.590000,"(datetime.datetime(2026, 9, 29, 16, 48, 55, 545000),)",2a3c600a
408638188,-778318335,3319,1:36:09.680000,"(datetime.datetime(2026, 9, 29, 16, 48, 55, 633000),)",2a3c600d
408640066,-778315225,3359,1:36:09.690000,"(datetime.datetime(2026, 9, 29, 16, 48, 55, 645000),)",2a3c600a
408638271,-778318193,3319,1:36:09.780000,"(datetime.datetime(2026, 9, 29, 16, 48, 55, 734000),)",2a3c600d
408640148,-778315083,3360,1:36:09.790000,"(datetime.datetime(2026, 9, 29, 16, 48, 55, 745000),)",2a3c600a
408640225,-778314945,3360,1:36:09.890000,"(datetime.datetime(2026, 9, 29, 16, 48, 55, 840000),)",2a3c600a
408638356,-778318051,3319,1:36:09.890000,"(datetime.datetime(2026, 9, 29, 16, 48, 55, 850000),)",2a3c600d
408638436,-778317901,3319,1:36:09.980000,"(datetime.datetime(2026, 9, 29, 16, 48, 55, 933000),)",2a3c600d
408640312,-778314799,3360,1:36:09.990000,"(datetime.datetime(2026, 9, 29, 16, 48, 55, 944000),)",2a3c600a
408638521,-778317758,3319,1:36:10.080000,"(datetime.datetime(2026, 9, 29, 16, 48, 56, 35000),)",2a3c600d
408640389,-778314662,3360,1:36:10.090000,"(datetime.datetime(2026, 9, 29, 16, 48, 56, 45000),)",2a3c600a
408640475,-778314518,3360,1:36:10.180000,"(datetime.datetime(2026, 9, 29, 16, 48, 56, 140000),)",2a3c600a
408638612,-778317613,3318,1:36:10.200000,"(datetime.datetime(2026, 9, 29, 16, 48, 56, 151000),)",2a3c600d
408638694,-778317464,3318,1:36:10.290000,"(datetime.datetime(2026, 9, 29, 16, 48, 56, 241000),)",2a3c600d
408640560,-778314370,3361,1:36:10.300000,"(datetime.datetime(2026, 9, 29, 16, 48, 56, 254000),)",2a3c600a
408638777,-778317316,3318,1:36:10.380000,"(datetime.datetime(2026, 9, 29, 16, 48, 56, 333000),)",2a3c600d
408640642,-778314227,3361,1:36:10.400000,"(datetime.datetime(2026, 9, 29, 16, 48, 56, 352000),)",2a3c600a
408638856,-778317166,3318,1:36:10.480000,"(datetime.datetime(2026, 9, 29, 16, 48, 56, 432000),)",2a3c600d
408640725,-778314078,3361,1:36:10.490000,"(datetime.datetime(2026, 9, 29, 16, 48, 56, 443000),)",2a3c600a
408638947,-778317024,3318,1:36:10.580000,"(datetime.datetime(2026, 9, 29, 16, 48, 56, 534000),)",2a3c600d
408640813,-778313938,3361,1:36:10.590000,"(datetime.datetime(2026, 9, 29, 16, 48, 56, 544000),)",2a3c600a
408639031,-778316879,3318,1:36:10.690000,"(datetime.datetime(2026, 9, 29, 16, 48, 56, 642000),)",2a3c600d
408640894,-778313790,3361,1:36:10.700000,"(datetime.datetime(2026, 9, 29, 16, 48, 56, 652000),)",2a3c600a
408639122,-778316732,3318,1:36:10.780000,"(datetime.datetime(2026, 9, 29, 16, 48, 56, 739000),)",2a3c600d
408640980,-778313643,3361,1:36:10.790000,"(datetime.datetime(2026, 9, 29, 16, 48, 56, 746000),)",2a3c600a
408641065,-778313496,3362,1:36:10.890000,"(datetime.datetime(2026, 9, 29, 16, 48, 56, 841000),)",2a3c600a
408639202,-778316584,3318,1:36:10.900000,"(datetime.datetime(2026, 9, 29, 16, 48, 56, 851000),)",2a3c600d
408641149,-778313353,3361,1:36:10.990000,"(datetime.datetime(2026, 9, 29, 16, 48, 56, 941000),)",2a3c600a
408639290,-778316437,3318,1:36:11,"(datetime.datetime(2026, 9, 29, 16, 48, 56, 951000),)",2a3c600d
408641233,-778313204,3360,1:36:11.090000,"(datetime.datetime(2026, 9, 29, 16, 48, 57, 41000),)",2a3c600a
408639374,-778316292,3318,1:36:11.100000,"(datetime.datetime(2026, 9, 29, 16, 48, 57, 52000),)",2a3c600d
408641319,-778313054,3361,1:36:11.190000,"(datetime.datetime(2026, 9, 29, 16, 48, 57, 141000),)",2a3c600a
408639463,-778316144,3317,1:36:11.200000,"(datetime.datetime(2026, 9, 29, 16, 48, 57, 150000),)",2a3c600d
408641408,-778312905,3361,1:36:11.290000,"(datetime.datetime(2026, 9, 29, 16, 48, 57, 241000),)",2a3c600a
408639548,-778315994,3317,1:36:11.300000,"(datetime.datetime(2026, 9, 29, 16, 48, 57, 257000),)",2a3c600d
408641498,-778312753,3360,1:36:11.390000,"(datetime.datetime(2026, 9, 29, 16, 48, 57, 341000),)",2a3c600a
408639632,-778315847,3318,1:36:11.400000,"(datetime.datetime(2026, 9, 29, 16, 48, 57, 353000),)",2a3c600d
408641582,-778312601,3361,1:36:11.480000,"(datetime.datetime(2026, 9, 29, 16, 48, 57, 440000),)",2a3c600a
408639720,-778315698,3318,1:36:11.500000,"(datetime.datetime(2026, 9, 29, 16, 48, 57, 450000),)",2a3c600d
408641667,-778312449,3361,1:36:11.560000,"(datetime.datetime(2026, 9, 29, 16, 48, 57, 512000),)",2a3c600a
408639804,-778315552,3317,1:36:11.590000,"(datetime.datetime(2026, 9, 29, 16, 48, 57, 548000),)",2a3c600d
408641756,-778312299,3360,1:36:11.660000,"(datetime.datetime(2026, 9, 29, 16, 48, 57, 612000),)",2a3c600a
408639889,-778315405,3318,1:36:11.690000,"(datetime.datetime(2026, 9, 29, 16, 48, 57, 648000),)",2a3c600d
408641845,-778312149,3361,1:36:11.760000,"(datetime.datetime(2026, 9, 29, 16, 48, 57, 712000),)",2a3c600a
408639973,-778315256,3318,1:36:11.790000,"(datetime.datetime(2026, 9, 29, 16, 48, 57, 748000),)",2a3c600d
408641934,-778312002,3360,1:36:11.860000,"(datetime.datetime(2026, 9, 29, 16, 48, 57, 812000),)",2a3c600a
408640061,-778315114,3318,1:36:11.890000,"(datetime.datetime(2026, 9, 29, 16, 48, 57, 847000),)",2a3c600d
408642022,-778311853,3361,1:36:11.960000,"(datetime.datetime(2026, 9, 29, 16, 48, 57, 914000),)",2a3c600a
408640146,-778314964,3318,1:36:11.990000,"(datetime.datetime(2026, 9, 29, 16, 48, 57, 948000),)",2a3c600d
408642108,-778311707,3360,1:36:12.060000,"(datetime.datetime(2026, 9, 29, 16, 48, 58, 13000),)",2a3c600a
408640230,-778314819,3318,1:36:12.090000,"(datetime.datetime(2026, 9, 29, 16, 48, 58, 48000),)",2a3c600d
408642194,-778311562,3360,1:36:12.160000,"(datetime.datetime(2026, 9, 29, 16, 48, 58, 114000),)",2a3c600a
408640317,-778314676,3318,1:36:12.190000,"(datetime.datetime(2026, 9, 29, 16, 48, 58, 148000),)",2a3c600d
408642290,-778311415,3361,1:36:12.260000,"(datetime.datetime(2026, 9, 29, 16, 48, 58, 212000),)",2a3c600a
408640403,-778314529,3318,1:36:12.300000,"(datetime.datetime(2026, 9, 29, 16, 48, 58, 257000),)",2a3c600d
408642373,-778311267,3361,1:36:12.360000,"(datetime.datetime(2026, 9, 29, 16, 48, 58, 313000),)",2a3c600a
408640489,-778314381,3318,1:36:12.390000,"(datetime.datetime(2026, 9, 29, 16, 48, 58, 347000),)",2a3c600d
408642461,-778311122,3361,1:36:12.460000,"(datetime.datetime(2026, 9, 29, 16, 48, 58, 412000),)",2a3c600a
408640573,-778314233,3318,1:36:12.490000,"(datetime.datetime(2026, 9, 29, 16, 48, 58, 447000),)",2a3c600d
408642555,-778310977,3361,1:36:12.560000,"(datetime.datetime(2026, 9, 29, 16, 48, 58, 512000),)",2a3c600a
408640659,-778314083,3318,1:36:12.590000,"(datetime.datetime(2026, 9, 29, 16, 48, 58, 548000),)",2a3c600d
408642645,-778310834,3361,1:36:12.660000,"(datetime.datetime(2026, 9, 29, 16, 48, 58, 611000),)",2a3c600a
408640743,-778313936,3317,1:36:12.690000,"(datetime.datetime(2026, 9, 29, 16, 48, 58, 648000),)",2a3c600d
408642735,-778310688,3362,1:36:12.760000,"(datetime.datetime(2026, 9, 29, 16, 48, 58, 712000),)",2a3c600a
408640834,-778313790,3317,1:36:12.790000,"(datetime.datetime(2026, 9, 29, 16, 48, 58, 748000),)",2a3c600d
408642826,-778310543,3362,1:36:12.990000,"(datetime.datetime(2026, 9, 29, 16, 48, 58, 948000),)",2a3c600a
408640919,-778313643,3317,1:36:13.080000,"(datetime.datetime(2026, 9, 29, 16, 48, 59, 34000),)",2a3c600d
408642915,-778310396,3362,1:36:13.180000,"(datetime.datetime(2026, 9, 29, 16, 48, 59, 131000),)",2a3c600a
408641003,-778313491,3318,1:36:13.370000,"(datetime.datetime(2026, 9, 29, 16, 48, 59, 321000),)",2a3c600d
408643005,-778310253,3361,1:36:13.420000,"(datetime.datetime(2026, 9, 29, 16, 48, 59, 371000),)",2a3c600a
408641092,-778313346,3318,1:36:13.570000,"(datetime.datetime(2026, 9, 29, 16, 48, 59, 525000),)",2a3c600d
408643100,-778310111,3362,1:36:13.880000,"(datetime.datetime(2026, 9, 29, 16, 48, 59, 837000),)",2a3c600a
408641175,-778313198,3318,1:36:14.030000,"(datetime.datetime(2026, 9, 29, 16, 48, 59, 981000),)",2a3c600d
408643190,-778309970,3362,1:36:14.180000,"(datetime.datetime(2026, 9, 29, 16, 49, 0, 140000),)",2a3c600a
408641260,-778313045,3318,1:36:14.390000,"(datetime.datetime(2026, 9, 29, 16, 49, 0, 346000),)",2a3c600d
408643285,-778309831,3362,1:36:14.400000,"(datetime.datetime(2026, 9, 29, 16, 49, 0, 356000),)",2a3c600a
408641346,-778312899,3318,1:36:14.590000,"(datetime.datetime(2026, 9, 29, 16, 49, 0, 549000),)",2a3c600d
408643378,-778309694,3362,1:36:14.850000,"(datetime.datetime(2026, 9, 29, 16, 49, 0, 802000),)",2a3c600a
408641431,-778312746,3318,1:36:15,"(datetime.datetime(2026, 9, 29, 16, 49, 0, 959000),)",2a3c600d
408643475,-778309558,3362,1:36:15.210000,"(datetime.datetime(2026, 9, 29, 16, 49, 1, 164000),)",2a3c600a
408641514,-778312599,3318,1:36:15.410000,"(datetime.datetime(2026, 9, 29, 16, 49, 1, 368000),)",2a3c600d
408643571,-778309418,3362,1:36:15.620000,"(datetime.datetime(2026, 9, 29, 16, 49, 1, 573000),)",2a3c600a
408641598,-778312445,3318,1:36:15.880000,"(datetime.datetime(2026, 9, 29, 16, 49, 1, 833000),)",2a3c600d
408643666,-778309281,3362,1:36:16.030000,"(datetime.datetime(2026, 9, 29, 16, 49, 1, 984000),)",2a3c600a
408641683,-778312296,3319,1:36:16.260000,"(datetime.datetime(2026, 9, 29, 16, 49, 2, 210000),)",2a3c600d
408643764,-778309145,3363,1:36:16.440000,"(datetime.datetime(2026, 9, 29, 16, 49, 2, 394000),)",2a3c600a
408641683,-778312296,3319,1:36:16.640000,"(datetime.datetime(2026, 9, 29, 16, 49, 2, 597000),)",2a3c600d
408643863,-778309012,3362,1:36:17.050000,"(datetime.datetime(2026, 9, 29, 16, 49, 3, 7000),)",2a3c600a
408641767,-778312146,3318,1:36:17.150000,"(datetime.datetime(2026, 9, 29, 16, 49, 3, 102000),)",2a3c600d
408643960,-778308879,3362,1:36:17.160000,"(datetime.datetime(2026, 9, 29, 16, 49, 3, 114000),)",2a3c600a
408641937,-778311847,3318,1:36:17.260000,"(datetime.datetime(2026, 9, 29, 16, 49, 3, 218000),)",2a3c600d
408644062,-778308751,3362,1:36:17.370000,"(datetime.datetime(2026, 9, 29, 16, 49, 3, 327000),)",2a3c600a
408642019,-778311703,3318,1:36:17.460000,"(datetime.datetime(2026, 9, 29, 16, 49, 3, 420000),)",2a3c600d
408644152,-778308612,3361,1:36:17.580000,"(datetime.datetime(2026, 9, 29, 16, 49, 3, 531000),)",2a3c600a
408642104,-778311555,3318,1:36:17.670000,"(datetime.datetime(2026, 9, 29, 16, 49, 3, 625000),)",2a3c600d
408644257,-778308486,3361,1:36:17.860000,"(datetime.datetime(2026, 9, 29, 16, 49, 3, 820000),)",2a3c600a
408642184,-778311404,3318,1:36:17.920000,"(datetime.datetime(2026, 9, 29, 16, 49, 3, 871000),)",2a3c600d
408644357,-778308353,3361,1:36:17.990000,"(datetime.datetime(2026, 9, 29, 16, 49, 3, 941000),)",2a3c600a
408642272,-778311261,3318,1:36:18.080000,"(datetime.datetime(2026, 9, 29, 16, 49, 4, 36000),)",2a3c600d
408644458,-778308230,3362,1:36:18.190000,"(datetime.datetime(2026, 9, 29, 16, 49, 4, 146000),)",2a3c600a
408642352,-778311110,3318,1:36:18.280000,"(datetime.datetime(2026, 9, 29, 16, 49, 4, 239000),)",2a3c600d
408644563,-778308101,3361,1:36:18.400000,"(datetime.datetime(2026, 9, 29, 16, 49, 4, 350000),)",2a3c600a
408642440,-778310970,3318,1:36:18.490000,"(datetime.datetime(2026, 9, 29, 16, 49, 4, 445000),)",2a3c600d
408644670,-778307979,3361,1:36:18.540000,"(datetime.datetime(2026, 9, 29, 16, 49, 4, 496000),)",2a3c600a
408642440,-778310970,3318,1:36:18.600000,"(datetime.datetime(2026, 9, 29, 16, 49, 4, 555000),)",2a3c600d
408644777,-778307858,3361,1:36:18.610000,"(datetime.datetime(2026, 9, 29, 16, 49, 4, 569000),)",2a3c600a
408642524,-778310822,3318,1:36:18.630000,"(datetime.datetime(2026, 9, 29, 16, 49, 4, 587000),)",2a3c600d
408644883,-778307739,3361,1:36:18.640000,"(datetime.datetime(2026, 9, 29, 16, 49, 4, 596000),)",2a3c600a
408642610,-778310678,3318,1:36:18.650000,"(datetime.datetime(2026, 9, 29, 16, 49, 4, 603000),)",2a3c600d
408644988,-778307620,3362,1:36:18.650000,"(datetime.datetime(2026, 9, 29, 16, 49, 4, 610000),)",2a3c600a
408642696,-778310535,3319,1:36:18.660000,"(datetime.datetime(2026, 9, 29, 16, 49, 4, 615000),)",2a3c600d
408645097,-778307503,3362,1:36:18.690000,"(datetime.datetime(2026, 9, 29, 16, 49, 4, 641000),)",2a3c600a
408642779,-778310391,3319,1:36:18.690000,"(datetime.datetime(2026, 9, 29, 16, 49, 4, 646000),)",2a3c600d
408645197,-778307377,3362,1:36:18.700000,"(datetime.datetime(2026, 9, 29, 16, 49, 4, 653000),)",2a3c600a
408642872,-778310255,3319,1:36:18.710000,"(datetime.datetime(2026, 9, 29, 16, 49, 4, 661000),)",2a3c600d
408645308,-778307263,3362,1:36:18.710000,"(datetime.datetime(2026, 9, 29, 16, 49, 4, 667000),)",2a3c600a
408642961,-778310118,3319,1:36:18.740000,"(datetime.datetime(2026, 9, 29, 16, 49, 4, 692000),)",2a3c600d
408645421,-778307155,3362,1:36:18.740000,"(datetime.datetime(2026, 9, 29, 16, 49, 4, 698000),)",2a3c600a
408643050,-778309981,3319,1:36:18.750000,"(datetime.datetime(2026, 9, 29, 16, 49, 4, 703000),)",2a3c600d
408645536,-778307050,3362,1:36:18.750000,"(datetime.datetime(2026, 9, 29, 16, 49, 4, 709000),)",2a3c600a
408643140,-778309844,3319,1:36:18.760000,"(datetime.datetime(2026, 9, 29, 16, 49, 4, 715000),)",2a3c600d
408645650,-778306942,3362,1:36:18.770000,"(datetime.datetime(2026, 9, 29, 16, 49, 4, 721000),)",2a3c600a
408643228,-778309708,3319,1:36:18.800000,"(datetime.datetime(2026, 9, 29, 16, 49, 4, 753000),)",2a3c600d
408645765,-778306840,3362,1:36:18.800000,"(datetime.datetime(2026, 9, 29, 16, 49, 4, 759000),)",2a3c600a
408643317,-778309572,3319,1:36:18.810000,"(datetime.datetime(2026, 9, 29, 16, 49, 4, 764000),)",2a3c600d
408645877,-778306734,3362,1:36:18.820000,"(datetime.datetime(2026, 9, 29, 16, 49, 4, 771000),)",2a3c600a
408643404,-778309436,3319,1:36:18.820000,"(datetime.datetime(2026, 9, 29, 16, 49, 4, 777000),)",2a3c600d
408645996,-778306636,3363,1:36:18.830000,"(datetime.datetime(2026, 9, 29, 16, 49, 4, 782000),)",2a3c600a
408643501,-778309305,3319,1:36:18.850000,"(datetime.datetime(2026, 9, 29, 16, 49, 4, 803000),)",2a3c600d
408646114,-778306536,3363,1:36:18.850000,"(datetime.datetime(2026, 9, 29, 16, 49, 4, 808000),)",2a3c600a
408643595,-778309177,3319,1:36:18.860000,"(datetime.datetime(2026, 9, 29, 16, 49, 4, 813000),)",2a3c600d
408646228,-778306444,3362,1:36:18.860000,"(datetime.datetime(2026, 9, 29, 16, 49, 4, 818000),)",2a3c600a
408643688,-778309043,3319,1:36:18.870000,"(datetime.datetime(2026, 9, 29, 16, 49, 4, 824000),)",2a3c600d
408646346,-778306344,3362,1:36:18.870000,"(datetime.datetime(2026, 9, 29, 16, 49, 4, 829000),)",2a3c600a
408643784,-778308909,3319,1:36:18.900000,"(datetime.datetime(2026, 9, 29, 16, 49, 4, 860000),)",2a3c600d
408646467,-778306257,3362,1:36:18.910000,"(datetime.datetime(2026, 9, 29, 16, 49, 4, 865000),)",2a3c600a
408643886,-778308788,3319,1:36:18.920000,"(datetime.datetime(2026, 9, 29, 16, 49, 4, 871000),)",2a3c600d
408646591,-778306174,3362,1:36:18.920000,"(datetime.datetime(2026, 9, 29, 16, 49, 4, 877000),)",2a3c600a
408643985,-778308660,3319,1:36:18.930000,"(datetime.datetime(2026, 9, 29, 16, 49, 4, 884000),)",2a3c600d
408646714,-778306094,3363,1:36:18.960000,"(datetime.datetime(2026, 9, 29, 16, 49, 4, 914000),)",2a3c600a
408644080,-778308533,3319,1:36:18.960000,"(datetime.datetime(2026, 9, 29, 16, 49, 4, 920000),)",2a3c600d
408646836,-778306011,3363,1:36:18.970000,"(datetime.datetime(2026, 9, 29, 16, 49, 4, 925000),)",2a3c600a
408644179,-778308405,3319,1:36:18.980000,"(datetime.datetime(2026, 9, 29, 16, 49, 4, 932000),)",2a3c600d
408646960,-778305935,3363,1:36:18.980000,"(datetime.datetime(2026, 9, 29, 16, 49, 4, 938000),)",2a3c600a
408644280,-778308282,3319,1:36:19.010000,"(datetime.datetime(2026, 9, 29, 16, 49, 4, 969000),)",2a3c600d
408647083,-778305857,3363,1:36:19.020000,"(datetime.datetime(2026, 9, 29, 16, 49, 4, 974000),)",2a3c600a
408644384,-778308162,3319,1:36:19.030000,"(datetime.datetime(2026, 9, 29, 16, 49, 4, 981000),)",2a3c600d
408647208,-778305786,3363,1:36:19.040000,"(datetime.datetime(2026, 9, 29, 16, 49, 4, 991000),)",2a3c600a
408644486,-778308040,3319,1:36:19.060000,"(datetime.datetime(2026, 9, 29, 16, 49, 5, 18000),)",2a3c600d
408647334,-778305716,3363,1:36:19.070000,"(datetime.datetime(2026, 9, 29, 16, 49, 5, 25000),)",2a3c600a
408644588,-778307918,3319,1:36:19.080000,"(datetime.datetime(2026, 9, 29, 16, 49, 5, 33000),)",2a3c600d
408647460,-778305649,3364,1:36:19.090000,"(datetime.datetime(2026, 9, 29, 16, 49, 5, 41000),)",2a3c600a
408644695,-778307801,3319,1:36:19.110000,"(datetime.datetime(2026, 9, 29, 16, 49, 5, 68000),)",2a3c600d
408647576,-778305582,3364,1:36:19.120000,"(datetime.datetime(2026, 9, 29, 16, 49, 5, 74000),)",2a3c600a
408644798,-778307670,3318,1:36:19.130000,"(datetime.datetime(2026, 9, 29, 16, 49, 5, 80000),)",2a3c600d
408647707,-778305528,3364,1:36:19.130000,"(datetime.datetime(2026, 9, 29, 16, 49, 5, 86000),)",2a3c600a
408644906,-778307557,3318,1:36:19.140000,"(datetime.datetime(2026, 9, 29, 16, 49, 5, 91000),)",2a3c600d
408647836,-778305469,3363,1:36:19.140000,"(datetime.datetime(2026, 9, 29, 16, 49, 5, 96000),)",2a3c600a
408645011,-778307438,3319,1:36:19.170000,"(datetime.datetime(2026, 9, 29, 16, 49, 5, 121000),)",2a3c600d
408647964,-778305413,3363,1:36:19.170000,"(datetime.datetime(2026, 9, 29, 16, 49, 5, 125000),)",2a3c600a
408645117,-778307325,3318,1:36:19.170000,"(datetime.datetime(2026, 9, 29, 16, 49, 5, 130000),)",2a3c600d
408648088,-778305360,3364,1:36:19.180000,"(datetime.datetime(2026, 9, 29, 16, 49, 5, 136000),)",2a3c600a
408645230,-778307216,3319,1:36:19.190000,"(datetime.datetime(2026, 9, 29, 16, 49, 5, 143000),)",2a3c600d
408648218,-778305310,3364,1:36:19.200000,"(datetime.datetime(2026, 9, 29, 16, 49, 5, 152000),)",2a3c600a
408645340,-778307105,3319,1:36:19.230000,"(datetime.datetime(2026, 9, 29, 16, 49, 5, 181000),)",2a3c600d
408648347,-778305262,3364,1:36:19.230000,"(datetime.datetime(2026, 9, 29, 16, 49, 5, 186000),)",2a3c600a
408645448,-778306995,3319,1:36:19.240000,"(datetime.datetime(2026, 9, 29, 16, 49, 5, 192000),)",2a3c600d
408648474,-778305215,3364,1:36:19.240000,"(datetime.datetime(2026, 9, 29, 16, 49, 5, 198000),)",2a3c600a
408648601,-778305177,3365,1:36:19.250000,"(datetime.datetime(2026, 9, 29, 16, 49, 5, 205000),)",2a3c600a
408645559,-778306890,3319,1:36:19.250000,"(datetime.datetime(2026, 9, 29, 16, 49, 5, 210000),)",2a3c600d
408648731,-778305135,3366,1:36:19.280000,"(datetime.datetime(2026, 9, 29, 16, 49, 5, 235000),)",2a3c600a
408645675,-778306789,3319,1:36:19.290000,"(datetime.datetime(2026, 9, 29, 16, 49, 5, 241000),)",2a3c600d
408648854,-778305089,3366,1:36:19.290000,"(datetime.datetime(2026, 9, 29, 16, 49, 5, 248000),)",2a3c600a
408645787,-778306689,3319,1:36:19.300000,"(datetime.datetime(2026, 9, 29, 16, 49, 5, 254000),)",2a3c600d
408645902,-778306584,3318,1:36:19.300000,"(datetime.datetime(2026, 9, 29, 16, 49, 5, 258000),)",2a3c600d
408648984,-778305061,3366,1:36:19.310000,"(datetime.datetime(2026, 9, 29, 16, 49, 5, 263000),)",2a3c600a
408646017,-778306491,3318,1:36:19.330000,"(datetime.datetime(2026, 9, 29, 16, 49, 5, 287000),)",2a3c600d
408649115,-778305031,3366,1:36:19.340000,"(datetime.datetime(2026, 9, 29, 16, 49, 5, 294000),)",2a3c600a
408649247,-778305001,3366,1:36:19.350000,"(datetime.datetime(2026, 9, 29, 16, 49, 5, 303000),)",2a3c600a
408646128,-778306391,3319,1:36:19.360000,"(datetime.datetime(2026, 9, 29, 16, 49, 5, 311000),)",2a3c600d
408649375,-778304978,3367,1:36:19.370000,"(datetime.datetime(2026, 9, 29, 16, 49, 5, 330000),)",2a3c600a
408646246,-778306305,3319,1:36:19.380000,"(datetime.datetime(2026, 9, 29, 16, 49, 5, 336000),)",2a3c600d
408646363,-778306215,3319,1:36:19.390000,"(datetime.datetime(2026, 9, 29, 16, 49, 5, 341000),)",2a3c600d
408649507,-778304955,3367,1:36:19.390000,"(datetime.datetime(2026, 9, 29, 16, 49, 5, 346000),)",2a3c600a
408646481,-778306130,3319,1:36:19.400000,"(datetime.datetime(2026, 9, 29, 16, 49, 5, 351000),)",2a3c600d
408649637,-778304936,3367,1:36:19.400000,"(datetime.datetime(2026, 9, 29, 16, 49, 5, 355000),)",2a3c600a
408646602,-778306042,3319,1:36:19.440000,"(datetime.datetime(2026, 9, 29, 16, 49, 5, 392000),)",2a3c600d
408649770,-778304919,3368,1:36:19.440000,"(datetime.datetime(2026, 9, 29, 16, 49, 5, 400000),)",2a3c600a
408646724,-778305964,3319,1:36:19.450000,"(datetime.datetime(2026, 9, 29, 16, 49, 5, 409000),)",2a3c600d
408649899,-778304904,3368,1:36:19.460000,"(datetime.datetime(2026, 9, 29, 16, 49, 5, 418000),)",2a3c600a
408646842,-778305886,3319,1:36:19.490000,"(datetime.datetime(2026, 9, 29, 16, 49, 5, 449000),)",2a3c600d
408650033,-778304892,3367,1:36:19.500000,"(datetime.datetime(2026, 9, 29, 16, 49, 5, 455000),)",2a3c600a
408646968,-778305812,3320,1:36:19.510000,"(datetime.datetime(2026, 9, 29, 16, 49, 5, 461000),)",2a3c600d
408650164,-778304875,3367,1:36:19.510000,"(datetime.datetime(2026, 9, 29, 16, 49, 5, 468000),)",2a3c600a
408647082,-778305723,3321,1:36:19.520000,"(datetime.datetime(2026, 9, 29, 16, 49, 5, 475000),)",2a3c600d
408650296,-778304877,3367,1:36:19.540000,"(datetime.datetime(2026, 9, 29, 16, 49, 5, 500000),)",2a3c600a
408647210,-778305661,3321,1:36:19.550000,"(datetime.datetime(2026, 9, 29, 16, 49, 5, 508000),)",2a3c600d
408650428,-778304876,3367,1:36:19.560000,"(datetime.datetime(2026, 9, 29, 16, 49, 5, 515000),)",2a3c600a
408647332,-778305590,3321,1:36:19.560000,"(datetime.datetime(2026, 9, 29, 16, 49, 5, 520000),)",2a3c600d
408650562,-778304881,3368,1:36:19.570000,"(datetime.datetime(2026, 9, 29, 16, 49, 5, 524000),)",2a3c600a
408647459,-778305532,3321,1:36:19.570000,"(datetime.datetime(2026, 9, 29, 16, 49, 5, 529000),)",2a3c600d
408650691,-778304882,3367,1:36:19.600000,"(datetime.datetime(2026, 9, 29, 16, 49, 5, 552000),)",2a3c600a
408647588,-778305474,3321,1:36:19.620000,"(datetime.datetime(2026, 9, 29, 16, 49, 5, 577000),)",2a3c600d
408650823,-778304891,3367,1:36:19.690000,"(datetime.datetime(2026, 9, 29, 16, 49, 5, 648000),)",2a3c600a
408647715,-778305416,3322,1:36:19.730000,"(datetime.datetime(2026, 9, 29, 16, 49, 5, 683000),)",2a3c600d
408650954,-778304900,3368,1:36:19.790000,"(datetime.datetime(2026, 9, 29, 16, 49, 5, 748000),)",2a3c600a
408647841,-778305362,3321,1:36:19.820000,"(datetime.datetime(2026, 9, 29, 16, 49, 5, 771000),)",2a3c600d
408651085,-778304917,3368,1:36:19.890000,"(datetime.datetime(2026, 9, 29, 16, 49, 5, 849000),)",2a3c600a
408647973,-778305309,3321,1:36:19.930000,"(datetime.datetime(2026, 9, 29, 16, 49, 5, 883000),)",2a3c600d
408651216,-778304932,3368,1:36:19.990000,"(datetime.datetime(2026, 9, 29, 16, 49, 5, 949000),)",2a3c600a
408648101,-778305258,3322,1:36:20.020000,"(datetime.datetime(2026, 9, 29, 16, 49, 5, 979000),)",2a3c600d
408651347,-778304953,3368,1:36:20.090000,"(datetime.datetime(2026, 9, 29, 16, 49, 6, 49000),)",2a3c600a
408648233,-778305213,3322,1:36:20.130000,"(datetime.datetime(2026, 9, 29, 16, 49, 6, 87000),)",2a3c600d
408651483,-778304967,3368,1:36:20.190000,"(datetime.datetime(2026, 9, 29, 16, 49, 6, 149000),)",2a3c600a
408651614,-778305002,3368,1:36:20.290000,"(datetime.datetime(2026, 9, 29, 16, 49, 6, 248000),)",2a3c600a
408648362,-778305148,3323,1:36:20.320000,"(datetime.datetime(2026, 9, 29, 16, 49, 6, 271000),)",2a3c600d
408648499,-778305110,3323,1:36:20.320000,"(datetime.datetime(2026, 9, 29, 16, 49, 6, 280000),)",2a3c600d
408651743,-778305030,3368,1:36:20.400000,"(datetime.datetime(2026, 9, 29, 16, 49, 6, 358000),)",2a3c600a
408648631,-778305075,3323,1:36:20.420000,"(datetime.datetime(2026, 9, 29, 16, 49, 6, 372000),)",2a3c600d
408651872,-778305060,3368,1:36:20.490000,"(datetime.datetime(2026, 9, 29, 16, 49, 6, 450000),)",2a3c600a
408648762,-778305039,3323,1:36:20.520000,"(datetime.datetime(2026, 9, 29, 16, 49, 6, 473000),)",2a3c600d
408652004,-778305093,3368,1:36:20.600000,"(datetime.datetime(2026, 9, 29, 16, 49, 6, 554000),)",2a3c600a
408648898,-778305013,3323,1:36:20.620000,"(datetime.datetime(2026, 9, 29, 16, 49, 6, 571000),)",2a3c600d
408652130,-778305128,3369,1:36:20.690000,"(datetime.datetime(2026, 9, 29, 16, 49, 6, 648000),)",2a3c600a
408649030,-778304977,3324,1:36:20.720000,"(datetime.datetime(2026, 9, 29, 16, 49, 6, 671000),)",2a3c600d
408652260,-778305166,3369,1:36:20.790000,"(datetime.datetime(2026, 9, 29, 16, 49, 6, 749000),)",2a3c600a
408649169,-778304948,3323,1:36:20.820000,"(datetime.datetime(2026, 9, 29, 16, 49, 6, 771000),)",2a3c600d
408652389,-778305207,3369,1:36:20.890000,"(datetime.datetime(2026, 9, 29, 16, 49, 6, 848000),)",2a3c600a
408649300,-778304927,3324,1:36:20.920000,"(datetime.datetime(2026, 9, 29, 16, 49, 6, 871000),)",2a3c600d
408652516,-778305252,3369,1:36:20.990000,"(datetime.datetime(2026, 9, 29, 16, 49, 6, 950000),)",2a3c600a
408649437,-778304904,3324,1:36:21.020000,"(datetime.datetime(2026, 9, 29, 16, 49, 6, 971000),)",2a3c600d
408652645,-778305297,3369,1:36:21.100000,"(datetime.datetime(2026, 9, 29, 16, 49, 7, 53000),)",2a3c600a
408649569,-778304888,3324,1:36:21.130000,"(datetime.datetime(2026, 9, 29, 16, 49, 7, 84000),)",2a3c600d
408652769,-778305343,3368,1:36:21.190000,"(datetime.datetime(2026, 9, 29, 16, 49, 7, 148000),)",2a3c600a
408649700,-778304849,3324,1:36:21.220000,"(datetime.datetime(2026, 9, 29, 16, 49, 7, 171000),)",2a3c600d
408652896,-778305401,3369,1:36:21.290000,"(datetime.datetime(2026, 9, 29, 16, 49, 7, 249000),)",2a3c600a
408649840,-778304847,3325,1:36:21.320000,"(datetime.datetime(2026, 9, 29, 16, 49, 7, 271000),)",2a3c600d
408653022,-778305453,3369,1:36:21.390000,"(datetime.datetime(2026, 9, 29, 16, 49, 7, 349000),)",2a3c600a
408649978,-778304834,3325,1:36:21.420000,"(datetime.datetime(2026, 9, 29, 16, 49, 7, 372000),)",2a3c600d
408653151,-778305510,3369,1:36:21.490000,"(datetime.datetime(2026, 9, 29, 16, 49, 7, 448000),)",2a3c600a
408650113,-778304826,3325,1:36:21.520000,"(datetime.datetime(2026, 9, 29, 16, 49, 7, 471000),)",2a3c600d
408653276,-778305568,3369,1:36:21.600000,"(datetime.datetime(2026, 9, 29, 16, 49, 7, 554000),)",2a3c600a
408650251,-778304821,3325,1:36:21.620000,"(datetime.datetime(2026, 9, 29, 16, 49, 7, 571000),)",2a3c600d
408653400,-778305630,3369,1:36:21.690000,"(datetime.datetime(2026, 9, 29, 16, 49, 7, 649000),)",2a3c600a
408650389,-778304823,3325,1:36:21.720000,"(datetime.datetime(2026, 9, 29, 16, 49, 7, 671000),)",2a3c600d
408653525,-778305690,3370,1:36:21.800000,"(datetime.datetime(2026, 9, 29, 16, 49, 7, 753000),)",2a3c600a
408650526,-778304825,3325,1:36:21.820000,"(datetime.datetime(2026, 9, 29, 16, 49, 7, 771000),)",2a3c600d
408653649,-778305756,3370,1:36:21.900000,"(datetime.datetime(2026, 9, 29, 16, 49, 7, 852000),)",2a3c600a
408650665,-778304829,3325,1:36:21.920000,"(datetime.datetime(2026, 9, 29, 16, 49, 7, 872000),)",2a3c600d
408653774,-778305824,3370,1:36:21.990000,"(datetime.datetime(2026, 9, 29, 16, 49, 7, 949000),)",2a3c600a
408650801,-778304837,3326,1:36:22.030000,"(datetime.datetime(2026, 9, 29, 16, 49, 7, 984000),)",2a3c600d
408653895,-778305898,3371,1:36:22.090000,"(datetime.datetime(2026, 9, 29, 16, 49, 8, 49000),)",2a3c600a
408650937,-778304845,3326,1:36:22.120000,"(datetime.datetime(2026, 9, 29, 16, 49, 8, 71000),)",2a3c600d
408654020,-778305956,3369,1:36:22.200000,"(datetime.datetime(2026, 9, 29, 16, 49, 8, 151000),)",2a3c600a
408651074,-778304842,3327,1:36:22.220000,"(datetime.datetime(2026, 9, 29, 16, 49, 8, 172000),)",2a3c600d
408654140,-778306042,3370,1:36:22.290000,"(datetime.datetime(2026, 9, 29, 16, 49, 8, 250000),)",2a3c600a
408651215,-778304865,3327,1:36:22.320000,"(datetime.datetime(2026, 9, 29, 16, 49, 8, 271000),)",2a3c600d
408654261,-778306122,3370,1:36:22.390000,"(datetime.datetime(2026, 9, 29, 16, 49, 8, 349000),)",2a3c600a
408651351,-778304885,3327,1:36:22.420000,"(datetime.datetime(2026, 9, 29, 16, 49, 8, 372000),)",2a3c600d
408654381,-778306204,3370,1:36:22.490000,"(datetime.datetime(2026, 9, 29, 16, 49, 8, 448000),)",2a3c600a
408651488,-778304908,3328,1:36:22.520000,"(datetime.datetime(2026, 9, 29, 16, 49, 8, 475000),)",2a3c600d
408654498,-778306291,3370,1:36:22.590000,"(datetime.datetime(2026, 9, 29, 16, 49, 8, 550000),)",2a3c600a
408651625,-778304931,3328,1:36:22.620000,"(datetime.datetime(2026, 9, 29, 16, 49, 8, 573000),)",2a3c600d
408654614,-778306377,3370,1:36:22.690000,"(datetime.datetime(2026, 9, 29, 16, 49, 8, 649000),)",2a3c600a
408651763,-778304962,3328,1:36:22.720000,"(datetime.datetime(2026, 9, 29, 16, 49, 8, 671000),)",2a3c600d
408654732,-778306471,3371,1:36:22.790000,"(datetime.datetime(2026, 9, 29, 16, 49, 8, 749000),)",2a3c600a
408651896,-778304992,3328,1:36:22.820000,"(datetime.datetime(2026, 9, 29, 16, 49, 8, 772000),)",2a3c600d
408654848,-778306565,3371,1:36:22.900000,"(datetime.datetime(2026, 9, 29, 16, 49, 8, 857000),)",2a3c600a
408652034,-778305028,3328,1:36:22.920000,"(datetime.datetime(2026, 9, 29, 16, 49, 8, 871000),)",2a3c600d
408654963,-778306661,3371,1:36:22.990000,"(datetime.datetime(2026, 9, 29, 16, 49, 8, 949000),)",2a3c600a
408652169,-778305065,3329,1:36:23.020000,"(datetime.datetime(2026, 9, 29, 16, 49, 8, 971000),)",2a3c600d
408655075,-778306761,3371,1:36:23.100000,"(datetime.datetime(2026, 9, 29, 16, 49, 9, 51000),)",2a3c600a
408652304,-778305107,3328,1:36:23.120000,"(datetime.datetime(2026, 9, 29, 16, 49, 9, 75000),)",2a3c600d
408655192,-778306855,3371,1:36:23.190000,"(datetime.datetime(2026, 9, 29, 16, 49, 9, 149000),)",2a3c600a
408652437,-778305134,3329,1:36:23.220000,"(datetime.datetime(2026, 9, 29, 16, 49, 9, 173000),)",2a3c600d
408655300,-778306968,3371,1:36:23.290000,"(datetime.datetime(2026, 9, 29, 16, 49, 9, 250000),)",2a3c600a
408652572,-778305188,3329,1:36:23.320000,"(datetime.datetime(2026, 9, 29, 16, 49, 9, 271000),)",2a3c600d
408655411,-778307077,3372,1:36:23.390000,"(datetime.datetime(2026, 9, 29, 16, 49, 9, 349000),)",2a3c600a
408652703,-778305234,3330,1:36:23.420000,"(datetime.datetime(2026, 9, 29, 16, 49, 9, 371000),)",2a3c600d
408655517,-778307182,3372,1:36:23.490000,"(datetime.datetime(2026, 9, 29, 16, 49, 9, 448000),)",2a3c600a
408652837,-778305286,3330,1:36:23.520000,"(datetime.datetime(2026, 9, 29, 16, 49, 9, 471000),)",2a3c600d
408655622,-778307294,3373,1:36:23.590000,"(datetime.datetime(2026, 9, 29, 16, 49, 9, 549000),)",2a3c600a
408652967,-778305339,3330,1:36:23.620000,"(datetime.datetime(2026, 9, 29, 16, 49, 9, 572000),)",2a3c600d
408655728,-778307411,3372,1:36:23.690000,"(datetime.datetime(2026, 9, 29, 16, 49, 9, 649000),)",2a3c600a
408653100,-778305398,3330,1:36:23.720000,"(datetime.datetime(2026, 9, 29, 16, 49, 9, 671000),)",2a3c600d
408655833,-778307527,3373,1:36:23.790000,"(datetime.datetime(2026, 9, 29, 16, 49, 9, 750000),)",2a3c600a
408653230,-778305458,3330,1:36:23.820000,"(datetime.datetime(2026, 9, 29, 16, 49, 9, 772000),)",2a3c600d
408655937,-778307643,3373,1:36:23.900000,"(datetime.datetime(2026, 9, 29, 16, 49, 9, 852000),)",2a3c600a
408653359,-778305519,3330,1:36:23.920000,"(datetime.datetime(2026, 9, 29, 16, 49, 9, 874000),)",2a3c600d
408656037,-778307763,3374,1:36:23.990000,"(datetime.datetime(2026, 9, 29, 16, 49, 9, 949000),)",2a3c600a
408653487,-778305586,3331,1:36:24.020000,"(datetime.datetime(2026, 9, 29, 16, 49, 9, 977000),)",2a3c600d
408656138,-778307885,3373,1:36:24.090000,"(datetime.datetime(2026, 9, 29, 16, 49, 10, 49000),)",2a3c600a
408653614,-778305657,3331,1:36:24.120000,"(datetime.datetime(2026, 9, 29, 16, 49, 10, 71000),)",2a3c600d
408656240,-778308009,3373,1:36:24.190000,"(datetime.datetime(2026, 9, 29, 16, 49, 10, 149000),)",2a3c600a
408653741,-778305715,3332,1:36:24.220000,"(datetime.datetime(2026, 9, 29, 16, 49, 10, 171000),)",2a3c600d
408656335,-778308144,3373,1:36:24.290000,"(datetime.datetime(2026, 9, 29, 16, 49, 10, 249000),)",2a3c600a
408653864,-778305795,3332,1:36:24.320000,"(datetime.datetime(2026, 9, 29, 16, 49, 10, 272000),)",2a3c600d
408656430,-778308271,3373,1:36:24.390000,"(datetime.datetime(2026, 9, 29, 16, 49, 10, 350000),)",2a3c600a
408653987,-778305875,3332,1:36:24.420000,"(datetime.datetime(2026, 9, 29, 16, 49, 10, 371000),)",2a3c600d
408656525,-778308405,3373,1:36:24.500000,"(datetime.datetime(2026, 9, 29, 16, 49, 10, 453000),)",2a3c600a
408654110,-778305958,3332,1:36:24.520000,"(datetime.datetime(2026, 9, 29, 16, 49, 10, 471000),)",2a3c600d
408656616,-778308540,3374,1:36:24.590000,"(datetime.datetime(2026, 9, 29, 16, 49, 10, 549000),)",2a3c600a
408654229,-778306042,3333,1:36:24.620000,"(datetime.datetime(2026, 9, 29, 16, 49, 10, 572000),)",2a3c600d
408656707,-778308678,3374,1:36:24.690000,"(datetime.datetime(2026, 9, 29, 16, 49, 10, 649000),)",2a3c600a
408654348,-778306127,3333,1:36:24.720000,"(datetime.datetime(2026, 9, 29, 16, 49, 10, 673000),)",2a3c600d
408656795,-778308813,3374,1:36:24.790000,"(datetime.datetime(2026, 9, 29, 16, 49, 10, 749000),)",2a3c600a
408654469,-778306214,3333,1:36:24.820000,"(datetime.datetime(2026, 9, 29, 16, 49, 10, 774000),)",2a3c600d
408656883,-778308957,3374,1:36:24.890000,"(datetime.datetime(2026, 9, 29, 16, 49, 10, 849000),)",2a3c600a
408654588,-778306305,3333,1:36:24.920000,"(datetime.datetime(2026, 9, 29, 16, 49, 10, 871000),)",2a3c600d
408656967,-778309100,3374,1:36:25,"(datetime.datetime(2026, 9, 29, 16, 49, 10, 950000),)",2a3c600a
408654704,-778306400,3333,1:36:25.020000,"(datetime.datetime(2026, 9, 29, 16, 49, 10, 972000),)",2a3c600d
408656967,-778309100,3374,1:36:25.090000,"(datetime.datetime(2026, 9, 29, 16, 49, 11, 49000),)",2a3c600a
408654820,-778306496,3334,1:36:25.120000,"(datetime.datetime(2026, 9, 29, 16, 49, 11, 71000),)",2a3c600d
408654942,-778306573,3335,1:36:25.180000,"(datetime.datetime(2026, 9, 29, 16, 49, 11, 137000),)",2a3c600d
408657053,-778309247,3374,1:36:25.190000,"(datetime.datetime(2026, 9, 29, 16, 49, 11, 150000),)",2a3c600a
408655054,-778306683,3335,1:36:25.280000,"(datetime.datetime(2026, 9, 29, 16, 49, 11, 235000),)",2a3c600d
408657145,-778309391,3373,1:36:25.310000,"(datetime.datetime(2026, 9, 29, 16, 49, 11, 262000),)",2a3c600a
408655164,-778306786,3335,1:36:25.380000,"(datetime.datetime(2026, 9, 29, 16, 49, 11, 335000),)",2a3c600d
408657223,-778309546,3374,1:36:25.400000,"(datetime.datetime(2026, 9, 29, 16, 49, 11, 351000),)",2a3c600a
408655276,-778306894,3335,1:36:25.490000,"(datetime.datetime(2026, 9, 29, 16, 49, 11, 443000),)",2a3c600d
408657378,-778309847,3373,1:36:25.500000,"(datetime.datetime(2026, 9, 29, 16, 49, 11, 456000),)",2a3c600a
408655385,-778307001,3335,1:36:25.580000,"(datetime.datetime(2026, 9, 29, 16, 49, 11, 536000),)",2a3c600d
408657453,-778309999,3373,1:36:25.590000,"(datetime.datetime(2026, 9, 29, 16, 49, 11, 550000),)",2a3c600a
408655494,-778307114,3336,1:36:25.680000,"(datetime.datetime(2026, 9, 29, 16, 49, 11, 635000),)",2a3c600d
408657526,-778310158,3374,1:36:25.690000,"(datetime.datetime(2026, 9, 29, 16, 49, 11, 650000),)",2a3c600a
408655601,-778307228,3336,1:36:25.780000,"(datetime.datetime(2026, 9, 29, 16, 49, 11, 739000),)",2a3c600d
408657599,-778310317,3374,1:36:25.800000,"(datetime.datetime(2026, 9, 29, 16, 49, 11, 753000),)",2a3c600a
408655706,-778307344,3336,1:36:25.880000,"(datetime.datetime(2026, 9, 29, 16, 49, 11, 836000),)",2a3c600d
408657667,-778310476,3374,1:36:25.890000,"(datetime.datetime(2026, 9, 29, 16, 49, 11, 849000),)",2a3c600a
408655812,-778307458,3336,1:36:25.980000,"(datetime.datetime(2026, 9, 29, 16, 49, 11, 940000),)",2a3c600d
408657734,-778310637,3374,1:36:26,"(datetime.datetime(2026, 9, 29, 16, 49, 11, 955000),)",2a3c600a
408655916,-778307583,3336,1:36:26.080000,"(datetime.datetime(2026, 9, 29, 16, 49, 12, 37000),)",2a3c600d
408657799,-778310800,3375,1:36:26.100000,"(datetime.datetime(2026, 9, 29, 16, 49, 12, 54000),)",2a3c600a
408656026,-778307684,3337,1:36:26.180000,"(datetime.datetime(2026, 9, 29, 16, 49, 12, 134000),)",2a3c600d
408657869,-778310955,3374,1:36:26.200000,"(datetime.datetime(2026, 9, 29, 16, 49, 12, 156000),)",2a3c600a
408656125,-778307818,3337,1:36:26.280000,"(datetime.datetime(2026, 9, 29, 16, 49, 12, 235000),)",2a3c600d
408657926,-778311129,3374,1:36:26.290000,"(datetime.datetime(2026, 9, 29, 16, 49, 12, 248000),)",2a3c600a
408656224,-778307947,3337,1:36:26.380000,"(datetime.datetime(2026, 9, 29, 16, 49, 12, 335000),)",2a3c600d
408657987,-778311297,3374,1:36:26.390000,"(datetime.datetime(2026, 9, 29, 16, 49, 12, 349000),)",2a3c600a
408656325,-778308075,3338,1:36:26.490000,"(datetime.datetime(2026, 9, 29, 16, 49, 12, 446000),)",2a3c600d
408658043,-778311465,3374,1:36:26.510000,"(datetime.datetime(2026, 9, 29, 16, 49, 12, 464000),)",2a3c600a
408656419,-778308208,3338,1:36:26.580000,"(datetime.datetime(2026, 9, 29, 16, 49, 12, 537000),)",2a3c600d
408658100,-778311635,3374,1:36:26.600000,"(datetime.datetime(2026, 9, 29, 16, 49, 12, 552000),)",2a3c600a
408656513,-778308343,3338,1:36:26.680000,"(datetime.datetime(2026, 9, 29, 16, 49, 12, 635000),)",2a3c600d
408658151,-778311804,3375,1:36:26.700000,"(datetime.datetime(2026, 9, 29, 16, 49, 12, 659000),)",2a3c600a
408656607,-778308480,3338,1:36:26.780000,"(datetime.datetime(2026, 9, 29, 16, 49, 12, 735000),)",2a3c600d
408658203,-778311980,3375,1:36:26.790000,"(datetime.datetime(2026, 9, 29, 16, 49, 12, 748000),)",2a3c600a
408656699,-778308618,3338,1:36:26.880000,"(datetime.datetime(2026, 9, 29, 16, 49, 12, 834000),)",2a3c600d
408658252,-778312153,3375,1:36:26.890000,"(datetime.datetime(2026, 9, 29, 16, 49, 12, 848000),)",2a3c600a
408656788,-778308763,3338,1:36:26.980000,"(datetime.datetime(2026, 9, 29, 16, 49, 12, 935000),)",2a3c600d
408658299,-778312329,3375,1:36:26.990000,"(datetime.datetime(2026, 9, 29, 16, 49, 12, 948000),)",2a3c600a
408656875,-778308907,3339,1:36:27.080000,"(datetime.datetime(2026, 9, 29, 16, 49, 13, 35000),)",2a3c600d
408658342,-778312507,3375,1:36:27.090000,"(datetime.datetime(2026, 9, 29, 16, 49, 13, 49000),)",2a3c600a
408656972,-778309035,3340,1:36:27.180000,"(datetime.datetime(2026, 9, 29, 16, 49, 13, 135000),)",2a3c600d
408658395,-778312682,3375,1:36:27.190000,"(datetime.datetime(2026, 9, 29, 16, 49, 13, 149000),)",2a3c600a
408657055,-778309191,3340,1:36:27.280000,"(datetime.datetime(2026, 9, 29, 16, 49, 13, 238000),)",2a3c600d
408658430,-778312868,3375,1:36:27.290000,"(datetime.datetime(2026, 9, 29, 16, 49, 13, 250000),)",2a3c600a
408657139,-778309344,3340,1:36:27.380000,"(datetime.datetime(2026, 9, 29, 16, 49, 13, 335000),)",2a3c600d
408658466,-778313049,3376,1:36:27.390000,"(datetime.datetime(2026, 9, 29, 16, 49, 13, 349000),)",2a3c600a
408657222,-778309497,3340,1:36:27.480000,"(datetime.datetime(2026, 9, 29, 16, 49, 13, 436000),)",2a3c600d
408658504,-778313229,3376,1:36:27.500000,"(datetime.datetime(2026, 9, 29, 16, 49, 13, 451000),)",2a3c600a
408657302,-778309650,3340,1:36:27.590000,"(datetime.datetime(2026, 9, 29, 16, 49, 13, 541000),)",2a3c600d
408658536,-778313413,3376,1:36:27.600000,"(datetime.datetime(2026, 9, 29, 16, 49, 13, 558000),)",2a3c600a
408657383,-778309804,3341,1:36:27.680000,"(datetime.datetime(2026, 9, 29, 16, 49, 13, 634000),)",2a3c600d
408658568,-778313594,3376,1:36:27.750000,"(datetime.datetime(2026, 9, 29, 16, 49, 13, 702000),)",2a3c600a
408657461,-778309967,3341,1:36:27.780000,"(datetime.datetime(2026, 9, 29, 16, 49, 13, 734000),)",2a3c600d
408658597,-778313779,3376,1:36:27.790000,"(datetime.datetime(2026, 9, 29, 16, 49, 13, 748000),)",2a3c600a
408657537,-778310126,3341,1:36:28.110000,"(datetime.datetime(2026, 9, 29, 16, 49, 14, 65000),)",2a3c600d
408658624,-778313964,3376,1:36:28.260000,"(datetime.datetime(2026, 9, 29, 16, 49, 14, 217000),)",2a3c600a
408657611,-778310291,3342,1:36:28.350000,"(datetime.datetime(2026, 9, 29, 16, 49, 14, 306000),)",2a3c600d
408658649,-778314148,3376,1:36:28.450000,"(datetime.datetime(2026, 9, 29, 16, 49, 14, 404000),)",2a3c600a
408657683,-778310452,3342,1:36:28.530000,"(datetime.datetime(2026, 9, 29, 16, 49, 14, 487000),)",2a3c600d
408658673,-778314334,3376,1:36:28.730000,"(datetime.datetime(2026, 9, 29, 16, 49, 14, 680000),)",2a3c600a
408657683,-778310452,3342,1:36:29.010000,"(datetime.datetime(2026, 9, 29, 16, 49, 14, 968000),)",2a3c600d
408658704,-778314524,3376,1:36:29.030000,"(datetime.datetime(2026, 9, 29, 16, 49, 14, 987000),)",2a3c600a
408657822,-778310786,3343,1:36:29.140000,"(datetime.datetime(2026, 9, 29, 16, 49, 15, 100000),)",2a3c600d
408658713,-778314714,3376,1:36:29.250000,"(datetime.datetime(2026, 9, 29, 16, 49, 15, 205000),)",2a3c600a
408657888,-778310959,3343,1:36:29.350000,"(datetime.datetime(2026, 9, 29, 16, 49, 15, 303000),)",2a3c600d
408658730,-778314902,3376,1:36:29.450000,"(datetime.datetime(2026, 9, 29, 16, 49, 15, 410000),)",2a3c600a
408657888,-778310959,3343,1:36:29.550000,"(datetime.datetime(2026, 9, 29, 16, 49, 15, 506000),)",2a3c600d
408658743,-778315090,3376,1:36:29.660000,"(datetime.datetime(2026, 9, 29, 16, 49, 15, 614000),)",2a3c600a
408657953,-778311132,3343,1:36:29.860000,"(datetime.datetime(2026, 9, 29, 16, 49, 15, 819000),)",2a3c600d
408658755,-778315279,3377,1:36:29.920000,"(datetime.datetime(2026, 9, 29, 16, 49, 15, 874000),)",2a3c600a
408658074,-778311481,3344,1:36:29.970000,"(datetime.datetime(2026, 9, 29, 16, 49, 15, 921000),)",2a3c600d
408658765,-778315467,3377,1:36:30.070000,"(datetime.datetime(2026, 9, 29, 16, 49, 16, 25000),)",2a3c600a
408658134,-778311656,3344,1:36:30.130000,"(datetime.datetime(2026, 9, 29, 16, 49, 16, 86000),)",2a3c600d
408658773,-778315658,3377,1:36:30.170000,"(datetime.datetime(2026, 9, 29, 16, 49, 16, 121000),)",2a3c600a
408658190,-778311841,3344,1:36:30.270000,"(datetime.datetime(2026, 9, 29, 16, 49, 16, 229000),)",2a3c600d
408658779,-778315846,3377,1:36:30.370000,"(datetime.datetime(2026, 9, 29, 16, 49, 16, 327000),)",2a3c600a
408658244,-778312020,3344,1:36:30.480000,"(datetime.datetime(2026, 9, 29, 16, 49, 16, 434000),)",2a3c600d
408658780,-778316037,3378,1:36:30.490000,"(datetime.datetime(2026, 9, 29, 16, 49, 16, 448000),)",2a3c600a
408658244,-778312020,3344,1:36:30.510000,"(datetime.datetime(2026, 9, 29, 16, 49, 16, 468000),)",2a3c600d
408658780,-778316227,3378,1:36:30.520000,"(datetime.datetime(2026, 9, 29, 16, 49, 16, 479000),)",2a3c600a
408658291,-778312204,3344,1:36:30.530000,"(datetime.datetime(2026, 9, 29, 16, 49, 16, 489000),)",2a3c600d
408658786,-778316424,3378,1:36:30.570000,"(datetime.datetime(2026, 9, 29, 16, 49, 16, 522000),)",2a3c600a
408658348,-778312373,3345,1:36:30.570000,"(datetime.datetime(2026, 9, 29, 16, 49, 16, 529000),)",2a3c600d
408658776,-778316612,3377,1:36:30.580000,"(datetime.datetime(2026, 9, 29, 16, 49, 16, 536000),)",2a3c600a
408658386,-778312567,3345,1:36:30.590000,"(datetime.datetime(2026, 9, 29, 16, 49, 16, 541000),)",2a3c600d
408658769,-778316807,3378,1:36:30.590000,"(datetime.datetime(2026, 9, 29, 16, 49, 16, 547000),)",2a3c600a
408658430,-778312754,3345,1:36:30.620000,"(datetime.datetime(2026, 9, 29, 16, 49, 16, 578000),)",2a3c600d
408658759,-778316998,3378,1:36:30.630000,"(datetime.datetime(2026, 9, 29, 16, 49, 16, 585000),)",2a3c600a
408658472,-778312947,3345,1:36:30.640000,"(datetime.datetime(2026, 9, 29, 16, 49, 16, 592000),)",2a3c600d
408658751,-778317186,3378,1:36:30.640000,"(datetime.datetime(2026, 9, 29, 16, 49, 16, 599000),)",2a3c600a
408658509,-778313134,3346,1:36:30.680000,"(datetime.datetime(2026, 9, 29, 16, 49, 16, 636000),)",2a3c600d
408658739,-778317379,3378,1:36:30.690000,"(datetime.datetime(2026, 9, 29, 16, 49, 16, 642000),)",2a3c600a
408658546,-778313325,3346,1:36:30.690000,"(datetime.datetime(2026, 9, 29, 16, 49, 16, 649000),)",2a3c600d
408658721,-778317567,3378,1:36:30.740000,"(datetime.datetime(2026, 9, 29, 16, 49, 16, 692000),)",2a3c600a
408658579,-778313521,3346,1:36:30.740000,"(datetime.datetime(2026, 9, 29, 16, 49, 16, 698000),)",2a3c600d
408658704,-778317758,3379,1:36:30.750000,"(datetime.datetime(2026, 9, 29, 16, 49, 16, 704000),)",2a3c600a
408658611,-778313717,3347,1:36:30.750000,"(datetime.datetime(2026, 9, 29, 16, 49, 16, 709000),)",2a3c600d
408658686,-778317949,3379,1:36:30.780000,"(datetime.datetime(2026, 9, 29, 16, 49, 16, 733000),)",2a3c600a
408658640,-778313913,3347,1:36:30.780000,"(datetime.datetime(2026, 9, 29, 16, 49, 16, 740000),)",2a3c600d
408658667,-778318138,3379,1:36:30.790000,"(datetime.datetime(2026, 9, 29, 16, 49, 16, 746000),)",2a3c600a
408658665,-778314111,3346,1:36:30.800000,"(datetime.datetime(2026, 9, 29, 16, 49, 16, 752000),)",2a3c600d
408658653,-778318337,3378,1:36:30.800000,"(datetime.datetime(2026, 9, 29, 16, 49, 16, 758000),)",2a3c600a
408658706,-778314297,3347,1:36:30.840000,"(datetime.datetime(2026, 9, 29, 16, 49, 16, 794000),)",2a3c600d
408658624,-778318526,3378,1:36:30.840000,"(datetime.datetime(2026, 9, 29, 16, 49, 16, 800000),)",2a3c600a
408658718,-778314498,3347,1:36:30.850000,"(datetime.datetime(2026, 9, 29, 16, 49, 16, 808000),)",2a3c600d
408658604,-778318717,3378,1:36:30.860000,"(datetime.datetime(2026, 9, 29, 16, 49, 16, 815000),)",2a3c600a
408658737,-778314695,3347,1:36:30.870000,"(datetime.datetime(2026, 9, 29, 16, 49, 16, 821000),)",2a3c600d
408658579,-778318909,3378,1:36:30.900000,"(datetime.datetime(2026, 9, 29, 16, 49, 16, 852000),)",2a3c600a
408658752,-778314896,3348,1:36:30.910000,"(datetime.datetime(2026, 9, 29, 16, 49, 16, 861000),)",2a3c600d
408658554,-778319100,3378,1:36:30.910000,"(datetime.datetime(2026, 9, 29, 16, 49, 16, 868000),)",2a3c600a
408658768,-778315097,3348,1:36:30.920000,"(datetime.datetime(2026, 9, 29, 16, 49, 16, 874000),)",2a3c600d
408658528,-778319290,3379,1:36:30.920000,"(datetime.datetime(2026, 9, 29, 16, 49, 16, 880000),)",2a3c600a
408658782,-778315298,3348,1:36:30.960000,"(datetime.datetime(2026, 9, 29, 16, 49, 16, 918000),)",2a3c600d
408658500,-778319484,3380,1:36:30.970000,"(datetime.datetime(2026, 9, 29, 16, 49, 16, 928000),)",2a3c600a
408658791,-778315502,3348,1:36:30.980000,"(datetime.datetime(2026, 9, 29, 16, 49, 16, 936000),)",2a3c600d
408658472,-778319673,3380,1:36:30.990000,"(datetime.datetime(2026, 9, 29, 16, 49, 16, 943000),)",2a3c600a
408658797,-778315700,3348,1:36:31.020000,"(datetime.datetime(2026, 9, 29, 16, 49, 16, 974000),)",2a3c600d
408658442,-778319866,3380,1:36:31.030000,"(datetime.datetime(2026, 9, 29, 16, 49, 16, 984000),)",2a3c600a
408658802,-778315904,3349,1:36:31.050000,"(datetime.datetime(2026, 9, 29, 16, 49, 17, 6000),)",2a3c600d
408658410,-778320057,3380,1:36:31.090000,"(datetime.datetime(2026, 9, 29, 16, 49, 17, 49000),)",2a3c600a
408658803,-778316106,3349,1:36:31.150000,"(datetime.datetime(2026, 9, 29, 16, 49, 17, 105000),)",2a3c600d
408658388,-778320255,3380,1:36:31.190000,"(datetime.datetime(2026, 9, 29, 16, 49, 17, 149000),)",2a3c600a
408658812,-778316298,3349,1:36:31.260000,"(datetime.datetime(2026, 9, 29, 16, 49, 17, 211000),)",2a3c600d
408658353,-778320446,3380,1:36:31.290000,"(datetime.datetime(2026, 9, 29, 16, 49, 17, 249000),)",2a3c600a
408658803,-778316507,3349,1:36:31.350000,"(datetime.datetime(2026, 9, 29, 16, 49, 17, 306000),)",2a3c600d
408658321,-778320638,3381,1:36:31.390000,"(datetime.datetime(2026, 9, 29, 16, 49, 17, 349000),)",2a3c600a
408658801,-778316709,3349,1:36:31.450000,"(datetime.datetime(2026, 9, 29, 16, 49, 17, 405000),)",2a3c600d
408658290,-778320830,3381,1:36:31.490000,"(datetime.datetime(2026, 9, 29, 16, 49, 17, 448000),)",2a3c600a
408658791,-778316913,3349,1:36:31.550000,"(datetime.datetime(2026, 9, 29, 16, 49, 17, 506000),)",2a3c600d
408658256,-778321020,3381,1:36:31.600000,"(datetime.datetime(2026, 9, 29, 16, 49, 17, 552000),)",2a3c600a
408658781,-778317117,3349,1:36:31.650000,"(datetime.datetime(2026, 9, 29, 16, 49, 17, 606000),)",2a3c600d
408658256,-778321020,3381,1:36:31.690000,"(datetime.datetime(2026, 9, 29, 16, 49, 17, 649000),)",2a3c600a
408658770,-778317317,3349,1:36:31.750000,"(datetime.datetime(2026, 9, 29, 16, 49, 17, 706000),)",2a3c600d
408658188,-778321398,3381,1:36:31.790000,"(datetime.datetime(2026, 9, 29, 16, 49, 17, 750000),)",2a3c600a
408658757,-778317519,3350,1:36:31.850000,"(datetime.datetime(2026, 9, 29, 16, 49, 17, 806000),)",2a3c600d
408658151,-778321588,3382,1:36:31.900000,"(datetime.datetime(2026, 9, 29, 16, 49, 17, 853000),)",2a3c600a
408658740,-778317720,3350,1:36:31.950000,"(datetime.datetime(2026, 9, 29, 16, 49, 17, 904000),)",2a3c600d
408658151,-778321588,3382,1:36:31.990000,"(datetime.datetime(2026, 9, 29, 16, 49, 17, 948000),)",2a3c600a
408658723,-778317921,3350,1:36:32.050000,"(datetime.datetime(2026, 9, 29, 16, 49, 18, 5000),)",2a3c600d
408658115,-778321773,3383,1:36:32.090000,"(datetime.datetime(2026, 9, 29, 16, 49, 18, 49000),)",2a3c600a
408658703,-778318122,3350,1:36:32.160000,"(datetime.datetime(2026, 9, 29, 16, 49, 18, 116000),)",2a3c600d
408658080,-778321959,3383,1:36:32.190000,"(datetime.datetime(2026, 9, 29, 16, 49, 18, 149000),)",2a3c600a
408658696,-778318316,3350,1:36:32.250000,"(datetime.datetime(2026, 9, 29, 16, 49, 18, 204000),)",2a3c600d
408658045,-778322154,3383,1:36:32.300000,"(datetime.datetime(2026, 9, 29, 16, 49, 18, 251000),)",2a3c600a
408658666,-778318514,3351,1:36:32.350000,"(datetime.datetime(2026, 9, 29, 16, 49, 18, 305000),)",2a3c600d
408658006,-778322336,3383,1:36:32.390000,"(datetime.datetime(2026, 9, 29, 16, 49, 18, 349000),)",2a3c600a
408658642,-778318714,3351,1:36:32.450000,"(datetime.datetime(2026, 9, 29, 16, 49, 18, 405000),)",2a3c600d
408657969,-778322519,3383,1:36:32.490000,"(datetime.datetime(2026, 9, 29, 16, 49, 18, 448000),)",2a3c600a
408658614,-778318907,3350,1:36:32.550000,"(datetime.datetime(2026, 9, 29, 16, 49, 18, 506000),)",2a3c600d
408657932,-778322700,3383,1:36:32.590000,"(datetime.datetime(2026, 9, 29, 16, 49, 18, 549000),)",2a3c600a
408658587,-778319103,3351,1:36:32.650000,"(datetime.datetime(2026, 9, 29, 16, 49, 18, 604000),)",2a3c600d
408657895,-778322878,3383,1:36:32.690000,"(datetime.datetime(2026, 9, 29, 16, 49, 18, 648000),)",2a3c600a
408658557,-778319298,3351,1:36:32.760000,"(datetime.datetime(2026, 9, 29, 16, 49, 18, 713000),)",2a3c600d
408657859,-778323058,3383,1:36:32.790000,"(datetime.datetime(2026, 9, 29, 16, 49, 18, 749000),)",2a3c600a
408658528,-778319493,3351,1:36:32.850000,"(datetime.datetime(2026, 9, 29, 16, 49, 18, 805000),)",2a3c600d
408657822,-778323235,3383,1:36:32.900000,"(datetime.datetime(2026, 9, 29, 16, 49, 18, 857000),)",2a3c600a
408658494,-778319686,3352,1:36:32.950000,"(datetime.datetime(2026, 9, 29, 16, 49, 18, 905000),)",2a3c600d
408657748,-778323582,3383,1:36:32.990000,"(datetime.datetime(2026, 9, 29, 16, 49, 18, 948000),)",2a3c600a
408658459,-778319876,3352,1:36:33.050000,"(datetime.datetime(2026, 9, 29, 16, 49, 19, 5000),)",2a3c600d
408657712,-778323752,3383,1:36:33.090000,"(datetime.datetime(2026, 9, 29, 16, 49, 19, 49000),)",2a3c600a
408658425,-778320066,3352,1:36:33.150000,"(datetime.datetime(2026, 9, 29, 16, 49, 19, 106000),)",2a3c600d
408657712,-778323752,3383,1:36:33.190000,"(datetime.datetime(2026, 9, 29, 16, 49, 19, 149000),)",2a3c600a
408658391,-778320256,3353,1:36:33.250000,"(datetime.datetime(2026, 9, 29, 16, 49, 19, 205000),)",2a3c600d
408657673,-778323928,3383,1:36:33.290000,"(datetime.datetime(2026, 9, 29, 16, 49, 19, 250000),)",2a3c600a
408658348,-778320441,3353,1:36:33.350000,"(datetime.datetime(2026, 9, 29, 16, 49, 19, 305000),)",2a3c600d
408657635,-778324090,3383,1:36:33.400000,"(datetime.datetime(2026, 9, 29, 16, 49, 19, 355000),)",2a3c600a
408658312,-778320628,3353,1:36:33.450000,"(datetime.datetime(2026, 9, 29, 16, 49, 19, 405000),)",2a3c600d
408657600,-778324256,3383,1:36:33.490000,"(datetime.datetime(2026, 9, 29, 16, 49, 19, 449000),)",2a3c600a
408658275,-778320810,3353,1:36:33.550000,"(datetime.datetime(2026, 9, 29, 16, 49, 19, 504000),)",2a3c600d
408657527,-778324579,3383,1:36:33.590000,"(datetime.datetime(2026, 9, 29, 16, 49, 19, 548000),)",2a3c600a
408658237,-778320994,3353,1:36:33.660000,"(datetime.datetime(2026, 9, 29, 16, 49, 19, 619000),)",2a3c600d
408657527,-778324579,3383,1:36:33.690000,"(datetime.datetime(2026, 9, 29, 16, 49, 19, 649000),)",2a3c600a
408658200,-778321174,3354,1:36:33.750000,"(datetime.datetime(2026, 9, 29, 16, 49, 19, 704000),)",2a3c600d
408657494,-778324737,3383,1:36:33.790000,"(datetime.datetime(2026, 9, 29, 16, 49, 19, 749000),)",2a3c600a
408658160,-778321354,3354,1:36:33.850000,"(datetime.datetime(2026, 9, 29, 16, 49, 19, 806000),)",2a3c600d
408657456,-778324893,3383,1:36:33.900000,"(datetime.datetime(2026, 9, 29, 16, 49, 19, 853000),)",2a3c600a
408658121,-778321531,3354,1:36:33.950000,"(datetime.datetime(2026, 9, 29, 16, 49, 19, 906000),)",2a3c600d
408657387,-778325203,3383,1:36:33.990000,"(datetime.datetime(2026, 9, 29, 16, 49, 19, 949000),)",2a3c600a
408658083,-778321707,3355,1:36:34.050000,"(datetime.datetime(2026, 9, 29, 16, 49, 20, 4000),)",2a3c600d
408657387,-778325203,3383,1:36:34.090000,"(datetime.datetime(2026, 9, 29, 16, 49, 20, 48000),)",2a3c600a
408658046,-778321883,3355,1:36:34.150000,"(datetime.datetime(2026, 9, 29, 16, 49, 20, 104000),)",2a3c600d
408657323,-778325516,3383,1:36:34.190000,"(datetime.datetime(2026, 9, 29, 16, 49, 20, 148000),)",2a3c600a
408658019,-778322068,3355,1:36:34.250000,"(datetime.datetime(2026, 9, 29, 16, 49, 20, 205000),)",2a3c600d
408657323,-778325516,3383,1:36:34.290000,"(datetime.datetime(2026, 9, 29, 16, 49, 20, 250000),)",2a3c600a
408657981,-778322234,3355,1:36:34.350000,"(datetime.datetime(2026, 9, 29, 16, 49, 20, 306000),)",2a3c600d
408657292,-778325659,3384,1:36:34.400000,"(datetime.datetime(2026, 9, 29, 16, 49, 20, 355000),)",2a3c600a
408657945,-778322405,3355,1:36:34.450000,"(datetime.datetime(2026, 9, 29, 16, 49, 20, 405000),)",2a3c600d
408657261,-778325807,3384,1:36:34.490000,"(datetime.datetime(2026, 9, 29, 16, 49, 20, 448000),)",2a3c600a
408657908,-778322576,3355,1:36:34.550000,"(datetime.datetime(2026, 9, 29, 16, 49, 20, 508000),)",2a3c600d
408657230,-778325950,3383,1:36:34.590000,"(datetime.datetime(2026, 9, 29, 16, 49, 20, 548000),)",2a3c600a
408657873,-778322743,3355,1:36:34.650000,"(datetime.datetime(2026, 9, 29, 16, 49, 20, 606000),)",2a3c600d
408657170,-778326234,3383,1:36:34.690000,"(datetime.datetime(2026, 9, 29, 16, 49, 20, 649000),)",2a3c600a
408657838,-778322909,3355,1:36:34.750000,"(datetime.datetime(2026, 9, 29, 16, 49, 20, 705000),)",2a3c600d
408657138,-778326373,3384,1:36:34.790000,"(datetime.datetime(2026, 9, 29, 16, 49, 20, 749000),)",2a3c600a
408657804,-778323070,3356,1:36:34.850000,"(datetime.datetime(2026, 9, 29, 16, 49, 20, 805000),)",2a3c600d
408657107,-778326509,3384,1:36:34.890000,"(datetime.datetime(2026, 9, 29, 16, 49, 20, 850000),)",2a3c600a
408657767,-778323233,3356,1:36:34.950000,"(datetime.datetime(2026, 9, 29, 16, 49, 20, 904000),)",2a3c600d
408657079,-778326644,3384,1:36:34.990000,"(datetime.datetime(2026, 9, 29, 16, 49, 20, 949000),)",2a3c600a
408657735,-778323392,3356,1:36:35.050000,"(datetime.datetime(2026, 9, 29, 16, 49, 21, 4000),)",2a3c600d
408657079,-778326644,3384,1:36:35.090000,"(datetime.datetime(2026, 9, 29, 16, 49, 21, 48000),)",2a3c600a
408657698,-778323548,3356,1:36:35.150000,"(datetime.datetime(2026, 9, 29, 16, 49, 21, 106000),)",2a3c600d
408657016,-778326922,3384,1:36:35.190000,"(datetime.datetime(2026, 9, 29, 16, 49, 21, 149000),)",2a3c600a
408657667,-778323711,3356,1:36:35.250000,"(datetime.datetime(2026, 9, 29, 16, 49, 21, 206000),)",2a3c600d
408656988,-778327046,3384,1:36:35.290000,"(datetime.datetime(2026, 9, 29, 16, 49, 21, 248000),)",2a3c600a
408657633,-778323859,3356,1:36:35.350000,"(datetime.datetime(2026, 9, 29, 16, 49, 21, 304000),)",2a3c600d
408656962,-778327173,3384,1:36:35.390000,"(datetime.datetime(2026, 9, 29, 16, 49, 21, 348000),)",2a3c600a
408657601,-778324009,3356,1:36:35.450000,"(datetime.datetime(2026, 9, 29, 16, 49, 21, 408000),)",2a3c600d
408656962,-778327173,3384,1:36:35.490000,"(datetime.datetime(2026, 9, 29, 16, 49, 21, 449000),)",2a3c600a
408657569,-778324159,3356,1:36:35.550000,"(datetime.datetime(2026, 9, 29, 16, 49, 21, 505000),)",2a3c600d
408656935,-778327300,3384,1:36:35.590000,"(datetime.datetime(2026, 9, 29, 16, 49, 21, 549000),)",2a3c600a
408657537,-778324299,3356,1:36:35.650000,"(datetime.datetime(2026, 9, 29, 16, 49, 21, 605000),)",2a3c600d
408656882,-778327546,3384,1:36:35.700000,"(datetime.datetime(2026, 9, 29, 16, 49, 21, 653000),)",2a3c600a
408657507,-778324444,3356,1:36:35.750000,"(datetime.datetime(2026, 9, 29, 16, 49, 21, 704000),)",2a3c600d
408656855,-778327666,3384,1:36:35.790000,"(datetime.datetime(2026, 9, 29, 16, 49, 21, 748000),)",2a3c600a
408657475,-778324581,3356,1:36:35.850000,"(datetime.datetime(2026, 9, 29, 16, 49, 21, 805000),)",2a3c600d
408656831,-778327784,3384,1:36:35.890000,"(datetime.datetime(2026, 9, 29, 16, 49, 21, 849000),)",2a3c600a
408657444,-778324722,3356,1:36:35.950000,"(datetime.datetime(2026, 9, 29, 16, 49, 21, 905000),)",2a3c600d
408656805,-778327902,3384,1:36:35.990000,"(datetime.datetime(2026, 9, 29, 16, 49, 21, 949000),)",2a3c600a
408657413,-778324855,3357,1:36:36.050000,"(datetime.datetime(2026, 9, 29, 16, 49, 22, 6000),)",2a3c600d
408656781,-778328018,3384,1:36:36.090000,"(datetime.datetime(2026, 9, 29, 16, 49, 22, 48000),)",2a3c600a
408657386,-778324986,3357,1:36:36.150000,"(datetime.datetime(2026, 9, 29, 16, 49, 22, 105000),)",2a3c600d
408656753,-778328141,3384,1:36:36.190000,"(datetime.datetime(2026, 9, 29, 16, 49, 22, 149000),)",2a3c600a
408657359,-778325123,3357,1:36:36.250000,"(datetime.datetime(2026, 9, 29, 16, 49, 22, 205000),)",2a3c600d
408656731,-778328246,3384,1:36:36.290000,"(datetime.datetime(2026, 9, 29, 16, 49, 22, 248000),)",2a3c600a
408657334,-778325247,3357,1:36:36.350000,"(datetime.datetime(2026, 9, 29, 16, 49, 22, 305000),)",2a3c600d
408656731,-778328246,3384,1:36:36.390000,"(datetime.datetime(2026, 9, 29, 16, 49, 22, 348000),)",2a3c600a
408657307,-778325370,3357,1:36:36.450000,"(datetime.datetime(2026, 9, 29, 16, 49, 22, 406000),)",2a3c600d
408656685,-778328465,3384,1:36:36.490000,"(datetime.datetime(2026, 9, 29, 16, 49, 22, 449000),)",2a3c600a
408657279,-778325493,3357,1:36:36.550000,"(datetime.datetime(2026, 9, 29, 16, 49, 22, 509000),)",2a3c600d
408656685,-778328465,3384,1:36:36.600000,"(datetime.datetime(2026, 9, 29, 16, 49, 22, 551000),)",2a3c600a
408657254,-778325611,3357,1:36:36.650000,"(datetime.datetime(2026, 9, 29, 16, 49, 22, 604000),)",2a3c600d
408656663,-778328570,3384,1:36:36.700000,"(datetime.datetime(2026, 9, 29, 16, 49, 22, 654000),)",2a3c600a
408657226,-778325732,3357,1:36:36.750000,"(datetime.datetime(2026, 9, 29, 16, 49, 22, 705000),)",2a3c600d
408656642,-778328672,3384,1:36:36.790000,"(datetime.datetime(2026, 9, 29, 16, 49, 22, 750000),)",2a3c600a
408657201,-778325850,3357,1:36:36.850000,"(datetime.datetime(2026, 9, 29, 16, 49, 22, 804000),)",2a3c600d
408656622,-778328777,3383,1:36:36.890000,"(datetime.datetime(2026, 9, 29, 16, 49, 22, 848000),)",2a3c600a
408657175,-778325967,3357,1:36:36.950000,"(datetime.datetime(2026, 9, 29, 16, 49, 22, 905000),)",2a3c600d
408656598,-778328878,3384,1:36:36.990000,"(datetime.datetime(2026, 9, 29, 16, 49, 22, 949000),)",2a3c600a
408657151,-778326080,3357,1:36:37.050000,"(datetime.datetime(2026, 9, 29, 16, 49, 23, 6000),)",2a3c600d
408656577,-778328978,3384,1:36:37.090000,"(datetime.datetime(2026, 9, 29, 16, 49, 23, 49000),)",2a3c600a
408657126,-778326195,3357,1:36:37.150000,"(datetime.datetime(2026, 9, 29, 16, 49, 23, 105000),)",2a3c600d
408656535,-778329182,3384,1:36:37.190000,"(datetime.datetime(2026, 9, 29, 16, 49, 23, 149000),)",2a3c600a
408657102,-778326324,3358,1:36:37.250000,"(datetime.datetime(2026, 9, 29, 16, 49, 23, 205000),)",2a3c600d
408656514,-778329273,3384,1:36:37.290000,"(datetime.datetime(2026, 9, 29, 16, 49, 23, 249000),)",2a3c600a
408657078,-778326428,3358,1:36:37.360000,"(datetime.datetime(2026, 9, 29, 16, 49, 23, 319000),)",2a3c600d
408656514,-778329273,3384,1:36:37.390000,"(datetime.datetime(2026, 9, 29, 16, 49, 23, 349000),)",2a3c600a
408657056,-778326535,3357,1:36:37.450000,"(datetime.datetime(2026, 9, 29, 16, 49, 23, 406000),)",2a3c600d
408656495,-778329369,3384,1:36:37.500000,"(datetime.datetime(2026, 9, 29, 16, 49, 23, 457000),)",2a3c600a
408657032,-778326643,3358,1:36:37.550000,"(datetime.datetime(2026, 9, 29, 16, 49, 23, 505000),)",2a3c600d
408656476,-778329462,3384,1:36:37.590000,"(datetime.datetime(2026, 9, 29, 16, 49, 23, 549000),)",2a3c600a
408657010,-778326747,3358,1:36:37.650000,"(datetime.datetime(2026, 9, 29, 16, 49, 23, 605000),)",2a3c600d
408656456,-778329554,3384,1:36:37.690000,"(datetime.datetime(2026, 9, 29, 16, 49, 23, 649000),)",2a3c600a
408656986,-778326851,3358,1:36:37.750000,"(datetime.datetime(2026, 9, 29, 16, 49, 23, 705000),)",2a3c600d
408656437,-778329644,3384,1:36:37.800000,"(datetime.datetime(2026, 9, 29, 16, 49, 23, 751000),)",2a3c600a
408656965,-778326954,3358,1:36:37.860000,"(datetime.datetime(2026, 9, 29, 16, 49, 23, 813000),)",2a3c600d
408656418,-778329734,3384,1:36:37.890000,"(datetime.datetime(2026, 9, 29, 16, 49, 23, 849000),)",2a3c600a
408656939,-778327054,3358,1:36:37.950000,"(datetime.datetime(2026, 9, 29, 16, 49, 23, 906000),)",2a3c600d
408656399,-778329820,3384,1:36:38,"(datetime.datetime(2026, 9, 29, 16, 49, 23, 952000),)",2a3c600a
408656920,-778327153,3358,1:36:38.050000,"(datetime.datetime(2026, 9, 29, 16, 49, 24, 5000),)",2a3c600d
408656382,-778329907,3384,1:36:38.090000,"(datetime.datetime(2026, 9, 29, 16, 49, 24, 49000),)",2a3c600a
408656898,-778327250,3358,1:36:38.150000,"(datetime.datetime(2026, 9, 29, 16, 49, 24, 104000),)",2a3c600d
408656363,-778329992,3384,1:36:38.190000,"(datetime.datetime(2026, 9, 29, 16, 49, 24, 149000),)",2a3c600a
408656879,-778327360,3358,1:36:38.250000,"(datetime.datetime(2026, 9, 29, 16, 49, 24, 205000),)",2a3c600d
408656342,-778330083,3384,1:36:38.290000,"(datetime.datetime(2026, 9, 29, 16, 49, 24, 249000),)",2a3c600a
408656858,-778327448,3358,1:36:38.350000,"(datetime.datetime(2026, 9, 29, 16, 49, 24, 305000),)",2a3c600d
408656325,-778330163,3384,1:36:38.390000,"(datetime.datetime(2026, 9, 29, 16, 49, 24, 349000),)",2a3c600a
408656840,-778327542,3358,1:36:38.450000,"(datetime.datetime(2026, 9, 29, 16, 49, 24, 404000),)",2a3c600d
408656292,-778330325,3384,1:36:38.490000,"(datetime.datetime(2026, 9, 29, 16, 49, 24, 449000),)",2a3c600a
408656820,-778327629,3358,1:36:38.550000,"(datetime.datetime(2026, 9, 29, 16, 49, 24, 505000),)",2a3c600d
408656274,-778330404,3384,1:36:38.590000,"(datetime.datetime(2026, 9, 29, 16, 49, 24, 549000),)",2a3c600a
408656801,-778327719,3358,1:36:38.650000,"(datetime.datetime(2026, 9, 29, 16, 49, 24, 604000),)",2a3c600d
408656259,-778330479,3384,1:36:38.670000,"(datetime.datetime(2026, 9, 29, 16, 49, 24, 621000),)",2a3c600a
408656782,-778327802,3358,1:36:38.750000,"(datetime.datetime(2026, 9, 29, 16, 49, 24, 705000),)",2a3c600d
408656242,-778330556,3384,1:36:38.770000,"(datetime.datetime(2026, 9, 29, 16, 49, 24, 722000),)",2a3c600a
408656763,-778327887,3358,1:36:38.850000,"(datetime.datetime(2026, 9, 29, 16, 49, 24, 806000),)",2a3c600d
408656242,-778330556,3384,1:36:38.870000,"(datetime.datetime(2026, 9, 29, 16, 49, 24, 824000),)",2a3c600a
408656748,-778327969,3358,1:36:38.950000,"(datetime.datetime(2026, 9, 29, 16, 49, 24, 907000),)",2a3c600d
408656228,-778330628,3383,1:36:38.970000,"(datetime.datetime(2026, 9, 29, 16, 49, 24, 924000),)",2a3c600a
408656731,-778328050,3358,1:36:39.050000,"(datetime.datetime(2026, 9, 29, 16, 49, 25, 8000),)",2a3c600d
408656212,-778330700,3384,1:36:39.070000,"(datetime.datetime(2026, 9, 29, 16, 49, 25, 22000),)",2a3c600a
408656713,-778328129,3358,1:36:39.150000,"(datetime.datetime(2026, 9, 29, 16, 49, 25, 105000),)",2a3c600d
408656179,-778330841,3384,1:36:39.170000,"(datetime.datetime(2026, 9, 29, 16, 49, 25, 128000),)",2a3c600a
408656693,-778328222,3358,1:36:39.260000,"(datetime.datetime(2026, 9, 29, 16, 49, 25, 212000),)",2a3c600d
408656166,-778330902,3384,1:36:39.280000,"(datetime.datetime(2026, 9, 29, 16, 49, 25, 239000),)",2a3c600a
408656680,-778328295,3358,1:36:39.350000,"(datetime.datetime(2026, 9, 29, 16, 49, 25, 306000),)",2a3c600d
408656154,-778330962,3384,1:36:39.370000,"(datetime.datetime(2026, 9, 29, 16, 49, 25, 321000),)",2a3c600a
408656660,-778328372,3358,1:36:39.450000,"(datetime.datetime(2026, 9, 29, 16, 49, 25, 405000),)",2a3c600d
408656154,-778330962,3384,1:36:39.470000,"(datetime.datetime(2026, 9, 29, 16, 49, 25, 423000),)",2a3c600a
408656645,-778328449,3358,1:36:39.550000,"(datetime.datetime(2026, 9, 29, 16, 49, 25, 506000),)",2a3c600d
408656142,-778331018,3384,1:36:39.580000,"(datetime.datetime(2026, 9, 29, 16, 49, 25, 531000),)",2a3c600a
408656630,-778328524,3358,1:36:39.650000,"(datetime.datetime(2026, 9, 29, 16, 49, 25, 605000),)",2a3c600d
408656130,-778331073,3384,1:36:39.670000,"(datetime.datetime(2026, 9, 29, 16, 49, 25, 623000),)",2a3c600a
408656612,-778328596,3358,1:36:39.750000,"(datetime.datetime(2026, 9, 29, 16, 49, 25, 709000),)",2a3c600d
408656119,-778331125,3384,1:36:39.770000,"(datetime.datetime(2026, 9, 29, 16, 49, 25, 725000),)",2a3c600a
408656597,-778328670,3358,1:36:39.850000,"(datetime.datetime(2026, 9, 29, 16, 49, 25, 805000),)",2a3c600d
408656099,-778331219,3384,1:36:39.860000,"(datetime.datetime(2026, 9, 29, 16, 49, 25, 820000),)",2a3c600a
408656580,-778328743,3358,1:36:39.950000,"(datetime.datetime(2026, 9, 29, 16, 49, 25, 905000),)",2a3c600d
408656099,-778331219,3384,1:36:39.980000,"(datetime.datetime(2026, 9, 29, 16, 49, 25, 931000),)",2a3c600a
408656567,-778328815,3358,1:36:40.050000,"(datetime.datetime(2026, 9, 29, 16, 49, 26, 6000),)",2a3c600d
408656081,-778331300,3384,1:36:40.070000,"(datetime.datetime(2026, 9, 29, 16, 49, 26, 26000),)",2a3c600a
408656548,-778328886,3358,1:36:40.160000,"(datetime.datetime(2026, 9, 29, 16, 49, 26, 117000),)",2a3c600d
408656069,-778331349,3384,1:36:40.190000,"(datetime.datetime(2026, 9, 29, 16, 49, 26, 141000),)",2a3c600a
408656532,-778328962,3358,1:36:40.250000,"(datetime.datetime(2026, 9, 29, 16, 49, 26, 204000),)",2a3c600d
408656069,-778331349,3384,1:36:40.260000,"(datetime.datetime(2026, 9, 29, 16, 49, 26, 220000),)",2a3c600a
408656517,-778329027,3358,1:36:40.350000,"(datetime.datetime(2026, 9, 29, 16, 49, 26, 306000),)",2a3c600d
408656062,-778331375,3384,1:36:40.370000,"(datetime.datetime(2026, 9, 29, 16, 49, 26, 325000),)",2a3c600a
408656503,-778329093,3358,1:36:40.450000,"(datetime.datetime(2026, 9, 29, 16, 49, 26, 405000),)",2a3c600d
408656057,-778331407,3384,1:36:40.460000,"(datetime.datetime(2026, 9, 29, 16, 49, 26, 420000),)",2a3c600a
408656487,-778329158,3358,1:36:40.530000,"(datetime.datetime(2026, 9, 29, 16, 49, 26, 480000),)",2a3c600d
408656046,-778331459,3384,1:36:40.570000,"(datetime.datetime(2026, 9, 29, 16, 49, 26, 526000),)",2a3c600a
408656474,-778329225,3358,1:36:40.630000,"(datetime.datetime(2026, 9, 29, 16, 49, 26, 581000),)",2a3c600d
408656042,-778331480,3384,1:36:40.660000,"(datetime.datetime(2026, 9, 29, 16, 49, 26, 620000),)",2a3c600a
408656460,-778329287,3358,1:36:40.730000,"(datetime.datetime(2026, 9, 29, 16, 49, 26, 682000),)",2a3c600d
408656037,-778331498,3384,1:36:40.770000,"(datetime.datetime(2026, 9, 29, 16, 49, 26, 721000),)",2a3c600a
408656444,-778329349,3358,1:36:40.830000,"(datetime.datetime(2026, 9, 29, 16, 49, 26, 782000),)",2a3c600d
408656033,-778331514,3384,1:36:40.860000,"(datetime.datetime(2026, 9, 29, 16, 49, 26, 820000),)",2a3c600a
408656430,-778329409,3358,1:36:40.930000,"(datetime.datetime(2026, 9, 29, 16, 49, 26, 881000),)",2a3c600d
408656030,-778331528,3384,1:36:40.970000,"(datetime.datetime(2026, 9, 29, 16, 49, 26, 921000),)",2a3c600a
408656417,-778329468,3358,1:36:41.030000,"(datetime.datetime(2026, 9, 29, 16, 49, 26, 981000),)",2a3c600d
408656030,-778331528,3384,1:36:41.070000,"(datetime.datetime(2026, 9, 29, 16, 49, 27, 21000),)",2a3c600a
408656408,-778329526,3358,1:36:41.120000,"(datetime.datetime(2026, 9, 29, 16, 49, 27, 80000),)",2a3c600d
408656019,-778331561,3385,1:36:41.160000,"(datetime.datetime(2026, 9, 29, 16, 49, 27, 120000),)",2a3c600a
408656392,-778329588,3358,1:36:41.230000,"(datetime.datetime(2026, 9, 29, 16, 49, 27, 181000),)",2a3c600d
408656019,-778331561,3385,1:36:41.270000,"(datetime.datetime(2026, 9, 29, 16, 49, 27, 220000),)",2a3c600a
408656383,-778329639,3358,1:36:41.330000,"(datetime.datetime(2026, 9, 29, 16, 49, 27, 281000),)",2a3c600d
408656018,-778331572,3384,1:36:41.370000,"(datetime.datetime(2026, 9, 29, 16, 49, 27, 321000),)",2a3c600a
408656370,-778329691,3358,1:36:41.430000,"(datetime.datetime(2026, 9, 29, 16, 49, 27, 381000),)",2a3c600d
408656018,-778331572,3384,1:36:41.470000,"(datetime.datetime(2026, 9, 29, 16, 49, 27, 421000),)",2a3c600a
408656360,-778329740,3358,1:36:41.530000,"(datetime.datetime(2026, 9, 29, 16, 49, 27, 481000),)",2a3c600d
408656017,-778331577,3385,1:36:41.570000,"(datetime.datetime(2026, 9, 29, 16, 49, 27, 520000),)",2a3c600a
408656347,-778329789,3358,1:36:41.630000,"(datetime.datetime(2026, 9, 29, 16, 49, 27, 581000),)",2a3c600d
408656016,-778331580,3384,1:36:41.670000,"(datetime.datetime(2026, 9, 29, 16, 49, 27, 621000),)",2a3c600a
408656339,-778329835,3358,1:36:41.730000,"(datetime.datetime(2026, 9, 29, 16, 49, 27, 682000),)",2a3c600d
408656016,-778331582,3384,1:36:41.770000,"(datetime.datetime(2026, 9, 29, 16, 49, 27, 720000),)",2a3c600a
408656328,-778329880,3358,1:36:41.830000,"(datetime.datetime(2026, 9, 29, 16, 49, 27, 780000),)",2a3c600d
408656016,-778331583,3384,1:36:41.860000,"(datetime.datetime(2026, 9, 29, 16, 49, 27, 820000),)",2a3c600a
408656320,-778329923,3358,1:36:41.930000,"(datetime.datetime(2026, 9, 29, 16, 49, 27, 881000),)",2a3c600d
408656015,-778331585,3384,1:36:41.970000,"(datetime.datetime(2026, 9, 29, 16, 49, 27, 926000),)",2a3c600a
408656311,-778329964,3358,1:36:42.030000,"(datetime.datetime(2026, 9, 29, 16, 49, 27, 980000),)",2a3c600d
408656016,-778331584,3384,1:36:42.070000,"(datetime.datetime(2026, 9, 29, 16, 49, 28, 23000),)",2a3c600a
408656302,-778330002,3358,1:36:42.130000,"(datetime.datetime(2026, 9, 29, 16, 49, 28, 88000),)",2a3c600d
408656017,-778331584,3384,1:36:42.160000,"(datetime.datetime(2026, 9, 29, 16, 49, 28, 119000),)",2a3c600a
408656294,-778330051,3358,1:36:42.230000,"(datetime.datetime(2026, 9, 29, 16, 49, 28, 184000),)",2a3c600d
408656012,-778331599,3383,1:36:42.260000,"(datetime.datetime(2026, 9, 29, 16, 49, 28, 220000),)",2a3c600a
408656287,-778330081,3358,1:36:42.330000,"(datetime.datetime(2026, 9, 29, 16, 49, 28, 281000),)",2a3c600d
408656013,-778331591,3383,1:36:42.370000,"(datetime.datetime(2026, 9, 29, 16, 49, 28, 322000),)",2a3c600a
408656280,-778330114,3359,1:36:42.430000,"(datetime.datetime(2026, 9, 29, 16, 49, 28, 380000),)",2a3c600d
408656012,-778331591,3384,1:36:42.470000,"(datetime.datetime(2026, 9, 29, 16, 49, 28, 424000),)",2a3c600a
408656272,-778330144,3358,1:36:42.530000,"(datetime.datetime(2026, 9, 29, 16, 49, 28, 481000),)",2a3c600d
408656012,-778331591,3384,1:36:42.570000,"(datetime.datetime(2026, 9, 29, 16, 49, 28, 521000),)",2a3c600a
408656266,-778330172,3358,1:36:42.630000,"(datetime.datetime(2026, 9, 29, 16, 49, 28, 588000),)",2a3c600d
408656013,-778331592,3384,1:36:42.670000,"(datetime.datetime(2026, 9, 29, 16, 49, 28, 620000),)",2a3c600a
408656260,-778330201,3358,1:36:42.730000,"(datetime.datetime(2026, 9, 29, 16, 49, 28, 681000),)",2a3c600d
408656011,-778331592,3384,1:36:42.760000,"(datetime.datetime(2026, 9, 29, 16, 49, 28, 720000),)",2a3c600a
408656254,-778330225,3358,1:36:42.830000,"(datetime.datetime(2026, 9, 29, 16, 49, 28, 781000),)",2a3c600d
408656013,-778331590,3384,1:36:42.870000,"(datetime.datetime(2026, 9, 29, 16, 49, 28, 826000),)",2a3c600a
408656249,-778330248,3358,1:36:43.070000,"(datetime.datetime(2026, 9, 29, 16, 49, 29, 29000),)",2a3c600d
408656013,-778331590,3383,1:36:43.130000,"(datetime.datetime(2026, 9, 29, 16, 49, 29, 88000),)",2a3c600a
408656245,-778330267,3358,1:36:43.280000,"(datetime.datetime(2026, 9, 29, 16, 49, 29, 235000),)",2a3c600d
408656013,-778331591,3383,1:36:43.420000,"(datetime.datetime(2026, 9, 29, 16, 49, 29, 375000),)",2a3c600a
408656241,-778330287,3358,1:36:43.510000,"(datetime.datetime(2026, 9, 29, 16, 49, 29, 463000),)",2a3c600d
408656013,-778331591,3383,1:36:43.600000,"(datetime.datetime(2026, 9, 29, 16, 49, 29, 559000),)",2a3c600a
408656236,-778330315,3358,1:36:43.690000,"(datetime.datetime(2026, 9, 29, 16, 49, 29, 647000),)",2a3c600d
408656008,-778331593,3383,1:36:43.990000,"(datetime.datetime(2026, 9, 29, 16, 49, 29, 943000),)",2a3c600a
408656234,-778330327,3358,1:36:44.130000,"(datetime.datetime(2026, 9, 29, 16, 49, 30, 87000),)",2a3c600d
408656008,-778331591,3383,1:36:44.290000,"(datetime.datetime(2026, 9, 29, 16, 49, 30, 246000),)",2a3c600a
408656231,-778330341,3358,1:36:44.500000,"(datetime.datetime(2026, 9, 29, 16, 49, 30, 451000),)",2a3c600d
408656008,-778331591,3383,1:36:44.590000,"(datetime.datetime(2026, 9, 29, 16, 49, 30, 549000),)",2a3c600a
408656227,-778330353,3358,1:36:44.610000,"(datetime.datetime(2026, 9, 29, 16, 49, 30, 562000),)",2a3c600d
408656008,-778331593,3383,1:36:44.820000,"(datetime.datetime(2026, 9, 29, 16, 49, 30, 770000),)",2a3c600a
408656226,-778330365,3358,1:36:44.880000,"(datetime.datetime(2026, 9, 29, 16, 49, 30, 839000),)",2a3c600d
408656008,-778331590,3383,1:36:44.920000,"(datetime.datetime(2026, 9, 29, 16, 49, 30, 871000),)",2a3c600a
408656223,-778330375,3358,1:36:45.020000,"(datetime.datetime(2026, 9, 29, 16, 49, 30, 977000),)",2a3c600d
408656009,-778331590,3382,1:36:45.130000,"(datetime.datetime(2026, 9, 29, 16, 49, 31, 80000),)",2a3c600a
408656221,-778330385,3358,1:36:45.180000,"(datetime.datetime(2026, 9, 29, 16, 49, 31, 140000),)",2a3c600d
408656008,-778331591,3383,1:36:45.230000,"(datetime.datetime(2026, 9, 29, 16, 49, 31, 184000),)",2a3c600a
408656218,-778330396,3358,1:36:45.290000,"(datetime.datetime(2026, 9, 29, 16, 49, 31, 249000),)",2a3c600d
408656009,-778331590,3383,1:36:45.320000,"(datetime.datetime(2026, 9, 29, 16, 49, 31, 275000),)",2a3c600a
408656217,-778330405,3358,1:36:45.430000,"(datetime.datetime(2026, 9, 29, 16, 49, 31, 386000),)",2a3c600d
408656009,-778331591,3383,1:36:45.500000,"(datetime.datetime(2026, 9, 29, 16, 49, 31, 452000),)",2a3c600a
408656215,-778330413,3358,1:36:45.530000,"(datetime.datetime(2026, 9, 29, 16, 49, 31, 484000),)",2a3c600d
408656007,-778331592,3383,1:36:45.590000,"(datetime.datetime(2026, 9, 29, 16, 49, 31, 548000),)",2a3c600a
408656210,-778330427,3358,1:36:45.640000,"(datetime.datetime(2026, 9, 29, 16, 49, 31, 592000),)",2a3c600d
408656005,-778331586,3382,1:36:45.700000,"(datetime.datetime(2026, 9, 29, 16, 49, 31, 659000),)",2a3c600a
408656210,-778330431,3359,1:36:45.840000,"(datetime.datetime(2026, 9, 29, 16, 49, 31, 794000),)",2a3c600d
408656004,-778331587,3382,1:36:45.910000,"(datetime.datetime(2026, 9, 29, 16, 49, 31, 866000),)",2a3c600a
408656209,-778330435,3358,1:36:45.940000,"(datetime.datetime(2026, 9, 29, 16, 49, 31, 894000),)",2a3c600d
408656004,-778331586,3382,1:36:46.040000,"(datetime.datetime(2026, 9, 29, 16, 49, 31, 999000),)",2a3c600a
408656207,-778330442,3359,1:36:46.060000,"(datetime.datetime(2026, 9, 29, 16, 49, 32, 19000),)",2a3c600d
408656004,-778331587,3382,1:36:46.080000,"(datetime.datetime(2026, 9, 29, 16, 49, 32, 31000),)",2a3c600a
408656208,-778330445,3358,1:36:46.080000,"(datetime.datetime(2026, 9, 29, 16, 49, 32, 38000),)",2a3c600d
408656003,-778331587,3381,1:36:46.100000,"(datetime.datetime(2026, 9, 29, 16, 49, 32, 51000),)",2a3c600a
408656205,-778330451,3359,1:36:46.140000,"(datetime.datetime(2026, 9, 29, 16, 49, 32, 93000),)",2a3c600d
408656003,-778331588,3382,1:36:46.150000,"(datetime.datetime(2026, 9, 29, 16, 49, 32, 109000),)",2a3c600a
408656205,-778330453,3359,1:36:46.190000,"(datetime.datetime(2026, 9, 29, 16, 49, 32, 144000),)",2a3c600d
408656004,-778331586,3382,1:36:46.200000,"(datetime.datetime(2026, 9, 29, 16, 49, 32, 151000),)",2a3c600a
408656204,-778330454,3358,1:36:46.200000,"(datetime.datetime(2026, 9, 29, 16, 49, 32, 158000),)",2a3c600d
408656004,-778331587,3382,1:36:46.210000,"(datetime.datetime(2026, 9, 29, 16, 49, 32, 164000),)",2a3c600a
408656204,-778330457,3359,1:36:46.220000,"(datetime.datetime(2026, 9, 29, 16, 49, 32, 171000),)",2a3c600d
408656003,-778331587,3382,1:36:46.250000,"(datetime.datetime(2026, 9, 29, 16, 49, 32, 206000),)",2a3c600a
408656204,-778330457,3358,1:36:46.260000,"(datetime.datetime(2026, 9, 29, 16, 49, 32, 213000),)",2a3c600d
408656004,-778331587,3382,1:36:46.270000,"(datetime.datetime(2026, 9, 29, 16, 49, 32, 221000),)",2a3c600a
408656203,-778330463,3358,1:36:46.270000,"(datetime.datetime(2026, 9, 29, 16, 49, 32, 228000),)",2a3c600d
408656003,-778331584,3381,1:36:46.300000,"(datetime.datetime(2026, 9, 29, 16, 49, 32, 257000),)",2a3c600a
408656204,-778330460,3358,1:36:46.310000,"(datetime.datetime(2026, 9, 29, 16, 49, 32, 265000),)",2a3c600d
408656003,-778331584,3381,1:36:46.320000,"(datetime.datetime(2026, 9, 29, 16, 49, 32, 273000),)",2a3c600a
408656205,-778330460,3358,1:36:46.330000,"(datetime.datetime(2026, 9, 29, 16, 49, 32, 281000),)",2a3c600d
408656003,-778331584,3381,1:36:46.360000,"(datetime.datetime(2026, 9, 29, 16, 49, 32, 312000),)",2a3c600a
408656203,-778330459,3358,1:36:46.370000,"(datetime.datetime(2026, 9, 29, 16, 49, 32, 324000),)",2a3c600d
408656003,-778331584,3381,1:36:46.380000,"(datetime.datetime(2026, 9, 29, 16, 49, 32, 333000),)",2a3c600a
408656203,-778330458,3358,1:36:46.380000,"(datetime.datetime(2026, 9, 29, 16, 49, 32, 340000),)",2a3c600d
408656003,-778331584,3381,1:36:46.420000,"(datetime.datetime(2026, 9, 29, 16, 49, 32, 372000),)",2a3c600a
408656204,-778330459,3358,1:36:46.420000,"(datetime.datetime(2026, 9, 29, 16, 49, 32, 380000),)",2a3c600d
408656003,-778331584,3381,1:36:46.430000,"(datetime.datetime(2026, 9, 29, 16, 49, 32, 388000),)",2a3c600a
408656204,-778330459,3358,1:36:46.440000,"(datetime.datetime(2026, 9, 29, 16, 49, 32, 395000),)",2a3c600d
408656003,-778331584,3381,1:36:46.470000,"(datetime.datetime(2026, 9, 29, 16, 49, 32, 428000),)",2a3c600a
408656205,-778330460,3359,1:36:46.480000,"(datetime.datetime(2026, 9, 29, 16, 49, 32, 436000),)",2a3c600d
408656003,-778331584,3381,1:36:46.490000,"(datetime.datetime(2026, 9, 29, 16, 49, 32, 444000),)",2a3c600a
408656205,-778330459,3358,1:36:46.500000,"(datetime.datetime(2026, 9, 29, 16, 49, 32, 451000),)",2a3c600d
408656003,-778331584,3381,1:36:46.530000,"(datetime.datetime(2026, 9, 29, 16, 49, 32, 483000),)",2a3c600a
408656205,-778330459,3358,1:36:46.540000,"(datetime.datetime(2026, 9, 29, 16, 49, 32, 491000),)",2a3c600d
408656003,-778331584,3381,1:36:46.540000,"(datetime.datetime(2026, 9, 29, 16, 49, 32, 499000),)",2a3c600a
408656200,-778330464,3358,1:36:46.550000,"(datetime.datetime(2026, 9, 29, 16, 49, 32, 505000),)",2a3c600d
408656000,-778331612,3380,1:36:46.590000,"(datetime.datetime(2026, 9, 29, 16, 49, 32, 541000),)",2a3c600a
408655999,-778331619,3380,1:36:46.590000,"(datetime.datetime(2026, 9, 29, 16, 49, 32, 549000),)",2a3c600a
408656199,-778330459,3357,1:36:46.600000,"(datetime.datetime(2026, 9, 29, 16, 49, 32, 559000),)",2a3c600d
408655996,-778331627,3380,1:36:46.610000,"(datetime.datetime(2026, 9, 29, 16, 49, 32, 567000),)",2a3c600a
408656198,-778330462,3358,1:36:46.650000,"(datetime.datetime(2026, 9, 29, 16, 49, 32, 602000),)",2a3c600d
408656198,-778330460,3357,1:36:46.650000,"(datetime.datetime(2026, 9, 29, 16, 49, 32, 610000),)",2a3c600d
408655996,-778331635,3380,1:36:46.660000,"(datetime.datetime(2026, 9, 29, 16, 49, 32, 618000),)",2a3c600a
408656198,-778330461,3357,1:36:46.670000,"(datetime.datetime(2026, 9, 29, 16, 49, 32, 628000),)",2a3c600d
408655993,-778331648,3380,1:36:46.760000,"(datetime.datetime(2026, 9, 29, 16, 49, 32, 712000),)",2a3c600a
408655988,-778331666,3380,1:36:46.770000,"(datetime.datetime(2026, 9, 29, 16, 49, 32, 727000),)",2a3c600a
408656198,-778330462,3358,1:36:46.830000,"(datetime.datetime(2026, 9, 29, 16, 49, 32, 781000),)",2a3c600d
408656200,-778330463,3357,1:36:46.840000,"(datetime.datetime(2026, 9, 29, 16, 49, 32, 794000),)",2a3c600d
408655986,-778331687,3380,1:36:46.870000,"(datetime.datetime(2026, 9, 29, 16, 49, 32, 821000),)",2a3c600a
408656199,-778330464,3358,1:36:46.930000,"(datetime.datetime(2026, 9, 29, 16, 49, 32, 887000),)",2a3c600d
408655979,-778331714,3380,1:36:46.970000,"(datetime.datetime(2026, 9, 29, 16, 49, 32, 921000),)",2a3c600a
408656199,-778330467,3358,1:36:47.030000,"(datetime.datetime(2026, 9, 29, 16, 49, 32, 990000),)",2a3c600d
408655973,-778331746,3380,1:36:47.060000,"(datetime.datetime(2026, 9, 29, 16, 49, 33, 20000),)",2a3c600a
408656198,-778330470,3358,1:36:47.130000,"(datetime.datetime(2026, 9, 29, 16, 49, 33, 89000),)",2a3c600d
408655966,-778331781,3380,1:36:47.170000,"(datetime.datetime(2026, 9, 29, 16, 49, 33, 120000),)",2a3c600a
408656189,-778330459,3357,1:36:47.230000,"(datetime.datetime(2026, 9, 29, 16, 49, 33, 188000),)",2a3c600d
408655942,-778331863,3382,1:36:47.260000,"(datetime.datetime(2026, 9, 29, 16, 49, 33, 220000),)",2a3c600a
408656189,-778330459,3357,1:36:47.340000,"(datetime.datetime(2026, 9, 29, 16, 49, 33, 298000),)",2a3c600d
408655931,-778331908,3382,1:36:47.360000,"(datetime.datetime(2026, 9, 29, 16, 49, 33, 320000),)",2a3c600a
408656189,-778330459,3357,1:36:47.430000,"(datetime.datetime(2026, 9, 29, 16, 49, 33, 388000),)",2a3c600d
408655923,-778331952,3382,1:36:47.460000,"(datetime.datetime(2026, 9, 29, 16, 49, 33, 420000),)",2a3c600a
408656189,-778330459,3357,1:36:47.530000,"(datetime.datetime(2026, 9, 29, 16, 49, 33, 489000),)",2a3c600d
408655913,-778332000,3382,1:36:47.570000,"(datetime.datetime(2026, 9, 29, 16, 49, 33, 522000),)",2a3c600a
408656189,-778330459,3357,1:36:47.630000,"(datetime.datetime(2026, 9, 29, 16, 49, 33, 589000),)",2a3c600d
408655900,-778332051,3382,1:36:47.680000,"(datetime.datetime(2026, 9, 29, 16, 49, 33, 634000),)",2a3c600a
408656189,-778330459,3357,1:36:47.730000,"(datetime.datetime(2026, 9, 29, 16, 49, 33, 688000),)",2a3c600d
408655889,-778332106,3382,1:36:47.760000,"(datetime.datetime(2026, 9, 29, 16, 49, 33, 720000),)",2a3c600a
408656189,-778330459,3357,1:36:47.830000,"(datetime.datetime(2026, 9, 29, 16, 49, 33, 788000),)",2a3c600d
408655877,-778332164,3382,1:36:47.860000,"(datetime.datetime(2026, 9, 29, 16, 49, 33, 820000),)",2a3c600a
408656189,-778330459,3357,1:36:47.930000,"(datetime.datetime(2026, 9, 29, 16, 49, 33, 890000),)",2a3c600d
408655865,-778332227,3382,1:36:47.970000,"(datetime.datetime(2026, 9, 29, 16, 49, 33, 921000),)",2a3c600a
408656189,-778330459,3357,1:36:48.030000,"(datetime.datetime(2026, 9, 29, 16, 49, 33, 988000),)",2a3c600d
408655851,-778332289,3382,1:36:48.060000,"(datetime.datetime(2026, 9, 29, 16, 49, 34, 20000),)",2a3c600a
408656189,-778330459,3357,1:36:48.130000,"(datetime.datetime(2026, 9, 29, 16, 49, 34, 89000),)",2a3c600d
408655837,-778332356,3382,1:36:48.170000,"(datetime.datetime(2026, 9, 29, 16, 49, 34, 123000),)",2a3c600a
408655817,-778332436,3386,1:36:48.240000,"(datetime.datetime(2026, 9, 29, 16, 49, 34, 191000),)",2a3c600a
408656178,-778330517,3358,1:36:48.250000,"(datetime.datetime(2026, 9, 29, 16, 49, 34, 205000),)",2a3c600d
408656177,-778330535,3358,1:36:48.330000,"(datetime.datetime(2026, 9, 29, 16, 49, 34, 289000),)",2a3c600d
408655801,-778332514,3385,1:36:48.360000,"(datetime.datetime(2026, 9, 29, 16, 49, 34, 313000),)",2a3c600a
408656172,-778330549,3358,1:36:48.430000,"(datetime.datetime(2026, 9, 29, 16, 49, 34, 389000),)",2a3c600d
408655787,-778332587,3385,1:36:48.460000,"(datetime.datetime(2026, 9, 29, 16, 49, 34, 410000),)",2a3c600a
408656169,-778330568,3358,1:36:48.530000,"(datetime.datetime(2026, 9, 29, 16, 49, 34, 488000),)",2a3c600d
408655770,-778332663,3385,1:36:48.560000,"(datetime.datetime(2026, 9, 29, 16, 49, 34, 514000),)",2a3c600a
408656164,-778330589,3358,1:36:48.630000,"(datetime.datetime(2026, 9, 29, 16, 49, 34, 589000),)",2a3c600d
408655753,-778332742,3385,1:36:48.650000,"(datetime.datetime(2026, 9, 29, 16, 49, 34, 607000),)",2a3c600a
408655736,-778332819,3385,1:36:48.740000,"(datetime.datetime(2026, 9, 29, 16, 49, 34, 690000),)",2a3c600a
408656162,-778330610,3358,1:36:48.750000,"(datetime.datetime(2026, 9, 29, 16, 49, 34, 707000),)",2a3c600d
408656155,-778330635,3358,1:36:48.830000,"(datetime.datetime(2026, 9, 29, 16, 49, 34, 790000),)",2a3c600d
408655719,-778332901,3385,1:36:48.850000,"(datetime.datetime(2026, 9, 29, 16, 49, 34, 806000),)",2a3c600a
408656149,-778330660,3358,1:36:48.930000,"(datetime.datetime(2026, 9, 29, 16, 49, 34, 889000),)",2a3c600d
408655701,-778332981,3384,1:36:48.950000,"(datetime.datetime(2026, 9, 29, 16, 49, 34, 905000),)",2a3c600a
408656141,-778330689,3358,1:36:49.030000,"(datetime.datetime(2026, 9, 29, 16, 49, 34, 989000),)",2a3c600d
408655684,-778333063,3384,1:36:49.050000,"(datetime.datetime(2026, 9, 29, 16, 49, 35, 7000),)",2a3c600a
408656135,-778330717,3358,1:36:49.130000,"(datetime.datetime(2026, 9, 29, 16, 49, 35, 89000),)",2a3c600d
408655665,-778333149,3384,1:36:49.160000,"(datetime.datetime(2026, 9, 29, 16, 49, 35, 112000),)",2a3c600a
408656156,-778330776,3360,1:36:49.230000,"(datetime.datetime(2026, 9, 29, 16, 49, 35, 189000),)",2a3c600d
408655651,-778333208,3384,1:36:49.250000,"(datetime.datetime(2026, 9, 29, 16, 49, 35, 204000),)",2a3c600a
408656147,-778330815,3360,1:36:49.330000,"(datetime.datetime(2026, 9, 29, 16, 49, 35, 289000),)",2a3c600d
408655630,-778333307,3384,1:36:49.350000,"(datetime.datetime(2026, 9, 29, 16, 49, 35, 305000),)",2a3c600a
408656139,-778330851,3360,1:36:49.430000,"(datetime.datetime(2026, 9, 29, 16, 49, 35, 389000),)",2a3c600d
408655610,-778333398,3384,1:36:49.460000,"(datetime.datetime(2026, 9, 29, 16, 49, 35, 411000),)",2a3c600a
408656131,-778330890,3360,1:36:49.540000,"(datetime.datetime(2026, 9, 29, 16, 49, 35, 492000),)",2a3c600d
408655590,-778333493,3384,1:36:49.560000,"(datetime.datetime(2026, 9, 29, 16, 49, 35, 519000),)",2a3c600a
408656120,-778330930,3360,1:36:49.640000,"(datetime.datetime(2026, 9, 29, 16, 49, 35, 591000),)",2a3c600d
408655569,-778333589,3385,1:36:49.650000,"(datetime.datetime(2026, 9, 29, 16, 49, 35, 606000),)",2a3c600a
408655547,-778333688,3385,1:36:49.740000,"(datetime.datetime(2026, 9, 29, 16, 49, 35, 690000),)",2a3c600a
408656111,-778330972,3360,1:36:49.750000,"(datetime.datetime(2026, 9, 29, 16, 49, 35, 709000),)",2a3c600d
408656102,-778331018,3360,1:36:49.830000,"(datetime.datetime(2026, 9, 29, 16, 49, 35, 789000),)",2a3c600d
408655524,-778333790,3385,1:36:49.850000,"(datetime.datetime(2026, 9, 29, 16, 49, 35, 803000),)",2a3c600a
408656092,-778331064,3360,1:36:49.930000,"(datetime.datetime(2026, 9, 29, 16, 49, 35, 889000),)",2a3c600d
408655502,-778333894,3385,1:36:49.950000,"(datetime.datetime(2026, 9, 29, 16, 49, 35, 909000),)",2a3c600a
408656081,-778331111,3360,1:36:50.030000,"(datetime.datetime(2026, 9, 29, 16, 49, 35, 988000),)",2a3c600d
408655481,-778333999,3385,1:36:50.050000,"(datetime.datetime(2026, 9, 29, 16, 49, 36, 5000),)",2a3c600a
408656071,-778331161,3360,1:36:50.130000,"(datetime.datetime(2026, 9, 29, 16, 49, 36, 89000),)",2a3c600d
408655457,-778334105,3385,1:36:50.150000,"(datetime.datetime(2026, 9, 29, 16, 49, 36, 105000),)",2a3c600a
408656070,-778331221,3362,1:36:50.230000,"(datetime.datetime(2026, 9, 29, 16, 49, 36, 189000),)",2a3c600d
408655443,-778334217,3385,1:36:50.250000,"(datetime.datetime(2026, 9, 29, 16, 49, 36, 205000),)",2a3c600a
408656062,-778331281,3363,1:36:50.330000,"(datetime.datetime(2026, 9, 29, 16, 49, 36, 289000),)",2a3c600d
408655417,-778334334,3385,1:36:50.360000,"(datetime.datetime(2026, 9, 29, 16, 49, 36, 318000),)",2a3c600a
408656047,-778331336,3363,1:36:50.430000,"(datetime.datetime(2026, 9, 29, 16, 49, 36, 389000),)",2a3c600d
408655393,-778334446,3385,1:36:50.450000,"(datetime.datetime(2026, 9, 29, 16, 49, 36, 405000),)",2a3c600a
408656037,-778331393,3363,1:36:50.530000,"(datetime.datetime(2026, 9, 29, 16, 49, 36, 488000),)",2a3c600d
408655369,-778334561,3385,1:36:50.550000,"(datetime.datetime(2026, 9, 29, 16, 49, 36, 502000),)",2a3c600a
408656023,-778331453,3363,1:36:50.630000,"(datetime.datetime(2026, 9, 29, 16, 49, 36, 590000),)",2a3c600d
408655344,-778334678,3385,1:36:50.650000,"(datetime.datetime(2026, 9, 29, 16, 49, 36, 606000),)",2a3c600a
408656008,-778331513,3363,1:36:50.730000,"(datetime.datetime(2026, 9, 29, 16, 49, 36, 689000),)",2a3c600d
408655318,-778334795,3385,1:36:50.750000,"(datetime.datetime(2026, 9, 29, 16, 49, 36, 705000),)",2a3c600a
408655994,-778331576,3363,1:36:50.830000,"(datetime.datetime(2026, 9, 29, 16, 49, 36, 788000),)",2a3c600d
408655294,-778334915,3385,1:36:50.840000,"(datetime.datetime(2026, 9, 29, 16, 49, 36, 797000),)",2a3c600a
408655267,-778335038,3384,1:36:50.940000,"(datetime.datetime(2026, 9, 29, 16, 49, 36, 891000),)",2a3c600a
408655980,-778331640,3363,1:36:50.950000,"(datetime.datetime(2026, 9, 29, 16, 49, 36, 907000),)",2a3c600d
408655964,-778331707,3363,1:36:51.040000,"(datetime.datetime(2026, 9, 29, 16, 49, 36, 991000),)",2a3c600d
408655241,-778335159,3385,1:36:51.060000,"(datetime.datetime(2026, 9, 29, 16, 49, 37, 16000),)",2a3c600a
408655950,-778331776,3363,1:36:51.130000,"(datetime.datetime(2026, 9, 29, 16, 49, 37, 88000),)",2a3c600d
408655213,-778335285,3385,1:36:51.150000,"(datetime.datetime(2026, 9, 29, 16, 49, 37, 103000),)",2a3c600a
408655935,-778331839,3362,1:36:51.230000,"(datetime.datetime(2026, 9, 29, 16, 49, 37, 189000),)",2a3c600d
408655185,-778335413,3385,1:36:51.260000,"(datetime.datetime(2026, 9, 29, 16, 49, 37, 213000),)",2a3c600a
408655920,-778331915,3363,1:36:51.330000,"(datetime.datetime(2026, 9, 29, 16, 49, 37, 289000),)",2a3c600d
408655155,-778335548,3385,1:36:51.350000,"(datetime.datetime(2026, 9, 29, 16, 49, 37, 305000),)",2a3c600a
408655904,-778331988,3363,1:36:51.430000,"(datetime.datetime(2026, 9, 29, 16, 49, 37, 389000),)",2a3c600d
408655127,-778335675,3385,1:36:51.460000,"(datetime.datetime(2026, 9, 29, 16, 49, 37, 415000),)",2a3c600a
408655888,-778332066,3363,1:36:51.530000,"(datetime.datetime(2026, 9, 29, 16, 49, 37, 489000),)",2a3c600d
408655099,-778335809,3385,1:36:51.550000,"(datetime.datetime(2026, 9, 29, 16, 49, 37, 506000),)",2a3c600a
408655870,-778332146,3363,1:36:51.630000,"(datetime.datetime(2026, 9, 29, 16, 49, 37, 588000),)",2a3c600d
408655070,-778335941,3385,1:36:51.660000,"(datetime.datetime(2026, 9, 29, 16, 49, 37, 611000),)",2a3c600a
408655852,-778332226,3363,1:36:51.730000,"(datetime.datetime(2026, 9, 29, 16, 49, 37, 689000),)",2a3c600d
408655041,-778336076,3385,1:36:51.750000,"(datetime.datetime(2026, 9, 29, 16, 49, 37, 707000),)",2a3c600a
408655835,-778332309,3363,1:36:51.830000,"(datetime.datetime(2026, 9, 29, 16, 49, 37, 788000),)",2a3c600d
408655012,-778336211,3385,1:36:51.850000,"(datetime.datetime(2026, 9, 29, 16, 49, 37, 802000),)",2a3c600a
408654982,-778336350,3384,1:36:51.930000,"(datetime.datetime(2026, 9, 29, 16, 49, 37, 890000),)",2a3c600a
408655815,-778332393,3363,1:36:51.950000,"(datetime.datetime(2026, 9, 29, 16, 49, 37, 908000),)",2a3c600d
408655797,-778332480,3363,1:36:52.030000,"(datetime.datetime(2026, 9, 29, 16, 49, 37, 989000),)",2a3c600d
408654951,-778336490,3384,1:36:52.050000,"(datetime.datetime(2026, 9, 29, 16, 49, 38, 7000),)",2a3c600a
408654922,-778336628,3384,1:36:52.110000,"(datetime.datetime(2026, 9, 29, 16, 49, 38, 65000),)",2a3c600a
408655778,-778332570,3363,1:36:52.130000,"(datetime.datetime(2026, 9, 29, 16, 49, 38, 88000),)",2a3c600d
408654884,-778336754,3384,1:36:52.210000,"(datetime.datetime(2026, 9, 29, 16, 49, 38, 166000),)",2a3c600a
408655732,-778332653,3362,1:36:52.230000,"(datetime.datetime(2026, 9, 29, 16, 49, 38, 188000),)",2a3c600d
408654853,-778336899,3384,1:36:52.310000,"(datetime.datetime(2026, 9, 29, 16, 49, 38, 267000),)",2a3c600a
408655711,-778332751,3362,1:36:52.330000,"(datetime.datetime(2026, 9, 29, 16, 49, 38, 288000),)",2a3c600d
408654819,-778337043,3384,1:36:52.410000,"(datetime.datetime(2026, 9, 29, 16, 49, 38, 365000),)",2a3c600a
408655691,-778332847,3362,1:36:52.440000,"(datetime.datetime(2026, 9, 29, 16, 49, 38, 399000),)",2a3c600d
408654788,-778337186,3384,1:36:52.510000,"(datetime.datetime(2026, 9, 29, 16, 49, 38, 464000),)",2a3c600a
408655670,-778332943,3362,1:36:52.530000,"(datetime.datetime(2026, 9, 29, 16, 49, 38, 488000),)",2a3c600d
408654754,-778337332,3384,1:36:52.610000,"(datetime.datetime(2026, 9, 29, 16, 49, 38, 565000),)",2a3c600a
408655647,-778333042,3362,1:36:52.630000,"(datetime.datetime(2026, 9, 29, 16, 49, 38, 588000),)",2a3c600d
408654722,-778337479,3384,1:36:52.710000,"(datetime.datetime(2026, 9, 29, 16, 49, 38, 665000),)",2a3c600a
408655627,-778333143,3362,1:36:52.730000,"(datetime.datetime(2026, 9, 29, 16, 49, 38, 688000),)",2a3c600d
408654690,-778337627,3383,1:36:52.810000,"(datetime.datetime(2026, 9, 29, 16, 49, 38, 767000),)",2a3c600a
408655601,-778333245,3362,1:36:52.830000,"(datetime.datetime(2026, 9, 29, 16, 49, 38, 788000),)",2a3c600d
408654656,-778337777,3383,1:36:52.910000,"(datetime.datetime(2026, 9, 29, 16, 49, 38, 861000),)",2a3c600a
408655580,-778333351,3362,1:36:52.930000,"(datetime.datetime(2026, 9, 29, 16, 49, 38, 888000),)",2a3c600d
408654621,-778337928,3383,1:36:53.010000,"(datetime.datetime(2026, 9, 29, 16, 49, 38, 961000),)",2a3c600a
408655558,-778333458,3362,1:36:53.030000,"(datetime.datetime(2026, 9, 29, 16, 49, 38, 988000),)",2a3c600d
408654588,-778338079,3383,1:36:53.110000,"(datetime.datetime(2026, 9, 29, 16, 49, 39, 61000),)",2a3c600a
408655534,-778333565,3362,1:36:53.130000,"(datetime.datetime(2026, 9, 29, 16, 49, 39, 88000),)",2a3c600d
408654551,-778338239,3385,1:36:53.210000,"(datetime.datetime(2026, 9, 29, 16, 49, 39, 161000),)",2a3c600a
408655519,-778333661,3364,1:36:53.230000,"(datetime.datetime(2026, 9, 29, 16, 49, 39, 190000),)",2a3c600d
408654513,-778338395,3385,1:36:53.310000,"(datetime.datetime(2026, 9, 29, 16, 49, 39, 264000),)",2a3c600a
408655493,-778333776,3364,1:36:53.330000,"(datetime.datetime(2026, 9, 29, 16, 49, 39, 288000),)",2a3c600d
408654477,-778338549,3385,1:36:53.410000,"(datetime.datetime(2026, 9, 29, 16, 49, 39, 361000),)",2a3c600a
408655469,-778333889,3364,1:36:53.430000,"(datetime.datetime(2026, 9, 29, 16, 49, 39, 389000),)",2a3c600d
408654442,-778338703,3385,1:36:53.510000,"(datetime.datetime(2026, 9, 29, 16, 49, 39, 461000),)",2a3c600a
408655444,-778334002,3364,1:36:53.530000,"(datetime.datetime(2026, 9, 29, 16, 49, 39, 488000),)",2a3c600d
408654406,-778338858,3385,1:36:53.610000,"(datetime.datetime(2026, 9, 29, 16, 49, 39, 564000),)",2a3c600a
408655421,-778334116,3364,1:36:53.630000,"(datetime.datetime(2026, 9, 29, 16, 49, 39, 588000),)",2a3c600d
408654370,-778339014,3384,1:36:53.710000,"(datetime.datetime(2026, 9, 29, 16, 49, 39, 662000),)",2a3c600a
408655392,-778334232,3364,1:36:53.740000,"(datetime.datetime(2026, 9, 29, 16, 49, 39, 695000),)",2a3c600d
408654335,-778339171,3384,1:36:53.810000,"(datetime.datetime(2026, 9, 29, 16, 49, 39, 763000),)",2a3c600a
408655367,-778334351,3364,1:36:53.840000,"(datetime.datetime(2026, 9, 29, 16, 49, 39, 798000),)",2a3c600d
408654299,-778339329,3384,1:36:53.910000,"(datetime.datetime(2026, 9, 29, 16, 49, 39, 861000),)",2a3c600a
408655342,-778334470,3364,1:36:53.930000,"(datetime.datetime(2026, 9, 29, 16, 49, 39, 888000),)",2a3c600d
408654262,-778339489,3384,1:36:54,"(datetime.datetime(2026, 9, 29, 16, 49, 39, 960000),)",2a3c600a
408655315,-778334591,3364,1:36:54.030000,"(datetime.datetime(2026, 9, 29, 16, 49, 39, 989000),)",2a3c600d
408654226,-778339648,3383,1:36:54.110000,"(datetime.datetime(2026, 9, 29, 16, 49, 40, 62000),)",2a3c600a
408655289,-778334713,3364,1:36:54.130000,"(datetime.datetime(2026, 9, 29, 16, 49, 40, 89000),)",2a3c600d
408655265,-778334832,3364,1:36:54.180000,"(datetime.datetime(2026, 9, 29, 16, 49, 40, 132000),)",2a3c600d
408654194,-778339823,3384,1:36:54.210000,"(datetime.datetime(2026, 9, 29, 16, 49, 40, 160000),)",2a3c600a
408655237,-778334964,3364,1:36:54.270000,"(datetime.datetime(2026, 9, 29, 16, 49, 40, 228000),)",2a3c600d
408654156,-778339989,3385,1:36:54.320000,"(datetime.datetime(2026, 9, 29, 16, 49, 40, 272000),)",2a3c600a
408655211,-778335091,3364,1:36:54.370000,"(datetime.datetime(2026, 9, 29, 16, 49, 40, 329000),)",2a3c600d
408654117,-778340153,3385,1:36:54.410000,"(datetime.datetime(2026, 9, 29, 16, 49, 40, 361000),)",2a3c600a
408655182,-778335218,3364,1:36:54.470000,"(datetime.datetime(2026, 9, 29, 16, 49, 40, 428000),)",2a3c600d
408654080,-778340318,3385,1:36:54.510000,"(datetime.datetime(2026, 9, 29, 16, 49, 40, 460000),)",2a3c600a
408655154,-778335348,3364,1:36:54.570000,"(datetime.datetime(2026, 9, 29, 16, 49, 40, 529000),)",2a3c600d
408654041,-778340483,3385,1:36:54.610000,"(datetime.datetime(2026, 9, 29, 16, 49, 40, 561000),)",2a3c600a
408655125,-778335479,3364,1:36:54.690000,"(datetime.datetime(2026, 9, 29, 16, 49, 40, 641000),)",2a3c600d
408654006,-778340649,3385,1:36:54.700000,"(datetime.datetime(2026, 9, 29, 16, 49, 40, 656000),)",2a3c600a
408655098,-778335611,3364,1:36:54.770000,"(datetime.datetime(2026, 9, 29, 16, 49, 40, 728000),)",2a3c600d
408653969,-778340814,3385,1:36:54.800000,"(datetime.datetime(2026, 9, 29, 16, 49, 40, 756000),)",2a3c600a
408655069,-778335743,3364,1:36:54.870000,"(datetime.datetime(2026, 9, 29, 16, 49, 40, 829000),)",2a3c600d
408653932,-778340980,3385,1:36:54.910000,"(datetime.datetime(2026, 9, 29, 16, 49, 40, 867000),)",2a3c600a
408655039,-778335880,3364,1:36:54.970000,"(datetime.datetime(2026, 9, 29, 16, 49, 40, 928000),)",2a3c600d
408653893,-778341146,3385,1:36:55,"(datetime.datetime(2026, 9, 29, 16, 49, 40, 957000),)",2a3c600a
408655009,-778336015,3364,1:36:55.080000,"(datetime.datetime(2026, 9, 29, 16, 49, 41, 31000),)",2a3c600d
408653854,-778341316,3385,1:36:55.100000,"(datetime.datetime(2026, 9, 29, 16, 49, 41, 58000),)",2a3c600a
408654943,-778336148,3362,1:36:55.170000,"(datetime.datetime(2026, 9, 29, 16, 49, 41, 129000),)",2a3c600d
408653818,-778341486,3384,1:36:55.200000,"(datetime.datetime(2026, 9, 29, 16, 49, 41, 157000),)",2a3c600a
408654913,-778336290,3362,1:36:55.270000,"(datetime.datetime(2026, 9, 29, 16, 49, 41, 228000),)",2a3c600d
408653780,-778341656,3383,1:36:55.300000,"(datetime.datetime(2026, 9, 29, 16, 49, 41, 257000),)",2a3c600a
408654882,-778336432,3362,1:36:55.370000,"(datetime.datetime(2026, 9, 29, 16, 49, 41, 321000),)",2a3c600d
408653741,-778341827,3384,1:36:55.400000,"(datetime.datetime(2026, 9, 29, 16, 49, 41, 356000),)",2a3c600a
408654850,-778336573,3362,1:36:55.470000,"(datetime.datetime(2026, 9, 29, 16, 49, 41, 423000),)",2a3c600d
408653702,-778341998,3384,1:36:55.510000,"(datetime.datetime(2026, 9, 29, 16, 49, 41, 461000),)",2a3c600a
408654818,-778336717,3362,1:36:55.570000,"(datetime.datetime(2026, 9, 29, 16, 49, 41, 522000),)",2a3c600d
408653662,-778342171,3384,1:36:55.610000,"(datetime.datetime(2026, 9, 29, 16, 49, 41, 563000),)",2a3c600a
408654785,-778336863,3362,1:36:55.670000,"(datetime.datetime(2026, 9, 29, 16, 49, 41, 622000),)",2a3c600d
408653624,-778342344,3383,1:36:55.700000,"(datetime.datetime(2026, 9, 29, 16, 49, 41, 656000),)",2a3c600a
408654754,-778337008,3362,1:36:55.770000,"(datetime.datetime(2026, 9, 29, 16, 49, 41, 722000),)",2a3c600d
408653585,-778342519,3383,1:36:55.800000,"(datetime.datetime(2026, 9, 29, 16, 49, 41, 756000),)",2a3c600a
408654754,-778337008,3362,1:36:55.870000,"(datetime.datetime(2026, 9, 29, 16, 49, 41, 826000),)",2a3c600d
408653546,-778342695,3384,1:36:55.910000,"(datetime.datetime(2026, 9, 29, 16, 49, 41, 865000),)",2a3c600a
408654721,-778337156,3362,1:36:55.970000,"(datetime.datetime(2026, 9, 29, 16, 49, 41, 921000),)",2a3c600d
408653506,-778342869,3383,1:36:56,"(datetime.datetime(2026, 9, 29, 16, 49, 41, 957000),)",2a3c600a
408654687,-778337307,3361,1:36:56.070000,"(datetime.datetime(2026, 9, 29, 16, 49, 42, 21000),)",2a3c600d
408653467,-778343046,3383,1:36:56.100000,"(datetime.datetime(2026, 9, 29, 16, 49, 42, 56000),)",2a3c600a
408654654,-778337459,3362,1:36:56.170000,"(datetime.datetime(2026, 9, 29, 16, 49, 42, 121000),)",2a3c600d
408653467,-778343046,3383,1:36:56.200000,"(datetime.datetime(2026, 9, 29, 16, 49, 42, 157000),)",2a3c600a
408654613,-778337600,3360,1:36:56.270000,"(datetime.datetime(2026, 9, 29, 16, 49, 42, 221000),)",2a3c600d
408653417,-778343220,3385,1:36:56.300000,"(datetime.datetime(2026, 9, 29, 16, 49, 42, 257000),)",2a3c600a
408654579,-778337760,3360,1:36:56.370000,"(datetime.datetime(2026, 9, 29, 16, 49, 42, 321000),)",2a3c600d
408653377,-778343400,3385,1:36:56.400000,"(datetime.datetime(2026, 9, 29, 16, 49, 42, 356000),)",2a3c600a
408654545,-778337914,3360,1:36:56.470000,"(datetime.datetime(2026, 9, 29, 16, 49, 42, 422000),)",2a3c600d
408653337,-778343581,3385,1:36:56.500000,"(datetime.datetime(2026, 9, 29, 16, 49, 42, 457000),)",2a3c600a
408654510,-778338073,3360,1:36:56.570000,"(datetime.datetime(2026, 9, 29, 16, 49, 42, 522000),)",2a3c600d
408653297,-778343758,3385,1:36:56.600000,"(datetime.datetime(2026, 9, 29, 16, 49, 42, 557000),)",2a3c600a
408654475,-778338231,3360,1:36:56.670000,"(datetime.datetime(2026, 9, 29, 16, 49, 42, 622000),)",2a3c600d
408653258,-778343940,3385,1:36:56.700000,"(datetime.datetime(2026, 9, 29, 16, 49, 42, 657000),)",2a3c600a
408654438,-778338393,3360,1:36:56.770000,"(datetime.datetime(2026, 9, 29, 16, 49, 42, 724000),)",2a3c600d
408653218,-778344119,3385,1:36:56.800000,"(datetime.datetime(2026, 9, 29, 16, 49, 42, 757000),)",2a3c600a
408654404,-778338554,3360,1:36:56.870000,"(datetime.datetime(2026, 9, 29, 16, 49, 42, 821000),)",2a3c600d
408653177,-778344303,3384,1:36:56.900000,"(datetime.datetime(2026, 9, 29, 16, 49, 42, 857000),)",2a3c600a
408654366,-778338717,3360,1:36:56.970000,"(datetime.datetime(2026, 9, 29, 16, 49, 42, 930000),)",2a3c600d
408653136,-778344487,3385,1:36:57.010000,"(datetime.datetime(2026, 9, 29, 16, 49, 42, 967000),)",2a3c600a
408654331,-778338879,3360,1:36:57.070000,"(datetime.datetime(2026, 9, 29, 16, 49, 43, 21000),)",2a3c600d
408653097,-778344671,3384,1:36:57.100000,"(datetime.datetime(2026, 9, 29, 16, 49, 43, 56000),)",2a3c600a
408654295,-778339046,3359,1:36:57.170000,"(datetime.datetime(2026, 9, 29, 16, 49, 43, 122000),)",2a3c600d
408653056,-778344856,3384,1:36:57.200000,"(datetime.datetime(2026, 9, 29, 16, 49, 43, 156000),)",2a3c600a
408654252,-778339220,3360,1:36:57.270000,"(datetime.datetime(2026, 9, 29, 16, 49, 43, 222000),)",2a3c600d
408653011,-778345047,3385,1:36:57.300000,"(datetime.datetime(2026, 9, 29, 16, 49, 43, 257000),)",2a3c600a
408654216,-778339392,3359,1:36:57.370000,"(datetime.datetime(2026, 9, 29, 16, 49, 43, 321000),)",2a3c600d
408652970,-778345235,3385,1:36:57.400000,"(datetime.datetime(2026, 9, 29, 16, 49, 43, 357000),)",2a3c600a
408654180,-778339560,3359,1:36:57.470000,"(datetime.datetime(2026, 9, 29, 16, 49, 43, 422000),)",2a3c600d
408652928,-778345422,3385,1:36:57.500000,"(datetime.datetime(2026, 9, 29, 16, 49, 43, 459000),)",2a3c600a
408654141,-778339730,3359,1:36:57.570000,"(datetime.datetime(2026, 9, 29, 16, 49, 43, 522000),)",2a3c600d
408652887,-778345610,3385,1:36:57.610000,"(datetime.datetime(2026, 9, 29, 16, 49, 43, 561000),)",2a3c600a
408654104,-778339903,3359,1:36:57.670000,"(datetime.datetime(2026, 9, 29, 16, 49, 43, 622000),)",2a3c600d
408652846,-778345800,3385,1:36:57.700000,"(datetime.datetime(2026, 9, 29, 16, 49, 43, 656000),)",2a3c600a
408654066,-778340075,3359,1:36:57.770000,"(datetime.datetime(2026, 9, 29, 16, 49, 43, 721000),)",2a3c600d
408652805,-778345989,3385,1:36:57.800000,"(datetime.datetime(2026, 9, 29, 16, 49, 43, 757000),)",2a3c600a
408654028,-778340249,3359,1:36:58.010000,"(datetime.datetime(2026, 9, 29, 16, 49, 43, 967000),)",2a3c600d
408652765,-778346178,3384,1:36:58.240000,"(datetime.datetime(2026, 9, 29, 16, 49, 44, 193000),)",2a3c600a
408653990,-778340423,3359,1:36:58.370000,"(datetime.datetime(2026, 9, 29, 16, 49, 44, 323000),)",2a3c600d
408652723,-778346371,3384,1:36:58.460000,"(datetime.datetime(2026, 9, 29, 16, 49, 44, 413000),)",2a3c600a
408653950,-778340602,3359,1:36:58.550000,"(datetime.datetime(2026, 9, 29, 16, 49, 44, 510000),)",2a3c600d
408652682,-778346563,3384,1:36:58.640000,"(datetime.datetime(2026, 9, 29, 16, 49, 44, 599000),)",2a3c600a
408653913,-778340777,3359,1:36:58.870000,"(datetime.datetime(2026, 9, 29, 16, 49, 44, 829000),)",2a3c600d
408652641,-778346756,3384,1:36:59.040000,"(datetime.datetime(2026, 9, 29, 16, 49, 44, 991000),)",2a3c600a
408653843,-778340950,3359,1:36:59.240000,"(datetime.datetime(2026, 9, 29, 16, 49, 45, 197000),)",2a3c600d
408652596,-778346960,3385,1:36:59.340000,"(datetime.datetime(2026, 9, 29, 16, 49, 45, 297000),)",2a3c600a
408653803,-778341131,3359,1:36:59.460000,"(datetime.datetime(2026, 9, 29, 16, 49, 45, 414000),)",2a3c600d
408652555,-778347153,3384,1:36:59.560000,"(datetime.datetime(2026, 9, 29, 16, 49, 45, 517000),)",2a3c600a
408653763,-778341314,3359,1:36:59.670000,"(datetime.datetime(2026, 9, 29, 16, 49, 45, 630000),)",2a3c600d
408652515,-778347344,3384,1:36:59.860000,"(datetime.datetime(2026, 9, 29, 16, 49, 45, 816000),)",2a3c600a
408653724,-778341493,3359,1:36:59.930000,"(datetime.datetime(2026, 9, 29, 16, 49, 45, 887000),)",2a3c600d
408652473,-778347539,3384,1:36:59.980000,"(datetime.datetime(2026, 9, 29, 16, 49, 45, 936000),)",2a3c600a
408653685,-778341678,3359,1:37:00.040000,"(datetime.datetime(2026, 9, 29, 16, 49, 46),)",2a3c600d
408652430,-778347732,3384,1:37:00.080000,"(datetime.datetime(2026, 9, 29, 16, 49, 46, 36000),)",2a3c600a
408653643,-778341859,3359,1:37:00.190000,"(datetime.datetime(2026, 9, 29, 16, 49, 46, 144000),)",2a3c600d
408652388,-778347923,3384,1:37:00.250000,"(datetime.datetime(2026, 9, 29, 16, 49, 46, 207000),)",2a3c600a
408653602,-778342045,3359,1:37:00.290000,"(datetime.datetime(2026, 9, 29, 16, 49, 46, 243000),)",2a3c600d
408652346,-778348118,3384,1:37:00.390000,"(datetime.datetime(2026, 9, 29, 16, 49, 46, 343000),)",2a3c600a
408653565,-778342230,3359,1:37:00.450000,"(datetime.datetime(2026, 9, 29, 16, 49, 46, 406000),)",2a3c600d
408652304,-778348310,3384,1:37:00.490000,"(datetime.datetime(2026, 9, 29, 16, 49, 46, 448000),)",2a3c600a
408653524,-778342418,3359,1:37:00.590000,"(datetime.datetime(2026, 9, 29, 16, 49, 46, 549000),)",2a3c600d
408652263,-778348503,3384,1:37:00.660000,"(datetime.datetime(2026, 9, 29, 16, 49, 46, 610000),)",2a3c600a
408653485,-778342607,3359,1:37:00.700000,"(datetime.datetime(2026, 9, 29, 16, 49, 46, 650000),)",2a3c600d
408652221,-778348695,3384,1:37:00.800000,"(datetime.datetime(2026, 9, 29, 16, 49, 46, 755000),)",2a3c600a
408653443,-778342790,3359,1:37:00.820000,"(datetime.datetime(2026, 9, 29, 16, 49, 46, 775000),)",2a3c600d
408652174,-778348889,3385,1:37:00.830000,"(datetime.datetime(2026, 9, 29, 16, 49, 46, 784000),)",2a3c600a
408653403,-778342983,3359,1:37:00.840000,"(datetime.datetime(2026, 9, 29, 16, 49, 46, 793000),)",2a3c600d
408652131,-778349086,3385,1:37:00.850000,"(datetime.datetime(2026, 9, 29, 16, 49, 46, 800000),)",2a3c600a
408653362,-778343174,3359,1:37:00.880000,"(datetime.datetime(2026, 9, 29, 16, 49, 46, 836000),)",2a3c600d
408652090,-778349281,3384,1:37:00.890000,"(datetime.datetime(2026, 9, 29, 16, 49, 46, 844000),)",2a3c600a
408653320,-778343365,3359,1:37:00.900000,"(datetime.datetime(2026, 9, 29, 16, 49, 46, 853000),)",2a3c600d
408652047,-778349475,3384,1:37:00.910000,"(datetime.datetime(2026, 9, 29, 16, 49, 46, 863000),)",2a3c600a
408653278,-778343557,3359,1:37:00.940000,"(datetime.datetime(2026, 9, 29, 16, 49, 46, 895000),)",2a3c600d
408652006,-778349670,3384,1:37:00.950000,"(datetime.datetime(2026, 9, 29, 16, 49, 46, 904000),)",2a3c600a
408653234,-778343750,3359,1:37:00.960000,"(datetime.datetime(2026, 9, 29, 16, 49, 46, 912000),)",2a3c600d
408651964,-778349865,3383,1:37:00.970000,"(datetime.datetime(2026, 9, 29, 16, 49, 46, 921000),)",2a3c600a
408653193,-778343944,3359,1:37:01.010000,"(datetime.datetime(2026, 9, 29, 16, 49, 46, 962000),)",2a3c600d
408651921,-778350060,3383,1:37:01.020000,"(datetime.datetime(2026, 9, 29, 16, 49, 46, 971000),)",2a3c600a
408653149,-778344138,3359,1:37:01.030000,"(datetime.datetime(2026, 9, 29, 16, 49, 46, 981000),)",2a3c600d
408651880,-778350254,3383,1:37:01.030000,"(datetime.datetime(2026, 9, 29, 16, 49, 46, 988000),)",2a3c600a
408653106,-778344335,3358,1:37:01.070000,"(datetime.datetime(2026, 9, 29, 16, 49, 47, 26000),)",2a3c600d
408651837,-778350449,3383,1:37:01.080000,"(datetime.datetime(2026, 9, 29, 16, 49, 47, 36000),)",2a3c600a
408653063,-778344533,3358,1:37:01.090000,"(datetime.datetime(2026, 9, 29, 16, 49, 47, 46000),)",2a3c600d
408651796,-778350647,3383,1:37:01.100000,"(datetime.datetime(2026, 9, 29, 16, 49, 47, 53000),)",2a3c600a
408653033,-778344729,3360,1:37:01.140000,"(datetime.datetime(2026, 9, 29, 16, 49, 47, 94000),)",2a3c600d
408651763,-778350842,3381,1:37:01.150000,"(datetime.datetime(2026, 9, 29, 16, 49, 47, 104000),)",2a3c600a
408652991,-778344929,3359,1:37:01.170000,"(datetime.datetime(2026, 9, 29, 16, 49, 47, 126000),)",2a3c600d
408651719,-778351040,3381,1:37:01.200000,"(datetime.datetime(2026, 9, 29, 16, 49, 47, 154000),)",2a3c600a
408652946,-778345129,3359,1:37:01.210000,"(datetime.datetime(2026, 9, 29, 16, 49, 47, 163000),)",2a3c600d
408651676,-778351234,3381,1:37:01.220000,"(datetime.datetime(2026, 9, 29, 16, 49, 47, 175000),)",2a3c600a
408652901,-778345326,3359,1:37:01.270000,"(datetime.datetime(2026, 9, 29, 16, 49, 47, 224000),)",2a3c600d
408651634,-778351428,3380,1:37:01.280000,"(datetime.datetime(2026, 9, 29, 16, 49, 47, 233000),)",2a3c600a
408652858,-778345528,3359,1:37:01.290000,"(datetime.datetime(2026, 9, 29, 16, 49, 47, 240000),)",2a3c600d
408651593,-778351624,3380,1:37:01.290000,"(datetime.datetime(2026, 9, 29, 16, 49, 47, 248000),)",2a3c600a
408652815,-778345727,3359,1:37:01.330000,"(datetime.datetime(2026, 9, 29, 16, 49, 47, 280000),)",2a3c600d
408651550,-778351822,3380,1:37:01.330000,"(datetime.datetime(2026, 9, 29, 16, 49, 47, 289000),)",2a3c600a
408652770,-778345930,3359,1:37:01.340000,"(datetime.datetime(2026, 9, 29, 16, 49, 47, 298000),)",2a3c600d
408651509,-778352014,3380,1:37:01.350000,"(datetime.datetime(2026, 9, 29, 16, 49, 47, 306000),)",2a3c600a
408652729,-778346130,3359,1:37:01.390000,"(datetime.datetime(2026, 9, 29, 16, 49, 47, 345000),)",2a3c600d
408651467,-778352211,3380,1:37:01.400000,"(datetime.datetime(2026, 9, 29, 16, 49, 47, 355000),)",2a3c600a
408652685,-778346335,3358,1:37:01.410000,"(datetime.datetime(2026, 9, 29, 16, 49, 47, 363000),)",2a3c600d
408651425,-778352406,3380,1:37:01.420000,"(datetime.datetime(2026, 9, 29, 16, 49, 47, 371000),)",2a3c600a
408652643,-778346536,3358,1:37:01.460000,"(datetime.datetime(2026, 9, 29, 16, 49, 47, 414000),)",2a3c600d
408651384,-778352601,3380,1:37:01.470000,"(datetime.datetime(2026, 9, 29, 16, 49, 47, 424000),)",2a3c600a
408652600,-778346737,3357,1:37:01.480000,"(datetime.datetime(2026, 9, 29, 16, 49, 47, 434000),)",2a3c600d
408651335,-778352807,3381,1:37:01.490000,"(datetime.datetime(2026, 9, 29, 16, 49, 47, 442000),)",2a3c600a
408652556,-778346943,3357,1:37:01.520000,"(datetime.datetime(2026, 9, 29, 16, 49, 47, 477000),)",2a3c600d
408651295,-778353004,3380,1:37:01.530000,"(datetime.datetime(2026, 9, 29, 16, 49, 47, 485000),)",2a3c600a
408652512,-778347149,3357,1:37:01.540000,"(datetime.datetime(2026, 9, 29, 16, 49, 47, 493000),)",2a3c600d
408651251,-778353200,3380,1:37:01.550000,"(datetime.datetime(2026, 9, 29, 16, 49, 47, 501000),)",2a3c600a
408652467,-778347351,3357,1:37:01.590000,"(datetime.datetime(2026, 9, 29, 16, 49, 47, 541000),)",2a3c600d
408651207,-778353394,3380,1:37:01.610000,"(datetime.datetime(2026, 9, 29, 16, 49, 47, 563000),)",2a3c600a
408652424,-778347556,3357,1:37:01.670000,"(datetime.datetime(2026, 9, 29, 16, 49, 47, 622000),)",2a3c600d
408651167,-778353588,3380,1:37:01.700000,"(datetime.datetime(2026, 9, 29, 16, 49, 47, 658000),)",2a3c600a
408652377,-778347761,3356,1:37:01.770000,"(datetime.datetime(2026, 9, 29, 16, 49, 47, 722000),)",2a3c600d
408651126,-778353783,3379,1:37:01.800000,"(datetime.datetime(2026, 9, 29, 16, 49, 47, 756000),)",2a3c600a
408652335,-778347967,3357,1:37:01.870000,"(datetime.datetime(2026, 9, 29, 16, 49, 47, 822000),)",2a3c600d
408651083,-778353978,3379,1:37:01.900000,"(datetime.datetime(2026, 9, 29, 16, 49, 47, 857000),)",2a3c600a
408652291,-778348173,3356,1:37:01.970000,"(datetime.datetime(2026, 9, 29, 16, 49, 47, 929000),)",2a3c600d
408651041,-778354173,3380,1:37:02,"(datetime.datetime(2026, 9, 29, 16, 49, 47, 957000),)",2a3c600a
408652246,-778348380,3357,1:37:02.080000,"(datetime.datetime(2026, 9, 29, 16, 49, 48, 33000),)",2a3c600d
408650999,-778354370,3379,1:37:02.100000,"(datetime.datetime(2026, 9, 29, 16, 49, 48, 56000),)",2a3c600a
408652200,-778348586,3356,1:37:02.170000,"(datetime.datetime(2026, 9, 29, 16, 49, 48, 129000),)",2a3c600d
408650958,-778354565,3380,1:37:02.200000,"(datetime.datetime(2026, 9, 29, 16, 49, 48, 156000),)",2a3c600a
408652162,-778348796,3357,1:37:02.270000,"(datetime.datetime(2026, 9, 29, 16, 49, 48, 221000),)",2a3c600d
408650919,-778354766,3380,1:37:02.300000,"(datetime.datetime(2026, 9, 29, 16, 49, 48, 258000),)",2a3c600a
408652118,-778349004,3356,1:37:02.370000,"(datetime.datetime(2026, 9, 29, 16, 49, 48, 322000),)",2a3c600d
408650877,-778354960,3380,1:37:02.400000,"(datetime.datetime(2026, 9, 29, 16, 49, 48, 357000),)",2a3c600a
408652075,-778349212,3356,1:37:02.470000,"(datetime.datetime(2026, 9, 29, 16, 49, 48, 421000),)",2a3c600d
408650837,-778355154,3379,1:37:02.500000,"(datetime.datetime(2026, 9, 29, 16, 49, 48, 459000),)",2a3c600a
408652029,-778349419,3356,1:37:02.570000,"(datetime.datetime(2026, 9, 29, 16, 49, 48, 522000),)",2a3c600d
408650795,-778355350,3379,1:37:02.600000,"(datetime.datetime(2026, 9, 29, 16, 49, 48, 556000),)",2a3c600a
408651985,-778349627,3355,1:37:02.670000,"(datetime.datetime(2026, 9, 29, 16, 49, 48, 625000),)",2a3c600d
408650753,-778355546,3379,1:37:02.700000,"(datetime.datetime(2026, 9, 29, 16, 49, 48, 657000),)",2a3c600a
408651940,-778349835,3355,1:37:02.770000,"(datetime.datetime(2026, 9, 29, 16, 49, 48, 723000),)",2a3c600d
408650712,-778355744,3379,1:37:02.800000,"(datetime.datetime(2026, 9, 29, 16, 49, 48, 757000),)",2a3c600a
408651897,-778350043,3355,1:37:02.870000,"(datetime.datetime(2026, 9, 29, 16, 49, 48, 824000),)",2a3c600d
408650670,-778355937,3379,1:37:02.900000,"(datetime.datetime(2026, 9, 29, 16, 49, 48, 857000),)",2a3c600a
408651851,-778350250,3355,1:37:02.970000,"(datetime.datetime(2026, 9, 29, 16, 49, 48, 926000),)",2a3c600d
408650629,-778356132,3378,1:37:03,"(datetime.datetime(2026, 9, 29, 16, 49, 48, 956000),)",2a3c600a
408651809,-778350459,3355,1:37:03.040000,"(datetime.datetime(2026, 9, 29, 16, 49, 48, 992000),)",2a3c600d
408650587,-778356326,3378,1:37:03.100000,"(datetime.datetime(2026, 9, 29, 16, 49, 49, 56000),)",2a3c600a
408651762,-778350666,3354,1:37:03.140000,"(datetime.datetime(2026, 9, 29, 16, 49, 49, 91000),)",2a3c600d
408650544,-778356523,3378,1:37:03.200000,"(datetime.datetime(2026, 9, 29, 16, 49, 49, 156000),)",2a3c600a
408651708,-778350872,3354,1:37:03.240000,"(datetime.datetime(2026, 9, 29, 16, 49, 49, 192000),)",2a3c600d
408650492,-778356722,3378,1:37:03.300000,"(datetime.datetime(2026, 9, 29, 16, 49, 49, 256000),)",2a3c600a
408651664,-778351080,3354,1:37:03.350000,"(datetime.datetime(2026, 9, 29, 16, 49, 49, 301000),)",2a3c600d
408650449,-778356919,3378,1:37:03.400000,"(datetime.datetime(2026, 9, 29, 16, 49, 49, 357000),)",2a3c600a
408651620,-778351288,3353,1:37:03.440000,"(datetime.datetime(2026, 9, 29, 16, 49, 49, 396000),)",2a3c600d
408650406,-778357115,3378,1:37:03.500000,"(datetime.datetime(2026, 9, 29, 16, 49, 49, 458000),)",2a3c600a
408650365,-778357309,3377,1:37:03.600000,"(datetime.datetime(2026, 9, 29, 16, 49, 49, 557000),)",2a3c600a
408651574,-778351495,3353,1:37:03.650000,"(datetime.datetime(2026, 9, 29, 16, 49, 49, 603000),)",2a3c600d
408651529,-778351704,3353,1:37:03.660000,"(datetime.datetime(2026, 9, 29, 16, 49, 49, 617000),)",2a3c600d
408650321,-778357503,3377,1:37:03.700000,"(datetime.datetime(2026, 9, 29, 16, 49, 49, 657000),)",2a3c600a
408650276,-778357697,3377,1:37:03.800000,"(datetime.datetime(2026, 9, 29, 16, 49, 49, 757000),)",2a3c600a
408651485,-778351911,3353,1:37:03.840000,"(datetime.datetime(2026, 9, 29, 16, 49, 49, 791000),)",2a3c600d
408651441,-778352117,3353,1:37:03.850000,"(datetime.datetime(2026, 9, 29, 16, 49, 49, 801000),)",2a3c600d
408650233,-778357892,3377,1:37:03.900000,"(datetime.datetime(2026, 9, 29, 16, 49, 49, 855000),)",2a3c600a
408651398,-778352325,3353,1:37:03.940000,"(datetime.datetime(2026, 9, 29, 16, 49, 49, 898000),)",2a3c600d
408650189,-778358085,3376,1:37:04.010000,"(datetime.datetime(2026, 9, 29, 16, 49, 49, 969000),)",2a3c600a
408650142,-778358281,3376,1:37:04.110000,"(datetime.datetime(2026, 9, 29, 16, 49, 50, 69000),)",2a3c600a
408651353,-778352533,3353,1:37:04.150000,"(datetime.datetime(2026, 9, 29, 16, 49, 50, 100000),)",2a3c600d
408651308,-778352738,3352,1:37:04.160000,"(datetime.datetime(2026, 9, 29, 16, 49, 50, 113000),)",2a3c600d
408650096,-778358477,3376,1:37:04.200000,"(datetime.datetime(2026, 9, 29, 16, 49, 50, 156000),)",2a3c600a
408650050,-778358680,3376,1:37:04.300000,"(datetime.datetime(2026, 9, 29, 16, 49, 50, 260000),)",2a3c600a
408651268,-778352951,3354,1:37:04.340000,"(datetime.datetime(2026, 9, 29, 16, 49, 50, 291000),)",2a3c600d
408651224,-778353157,3353,1:37:04.350000,"(datetime.datetime(2026, 9, 29, 16, 49, 50, 304000),)",2a3c600d
408650003,-778358872,3376,1:37:04.400000,"(datetime.datetime(2026, 9, 29, 16, 49, 50, 356000),)",2a3c600a
408651178,-778353363,3353,1:37:04.450000,"(datetime.datetime(2026, 9, 29, 16, 49, 50, 407000),)",2a3c600d
408649955,-778359068,3376,1:37:04.500000,"(datetime.datetime(2026, 9, 29, 16, 49, 50, 457000),)",2a3c600a
408651136,-778353567,3353,1:37:04.550000,"(datetime.datetime(2026, 9, 29, 16, 49, 50, 501000),)",2a3c600d
408649907,-778359261,3376,1:37:04.600000,"(datetime.datetime(2026, 9, 29, 16, 49, 50, 560000),)",2a3c600a
408649856,-778359459,3376,1:37:04.700000,"(datetime.datetime(2026, 9, 29, 16, 49, 50, 658000),)",2a3c600a
408651090,-778353775,3353,1:37:04.740000,"(datetime.datetime(2026, 9, 29, 16, 49, 50, 691000),)",2a3c600d
408649808,-778359649,3376,1:37:04.810000,"(datetime.datetime(2026, 9, 29, 16, 49, 50, 764000),)",2a3c600a
408651048,-778353979,3353,1:37:04.840000,"(datetime.datetime(2026, 9, 29, 16, 49, 50, 791000),)",2a3c600d
408649755,-778359843,3375,1:37:04.900000,"(datetime.datetime(2026, 9, 29, 16, 49, 50, 856000),)",2a3c600a
408651002,-778354188,3352,1:37:04.940000,"(datetime.datetime(2026, 9, 29, 16, 49, 50, 892000),)",2a3c600d
408650960,-778354394,3353,1:37:04.960000,"(datetime.datetime(2026, 9, 29, 16, 49, 50, 915000),)",2a3c600d
408649708,-778360032,3375,1:37:05,"(datetime.datetime(2026, 9, 29, 16, 49, 50, 956000),)",2a3c600a
408649655,-778360226,3374,1:37:05.100000,"(datetime.datetime(2026, 9, 29, 16, 49, 51, 56000),)",2a3c600a
408650917,-778354599,3352,1:37:05.140000,"(datetime.datetime(2026, 9, 29, 16, 49, 51, 91000),)",2a3c600d
408649604,-778360417,3374,1:37:05.200000,"(datetime.datetime(2026, 9, 29, 16, 49, 51, 159000),)",2a3c600a
408650873,-778354805,3352,1:37:05.240000,"(datetime.datetime(2026, 9, 29, 16, 49, 51, 191000),)",2a3c600d
408649554,-778360616,3373,1:37:05.300000,"(datetime.datetime(2026, 9, 29, 16, 49, 51, 256000),)",2a3c600a
408650833,-778355009,3351,1:37:05.340000,"(datetime.datetime(2026, 9, 29, 16, 49, 51, 293000),)",2a3c600d
408649501,-778360805,3373,1:37:05.400000,"(datetime.datetime(2026, 9, 29, 16, 49, 51, 356000),)",2a3c600a
408650792,-778355215,3351,1:37:05.450000,"(datetime.datetime(2026, 9, 29, 16, 49, 51, 402000),)",2a3c600d
408650748,-778355418,3351,1:37:05.480000,"(datetime.datetime(2026, 9, 29, 16, 49, 51, 432000),)",2a3c600d
408649447,-778360997,3373,1:37:05.500000,"(datetime.datetime(2026, 9, 29, 16, 49, 51, 457000),)",2a3c600a
408650705,-778355625,3351,1:37:05.540000,"(datetime.datetime(2026, 9, 29, 16, 49, 51, 499000),)",2a3c600d
408649391,-778361187,3373,1:37:05.600000,"(datetime.datetime(2026, 9, 29, 16, 49, 51, 556000),)",2a3c600a
408650662,-778355827,3351,1:37:05.640000,"(datetime.datetime(2026, 9, 29, 16, 49, 51, 592000),)",2a3c600d
408649337,-778361375,3372,1:37:05.700000,"(datetime.datetime(2026, 9, 29, 16, 49, 51, 659000),)",2a3c600a
408650619,-778356033,3351,1:37:05.740000,"(datetime.datetime(2026, 9, 29, 16, 49, 51, 698000),)",2a3c600d
408649278,-778361567,3372,1:37:05.800000,"(datetime.datetime(2026, 9, 29, 16, 49, 51, 757000),)",2a3c600a
408649221,-778361758,3372,1:37:05.830000,"(datetime.datetime(2026, 9, 29, 16, 49, 51, 790000),)",2a3c600a
408650576,-778356237,3350,1:37:05.860000,"(datetime.datetime(2026, 9, 29, 16, 49, 51, 814000),)",2a3c600d
408649162,-778361948,3372,1:37:05.930000,"(datetime.datetime(2026, 9, 29, 16, 49, 51, 890000),)",2a3c600a
408650532,-778356440,3350,1:37:05.950000,"(datetime.datetime(2026, 9, 29, 16, 49, 51, 908000),)",2a3c600d
408649104,-778362138,3372,1:37:06.040000,"(datetime.datetime(2026, 9, 29, 16, 49, 51, 991000),)",2a3c600a
408650487,-778356640,3350,1:37:06.060000,"(datetime.datetime(2026, 9, 29, 16, 49, 52, 12000),)",2a3c600d
408649044,-778362325,3371,1:37:06.140000,"(datetime.datetime(2026, 9, 29, 16, 49, 52, 94000),)",2a3c600a
408650441,-778356846,3349,1:37:06.150000,"(datetime.datetime(2026, 9, 29, 16, 49, 52, 109000),)",2a3c600d
408648983,-778362512,3370,1:37:06.240000,"(datetime.datetime(2026, 9, 29, 16, 49, 52, 197000),)",2a3c600a
408650399,-778357052,3350,1:37:06.260000,"(datetime.datetime(2026, 9, 29, 16, 49, 52, 216000),)",2a3c600d
408648918,-778362698,3370,1:37:06.340000,"(datetime.datetime(2026, 9, 29, 16, 49, 52, 292000),)",2a3c600a
408650356,-778357256,3350,1:37:06.350000,"(datetime.datetime(2026, 9, 29, 16, 49, 52, 309000),)",2a3c600d
408648854,-778362886,3370,1:37:06.430000,"(datetime.datetime(2026, 9, 29, 16, 49, 52, 389000),)",2a3c600a
408650310,-778357455,3350,1:37:06.450000,"(datetime.datetime(2026, 9, 29, 16, 49, 52, 404000),)",2a3c600d
408648790,-778363071,3369,1:37:06.540000,"(datetime.datetime(2026, 9, 29, 16, 49, 52, 498000),)",2a3c600a
408650265,-778357658,3350,1:37:06.560000,"(datetime.datetime(2026, 9, 29, 16, 49, 52, 517000),)",2a3c600d
408650216,-778357858,3349,1:37:06.650000,"(datetime.datetime(2026, 9, 29, 16, 49, 52, 609000),)",2a3c600d
408648723,-778363258,3369,1:37:06.670000,"(datetime.datetime(2026, 9, 29, 16, 49, 52, 628000),)",2a3c600a
408648656,-778363443,3369,1:37:06.760000,"(datetime.datetime(2026, 9, 29, 16, 49, 52, 712000),)",2a3c600a
408650169,-778358060,3349,1:37:06.770000,"(datetime.datetime(2026, 9, 29, 16, 49, 52, 730000),)",2a3c600d
408648587,-778363626,3369,1:37:06.840000,"(datetime.datetime(2026, 9, 29, 16, 49, 52, 791000),)",2a3c600a
408650121,-778358259,3349,1:37:06.850000,"(datetime.datetime(2026, 9, 29, 16, 49, 52, 807000),)",2a3c600d
408648521,-778363808,3368,1:37:06.940000,"(datetime.datetime(2026, 9, 29, 16, 49, 52, 893000),)",2a3c600a
408650072,-778358459,3349,1:37:06.950000,"(datetime.datetime(2026, 9, 29, 16, 49, 52, 908000),)",2a3c600d
408650025,-778358659,3349,1:37:07.050000,"(datetime.datetime(2026, 9, 29, 16, 49, 53, 3000),)",2a3c600d
408648451,-778363991,3368,1:37:07.070000,"(datetime.datetime(2026, 9, 29, 16, 49, 53, 23000),)",2a3c600a
408648380,-778364174,3368,1:37:07.140000,"(datetime.datetime(2026, 9, 29, 16, 49, 53, 95000),)",2a3c600a
408649975,-778358859,3348,1:37:07.160000,"(datetime.datetime(2026, 9, 29, 16, 49, 53, 117000),)",2a3c600d
408648311,-778364367,3369,1:37:07.230000,"(datetime.datetime(2026, 9, 29, 16, 49, 53, 190000),)",2a3c600a
408649930,-778359065,3349,1:37:07.260000,"(datetime.datetime(2026, 9, 29, 16, 49, 53, 216000),)",2a3c600d
408648231,-778364547,3369,1:37:07.330000,"(datetime.datetime(2026, 9, 29, 16, 49, 53, 289000),)",2a3c600a
408649879,-778359265,3348,1:37:07.350000,"(datetime.datetime(2026, 9, 29, 16, 49, 53, 302000),)",2a3c600d
408648158,-778364727,3369,1:37:07.430000,"(datetime.datetime(2026, 9, 29, 16, 49, 53, 390000),)",2a3c600a
408649828,-778359464,3348,1:37:07.460000,"(datetime.datetime(2026, 9, 29, 16, 49, 53, 419000),)",2a3c600d
408648079,-778364905,3369,1:37:07.540000,"(datetime.datetime(2026, 9, 29, 16, 49, 53, 491000),)",2a3c600a
408649775,-778359665,3348,1:37:07.560000,"(datetime.datetime(2026, 9, 29, 16, 49, 53, 511000),)",2a3c600d
408648002,-778365081,3369,1:37:07.640000,"(datetime.datetime(2026, 9, 29, 16, 49, 53, 593000),)",2a3c600a
408649720,-778359867,3347,1:37:07.660000,"(datetime.datetime(2026, 9, 29, 16, 49, 53, 620000),)",2a3c600d
408647921,-778365257,3368,1:37:07.740000,"(datetime.datetime(2026, 9, 29, 16, 49, 53, 696000),)",2a3c600a
408649665,-778360063,3347,1:37:07.760000,"(datetime.datetime(2026, 9, 29, 16, 49, 53, 716000),)",2a3c600d
408647840,-778365432,3368,1:37:07.840000,"(datetime.datetime(2026, 9, 29, 16, 49, 53, 794000),)",2a3c600a
408649611,-778360266,3347,1:37:07.870000,"(datetime.datetime(2026, 9, 29, 16, 49, 53, 821000),)",2a3c600d
408647760,-778365604,3368,1:37:07.940000,"(datetime.datetime(2026, 9, 29, 16, 49, 53, 892000),)",2a3c600a
408649555,-778360462,3346,1:37:07.960000,"(datetime.datetime(2026, 9, 29, 16, 49, 53, 911000),)",2a3c600d
408647675,-778365779,3368,1:37:08.040000,"(datetime.datetime(2026, 9, 29, 16, 49, 53, 997000),)",2a3c600a
408649498,-778360665,3346,1:37:08.060000,"(datetime.datetime(2026, 9, 29, 16, 49, 54, 19000),)",2a3c600d
408647591,-778365949,3368,1:37:08.140000,"(datetime.datetime(2026, 9, 29, 16, 49, 54, 93000),)",2a3c600a
408649439,-778360866,3346,1:37:08.160000,"(datetime.datetime(2026, 9, 29, 16, 49, 54, 113000),)",2a3c600d
408647509,-778366113,3366,1:37:08.240000,"(datetime.datetime(2026, 9, 29, 16, 49, 54, 200000),)",2a3c600a
408649388,-778361061,3346,1:37:08.260000,"(datetime.datetime(2026, 9, 29, 16, 49, 54, 220000),)",2a3c600d
408647416,-778366278,3366,1:37:08.340000,"(datetime.datetime(2026, 9, 29, 16, 49, 54, 294000),)",2a3c600a
408649332,-778361259,3346,1:37:08.360000,"(datetime.datetime(2026, 9, 29, 16, 49, 54, 311000),)",2a3c600d
408647325,-778366446,3366,1:37:08.440000,"(datetime.datetime(2026, 9, 29, 16, 49, 54, 392000),)",2a3c600a
408649275,-778361461,3346,1:37:08.460000,"(datetime.datetime(2026, 9, 29, 16, 49, 54, 420000),)",2a3c600d
408647234,-778366612,3366,1:37:08.540000,"(datetime.datetime(2026, 9, 29, 16, 49, 54, 499000),)",2a3c600a
408649211,-778361660,3345,1:37:08.560000,"(datetime.datetime(2026, 9, 29, 16, 49, 54, 518000),)",2a3c600d
408647141,-778366774,3365,1:37:08.640000,"(datetime.datetime(2026, 9, 29, 16, 49, 54, 593000),)",2a3c600a
408649150,-778361862,3345,1:37:08.650000,"(datetime.datetime(2026, 9, 29, 16, 49, 54, 607000),)",2a3c600d
408647047,-778366938,3365,1:37:08.740000,"(datetime.datetime(2026, 9, 29, 16, 49, 54, 691000),)",2a3c600a
408649087,-778362061,3345,1:37:08.770000,"(datetime.datetime(2026, 9, 29, 16, 49, 54, 723000),)",2a3c600d
408646952,-778367099,3365,1:37:08.840000,"(datetime.datetime(2026, 9, 29, 16, 49, 54, 792000),)",2a3c600a
408649025,-778362260,3344,1:37:08.860000,"(datetime.datetime(2026, 9, 29, 16, 49, 54, 816000),)",2a3c600d
408646855,-778367257,3365,1:37:08.940000,"(datetime.datetime(2026, 9, 29, 16, 49, 54, 892000),)",2a3c600a
408648962,-778362460,3344,1:37:08.960000,"(datetime.datetime(2026, 9, 29, 16, 49, 54, 911000),)",2a3c600d
408646756,-778367414,3365,1:37:09.040000,"(datetime.datetime(2026, 9, 29, 16, 49, 54, 991000),)",2a3c600a
408648896,-778362659,3344,1:37:09.060000,"(datetime.datetime(2026, 9, 29, 16, 49, 55, 17000),)",2a3c600d
408648831,-778362858,3344,1:37:09.140000,"(datetime.datetime(2026, 9, 29, 16, 49, 55, 99000),)",2a3c600d
408646658,-778367571,3365,1:37:09.160000,"(datetime.datetime(2026, 9, 29, 16, 49, 55, 117000),)",2a3c600a
408646562,-778367718,3364,1:37:09.240000,"(datetime.datetime(2026, 9, 29, 16, 49, 55, 191000),)",2a3c600a
408648768,-778363042,3343,1:37:09.260000,"(datetime.datetime(2026, 9, 29, 16, 49, 55, 216000),)",2a3c600d
408646456,-778367867,3364,1:37:09.340000,"(datetime.datetime(2026, 9, 29, 16, 49, 55, 297000),)",2a3c600a
408648693,-778363241,3343,1:37:09.360000,"(datetime.datetime(2026, 9, 29, 16, 49, 55, 319000),)",2a3c600d
408646354,-778368020,3364,1:37:09.440000,"(datetime.datetime(2026, 9, 29, 16, 49, 55, 392000),)",2a3c600a
408648623,-778363437,3343,1:37:09.460000,"(datetime.datetime(2026, 9, 29, 16, 49, 55, 410000),)",2a3c600d
408646255,-778368169,3364,1:37:09.540000,"(datetime.datetime(2026, 9, 29, 16, 49, 55, 492000),)",2a3c600a
408648552,-778363635,3342,1:37:09.560000,"(datetime.datetime(2026, 9, 29, 16, 49, 55, 519000),)",2a3c600d
408646153,-778368313,3364,1:37:09.640000,"(datetime.datetime(2026, 9, 29, 16, 49, 55, 592000),)",2a3c600a
408648478,-778363829,3342,1:37:09.650000,"(datetime.datetime(2026, 9, 29, 16, 49, 55, 607000),)",2a3c600d
408646052,-778368457,3364,1:37:09.740000,"(datetime.datetime(2026, 9, 29, 16, 49, 55, 698000),)",2a3c600a
408648400,-778364024,3342,1:37:09.770000,"(datetime.datetime(2026, 9, 29, 16, 49, 55, 724000),)",2a3c600d
408645950,-778368597,3363,1:37:09.840000,"(datetime.datetime(2026, 9, 29, 16, 49, 55, 797000),)",2a3c600a
408648322,-778364218,3342,1:37:09.860000,"(datetime.datetime(2026, 9, 29, 16, 49, 55, 815000),)",2a3c600d
408645847,-778368732,3363,1:37:09.940000,"(datetime.datetime(2026, 9, 29, 16, 49, 55, 892000),)",2a3c600a
408648242,-778364409,3342,1:37:09.950000,"(datetime.datetime(2026, 9, 29, 16, 49, 55, 910000),)",2a3c600d
408645748,-778368865,3363,1:37:10.040000,"(datetime.datetime(2026, 9, 29, 16, 49, 55, 995000),)",2a3c600a
408648157,-778364599,3342,1:37:10.060000,"(datetime.datetime(2026, 9, 29, 16, 49, 56, 17000),)",2a3c600d
408645647,-778368998,3363,1:37:10.140000,"(datetime.datetime(2026, 9, 29, 16, 49, 56, 92000),)",2a3c600a
408648074,-778364788,3342,1:37:10.160000,"(datetime.datetime(2026, 9, 29, 16, 49, 56, 110000),)",2a3c600d
408645556,-778369135,3362,1:37:10.240000,"(datetime.datetime(2026, 9, 29, 16, 49, 56, 191000),)",2a3c600a
408647998,-778364977,3342,1:37:10.250000,"(datetime.datetime(2026, 9, 29, 16, 49, 56, 207000),)",2a3c600d
408645454,-778369258,3362,1:37:10.340000,"(datetime.datetime(2026, 9, 29, 16, 49, 56, 291000),)",2a3c600a
408647907,-778365160,3341,1:37:10.350000,"(datetime.datetime(2026, 9, 29, 16, 49, 56, 309000),)",2a3c600d
408645356,-778369381,3362,1:37:10.440000,"(datetime.datetime(2026, 9, 29, 16, 49, 56, 392000),)",2a3c600a
408647816,-778365342,3341,1:37:10.460000,"(datetime.datetime(2026, 9, 29, 16, 49, 56, 414000),)",2a3c600d
408645256,-778369501,3362,1:37:10.540000,"(datetime.datetime(2026, 9, 29, 16, 49, 56, 491000),)",2a3c600a
408647726,-778365524,3341,1:37:10.550000,"(datetime.datetime(2026, 9, 29, 16, 49, 56, 505000),)",2a3c600d
408645161,-778369618,3362,1:37:10.640000,"(datetime.datetime(2026, 9, 29, 16, 49, 56, 592000),)",2a3c600a
408647632,-778365705,3341,1:37:10.660000,"(datetime.datetime(2026, 9, 29, 16, 49, 56, 613000),)",2a3c600d
408645063,-778369733,3361,1:37:10.740000,"(datetime.datetime(2026, 9, 29, 16, 49, 56, 698000),)",2a3c600a
408647541,-778365882,3341,1:37:10.760000,"(datetime.datetime(2026, 9, 29, 16, 49, 56, 715000),)",2a3c600d
408644970,-778369847,3361,1:37:10.840000,"(datetime.datetime(2026, 9, 29, 16, 49, 56, 792000),)",2a3c600a
408647444,-778366061,3341,1:37:10.860000,"(datetime.datetime(2026, 9, 29, 16, 49, 56, 819000),)",2a3c600d
408644876,-778369956,3361,1:37:10.940000,"(datetime.datetime(2026, 9, 29, 16, 49, 56, 892000),)",2a3c600a
408647349,-778366236,3340,1:37:10.960000,"(datetime.datetime(2026, 9, 29, 16, 49, 56, 912000),)",2a3c600d
408644780,-778370060,3361,1:37:11.040000,"(datetime.datetime(2026, 9, 29, 16, 49, 56, 994000),)",2a3c600a
408647251,-778366410,3340,1:37:11.060000,"(datetime.datetime(2026, 9, 29, 16, 49, 57, 13000),)",2a3c600d
408644691,-778370164,3361,1:37:11.140000,"(datetime.datetime(2026, 9, 29, 16, 49, 57, 92000),)",2a3c600a
408647155,-778366580,3340,1:37:11.160000,"(datetime.datetime(2026, 9, 29, 16, 49, 57, 113000),)",2a3c600d
408644599,-778370272,3360,1:37:11.240000,"(datetime.datetime(2026, 9, 29, 16, 49, 57, 198000),)",2a3c600a
408647067,-778366759,3340,1:37:11.260000,"(datetime.datetime(2026, 9, 29, 16, 49, 57, 215000),)",2a3c600d
408646963,-778366921,3340,1:37:11.340000,"(datetime.datetime(2026, 9, 29, 16, 49, 57, 300000),)",2a3c600d
408644511,-778370363,3360,1:37:11.380000,"(datetime.datetime(2026, 9, 29, 16, 49, 57, 334000),)",2a3c600a
408644420,-778370459,3360,1:37:11.440000,"(datetime.datetime(2026, 9, 29, 16, 49, 57, 391000),)",2a3c600a
408646864,-778367087,3340,1:37:11.460000,"(datetime.datetime(2026, 9, 29, 16, 49, 57, 415000),)",2a3c600d
408644334,-778370549,3359,1:37:11.540000,"(datetime.datetime(2026, 9, 29, 16, 49, 57, 492000),)",2a3c600a
408646763,-778367249,3340,1:37:11.560000,"(datetime.datetime(2026, 9, 29, 16, 49, 57, 515000),)",2a3c600d
408644251,-778370639,3359,1:37:11.640000,"(datetime.datetime(2026, 9, 29, 16, 49, 57, 591000),)",2a3c600a
408646662,-778367412,3340,1:37:11.670000,"(datetime.datetime(2026, 9, 29, 16, 49, 57, 624000),)",2a3c600d
408644167,-778370725,3359,1:37:11.740000,"(datetime.datetime(2026, 9, 29, 16, 49, 57, 698000),)",2a3c600a
408646563,-778367570,3340,1:37:11.760000,"(datetime.datetime(2026, 9, 29, 16, 49, 57, 716000),)",2a3c600d
408644083,-778370812,3359,1:37:11.840000,"(datetime.datetime(2026, 9, 29, 16, 49, 57, 792000),)",2a3c600a
408646457,-778367729,3340,1:37:11.860000,"(datetime.datetime(2026, 9, 29, 16, 49, 57, 813000),)",2a3c600d
408644001,-778370896,3359,1:37:11.940000,"(datetime.datetime(2026, 9, 29, 16, 49, 57, 892000),)",2a3c600a
408646358,-778367884,3340,1:37:11.950000,"(datetime.datetime(2026, 9, 29, 16, 49, 57, 907000),)",2a3c600d
408643922,-778370975,3359,1:37:12.040000,"(datetime.datetime(2026, 9, 29, 16, 49, 57, 992000),)",2a3c600a
408646257,-778368035,3340,1:37:12.060000,"(datetime.datetime(2026, 9, 29, 16, 49, 58, 11000),)",2a3c600d
408643843,-778371057,3359,1:37:12.140000,"(datetime.datetime(2026, 9, 29, 16, 49, 58, 95000),)",2a3c600a
408646154,-778368183,3340,1:37:12.160000,"(datetime.datetime(2026, 9, 29, 16, 49, 58, 113000),)",2a3c600d
408643762,-778371151,3360,1:37:12.240000,"(datetime.datetime(2026, 9, 29, 16, 49, 58, 194000),)",2a3c600a
408646060,-778368339,3340,1:37:12.270000,"(datetime.datetime(2026, 9, 29, 16, 49, 58, 223000),)",2a3c600d
408643685,-778371221,3360,1:37:12.340000,"(datetime.datetime(2026, 9, 29, 16, 49, 58, 292000),)",2a3c600a
408645959,-778368474,3340,1:37:12.360000,"(datetime.datetime(2026, 9, 29, 16, 49, 58, 320000),)",2a3c600d
408643606,-778371296,3359,1:37:12.440000,"(datetime.datetime(2026, 9, 29, 16, 49, 58, 392000),)",2a3c600a
408645855,-778368608,3340,1:37:12.460000,"(datetime.datetime(2026, 9, 29, 16, 49, 58, 411000),)",2a3c600d
408643531,-778371368,3359,1:37:12.540000,"(datetime.datetime(2026, 9, 29, 16, 49, 58, 496000),)",2a3c600a
408645757,-778368739,3340,1:37:12.560000,"(datetime.datetime(2026, 9, 29, 16, 49, 58, 517000),)",2a3c600d
408643456,-778371441,3359,1:37:12.640000,"(datetime.datetime(2026, 9, 29, 16, 49, 58, 597000),)",2a3c600a
408645660,-778368868,3340,1:37:12.650000,"(datetime.datetime(2026, 9, 29, 16, 49, 58, 607000),)",2a3c600d
408643380,-778371508,3359,1:37:12.740000,"(datetime.datetime(2026, 9, 29, 16, 49, 58, 693000),)",2a3c600a
408645563,-778368993,3340,1:37:12.770000,"(datetime.datetime(2026, 9, 29, 16, 49, 58, 722000),)",2a3c600d
408643305,-778371573,3359,1:37:12.960000,"(datetime.datetime(2026, 9, 29, 16, 49, 58, 917000),)",2a3c600a
408645468,-778369114,3340,1:37:13.180000,"(datetime.datetime(2026, 9, 29, 16, 49, 59, 139000),)",2a3c600d
408643230,-778371638,3358,1:37:13.240000,"(datetime.datetime(2026, 9, 29, 16, 49, 59, 197000),)",2a3c600a
408645370,-778369232,3339,1:37:13.320000,"(datetime.datetime(2026, 9, 29, 16, 49, 59, 274000),)",2a3c600d
408643159,-778371707,3358,1:37:13.410000,"(datetime.datetime(2026, 9, 29, 16, 49, 59, 363000),)",2a3c600a
408645279,-778369346,3339,1:37:13.510000,"(datetime.datetime(2026, 9, 29, 16, 49, 59, 462000),)",2a3c600d
408643082,-778371768,3358,1:37:13.590000,"(datetime.datetime(2026, 9, 29, 16, 49, 59, 550000),)",2a3c600a
408645184,-778369460,3339,1:37:13.790000,"(datetime.datetime(2026, 9, 29, 16, 49, 59, 746000),)",2a3c600d
408643006,-778371834,3358,1:37:14.190000,"(datetime.datetime(2026, 9, 29, 16, 50, 0, 146000),)",2a3c600a
408645103,-778369585,3340,1:37:14.290000,"(datetime.datetime(2026, 9, 29, 16, 50, 0, 248000),)",2a3c600d
408642934,-778371890,3358,1:37:14.410000,"(datetime.datetime(2026, 9, 29, 16, 50, 0, 369000),)",2a3c600a
408645012,-778369684,3340,1:37:14.520000,"(datetime.datetime(2026, 9, 29, 16, 50, 0, 471000),)",2a3c600d
408642857,-778371954,3357,1:37:14.590000,"(datetime.datetime(2026, 9, 29, 16, 50, 0, 541000),)",2a3c600a
408644923,-778369787,3340,1:37:14.620000,"(datetime.datetime(2026, 9, 29, 16, 50, 0, 573000),)",2a3c600d
408642779,-778372016,3357,1:37:14.720000,"(datetime.datetime(2026, 9, 29, 16, 50, 0, 674000),)",2a3c600a
408644836,-778369895,3340,1:37:14.800000,"(datetime.datetime(2026, 9, 29, 16, 50, 0, 758000),)",2a3c600d
408642707,-778372072,3358,1:37:14.920000,"(datetime.datetime(2026, 9, 29, 16, 50, 0, 876000),)",2a3c600a
408644746,-778369993,3340,1:37:15.030000,"(datetime.datetime(2026, 9, 29, 16, 50, 0, 984000),)",2a3c600d
408642629,-778372133,3358,1:37:15.180000,"(datetime.datetime(2026, 9, 29, 16, 50, 1, 134000),)",2a3c600a
408644659,-778370090,3339,1:37:15.250000,"(datetime.datetime(2026, 9, 29, 16, 50, 1, 201000),)",2a3c600d
408642550,-778372188,3357,1:37:15.340000,"(datetime.datetime(2026, 9, 29, 16, 50, 1, 299000),)",2a3c600a
408644574,-778370189,3339,1:37:15.420000,"(datetime.datetime(2026, 9, 29, 16, 50, 1, 375000),)",2a3c600d
408642473,-778372246,3357,1:37:15.540000,"(datetime.datetime(2026, 9, 29, 16, 50, 1, 493000),)",2a3c600a
408644490,-778370281,3339,1:37:15.640000,"(datetime.datetime(2026, 9, 29, 16, 50, 1, 595000),)",2a3c600d
408642396,-778372305,3357,1:37:15.790000,"(datetime.datetime(2026, 9, 29, 16, 50, 1, 748000),)",2a3c600a
408644406,-778370372,3339,1:37:15.820000,"(datetime.datetime(2026, 9, 29, 16, 50, 1, 779000),)",2a3c600d
408642317,-778372356,3357,1:37:15.840000,"(datetime.datetime(2026, 9, 29, 16, 50, 1, 797000),)",2a3c600a
408644325,-778370464,3339,1:37:15.850000,"(datetime.datetime(2026, 9, 29, 16, 50, 1, 807000),)",2a3c600d
408642239,-778372410,3357,1:37:15.860000,"(datetime.datetime(2026, 9, 29, 16, 50, 1, 817000),)",2a3c600a
408644240,-778370563,3339,1:37:15.910000,"(datetime.datetime(2026, 9, 29, 16, 50, 1, 861000),)",2a3c600d
408642162,-778372457,3356,1:37:15.920000,"(datetime.datetime(2026, 9, 29, 16, 50, 1, 872000),)",2a3c600a
408644158,-778370641,3338,1:37:15.930000,"(datetime.datetime(2026, 9, 29, 16, 50, 1, 883000),)",2a3c600d
408642087,-778372509,3356,1:37:15.960000,"(datetime.datetime(2026, 9, 29, 16, 50, 1, 919000),)",2a3c600a
408644079,-778370726,3338,1:37:15.970000,"(datetime.datetime(2026, 9, 29, 16, 50, 1, 929000),)",2a3c600d
408642012,-778372556,3356,1:37:15.980000,"(datetime.datetime(2026, 9, 29, 16, 50, 1, 938000),)",2a3c600a
408643999,-778370805,3338,1:37:15.990000,"(datetime.datetime(2026, 9, 29, 16, 50, 1, 947000),)",2a3c600d
408641935,-778372604,3356,1:37:16.030000,"(datetime.datetime(2026, 9, 29, 16, 50, 1, 983000),)",2a3c600a
408643918,-778370886,3338,1:37:16.040000,"(datetime.datetime(2026, 9, 29, 16, 50, 1, 992000),)",2a3c600d
408641862,-778372648,3356,1:37:16.050000,"(datetime.datetime(2026, 9, 29, 16, 50, 2, 2000),)",2a3c600a
408643843,-778370965,3339,1:37:16.050000,"(datetime.datetime(2026, 9, 29, 16, 50, 2, 10000),)",2a3c600d
408641787,-778372692,3356,1:37:16.090000,"(datetime.datetime(2026, 9, 29, 16, 50, 2, 49000),)",2a3c600a
408643762,-778371044,3339,1:37:16.100000,"(datetime.datetime(2026, 9, 29, 16, 50, 2, 58000),)",2a3c600d
408641716,-778372736,3356,1:37:16.110000,"(datetime.datetime(2026, 9, 29, 16, 50, 2, 69000),)",2a3c600a
408643685,-778371121,3339,1:37:16.150000,"(datetime.datetime(2026, 9, 29, 16, 50, 2, 106000),)",2a3c600d
408641644,-778372778,3356,1:37:16.160000,"(datetime.datetime(2026, 9, 29, 16, 50, 2, 115000),)",2a3c600a
408643606,-778371195,3339,1:37:16.170000,"(datetime.datetime(2026, 9, 29, 16, 50, 2, 124000),)",2a3c600d
408641577,-778372819,3356,1:37:16.210000,"(datetime.datetime(2026, 9, 29, 16, 50, 2, 164000),)",2a3c600a
408643528,-778371269,3338,1:37:16.220000,"(datetime.datetime(2026, 9, 29, 16, 50, 2, 173000),)",2a3c600d
408641507,-778372867,3356,1:37:16.230000,"(datetime.datetime(2026, 9, 29, 16, 50, 2, 181000),)",2a3c600a
408643453,-778371360,3340,1:37:16.230000,"(datetime.datetime(2026, 9, 29, 16, 50, 2, 190000),)",2a3c600d
408641441,-778372900,3355,1:37:16.270000,"(datetime.datetime(2026, 9, 29, 16, 50, 2, 230000),)",2a3c600a
408643375,-778371419,3340,1:37:16.280000,"(datetime.datetime(2026, 9, 29, 16, 50, 2, 239000),)",2a3c600d
408641374,-778372936,3355,1:37:16.290000,"(datetime.datetime(2026, 9, 29, 16, 50, 2, 248000),)",2a3c600a
408643299,-778371489,3339,1:37:16.340000,"(datetime.datetime(2026, 9, 29, 16, 50, 2, 294000),)",2a3c600d
408641310,-778372972,3355,1:37:16.350000,"(datetime.datetime(2026, 9, 29, 16, 50, 2, 304000),)",2a3c600a
408643220,-778371556,3339,1:37:16.360000,"(datetime.datetime(2026, 9, 29, 16, 50, 2, 313000),)",2a3c600d
408641246,-778373005,3355,1:37:16.370000,"(datetime.datetime(2026, 9, 29, 16, 50, 2, 322000),)",2a3c600a
408643144,-778371618,3340,1:37:16.410000,"(datetime.datetime(2026, 9, 29, 16, 50, 2, 362000),)",2a3c600d
408641185,-778373038,3355,1:37:16.420000,"(datetime.datetime(2026, 9, 29, 16, 50, 2, 379000),)",2a3c600a
408643066,-778371683,3339,1:37:16.460000,"(datetime.datetime(2026, 9, 29, 16, 50, 2, 420000),)",2a3c600d
408641124,-778373070,3354,1:37:16.480000,"(datetime.datetime(2026, 9, 29, 16, 50, 2, 431000),)",2a3c600a
408642989,-778371748,3339,1:37:16.480000,"(datetime.datetime(2026, 9, 29, 16, 50, 2, 440000),)",2a3c600d
408641064,-778373101,3355,1:37:16.520000,"(datetime.datetime(2026, 9, 29, 16, 50, 2, 479000),)",2a3c600a
408642911,-778371811,3340,1:37:16.530000,"(datetime.datetime(2026, 9, 29, 16, 50, 2, 488000),)",2a3c600d
408641004,-778373131,3354,1:37:16.540000,"(datetime.datetime(2026, 9, 29, 16, 50, 2, 499000),)",2a3c600a
408642836,-778371868,3340,1:37:16.590000,"(datetime.datetime(2026, 9, 29, 16, 50, 2, 542000),)",2a3c600d
408640947,-778373162,3355,1:37:16.600000,"(datetime.datetime(2026, 9, 29, 16, 50, 2, 552000),)",2a3c600a
408642761,-778371926,3339,1:37:16.610000,"(datetime.datetime(2026, 9, 29, 16, 50, 2, 564000),)",2a3c600d
408640891,-778373193,3355,1:37:16.650000,"(datetime.datetime(2026, 9, 29, 16, 50, 2, 601000),)",2a3c600a
408642691,-778371991,3339,1:37:16.660000,"(datetime.datetime(2026, 9, 29, 16, 50, 2, 611000),)",2a3c600d
408640840,-778373215,3355,1:37:16.670000,"(datetime.datetime(2026, 9, 29, 16, 50, 2, 622000),)",2a3c600a
408642619,-778372043,3340,1:37:16.700000,"(datetime.datetime(2026, 9, 29, 16, 50, 2, 654000),)",2a3c600d
408640787,-778373241,3355,1:37:16.710000,"(datetime.datetime(2026, 9, 29, 16, 50, 2, 664000),)",2a3c600a
408642544,-778372097,3340,1:37:16.720000,"(datetime.datetime(2026, 9, 29, 16, 50, 2, 673000),)",2a3c600d
408640736,-778373265,3355,1:37:16.730000,"(datetime.datetime(2026, 9, 29, 16, 50, 2, 682000),)",2a3c600a
408642472,-778372148,3339,1:37:16.790000,"(datetime.datetime(2026, 9, 29, 16, 50, 2, 749000),)",2a3c600d
408640686,-778373289,3354,1:37:16.810000,"(datetime.datetime(2026, 9, 29, 16, 50, 2, 765000),)",2a3c600a
408642406,-778372196,3340,1:37:16.840000,"(datetime.datetime(2026, 9, 29, 16, 50, 2, 797000),)",2a3c600d
408640638,-778373313,3355,1:37:16.850000,"(datetime.datetime(2026, 9, 29, 16, 50, 2, 809000),)",2a3c600a
408642333,-778372244,3339,1:37:16.860000,"(datetime.datetime(2026, 9, 29, 16, 50, 2, 820000),)",2a3c600d
408640591,-778373337,3354,1:37:16.900000,"(datetime.datetime(2026, 9, 29, 16, 50, 2, 860000),)",2a3c600a
408642268,-778372291,3340,1:37:16.910000,"(datetime.datetime(2026, 9, 29, 16, 50, 2, 870000),)",2a3c600d
408640545,-778373358,3354,1:37:16.930000,"(datetime.datetime(2026, 9, 29, 16, 50, 2, 882000),)",2a3c600a
408642201,-778372338,3339,1:37:16.970000,"(datetime.datetime(2026, 9, 29, 16, 50, 2, 927000),)",2a3c600d
408640501,-778373375,3354,1:37:16.990000,"(datetime.datetime(2026, 9, 29, 16, 50, 2, 950000),)",2a3c600a
408642136,-778372381,3339,1:37:17.040000,"(datetime.datetime(2026, 9, 29, 16, 50, 3),)",2a3c600d
408640460,-778373394,3354,1:37:17.090000,"(datetime.datetime(2026, 9, 29, 16, 50, 3, 49000),)",2a3c600a
408642073,-778372420,3339,1:37:17.150000,"(datetime.datetime(2026, 9, 29, 16, 50, 3, 100000),)",2a3c600d
408640460,-778373394,3354,1:37:17.190000,"(datetime.datetime(2026, 9, 29, 16, 50, 3, 149000),)",2a3c600a
408642012,-778372465,3340,1:37:17.240000,"(datetime.datetime(2026, 9, 29, 16, 50, 3, 199000),)",2a3c600d
408640377,-778373430,3354,1:37:17.290000,"(datetime.datetime(2026, 9, 29, 16, 50, 3, 248000),)",2a3c600a
408641958,-778372502,3340,1:37:17.340000,"(datetime.datetime(2026, 9, 29, 16, 50, 3, 299000),)",2a3c600d
408640377,-778373430,3354,1:37:17.390000,"(datetime.datetime(2026, 9, 29, 16, 50, 3, 349000),)",2a3c600a
408641902,-778372538,3340,1:37:17.450000,"(datetime.datetime(2026, 9, 29, 16, 50, 3, 405000),)",2a3c600d
408640339,-778373449,3354,1:37:17.460000,"(datetime.datetime(2026, 9, 29, 16, 50, 3, 419000),)",2a3c600a
408641847,-778372571,3340,1:37:17.540000,"(datetime.datetime(2026, 9, 29, 16, 50, 3, 498000),)",2a3c600d
408640304,-778373463,3354,1:37:17.560000,"(datetime.datetime(2026, 9, 29, 16, 50, 3, 517000),)",2a3c600a
408641794,-778372605,3340,1:37:17.640000,"(datetime.datetime(2026, 9, 29, 16, 50, 3, 599000),)",2a3c600d
408640270,-778373478,3354,1:37:17.660000,"(datetime.datetime(2026, 9, 29, 16, 50, 3, 619000),)",2a3c600a
408641743,-778372638,3340,1:37:17.740000,"(datetime.datetime(2026, 9, 29, 16, 50, 3, 699000),)",2a3c600d
408640239,-778373490,3354,1:37:17.770000,"(datetime.datetime(2026, 9, 29, 16, 50, 3, 721000),)",2a3c600a
408641693,-778372667,3340,1:37:17.840000,"(datetime.datetime(2026, 9, 29, 16, 50, 3, 800000),)",2a3c600d
408640209,-778373504,3354,1:37:17.890000,"(datetime.datetime(2026, 9, 29, 16, 50, 3, 842000),)",2a3c600a
408641646,-778372697,3340,1:37:17.940000,"(datetime.datetime(2026, 9, 29, 16, 50, 3, 899000),)",2a3c600d
408640182,-778373517,3354,1:37:17.960000,"(datetime.datetime(2026, 9, 29, 16, 50, 3, 920000),)",2a3c600a
408641600,-778372725,3340,1:37:18.050000,"(datetime.datetime(2026, 9, 29, 16, 50, 4, 4000),)",2a3c600d
408640157,-778373527,3354,1:37:18.070000,"(datetime.datetime(2026, 9, 29, 16, 50, 4, 25000),)",2a3c600a
408641554,-778372755,3340,1:37:18.140000,"(datetime.datetime(2026, 9, 29, 16, 50, 4, 100000),)",2a3c600d
408640134,-778373535,3354,1:37:18.170000,"(datetime.datetime(2026, 9, 29, 16, 50, 4, 124000),)",2a3c600a
408641514,-778372785,3340,1:37:18.240000,"(datetime.datetime(2026, 9, 29, 16, 50, 4, 199000),)",2a3c600d
408640102,-778373540,3355,1:37:18.260000,"(datetime.datetime(2026, 9, 29, 16, 50, 4, 219000),)",2a3c600a
408641477,-778372805,3340,1:37:18.340000,"(datetime.datetime(2026, 9, 29, 16, 50, 4, 298000),)",2a3c600d
408640090,-778373544,3354,1:37:18.360000,"(datetime.datetime(2026, 9, 29, 16, 50, 4, 315000),)",2a3c600a
408641436,-778372828,3340,1:37:18.450000,"(datetime.datetime(2026, 9, 29, 16, 50, 4, 402000),)",2a3c600d
408640072,-778373552,3355,1:37:18.470000,"(datetime.datetime(2026, 9, 29, 16, 50, 4, 425000),)",2a3c600a
408641394,-778372850,3340,1:37:18.540000,"(datetime.datetime(2026, 9, 29, 16, 50, 4, 498000),)",2a3c600d
408640057,-778373559,3354,1:37:18.560000,"(datetime.datetime(2026, 9, 29, 16, 50, 4, 515000),)",2a3c600a
408641358,-778372871,3340,1:37:18.640000,"(datetime.datetime(2026, 9, 29, 16, 50, 4, 599000),)",2a3c600d
408640042,-778373563,3354,1:37:18.670000,"(datetime.datetime(2026, 9, 29, 16, 50, 4, 626000),)",2a3c600a
408641321,-778372891,3339,1:37:18.740000,"(datetime.datetime(2026, 9, 29, 16, 50, 4, 699000),)",2a3c600d
408640033,-778373567,3354,1:37:18.770000,"(datetime.datetime(2026, 9, 29, 16, 50, 4, 724000),)",2a3c600a
408641285,-778372910,3339,1:37:18.850000,"(datetime.datetime(2026, 9, 29, 16, 50, 4, 801000),)",2a3c600d
408640025,-778373570,3354,1:37:18.870000,"(datetime.datetime(2026, 9, 29, 16, 50, 4, 825000),)",2a3c600a
408641253,-778372929,3340,1:37:18.940000,"(datetime.datetime(2026, 9, 29, 16, 50, 4, 899000),)",2a3c600d
408640016,-778373573,3354,1:37:18.960000,"(datetime.datetime(2026, 9, 29, 16, 50, 4, 917000),)",2a3c600a
408641219,-778372945,3339,1:37:19.040000,"(datetime.datetime(2026, 9, 29, 16, 50, 5),)",2a3c600d
408640009,-778373578,3354,1:37:19.070000,"(datetime.datetime(2026, 9, 29, 16, 50, 5, 22000),)",2a3c600a
408641188,-778372962,3339,1:37:19.140000,"(datetime.datetime(2026, 9, 29, 16, 50, 5, 100000),)",2a3c600d
408640003,-778373577,3355,1:37:19.170000,"(datetime.datetime(2026, 9, 29, 16, 50, 5, 128000),)",2a3c600a
408641149,-778372981,3339,1:37:19.240000,"(datetime.datetime(2026, 9, 29, 16, 50, 5, 199000),)",2a3c600d
408639993,-778373584,3355,1:37:19.260000,"(datetime.datetime(2026, 9, 29, 16, 50, 5, 214000),)",2a3c600a
408641126,-778372994,3339,1:37:19.340000,"(datetime.datetime(2026, 9, 29, 16, 50, 5, 298000),)",2a3c600d
408639992,-778373586,3355,1:37:19.370000,"(datetime.datetime(2026, 9, 29, 16, 50, 5, 321000),)",2a3c600a
408641098,-778373006,3339,1:37:19.450000,"(datetime.datetime(2026, 9, 29, 16, 50, 5, 401000),)",2a3c600d
408639991,-778373585,3355,1:37:19.460000,"(datetime.datetime(2026, 9, 29, 16, 50, 5, 419000),)",2a3c600a
408641074,-778373020,3339,1:37:19.540000,"(datetime.datetime(2026, 9, 29, 16, 50, 5, 499000),)",2a3c600d
408639991,-778373587,3355,1:37:19.570000,"(datetime.datetime(2026, 9, 29, 16, 50, 5, 521000),)",2a3c600a
408641049,-778373031,3339,1:37:19.640000,"(datetime.datetime(2026, 9, 29, 16, 50, 5, 599000),)",2a3c600d
408639993,-778373589,3355,1:37:19.660000,"(datetime.datetime(2026, 9, 29, 16, 50, 5, 617000),)",2a3c600a
408641028,-778373043,3339,1:37:19.700000,"(datetime.datetime(2026, 9, 29, 16, 50, 5, 655000),)",2a3c600d
408639991,-778373588,3355,1:37:19.760000,"(datetime.datetime(2026, 9, 29, 16, 50, 5, 714000),)",2a3c600a
408641004,-778373053,3339,1:37:19.800000,"(datetime.datetime(2026, 9, 29, 16, 50, 5, 759000),)",2a3c600d
408639993,-778373588,3355,1:37:19.860000,"(datetime.datetime(2026, 9, 29, 16, 50, 5, 815000),)",2a3c600a
408640985,-778373064,3339,1:37:19.900000,"(datetime.datetime(2026, 9, 29, 16, 50, 5, 855000),)",2a3c600d
408639994,-778373588,3355,1:37:19.960000,"(datetime.datetime(2026, 9, 29, 16, 50, 5, 914000),)",2a3c600a
408640966,-778373075,3339,1:37:20,"(datetime.datetime(2026, 9, 29, 16, 50, 5, 955000),)",2a3c600d
408639993,-778373589,3355,1:37:20.060000,"(datetime.datetime(2026, 9, 29, 16, 50, 6, 14000),)",2a3c600a
408640948,-778373084,3339,1:37:20.100000,"(datetime.datetime(2026, 9, 29, 16, 50, 6, 55000),)",2a3c600d
408639994,-778373589,3356,1:37:20.160000,"(datetime.datetime(2026, 9, 29, 16, 50, 6, 115000),)",2a3c600a
408640926,-778373096,3339,1:37:20.200000,"(datetime.datetime(2026, 9, 29, 16, 50, 6, 155000),)",2a3c600d
408639984,-778373582,3356,1:37:20.260000,"(datetime.datetime(2026, 9, 29, 16, 50, 6, 214000),)",2a3c600a
408640914,-778373102,3339,1:37:20.300000,"(datetime.datetime(2026, 9, 29, 16, 50, 6, 258000),)",2a3c600d
408639985,-778373583,3356,1:37:20.360000,"(datetime.datetime(2026, 9, 29, 16, 50, 6, 315000),)",2a3c600a
408640900,-778373110,3339,1:37:20.400000,"(datetime.datetime(2026, 9, 29, 16, 50, 6, 356000),)",2a3c600d
408639986,-778373579,3355,1:37:20.460000,"(datetime.datetime(2026, 9, 29, 16, 50, 6, 417000),)",2a3c600a
408640889,-778373117,3339,1:37:20.500000,"(datetime.datetime(2026, 9, 29, 16, 50, 6, 455000),)",2a3c600d
408639985,-778373577,3356,1:37:20.560000,"(datetime.datetime(2026, 9, 29, 16, 50, 6, 516000),)",2a3c600a
408640874,-778373121,3339,1:37:20.600000,"(datetime.datetime(2026, 9, 29, 16, 50, 6, 555000),)",2a3c600d
408639986,-778373577,3356,1:37:20.660000,"(datetime.datetime(2026, 9, 29, 16, 50, 6, 615000),)",2a3c600a
408640864,-778373128,3339,1:37:20.700000,"(datetime.datetime(2026, 9, 29, 16, 50, 6, 656000),)",2a3c600d
408639985,-778373579,3356,1:37:20.770000,"(datetime.datetime(2026, 9, 29, 16, 50, 6, 723000),)",2a3c600a
408640855,-778373134,3339,1:37:20.800000,"(datetime.datetime(2026, 9, 29, 16, 50, 6, 756000),)",2a3c600d
408639987,-778373579,3356,1:37:20.860000,"(datetime.datetime(2026, 9, 29, 16, 50, 6, 815000),)",2a3c600a
408640846,-778373136,3339,1:37:20.900000,"(datetime.datetime(2026, 9, 29, 16, 50, 6, 858000),)",2a3c600d
408639986,-778373580,3356,1:37:20.960000,"(datetime.datetime(2026, 9, 29, 16, 50, 6, 914000),)",2a3c600a
408640838,-778373139,3339,1:37:21,"(datetime.datetime(2026, 9, 29, 16, 50, 6, 955000),)",2a3c600d
408639987,-778373578,3356,1:37:21.060000,"(datetime.datetime(2026, 9, 29, 16, 50, 7, 14000),)",2a3c600a
408640829,-778373146,3339,1:37:21.100000,"(datetime.datetime(2026, 9, 29, 16, 50, 7, 57000),)",2a3c600d
408639986,-778373577,3356,1:37:21.160000,"(datetime.datetime(2026, 9, 29, 16, 50, 7, 115000),)",2a3c600a
408640817,-778373151,3339,1:37:21.200000,"(datetime.datetime(2026, 9, 29, 16, 50, 7, 156000),)",2a3c600d
408639979,-778373574,3356,1:37:21.260000,"(datetime.datetime(2026, 9, 29, 16, 50, 7, 214000),)",2a3c600a
408640811,-778373152,3339,1:37:21.300000,"(datetime.datetime(2026, 9, 29, 16, 50, 7, 256000),)",2a3c600d
408639975,-778373575,3356,1:37:21.360000,"(datetime.datetime(2026, 9, 29, 16, 50, 7, 317000),)",2a3c600a
408640805,-778373155,3339,1:37:21.400000,"(datetime.datetime(2026, 9, 29, 16, 50, 7, 355000),)",2a3c600d
408639976,-778373576,3356,1:37:21.460000,"(datetime.datetime(2026, 9, 29, 16, 50, 7, 417000),)",2a3c600a
408640799,-778373158,3339,1:37:21.500000,"(datetime.datetime(2026, 9, 29, 16, 50, 7, 456000),)",2a3c600d
408639971,-778373578,3356,1:37:21.560000,"(datetime.datetime(2026, 9, 29, 16, 50, 7, 514000),)",2a3c600a
408640794,-778373158,3339,1:37:21.610000,"(datetime.datetime(2026, 9, 29, 16, 50, 7, 562000),)",2a3c600d
408639969,-778373576,3356,1:37:21.660000,"(datetime.datetime(2026, 9, 29, 16, 50, 7, 615000),)",2a3c600a
408640789,-778373161,3338,1:37:21.700000,"(datetime.datetime(2026, 9, 29, 16, 50, 7, 655000),)",2a3c600d
408639964,-778373578,3356,1:37:21.760000,"(datetime.datetime(2026, 9, 29, 16, 50, 7, 714000),)",2a3c600a
408640785,-778373163,3338,1:37:21.800000,"(datetime.datetime(2026, 9, 29, 16, 50, 7, 755000),)",2a3c600d
408639963,-778373580,3355,1:37:21.860000,"(datetime.datetime(2026, 9, 29, 16, 50, 7, 814000),)",2a3c600a
408640783,-778373164,3338,1:37:21.900000,"(datetime.datetime(2026, 9, 29, 16, 50, 7, 855000),)",2a3c600d
408639959,-778373582,3355,1:37:21.960000,"(datetime.datetime(2026, 9, 29, 16, 50, 7, 917000),)",2a3c600a
408640779,-778373165,3338,1:37:22,"(datetime.datetime(2026, 9, 29, 16, 50, 7, 957000),)",2a3c600d
408639951,-778373586,3355,1:37:22.060000,"(datetime.datetime(2026, 9, 29, 16, 50, 8, 16000),)",2a3c600a
408640777,-778373167,3339,1:37:22.100000,"(datetime.datetime(2026, 9, 29, 16, 50, 8, 55000),)",2a3c600d
408639946,-778373589,3355,1:37:22.160000,"(datetime.datetime(2026, 9, 29, 16, 50, 8, 115000),)",2a3c600a
408640772,-778373174,3338,1:37:22.200000,"(datetime.datetime(2026, 9, 29, 16, 50, 8, 159000),)",2a3c600d
408639937,-778373584,3355,1:37:22.260000,"(datetime.datetime(2026, 9, 29, 16, 50, 8, 214000),)",2a3c600a
408640773,-778373175,3338,1:37:22.300000,"(datetime.datetime(2026, 9, 29, 16, 50, 8, 259000),)",2a3c600d
408639926,-778373584,3355,1:37:22.360000,"(datetime.datetime(2026, 9, 29, 16, 50, 8, 314000),)",2a3c600a
408640773,-778373174,3338,1:37:22.400000,"(datetime.datetime(2026, 9, 29, 16, 50, 8, 355000),)",2a3c600d
408639914,-778373589,3355,1:37:22.460000,"(datetime.datetime(2026, 9, 29, 16, 50, 8, 415000),)",2a3c600a
408640774,-778373176,3338,1:37:22.500000,"(datetime.datetime(2026, 9, 29, 16, 50, 8, 456000),)",2a3c600d
408639902,-778373592,3355,1:37:22.560000,"(datetime.datetime(2026, 9, 29, 16, 50, 8, 518000),)",2a3c600a
408640773,-778373175,3338,1:37:22.610000,"(datetime.datetime(2026, 9, 29, 16, 50, 8, 561000),)",2a3c600d
408639890,-778373599,3355,1:37:22.660000,"(datetime.datetime(2026, 9, 29, 16, 50, 8, 615000),)",2a3c600a
408640772,-778373177,3338,1:37:22.700000,"(datetime.datetime(2026, 9, 29, 16, 50, 8, 656000),)",2a3c600d
408639873,-778373603,3355,1:37:22.760000,"(datetime.datetime(2026, 9, 29, 16, 50, 8, 714000),)",2a3c600a
408640771,-778373176,3338,1:37:22.800000,"(datetime.datetime(2026, 9, 29, 16, 50, 8, 756000),)",2a3c600d
408639854,-778373613,3355,1:37:22.860000,"(datetime.datetime(2026, 9, 29, 16, 50, 8, 816000),)",2a3c600a
408640771,-778373176,3338,1:37:22.900000,"(datetime.datetime(2026, 9, 29, 16, 50, 8, 857000),)",2a3c600d
408639834,-778373622,3355,1:37:22.960000,"(datetime.datetime(2026, 9, 29, 16, 50, 8, 915000),)",2a3c600a
408640771,-778373177,3338,1:37:23,"(datetime.datetime(2026, 9, 29, 16, 50, 8, 956000),)",2a3c600d
408639811,-778373631,3355,1:37:23.060000,"(datetime.datetime(2026, 9, 29, 16, 50, 9, 14000),)",2a3c600a
408640768,-778373177,3338,1:37:23.100000,"(datetime.datetime(2026, 9, 29, 16, 50, 9, 56000),)",2a3c600d
408639789,-778373639,3355,1:37:23.160000,"(datetime.datetime(2026, 9, 29, 16, 50, 9, 115000),)",2a3c600a
408640773,-778373183,3338,1:37:23.200000,"(datetime.datetime(2026, 9, 29, 16, 50, 9, 155000),)",2a3c600d
408639772,-778373647,3356,1:37:23.260000,"(datetime.datetime(2026, 9, 29, 16, 50, 9, 215000),)",2a3c600a
408640771,-778373184,3338,1:37:23.300000,"(datetime.datetime(2026, 9, 29, 16, 50, 9, 256000),)",2a3c600d
408639741,-778373658,3356,1:37:23.360000,"(datetime.datetime(2026, 9, 29, 16, 50, 9, 314000),)",2a3c600a
408640768,-778373185,3338,1:37:23.410000,"(datetime.datetime(2026, 9, 29, 16, 50, 9, 364000),)",2a3c600d
408639712,-778373670,3356,1:37:23.470000,"(datetime.datetime(2026, 9, 29, 16, 50, 9, 425000),)",2a3c600a
408640765,-778373188,3339,1:37:23.500000,"(datetime.datetime(2026, 9, 29, 16, 50, 9, 456000),)",2a3c600d
408639680,-778373686,3356,1:37:23.560000,"(datetime.datetime(2026, 9, 29, 16, 50, 9, 514000),)",2a3c600a
408640761,-778373189,3338,1:37:23.600000,"(datetime.datetime(2026, 9, 29, 16, 50, 9, 556000),)",2a3c600d
408639646,-778373700,3357,1:37:23.660000,"(datetime.datetime(2026, 9, 29, 16, 50, 9, 614000),)",2a3c600a
408640757,-778373189,3338,1:37:23.700000,"(datetime.datetime(2026, 9, 29, 16, 50, 9, 656000),)",2a3c600d
408639611,-778373716,3356,1:37:23.760000,"(datetime.datetime(2026, 9, 29, 16, 50, 9, 714000),)",2a3c600a
408640755,-778373193,3339,1:37:23.800000,"(datetime.datetime(2026, 9, 29, 16, 50, 9, 759000),)",2a3c600d
408639575,-778373728,3356,1:37:23.860000,"(datetime.datetime(2026, 9, 29, 16, 50, 9, 814000),)",2a3c600a
408640749,-778373194,3338,1:37:23.900000,"(datetime.datetime(2026, 9, 29, 16, 50, 9, 855000),)",2a3c600d
408639536,-778373744,3356,1:37:23.960000,"(datetime.datetime(2026, 9, 29, 16, 50, 9, 919000),)",2a3c600a
408640744,-778373197,3338,1:37:24,"(datetime.datetime(2026, 9, 29, 16, 50, 9, 956000),)",2a3c600d
408639495,-778373760,3356,1:37:24.060000,"(datetime.datetime(2026, 9, 29, 16, 50, 10, 14000),)",2a3c600a
408640740,-778373200,3338,1:37:24.100000,"(datetime.datetime(2026, 9, 29, 16, 50, 10, 55000),)",2a3c600d
408639452,-778373779,3356,1:37:24.160000,"(datetime.datetime(2026, 9, 29, 16, 50, 10, 114000),)",2a3c600a
408640731,-778373208,3338,1:37:24.200000,"(datetime.datetime(2026, 9, 29, 16, 50, 10, 156000),)",2a3c600d
408639416,-778373786,3355,1:37:24.260000,"(datetime.datetime(2026, 9, 29, 16, 50, 10, 215000),)",2a3c600a
408640722,-778373212,3338,1:37:24.300000,"(datetime.datetime(2026, 9, 29, 16, 50, 10, 256000),)",2a3c600d
408639368,-778373807,3355,1:37:24.360000,"(datetime.datetime(2026, 9, 29, 16, 50, 10, 314000),)",2a3c600a
408640714,-778373217,3338,1:37:24.400000,"(datetime.datetime(2026, 9, 29, 16, 50, 10, 355000),)",2a3c600d
408639322,-778373824,3356,1:37:24.460000,"(datetime.datetime(2026, 9, 29, 16, 50, 10, 417000),)",2a3c600a
408640701,-778373222,3338,1:37:24.510000,"(datetime.datetime(2026, 9, 29, 16, 50, 10, 462000),)",2a3c600d
408639274,-778373840,3356,1:37:24.560000,"(datetime.datetime(2026, 9, 29, 16, 50, 10, 514000),)",2a3c600a
408640690,-778373228,3338,1:37:24.600000,"(datetime.datetime(2026, 9, 29, 16, 50, 10, 556000),)",2a3c600d
408639224,-778373854,3355,1:37:24.660000,"(datetime.datetime(2026, 9, 29, 16, 50, 10, 615000),)",2a3c600a
408640676,-778373235,3338,1:37:24.700000,"(datetime.datetime(2026, 9, 29, 16, 50, 10, 655000),)",2a3c600d
408639174,-778373870,3355,1:37:24.760000,"(datetime.datetime(2026, 9, 29, 16, 50, 10, 716000),)",2a3c600a
408640660,-778373243,3338,1:37:24.800000,"(datetime.datetime(2026, 9, 29, 16, 50, 10, 756000),)",2a3c600d
408639125,-778373887,3355,1:37:24.860000,"(datetime.datetime(2026, 9, 29, 16, 50, 10, 814000),)",2a3c600a
408640643,-778373251,3338,1:37:24.900000,"(datetime.datetime(2026, 9, 29, 16, 50, 10, 856000),)",2a3c600d
408639074,-778373901,3355,1:37:24.960000,"(datetime.datetime(2026, 9, 29, 16, 50, 10, 914000),)",2a3c600a
408640623,-778373262,3338,1:37:25,"(datetime.datetime(2026, 9, 29, 16, 50, 10, 955000),)",2a3c600d
408639021,-778373922,3355,1:37:25.060000,"(datetime.datetime(2026, 9, 29, 16, 50, 11, 15000),)",2a3c600a
408640602,-778373272,3338,1:37:25.100000,"(datetime.datetime(2026, 9, 29, 16, 50, 11, 59000),)",2a3c600d
408638966,-778373940,3355,1:37:25.160000,"(datetime.datetime(2026, 9, 29, 16, 50, 11, 114000),)",2a3c600a
408640587,-778373282,3339,1:37:25.200000,"(datetime.datetime(2026, 9, 29, 16, 50, 11, 157000),)",2a3c600d
408638916,-778373953,3355,1:37:25.260000,"(datetime.datetime(2026, 9, 29, 16, 50, 11, 215000),)",2a3c600a
408640559,-778373295,3338,1:37:25.300000,"(datetime.datetime(2026, 9, 29, 16, 50, 11, 256000),)",2a3c600d
408638855,-778373965,3354,1:37:25.370000,"(datetime.datetime(2026, 9, 29, 16, 50, 11, 322000),)",2a3c600a
408640535,-778373307,3338,1:37:25.400000,"(datetime.datetime(2026, 9, 29, 16, 50, 11, 355000),)",2a3c600d
408638794,-778373982,3355,1:37:25.460000,"(datetime.datetime(2026, 9, 29, 16, 50, 11, 414000),)",2a3c600a
408640507,-778373320,3338,1:37:25.500000,"(datetime.datetime(2026, 9, 29, 16, 50, 11, 456000),)",2a3c600d
408638734,-778373994,3355,1:37:25.560000,"(datetime.datetime(2026, 9, 29, 16, 50, 11, 515000),)",2a3c600a
408640478,-778373333,3338,1:37:25.600000,"(datetime.datetime(2026, 9, 29, 16, 50, 11, 555000),)",2a3c600d
408638673,-778374012,3355,1:37:25.660000,"(datetime.datetime(2026, 9, 29, 16, 50, 11, 614000),)",2a3c600a
408640447,-778373347,3338,1:37:25.700000,"(datetime.datetime(2026, 9, 29, 16, 50, 11, 655000),)",2a3c600d
408638611,-778374028,3355,1:37:25.760000,"(datetime.datetime(2026, 9, 29, 16, 50, 11, 715000),)",2a3c600a
408640414,-778373359,3338,1:37:25.800000,"(datetime.datetime(2026, 9, 29, 16, 50, 11, 756000),)",2a3c600d
408638545,-778374045,3355,1:37:25.860000,"(datetime.datetime(2026, 9, 29, 16, 50, 11, 814000),)",2a3c600a
408640381,-778373375,3338,1:37:25.910000,"(datetime.datetime(2026, 9, 29, 16, 50, 11, 864000),)",2a3c600d
408638480,-778374059,3354,1:37:25.960000,"(datetime.datetime(2026, 9, 29, 16, 50, 11, 914000),)",2a3c600a
408640345,-778373391,3338,1:37:26,"(datetime.datetime(2026, 9, 29, 16, 50, 11, 956000),)",2a3c600d
408638410,-778374073,3355,1:37:26.060000,"(datetime.datetime(2026, 9, 29, 16, 50, 12, 16000),)",2a3c600a
408640311,-778373407,3338,1:37:26.100000,"(datetime.datetime(2026, 9, 29, 16, 50, 12, 57000),)",2a3c600d
408638343,-778374090,3354,1:37:26.160000,"(datetime.datetime(2026, 9, 29, 16, 50, 12, 115000),)",2a3c600a
408640281,-778373426,3338,1:37:26.200000,"(datetime.datetime(2026, 9, 29, 16, 50, 12, 156000),)",2a3c600d
408638276,-778374097,3354,1:37:26.260000,"(datetime.datetime(2026, 9, 29, 16, 50, 12, 215000),)",2a3c600a
408640237,-778373443,3338,1:37:26.300000,"(datetime.datetime(2026, 9, 29, 16, 50, 12, 256000),)",2a3c600d
408638200,-778374109,3354,1:37:26.360000,"(datetime.datetime(2026, 9, 29, 16, 50, 12, 316000),)",2a3c600a
408640195,-778373462,3338,1:37:26.400000,"(datetime.datetime(2026, 9, 29, 16, 50, 12, 356000),)",2a3c600d
408638126,-778374124,3354,1:37:26.460000,"(datetime.datetime(2026, 9, 29, 16, 50, 12, 415000),)",2a3c600a
408640150,-778373478,3338,1:37:26.500000,"(datetime.datetime(2026, 9, 29, 16, 50, 12, 456000),)",2a3c600d
408638051,-778374136,3353,1:37:26.560000,"(datetime.datetime(2026, 9, 29, 16, 50, 12, 514000),)",2a3c600a
408640108,-778373498,3338,1:37:26.600000,"(datetime.datetime(2026, 9, 29, 16, 50, 12, 555000),)",2a3c600d
408637971,-778374150,3354,1:37:26.660000,"(datetime.datetime(2026, 9, 29, 16, 50, 12, 614000),)",2a3c600a
408640059,-778373513,3337,1:37:26.700000,"(datetime.datetime(2026, 9, 29, 16, 50, 12, 655000),)",2a3c600d
408637894,-778374165,3354,1:37:26.760000,"(datetime.datetime(2026, 9, 29, 16, 50, 12, 717000),)",2a3c600a
408640012,-778373535,3337,1:37:26.800000,"(datetime.datetime(2026, 9, 29, 16, 50, 12, 754000),)",2a3c600d
408637816,-778374180,3354,1:37:26.860000,"(datetime.datetime(2026, 9, 29, 16, 50, 12, 814000),)",2a3c600a
408639961,-778373555,3337,1:37:26.900000,"(datetime.datetime(2026, 9, 29, 16, 50, 12, 855000),)",2a3c600d
408637732,-778374192,3354,1:37:26.960000,"(datetime.datetime(2026, 9, 29, 16, 50, 12, 914000),)",2a3c600a
408639911,-778373574,3337,1:37:27,"(datetime.datetime(2026, 9, 29, 16, 50, 12, 959000),)",2a3c600d
408637650,-778374205,3353,1:37:27.060000,"(datetime.datetime(2026, 9, 29, 16, 50, 13, 14000),)",2a3c600a
408639861,-778373591,3337,1:37:27.100000,"(datetime.datetime(2026, 9, 29, 16, 50, 13, 56000),)",2a3c600d
408637568,-778374217,3353,1:37:27.160000,"(datetime.datetime(2026, 9, 29, 16, 50, 13, 114000),)",2a3c600a
408639816,-778373612,3337,1:37:27.200000,"(datetime.datetime(2026, 9, 29, 16, 50, 13, 155000),)",2a3c600d
408637484,-778374228,3354,1:37:27.260000,"(datetime.datetime(2026, 9, 29, 16, 50, 13, 214000),)",2a3c600a
408639755,-778373635,3337,1:37:27.300000,"(datetime.datetime(2026, 9, 29, 16, 50, 13, 255000),)",2a3c600d
408637392,-778374239,3354,1:37:27.360000,"(datetime.datetime(2026, 9, 29, 16, 50, 13, 319000),)",2a3c600a
408639699,-778373656,3336,1:37:27.400000,"(datetime.datetime(2026, 9, 29, 16, 50, 13, 357000),)",2a3c600d
408637306,-778374249,3353,1:37:27.460000,"(datetime.datetime(2026, 9, 29, 16, 50, 13, 414000),)",2a3c600a
408639642,-778373673,3336,1:37:27.500000,"(datetime.datetime(2026, 9, 29, 16, 50, 13, 455000),)",2a3c600d
408637217,-778374261,3353,1:37:27.560000,"(datetime.datetime(2026, 9, 29, 16, 50, 13, 515000),)",2a3c600a
408639580,-778373697,3337,1:37:27.600000,"(datetime.datetime(2026, 9, 29, 16, 50, 13, 557000),)",2a3c600d
408637126,-778374273,3353,1:37:27.660000,"(datetime.datetime(2026, 9, 29, 16, 50, 13, 615000),)",2a3c600a
408639518,-778373718,3336,1:37:27.700000,"(datetime.datetime(2026, 9, 29, 16, 50, 13, 656000),)",2a3c600d
408637034,-778374283,3353,1:37:27.760000,"(datetime.datetime(2026, 9, 29, 16, 50, 13, 716000),)",2a3c600a
408639458,-778373740,3336,1:37:27.800000,"(datetime.datetime(2026, 9, 29, 16, 50, 13, 755000),)",2a3c600d
408636941,-778374292,3353,1:37:27.930000,"(datetime.datetime(2026, 9, 29, 16, 50, 13, 889000),)",2a3c600a
408639393,-778373762,3336,1:37:28.040000,"(datetime.datetime(2026, 9, 29, 16, 50, 13, 993000),)",2a3c600d
408636847,-778374301,3353,1:37:28.190000,"(datetime.datetime(2026, 9, 29, 16, 50, 14, 142000),)",2a3c600a
408639325,-778373780,3336,1:37:28.240000,"(datetime.datetime(2026, 9, 29, 16, 50, 14, 196000),)",2a3c600d
408636752,-778374310,3353,1:37:28.380000,"(datetime.datetime(2026, 9, 29, 16, 50, 14, 334000),)",2a3c600a
408639258,-778373806,3336,1:37:28.530000,"(datetime.datetime(2026, 9, 29, 16, 50, 14, 482000),)",2a3c600d
408636657,-778374318,3353,1:37:28.740000,"(datetime.datetime(2026, 9, 29, 16, 50, 14, 694000),)",2a3c600a
408639196,-778373824,3336,1:37:28.980000,"(datetime.datetime(2026, 9, 29, 16, 50, 14, 938000),)",2a3c600d
408636566,-778374322,3352,1:37:29.140000,"(datetime.datetime(2026, 9, 29, 16, 50, 15, 98000),)",2a3c600a
408639120,-778373846,3336,1:37:29.200000,"(datetime.datetime(2026, 9, 29, 16, 50, 15, 159000),)",2a3c600d
408636466,-778374329,3352,1:37:29.350000,"(datetime.datetime(2026, 9, 29, 16, 50, 15, 303000),)",2a3c600a
408639048,-778373868,3336,1:37:29.430000,"(datetime.datetime(2026, 9, 29, 16, 50, 15, 383000),)",2a3c600d
408636366,-778374334,3352,1:37:29.550000,"(datetime.datetime(2026, 9, 29, 16, 50, 15, 506000),)",2a3c600a
408638973,-778373888,3336,1:37:29.760000,"(datetime.datetime(2026, 9, 29, 16, 50, 15, 711000),)",2a3c600d
408636269,-778374340,3352,1:37:30.170000,"(datetime.datetime(2026, 9, 29, 16, 50, 16, 121000),)",2a3c600a
408638898,-778373910,3336,1:37:30.370000,"(datetime.datetime(2026, 9, 29, 16, 50, 16, 326000),)",2a3c600d
408636170,-778374345,3351,1:37:30.580000,"(datetime.datetime(2026, 9, 29, 16, 50, 16, 531000),)",2a3c600a
408638821,-778373930,3335,1:37:30.780000,"(datetime.datetime(2026, 9, 29, 16, 50, 16, 737000),)",2a3c600d
408636067,-778374349,3351,1:37:31.190000,"(datetime.datetime(2026, 9, 29, 16, 50, 17, 145000),)",2a3c600a
408638745,-778373953,3335,1:37:31.390000,"(datetime.datetime(2026, 9, 29, 16, 50, 17, 350000),)",2a3c600d
408635966,-778374353,3351,1:37:31.600000,"(datetime.datetime(2026, 9, 29, 16, 50, 17, 554000),)",2a3c600a
408638663,-778373970,3335,1:37:31.800000,"(datetime.datetime(2026, 9, 29, 16, 50, 17, 759000),)",2a3c600d
408635861,-778374357,3351,1:37:32.090000,"(datetime.datetime(2026, 9, 29, 16, 50, 18, 47000),)",2a3c600a
408638582,-778373990,3335,1:37:32.120000,"(datetime.datetime(2026, 9, 29, 16, 50, 18, 70000),)",2a3c600d
408635756,-778374359,3351,1:37:32.230000,"(datetime.datetime(2026, 9, 29, 16, 50, 18, 186000),)",2a3c600a
408638499,-778374007,3335,1:37:32.330000,"(datetime.datetime(2026, 9, 29, 16, 50, 18, 286000),)",2a3c600d
408635653,-778374361,3351,1:37:32.440000,"(datetime.datetime(2026, 9, 29, 16, 50, 18, 395000),)",2a3c600a
408638428,-778374026,3336,1:37:32.590000,"(datetime.datetime(2026, 9, 29, 16, 50, 18, 542000),)",2a3c600d
408635549,-778374367,3351,1:37:32.640000,"(datetime.datetime(2026, 9, 29, 16, 50, 18, 599000),)",2a3c600a
408638336,-778374043,3335,1:37:32.750000,"(datetime.datetime(2026, 9, 29, 16, 50, 18, 702000),)",2a3c600d
408635439,-778374366,3351,1:37:32.940000,"(datetime.datetime(2026, 9, 29, 16, 50, 18, 898000),)",2a3c600a
408638248,-778374059,3335,1:37:33.020000,"(datetime.datetime(2026, 9, 29, 16, 50, 18, 973000),)",2a3c600d
408635331,-778374365,3351,1:37:33.040000,"(datetime.datetime(2026, 9, 29, 16, 50, 18, 999000),)",2a3c600a
408638248,-778374059,3335,1:37:33.150000,"(datetime.datetime(2026, 9, 29, 16, 50, 19, 106000),)",2a3c600d
408635223,-778374361,3350,1:37:33.280000,"(datetime.datetime(2026, 9, 29, 16, 50, 19, 233000),)",2a3c600a
408638160,-778374077,3335,1:37:33.350000,"(datetime.datetime(2026, 9, 29, 16, 50, 19, 308000),)",2a3c600d
408635112,-778374362,3351,1:37:33.460000,"(datetime.datetime(2026, 9, 29, 16, 50, 19, 418000),)",2a3c600a
408638069,-778374092,3335,1:37:33.530000,"(datetime.datetime(2026, 9, 29, 16, 50, 19, 485000),)",2a3c600d
408635002,-778374357,3350,1:37:33.580000,"(datetime.datetime(2026, 9, 29, 16, 50, 19, 533000),)",2a3c600a
408637979,-778374111,3334,1:37:33.600000,"(datetime.datetime(2026, 9, 29, 16, 50, 19, 555000),)",2a3c600d
408634890,-778374354,3350,1:37:33.610000,"(datetime.datetime(2026, 9, 29, 16, 50, 19, 565000),)",2a3c600a
408637887,-778374126,3335,1:37:33.620000,"(datetime.datetime(2026, 9, 29, 16, 50, 19, 576000),)",2a3c600d
408634778,-778374349,3350,1:37:33.670000,"(datetime.datetime(2026, 9, 29, 16, 50, 19, 629000),)",2a3c600a
408637794,-778374142,3334,1:37:33.690000,"(datetime.datetime(2026, 9, 29, 16, 50, 19, 643000),)",2a3c600d
408634663,-778374343,3350,1:37:33.700000,"(datetime.datetime(2026, 9, 29, 16, 50, 19, 653000),)",2a3c600a
408634550,-778374337,3350,1:37:33.740000,"(datetime.datetime(2026, 9, 29, 16, 50, 19, 691000),)",2a3c600a
408637601,-778374172,3334,1:37:33.750000,"(datetime.datetime(2026, 9, 29, 16, 50, 19, 705000),)",2a3c600d
408634443,-778374338,3350,1:37:33.790000,"(datetime.datetime(2026, 9, 29, 16, 50, 19, 742000),)",2a3c600a
408637509,-778374188,3334,1:37:33.800000,"(datetime.datetime(2026, 9, 29, 16, 50, 19, 755000),)",2a3c600d
408637403,-778374200,3334,1:37:33.810000,"(datetime.datetime(2026, 9, 29, 16, 50, 19, 765000),)",2a3c600d
408634323,-778374327,3350,1:37:33.820000,"(datetime.datetime(2026, 9, 29, 16, 50, 19, 774000),)",2a3c600a
408634206,-778374318,3349,1:37:33.870000,"(datetime.datetime(2026, 9, 29, 16, 50, 19, 821000),)",2a3c600a
408637403,-778374200,3334,1:37:33.880000,"(datetime.datetime(2026, 9, 29, 16, 50, 19, 836000),)",2a3c600d
408634088,-778374308,3349,1:37:33.910000,"(datetime.datetime(2026, 9, 29, 16, 50, 19, 866000),)",2a3c600a
408637304,-778374215,3333,1:37:33.920000,"(datetime.datetime(2026, 9, 29, 16, 50, 19, 878000),)",2a3c600d
408633971,-778374294,3349,1:37:33.930000,"(datetime.datetime(2026, 9, 29, 16, 50, 19, 889000),)",2a3c600a
408637201,-778374228,3333,1:37:33.970000,"(datetime.datetime(2026, 9, 29, 16, 50, 19, 927000),)",2a3c600d
408633853,-778374282,3349,1:37:33.980000,"(datetime.datetime(2026, 9, 29, 16, 50, 19, 938000),)",2a3c600a
408637097,-778374241,3333,1:37:33.990000,"(datetime.datetime(2026, 9, 29, 16, 50, 19, 948000),)",2a3c600d
408633734,-778374267,3349,1:37:34.030000,"(datetime.datetime(2026, 9, 29, 16, 50, 19, 989000),)",2a3c600a
408636990,-778374253,3333,1:37:34.040000,"(datetime.datetime(2026, 9, 29, 16, 50, 20),)",2a3c600d
408633615,-778374250,3349,1:37:34.050000,"(datetime.datetime(2026, 9, 29, 16, 50, 20, 10000),)",2a3c600a
408636885,-778374265,3333,1:37:34.100000,"(datetime.datetime(2026, 9, 29, 16, 50, 20, 55000),)",2a3c600d
408633495,-778374233,3349,1:37:34.110000,"(datetime.datetime(2026, 9, 29, 16, 50, 20, 66000),)",2a3c600a
408636777,-778374275,3333,1:37:34.130000,"(datetime.datetime(2026, 9, 29, 16, 50, 20, 81000),)",2a3c600d
408633377,-778374214,3348,1:37:34.160000,"(datetime.datetime(2026, 9, 29, 16, 50, 20, 119000),)",2a3c600a
408636666,-778374286,3333,1:37:34.180000,"(datetime.datetime(2026, 9, 29, 16, 50, 20, 131000),)",2a3c600d
408633262,-778374197,3348,1:37:34.190000,"(datetime.datetime(2026, 9, 29, 16, 50, 20, 142000),)",2a3c600a
408636557,-778374295,3333,1:37:34.230000,"(datetime.datetime(2026, 9, 29, 16, 50, 20, 186000),)",2a3c600d
408633138,-778374172,3348,1:37:34.250000,"(datetime.datetime(2026, 9, 29, 16, 50, 20, 204000),)",2a3c600a
408636447,-778374311,3333,1:37:34.280000,"(datetime.datetime(2026, 9, 29, 16, 50, 20, 238000),)",2a3c600d
408633138,-778374172,3348,1:37:34.300000,"(datetime.datetime(2026, 9, 29, 16, 50, 20, 252000),)",2a3c600a
408636327,-778374318,3333,1:37:34.340000,"(datetime.datetime(2026, 9, 29, 16, 50, 20, 295000),)",2a3c600d
408633019,-778374147,3348,1:37:34.350000,"(datetime.datetime(2026, 9, 29, 16, 50, 20, 305000),)",2a3c600a
408636214,-778374326,3332,1:37:34.360000,"(datetime.datetime(2026, 9, 29, 16, 50, 20, 315000),)",2a3c600d
408632900,-778374121,3347,1:37:34.400000,"(datetime.datetime(2026, 9, 29, 16, 50, 20, 355000),)",2a3c600a
408636097,-778374331,3332,1:37:34.410000,"(datetime.datetime(2026, 9, 29, 16, 50, 20, 366000),)",2a3c600d
408632780,-778374094,3347,1:37:34.420000,"(datetime.datetime(2026, 9, 29, 16, 50, 20, 376000),)",2a3c600a
408635979,-778374339,3332,1:37:34.460000,"(datetime.datetime(2026, 9, 29, 16, 50, 20, 418000),)",2a3c600d
408632661,-778374068,3347,1:37:34.470000,"(datetime.datetime(2026, 9, 29, 16, 50, 20, 429000),)",2a3c600a
408635858,-778374341,3332,1:37:34.480000,"(datetime.datetime(2026, 9, 29, 16, 50, 20, 439000),)",2a3c600d
408632419,-778374004,3347,1:37:34.530000,"(datetime.datetime(2026, 9, 29, 16, 50, 20, 483000),)",2a3c600a
408635736,-778374349,3332,1:37:34.540000,"(datetime.datetime(2026, 9, 29, 16, 50, 20, 493000),)",2a3c600d
408632300,-778373969,3347,1:37:34.550000,"(datetime.datetime(2026, 9, 29, 16, 50, 20, 503000),)",2a3c600a
408635616,-778374350,3332,1:37:34.590000,"(datetime.datetime(2026, 9, 29, 16, 50, 20, 541000),)",2a3c600d
408632178,-778373936,3347,1:37:34.600000,"(datetime.datetime(2026, 9, 29, 16, 50, 20, 555000),)",2a3c600a
408635492,-778374350,3331,1:37:34.610000,"(datetime.datetime(2026, 9, 29, 16, 50, 20, 566000),)",2a3c600d
408632178,-778373936,3347,1:37:34.650000,"(datetime.datetime(2026, 9, 29, 16, 50, 20, 606000),)",2a3c600a
408635366,-778374347,3331,1:37:34.660000,"(datetime.datetime(2026, 9, 29, 16, 50, 20, 619000),)",2a3c600d
408631940,-778373853,3346,1:37:34.670000,"(datetime.datetime(2026, 9, 29, 16, 50, 20, 630000),)",2a3c600a
408635242,-778374351,3331,1:37:34.720000,"(datetime.datetime(2026, 9, 29, 16, 50, 20, 677000),)",2a3c600d
408631820,-778373813,3345,1:37:34.730000,"(datetime.datetime(2026, 9, 29, 16, 50, 20, 690000),)",2a3c600a
408635110,-778374344,3331,1:37:34.750000,"(datetime.datetime(2026, 9, 29, 16, 50, 20, 701000),)",2a3c600d
408631699,-778373770,3345,1:37:34.790000,"(datetime.datetime(2026, 9, 29, 16, 50, 20, 747000),)",2a3c600a
408634984,-778374338,3330,1:37:34.800000,"(datetime.datetime(2026, 9, 29, 16, 50, 20, 759000),)",2a3c600d
408634855,-778374332,3330,1:37:34.810000,"(datetime.datetime(2026, 9, 29, 16, 50, 20, 770000),)",2a3c600d
408631577,-778373728,3345,1:37:34.850000,"(datetime.datetime(2026, 9, 29, 16, 50, 20, 804000),)",2a3c600a
408634727,-778374323,3330,1:37:34.860000,"(datetime.datetime(2026, 9, 29, 16, 50, 20, 816000),)",2a3c600d
408631460,-778373683,3345,1:37:34.870000,"(datetime.datetime(2026, 9, 29, 16, 50, 20, 827000),)",2a3c600a
408634598,-778374315,3330,1:37:34.920000,"(datetime.datetime(2026, 9, 29, 16, 50, 20, 875000),)",2a3c600d
408631335,-778373636,3345,1:37:34.930000,"(datetime.datetime(2026, 9, 29, 16, 50, 20, 886000),)",2a3c600a
408634467,-778374307,3330,1:37:34.940000,"(datetime.datetime(2026, 9, 29, 16, 50, 20, 896000),)",2a3c600d
408631215,-778373588,3344,1:37:34.980000,"(datetime.datetime(2026, 9, 29, 16, 50, 20, 938000),)",2a3c600a
408634336,-778374291,3330,1:37:34.990000,"(datetime.datetime(2026, 9, 29, 16, 50, 20, 949000),)",2a3c600d
408631094,-778373541,3345,1:37:35,"(datetime.datetime(2026, 9, 29, 16, 50, 20, 960000),)",2a3c600a
408634205,-778374275,3330,1:37:35.060000,"(datetime.datetime(2026, 9, 29, 16, 50, 21, 12000),)",2a3c600d
408630973,-778373491,3344,1:37:35.070000,"(datetime.datetime(2026, 9, 29, 16, 50, 21, 23000),)",2a3c600a
408634074,-778374259,3330,1:37:35.080000,"(datetime.datetime(2026, 9, 29, 16, 50, 21, 34000),)",2a3c600d
408630855,-778373443,3344,1:37:35.120000,"(datetime.datetime(2026, 9, 29, 16, 50, 21, 76000),)",2a3c600a
408633947,-778374251,3329,1:37:35.130000,"(datetime.datetime(2026, 9, 29, 16, 50, 21, 87000),)",2a3c600d
408630732,-778373384,3344,1:37:35.140000,"(datetime.datetime(2026, 9, 29, 16, 50, 21, 97000),)",2a3c600a
408633811,-778374226,3329,1:37:35.190000,"(datetime.datetime(2026, 9, 29, 16, 50, 21, 147000),)",2a3c600d
408630732,-778373384,3344,1:37:35.200000,"(datetime.datetime(2026, 9, 29, 16, 50, 21, 160000),)",2a3c600a
408633677,-778374205,3329,1:37:35.220000,"(datetime.datetime(2026, 9, 29, 16, 50, 21, 171000),)",2a3c600d
408630610,-778373329,3343,1:37:35.260000,"(datetime.datetime(2026, 9, 29, 16, 50, 21, 212000),)",2a3c600a
408633545,-778374184,3329,1:37:35.270000,"(datetime.datetime(2026, 9, 29, 16, 50, 21, 223000),)",2a3c600d
408630489,-778373272,3343,1:37:35.280000,"(datetime.datetime(2026, 9, 29, 16, 50, 21, 236000),)",2a3c600a
408633409,-778374161,3329,1:37:35.320000,"(datetime.datetime(2026, 9, 29, 16, 50, 21, 272000),)",2a3c600d
408630367,-778373215,3343,1:37:35.330000,"(datetime.datetime(2026, 9, 29, 16, 50, 21, 284000),)",2a3c600a
408633273,-778374133,3329,1:37:35.340000,"(datetime.datetime(2026, 9, 29, 16, 50, 21, 298000),)",2a3c600d
408630246,-778373155,3343,1:37:35.380000,"(datetime.datetime(2026, 9, 29, 16, 50, 21, 333000),)",2a3c600a
408633137,-778374107,3328,1:37:35.390000,"(datetime.datetime(2026, 9, 29, 16, 50, 21, 343000),)",2a3c600d
408630123,-778373094,3343,1:37:35.400000,"(datetime.datetime(2026, 9, 29, 16, 50, 21, 354000),)",2a3c600a
408633003,-778374077,3328,1:37:35.450000,"(datetime.datetime(2026, 9, 29, 16, 50, 21, 405000),)",2a3c600d
408630002,-778373030,3342,1:37:35.460000,"(datetime.datetime(2026, 9, 29, 16, 50, 21, 417000),)",2a3c600a
408632870,-778374046,3328,1:37:35.470000,"(datetime.datetime(2026, 9, 29, 16, 50, 21, 430000),)",2a3c600d
408629880,-778372966,3343,1:37:35.510000,"(datetime.datetime(2026, 9, 29, 16, 50, 21, 468000),)",2a3c600a
408632733,-778374014,3328,1:37:35.520000,"(datetime.datetime(2026, 9, 29, 16, 50, 21, 479000),)",2a3c600d
408629760,-778372899,3342,1:37:35.530000,"(datetime.datetime(2026, 9, 29, 16, 50, 21, 489000),)",2a3c600a
408632595,-778373990,3327,1:37:35.580000,"(datetime.datetime(2026, 9, 29, 16, 50, 21, 539000),)",2a3c600d
408629642,-778372838,3342,1:37:35.600000,"(datetime.datetime(2026, 9, 29, 16, 50, 21, 554000),)",2a3c600a
408632456,-778373950,3327,1:37:35.610000,"(datetime.datetime(2026, 9, 29, 16, 50, 21, 565000),)",2a3c600d
408629520,-778372763,3342,1:37:35.660000,"(datetime.datetime(2026, 9, 29, 16, 50, 21, 613000),)",2a3c600a
408632321,-778373914,3327,1:37:35.670000,"(datetime.datetime(2026, 9, 29, 16, 50, 21, 627000),)",2a3c600d
408629398,-778372693,3342,1:37:35.680000,"(datetime.datetime(2026, 9, 29, 16, 50, 21, 638000),)",2a3c600a
408632183,-778373876,3327,1:37:35.720000,"(datetime.datetime(2026, 9, 29, 16, 50, 21, 679000),)",2a3c600d
408629277,-778372623,3342,1:37:35.740000,"(datetime.datetime(2026, 9, 29, 16, 50, 21, 692000),)",2a3c600a
408632050,-778373833,3326,1:37:35.750000,"(datetime.datetime(2026, 9, 29, 16, 50, 21, 702000),)",2a3c600d
408629153,-778372550,3342,1:37:35.790000,"(datetime.datetime(2026, 9, 29, 16, 50, 21, 746000),)",2a3c600a
408631913,-778373791,3326,1:37:35.810000,"(datetime.datetime(2026, 9, 29, 16, 50, 21, 762000),)",2a3c600d
408629032,-778372476,3342,1:37:35.840000,"(datetime.datetime(2026, 9, 29, 16, 50, 21, 795000),)",2a3c600a
408631778,-778373749,3326,1:37:35.850000,"(datetime.datetime(2026, 9, 29, 16, 50, 21, 807000),)",2a3c600d
408628911,-778372398,3342,1:37:35.860000,"(datetime.datetime(2026, 9, 29, 16, 50, 21, 817000),)",2a3c600a
408631644,-778373704,3326,1:37:35.910000,"(datetime.datetime(2026, 9, 29, 16, 50, 21, 866000),)",2a3c600d
408628791,-778372322,3341,1:37:35.920000,"(datetime.datetime(2026, 9, 29, 16, 50, 21, 878000),)",2a3c600a
408631509,-778373658,3326,1:37:35.930000,"(datetime.datetime(2026, 9, 29, 16, 50, 21, 888000),)",2a3c600d
408628667,-778372244,3341,1:37:35.970000,"(datetime.datetime(2026, 9, 29, 16, 50, 21, 930000),)",2a3c600a
408631375,-778373614,3326,1:37:35.990000,"(datetime.datetime(2026, 9, 29, 16, 50, 21, 942000),)",2a3c600d
408628548,-778372162,3341,1:37:36,"(datetime.datetime(2026, 9, 29, 16, 50, 21, 953000),)",2a3c600a
408631244,-778373581,3325,1:37:36.040000,"(datetime.datetime(2026, 9, 29, 16, 50, 21, 993000),)",2a3c600d
408628425,-778372089,3341,1:37:36.050000,"(datetime.datetime(2026, 9, 29, 16, 50, 22, 3000),)",2a3c600a
408631110,-778373527,3325,1:37:36.060000,"(datetime.datetime(2026, 9, 29, 16, 50, 22, 13000),)",2a3c600d
408628301,-778372001,3341,1:37:36.100000,"(datetime.datetime(2026, 9, 29, 16, 50, 22, 55000),)",2a3c600a
408630978,-778373476,3325,1:37:36.110000,"(datetime.datetime(2026, 9, 29, 16, 50, 22, 65000),)",2a3c600d
408628181,-778371916,3341,1:37:36.120000,"(datetime.datetime(2026, 9, 29, 16, 50, 22, 76000),)",2a3c600a
408630846,-778373423,3325,1:37:36.170000,"(datetime.datetime(2026, 9, 29, 16, 50, 22, 126000),)",2a3c600d
408628061,-778371828,3341,1:37:36.180000,"(datetime.datetime(2026, 9, 29, 16, 50, 22, 139000),)",2a3c600a
408630714,-778373370,3325,1:37:36.200000,"(datetime.datetime(2026, 9, 29, 16, 50, 22, 151000),)",2a3c600d
408627943,-778371744,3340,1:37:36.240000,"(datetime.datetime(2026, 9, 29, 16, 50, 22, 193000),)",2a3c600a
408630587,-778373313,3325,1:37:36.250000,"(datetime.datetime(2026, 9, 29, 16, 50, 22, 204000),)",2a3c600d
408627824,-778371654,3340,1:37:36.260000,"(datetime.datetime(2026, 9, 29, 16, 50, 22, 215000),)",2a3c600a
408630455,-778373257,3324,1:37:36.300000,"(datetime.datetime(2026, 9, 29, 16, 50, 22, 257000),)",2a3c600d
408627704,-778371562,3340,1:37:36.310000,"(datetime.datetime(2026, 9, 29, 16, 50, 22, 268000),)",2a3c600a
408630325,-778373197,3325,1:37:36.320000,"(datetime.datetime(2026, 9, 29, 16, 50, 22, 278000),)",2a3c600d
408627585,-778371470,3341,1:37:36.360000,"(datetime.datetime(2026, 9, 29, 16, 50, 22, 320000),)",2a3c600a
408630196,-778373136,3325,1:37:36.380000,"(datetime.datetime(2026, 9, 29, 16, 50, 22, 331000),)",2a3c600d
408627466,-778371374,3341,1:37:36.390000,"(datetime.datetime(2026, 9, 29, 16, 50, 22, 341000),)",2a3c600a
408630068,-778373074,3324,1:37:36.430000,"(datetime.datetime(2026, 9, 29, 16, 50, 22, 388000),)",2a3c600d
408627349,-778371278,3341,1:37:36.440000,"(datetime.datetime(2026, 9, 29, 16, 50, 22, 399000),)",2a3c600a
408629935,-778373023,3324,1:37:36.450000,"(datetime.datetime(2026, 9, 29, 16, 50, 22, 409000),)",2a3c600d
408627236,-778371181,3340,1:37:36.500000,"(datetime.datetime(2026, 9, 29, 16, 50, 22, 455000),)",2a3c600a
408627117,-778371075,3340,1:37:36.510000,"(datetime.datetime(2026, 9, 29, 16, 50, 22, 466000),)",2a3c600a
408629811,-778372951,3324,1:37:36.520000,"(datetime.datetime(2026, 9, 29, 16, 50, 22, 477000),)",2a3c600d
408627002,-778370972,3340,1:37:36.570000,"(datetime.datetime(2026, 9, 29, 16, 50, 22, 522000),)",2a3c600a
408629685,-778372886,3323,1:37:36.580000,"(datetime.datetime(2026, 9, 29, 16, 50, 22, 532000),)",2a3c600d
408626886,-778370870,3340,1:37:36.590000,"(datetime.datetime(2026, 9, 29, 16, 50, 22, 542000),)",2a3c600a
408629559,-778372817,3323,1:37:36.640000,"(datetime.datetime(2026, 9, 29, 16, 50, 22, 593000),)",2a3c600d
408626772,-778370765,3340,1:37:36.650000,"(datetime.datetime(2026, 9, 29, 16, 50, 22, 604000),)",2a3c600a
408629434,-778372747,3323,1:37:36.660000,"(datetime.datetime(2026, 9, 29, 16, 50, 22, 615000),)",2a3c600d
408626656,-778370660,3340,1:37:36.730000,"(datetime.datetime(2026, 9, 29, 16, 50, 22, 683000),)",2a3c600a
408629311,-778372675,3323,1:37:36.760000,"(datetime.datetime(2026, 9, 29, 16, 50, 22, 716000),)",2a3c600d
408626544,-778370553,3339,1:37:36.830000,"(datetime.datetime(2026, 9, 29, 16, 50, 22, 784000),)",2a3c600a
408629188,-778372602,3323,1:37:36.860000,"(datetime.datetime(2026, 9, 29, 16, 50, 22, 816000),)",2a3c600d
408626432,-778370442,3340,1:37:36.930000,"(datetime.datetime(2026, 9, 29, 16, 50, 22, 884000),)",2a3c600a
408629066,-778372526,3323,1:37:36.960000,"(datetime.datetime(2026, 9, 29, 16, 50, 22, 916000),)",2a3c600d
408626320,-778370333,3340,1:37:37.030000,"(datetime.datetime(2026, 9, 29, 16, 50, 22, 984000),)",2a3c600a
408628945,-778372452,3323,1:37:37.060000,"(datetime.datetime(2026, 9, 29, 16, 50, 23, 16000),)",2a3c600d
408626208,-778370218,3340,1:37:37.130000,"(datetime.datetime(2026, 9, 29, 16, 50, 23, 84000),)",2a3c600a
408628824,-778372372,3322,1:37:37.160000,"(datetime.datetime(2026, 9, 29, 16, 50, 23, 116000),)",2a3c600d
408626091,-778370101,3340,1:37:37.230000,"(datetime.datetime(2026, 9, 29, 16, 50, 23, 184000),)",2a3c600a
408628696,-778372302,3322,1:37:37.270000,"(datetime.datetime(2026, 9, 29, 16, 50, 23, 223000),)",2a3c600d
408625983,-778369984,3339,1:37:37.330000,"(datetime.datetime(2026, 9, 29, 16, 50, 23, 288000),)",2a3c600a
408628577,-778372216,3322,1:37:37.360000,"(datetime.datetime(2026, 9, 29, 16, 50, 23, 320000),)",2a3c600d
408625874,-778369865,3339,1:37:37.430000,"(datetime.datetime(2026, 9, 29, 16, 50, 23, 384000),)",2a3c600a
408628457,-778372130,3322,1:37:37.460000,"(datetime.datetime(2026, 9, 29, 16, 50, 23, 417000),)",2a3c600d
408625764,-778369746,3339,1:37:37.530000,"(datetime.datetime(2026, 9, 29, 16, 50, 23, 484000),)",2a3c600a
408628337,-778372048,3322,1:37:37.560000,"(datetime.datetime(2026, 9, 29, 16, 50, 23, 516000),)",2a3c600d
408625657,-778369624,3339,1:37:37.630000,"(datetime.datetime(2026, 9, 29, 16, 50, 23, 584000),)",2a3c600a
408628217,-778371961,3321,1:37:37.660000,"(datetime.datetime(2026, 9, 29, 16, 50, 23, 618000),)",2a3c600d
408625551,-778369501,3339,1:37:37.730000,"(datetime.datetime(2026, 9, 29, 16, 50, 23, 685000),)",2a3c600a
408628101,-778371874,3321,1:37:37.760000,"(datetime.datetime(2026, 9, 29, 16, 50, 23, 719000),)",2a3c600d
408625446,-778369374,3339,1:37:37.830000,"(datetime.datetime(2026, 9, 29, 16, 50, 23, 785000),)",2a3c600a
408627982,-778371783,3321,1:37:37.860000,"(datetime.datetime(2026, 9, 29, 16, 50, 23, 818000),)",2a3c600d
408625343,-778369249,3339,1:37:37.930000,"(datetime.datetime(2026, 9, 29, 16, 50, 23, 883000),)",2a3c600a
408627865,-778371694,3321,1:37:37.960000,"(datetime.datetime(2026, 9, 29, 16, 50, 23, 917000),)",2a3c600d
408625239,-778369121,3339,1:37:38.030000,"(datetime.datetime(2026, 9, 29, 16, 50, 23, 984000),)",2a3c600a
408627747,-778371599,3321,1:37:38.060000,"(datetime.datetime(2026, 9, 29, 16, 50, 24, 16000),)",2a3c600d
408625131,-778368991,3339,1:37:38.130000,"(datetime.datetime(2026, 9, 29, 16, 50, 24, 84000),)",2a3c600a
408627631,-778371507,3321,1:37:38.160000,"(datetime.datetime(2026, 9, 29, 16, 50, 24, 118000),)",2a3c600d
408625028,-778368858,3339,1:37:38.240000,"(datetime.datetime(2026, 9, 29, 16, 50, 24, 196000),)",2a3c600a
408627516,-778371426,3321,1:37:38.260000,"(datetime.datetime(2026, 9, 29, 16, 50, 24, 216000),)",2a3c600d
408624924,-778368720,3339,1:37:38.330000,"(datetime.datetime(2026, 9, 29, 16, 50, 24, 284000),)",2a3c600a
408627401,-778371324,3321,1:37:38.360000,"(datetime.datetime(2026, 9, 29, 16, 50, 24, 316000),)",2a3c600d
408624824,-778368586,3339,1:37:38.430000,"(datetime.datetime(2026, 9, 29, 16, 50, 24, 384000),)",2a3c600a
408627285,-778371223,3321,1:37:38.460000,"(datetime.datetime(2026, 9, 29, 16, 50, 24, 416000),)",2a3c600d
408624726,-778368451,3339,1:37:38.530000,"(datetime.datetime(2026, 9, 29, 16, 50, 24, 484000),)",2a3c600a
408627170,-778371124,3321,1:37:38.560000,"(datetime.datetime(2026, 9, 29, 16, 50, 24, 516000),)",2a3c600d
408624624,-778368315,3339,1:37:38.630000,"(datetime.datetime(2026, 9, 29, 16, 50, 24, 583000),)",2a3c600a
408627056,-778371020,3321,1:37:38.660000,"(datetime.datetime(2026, 9, 29, 16, 50, 24, 617000),)",2a3c600d
408624525,-778368172,3339,1:37:38.740000,"(datetime.datetime(2026, 9, 29, 16, 50, 24, 692000),)",2a3c600a
408626942,-778370917,3321,1:37:38.760000,"(datetime.datetime(2026, 9, 29, 16, 50, 24, 716000),)",2a3c600d
408624428,-778368032,3339,1:37:38.830000,"(datetime.datetime(2026, 9, 29, 16, 50, 24, 786000),)",2a3c600a
408626829,-778370812,3321,1:37:38.860000,"(datetime.datetime(2026, 9, 29, 16, 50, 24, 817000),)",2a3c600d
408624332,-778367889,3339,1:37:38.930000,"(datetime.datetime(2026, 9, 29, 16, 50, 24, 883000),)",2a3c600a
408626717,-778370705,3321,1:37:38.960000,"(datetime.datetime(2026, 9, 29, 16, 50, 24, 917000),)",2a3c600d
408624235,-778367746,3340,1:37:39.030000,"(datetime.datetime(2026, 9, 29, 16, 50, 24, 984000),)",2a3c600a
408626605,-778370599,3321,1:37:39.060000,"(datetime.datetime(2026, 9, 29, 16, 50, 25, 16000),)",2a3c600d
408624141,-778367601,3340,1:37:39.130000,"(datetime.datetime(2026, 9, 29, 16, 50, 25, 84000),)",2a3c600a
408626492,-778370486,3321,1:37:39.150000,"(datetime.datetime(2026, 9, 29, 16, 50, 25, 108000),)",2a3c600d
408624039,-778367458,3341,1:37:39.230000,"(datetime.datetime(2026, 9, 29, 16, 50, 25, 184000),)",2a3c600a
408626378,-778370386,3321,1:37:39.260000,"(datetime.datetime(2026, 9, 29, 16, 50, 25, 211000),)",2a3c600d
408623947,-778367305,3340,1:37:39.330000,"(datetime.datetime(2026, 9, 29, 16, 50, 25, 284000),)",2a3c600a
408626265,-778370268,3321,1:37:39.340000,"(datetime.datetime(2026, 9, 29, 16, 50, 25, 299000),)",2a3c600d
408623854,-778367158,3340,1:37:39.430000,"(datetime.datetime(2026, 9, 29, 16, 50, 25, 384000),)",2a3c600a
408626156,-778370153,3321,1:37:39.450000,"(datetime.datetime(2026, 9, 29, 16, 50, 25, 406000),)",2a3c600d
408623763,-778367006,3340,1:37:39.530000,"(datetime.datetime(2026, 9, 29, 16, 50, 25, 483000),)",2a3c600a
408626042,-778370036,3321,1:37:39.540000,"(datetime.datetime(2026, 9, 29, 16, 50, 25, 496000),)",2a3c600d
408623675,-778366855,3340,1:37:39.630000,"(datetime.datetime(2026, 9, 29, 16, 50, 25, 584000),)",2a3c600a
408625931,-778369918,3321,1:37:39.650000,"(datetime.datetime(2026, 9, 29, 16, 50, 25, 609000),)",2a3c600d
408623584,-778366699,3340,1:37:39.730000,"(datetime.datetime(2026, 9, 29, 16, 50, 25, 684000),)",2a3c600a
408625822,-778369795,3321,1:37:39.750000,"(datetime.datetime(2026, 9, 29, 16, 50, 25, 707000),)",2a3c600d
408623497,-778366545,3340,1:37:39.830000,"(datetime.datetime(2026, 9, 29, 16, 50, 25, 784000),)",2a3c600a
408625713,-778369674,3321,1:37:39.840000,"(datetime.datetime(2026, 9, 29, 16, 50, 25, 797000),)",2a3c600d
408623409,-778366390,3340,1:37:39.930000,"(datetime.datetime(2026, 9, 29, 16, 50, 25, 884000),)",2a3c600a
408625605,-778369550,3321,1:37:39.950000,"(datetime.datetime(2026, 9, 29, 16, 50, 25, 908000),)",2a3c600d
408625498,-778369426,3321,1:37:40.030000,"(datetime.datetime(2026, 9, 29, 16, 50, 25, 988000),)",2a3c600d
408623321,-778366235,3340,1:37:40.060000,"(datetime.datetime(2026, 9, 29, 16, 50, 26, 12000),)",2a3c600a
408623235,-778366076,3340,1:37:40.130000,"(datetime.datetime(2026, 9, 29, 16, 50, 26, 83000),)",2a3c600a
408625391,-778369298,3322,1:37:40.150000,"(datetime.datetime(2026, 9, 29, 16, 50, 26, 101000),)",2a3c600d
408623148,-778365916,3340,1:37:40.230000,"(datetime.datetime(2026, 9, 29, 16, 50, 26, 184000),)",2a3c600a
408625286,-778369178,3321,1:37:40.250000,"(datetime.datetime(2026, 9, 29, 16, 50, 26, 204000),)",2a3c600d
408625181,-778369044,3322,1:37:40.320000,"(datetime.datetime(2026, 9, 29, 16, 50, 26, 272000),)",2a3c600d
408623066,-778365751,3340,1:37:40.340000,"(datetime.datetime(2026, 9, 29, 16, 50, 26, 297000),)",2a3c600a
408625078,-778368912,3322,1:37:40.420000,"(datetime.datetime(2026, 9, 29, 16, 50, 26, 374000),)",2a3c600d
408622983,-778365588,3341,1:37:40.440000,"(datetime.datetime(2026, 9, 29, 16, 50, 26, 396000),)",2a3c600a
408624975,-778368780,3322,1:37:40.520000,"(datetime.datetime(2026, 9, 29, 16, 50, 26, 479000),)",2a3c600d
408622903,-778365425,3340,1:37:40.560000,"(datetime.datetime(2026, 9, 29, 16, 50, 26, 519000),)",2a3c600a
408624875,-778368646,3321,1:37:40.620000,"(datetime.datetime(2026, 9, 29, 16, 50, 26, 573000),)",2a3c600d
408622821,-778365261,3340,1:37:40.640000,"(datetime.datetime(2026, 9, 29, 16, 50, 26, 594000),)",2a3c600a
408624776,-778368512,3322,1:37:40.720000,"(datetime.datetime(2026, 9, 29, 16, 50, 26, 672000),)",2a3c600d
408622740,-778365094,3341,1:37:40.740000,"(datetime.datetime(2026, 9, 29, 16, 50, 26, 691000),)",2a3c600a
408624674,-778368374,3322,1:37:40.820000,"(datetime.datetime(2026, 9, 29, 16, 50, 26, 773000),)",2a3c600d
408622664,-778364930,3341,1:37:40.840000,"(datetime.datetime(2026, 9, 29, 16, 50, 26, 794000),)",2a3c600a
408624577,-778368235,3322,1:37:40.920000,"(datetime.datetime(2026, 9, 29, 16, 50, 26, 873000),)",2a3c600d
408622589,-778364762,3341,1:37:40.940000,"(datetime.datetime(2026, 9, 29, 16, 50, 26, 897000),)",2a3c600a
408624479,-778368098,3322,1:37:41.020000,"(datetime.datetime(2026, 9, 29, 16, 50, 26, 972000),)",2a3c600d
408622515,-778364592,3340,1:37:41.040000,"(datetime.datetime(2026, 9, 29, 16, 50, 26, 996000),)",2a3c600a
408624381,-778367959,3323,1:37:41.120000,"(datetime.datetime(2026, 9, 29, 16, 50, 27, 72000),)",2a3c600d
408622439,-778364422,3341,1:37:41.130000,"(datetime.datetime(2026, 9, 29, 16, 50, 27, 86000),)",2a3c600a
408624279,-778367825,3322,1:37:41.220000,"(datetime.datetime(2026, 9, 29, 16, 50, 27, 173000),)",2a3c600d
408622365,-778364251,3341,1:37:41.250000,"(datetime.datetime(2026, 9, 29, 16, 50, 27, 201000),)",2a3c600a
408624190,-778367679,3322,1:37:41.320000,"(datetime.datetime(2026, 9, 29, 16, 50, 27, 273000),)",2a3c600d
408622297,-778364075,3341,1:37:41.340000,"(datetime.datetime(2026, 9, 29, 16, 50, 27, 290000),)",2a3c600a
408624095,-778367540,3322,1:37:41.420000,"(datetime.datetime(2026, 9, 29, 16, 50, 27, 373000),)",2a3c600d
408622228,-778363905,3341,1:37:41.440000,"(datetime.datetime(2026, 9, 29, 16, 50, 27, 399000),)",2a3c600a
408622163,-778363732,3340,1:37:41.530000,"(datetime.datetime(2026, 9, 29, 16, 50, 27, 484000),)",2a3c600a
408624002,-778367393,3322,1:37:41.550000,"(datetime.datetime(2026, 9, 29, 16, 50, 27, 508000),)",2a3c600d
408622095,-778363557,3341,1:37:41.590000,"(datetime.datetime(2026, 9, 29, 16, 50, 27, 546000),)",2a3c600a
408623911,-778367252,3322,1:37:41.630000,"(datetime.datetime(2026, 9, 29, 16, 50, 27, 587000),)",2a3c600d
408622031,-778363380,3340,1:37:41.690000,"(datetime.datetime(2026, 9, 29, 16, 50, 27, 645000),)",2a3c600a
408623821,-778367105,3322,1:37:41.720000,"(datetime.datetime(2026, 9, 29, 16, 50, 27, 672000),)",2a3c600d
408621966,-778363199,3341,1:37:41.790000,"(datetime.datetime(2026, 9, 29, 16, 50, 27, 746000),)",2a3c600a
408623732,-778366960,3322,1:37:41.820000,"(datetime.datetime(2026, 9, 29, 16, 50, 27, 773000),)",2a3c600d
408621903,-778363019,3341,1:37:41.890000,"(datetime.datetime(2026, 9, 29, 16, 50, 27, 845000),)",2a3c600a
408623639,-778366813,3322,1:37:41.920000,"(datetime.datetime(2026, 9, 29, 16, 50, 27, 872000),)",2a3c600d
408621842,-778362842,3342,1:37:42,"(datetime.datetime(2026, 9, 29, 16, 50, 27, 954000),)",2a3c600a
408623552,-778366665,3322,1:37:42.030000,"(datetime.datetime(2026, 9, 29, 16, 50, 27, 981000),)",2a3c600d
408621783,-778362665,3341,1:37:42.100000,"(datetime.datetime(2026, 9, 29, 16, 50, 28, 51000),)",2a3c600a
408623462,-778366513,3322,1:37:42.120000,"(datetime.datetime(2026, 9, 29, 16, 50, 28, 73000),)",2a3c600d
408621720,-778362488,3342,1:37:42.190000,"(datetime.datetime(2026, 9, 29, 16, 50, 28, 146000),)",2a3c600a
408623371,-778366367,3322,1:37:42.220000,"(datetime.datetime(2026, 9, 29, 16, 50, 28, 172000),)",2a3c600d
408621667,-778362300,3341,1:37:42.290000,"(datetime.datetime(2026, 9, 29, 16, 50, 28, 246000),)",2a3c600a
408623287,-778366209,3322,1:37:42.320000,"(datetime.datetime(2026, 9, 29, 16, 50, 28, 272000),)",2a3c600d
408621614,-778362121,3341,1:37:42.390000,"(datetime.datetime(2026, 9, 29, 16, 50, 28, 346000),)",2a3c600a
408623204,-778366054,3322,1:37:42.430000,"(datetime.datetime(2026, 9, 29, 16, 50, 28, 386000),)",2a3c600d
408621560,-778361938,3341,1:37:42.490000,"(datetime.datetime(2026, 9, 29, 16, 50, 28, 445000),)",2a3c600a
408623122,-778365901,3322,1:37:42.520000,"(datetime.datetime(2026, 9, 29, 16, 50, 28, 472000),)",2a3c600d
408621509,-778361756,3341,1:37:42.600000,"(datetime.datetime(2026, 9, 29, 16, 50, 28, 554000),)",2a3c600a
408623039,-778365741,3322,1:37:42.620000,"(datetime.datetime(2026, 9, 29, 16, 50, 28, 577000),)",2a3c600d
408621457,-778361572,3341,1:37:42.690000,"(datetime.datetime(2026, 9, 29, 16, 50, 28, 646000),)",2a3c600a
408622958,-778365583,3323,1:37:42.720000,"(datetime.datetime(2026, 9, 29, 16, 50, 28, 672000),)",2a3c600d
408621407,-778361387,3342,1:37:42.790000,"(datetime.datetime(2026, 9, 29, 16, 50, 28, 745000),)",2a3c600a
408622879,-778365420,3322,1:37:42.820000,"(datetime.datetime(2026, 9, 29, 16, 50, 28, 774000),)",2a3c600d
408621357,-778361202,3342,1:37:43.070000,"(datetime.datetime(2026, 9, 29, 16, 50, 29, 23000),)",2a3c600a
408622797,-778365258,3322,1:37:43.350000,"(datetime.datetime(2026, 9, 29, 16, 50, 29, 303000),)",2a3c600d
408621311,-778361015,3342,1:37:43.430000,"(datetime.datetime(2026, 9, 29, 16, 50, 29, 381000),)",2a3c600a
408622718,-778365094,3322,1:37:43.510000,"(datetime.datetime(2026, 9, 29, 16, 50, 29, 469000),)",2a3c600d
408621268,-778360830,3342,1:37:43.610000,"(datetime.datetime(2026, 9, 29, 16, 50, 29, 567000),)",2a3c600a
408622640,-778364931,3323,1:37:43.710000,"(datetime.datetime(2026, 9, 29, 16, 50, 29, 663000),)",2a3c600d
408621213,-778360645,3343,1:37:43.740000,"(datetime.datetime(2026, 9, 29, 16, 50, 29, 697000),)",2a3c600a
408622554,-778364769,3322,1:37:44.090000,"(datetime.datetime(2026, 9, 29, 16, 50, 30, 47000),)",2a3c600d
408621175,-778360453,3343,1:37:44.300000,"(datetime.datetime(2026, 9, 29, 16, 50, 30, 252000),)",2a3c600a
408622481,-778364598,3322,1:37:44.400000,"(datetime.datetime(2026, 9, 29, 16, 50, 30, 360000),)",2a3c600d
408621133,-778360264,3343,1:37:44.510000,"(datetime.datetime(2026, 9, 29, 16, 50, 30, 467000),)",2a3c600a
408622409,-778364431,3322,1:37:44.620000,"(datetime.datetime(2026, 9, 29, 16, 50, 30, 576000),)",2a3c600d
408621092,-778360076,3343,1:37:44.730000,"(datetime.datetime(2026, 9, 29, 16, 50, 30, 687000),)",2a3c600a
408622337,-778364261,3322,1:37:44.820000,"(datetime.datetime(2026, 9, 29, 16, 50, 30, 777000),)",2a3c600d
408621055,-778359887,3343,1:37:44.930000,"(datetime.datetime(2026, 9, 29, 16, 50, 30, 884000),)",2a3c600a
408622265,-778364092,3323,1:37:45,"(datetime.datetime(2026, 9, 29, 16, 50, 30, 954000),)",2a3c600d
408621017,-778359699,3343,1:37:45.080000,"(datetime.datetime(2026, 9, 29, 16, 50, 31, 35000),)",2a3c600a
408622192,-778363917,3322,1:37:45.120000,"(datetime.datetime(2026, 9, 29, 16, 50, 31, 80000),)",2a3c600d
408620981,-778359507,3344,1:37:45.180000,"(datetime.datetime(2026, 9, 29, 16, 50, 31, 137000),)",2a3c600a
408622124,-778363745,3323,1:37:45.230000,"(datetime.datetime(2026, 9, 29, 16, 50, 31, 187000),)",2a3c600d
408620948,-778359315,3343,1:37:45.350000,"(datetime.datetime(2026, 9, 29, 16, 50, 31, 306000),)",2a3c600a
408622057,-778363568,3323,1:37:45.440000,"(datetime.datetime(2026, 9, 29, 16, 50, 31, 399000),)",2a3c600d
408620916,-778359122,3343,1:37:45.500000,"(datetime.datetime(2026, 9, 29, 16, 50, 31, 455000),)",2a3c600a
408621987,-778363391,3323,1:37:45.550000,"(datetime.datetime(2026, 9, 29, 16, 50, 31, 504000),)",2a3c600d
408620885,-778358932,3343,1:37:45.660000,"(datetime.datetime(2026, 9, 29, 16, 50, 31, 611000),)",2a3c600a
408621923,-778363212,3323,1:37:45.730000,"(datetime.datetime(2026, 9, 29, 16, 50, 31, 688000),)",2a3c600d
408620846,-778358745,3343,1:37:45.890000,"(datetime.datetime(2026, 9, 29, 16, 50, 31, 844000),)",2a3c600a
408621853,-778363045,3323,1:37:45.920000,"(datetime.datetime(2026, 9, 29, 16, 50, 31, 875000),)",2a3c600d
408620823,-778358551,3343,1:37:45.930000,"(datetime.datetime(2026, 9, 29, 16, 50, 31, 887000),)",2a3c600a
408621794,-778362862,3323,1:37:45.940000,"(datetime.datetime(2026, 9, 29, 16, 50, 31, 897000),)",2a3c600d
408620796,-778358359,3344,1:37:45.950000,"(datetime.datetime(2026, 9, 29, 16, 50, 31, 909000),)",2a3c600a
408621731,-778362677,3323,1:37:46,"(datetime.datetime(2026, 9, 29, 16, 50, 31, 954000),)",2a3c600d
408620770,-778358163,3343,1:37:46.010000,"(datetime.datetime(2026, 9, 29, 16, 50, 31, 966000),)",2a3c600a
408621670,-778362492,3323,1:37:46.020000,"(datetime.datetime(2026, 9, 29, 16, 50, 31, 979000),)",2a3c600d
408620746,-778357971,3343,1:37:46.080000,"(datetime.datetime(2026, 9, 29, 16, 50, 32, 32000),)",2a3c600a
408621610,-778362305,3323,1:37:46.090000,"(datetime.datetime(2026, 9, 29, 16, 50, 32, 44000),)",2a3c600d
408620722,-778357775,3344,1:37:46.100000,"(datetime.datetime(2026, 9, 29, 16, 50, 32, 55000),)",2a3c600a
408621553,-778362121,3323,1:37:46.140000,"(datetime.datetime(2026, 9, 29, 16, 50, 32, 99000),)",2a3c600d
408620702,-778357581,3344,1:37:46.160000,"(datetime.datetime(2026, 9, 29, 16, 50, 32, 110000),)",2a3c600a
408621500,-778361932,3323,1:37:46.170000,"(datetime.datetime(2026, 9, 29, 16, 50, 32, 122000),)",2a3c600d
408620684,-778357389,3344,1:37:46.210000,"(datetime.datetime(2026, 9, 29, 16, 50, 32, 165000),)",2a3c600a
408621445,-778361739,3324,1:37:46.220000,"(datetime.datetime(2026, 9, 29, 16, 50, 32, 176000),)",2a3c600d
408620667,-778357192,3343,1:37:46.230000,"(datetime.datetime(2026, 9, 29, 16, 50, 32, 187000),)",2a3c600a
408621390,-778361549,3324,1:37:46.280000,"(datetime.datetime(2026, 9, 29, 16, 50, 32, 235000),)",2a3c600d
408620651,-778356998,3344,1:37:46.290000,"(datetime.datetime(2026, 9, 29, 16, 50, 32, 246000),)",2a3c600a
408621341,-778361357,3324,1:37:46.300000,"(datetime.datetime(2026, 9, 29, 16, 50, 32, 259000),)",2a3c600d
408620628,-778356803,3344,1:37:46.370000,"(datetime.datetime(2026, 9, 29, 16, 50, 32, 326000),)",2a3c600a
408621280,-778361167,3323,1:37:46.380000,"(datetime.datetime(2026, 9, 29, 16, 50, 32, 338000),)",2a3c600d
408620621,-778356607,3343,1:37:46.390000,"(datetime.datetime(2026, 9, 29, 16, 50, 32, 349000),)",2a3c600a
408621238,-778360969,3323,1:37:46.440000,"(datetime.datetime(2026, 9, 29, 16, 50, 32, 396000),)",2a3c600d
408620608,-778356410,3344,1:37:46.450000,"(datetime.datetime(2026, 9, 29, 16, 50, 32, 408000),)",2a3c600a
408621192,-778360775,3323,1:37:46.460000,"(datetime.datetime(2026, 9, 29, 16, 50, 32, 419000),)",2a3c600d
408620596,-778356214,3344,1:37:46.510000,"(datetime.datetime(2026, 9, 29, 16, 50, 32, 469000),)",2a3c600a
408621145,-778360577,3324,1:37:46.530000,"(datetime.datetime(2026, 9, 29, 16, 50, 32, 481000),)",2a3c600d
408620588,-778356017,3344,1:37:46.540000,"(datetime.datetime(2026, 9, 29, 16, 50, 32, 494000),)",2a3c600a
408621103,-778360382,3323,1:37:46.590000,"(datetime.datetime(2026, 9, 29, 16, 50, 32, 543000),)",2a3c600d
408620583,-778355818,3344,1:37:46.600000,"(datetime.datetime(2026, 9, 29, 16, 50, 32, 555000),)",2a3c600a
408621060,-778360183,3323,1:37:46.610000,"(datetime.datetime(2026, 9, 29, 16, 50, 32, 566000),)",2a3c600d
408620577,-778355622,3344,1:37:46.660000,"(datetime.datetime(2026, 9, 29, 16, 50, 32, 617000),)",2a3c600a
408621021,-778359986,3324,1:37:46.670000,"(datetime.datetime(2026, 9, 29, 16, 50, 32, 629000),)",2a3c600d
408620574,-778355426,3343,1:37:46.690000,"(datetime.datetime(2026, 9, 29, 16, 50, 32, 640000),)",2a3c600a
408620982,-778359786,3324,1:37:46.730000,"(datetime.datetime(2026, 9, 29, 16, 50, 32, 683000),)",2a3c600d
408620574,-778355229,3343,1:37:46.740000,"(datetime.datetime(2026, 9, 29, 16, 50, 32, 694000),)",2a3c600a
408620982,-778359786,3324,1:37:46.750000,"(datetime.datetime(2026, 9, 29, 16, 50, 32, 705000),)",2a3c600d
408620573,-778355034,3343,1:37:46.790000,"(datetime.datetime(2026, 9, 29, 16, 50, 32, 750000),)",2a3c600a
408620911,-778359384,3324,1:37:46.810000,"(datetime.datetime(2026, 9, 29, 16, 50, 32, 763000),)",2a3c600d
408620571,-778354836,3344,1:37:46.820000,"(datetime.datetime(2026, 9, 29, 16, 50, 32, 774000),)",2a3c600a
408620869,-778359193,3324,1:37:46.860000,"(datetime.datetime(2026, 9, 29, 16, 50, 32, 819000),)",2a3c600d
408620580,-778354642,3344,1:37:46.880000,"(datetime.datetime(2026, 9, 29, 16, 50, 32, 831000),)",2a3c600a
408620840,-778358988,3323,1:37:46.890000,"(datetime.datetime(2026, 9, 29, 16, 50, 32, 843000),)",2a3c600d
408620586,-778354444,3344,1:37:46.930000,"(datetime.datetime(2026, 9, 29, 16, 50, 32, 886000),)",2a3c600a
408620840,-778358988,3323,1:37:46.940000,"(datetime.datetime(2026, 9, 29, 16, 50, 32, 899000),)",2a3c600d
408620594,-778354250,3344,1:37:46.950000,"(datetime.datetime(2026, 9, 29, 16, 50, 32, 910000),)",2a3c600a
408620809,-778358789,3324,1:37:46.990000,"(datetime.datetime(2026, 9, 29, 16, 50, 32, 950000),)",2a3c600d
408620602,-778354055,3344,1:37:47.010000,"(datetime.datetime(2026, 9, 29, 16, 50, 32, 962000),)",2a3c600a
408620783,-778358589,3323,1:37:47.020000,"(datetime.datetime(2026, 9, 29, 16, 50, 32, 974000),)",2a3c600d
408620756,-778358385,3324,1:37:47.070000,"(datetime.datetime(2026, 9, 29, 16, 50, 33, 25000),)",2a3c600d
408620613,-778353863,3344,1:37:47.080000,"(datetime.datetime(2026, 9, 29, 16, 50, 33, 39000),)",2a3c600a
408620707,-778357981,3324,1:37:47.100000,"(datetime.datetime(2026, 9, 29, 16, 50, 33, 51000),)",2a3c600d
408620625,-778353672,3344,1:37:47.140000,"(datetime.datetime(2026, 9, 29, 16, 50, 33, 93000),)",2a3c600a
408620707,-778357981,3324,1:37:47.150000,"(datetime.datetime(2026, 9, 29, 16, 50, 33, 107000),)",2a3c600d
408620639,-778353478,3344,1:37:47.160000,"(datetime.datetime(2026, 9, 29, 16, 50, 33, 118000),)",2a3c600a
408620686,-778357783,3324,1:37:47.200000,"(datetime.datetime(2026, 9, 29, 16, 50, 33, 158000),)",2a3c600d
408620654,-778353289,3344,1:37:47.210000,"(datetime.datetime(2026, 9, 29, 16, 50, 33, 169000),)",2a3c600a
408620666,-778357582,3324,1:37:47.220000,"(datetime.datetime(2026, 9, 29, 16, 50, 33, 180000),)",2a3c600d
408620670,-778353100,3345,1:37:47.270000,"(datetime.datetime(2026, 9, 29, 16, 50, 33, 222000),)",2a3c600a
408620647,-778357381,3324,1:37:47.290000,"(datetime.datetime(2026, 9, 29, 16, 50, 33, 243000),)",2a3c600d
408620683,-778352900,3345,1:37:47.320000,"(datetime.datetime(2026, 9, 29, 16, 50, 33, 280000),)",2a3c600a
408620622,-778357181,3323,1:37:47.340000,"(datetime.datetime(2026, 9, 29, 16, 50, 33, 291000),)",2a3c600d
408620709,-778352714,3345,1:37:47.350000,"(datetime.datetime(2026, 9, 29, 16, 50, 33, 303000),)",2a3c600a
408620612,-778356984,3324,1:37:47.390000,"(datetime.datetime(2026, 9, 29, 16, 50, 33, 345000),)",2a3c600d
408620709,-778352714,3345,1:37:47.400000,"(datetime.datetime(2026, 9, 29, 16, 50, 33, 357000),)",2a3c600a
408620596,-778356782,3324,1:37:47.460000,"(datetime.datetime(2026, 9, 29, 16, 50, 33, 414000),)",2a3c600d
408620754,-778352343,3345,1:37:47.490000,"(datetime.datetime(2026, 9, 29, 16, 50, 33, 444000),)",2a3c600a
408620584,-778356583,3324,1:37:47.560000,"(datetime.datetime(2026, 9, 29, 16, 50, 33, 515000),)",2a3c600d
408620776,-778352157,3345,1:37:47.590000,"(datetime.datetime(2026, 9, 29, 16, 50, 33, 542000),)",2a3c600a
408620575,-778356382,3324,1:37:47.660000,"(datetime.datetime(2026, 9, 29, 16, 50, 33, 617000),)",2a3c600d
408620802,-778351974,3345,1:37:47.690000,"(datetime.datetime(2026, 9, 29, 16, 50, 33, 641000),)",2a3c600a
408620566,-778356182,3324,1:37:47.760000,"(datetime.datetime(2026, 9, 29, 16, 50, 33, 714000),)",2a3c600d
408620829,-778351792,3345,1:37:47.790000,"(datetime.datetime(2026, 9, 29, 16, 50, 33, 741000),)",2a3c600a
408620562,-778355980,3324,1:37:47.860000,"(datetime.datetime(2026, 9, 29, 16, 50, 33, 816000),)",2a3c600d
408620857,-778351612,3344,1:37:47.890000,"(datetime.datetime(2026, 9, 29, 16, 50, 33, 841000),)",2a3c600a
408620557,-778355783,3324,1:37:47.960000,"(datetime.datetime(2026, 9, 29, 16, 50, 33, 915000),)",2a3c600d
408620886,-778351431,3345,1:37:47.990000,"(datetime.datetime(2026, 9, 29, 16, 50, 33, 942000),)",2a3c600a
408620554,-778355588,3324,1:37:48.060000,"(datetime.datetime(2026, 9, 29, 16, 50, 34, 14000),)",2a3c600d
408620886,-778351431,3345,1:37:48.090000,"(datetime.datetime(2026, 9, 29, 16, 50, 34, 50000),)",2a3c600a
408620554,-778355389,3324,1:37:48.160000,"(datetime.datetime(2026, 9, 29, 16, 50, 34, 115000),)",2a3c600d
408620943,-778351069,3345,1:37:48.190000,"(datetime.datetime(2026, 9, 29, 16, 50, 34, 141000),)",2a3c600a
408620547,-778355193,3324,1:37:48.260000,"(datetime.datetime(2026, 9, 29, 16, 50, 34, 214000),)",2a3c600d
408620981,-778350895,3345,1:37:48.290000,"(datetime.datetime(2026, 9, 29, 16, 50, 34, 242000),)",2a3c600a
408620555,-778355000,3324,1:37:48.360000,"(datetime.datetime(2026, 9, 29, 16, 50, 34, 314000),)",2a3c600d
408621012,-778350720,3345,1:37:48.390000,"(datetime.datetime(2026, 9, 29, 16, 50, 34, 341000),)",2a3c600a
408620559,-778354806,3324,1:37:48.460000,"(datetime.datetime(2026, 9, 29, 16, 50, 34, 420000),)",2a3c600d
408621050,-778350546,3345,1:37:48.490000,"(datetime.datetime(2026, 9, 29, 16, 50, 34, 444000),)",2a3c600a
408620566,-778354614,3324,1:37:48.560000,"(datetime.datetime(2026, 9, 29, 16, 50, 34, 515000),)",2a3c600d
408621050,-778350546,3345,1:37:48.590000,"(datetime.datetime(2026, 9, 29, 16, 50, 34, 541000),)",2a3c600a
408620572,-778354419,3324,1:37:48.660000,"(datetime.datetime(2026, 9, 29, 16, 50, 34, 616000),)",2a3c600d
408621084,-778350373,3345,1:37:48.690000,"(datetime.datetime(2026, 9, 29, 16, 50, 34, 641000),)",2a3c600a
408620581,-778354231,3324,1:37:48.760000,"(datetime.datetime(2026, 9, 29, 16, 50, 34, 714000),)",2a3c600d
408621119,-778350201,3345,1:37:48.790000,"(datetime.datetime(2026, 9, 29, 16, 50, 34, 743000),)",2a3c600a
408620590,-778354041,3324,1:37:48.860000,"(datetime.datetime(2026, 9, 29, 16, 50, 34, 814000),)",2a3c600d
408621155,-778350029,3345,1:37:48.890000,"(datetime.datetime(2026, 9, 29, 16, 50, 34, 847000),)",2a3c600a
408620602,-778353850,3323,1:37:48.960000,"(datetime.datetime(2026, 9, 29, 16, 50, 34, 914000),)",2a3c600d
408621236,-778349695,3345,1:37:48.990000,"(datetime.datetime(2026, 9, 29, 16, 50, 34, 941000),)",2a3c600a
408620613,-778353665,3324,1:37:49.060000,"(datetime.datetime(2026, 9, 29, 16, 50, 35, 14000),)",2a3c600d
408621236,-778349695,3345,1:37:49.090000,"(datetime.datetime(2026, 9, 29, 16, 50, 35, 41000),)",2a3c600a
408620628,-778353476,3323,1:37:49.160000,"(datetime.datetime(2026, 9, 29, 16, 50, 35, 114000),)",2a3c600d
408621275,-778349531,3345,1:37:49.190000,"(datetime.datetime(2026, 9, 29, 16, 50, 35, 141000),)",2a3c600a
408620637,-778353291,3324,1:37:49.260000,"(datetime.datetime(2026, 9, 29, 16, 50, 35, 215000),)",2a3c600d
408621314,-778349354,3346,1:37:49.290000,"(datetime.datetime(2026, 9, 29, 16, 50, 35, 242000),)",2a3c600a
408620659,-778353108,3324,1:37:49.370000,"(datetime.datetime(2026, 9, 29, 16, 50, 35, 323000),)",2a3c600d
408621359,-778349194,3345,1:37:49.390000,"(datetime.datetime(2026, 9, 29, 16, 50, 35, 341000),)",2a3c600a
408620676,-778352923,3324,1:37:49.460000,"(datetime.datetime(2026, 9, 29, 16, 50, 35, 415000),)",2a3c600d
408621400,-778349029,3345,1:37:49.490000,"(datetime.datetime(2026, 9, 29, 16, 50, 35, 441000),)",2a3c600a
408620696,-778352743,3324,1:37:49.560000,"(datetime.datetime(2026, 9, 29, 16, 50, 35, 514000),)",2a3c600d
408621444,-778348867,3346,1:37:49.590000,"(datetime.datetime(2026, 9, 29, 16, 50, 35, 542000),)",2a3c600a
408620717,-778352566,3324,1:37:49.660000,"(datetime.datetime(2026, 9, 29, 16, 50, 35, 615000),)",2a3c600d
408621487,-778348704,3345,1:37:49.690000,"(datetime.datetime(2026, 9, 29, 16, 50, 35, 641000),)",2a3c600a
408620737,-778352385,3324,1:37:49.760000,"(datetime.datetime(2026, 9, 29, 16, 50, 35, 714000),)",2a3c600d
408621532,-778348541,3345,1:37:49.790000,"(datetime.datetime(2026, 9, 29, 16, 50, 35, 742000),)",2a3c600a
408620760,-778352204,3324,1:37:49.860000,"(datetime.datetime(2026, 9, 29, 16, 50, 35, 814000),)",2a3c600d
408621577,-778348381,3345,1:37:49.890000,"(datetime.datetime(2026, 9, 29, 16, 50, 35, 841000),)",2a3c600a
408620785,-778352028,3324,1:37:49.960000,"(datetime.datetime(2026, 9, 29, 16, 50, 35, 914000),)",2a3c600d
408621625,-778348224,3345,1:37:49.990000,"(datetime.datetime(2026, 9, 29, 16, 50, 35, 941000),)",2a3c600a
408620810,-778351855,3323,1:37:50.060000,"(datetime.datetime(2026, 9, 29, 16, 50, 36, 15000),)",2a3c600d
408621671,-778348064,3345,1:37:50.090000,"(datetime.datetime(2026, 9, 29, 16, 50, 36, 48000),)",2a3c600a
408620837,-778351681,3323,1:37:50.160000,"(datetime.datetime(2026, 9, 29, 16, 50, 36, 113000),)",2a3c600d
408621722,-778347908,3345,1:37:50.190000,"(datetime.datetime(2026, 9, 29, 16, 50, 36, 141000),)",2a3c600a
408621770,-778347741,3345,1:37:50.250000,"(datetime.datetime(2026, 9, 29, 16, 50, 36, 206000),)",2a3c600a
408620855,-778351505,3323,1:37:50.270000,"(datetime.datetime(2026, 9, 29, 16, 50, 36, 226000),)",2a3c600d
408621824,-778347590,3345,1:37:50.350000,"(datetime.datetime(2026, 9, 29, 16, 50, 36, 305000),)",2a3c600a
408620887,-778351337,3323,1:37:50.370000,"(datetime.datetime(2026, 9, 29, 16, 50, 36, 327000),)",2a3c600d
408621876,-778347435,3345,1:37:50.450000,"(datetime.datetime(2026, 9, 29, 16, 50, 36, 405000),)",2a3c600a
408620919,-778351166,3323,1:37:50.460000,"(datetime.datetime(2026, 9, 29, 16, 50, 36, 417000),)",2a3c600d
408621929,-778347281,3345,1:37:50.550000,"(datetime.datetime(2026, 9, 29, 16, 50, 36, 506000),)",2a3c600a
408620951,-778350998,3323,1:37:50.580000,"(datetime.datetime(2026, 9, 29, 16, 50, 36, 531000),)",2a3c600d
408621983,-778347132,3345,1:37:50.650000,"(datetime.datetime(2026, 9, 29, 16, 50, 36, 605000),)",2a3c600a
408620980,-778350829,3323,1:37:50.660000,"(datetime.datetime(2026, 9, 29, 16, 50, 36, 619000),)",2a3c600d
408622036,-778346981,3345,1:37:50.760000,"(datetime.datetime(2026, 9, 29, 16, 50, 36, 712000),)",2a3c600a
408621014,-778350664,3323,1:37:50.820000,"(datetime.datetime(2026, 9, 29, 16, 50, 36, 772000),)",2a3c600d
408622092,-778346828,3345,1:37:50.850000,"(datetime.datetime(2026, 9, 29, 16, 50, 36, 805000),)",2a3c600a
408621046,-778350497,3322,1:37:50.890000,"(datetime.datetime(2026, 9, 29, 16, 50, 36, 848000),)",2a3c600d
408622149,-778346682,3346,1:37:50.950000,"(datetime.datetime(2026, 9, 29, 16, 50, 36, 905000),)",2a3c600a
408621082,-778350333,3322,1:37:50.960000,"(datetime.datetime(2026, 9, 29, 16, 50, 36, 920000),)",2a3c600d
408622205,-778346533,3346,1:37:51.050000,"(datetime.datetime(2026, 9, 29, 16, 50, 37, 5000),)",2a3c600a
408621119,-778350172,3322,1:37:51.070000,"(datetime.datetime(2026, 9, 29, 16, 50, 37, 22000),)",2a3c600d
408622263,-778346387,3346,1:37:51.150000,"(datetime.datetime(2026, 9, 29, 16, 50, 37, 105000),)",2a3c600a
408621151,-778350007,3322,1:37:51.180000,"(datetime.datetime(2026, 9, 29, 16, 50, 37, 134000),)",2a3c600d
408621181,-778349843,3322,1:37:51.260000,"(datetime.datetime(2026, 9, 29, 16, 50, 37, 215000),)",2a3c600d
408622321,-778346228,3346,1:37:51.290000,"(datetime.datetime(2026, 9, 29, 16, 50, 37, 241000),)",2a3c600a
408622383,-778346089,3346,1:37:51.350000,"(datetime.datetime(2026, 9, 29, 16, 50, 37, 308000),)",2a3c600a
408621224,-778349687,3322,1:37:51.370000,"(datetime.datetime(2026, 9, 29, 16, 50, 37, 330000),)",2a3c600d
408622444,-778345944,3346,1:37:51.450000,"(datetime.datetime(2026, 9, 29, 16, 50, 37, 406000),)",2a3c600a
408621262,-778349528,3322,1:37:51.470000,"(datetime.datetime(2026, 9, 29, 16, 50, 37, 425000),)",2a3c600d
408622504,-778345799,3346,1:37:51.560000,"(datetime.datetime(2026, 9, 29, 16, 50, 37, 510000),)",2a3c600a
408621302,-778349372,3322,1:37:51.580000,"(datetime.datetime(2026, 9, 29, 16, 50, 37, 534000),)",2a3c600d
408622564,-778345658,3346,1:37:51.660000,"(datetime.datetime(2026, 9, 29, 16, 50, 37, 612000),)",2a3c600a
408621342,-778349215,3323,1:37:51.670000,"(datetime.datetime(2026, 9, 29, 16, 50, 37, 628000),)",2a3c600d
408622625,-778345517,3346,1:37:51.750000,"(datetime.datetime(2026, 9, 29, 16, 50, 37, 705000),)",2a3c600a
408621384,-778349061,3322,1:37:51.770000,"(datetime.datetime(2026, 9, 29, 16, 50, 37, 727000),)",2a3c600d
408622686,-778345375,3346,1:37:51.850000,"(datetime.datetime(2026, 9, 29, 16, 50, 37, 806000),)",2a3c600a
408621426,-778348906,3323,1:37:51.870000,"(datetime.datetime(2026, 9, 29, 16, 50, 37, 823000),)",2a3c600d
408622752,-778345237,3345,1:37:51.960000,"(datetime.datetime(2026, 9, 29, 16, 50, 37, 917000),)",2a3c600a
408621466,-778348749,3322,1:37:51.990000,"(datetime.datetime(2026, 9, 29, 16, 50, 37, 942000),)",2a3c600d
408621509,-778348596,3323,1:37:52.060000,"(datetime.datetime(2026, 9, 29, 16, 50, 38, 15000),)",2a3c600d
408622813,-778345098,3346,1:37:52.150000,"(datetime.datetime(2026, 9, 29, 16, 50, 38, 106000),)",2a3c600a
408621555,-778348445,3323,1:37:52.180000,"(datetime.datetime(2026, 9, 29, 16, 50, 38, 134000),)",2a3c600d
408622879,-778344965,3346,1:37:52.200000,"(datetime.datetime(2026, 9, 29, 16, 50, 38, 158000),)",2a3c600a
408621593,-778348287,3322,1:37:52.260000,"(datetime.datetime(2026, 9, 29, 16, 50, 38, 214000),)",2a3c600d
408622944,-778344823,3345,1:37:52.270000,"(datetime.datetime(2026, 9, 29, 16, 50, 38, 228000),)",2a3c600a
408621645,-778348139,3322,1:37:52.320000,"(datetime.datetime(2026, 9, 29, 16, 50, 38, 272000),)",2a3c600d
408623012,-778344688,3346,1:37:52.350000,"(datetime.datetime(2026, 9, 29, 16, 50, 38, 306000),)",2a3c600a
408621691,-778347988,3322,1:37:52.420000,"(datetime.datetime(2026, 9, 29, 16, 50, 38, 372000),)",2a3c600d
408623081,-778344557,3346,1:37:52.450000,"(datetime.datetime(2026, 9, 29, 16, 50, 38, 408000),)",2a3c600a
408621741,-778347836,3322,1:37:52.520000,"(datetime.datetime(2026, 9, 29, 16, 50, 38, 473000),)",2a3c600d
408623145,-778344420,3346,1:37:52.560000,"(datetime.datetime(2026, 9, 29, 16, 50, 38, 515000),)",2a3c600a
408621788,-778347686,3322,1:37:52.620000,"(datetime.datetime(2026, 9, 29, 16, 50, 38, 573000),)",2a3c600d
408623210,-778344286,3346,1:37:52.650000,"(datetime.datetime(2026, 9, 29, 16, 50, 38, 609000),)",2a3c600a
408621839,-778347537,3322,1:37:52.720000,"(datetime.datetime(2026, 9, 29, 16, 50, 38, 678000),)",2a3c600d
408623277,-778344157,3346,1:37:52.750000,"(datetime.datetime(2026, 9, 29, 16, 50, 38, 704000),)",2a3c600a
408621888,-778347385,3322,1:37:52.820000,"(datetime.datetime(2026, 9, 29, 16, 50, 38, 773000),)",2a3c600d
408623345,-778344027,3346,1:37:52.850000,"(datetime.datetime(2026, 9, 29, 16, 50, 38, 806000),)",2a3c600a
408621941,-778347236,3322,1:37:52.920000,"(datetime.datetime(2026, 9, 29, 16, 50, 38, 872000),)",2a3c600d
408623411,-778343896,3346,1:37:52.950000,"(datetime.datetime(2026, 9, 29, 16, 50, 38, 905000),)",2a3c600a
408621994,-778347086,3323,1:37:53.020000,"(datetime.datetime(2026, 9, 29, 16, 50, 38, 972000),)",2a3c600d
408623478,-778343764,3346,1:37:53.050000,"(datetime.datetime(2026, 9, 29, 16, 50, 39, 7000),)",2a3c600a
408622046,-778346935,3323,1:37:53.120000,"(datetime.datetime(2026, 9, 29, 16, 50, 39, 72000),)",2a3c600d
408623545,-778343637,3347,1:37:53.150000,"(datetime.datetime(2026, 9, 29, 16, 50, 39, 106000),)",2a3c600a
408622096,-778346783,3322,1:37:53.220000,"(datetime.datetime(2026, 9, 29, 16, 50, 39, 173000),)",2a3c600d
408623616,-778343504,3346,1:37:53.250000,"(datetime.datetime(2026, 9, 29, 16, 50, 39, 205000),)",2a3c600a
408622151,-778346639,3322,1:37:53.320000,"(datetime.datetime(2026, 9, 29, 16, 50, 39, 273000),)",2a3c600d
408623684,-778343380,3346,1:37:53.350000,"(datetime.datetime(2026, 9, 29, 16, 50, 39, 306000),)",2a3c600a
408622208,-778346490,3322,1:37:53.420000,"(datetime.datetime(2026, 9, 29, 16, 50, 39, 372000),)",2a3c600d
408623748,-778343251,3347,1:37:53.450000,"(datetime.datetime(2026, 9, 29, 16, 50, 39, 406000),)",2a3c600a
408622265,-778346338,3322,1:37:53.520000,"(datetime.datetime(2026, 9, 29, 16, 50, 39, 474000),)",2a3c600d
408623815,-778343120,3346,1:37:53.560000,"(datetime.datetime(2026, 9, 29, 16, 50, 39, 516000),)",2a3c600a
408622324,-778346191,3323,1:37:53.620000,"(datetime.datetime(2026, 9, 29, 16, 50, 39, 573000),)",2a3c600d
408623881,-778342995,3347,1:37:53.650000,"(datetime.datetime(2026, 9, 29, 16, 50, 39, 605000),)",2a3c600a
408622383,-778346043,3323,1:37:53.720000,"(datetime.datetime(2026, 9, 29, 16, 50, 39, 672000),)",2a3c600d
408623948,-778342869,3346,1:37:53.750000,"(datetime.datetime(2026, 9, 29, 16, 50, 39, 705000),)",2a3c600a
408622444,-778345893,3323,1:37:53.820000,"(datetime.datetime(2026, 9, 29, 16, 50, 39, 772000),)",2a3c600d
408624015,-778342743,3346,1:37:53.850000,"(datetime.datetime(2026, 9, 29, 16, 50, 39, 806000),)",2a3c600a
408622506,-778345744,3323,1:37:53.920000,"(datetime.datetime(2026, 9, 29, 16, 50, 39, 872000),)",2a3c600d
408624081,-778342622,3347,1:37:53.950000,"(datetime.datetime(2026, 9, 29, 16, 50, 39, 905000),)",2a3c600a
408622569,-778345599,3323,1:37:54.020000,"(datetime.datetime(2026, 9, 29, 16, 50, 39, 976000),)",2a3c600d
408624148,-778342495,3347,1:37:54.050000,"(datetime.datetime(2026, 9, 29, 16, 50, 40, 5000),)",2a3c600a
408622632,-778345452,3323,1:37:54.120000,"(datetime.datetime(2026, 9, 29, 16, 50, 40, 72000),)",2a3c600d
408624214,-778342370,3347,1:37:54.150000,"(datetime.datetime(2026, 9, 29, 16, 50, 40, 105000),)",2a3c600a
408622694,-778345302,3322,1:37:54.220000,"(datetime.datetime(2026, 9, 29, 16, 50, 40, 172000),)",2a3c600d
408624282,-778342242,3347,1:37:54.250000,"(datetime.datetime(2026, 9, 29, 16, 50, 40, 207000),)",2a3c600a
408622763,-778345156,3323,1:37:54.320000,"(datetime.datetime(2026, 9, 29, 16, 50, 40, 274000),)",2a3c600d
408624349,-778342120,3348,1:37:54.350000,"(datetime.datetime(2026, 9, 29, 16, 50, 40, 305000),)",2a3c600a
408622830,-778345014,3322,1:37:54.420000,"(datetime.datetime(2026, 9, 29, 16, 50, 40, 372000),)",2a3c600d
408624414,-778341997,3347,1:37:54.450000,"(datetime.datetime(2026, 9, 29, 16, 50, 40, 405000),)",2a3c600a
408622898,-778344876,3323,1:37:54.520000,"(datetime.datetime(2026, 9, 29, 16, 50, 40, 478000),)",2a3c600d
408624480,-778341881,3348,1:37:54.550000,"(datetime.datetime(2026, 9, 29, 16, 50, 40, 505000),)",2a3c600a
408622966,-778344732,3323,1:37:54.620000,"(datetime.datetime(2026, 9, 29, 16, 50, 40, 572000),)",2a3c600d
408624542,-778341761,3347,1:37:54.650000,"(datetime.datetime(2026, 9, 29, 16, 50, 40, 605000),)",2a3c600a
408623034,-778344594,3323,1:37:54.720000,"(datetime.datetime(2026, 9, 29, 16, 50, 40, 674000),)",2a3c600d
408624609,-778341652,3348,1:37:54.750000,"(datetime.datetime(2026, 9, 29, 16, 50, 40, 706000),)",2a3c600a
408623101,-778344450,3323,1:37:54.820000,"(datetime.datetime(2026, 9, 29, 16, 50, 40, 773000),)",2a3c600d
408624672,-778341542,3348,1:37:54.850000,"(datetime.datetime(2026, 9, 29, 16, 50, 40, 806000),)",2a3c600a
408623168,-778344317,3323,1:37:54.920000,"(datetime.datetime(2026, 9, 29, 16, 50, 40, 873000),)",2a3c600d
408624735,-778341435,3348,1:37:54.950000,"(datetime.datetime(2026, 9, 29, 16, 50, 40, 908000),)",2a3c600a
408623238,-778344185,3323,1:37:55.020000,"(datetime.datetime(2026, 9, 29, 16, 50, 40, 973000),)",2a3c600d
408624798,-778341324,3349,1:37:55.050000,"(datetime.datetime(2026, 9, 29, 16, 50, 41, 5000),)",2a3c600a
408623303,-778344052,3323,1:37:55.120000,"(datetime.datetime(2026, 9, 29, 16, 50, 41, 73000),)",2a3c600d
408624858,-778341217,3348,1:37:55.150000,"(datetime.datetime(2026, 9, 29, 16, 50, 41, 105000),)",2a3c600a
408623365,-778343917,3324,1:37:55.220000,"(datetime.datetime(2026, 9, 29, 16, 50, 41, 172000),)",2a3c600d
408624920,-778341109,3348,1:37:55.250000,"(datetime.datetime(2026, 9, 29, 16, 50, 41, 205000),)",2a3c600a
408623436,-778343795,3323,1:37:55.320000,"(datetime.datetime(2026, 9, 29, 16, 50, 41, 273000),)",2a3c600d
408624980,-778341010,3348,1:37:55.350000,"(datetime.datetime(2026, 9, 29, 16, 50, 41, 305000),)",2a3c600a
408623501,-778343670,3323,1:37:55.430000,"(datetime.datetime(2026, 9, 29, 16, 50, 41, 382000),)",2a3c600d
408625032,-778340909,3348,1:37:55.450000,"(datetime.datetime(2026, 9, 29, 16, 50, 41, 407000),)",2a3c600a
408623565,-778343546,3324,1:37:55.520000,"(datetime.datetime(2026, 9, 29, 16, 50, 41, 472000),)",2a3c600d
408625090,-778340810,3348,1:37:55.550000,"(datetime.datetime(2026, 9, 29, 16, 50, 41, 506000),)",2a3c600a
408623630,-778343424,3323,1:37:55.620000,"(datetime.datetime(2026, 9, 29, 16, 50, 41, 573000),)",2a3c600d
408625149,-778340713,3349,1:37:55.650000,"(datetime.datetime(2026, 9, 29, 16, 50, 41, 605000),)",2a3c600a
408623692,-778343305,3323,1:37:55.720000,"(datetime.datetime(2026, 9, 29, 16, 50, 41, 672000),)",2a3c600d
408625200,-778340622,3349,1:37:55.750000,"(datetime.datetime(2026, 9, 29, 16, 50, 41, 707000),)",2a3c600a
408623750,-778343190,3323,1:37:55.820000,"(datetime.datetime(2026, 9, 29, 16, 50, 41, 773000),)",2a3c600d
408625255,-778340530,3349,1:37:55.850000,"(datetime.datetime(2026, 9, 29, 16, 50, 41, 805000),)",2a3c600a
408623814,-778343074,3324,1:37:55.920000,"(datetime.datetime(2026, 9, 29, 16, 50, 41, 872000),)",2a3c600d
408625304,-778340438,3349,1:37:55.950000,"(datetime.datetime(2026, 9, 29, 16, 50, 41, 906000),)",2a3c600a
408623874,-778342963,3323,1:37:56.020000,"(datetime.datetime(2026, 9, 29, 16, 50, 41, 975000),)",2a3c600d
408625351,-778340354,3349,1:37:56.060000,"(datetime.datetime(2026, 9, 29, 16, 50, 42, 14000),)",2a3c600a
408623931,-778342854,3323,1:37:56.120000,"(datetime.datetime(2026, 9, 29, 16, 50, 42, 73000),)",2a3c600d
408625404,-778340270,3350,1:37:56.150000,"(datetime.datetime(2026, 9, 29, 16, 50, 42, 106000),)",2a3c600a
408623991,-778342745,3324,1:37:56.220000,"(datetime.datetime(2026, 9, 29, 16, 50, 42, 172000),)",2a3c600d
408625454,-778340174,3349,1:37:56.250000,"(datetime.datetime(2026, 9, 29, 16, 50, 42, 205000),)",2a3c600a
408624048,-778342644,3324,1:37:56.320000,"(datetime.datetime(2026, 9, 29, 16, 50, 42, 273000),)",2a3c600d
408625496,-778340100,3349,1:37:56.350000,"(datetime.datetime(2026, 9, 29, 16, 50, 42, 305000),)",2a3c600a
408624105,-778342542,3325,1:37:56.420000,"(datetime.datetime(2026, 9, 29, 16, 50, 42, 373000),)",2a3c600d
408625543,-778340022,3349,1:37:56.450000,"(datetime.datetime(2026, 9, 29, 16, 50, 42, 410000),)",2a3c600a
408624160,-778342443,3325,1:37:56.520000,"(datetime.datetime(2026, 9, 29, 16, 50, 42, 473000),)",2a3c600d
408625588,-778339943,3350,1:37:56.550000,"(datetime.datetime(2026, 9, 29, 16, 50, 42, 508000),)",2a3c600a
408624216,-778342346,3325,1:37:56.620000,"(datetime.datetime(2026, 9, 29, 16, 50, 42, 574000),)",2a3c600d
408625629,-778339869,3350,1:37:56.650000,"(datetime.datetime(2026, 9, 29, 16, 50, 42, 606000),)",2a3c600a
408624272,-778342251,3325,1:37:56.720000,"(datetime.datetime(2026, 9, 29, 16, 50, 42, 673000),)",2a3c600d
408625676,-778339795,3350,1:37:56.750000,"(datetime.datetime(2026, 9, 29, 16, 50, 42, 706000),)",2a3c600a
408624325,-778342158,3325,1:37:56.820000,"(datetime.datetime(2026, 9, 29, 16, 50, 42, 773000),)",2a3c600d
408625714,-778339726,3350,1:37:56.850000,"(datetime.datetime(2026, 9, 29, 16, 50, 42, 806000),)",2a3c600a
408624374,-778342065,3325,1:37:56.920000,"(datetime.datetime(2026, 9, 29, 16, 50, 42, 873000),)",2a3c600d
408625752,-778339656,3350,1:37:56.950000,"(datetime.datetime(2026, 9, 29, 16, 50, 42, 905000),)",2a3c600a
408624427,-778341974,3326,1:37:57.020000,"(datetime.datetime(2026, 9, 29, 16, 50, 42, 972000),)",2a3c600d
408625791,-778339589,3350,1:37:57.050000,"(datetime.datetime(2026, 9, 29, 16, 50, 43, 5000),)",2a3c600a
408624477,-778341887,3325,1:37:57.120000,"(datetime.datetime(2026, 9, 29, 16, 50, 43, 74000),)",2a3c600d
408625830,-778339523,3350,1:37:57.150000,"(datetime.datetime(2026, 9, 29, 16, 50, 43, 105000),)",2a3c600a
408624533,-778341789,3326,1:37:57.220000,"(datetime.datetime(2026, 9, 29, 16, 50, 43, 172000),)",2a3c600d
408625876,-778339453,3350,1:37:57.250000,"(datetime.datetime(2026, 9, 29, 16, 50, 43, 205000),)",2a3c600a
408624575,-778341706,3325,1:37:57.320000,"(datetime.datetime(2026, 9, 29, 16, 50, 43, 272000),)",2a3c600d
408625907,-778339398,3350,1:37:57.350000,"(datetime.datetime(2026, 9, 29, 16, 50, 43, 305000),)",2a3c600a
408624626,-778341625,3326,1:37:57.420000,"(datetime.datetime(2026, 9, 29, 16, 50, 43, 376000),)",2a3c600d
408625938,-778339341,3350,1:37:57.450000,"(datetime.datetime(2026, 9, 29, 16, 50, 43, 406000),)",2a3c600a
408624672,-778341544,3326,1:37:57.520000,"(datetime.datetime(2026, 9, 29, 16, 50, 43, 472000),)",2a3c600d
408625969,-778339286,3350,1:37:57.550000,"(datetime.datetime(2026, 9, 29, 16, 50, 43, 506000),)",2a3c600a
408624720,-778341460,3326,1:37:57.620000,"(datetime.datetime(2026, 9, 29, 16, 50, 43, 573000),)",2a3c600d
408625998,-778339234,3350,1:37:57.650000,"(datetime.datetime(2026, 9, 29, 16, 50, 43, 605000),)",2a3c600a
408624765,-778341384,3326,1:37:57.720000,"(datetime.datetime(2026, 9, 29, 16, 50, 43, 672000),)",2a3c600d
408626027,-778339183,3350,1:37:57.750000,"(datetime.datetime(2026, 9, 29, 16, 50, 43, 706000),)",2a3c600a
408624806,-778341308,3326,1:37:57.820000,"(datetime.datetime(2026, 9, 29, 16, 50, 43, 772000),)",2a3c600d
408626054,-778339133,3350,1:37:57.860000,"(datetime.datetime(2026, 9, 29, 16, 50, 43, 815000),)",2a3c600a
408624853,-778341236,3326,1:37:58.060000,"(datetime.datetime(2026, 9, 29, 16, 50, 44, 14000),)",2a3c600d
408626080,-778339090,3350,1:37:58.080000,"(datetime.datetime(2026, 9, 29, 16, 50, 44, 39000),)",2a3c600a
408624899,-778341164,3326,1:37:58.220000,"(datetime.datetime(2026, 9, 29, 16, 50, 44, 176000),)",2a3c600d
408626107,-778339044,3350,1:37:58.380000,"(datetime.datetime(2026, 9, 29, 16, 50, 44, 332000),)",2a3c600a
408624935,-778341088,3326,1:37:58.510000,"(datetime.datetime(2026, 9, 29, 16, 50, 44, 465000),)",2a3c600d
408626133,-778339008,3350,1:37:58.560000,"(datetime.datetime(2026, 9, 29, 16, 50, 44, 518000),)",2a3c600a
408624982,-778341010,3327,1:37:58.630000,"(datetime.datetime(2026, 9, 29, 16, 50, 44, 590000),)",2a3c600d
408626164,-778338961,3349,1:37:58.840000,"(datetime.datetime(2026, 9, 29, 16, 50, 44, 793000),)",2a3c600a
408625020,-778340942,3327,1:37:58.950000,"(datetime.datetime(2026, 9, 29, 16, 50, 44, 900000),)",2a3c600d
408626178,-778338930,3350,1:37:59.090000,"(datetime.datetime(2026, 9, 29, 16, 50, 45, 44000),)",2a3c600a
408625061,-778340880,3327,1:37:59.120000,"(datetime.datetime(2026, 9, 29, 16, 50, 45, 78000),)",2a3c600d
408626190,-778338898,3349,1:37:59.250000,"(datetime.datetime(2026, 9, 29, 16, 50, 45, 204000),)",2a3c600a
408625100,-778340813,3326,1:37:59.450000,"(datetime.datetime(2026, 9, 29, 16, 50, 45, 407000),)",2a3c600d
408626215,-778338868,3349,1:37:59.570000,"(datetime.datetime(2026, 9, 29, 16, 50, 45, 523000),)",2a3c600a
408625133,-778340749,3326,1:37:59.680000,"(datetime.datetime(2026, 9, 29, 16, 50, 45, 637000),)",2a3c600d
408626233,-778338838,3350,1:37:59.860000,"(datetime.datetime(2026, 9, 29, 16, 50, 45, 814000),)",2a3c600a
408625171,-778340690,3326,1:37:59.930000,"(datetime.datetime(2026, 9, 29, 16, 50, 45, 883000),)",2a3c600d
408626246,-778338813,3349,1:37:59.980000,"(datetime.datetime(2026, 9, 29, 16, 50, 45, 936000),)",2a3c600a
408625208,-778340636,3326,1:38:00.090000,"(datetime.datetime(2026, 9, 29, 16, 50, 46, 43000),)",2a3c600d
408626263,-778338789,3350,1:38:00.190000,"(datetime.datetime(2026, 9, 29, 16, 50, 46, 145000),)",2a3c600a
408625237,-778340575,3327,1:38:00.290000,"(datetime.datetime(2026, 9, 29, 16, 50, 46, 245000),)",2a3c600d
408626274,-778338768,3350,1:38:00.400000,"(datetime.datetime(2026, 9, 29, 16, 50, 46, 351000),)",2a3c600a
408625270,-778340520,3327,1:38:00.510000,"(datetime.datetime(2026, 9, 29, 16, 50, 46, 469000),)",2a3c600d
408626283,-778338752,3349,1:38:00.600000,"(datetime.datetime(2026, 9, 29, 16, 50, 46, 558000),)",2a3c600a
408625302,-778340467,3327,1:38:00.720000,"(datetime.datetime(2026, 9, 29, 16, 50, 46, 675000),)",2a3c600d
408626293,-778338737,3349,1:38:00.880000,"(datetime.datetime(2026, 9, 29, 16, 50, 46, 838000),)",2a3c600a
408625337,-778340406,3327,1:38:00.940000,"(datetime.datetime(2026, 9, 29, 16, 50, 46, 896000),)",2a3c600d
408626308,-778338712,3349,1:38:01.010000,"(datetime.datetime(2026, 9, 29, 16, 50, 46, 968000),)",2a3c600a
408625362,-778340359,3327,1:38:01.080000,"(datetime.datetime(2026, 9, 29, 16, 50, 47, 39000),)",2a3c600d
408626312,-778338711,3349,1:38:01.100000,"(datetime.datetime(2026, 9, 29, 16, 50, 47, 54000),)",2a3c600a
408625389,-778340312,3327,1:38:01.140000,"(datetime.datetime(2026, 9, 29, 16, 50, 47, 97000),)",2a3c600d
408626316,-778338699,3349,1:38:01.160000,"(datetime.datetime(2026, 9, 29, 16, 50, 47, 116000),)",2a3c600a
408625414,-778340263,3327,1:38:01.200000,"(datetime.datetime(2026, 9, 29, 16, 50, 47, 158000),)",2a3c600d
408626321,-778338690,3349,1:38:01.210000,"(datetime.datetime(2026, 9, 29, 16, 50, 47, 170000),)",2a3c600a
408625440,-778340221,3327,1:38:01.230000,"(datetime.datetime(2026, 9, 29, 16, 50, 47, 182000),)",2a3c600d
408626326,-778338680,3349,1:38:01.280000,"(datetime.datetime(2026, 9, 29, 16, 50, 47, 235000),)",2a3c600a
408625468,-778340183,3327,1:38:01.290000,"(datetime.datetime(2026, 9, 29, 16, 50, 47, 249000),)",2a3c600d
408626330,-778338674,3349,1:38:01.310000,"(datetime.datetime(2026, 9, 29, 16, 50, 47, 261000),)",2a3c600a
408625486,-778340141,3327,1:38:01.360000,"(datetime.datetime(2026, 9, 29, 16, 50, 47, 312000),)",2a3c600d
408626333,-778338669,3349,1:38:01.370000,"(datetime.datetime(2026, 9, 29, 16, 50, 47, 329000),)",2a3c600a
408625513,-778340104,3327,1:38:01.430000,"(datetime.datetime(2026, 9, 29, 16, 50, 47, 383000),)",2a3c600d
408626335,-778338668,3349,1:38:01.440000,"(datetime.datetime(2026, 9, 29, 16, 50, 47, 397000),)",2a3c600a
408625533,-778340068,3327,1:38:01.460000,"(datetime.datetime(2026, 9, 29, 16, 50, 47, 414000),)",2a3c600d
408626336,-778338665,3349,1:38:01.510000,"(datetime.datetime(2026, 9, 29, 16, 50, 47, 467000),)",2a3c600a
408625552,-778340031,3327,1:38:01.530000,"(datetime.datetime(2026, 9, 29, 16, 50, 47, 487000),)",2a3c600d
408626337,-778338662,3349,1:38:01.570000,"(datetime.datetime(2026, 9, 29, 16, 50, 47, 523000),)",2a3c600a
408625577,-778339988,3326,1:38:01.580000,"(datetime.datetime(2026, 9, 29, 16, 50, 47, 536000),)",2a3c600d
408626345,-778338650,3348,1:38:01.590000,"(datetime.datetime(2026, 9, 29, 16, 50, 47, 549000),)",2a3c600a
408625589,-778339961,3327,1:38:01.640000,"(datetime.datetime(2026, 9, 29, 16, 50, 47, 598000),)",2a3c600d
408626340,-778338656,3348,1:38:01.660000,"(datetime.datetime(2026, 9, 29, 16, 50, 47, 618000),)",2a3c600a
408625610,-778339939,3326,1:38:01.700000,"(datetime.datetime(2026, 9, 29, 16, 50, 47, 659000),)",2a3c600d
408626345,-778338651,3348,1:38:01.730000,"(datetime.datetime(2026, 9, 29, 16, 50, 47, 682000),)",2a3c600a
408625627,-778339910,3326,1:38:01.770000,"(datetime.datetime(2026, 9, 29, 16, 50, 47, 726000),)",2a3c600d
408626343,-778338656,3348,1:38:01.820000,"(datetime.datetime(2026, 9, 29, 16, 50, 47, 772000),)",2a3c600a
408625639,-778339882,3326,1:38:01.840000,"(datetime.datetime(2026, 9, 29, 16, 50, 47, 794000),)",2a3c600d
408626341,-778338653,3349,1:38:01.850000,"(datetime.datetime(2026, 9, 29, 16, 50, 47, 807000),)",2a3c600a
408625655,-778339855,3326,1:38:01.890000,"(datetime.datetime(2026, 9, 29, 16, 50, 47, 850000),)",2a3c600d
408626342,-778338652,3349,1:38:01.910000,"(datetime.datetime(2026, 9, 29, 16, 50, 47, 862000),)",2a3c600a
408625655,-778339855,3326,1:38:01.930000,"(datetime.datetime(2026, 9, 29, 16, 50, 47, 881000),)",2a3c600d
408626343,-778338654,3349,1:38:01.980000,"(datetime.datetime(2026, 9, 29, 16, 50, 47, 934000),)",2a3c600a
408625670,-778339836,3326,1:38:01.990000,"(datetime.datetime(2026, 9, 29, 16, 50, 47, 948000),)",2a3c600d
408626342,-778338654,3349,1:38:02.010000,"(datetime.datetime(2026, 9, 29, 16, 50, 47, 962000),)",2a3c600a
408625681,-778339809,3327,1:38:02.050000,"(datetime.datetime(2026, 9, 29, 16, 50, 48, 8000),)",2a3c600d
408626343,-778338653,3349,1:38:02.070000,"(datetime.datetime(2026, 9, 29, 16, 50, 48, 21000),)",2a3c600a
408625693,-778339787,3327,1:38:02.080000,"(datetime.datetime(2026, 9, 29, 16, 50, 48, 33000),)",2a3c600d
408626342,-778338653,3349,1:38:02.120000,"(datetime.datetime(2026, 9, 29, 16, 50, 48, 75000),)",2a3c600a
408625707,-778339774,3326,1:38:02.130000,"(datetime.datetime(2026, 9, 29, 16, 50, 48, 88000),)",2a3c600d
408626343,-778338646,3349,1:38:02.150000,"(datetime.datetime(2026, 9, 29, 16, 50, 48, 102000),)",2a3c600a
408625721,-778339748,3326,1:38:02.200000,"(datetime.datetime(2026, 9, 29, 16, 50, 48, 157000),)",2a3c600d
408626341,-778338648,3349,1:38:02.210000,"(datetime.datetime(2026, 9, 29, 16, 50, 48, 170000),)",2a3c600a
408625726,-778339732,3326,1:38:02.260000,"(datetime.datetime(2026, 9, 29, 16, 50, 48, 211000),)",2a3c600d
408626341,-778338649,3349,1:38:02.270000,"(datetime.datetime(2026, 9, 29, 16, 50, 48, 224000),)",2a3c600a
408625734,-778339718,3326,1:38:02.280000,"(datetime.datetime(2026, 9, 29, 16, 50, 48, 239000),)",2a3c600d
408626341,-778338647,3349,1:38:02.330000,"(datetime.datetime(2026, 9, 29, 16, 50, 48, 289000),)",2a3c600a
408625743,-778339708,3326,1:38:02.350000,"(datetime.datetime(2026, 9, 29, 16, 50, 48, 303000),)",2a3c600d
408626342,-778338649,3349,1:38:02.360000,"(datetime.datetime(2026, 9, 29, 16, 50, 48, 316000),)",2a3c600a
408625751,-778339693,3326,1:38:02.400000,"(datetime.datetime(2026, 9, 29, 16, 50, 48, 358000),)",2a3c600d
408626342,-778338648,3349,1:38:02.430000,"(datetime.datetime(2026, 9, 29, 16, 50, 48, 381000),)",2a3c600a
408625759,-778339684,3327,1:38:02.470000,"(datetime.datetime(2026, 9, 29, 16, 50, 48, 422000),)",2a3c600d
408626341,-778338649,3349,1:38:02.480000,"(datetime.datetime(2026, 9, 29, 16, 50, 48, 437000),)",2a3c600a
408625762,-778339673,3327,1:38:02.490000,"(datetime.datetime(2026, 9, 29, 16, 50, 48, 449000),)",2a3c600d
408626342,-778338648,3349,1:38:02.540000,"(datetime.datetime(2026, 9, 29, 16, 50, 48, 500000),)",2a3c600a
408625766,-778339666,3327,1:38:02.560000,"(datetime.datetime(2026, 9, 29, 16, 50, 48, 512000),)",2a3c600d
408626340,-778338648,3349,1:38:02.570000,"(datetime.datetime(2026, 9, 29, 16, 50, 48, 525000),)",2a3c600a
408625773,-778339659,3326,1:38:02.620000,"(datetime.datetime(2026, 9, 29, 16, 50, 48, 575000),)",2a3c600d
408626340,-778338648,3349,1:38:02.630000,"(datetime.datetime(2026, 9, 29, 16, 50, 48, 589000),)",2a3c600a
408625778,-778339654,3326,1:38:02.650000,"(datetime.datetime(2026, 9, 29, 16, 50, 48, 602000),)",2a3c600d
408626343,-778338649,3349,1:38:02.700000,"(datetime.datetime(2026, 9, 29, 16, 50, 48, 657000),)",2a3c600a
408625780,-778339639,3327,1:38:02.720000,"(datetime.datetime(2026, 9, 29, 16, 50, 48, 677000),)",2a3c600d
408626344,-778338651,3349,1:38:02.750000,"(datetime.datetime(2026, 9, 29, 16, 50, 48, 710000),)",2a3c600a
408625781,-778339641,3327,1:38:02.770000,"(datetime.datetime(2026, 9, 29, 16, 50, 48, 723000),)",2a3c600d
408626344,-778338650,3349,1:38:02.820000,"(datetime.datetime(2026, 9, 29, 16, 50, 48, 772000),)",2a3c600a
408625782,-778339639,3326,1:38:02.830000,"(datetime.datetime(2026, 9, 29, 16, 50, 48, 785000),)",2a3c600d
408626343,-778338649,3349,1:38:02.840000,"(datetime.datetime(2026, 9, 29, 16, 50, 48, 799000),)",2a3c600a
408625784,-778339639,3326,1:38:02.860000,"(datetime.datetime(2026, 9, 29, 16, 50, 48, 811000),)",2a3c600d
408626342,-778338649,3349,1:38:02.900000,"(datetime.datetime(2026, 9, 29, 16, 50, 48, 856000),)",2a3c600a
408625783,-778339636,3326,1:38:02.910000,"(datetime.datetime(2026, 9, 29, 16, 50, 48, 868000),)",2a3c600d
408626343,-778338649,3349,1:38:02.930000,"(datetime.datetime(2026, 9, 29, 16, 50, 48, 881000),)",2a3c600a
408625784,-778339635,3326,1:38:02.970000,"(datetime.datetime(2026, 9, 29, 16, 50, 48, 926000),)",2a3c600d
408626342,-778338650,3349,1:38:02.980000,"(datetime.datetime(2026, 9, 29, 16, 50, 48, 938000),)",2a3c600a
408625782,-778339634,3326,1:38:02.990000,"(datetime.datetime(2026, 9, 29, 16, 50, 48, 950000),)",2a3c600d
408626343,-778338649,3349,1:38:03.040000,"(datetime.datetime(2026, 9, 29, 16, 50, 48, 996000),)",2a3c600a
408625783,-778339636,3326,1:38:03.050000,"(datetime.datetime(2026, 9, 29, 16, 50, 49, 9000),)",2a3c600d
408626343,-778338650,3349,1:38:03.070000,"(datetime.datetime(2026, 9, 29, 16, 50, 49, 24000),)",2a3c600a
408625785,-778339636,3326,1:38:03.120000,"(datetime.datetime(2026, 9, 29, 16, 50, 49, 80000),)",2a3c600d
408626344,-778338650,3349,1:38:03.160000,"(datetime.datetime(2026, 9, 29, 16, 50, 49, 114000),)",2a3c600a
408625782,-778339636,3326,1:38:03.220000,"(datetime.datetime(2026, 9, 29, 16, 50, 49, 172000),)",2a3c600d
408626344,-778338649,3349,1:38:03.250000,"(datetime.datetime(2026, 9, 29, 16, 50, 49, 205000),)",2a3c600a
408625785,-778339625,3326,1:38:03.320000,"(datetime.datetime(2026, 9, 29, 16, 50, 49, 273000),)",2a3c600d
408626344,-778338649,3349,1:38:03.350000,"(datetime.datetime(2026, 9, 29, 16, 50, 49, 306000),)",2a3c600a
408625783,-778339627,3326,1:38:03.420000,"(datetime.datetime(2026, 9, 29, 16, 50, 49, 372000),)",2a3c600d
408626344,-778338649,3349,1:38:03.460000,"(datetime.datetime(2026, 9, 29, 16, 50, 49, 414000),)",2a3c600a
408625783,-778339628,3326,1:38:03.520000,"(datetime.datetime(2026, 9, 29, 16, 50, 49, 473000),)",2a3c600d
408626344,-778338649,3349,1:38:03.550000,"(datetime.datetime(2026, 9, 29, 16, 50, 49, 505000),)",2a3c600a
408625783,-778339628,3326,1:38:03.620000,"(datetime.datetime(2026, 9, 29, 16, 50, 49, 573000),)",2a3c600d
408626344,-778338649,3349,1:38:03.650000,"(datetime.datetime(2026, 9, 29, 16, 50, 49, 605000),)",2a3c600a
408625784,-778339628,3326,1:38:03.720000,"(datetime.datetime(2026, 9, 29, 16, 50, 49, 672000),)",2a3c600d
408626344,-778338649,3349,1:38:03.750000,"(datetime.datetime(2026, 9, 29, 16, 50, 49, 705000),)",2a3c600a
408625784,-778339628,3326,1:38:03.820000,"(datetime.datetime(2026, 9, 29, 16, 50, 49, 774000),)",2a3c600d
408626344,-778338649,3349,1:38:03.850000,"(datetime.datetime(2026, 9, 29, 16, 50, 49, 805000),)",2a3c600a
408625783,-778339628,3326,1:38:03.920000,"(datetime.datetime(2026, 9, 29, 16, 50, 49, 872000),)",2a3c600d
408626344,-778338649,3349,1:38:03.950000,"(datetime.datetime(2026, 9, 29, 16, 50, 49, 905000),)",2a3c600a
408625783,-778339628,3326,1:38:04.020000,"(datetime.datetime(2026, 9, 29, 16, 50, 49, 972000),)",2a3c600d
408626344,-778338649,3349,1:38:04.050000,"(datetime.datetime(2026, 9, 29, 16, 50, 50, 7000),)",2a3c600a
408625784,-778339627,3326,1:38:04.120000,"(datetime.datetime(2026, 9, 29, 16, 50, 50, 74000),)",2a3c600d
408626344,-778338649,3349,1:38:04.150000,"(datetime.datetime(2026, 9, 29, 16, 50, 50, 105000),)",2a3c600a
408625784,-778339627,3326,1:38:04.220000,"(datetime.datetime(2026, 9, 29, 16, 50, 50, 174000),)",2a3c600d
408626347,-778338650,3349,1:38:04.250000,"(datetime.datetime(2026, 9, 29, 16, 50, 50, 206000),)",2a3c600a
408625790,-778339631,3326,1:38:04.320000,"(datetime.datetime(2026, 9, 29, 16, 50, 50, 273000),)",2a3c600d
408626347,-778338650,3349,1:38:04.350000,"(datetime.datetime(2026, 9, 29, 16, 50, 50, 305000),)",2a3c600a
408625791,-778339631,3326,1:38:04.420000,"(datetime.datetime(2026, 9, 29, 16, 50, 50, 374000),)",2a3c600d
408626347,-778338650,3349,1:38:04.450000,"(datetime.datetime(2026, 9, 29, 16, 50, 50, 406000),)",2a3c600a
408625791,-778339631,3326,1:38:04.520000,"(datetime.datetime(2026, 9, 29, 16, 50, 50, 472000),)",2a3c600d
408626347,-778338650,3349,1:38:04.550000,"(datetime.datetime(2026, 9, 29, 16, 50, 50, 505000),)",2a3c600a
408625791,-778339631,3326,1:38:04.620000,"(datetime.datetime(2026, 9, 29, 16, 50, 50, 573000),)",2a3c600d
408626347,-778338650,3349,1:38:04.650000,"(datetime.datetime(2026, 9, 29, 16, 50, 50, 608000),)",2a3c600a
408625791,-778339630,3326,1:38:04.720000,"(datetime.datetime(2026, 9, 29, 16, 50, 50, 673000),)",2a3c600d
408626347,-778338650,3349,1:38:04.760000,"(datetime.datetime(2026, 9, 29, 16, 50, 50, 711000),)",2a3c600a
408625791,-778339630,3326,1:38:04.820000,"(datetime.datetime(2026, 9, 29, 16, 50, 50, 772000),)",2a3c600d
408626347,-778338650,3349,1:38:04.850000,"(datetime.datetime(2026, 9, 29, 16, 50, 50, 805000),)",2a3c600a
408625791,-778339630,3326,1:38:04.920000,"(datetime.datetime(2026, 9, 29, 16, 50, 50, 872000),)",2a3c600d
408626347,-778338650,3349,1:38:04.950000,"(datetime.datetime(2026, 9, 29, 16, 50, 50, 905000),)",2a3c600a
408625791,-778339630,3326,1:38:05.020000,"(datetime.datetime(2026, 9, 29, 16, 50, 50, 972000),)",2a3c600d
408626347,-778338650,3349,1:38:05.050000,"(datetime.datetime(2026, 9, 29, 16, 50, 51, 5000),)",2a3c600a
408625791,-778339630,3326,1:38:05.120000,"(datetime.datetime(2026, 9, 29, 16, 50, 51, 73000),)",2a3c600d
408626347,-778338650,3349,1:38:05.150000,"(datetime.datetime(2026, 9, 29, 16, 50, 51, 105000),)",2a3c600a
408625791,-778339630,3326,1:38:05.220000,"(datetime.datetime(2026, 9, 29, 16, 50, 51, 172000),)",2a3c600d
408626419,-778338533,3350,1:38:05.250000,"(datetime.datetime(2026, 9, 29, 16, 50, 51, 206000),)",2a3c600a
408625805,-778339600,3325,1:38:05.320000,"(datetime.datetime(2026, 9, 29, 16, 50, 51, 275000),)",2a3c600d
408626435,-778338503,3350,1:38:05.350000,"(datetime.datetime(2026, 9, 29, 16, 50, 51, 304000),)",2a3c600a
408625808,-778339594,3325,1:38:05.420000,"(datetime.datetime(2026, 9, 29, 16, 50, 51, 372000),)",2a3c600d
408626452,-778338474,3350,1:38:05.460000,"(datetime.datetime(2026, 9, 29, 16, 50, 51, 412000),)",2a3c600a
408625812,-778339588,3325,1:38:05.520000,"(datetime.datetime(2026, 9, 29, 16, 50, 51, 472000),)",2a3c600d
408625814,-778339582,3325,1:38:05.540000,"(datetime.datetime(2026, 9, 29, 16, 50, 51, 497000),)",2a3c600d
408626468,-778338446,3350,1:38:05.560000,"(datetime.datetime(2026, 9, 29, 16, 50, 51, 514000),)",2a3c600a
408625817,-778339576,3325,1:38:05.630000,"(datetime.datetime(2026, 9, 29, 16, 50, 51, 585000),)",2a3c600d
408626484,-778338418,3350,1:38:05.650000,"(datetime.datetime(2026, 9, 29, 16, 50, 51, 608000),)",2a3c600a
408625820,-778339568,3326,1:38:05.720000,"(datetime.datetime(2026, 9, 29, 16, 50, 51, 676000),)",2a3c600d
408626506,-778338376,3349,1:38:05.750000,"(datetime.datetime(2026, 9, 29, 16, 50, 51, 708000),)",2a3c600a
408625824,-778339561,3325,1:38:05.830000,"(datetime.datetime(2026, 9, 29, 16, 50, 51, 782000),)",2a3c600d
408626531,-778338341,3349,1:38:05.850000,"(datetime.datetime(2026, 9, 29, 16, 50, 51, 805000),)",2a3c600a
408625831,-778339556,3325,1:38:05.930000,"(datetime.datetime(2026, 9, 29, 16, 50, 51, 883000),)",2a3c600d
408626551,-778338299,3349,1:38:05.950000,"(datetime.datetime(2026, 9, 29, 16, 50, 51, 907000),)",2a3c600a
408625834,-778339539,3326,1:38:06.030000,"(datetime.datetime(2026, 9, 29, 16, 50, 51, 983000),)",2a3c600d
408626576,-778338258,3349,1:38:06.050000,"(datetime.datetime(2026, 9, 29, 16, 50, 52, 5000),)",2a3c600a
408625839,-778339533,3326,1:38:06.130000,"(datetime.datetime(2026, 9, 29, 16, 50, 52, 84000),)",2a3c600d
408626601,-778338215,3349,1:38:06.160000,"(datetime.datetime(2026, 9, 29, 16, 50, 52, 111000),)",2a3c600a
408625877,-778339499,3321,1:38:06.230000,"(datetime.datetime(2026, 9, 29, 16, 50, 52, 182000),)",2a3c600d
408626658,-778338133,3350,1:38:06.250000,"(datetime.datetime(2026, 9, 29, 16, 50, 52, 205000),)",2a3c600a
408625883,-778339485,3321,1:38:06.340000,"(datetime.datetime(2026, 9, 29, 16, 50, 52, 290000),)",2a3c600d
408626688,-778338077,3349,1:38:06.360000,"(datetime.datetime(2026, 9, 29, 16, 50, 52, 312000),)",2a3c600a
408625892,-778339469,3321,1:38:06.430000,"(datetime.datetime(2026, 9, 29, 16, 50, 52, 382000),)",2a3c600d
408626720,-778338029,3350,1:38:06.450000,"(datetime.datetime(2026, 9, 29, 16, 50, 52, 409000),)",2a3c600a
408625900,-778339458,3321,1:38:06.530000,"(datetime.datetime(2026, 9, 29, 16, 50, 52, 482000),)",2a3c600d
408626750,-778337978,3350,1:38:06.550000,"(datetime.datetime(2026, 9, 29, 16, 50, 52, 508000),)",2a3c600a
408625910,-778339437,3321,1:38:06.630000,"(datetime.datetime(2026, 9, 29, 16, 50, 52, 583000),)",2a3c600d
408626778,-778337923,3349,1:38:06.650000,"(datetime.datetime(2026, 9, 29, 16, 50, 52, 608000),)",2a3c600a
408625922,-778339421,3321,1:38:06.730000,"(datetime.datetime(2026, 9, 29, 16, 50, 52, 682000),)",2a3c600d
408626778,-778337923,3349,1:38:06.750000,"(datetime.datetime(2026, 9, 29, 16, 50, 52, 705000),)",2a3c600a
408625933,-778339396,3320,1:38:06.830000,"(datetime.datetime(2026, 9, 29, 16, 50, 52, 782000),)",2a3c600d
408626811,-778337868,3350,1:38:06.850000,"(datetime.datetime(2026, 9, 29, 16, 50, 52, 808000),)",2a3c600a
408626843,-778337808,3350,1:38:06.880000,"(datetime.datetime(2026, 9, 29, 16, 50, 52, 836000),)",2a3c600a
408625950,-778339376,3321,1:38:06.940000,"(datetime.datetime(2026, 9, 29, 16, 50, 52, 892000),)",2a3c600d
408625965,-778339353,3321,1:38:07.030000,"(datetime.datetime(2026, 9, 29, 16, 50, 52, 983000),)",2a3c600d
408626877,-778337756,3350,1:38:07.050000,"(datetime.datetime(2026, 9, 29, 16, 50, 53, 7000),)",2a3c600a
408626915,-778337696,3350,1:38:07.080000,"(datetime.datetime(2026, 9, 29, 16, 50, 53, 35000),)",2a3c600a
408625983,-778339329,3321,1:38:07.130000,"(datetime.datetime(2026, 9, 29, 16, 50, 53, 82000),)",2a3c600d
408626950,-778337634,3350,1:38:07.160000,"(datetime.datetime(2026, 9, 29, 16, 50, 53, 118000),)",2a3c600a
408625997,-778339292,3318,1:38:07.230000,"(datetime.datetime(2026, 9, 29, 16, 50, 53, 182000),)",2a3c600d
408626021,-778339260,3318,1:38:07.330000,"(datetime.datetime(2026, 9, 29, 16, 50, 53, 284000),)",2a3c600d
408627016,-778337526,3348,1:38:07.360000,"(datetime.datetime(2026, 9, 29, 16, 50, 53, 313000),)",2a3c600a
408626036,-778339226,3318,1:38:07.430000,"(datetime.datetime(2026, 9, 29, 16, 50, 53, 383000),)",2a3c600d
408627052,-778337464,3347,1:38:07.450000,"(datetime.datetime(2026, 9, 29, 16, 50, 53, 405000),)",2a3c600a
408626052,-778339191,3318,1:38:07.530000,"(datetime.datetime(2026, 9, 29, 16, 50, 53, 483000),)",2a3c600d
408627089,-778337399,3346,1:38:07.560000,"(datetime.datetime(2026, 9, 29, 16, 50, 53, 519000),)",2a3c600a
408627128,-778337331,3347,1:38:07.580000,"(datetime.datetime(2026, 9, 29, 16, 50, 53, 535000),)",2a3c600a
408626076,-778339152,3318,1:38:07.630000,"(datetime.datetime(2026, 9, 29, 16, 50, 53, 585000),)",2a3c600d
408627164,-778337271,3347,1:38:07.660000,"(datetime.datetime(2026, 9, 29, 16, 50, 53, 611000),)",2a3c600a
408626099,-778339115,3318,1:38:07.730000,"(datetime.datetime(2026, 9, 29, 16, 50, 53, 682000),)",2a3c600d
408627205,-778337198,3347,1:38:07.760000,"(datetime.datetime(2026, 9, 29, 16, 50, 53, 712000),)",2a3c600a
408626120,-778339075,3317,1:38:07.830000,"(datetime.datetime(2026, 9, 29, 16, 50, 53, 782000),)",2a3c600d
408627243,-778337130,3347,1:38:07.850000,"(datetime.datetime(2026, 9, 29, 16, 50, 53, 805000),)",2a3c600a
408626140,-778339031,3318,1:38:07.930000,"(datetime.datetime(2026, 9, 29, 16, 50, 53, 883000),)",2a3c600d
408627284,-778337059,3348,1:38:07.950000,"(datetime.datetime(2026, 9, 29, 16, 50, 53, 909000),)",2a3c600a
408626168,-778338991,3318,1:38:08.030000,"(datetime.datetime(2026, 9, 29, 16, 50, 53, 981000),)",2a3c600d
408627320,-778336985,3348,1:38:08.060000,"(datetime.datetime(2026, 9, 29, 16, 50, 54, 15000),)",2a3c600a
408626191,-778338949,3318,1:38:08.130000,"(datetime.datetime(2026, 9, 29, 16, 50, 54, 83000),)",2a3c600d
408626231,-778338898,3319,1:38:08.230000,"(datetime.datetime(2026, 9, 29, 16, 50, 54, 183000),)",2a3c600d
408627366,-778336916,3347,1:38:08.260000,"(datetime.datetime(2026, 9, 29, 16, 50, 54, 215000),)",2a3c600a
408626261,-778338846,3319,1:38:08.330000,"(datetime.datetime(2026, 9, 29, 16, 50, 54, 282000),)",2a3c600d
408627437,-778336848,3349,1:38:08.370000,"(datetime.datetime(2026, 9, 29, 16, 50, 54, 322000),)",2a3c600a
408627526,-778336691,3348,1:38:08.380000,"(datetime.datetime(2026, 9, 29, 16, 50, 54, 337000),)",2a3c600a
408626288,-778338800,3319,1:38:08.430000,"(datetime.datetime(2026, 9, 29, 16, 50, 54, 386000),)",2a3c600d
408627572,-778336613,3348,1:38:08.460000,"(datetime.datetime(2026, 9, 29, 16, 50, 54, 419000),)",2a3c600a
408626314,-778338754,3319,1:38:08.530000,"(datetime.datetime(2026, 9, 29, 16, 50, 54, 482000),)",2a3c600d
408627572,-778336613,3348,1:38:08.560000,"(datetime.datetime(2026, 9, 29, 16, 50, 54, 519000),)",2a3c600a
408626344,-778338704,3319,1:38:08.630000,"(datetime.datetime(2026, 9, 29, 16, 50, 54, 582000),)",2a3c600d
408627618,-778336530,3348,1:38:08.660000,"(datetime.datetime(2026, 9, 29, 16, 50, 54, 620000),)",2a3c600a
408626369,-778338646,3319,1:38:08.730000,"(datetime.datetime(2026, 9, 29, 16, 50, 54, 684000),)",2a3c600d
408627668,-778336448,3348,1:38:08.760000,"(datetime.datetime(2026, 9, 29, 16, 50, 54, 719000),)",2a3c600a
408626394,-778338596,3319,1:38:08.830000,"(datetime.datetime(2026, 9, 29, 16, 50, 54, 782000),)",2a3c600d
408627714,-778336365,3348,1:38:08.880000,"(datetime.datetime(2026, 9, 29, 16, 50, 54, 832000),)",2a3c600a
408626432,-778338542,3320,1:38:08.930000,"(datetime.datetime(2026, 9, 29, 16, 50, 54, 883000),)",2a3c600d
408627764,-778336280,3349,1:38:08.960000,"(datetime.datetime(2026, 9, 29, 16, 50, 54, 920000),)",2a3c600a
408626465,-778338488,3320,1:38:09.030000,"(datetime.datetime(2026, 9, 29, 16, 50, 54, 983000),)",2a3c600d
408627810,-778336192,3349,1:38:09.060000,"(datetime.datetime(2026, 9, 29, 16, 50, 55, 19000),)",2a3c600a
408626500,-778338435,3320,1:38:09.130000,"(datetime.datetime(2026, 9, 29, 16, 50, 55, 83000),)",2a3c600d
408627860,-778336108,3348,1:38:09.170000,"(datetime.datetime(2026, 9, 29, 16, 50, 55, 122000),)",2a3c600a
408626535,-778338382,3321,1:38:09.230000,"(datetime.datetime(2026, 9, 29, 16, 50, 55, 189000),)",2a3c600d
408627920,-778336017,3347,1:38:09.270000,"(datetime.datetime(2026, 9, 29, 16, 50, 55, 220000),)",2a3c600a
408626567,-778338327,3321,1:38:09.330000,"(datetime.datetime(2026, 9, 29, 16, 50, 55, 282000),)",2a3c600d
408627979,-778335926,3347,1:38:09.360000,"(datetime.datetime(2026, 9, 29, 16, 50, 55, 319000),)",2a3c600a
408626608,-778338260,3321,1:38:09.430000,"(datetime.datetime(2026, 9, 29, 16, 50, 55, 383000),)",2a3c600d
408628026,-778335831,3347,1:38:09.460000,"(datetime.datetime(2026, 9, 29, 16, 50, 55, 419000),)",2a3c600a
408626638,-778338190,3320,1:38:09.530000,"(datetime.datetime(2026, 9, 29, 16, 50, 55, 482000),)",2a3c600d
408628080,-778335740,3347,1:38:09.560000,"(datetime.datetime(2026, 9, 29, 16, 50, 55, 519000),)",2a3c600a
408626678,-778338129,3321,1:38:09.630000,"(datetime.datetime(2026, 9, 29, 16, 50, 55, 583000),)",2a3c600d
408628132,-778335646,3346,1:38:09.660000,"(datetime.datetime(2026, 9, 29, 16, 50, 55, 619000),)",2a3c600a
408626714,-778338058,3321,1:38:09.730000,"(datetime.datetime(2026, 9, 29, 16, 50, 55, 682000),)",2a3c600d
408628188,-778335553,3346,1:38:09.770000,"(datetime.datetime(2026, 9, 29, 16, 50, 55, 722000),)",2a3c600a
408626752,-778337992,3321,1:38:09.830000,"(datetime.datetime(2026, 9, 29, 16, 50, 55, 783000),)",2a3c600d
408628298,-778335362,3346,1:38:09.870000,"(datetime.datetime(2026, 9, 29, 16, 50, 55, 823000),)",2a3c600a
408626797,-778337925,3321,1:38:09.930000,"(datetime.datetime(2026, 9, 29, 16, 50, 55, 882000),)",2a3c600d
408628353,-778335265,3346,1:38:09.960000,"(datetime.datetime(2026, 9, 29, 16, 50, 55, 920000),)",2a3c600a
408626838,-778337854,3321,1:38:10.030000,"(datetime.datetime(2026, 9, 29, 16, 50, 55, 983000),)",2a3c600d
408628412,-778335164,3346,1:38:10.060000,"(datetime.datetime(2026, 9, 29, 16, 50, 56, 20000),)",2a3c600a
408626875,-778337779,3321,1:38:10.110000,"(datetime.datetime(2026, 9, 29, 16, 50, 56, 63000),)",2a3c600d
408628468,-778335056,3346,1:38:10.160000,"(datetime.datetime(2026, 9, 29, 16, 50, 56, 119000),)",2a3c600a
408626874,-778337708,3321,1:38:10.220000,"(datetime.datetime(2026, 9, 29, 16, 50, 56, 172000),)",2a3c600d
408628468,-778335056,3346,1:38:10.270000,"(datetime.datetime(2026, 9, 29, 16, 50, 56, 221000),)",2a3c600a
408626922,-778337630,3321,1:38:10.310000,"(datetime.datetime(2026, 9, 29, 16, 50, 56, 264000),)",2a3c600d
408628531,-778334951,3346,1:38:10.360000,"(datetime.datetime(2026, 9, 29, 16, 50, 56, 319000),)",2a3c600a
408626965,-778337556,3321,1:38:10.410000,"(datetime.datetime(2026, 9, 29, 16, 50, 56, 363000),)",2a3c600d
408628590,-778334851,3346,1:38:10.460000,"(datetime.datetime(2026, 9, 29, 16, 50, 56, 420000),)",2a3c600a
408627012,-778337478,3322,1:38:10.510000,"(datetime.datetime(2026, 9, 29, 16, 50, 56, 470000),)",2a3c600d
408628650,-778334749,3347,1:38:10.560000,"(datetime.datetime(2026, 9, 29, 16, 50, 56, 520000),)",2a3c600a
408627056,-778337399,3321,1:38:10.610000,"(datetime.datetime(2026, 9, 29, 16, 50, 56, 563000),)",2a3c600d
408628710,-778334647,3346,1:38:10.660000,"(datetime.datetime(2026, 9, 29, 16, 50, 56, 618000),)",2a3c600a
408627105,-778337319,3322,1:38:10.710000,"(datetime.datetime(2026, 9, 29, 16, 50, 56, 663000),)",2a3c600d
408628772,-778334547,3346,1:38:10.760000,"(datetime.datetime(2026, 9, 29, 16, 50, 56, 719000),)",2a3c600a
408627151,-778337236,3321,1:38:10.810000,"(datetime.datetime(2026, 9, 29, 16, 50, 56, 764000),)",2a3c600d
408628830,-778334440,3347,1:38:10.870000,"(datetime.datetime(2026, 9, 29, 16, 50, 56, 823000),)",2a3c600a
408627202,-778337157,3321,1:38:10.910000,"(datetime.datetime(2026, 9, 29, 16, 50, 56, 863000),)",2a3c600d
408628896,-778334335,3346,1:38:10.960000,"(datetime.datetime(2026, 9, 29, 16, 50, 56, 918000),)",2a3c600a
408627248,-778337072,3321,1:38:11.010000,"(datetime.datetime(2026, 9, 29, 16, 50, 56, 964000),)",2a3c600d
408628954,-778334233,3346,1:38:11.060000,"(datetime.datetime(2026, 9, 29, 16, 50, 57, 19000),)",2a3c600a
408627296,-778336989,3321,1:38:11.110000,"(datetime.datetime(2026, 9, 29, 16, 50, 57, 63000),)",2a3c600d
408629018,-778334125,3346,1:38:11.160000,"(datetime.datetime(2026, 9, 29, 16, 50, 57, 119000),)",2a3c600a
408627344,-778336910,3322,1:38:11.210000,"(datetime.datetime(2026, 9, 29, 16, 50, 57, 163000),)",2a3c600d
408629092,-778334036,3346,1:38:11.240000,"(datetime.datetime(2026, 9, 29, 16, 50, 57, 196000),)",2a3c600a
408627400,-778336825,3323,1:38:11.310000,"(datetime.datetime(2026, 9, 29, 16, 50, 57, 264000),)",2a3c600d
408629156,-778333926,3346,1:38:11.350000,"(datetime.datetime(2026, 9, 29, 16, 50, 57, 303000),)",2a3c600a
408627449,-778336736,3323,1:38:11.410000,"(datetime.datetime(2026, 9, 29, 16, 50, 57, 364000),)",2a3c600d
408629217,-778333815,3346,1:38:11.440000,"(datetime.datetime(2026, 9, 29, 16, 50, 57, 396000),)",2a3c600a
408627497,-778336647,3323,1:38:11.510000,"(datetime.datetime(2026, 9, 29, 16, 50, 57, 469000),)",2a3c600d
408629288,-778333706,3346,1:38:11.540000,"(datetime.datetime(2026, 9, 29, 16, 50, 57, 496000),)",2a3c600a
408627552,-778336558,3323,1:38:11.610000,"(datetime.datetime(2026, 9, 29, 16, 50, 57, 563000),)",2a3c600d
408629354,-778333596,3347,1:38:11.650000,"(datetime.datetime(2026, 9, 29, 16, 50, 57, 602000),)",2a3c600a
408627603,-778336470,3323,1:38:11.710000,"(datetime.datetime(2026, 9, 29, 16, 50, 57, 664000),)",2a3c600d
408629420,-778333485,3347,1:38:11.740000,"(datetime.datetime(2026, 9, 29, 16, 50, 57, 696000),)",2a3c600a
408627661,-778336380,3323,1:38:11.810000,"(datetime.datetime(2026, 9, 29, 16, 50, 57, 764000),)",2a3c600d
408629489,-778333374,3348,1:38:11.840000,"(datetime.datetime(2026, 9, 29, 16, 50, 57, 795000),)",2a3c600a
408627712,-778336289,3323,1:38:11.910000,"(datetime.datetime(2026, 9, 29, 16, 50, 57, 864000),)",2a3c600d
408629556,-778333260,3347,1:38:11.940000,"(datetime.datetime(2026, 9, 29, 16, 50, 57, 896000),)",2a3c600a
408627767,-778336191,3324,1:38:12.010000,"(datetime.datetime(2026, 9, 29, 16, 50, 57, 963000),)",2a3c600d
408629622,-778333144,3347,1:38:12.040000,"(datetime.datetime(2026, 9, 29, 16, 50, 57, 996000),)",2a3c600a
408627820,-778336100,3324,1:38:12.110000,"(datetime.datetime(2026, 9, 29, 16, 50, 58, 63000),)",2a3c600d
408629693,-778333032,3347,1:38:12.140000,"(datetime.datetime(2026, 9, 29, 16, 50, 58, 96000),)",2a3c600a
408627872,-778335997,3323,1:38:12.210000,"(datetime.datetime(2026, 9, 29, 16, 50, 58, 165000),)",2a3c600d
408629764,-778332937,3349,1:38:12.240000,"(datetime.datetime(2026, 9, 29, 16, 50, 58, 197000),)",2a3c600a
408627925,-778335896,3323,1:38:12.310000,"(datetime.datetime(2026, 9, 29, 16, 50, 58, 263000),)",2a3c600d
408629841,-778332820,3349,1:38:12.340000,"(datetime.datetime(2026, 9, 29, 16, 50, 58, 297000),)",2a3c600a
408627984,-778335801,3323,1:38:12.410000,"(datetime.datetime(2026, 9, 29, 16, 50, 58, 363000),)",2a3c600d
408629908,-778332701,3349,1:38:12.440000,"(datetime.datetime(2026, 9, 29, 16, 50, 58, 398000),)",2a3c600a
408628043,-778335706,3323,1:38:12.510000,"(datetime.datetime(2026, 9, 29, 16, 50, 58, 463000),)",2a3c600d
408629978,-778332584,3349,1:38:12.540000,"(datetime.datetime(2026, 9, 29, 16, 50, 58, 497000),)",2a3c600a
408628100,-778335606,3323,1:38:12.610000,"(datetime.datetime(2026, 9, 29, 16, 50, 58, 567000),)",2a3c600d
408630050,-778332466,3348,1:38:12.650000,"(datetime.datetime(2026, 9, 29, 16, 50, 58, 604000),)",2a3c600a
408628156,-778335504,3323,1:38:12.710000,"(datetime.datetime(2026, 9, 29, 16, 50, 58, 664000),)",2a3c600d
408630121,-778332348,3348,1:38:12.740000,"(datetime.datetime(2026, 9, 29, 16, 50, 58, 696000),)",2a3c600a
408628218,-778335405,3323,1:38:12.810000,"(datetime.datetime(2026, 9, 29, 16, 50, 58, 763000),)",2a3c600d
408630191,-778332224,3348,1:38:12.850000,"(datetime.datetime(2026, 9, 29, 16, 50, 58, 806000),)",2a3c600a
408628274,-778335301,3322,1:38:13.250000,"(datetime.datetime(2026, 9, 29, 16, 50, 59, 204000),)",2a3c600d
408630264,-778332103,3349,1:38:13.350000,"(datetime.datetime(2026, 9, 29, 16, 50, 59, 304000),)",2a3c600a
408628339,-778335200,3323,1:38:13.410000,"(datetime.datetime(2026, 9, 29, 16, 50, 59, 370000),)",2a3c600d
408630335,-778331983,3349,1:38:13.510000,"(datetime.datetime(2026, 9, 29, 16, 50, 59, 468000),)",2a3c600a
408628399,-778335098,3323,1:38:13.530000,"(datetime.datetime(2026, 9, 29, 16, 50, 59, 483000),)",2a3c600d
408630409,-778331858,3349,1:38:13.600000,"(datetime.datetime(2026, 9, 29, 16, 50, 59, 551000),)",2a3c600a
408628447,-778334997,3324,1:38:13.790000,"(datetime.datetime(2026, 9, 29, 16, 50, 59, 744000),)",2a3c600d
408630496,-778331733,3349,1:38:14.040000,"(datetime.datetime(2026, 9, 29, 16, 50, 59, 991000),)",2a3c600a
408628513,-778334893,3324,1:38:14.140000,"(datetime.datetime(2026, 9, 29, 16, 51, 0, 92000),)",2a3c600d
408630570,-778331604,3349,1:38:14.220000,"(datetime.datetime(2026, 9, 29, 16, 51, 0, 174000),)",2a3c600a
408628578,-778334788,3324,1:38:14.310000,"(datetime.datetime(2026, 9, 29, 16, 51, 0, 268000),)",2a3c600d
408630641,-778331476,3349,1:38:14.430000,"(datetime.datetime(2026, 9, 29, 16, 51, 0, 382000),)",2a3c600a
408628638,-778334675,3324,1:38:14.520000,"(datetime.datetime(2026, 9, 29, 16, 51, 0, 473000),)",2a3c600d
408630718,-778331349,3349,1:38:14.630000,"(datetime.datetime(2026, 9, 29, 16, 51, 0, 585000),)",2a3c600a
408628703,-778334570,3324,1:38:14.720000,"(datetime.datetime(2026, 9, 29, 16, 51, 0, 677000),)",2a3c600d
408630792,-778331224,3349,1:38:14.930000,"(datetime.datetime(2026, 9, 29, 16, 51, 0, 883000),)",2a3c600a
408628765,-778334457,3324,1:38:15.050000,"(datetime.datetime(2026, 9, 29, 16, 51, 1, 1000),)",2a3c600d
408630865,-778331096,3349,1:38:15.130000,"(datetime.datetime(2026, 9, 29, 16, 51, 1, 87000),)",2a3c600a
408628828,-778334347,3324,1:38:15.250000,"(datetime.datetime(2026, 9, 29, 16, 51, 1, 201000),)",2a3c600d
408630942,-778330969,3349,1:38:15.340000,"(datetime.datetime(2026, 9, 29, 16, 51, 1, 292000),)",2a3c600a
408628896,-778334234,3324,1:38:15.420000,"(datetime.datetime(2026, 9, 29, 16, 51, 1, 379000),)",2a3c600d
408631018,-778330838,3349,1:38:15.550000,"(datetime.datetime(2026, 9, 29, 16, 51, 1, 509000),)",2a3c600a
408628960,-778334122,3324,1:38:15.580000,"(datetime.datetime(2026, 9, 29, 16, 51, 1, 539000),)",2a3c600d
408631093,-778330705,3349,1:38:15.600000,"(datetime.datetime(2026, 9, 29, 16, 51, 1, 553000),)",2a3c600a
408629026,-778334006,3324,1:38:15.610000,"(datetime.datetime(2026, 9, 29, 16, 51, 1, 569000),)",2a3c600d
408631170,-778330574,3349,1:38:15.670000,"(datetime.datetime(2026, 9, 29, 16, 51, 1, 630000),)",2a3c600a
408629090,-778333899,3324,1:38:15.690000,"(datetime.datetime(2026, 9, 29, 16, 51, 1, 644000),)",2a3c600d
408631237,-778330439,3349,1:38:15.740000,"(datetime.datetime(2026, 9, 29, 16, 51, 1, 695000),)",2a3c600a
408629165,-778333784,3324,1:38:15.750000,"(datetime.datetime(2026, 9, 29, 16, 51, 1, 710000),)",2a3c600d
408631316,-778330307,3349,1:38:15.770000,"(datetime.datetime(2026, 9, 29, 16, 51, 1, 723000),)",2a3c600a
408629229,-778333667,3325,1:38:15.810000,"(datetime.datetime(2026, 9, 29, 16, 51, 1, 766000),)",2a3c600d
408631394,-778330168,3349,1:38:15.820000,"(datetime.datetime(2026, 9, 29, 16, 51, 1, 780000),)",2a3c600a
408629297,-778333548,3325,1:38:15.880000,"(datetime.datetime(2026, 9, 29, 16, 51, 1, 833000),)",2a3c600d
408631471,-778330036,3349,1:38:15.900000,"(datetime.datetime(2026, 9, 29, 16, 51, 1, 860000),)",2a3c600a
408629367,-778333432,3324,1:38:15.930000,"(datetime.datetime(2026, 9, 29, 16, 51, 1, 886000),)",2a3c600d
408631551,-778329902,3349,1:38:15.940000,"(datetime.datetime(2026, 9, 29, 16, 51, 1, 900000),)",2a3c600a
408629438,-778333316,3324,1:38:15.960000,"(datetime.datetime(2026, 9, 29, 16, 51, 1, 912000),)",2a3c600d
408631630,-778329766,3349,1:38:16.010000,"(datetime.datetime(2026, 9, 29, 16, 51, 1, 967000),)",2a3c600a
408629507,-778333196,3324,1:38:16.030000,"(datetime.datetime(2026, 9, 29, 16, 51, 1, 982000),)",2a3c600d
408631706,-778329626,3349,1:38:16.070000,"(datetime.datetime(2026, 9, 29, 16, 51, 2, 25000),)",2a3c600a
408629576,-778333076,3324,1:38:16.090000,"(datetime.datetime(2026, 9, 29, 16, 51, 2, 41000),)",2a3c600d
408631786,-778329492,3349,1:38:16.150000,"(datetime.datetime(2026, 9, 29, 16, 51, 2, 102000),)",2a3c600a
408629650,-778332956,3325,1:38:16.160000,"(datetime.datetime(2026, 9, 29, 16, 51, 2, 119000),)",2a3c600d
408631867,-778329358,3350,1:38:16.210000,"(datetime.datetime(2026, 9, 29, 16, 51, 2, 168000),)",2a3c600a
408629650,-778332956,3325,1:38:16.230000,"(datetime.datetime(2026, 9, 29, 16, 51, 2, 190000),)",2a3c600d
408631943,-778329222,3349,1:38:16.270000,"(datetime.datetime(2026, 9, 29, 16, 51, 2, 227000),)",2a3c600a
408629800,-778332708,3324,1:38:16.290000,"(datetime.datetime(2026, 9, 29, 16, 51, 2, 241000),)",2a3c600d
408632024,-778329095,3351,1:38:16.340000,"(datetime.datetime(2026, 9, 29, 16, 51, 2, 295000),)",2a3c600a
408629800,-778332708,3324,1:38:16.350000,"(datetime.datetime(2026, 9, 29, 16, 51, 2, 308000),)",2a3c600d
408632102,-778328957,3351,1:38:16.370000,"(datetime.datetime(2026, 9, 29, 16, 51, 2, 321000),)",2a3c600a
408629944,-778332458,3324,1:38:16.410000,"(datetime.datetime(2026, 9, 29, 16, 51, 2, 363000),)",2a3c600d
408632182,-778328823,3351,1:38:16.420000,"(datetime.datetime(2026, 9, 29, 16, 51, 2, 376000),)",2a3c600a
408630010,-778332329,3324,1:38:16.440000,"(datetime.datetime(2026, 9, 29, 16, 51, 2, 394000),)",2a3c600d
408632262,-778328688,3351,1:38:16.480000,"(datetime.datetime(2026, 9, 29, 16, 51, 2, 435000),)",2a3c600a
408630010,-778332329,3324,1:38:16.490000,"(datetime.datetime(2026, 9, 29, 16, 51, 2, 448000),)",2a3c600d
408632336,-778328555,3350,1:38:16.510000,"(datetime.datetime(2026, 9, 29, 16, 51, 2, 461000),)",2a3c600a
408630090,-778332209,3324,1:38:16.550000,"(datetime.datetime(2026, 9, 29, 16, 51, 2, 507000),)",2a3c600d
408632416,-778328416,3350,1:38:16.570000,"(datetime.datetime(2026, 9, 29, 16, 51, 2, 520000),)",2a3c600a
408630241,-778331959,3324,1:38:16.590000,"(datetime.datetime(2026, 9, 29, 16, 51, 2, 542000),)",2a3c600d
408632497,-778328281,3350,1:38:16.640000,"(datetime.datetime(2026, 9, 29, 16, 51, 2, 591000),)",2a3c600a
408630241,-778331959,3324,1:38:16.650000,"(datetime.datetime(2026, 9, 29, 16, 51, 2, 605000),)",2a3c600d
408632579,-778328149,3350,1:38:16.690000,"(datetime.datetime(2026, 9, 29, 16, 51, 2, 650000),)",2a3c600a
408630318,-778331830,3325,1:38:16.710000,"(datetime.datetime(2026, 9, 29, 16, 51, 2, 667000),)",2a3c600d
408632661,-778328012,3351,1:38:16.770000,"(datetime.datetime(2026, 9, 29, 16, 51, 2, 724000),)",2a3c600a
408630394,-778331701,3325,1:38:16.780000,"(datetime.datetime(2026, 9, 29, 16, 51, 2, 738000),)",2a3c600d
408632742,-778327878,3351,1:38:16.830000,"(datetime.datetime(2026, 9, 29, 16, 51, 2, 790000),)",2a3c600a
408630466,-778331570,3324,1:38:16.850000,"(datetime.datetime(2026, 9, 29, 16, 51, 2, 806000),)",2a3c600d
408632829,-778327754,3351,1:38:16.890000,"(datetime.datetime(2026, 9, 29, 16, 51, 2, 846000),)",2a3c600a
408630540,-778331432,3323,1:38:16.910000,"(datetime.datetime(2026, 9, 29, 16, 51, 2, 860000),)",2a3c600d
408632902,-778327620,3351,1:38:16.920000,"(datetime.datetime(2026, 9, 29, 16, 51, 2, 880000),)",2a3c600a
408630617,-778331302,3322,1:38:16.970000,"(datetime.datetime(2026, 9, 29, 16, 51, 2, 927000),)",2a3c600d
408632982,-778327487,3351,1:38:16.990000,"(datetime.datetime(2026, 9, 29, 16, 51, 2, 941000),)",2a3c600a
408630697,-778331170,3323,1:38:17.020000,"(datetime.datetime(2026, 9, 29, 16, 51, 2, 979000),)",2a3c600d
408633064,-778327350,3351,1:38:17.040000,"(datetime.datetime(2026, 9, 29, 16, 51, 2, 996000),)",2a3c600a
408630775,-778331037,3323,1:38:17.090000,"(datetime.datetime(2026, 9, 29, 16, 51, 3, 41000),)",2a3c600d
408633144,-778327213,3351,1:38:17.100000,"(datetime.datetime(2026, 9, 29, 16, 51, 3, 57000),)",2a3c600a
408630858,-778330904,3323,1:38:17.150000,"(datetime.datetime(2026, 9, 29, 16, 51, 3, 109000),)",2a3c600d
408633222,-778327080,3351,1:38:17.170000,"(datetime.datetime(2026, 9, 29, 16, 51, 3, 123000),)",2a3c600a
408630931,-778330769,3323,1:38:17.180000,"(datetime.datetime(2026, 9, 29, 16, 51, 3, 137000),)",2a3c600d
408633303,-778326947,3350,1:38:17.230000,"(datetime.datetime(2026, 9, 29, 16, 51, 3, 188000),)",2a3c600a
408631013,-778330636,3323,1:38:17.250000,"(datetime.datetime(2026, 9, 29, 16, 51, 3, 206000),)",2a3c600d
408633385,-778326812,3351,1:38:17.310000,"(datetime.datetime(2026, 9, 29, 16, 51, 3, 262000),)",2a3c600a
408631096,-778330504,3323,1:38:17.320000,"(datetime.datetime(2026, 9, 29, 16, 51, 3, 277000),)",2a3c600d
408633467,-778326678,3351,1:38:17.330000,"(datetime.datetime(2026, 9, 29, 16, 51, 3, 290000),)",2a3c600a
408631174,-778330363,3323,1:38:17.380000,"(datetime.datetime(2026, 9, 29, 16, 51, 3, 335000),)",2a3c600d
408633548,-778326541,3351,1:38:17.390000,"(datetime.datetime(2026, 9, 29, 16, 51, 3, 348000),)",2a3c600a
408631255,-778330233,3323,1:38:17.410000,"(datetime.datetime(2026, 9, 29, 16, 51, 3, 361000),)",2a3c600d
408633645,-778326405,3353,1:38:17.460000,"(datetime.datetime(2026, 9, 29, 16, 51, 3, 415000),)",2a3c600a
408631336,-778330078,3323,1:38:17.480000,"(datetime.datetime(2026, 9, 29, 16, 51, 3, 433000),)",2a3c600d
408633724,-778326270,3352,1:38:17.520000,"(datetime.datetime(2026, 9, 29, 16, 51, 3, 473000),)",2a3c600a
408631417,-778329935,3323,1:38:17.540000,"(datetime.datetime(2026, 9, 29, 16, 51, 3, 497000),)",2a3c600d
408633805,-778326130,3352,1:38:17.580000,"(datetime.datetime(2026, 9, 29, 16, 51, 3, 531000),)",2a3c600a
408631498,-778329797,3323,1:38:17.590000,"(datetime.datetime(2026, 9, 29, 16, 51, 3, 547000),)",2a3c600d
408633888,-778325991,3352,1:38:17.640000,"(datetime.datetime(2026, 9, 29, 16, 51, 3, 596000),)",2a3c600a
408631582,-778329660,3323,1:38:17.650000,"(datetime.datetime(2026, 9, 29, 16, 51, 3, 609000),)",2a3c600d
408633965,-778325858,3352,1:38:17.700000,"(datetime.datetime(2026, 9, 29, 16, 51, 3, 656000),)",2a3c600a
408631665,-778329520,3323,1:38:17.720000,"(datetime.datetime(2026, 9, 29, 16, 51, 3, 672000),)",2a3c600d
408634044,-778325721,3353,1:38:17.770000,"(datetime.datetime(2026, 9, 29, 16, 51, 3, 722000),)",2a3c600a
408631743,-778329377,3323,1:38:17.810000,"(datetime.datetime(2026, 9, 29, 16, 51, 3, 763000),)",2a3c600d
408634127,-778325584,3353,1:38:17.840000,"(datetime.datetime(2026, 9, 29, 16, 51, 3, 797000),)",2a3c600a
408631826,-778329237,3323,1:38:17.910000,"(datetime.datetime(2026, 9, 29, 16, 51, 3, 864000),)",2a3c600d
408634208,-778325449,3353,1:38:17.940000,"(datetime.datetime(2026, 9, 29, 16, 51, 3, 897000),)",2a3c600a
408631911,-778329098,3324,1:38:18.010000,"(datetime.datetime(2026, 9, 29, 16, 51, 3, 965000),)",2a3c600d
408634288,-778325313,3353,1:38:18.040000,"(datetime.datetime(2026, 9, 29, 16, 51, 3, 996000),)",2a3c600a
408631991,-778328958,3323,1:38:18.110000,"(datetime.datetime(2026, 9, 29, 16, 51, 4, 65000),)",2a3c600d
408634368,-778325174,3353,1:38:18.140000,"(datetime.datetime(2026, 9, 29, 16, 51, 4, 97000),)",2a3c600a
408632074,-778328821,3323,1:38:18.210000,"(datetime.datetime(2026, 9, 29, 16, 51, 4, 169000),)",2a3c600d
408634457,-778325042,3354,1:38:18.250000,"(datetime.datetime(2026, 9, 29, 16, 51, 4, 208000),)",2a3c600a
408632166,-778328686,3323,1:38:18.310000,"(datetime.datetime(2026, 9, 29, 16, 51, 4, 263000),)",2a3c600d
408634540,-778324898,3355,1:38:18.350000,"(datetime.datetime(2026, 9, 29, 16, 51, 4, 304000),)",2a3c600a
408632251,-778328542,3323,1:38:18.410000,"(datetime.datetime(2026, 9, 29, 16, 51, 4, 364000),)",2a3c600d
408634619,-778324760,3355,1:38:18.440000,"(datetime.datetime(2026, 9, 29, 16, 51, 4, 396000),)",2a3c600a
408632331,-778328401,3323,1:38:18.510000,"(datetime.datetime(2026, 9, 29, 16, 51, 4, 464000),)",2a3c600d
408634699,-778324618,3355,1:38:18.540000,"(datetime.datetime(2026, 9, 29, 16, 51, 4, 496000),)",2a3c600a
408632411,-778328256,3323,1:38:18.610000,"(datetime.datetime(2026, 9, 29, 16, 51, 4, 563000),)",2a3c600d
408634779,-778324477,3354,1:38:18.650000,"(datetime.datetime(2026, 9, 29, 16, 51, 4, 601000),)",2a3c600a
408632495,-778328113,3323,1:38:18.710000,"(datetime.datetime(2026, 9, 29, 16, 51, 4, 663000),)",2a3c600d
408634861,-778324341,3355,1:38:18.740000,"(datetime.datetime(2026, 9, 29, 16, 51, 4, 696000),)",2a3c600a
408632578,-778327974,3323,1:38:18.810000,"(datetime.datetime(2026, 9, 29, 16, 51, 4, 763000),)",2a3c600d
408634940,-778324200,3354,1:38:18.840000,"(datetime.datetime(2026, 9, 29, 16, 51, 4, 797000),)",2a3c600a
408632661,-778327832,3323,1:38:18.910000,"(datetime.datetime(2026, 9, 29, 16, 51, 4, 863000),)",2a3c600d
408635021,-778324058,3354,1:38:18.940000,"(datetime.datetime(2026, 9, 29, 16, 51, 4, 899000),)",2a3c600a
408632743,-778327690,3323,1:38:19.010000,"(datetime.datetime(2026, 9, 29, 16, 51, 4, 964000),)",2a3c600d
408635098,-778323919,3354,1:38:19.040000,"(datetime.datetime(2026, 9, 29, 16, 51, 4, 996000),)",2a3c600a
408632827,-778327551,3323,1:38:19.080000,"(datetime.datetime(2026, 9, 29, 16, 51, 5, 31000),)",2a3c600d
408635182,-778323778,3355,1:38:19.140000,"(datetime.datetime(2026, 9, 29, 16, 51, 5, 96000),)",2a3c600a
408632910,-778327409,3323,1:38:19.160000,"(datetime.datetime(2026, 9, 29, 16, 51, 5, 114000),)",2a3c600d
408635263,-778323635,3355,1:38:19.240000,"(datetime.datetime(2026, 9, 29, 16, 51, 5, 196000),)",2a3c600a
408632993,-778327266,3322,1:38:19.260000,"(datetime.datetime(2026, 9, 29, 16, 51, 5, 210000),)",2a3c600d
408633078,-778327122,3322,1:38:19.340000,"(datetime.datetime(2026, 9, 29, 16, 51, 5, 299000),)",2a3c600d
408635344,-778323496,3355,1:38:19.370000,"(datetime.datetime(2026, 9, 29, 16, 51, 5, 325000),)",2a3c600a
408635424,-778323357,3355,1:38:19.440000,"(datetime.datetime(2026, 9, 29, 16, 51, 5, 398000),)",2a3c600a
408633157,-778326981,3322,1:38:19.460000,"(datetime.datetime(2026, 9, 29, 16, 51, 5, 412000),)",2a3c600d
408635506,-778323219,3355,1:38:19.540000,"(datetime.datetime(2026, 9, 29, 16, 51, 5, 500000),)",2a3c600a
408633241,-778326837,3322,1:38:19.580000,"(datetime.datetime(2026, 9, 29, 16, 51, 5, 533000),)",2a3c600d
408635584,-778323083,3355,1:38:19.640000,"(datetime.datetime(2026, 9, 29, 16, 51, 5, 596000),)",2a3c600a
408633325,-778326697,3322,1:38:19.660000,"(datetime.datetime(2026, 9, 29, 16, 51, 5, 618000),)",2a3c600d
408635661,-778322946,3355,1:38:19.740000,"(datetime.datetime(2026, 9, 29, 16, 51, 5, 698000),)",2a3c600a
408633411,-778326554,3322,1:38:19.770000,"(datetime.datetime(2026, 9, 29, 16, 51, 5, 724000),)",2a3c600d
408635740,-778322813,3355,1:38:19.840000,"(datetime.datetime(2026, 9, 29, 16, 51, 5, 796000),)",2a3c600a
408633493,-778326412,3322,1:38:19.870000,"(datetime.datetime(2026, 9, 29, 16, 51, 5, 828000),)",2a3c600d
408635813,-778322682,3355,1:38:19.940000,"(datetime.datetime(2026, 9, 29, 16, 51, 5, 896000),)",2a3c600a
408633573,-778326265,3322,1:38:19.970000,"(datetime.datetime(2026, 9, 29, 16, 51, 5, 930000),)",2a3c600d
408635891,-778322548,3355,1:38:20.040000,"(datetime.datetime(2026, 9, 29, 16, 51, 5, 997000),)",2a3c600a
408633657,-778326129,3322,1:38:20.060000,"(datetime.datetime(2026, 9, 29, 16, 51, 6, 18000),)",2a3c600d
408635968,-778322418,3355,1:38:20.140000,"(datetime.datetime(2026, 9, 29, 16, 51, 6, 97000),)",2a3c600a
408633736,-778325984,3322,1:38:20.170000,"(datetime.datetime(2026, 9, 29, 16, 51, 6, 126000),)",2a3c600d
408636045,-778322275,3354,1:38:20.240000,"(datetime.datetime(2026, 9, 29, 16, 51, 6, 196000),)",2a3c600a
408633830,-778325857,3322,1:38:20.260000,"(datetime.datetime(2026, 9, 29, 16, 51, 6, 219000),)",2a3c600d
408636117,-778322149,3355,1:38:20.340000,"(datetime.datetime(2026, 9, 29, 16, 51, 6, 296000),)",2a3c600a
408633910,-778325718,3322,1:38:20.360000,"(datetime.datetime(2026, 9, 29, 16, 51, 6, 318000),)",2a3c600d
408636190,-778322019,3355,1:38:20.440000,"(datetime.datetime(2026, 9, 29, 16, 51, 6, 397000),)",2a3c600a
408633993,-778325577,3322,1:38:20.470000,"(datetime.datetime(2026, 9, 29, 16, 51, 6, 423000),)",2a3c600d
408636265,-778321896,3355,1:38:20.540000,"(datetime.datetime(2026, 9, 29, 16, 51, 6, 496000),)",2a3c600a
408634078,-778325440,3322,1:38:20.560000,"(datetime.datetime(2026, 9, 29, 16, 51, 6, 518000),)",2a3c600d
408634160,-778325301,3322,1:38:20.640000,"(datetime.datetime(2026, 9, 29, 16, 51, 6, 599000),)",2a3c600d
408636336,-778321770,3355,1:38:20.670000,"(datetime.datetime(2026, 9, 29, 16, 51, 6, 630000),)",2a3c600a
408636410,-778321648,3355,1:38:20.740000,"(datetime.datetime(2026, 9, 29, 16, 51, 6, 696000),)",2a3c600a
408634241,-778325167,3322,1:38:20.770000,"(datetime.datetime(2026, 9, 29, 16, 51, 6, 721000),)",2a3c600d
408636481,-778321527,3355,1:38:20.840000,"(datetime.datetime(2026, 9, 29, 16, 51, 6, 796000),)",2a3c600a
408634320,-778325023,3322,1:38:20.860000,"(datetime.datetime(2026, 9, 29, 16, 51, 6, 812000),)",2a3c600d
408636549,-778321406,3356,1:38:20.940000,"(datetime.datetime(2026, 9, 29, 16, 51, 6, 898000),)",2a3c600a
408634402,-778324884,3323,1:38:20.970000,"(datetime.datetime(2026, 9, 29, 16, 51, 6, 924000),)",2a3c600d
408636615,-778321289,3355,1:38:21.040000,"(datetime.datetime(2026, 9, 29, 16, 51, 6, 996000),)",2a3c600a
408634481,-778324744,3323,1:38:21.060000,"(datetime.datetime(2026, 9, 29, 16, 51, 7, 15000),)",2a3c600d
408636681,-778321173,3355,1:38:21.140000,"(datetime.datetime(2026, 9, 29, 16, 51, 7, 96000),)",2a3c600a
408634558,-778324606,3323,1:38:21.160000,"(datetime.datetime(2026, 9, 29, 16, 51, 7, 110000),)",2a3c600d
408636757,-778321049,3354,1:38:21.240000,"(datetime.datetime(2026, 9, 29, 16, 51, 7, 196000),)",2a3c600a
408634641,-778324471,3323,1:38:21.270000,"(datetime.datetime(2026, 9, 29, 16, 51, 7, 220000),)",2a3c600d
408634725,-778324337,3323,1:38:21.340000,"(datetime.datetime(2026, 9, 29, 16, 51, 7, 299000),)",2a3c600d
408636816,-778320937,3354,1:38:21.370000,"(datetime.datetime(2026, 9, 29, 16, 51, 7, 322000),)",2a3c600a
408636882,-778320827,3354,1:38:21.440000,"(datetime.datetime(2026, 9, 29, 16, 51, 7, 396000),)",2a3c600a
408634800,-778324193,3323,1:38:21.460000,"(datetime.datetime(2026, 9, 29, 16, 51, 7, 411000),)",2a3c600d
408636945,-778320717,3354,1:38:21.540000,"(datetime.datetime(2026, 9, 29, 16, 51, 7, 497000),)",2a3c600a
408634878,-778324061,3323,1:38:21.570000,"(datetime.datetime(2026, 9, 29, 16, 51, 7, 530000),)",2a3c600d
408637008,-778320607,3355,1:38:21.640000,"(datetime.datetime(2026, 9, 29, 16, 51, 7, 596000),)",2a3c600a
408634960,-778323928,3323,1:38:21.670000,"(datetime.datetime(2026, 9, 29, 16, 51, 7, 628000),)",2a3c600d
408637065,-778320501,3354,1:38:21.740000,"(datetime.datetime(2026, 9, 29, 16, 51, 7, 696000),)",2a3c600a
408635036,-778323795,3323,1:38:21.770000,"(datetime.datetime(2026, 9, 29, 16, 51, 7, 722000),)",2a3c600d
408637128,-778320399,3355,1:38:21.840000,"(datetime.datetime(2026, 9, 29, 16, 51, 7, 796000),)",2a3c600a
408635110,-778323661,3323,1:38:21.870000,"(datetime.datetime(2026, 9, 29, 16, 51, 7, 825000),)",2a3c600d
408637186,-778320293,3354,1:38:21.940000,"(datetime.datetime(2026, 9, 29, 16, 51, 7, 897000),)",2a3c600a
408635190,-778323532,3324,1:38:21.970000,"(datetime.datetime(2026, 9, 29, 16, 51, 7, 921000),)",2a3c600d
408637243,-778320190,3354,1:38:22.040000,"(datetime.datetime(2026, 9, 29, 16, 51, 7, 997000),)",2a3c600a
408635264,-778323403,3324,1:38:22.070000,"(datetime.datetime(2026, 9, 29, 16, 51, 8, 25000),)",2a3c600d
408637304,-778320090,3354,1:38:22.140000,"(datetime.datetime(2026, 9, 29, 16, 51, 8, 96000),)",2a3c600a
408635335,-778323273,3324,1:38:22.160000,"(datetime.datetime(2026, 9, 29, 16, 51, 8, 119000),)",2a3c600d
408637375,-778319981,3354,1:38:22.240000,"(datetime.datetime(2026, 9, 29, 16, 51, 8, 197000),)",2a3c600a
408635418,-778323149,3323,1:38:22.260000,"(datetime.datetime(2026, 9, 29, 16, 51, 8, 218000),)",2a3c600d
408637424,-778319889,3354,1:38:22.340000,"(datetime.datetime(2026, 9, 29, 16, 51, 8, 298000),)",2a3c600a
408635490,-778323025,3323,1:38:22.370000,"(datetime.datetime(2026, 9, 29, 16, 51, 8, 322000),)",2a3c600d
408637481,-778319796,3354,1:38:22.440000,"(datetime.datetime(2026, 9, 29, 16, 51, 8, 397000),)",2a3c600a
408635559,-778322902,3323,1:38:22.460000,"(datetime.datetime(2026, 9, 29, 16, 51, 8, 419000),)",2a3c600d
408637533,-778319700,3354,1:38:22.540000,"(datetime.datetime(2026, 9, 29, 16, 51, 8, 497000),)",2a3c600a
408635628,-778322778,3323,1:38:22.570000,"(datetime.datetime(2026, 9, 29, 16, 51, 8, 524000),)",2a3c600d
408635698,-778322663,3323,1:38:22.640000,"(datetime.datetime(2026, 9, 29, 16, 51, 8, 600000),)",2a3c600d
408637584,-778319610,3354,1:38:22.670000,"(datetime.datetime(2026, 9, 29, 16, 51, 8, 629000),)",2a3c600a
408637637,-778319520,3354,1:38:22.740000,"(datetime.datetime(2026, 9, 29, 16, 51, 8, 698000),)",2a3c600a
408635768,-778322545,3323,1:38:22.770000,"(datetime.datetime(2026, 9, 29, 16, 51, 8, 723000),)",2a3c600d
408637685,-778319431,3353,1:38:22.840000,"(datetime.datetime(2026, 9, 29, 16, 51, 8, 796000),)",2a3c600a
408635831,-778322428,3323,1:38:22.870000,"(datetime.datetime(2026, 9, 29, 16, 51, 8, 823000),)",2a3c600d
408637737,-778319345,3354,1:38:22.940000,"(datetime.datetime(2026, 9, 29, 16, 51, 8, 897000),)",2a3c600a
408635898,-778322316,3323,1:38:22.960000,"(datetime.datetime(2026, 9, 29, 16, 51, 8, 919000),)",2a3c600d
408637789,-778319260,3354,1:38:23.040000,"(datetime.datetime(2026, 9, 29, 16, 51, 8, 997000),)",2a3c600a
408635964,-778322204,3323,1:38:23.070000,"(datetime.datetime(2026, 9, 29, 16, 51, 9, 25000),)",2a3c600d
408637840,-778319174,3354,1:38:23.140000,"(datetime.datetime(2026, 9, 29, 16, 51, 9, 97000),)",2a3c600a
408636027,-778322094,3323,1:38:23.170000,"(datetime.datetime(2026, 9, 29, 16, 51, 9, 121000),)",2a3c600d
408637887,-778319080,3353,1:38:23.240000,"(datetime.datetime(2026, 9, 29, 16, 51, 9, 196000),)",2a3c600a
408636098,-778321984,3322,1:38:23.280000,"(datetime.datetime(2026, 9, 29, 16, 51, 9, 234000),)",2a3c600d
408636162,-778321885,3322,1:38:23.340000,"(datetime.datetime(2026, 9, 29, 16, 51, 9, 299000),)",2a3c600d
408637930,-778319005,3353,1:38:23.360000,"(datetime.datetime(2026, 9, 29, 16, 51, 9, 316000),)",2a3c600a
408637977,-778318928,3354,1:38:23.440000,"(datetime.datetime(2026, 9, 29, 16, 51, 9, 396000),)",2a3c600a
408636219,-778321780,3322,1:38:23.460000,"(datetime.datetime(2026, 9, 29, 16, 51, 9, 418000),)",2a3c600d
408638019,-778318853,3354,1:38:23.540000,"(datetime.datetime(2026, 9, 29, 16, 51, 9, 496000),)",2a3c600a
408636279,-778321682,3322,1:38:23.560000,"(datetime.datetime(2026, 9, 29, 16, 51, 9, 512000),)",2a3c600d
408638059,-778318779,3354,1:38:23.640000,"(datetime.datetime(2026, 9, 29, 16, 51, 9, 598000),)",2a3c600a
408636337,-778321579,3322,1:38:23.670000,"(datetime.datetime(2026, 9, 29, 16, 51, 9, 622000),)",2a3c600d
408638101,-778318706,3353,1:38:23.740000,"(datetime.datetime(2026, 9, 29, 16, 51, 9, 698000),)",2a3c600a
408636389,-778321482,3322,1:38:23.770000,"(datetime.datetime(2026, 9, 29, 16, 51, 9, 728000),)",2a3c600d
408636447,-778321387,3322,1:38:23.840000,"(datetime.datetime(2026, 9, 29, 16, 51, 9, 800000),)",2a3c600d
408638138,-778318639,3353,1:38:23.860000,"(datetime.datetime(2026, 9, 29, 16, 51, 9, 815000),)",2a3c600a
408638176,-778318572,3353,1:38:23.940000,"(datetime.datetime(2026, 9, 29, 16, 51, 9, 897000),)",2a3c600a
408636499,-778321290,3322,1:38:23.970000,"(datetime.datetime(2026, 9, 29, 16, 51, 9, 922000),)",2a3c600d
408638215,-778318508,3353,1:38:24.040000,"(datetime.datetime(2026, 9, 29, 16, 51, 9, 997000),)",2a3c600a
408636556,-778321198,3322,1:38:24.060000,"(datetime.datetime(2026, 9, 29, 16, 51, 10, 12000),)",2a3c600d
408638252,-778318443,3354,1:38:24.140000,"(datetime.datetime(2026, 9, 29, 16, 51, 10, 98000),)",2a3c600a
408636611,-778321108,3322,1:38:24.170000,"(datetime.datetime(2026, 9, 29, 16, 51, 10, 123000),)",2a3c600d
408638290,-778318369,3354,1:38:24.240000,"(datetime.datetime(2026, 9, 29, 16, 51, 10, 198000),)",2a3c600a
408636663,-778321018,3322,1:38:24.260000,"(datetime.datetime(2026, 9, 29, 16, 51, 10, 214000),)",2a3c600d
408638326,-778318310,3354,1:38:24.340000,"(datetime.datetime(2026, 9, 29, 16, 51, 10, 297000),)",2a3c600a
408636712,-778320934,3322,1:38:24.370000,"(datetime.datetime(2026, 9, 29, 16, 51, 10, 326000),)",2a3c600d
408636764,-778320844,3323,1:38:24.440000,"(datetime.datetime(2026, 9, 29, 16, 51, 10, 399000),)",2a3c600d
408638358,-778318260,3354,1:38:24.470000,"(datetime.datetime(2026, 9, 29, 16, 51, 10, 420000),)",2a3c600a
408638390,-778318204,3354,1:38:24.540000,"(datetime.datetime(2026, 9, 29, 16, 51, 10, 497000),)",2a3c600a
408636812,-778320756,3323,1:38:24.570000,"(datetime.datetime(2026, 9, 29, 16, 51, 10, 525000),)",2a3c600d
408638419,-778318155,3354,1:38:24.640000,"(datetime.datetime(2026, 9, 29, 16, 51, 10, 596000),)",2a3c600a
408636863,-778320676,3323,1:38:24.670000,"(datetime.datetime(2026, 9, 29, 16, 51, 10, 622000),)",2a3c600d
408638446,-778318101,3354,1:38:24.740000,"(datetime.datetime(2026, 9, 29, 16, 51, 10, 697000),)",2a3c600a
408636913,-778320589,3323,1:38:24.770000,"(datetime.datetime(2026, 9, 29, 16, 51, 10, 730000),)",2a3c600d
408638472,-778318056,3354,1:38:24.840000,"(datetime.datetime(2026, 9, 29, 16, 51, 10, 796000),)",2a3c600a
408636960,-778320510,3323,1:38:24.860000,"(datetime.datetime(2026, 9, 29, 16, 51, 10, 818000),)",2a3c600d
408638497,-778318013,3354,1:38:24.940000,"(datetime.datetime(2026, 9, 29, 16, 51, 10, 897000),)",2a3c600a
408637007,-778320425,3323,1:38:24.960000,"(datetime.datetime(2026, 9, 29, 16, 51, 10, 917000),)",2a3c600d
408638519,-778317968,3354,1:38:25.040000,"(datetime.datetime(2026, 9, 29, 16, 51, 10, 997000),)",2a3c600a
408637049,-778320348,3323,1:38:25.070000,"(datetime.datetime(2026, 9, 29, 16, 51, 11, 25000),)",2a3c600d
408638542,-778317930,3354,1:38:25.140000,"(datetime.datetime(2026, 9, 29, 16, 51, 11, 97000),)",2a3c600a
408637092,-778320268,3323,1:38:25.160000,"(datetime.datetime(2026, 9, 29, 16, 51, 11, 120000),)",2a3c600d
408638567,-778317881,3354,1:38:25.240000,"(datetime.datetime(2026, 9, 29, 16, 51, 11, 198000),)",2a3c600a
408637146,-778320193,3322,1:38:25.260000,"(datetime.datetime(2026, 9, 29, 16, 51, 11, 218000),)",2a3c600d
408638577,-778317853,3353,1:38:25.340000,"(datetime.datetime(2026, 9, 29, 16, 51, 11, 296000),)",2a3c600a
408637187,-778320123,3323,1:38:25.370000,"(datetime.datetime(2026, 9, 29, 16, 51, 11, 322000),)",2a3c600d
408637225,-778320050,3322,1:38:25.440000,"(datetime.datetime(2026, 9, 29, 16, 51, 11, 399000),)",2a3c600d
408638596,-778317821,3354,1:38:25.460000,"(datetime.datetime(2026, 9, 29, 16, 51, 11, 417000),)",2a3c600a
408638612,-778317793,3353,1:38:25.540000,"(datetime.datetime(2026, 9, 29, 16, 51, 11, 497000),)",2a3c600a
408637267,-778319981,3322,1:38:25.570000,"(datetime.datetime(2026, 9, 29, 16, 51, 11, 523000),)",2a3c600d
408638631,-778317760,3354,1:38:25.640000,"(datetime.datetime(2026, 9, 29, 16, 51, 11, 597000),)",2a3c600a
408637307,-778319912,3322,1:38:25.660000,"(datetime.datetime(2026, 9, 29, 16, 51, 11, 619000),)",2a3c600d
408638648,-778317740,3354,1:38:25.740000,"(datetime.datetime(2026, 9, 29, 16, 51, 11, 696000),)",2a3c600a
408637341,-778319844,3322,1:38:25.760000,"(datetime.datetime(2026, 9, 29, 16, 51, 11, 718000),)",2a3c600d
408638661,-778317715,3354,1:38:25.840000,"(datetime.datetime(2026, 9, 29, 16, 51, 11, 797000),)",2a3c600a
408637383,-778319780,3323,1:38:25.870000,"(datetime.datetime(2026, 9, 29, 16, 51, 11, 830000),)",2a3c600d
408638668,-778317699,3353,1:38:25.940000,"(datetime.datetime(2026, 9, 29, 16, 51, 11, 896000),)",2a3c600a
408637421,-778319718,3323,1:38:25.960000,"(datetime.datetime(2026, 9, 29, 16, 51, 11, 914000),)",2a3c600d
408638677,-778317681,3353,1:38:26.040000,"(datetime.datetime(2026, 9, 29, 16, 51, 11, 998000),)",2a3c600a
408637457,-778319656,3323,1:38:26.070000,"(datetime.datetime(2026, 9, 29, 16, 51, 12, 24000),)",2a3c600d
408638690,-778317666,3353,1:38:26.140000,"(datetime.datetime(2026, 9, 29, 16, 51, 12, 97000),)",2a3c600a
408637490,-778319593,3323,1:38:26.180000,"(datetime.datetime(2026, 9, 29, 16, 51, 12, 133000),)",2a3c600d
408638705,-778317636,3353,1:38:26.240000,"(datetime.datetime(2026, 9, 29, 16, 51, 12, 196000),)",2a3c600a
408637525,-778319526,3322,1:38:26.270000,"(datetime.datetime(2026, 9, 29, 16, 51, 12, 228000),)",2a3c600d
408638706,-778317635,3353,1:38:26.340000,"(datetime.datetime(2026, 9, 29, 16, 51, 12, 297000),)",2a3c600a
408637558,-778319475,3322,1:38:26.370000,"(datetime.datetime(2026, 9, 29, 16, 51, 12, 325000),)",2a3c600d
408638712,-778317620,3353,1:38:26.440000,"(datetime.datetime(2026, 9, 29, 16, 51, 12, 396000),)",2a3c600a
408637594,-778319422,3322,1:38:26.470000,"(datetime.datetime(2026, 9, 29, 16, 51, 12, 426000),)",2a3c600d
408638717,-778317608,3353,1:38:26.540000,"(datetime.datetime(2026, 9, 29, 16, 51, 12, 499000),)",2a3c600a
408637627,-778319364,3322,1:38:26.560000,"(datetime.datetime(2026, 9, 29, 16, 51, 12, 515000),)",2a3c600d
408638725,-778317601,3353,1:38:26.640000,"(datetime.datetime(2026, 9, 29, 16, 51, 12, 598000),)",2a3c600a
408637661,-778319315,3322,1:38:26.670000,"(datetime.datetime(2026, 9, 29, 16, 51, 12, 622000),)",2a3c600d
408638730,-778317591,3353,1:38:26.740000,"(datetime.datetime(2026, 9, 29, 16, 51, 12, 696000),)",2a3c600a
408637688,-778319263,3322,1:38:26.760000,"(datetime.datetime(2026, 9, 29, 16, 51, 12, 716000),)",2a3c600d
408638734,-778317585,3353,1:38:26.840000,"(datetime.datetime(2026, 9, 29, 16, 51, 12, 797000),)",2a3c600a
408637717,-778319214,3322,1:38:26.870000,"(datetime.datetime(2026, 9, 29, 16, 51, 12, 823000),)",2a3c600d
408638736,-778317575,3353,1:38:26.940000,"(datetime.datetime(2026, 9, 29, 16, 51, 12, 897000),)",2a3c600a
408637745,-778319164,3322,1:38:26.970000,"(datetime.datetime(2026, 9, 29, 16, 51, 12, 921000),)",2a3c600d
408638739,-778317570,3353,1:38:27.040000,"(datetime.datetime(2026, 9, 29, 16, 51, 12, 997000),)",2a3c600a
408637769,-778319118,3322,1:38:27.070000,"(datetime.datetime(2026, 9, 29, 16, 51, 13, 29000),)",2a3c600d
408637796,-778319074,3323,1:38:27.140000,"(datetime.datetime(2026, 9, 29, 16, 51, 13, 99000),)",2a3c600d
408638743,-778317568,3353,1:38:27.160000,"(datetime.datetime(2026, 9, 29, 16, 51, 13, 115000),)",2a3c600a
408638753,-778317553,3352,1:38:27.240000,"(datetime.datetime(2026, 9, 29, 16, 51, 13, 196000),)",2a3c600a
408637824,-778319024,3322,1:38:27.260000,"(datetime.datetime(2026, 9, 29, 16, 51, 13, 213000),)",2a3c600d
408637849,-778318991,3322,1:38:27.310000,"(datetime.datetime(2026, 9, 29, 16, 51, 13, 263000),)",2a3c600d
408638750,-778317554,3353,1:38:27.340000,"(datetime.datetime(2026, 9, 29, 16, 51, 13, 296000),)",2a3c600a
408637869,-778318947,3322,1:38:27.410000,"(datetime.datetime(2026, 9, 29, 16, 51, 13, 363000),)",2a3c600d
408638752,-778317555,3353,1:38:27.440000,"(datetime.datetime(2026, 9, 29, 16, 51, 13, 396000),)",2a3c600a
408637897,-778318913,3322,1:38:27.510000,"(datetime.datetime(2026, 9, 29, 16, 51, 13, 463000),)",2a3c600d
408638752,-778317552,3353,1:38:27.540000,"(datetime.datetime(2026, 9, 29, 16, 51, 13, 496000),)",2a3c600a
408637912,-778318875,3322,1:38:27.610000,"(datetime.datetime(2026, 9, 29, 16, 51, 13, 568000),)",2a3c600d
408638753,-778317549,3353,1:38:27.640000,"(datetime.datetime(2026, 9, 29, 16, 51, 13, 596000),)",2a3c600a
408637934,-778318838,3322,1:38:27.710000,"(datetime.datetime(2026, 9, 29, 16, 51, 13, 663000),)",2a3c600d
408638753,-778317550,3353,1:38:27.750000,"(datetime.datetime(2026, 9, 29, 16, 51, 13, 703000),)",2a3c600a
408637953,-778318807,3322,1:38:27.810000,"(datetime.datetime(2026, 9, 29, 16, 51, 13, 764000),)",2a3c600d
408638753,-778317551,3353,1:38:28.120000,"(datetime.datetime(2026, 9, 29, 16, 51, 14, 79000),)",2a3c600a
408637972,-778318775,3322,1:38:28.200000,"(datetime.datetime(2026, 9, 29, 16, 51, 14, 155000),)",2a3c600d
408638753,-778317551,3353,1:38:28.310000,"(datetime.datetime(2026, 9, 29, 16, 51, 14, 261000),)",2a3c600a
408637993,-778318747,3322,1:38:28.360000,"(datetime.datetime(2026, 9, 29, 16, 51, 14, 320000),)",2a3c600d
408638752,-778317551,3353,1:38:28.460000,"(datetime.datetime(2026, 9, 29, 16, 51, 14, 419000),)",2a3c600a
408638011,-778318716,3322,1:38:28.540000,"(datetime.datetime(2026, 9, 29, 16, 51, 14, 493000),)",2a3c600d
408638752,-778317550,3353,1:38:28.740000,"(datetime.datetime(2026, 9, 29, 16, 51, 14, 694000),)",2a3c600a
408638030,-778318686,3323,1:38:28.780000,"(datetime.datetime(2026, 9, 29, 16, 51, 14, 734000),)",2a3c600d
408638756,-778317538,3354,1:38:29.030000,"(datetime.datetime(2026, 9, 29, 16, 51, 14, 982000),)",2a3c600a
408638038,-778318659,3323,1:38:29.090000,"(datetime.datetime(2026, 9, 29, 16, 51, 15, 47000),)",2a3c600d
408638754,-778317542,3354,1:38:29.230000,"(datetime.datetime(2026, 9, 29, 16, 51, 15, 183000),)",2a3c600a
408638059,-778318643,3323,1:38:29.280000,"(datetime.datetime(2026, 9, 29, 16, 51, 15, 240000),)",2a3c600d
408638753,-778317542,3354,1:38:29.360000,"(datetime.datetime(2026, 9, 29, 16, 51, 15, 318000),)",2a3c600a
408638071,-778318616,3323,1:38:29.480000,"(datetime.datetime(2026, 9, 29, 16, 51, 15, 436000),)",2a3c600d
408638755,-778317540,3354,1:38:29.620000,"(datetime.datetime(2026, 9, 29, 16, 51, 15, 579000),)",2a3c600a
408638080,-778318596,3323,1:38:29.690000,"(datetime.datetime(2026, 9, 29, 16, 51, 15, 644000),)",2a3c600d
408638755,-778317540,3354,1:38:29.880000,"(datetime.datetime(2026, 9, 29, 16, 51, 15, 833000),)",2a3c600a
408638091,-778318579,3323,1:38:29.960000,"(datetime.datetime(2026, 9, 29, 16, 51, 15, 915000),)",2a3c600d
408638757,-778317538,3354,1:38:29.990000,"(datetime.datetime(2026, 9, 29, 16, 51, 15, 949000),)",2a3c600a
408638099,-778318562,3323,1:38:30.100000,"(datetime.datetime(2026, 9, 29, 16, 51, 16, 58000),)",2a3c600d
408638758,-778317536,3354,1:38:30.250000,"(datetime.datetime(2026, 9, 29, 16, 51, 16, 201000),)",2a3c600a
408638110,-778318551,3323,1:38:30.290000,"(datetime.datetime(2026, 9, 29, 16, 51, 16, 248000),)",2a3c600d
408638760,-778317533,3354,1:38:30.400000,"(datetime.datetime(2026, 9, 29, 16, 51, 16, 357000),)",2a3c600a
408638118,-778318537,3323,1:38:30.510000,"(datetime.datetime(2026, 9, 29, 16, 51, 16, 468000),)",2a3c600d
408638761,-778317530,3354,1:38:30.530000,"(datetime.datetime(2026, 9, 29, 16, 51, 16, 489000),)",2a3c600a
408638124,-778318525,3323,1:38:30.550000,"(datetime.datetime(2026, 9, 29, 16, 51, 16, 506000),)",2a3c600d
408638763,-778317527,3354,1:38:30.600000,"(datetime.datetime(2026, 9, 29, 16, 51, 16, 553000),)",2a3c600a
408638134,-778318508,3324,1:38:30.620000,"(datetime.datetime(2026, 9, 29, 16, 51, 16, 572000),)",2a3c600d
408638753,-778317523,3355,1:38:30.660000,"(datetime.datetime(2026, 9, 29, 16, 51, 16, 619000),)",2a3c600a
408638137,-778318508,3324,1:38:30.680000,"(datetime.datetime(2026, 9, 29, 16, 51, 16, 634000),)",2a3c600d
408638756,-778317518,3355,1:38:30.730000,"(datetime.datetime(2026, 9, 29, 16, 51, 16, 687000),)",2a3c600a
408638141,-778318497,3324,1:38:30.750000,"(datetime.datetime(2026, 9, 29, 16, 51, 16, 709000),)",2a3c600d
408638760,-778317511,3355,1:38:30.810000,"(datetime.datetime(2026, 9, 29, 16, 51, 16, 763000),)",2a3c600a
408638144,-778318491,3324,1:38:30.850000,"(datetime.datetime(2026, 9, 29, 16, 51, 16, 804000),)",2a3c600d
408638764,-778317508,3355,1:38:30.860000,"(datetime.datetime(2026, 9, 29, 16, 51, 16, 819000),)",2a3c600a
408638147,-778318487,3324,1:38:30.920000,"(datetime.datetime(2026, 9, 29, 16, 51, 16, 876000),)",2a3c600d
408638763,-778317504,3355,1:38:30.940000,"(datetime.datetime(2026, 9, 29, 16, 51, 16, 893000),)",2a3c600a
408638148,-778318480,3323,1:38:30.980000,"(datetime.datetime(2026, 9, 29, 16, 51, 16, 931000),)",2a3c600d
408638769,-778317495,3355,1:38:30.990000,"(datetime.datetime(2026, 9, 29, 16, 51, 16, 947000),)",2a3c600a
408638152,-778318477,3324,1:38:31.050000,"(datetime.datetime(2026, 9, 29, 16, 51, 17, 3000),)",2a3c600d
408638772,-778317487,3355,1:38:31.060000,"(datetime.datetime(2026, 9, 29, 16, 51, 17, 17000),)",2a3c600a
408638154,-778318473,3324,1:38:31.120000,"(datetime.datetime(2026, 9, 29, 16, 51, 17, 72000),)",2a3c600d
408638782,-778317475,3355,1:38:31.130000,"(datetime.datetime(2026, 9, 29, 16, 51, 17, 88000),)",2a3c600a
408638157,-778318473,3323,1:38:31.200000,"(datetime.datetime(2026, 9, 29, 16, 51, 17, 151000),)",2a3c600d
408638786,-778317463,3355,1:38:31.210000,"(datetime.datetime(2026, 9, 29, 16, 51, 17, 167000),)",2a3c600a
408638155,-778318468,3324,1:38:31.270000,"(datetime.datetime(2026, 9, 29, 16, 51, 17, 223000),)",2a3c600d
408638797,-778317443,3355,1:38:31.280000,"(datetime.datetime(2026, 9, 29, 16, 51, 17, 239000),)",2a3c600a
408638161,-778318463,3324,1:38:31.300000,"(datetime.datetime(2026, 9, 29, 16, 51, 17, 252000),)",2a3c600d
408638803,-778317419,3354,1:38:31.340000,"(datetime.datetime(2026, 9, 29, 16, 51, 17, 298000),)",2a3c600a
408638159,-778318464,3324,1:38:31.360000,"(datetime.datetime(2026, 9, 29, 16, 51, 17, 313000),)",2a3c600d
408638815,-778317395,3354,1:38:31.410000,"(datetime.datetime(2026, 9, 29, 16, 51, 17, 365000),)",2a3c600a
408638161,-778318464,3324,1:38:31.430000,"(datetime.datetime(2026, 9, 29, 16, 51, 17, 380000),)",2a3c600d
408638830,-778317369,3354,1:38:31.490000,"(datetime.datetime(2026, 9, 29, 16, 51, 17, 447000),)",2a3c600a
408638162,-778318465,3324,1:38:31.510000,"(datetime.datetime(2026, 9, 29, 16, 51, 17, 463000),)",2a3c600d
408638845,-778317344,3354,1:38:31.550000,"(datetime.datetime(2026, 9, 29, 16, 51, 17, 509000),)",2a3c600a
408638161,-778318460,3324,1:38:31.580000,"(datetime.datetime(2026, 9, 29, 16, 51, 17, 535000),)",2a3c600d
408638854,-778317314,3354,1:38:31.630000,"(datetime.datetime(2026, 9, 29, 16, 51, 17, 582000),)",2a3c600a
408638163,-778318460,3324,1:38:31.640000,"(datetime.datetime(2026, 9, 29, 16, 51, 17, 597000),)",2a3c600d
408638877,-778317288,3353,1:38:31.690000,"(datetime.datetime(2026, 9, 29, 16, 51, 17, 641000),)",2a3c600a
408638164,-778318457,3324,1:38:31.700000,"(datetime.datetime(2026, 9, 29, 16, 51, 17, 655000),)",2a3c600d
408638897,-778317247,3354,1:38:31.750000,"(datetime.datetime(2026, 9, 29, 16, 51, 17, 705000),)",2a3c600a
408638168,-778318456,3323,1:38:31.770000,"(datetime.datetime(2026, 9, 29, 16, 51, 17, 725000),)",2a3c600d
408638916,-778317211,3354,1:38:31.810000,"(datetime.datetime(2026, 9, 29, 16, 51, 17, 763000),)",2a3c600a
408638170,-778318452,3323,1:38:31.820000,"(datetime.datetime(2026, 9, 29, 16, 51, 17, 780000),)",2a3c600d
408638939,-778317171,3354,1:38:31.870000,"(datetime.datetime(2026, 9, 29, 16, 51, 17, 825000),)",2a3c600a
408638169,-778318451,3323,1:38:31.880000,"(datetime.datetime(2026, 9, 29, 16, 51, 17, 840000),)",2a3c600d
408638961,-778317134,3354,1:38:31.900000,"(datetime.datetime(2026, 9, 29, 16, 51, 17, 853000),)",2a3c600a
408638179,-778318448,3324,1:38:31.950000,"(datetime.datetime(2026, 9, 29, 16, 51, 17, 905000),)",2a3c600d
408638989,-778317088,3356,1:38:31.970000,"(datetime.datetime(2026, 9, 29, 16, 51, 17, 924000),)",2a3c600a
408638183,-778318443,3324,1:38:32.020000,"(datetime.datetime(2026, 9, 29, 16, 51, 17, 974000),)",2a3c600d
408639018,-778317038,3356,1:38:32.040000,"(datetime.datetime(2026, 9, 29, 16, 51, 17, 993000),)",2a3c600a
408638187,-778318437,3324,1:38:32.080000,"(datetime.datetime(2026, 9, 29, 16, 51, 18, 38000),)",2a3c600d
408639041,-778316992,3355,1:38:32.100000,"(datetime.datetime(2026, 9, 29, 16, 51, 18, 54000),)",2a3c600a
408638193,-778318427,3324,1:38:32.150000,"(datetime.datetime(2026, 9, 29, 16, 51, 18, 109000),)",2a3c600d
408639068,-778316944,3356,1:38:32.170000,"(datetime.datetime(2026, 9, 29, 16, 51, 18, 124000),)",2a3c600a
408638199,-778318417,3324,1:38:32.220000,"(datetime.datetime(2026, 9, 29, 16, 51, 18, 177000),)",2a3c600d
408639093,-778316895,3356,1:38:32.240000,"(datetime.datetime(2026, 9, 29, 16, 51, 18, 192000),)",2a3c600a
408638203,-778318404,3324,1:38:32.280000,"(datetime.datetime(2026, 9, 29, 16, 51, 18, 240000),)",2a3c600d
408639122,-778316845,3356,1:38:32.300000,"(datetime.datetime(2026, 9, 29, 16, 51, 18, 254000),)",2a3c600a
408638213,-778318395,3324,1:38:32.360000,"(datetime.datetime(2026, 9, 29, 16, 51, 18, 315000),)",2a3c600d
408639152,-778316789,3356,1:38:32.380000,"(datetime.datetime(2026, 9, 29, 16, 51, 18, 334000),)",2a3c600a
408638222,-778318373,3324,1:38:32.420000,"(datetime.datetime(2026, 9, 29, 16, 51, 18, 377000),)",2a3c600d
408639183,-778316735,3356,1:38:32.440000,"(datetime.datetime(2026, 9, 29, 16, 51, 18, 391000),)",2a3c600a
408638236,-778318358,3324,1:38:32.500000,"(datetime.datetime(2026, 9, 29, 16, 51, 18, 450000),)",2a3c600d
408639214,-778316682,3356,1:38:32.520000,"(datetime.datetime(2026, 9, 29, 16, 51, 18, 475000),)",2a3c600a
408638246,-778318338,3324,1:38:32.550000,"(datetime.datetime(2026, 9, 29, 16, 51, 18, 508000),)",2a3c600d
408639247,-778316622,3356,1:38:32.570000,"(datetime.datetime(2026, 9, 29, 16, 51, 18, 522000),)",2a3c600a
408638260,-778318317,3324,1:38:32.580000,"(datetime.datetime(2026, 9, 29, 16, 51, 18, 537000),)",2a3c600d
408639278,-778316573,3355,1:38:32.630000,"(datetime.datetime(2026, 9, 29, 16, 51, 18, 588000),)",2a3c600a
408638270,-778318285,3324,1:38:32.650000,"(datetime.datetime(2026, 9, 29, 16, 51, 18, 603000),)",2a3c600d
408639314,-778316504,3355,1:38:32.700000,"(datetime.datetime(2026, 9, 29, 16, 51, 18, 652000),)",2a3c600a
408638285,-778318259,3324,1:38:32.710000,"(datetime.datetime(2026, 9, 29, 16, 51, 18, 665000),)",2a3c600d
408639349,-778316450,3355,1:38:32.760000,"(datetime.datetime(2026, 9, 29, 16, 51, 18, 717000),)",2a3c600a
408638297,-778318229,3324,1:38:32.780000,"(datetime.datetime(2026, 9, 29, 16, 51, 18, 732000),)",2a3c600d
408639386,-778316389,3355,1:38:32.840000,"(datetime.datetime(2026, 9, 29, 16, 51, 18, 792000),)",2a3c600a
408638317,-778318201,3324,1:38:32.850000,"(datetime.datetime(2026, 9, 29, 16, 51, 18, 807000),)",2a3c600d
408639422,-778316326,3356,1:38:32.890000,"(datetime.datetime(2026, 9, 29, 16, 51, 18, 846000),)",2a3c600a
408638333,-778318167,3324,1:38:32.910000,"(datetime.datetime(2026, 9, 29, 16, 51, 18, 861000),)",2a3c600d
408639461,-778316262,3356,1:38:32.970000,"(datetime.datetime(2026, 9, 29, 16, 51, 18, 930000),)",2a3c600a
408638355,-778318134,3324,1:38:32.990000,"(datetime.datetime(2026, 9, 29, 16, 51, 18, 946000),)",2a3c600d
408639494,-778316199,3356,1:38:33.050000,"(datetime.datetime(2026, 9, 29, 16, 51, 19),)",2a3c600a
408638378,-778318103,3324,1:38:33.060000,"(datetime.datetime(2026, 9, 29, 16, 51, 19, 18000),)",2a3c600d
408639535,-778316130,3356,1:38:33.110000,"(datetime.datetime(2026, 9, 29, 16, 51, 19, 62000),)",2a3c600a
408638394,-778318060,3324,1:38:33.120000,"(datetime.datetime(2026, 9, 29, 16, 51, 19, 78000),)",2a3c600d
408639574,-778316062,3356,1:38:33.170000,"(datetime.datetime(2026, 9, 29, 16, 51, 19, 129000),)",2a3c600a
408638414,-778318019,3324,1:38:33.190000,"(datetime.datetime(2026, 9, 29, 16, 51, 19, 148000),)",2a3c600d
408639616,-778315993,3356,1:38:33.240000,"(datetime.datetime(2026, 9, 29, 16, 51, 19, 192000),)",2a3c600a
408638438,-778317982,3324,1:38:33.250000,"(datetime.datetime(2026, 9, 29, 16, 51, 19, 206000),)",2a3c600d
408639652,-778315927,3357,1:38:33.310000,"(datetime.datetime(2026, 9, 29, 16, 51, 19, 268000),)",2a3c600a
408638461,-778317932,3324,1:38:33.340000,"(datetime.datetime(2026, 9, 29, 16, 51, 19, 292000),)",2a3c600d
408639702,-778315852,3358,1:38:33.380000,"(datetime.datetime(2026, 9, 29, 16, 51, 19, 334000),)",2a3c600a
408638489,-778317886,3324,1:38:33.390000,"(datetime.datetime(2026, 9, 29, 16, 51, 19, 348000),)",2a3c600d
408639740,-778315778,3357,1:38:33.440000,"(datetime.datetime(2026, 9, 29, 16, 51, 19, 398000),)",2a3c600a
408638514,-778317840,3324,1:38:33.470000,"(datetime.datetime(2026, 9, 29, 16, 51, 19, 428000),)",2a3c600d
408639785,-778315701,3357,1:38:33.540000,"(datetime.datetime(2026, 9, 29, 16, 51, 19, 497000),)",2a3c600a
408638545,-778317791,3324,1:38:33.580000,"(datetime.datetime(2026, 9, 29, 16, 51, 19, 535000),)",2a3c600d
408639830,-778315624,3357,1:38:33.640000,"(datetime.datetime(2026, 9, 29, 16, 51, 19, 596000),)",2a3c600a
408638545,-778317791,3324,1:38:33.670000,"(datetime.datetime(2026, 9, 29, 16, 51, 19, 629000),)",2a3c600d
408639873,-778315546,3357,1:38:33.740000,"(datetime.datetime(2026, 9, 29, 16, 51, 19, 697000),)",2a3c600a
408638572,-778317741,3324,1:38:33.770000,"(datetime.datetime(2026, 9, 29, 16, 51, 19, 727000),)",2a3c600d
408639919,-778315466,3357,1:38:33.850000,"(datetime.datetime(2026, 9, 29, 16, 51, 19, 801000),)",2a3c600a
408638604,-778317690,3323,1:38:33.870000,"(datetime.datetime(2026, 9, 29, 16, 51, 19, 828000),)",2a3c600d
408639965,-778315387,3357,1:38:33.940000,"(datetime.datetime(2026, 9, 29, 16, 51, 19, 896000),)",2a3c600a
408638636,-778317636,3324,1:38:33.970000,"(datetime.datetime(2026, 9, 29, 16, 51, 19, 928000),)",2a3c600d
408639965,-778315387,3357,1:38:34.040000,"(datetime.datetime(2026, 9, 29, 16, 51, 19, 997000),)",2a3c600a
408638667,-778317580,3324,1:38:34.070000,"(datetime.datetime(2026, 9, 29, 16, 51, 20, 28000),)",2a3c600d
408640014,-778315305,3356,1:38:34.140000,"(datetime.datetime(2026, 9, 29, 16, 51, 20, 96000),)",2a3c600a
408638704,-778317523,3324,1:38:34.170000,"(datetime.datetime(2026, 9, 29, 16, 51, 20, 130000),)",2a3c600d
408640111,-778315141,3357,1:38:34.240000,"(datetime.datetime(2026, 9, 29, 16, 51, 20, 198000),)",2a3c600a
408638743,-778317474,3323,1:38:34.270000,"(datetime.datetime(2026, 9, 29, 16, 51, 20, 228000),)",2a3c600d
408640161,-778315049,3356,1:38:34.340000,"(datetime.datetime(2026, 9, 29, 16, 51, 20, 296000),)",2a3c600a
408638778,-778317404,3323,1:38:34.380000,"(datetime.datetime(2026, 9, 29, 16, 51, 20, 335000),)",2a3c600d
408640213,-778314961,3357,1:38:34.440000,"(datetime.datetime(2026, 9, 29, 16, 51, 20, 395000),)",2a3c600a
408638812,-778317339,3323,1:38:34.470000,"(datetime.datetime(2026, 9, 29, 16, 51, 20, 428000),)",2a3c600d
408640265,-778314872,3357,1:38:34.540000,"(datetime.datetime(2026, 9, 29, 16, 51, 20, 497000),)",2a3c600a
408638854,-778317279,3323,1:38:34.570000,"(datetime.datetime(2026, 9, 29, 16, 51, 20, 527000),)",2a3c600d
408640314,-778314782,3356,1:38:34.640000,"(datetime.datetime(2026, 9, 29, 16, 51, 20, 598000),)",2a3c600a
408638897,-778317215,3323,1:38:34.670000,"(datetime.datetime(2026, 9, 29, 16, 51, 20, 628000),)",2a3c600d
408640368,-778314690,3357,1:38:34.740000,"(datetime.datetime(2026, 9, 29, 16, 51, 20, 695000),)",2a3c600a
408638934,-778317148,3323,1:38:34.780000,"(datetime.datetime(2026, 9, 29, 16, 51, 20, 732000),)",2a3c600d
408640421,-778314598,3357,1:38:34.840000,"(datetime.datetime(2026, 9, 29, 16, 51, 20, 797000),)",2a3c600a
408638973,-778317077,3323,1:38:34.870000,"(datetime.datetime(2026, 9, 29, 16, 51, 20, 828000),)",2a3c600d
408640421,-778314598,3357,1:38:34.940000,"(datetime.datetime(2026, 9, 29, 16, 51, 20, 896000),)",2a3c600a
408639018,-778317006,3324,1:38:34.970000,"(datetime.datetime(2026, 9, 29, 16, 51, 20, 928000),)",2a3c600d
408640475,-778314503,3357,1:38:35.040000,"(datetime.datetime(2026, 9, 29, 16, 51, 20, 997000),)",2a3c600a
408640529,-778314405,3357,1:38:35.060000,"(datetime.datetime(2026, 9, 29, 16, 51, 21, 12000),)",2a3c600a
408639060,-778316935,3324,1:38:35.070000,"(datetime.datetime(2026, 9, 29, 16, 51, 21, 29000),)",2a3c600d
408639100,-778316859,3323,1:38:35.180000,"(datetime.datetime(2026, 9, 29, 16, 51, 21, 131000),)",2a3c600d
408640582,-778314309,3357,1:38:35.250000,"(datetime.datetime(2026, 9, 29, 16, 51, 21, 201000),)",2a3c600a
408640635,-778314219,3358,1:38:35.270000,"(datetime.datetime(2026, 9, 29, 16, 51, 21, 227000),)",2a3c600a
408639139,-778316784,3323,1:38:35.290000,"(datetime.datetime(2026, 9, 29, 16, 51, 21, 242000),)",2a3c600d
408640696,-778314116,3357,1:38:35.350000,"(datetime.datetime(2026, 9, 29, 16, 51, 21, 307000),)",2a3c600a
408639185,-778316702,3323,1:38:35.390000,"(datetime.datetime(2026, 9, 29, 16, 51, 21, 342000),)",2a3c600d
408640751,-778314014,3358,1:38:35.450000,"(datetime.datetime(2026, 9, 29, 16, 51, 21, 405000),)",2a3c600a
408639232,-778316621,3324,1:38:35.470000,"(datetime.datetime(2026, 9, 29, 16, 51, 21, 428000),)",2a3c600d
408640810,-778313915,3358,1:38:35.550000,"(datetime.datetime(2026, 9, 29, 16, 51, 21, 507000),)",2a3c600a
408639280,-778316541,3324,1:38:35.570000,"(datetime.datetime(2026, 9, 29, 16, 51, 21, 528000),)",2a3c600d
408640870,-778313814,3358,1:38:35.670000,"(datetime.datetime(2026, 9, 29, 16, 51, 21, 622000),)",2a3c600a
408639329,-778316461,3324,1:38:35.700000,"(datetime.datetime(2026, 9, 29, 16, 51, 21, 652000),)",2a3c600d
408640927,-778313708,3358,1:38:35.760000,"(datetime.datetime(2026, 9, 29, 16, 51, 21, 712000),)",2a3c600a
408639375,-778316373,3323,1:38:35.790000,"(datetime.datetime(2026, 9, 29, 16, 51, 21, 741000),)",2a3c600d
408640991,-778313607,3358,1:38:35.850000,"(datetime.datetime(2026, 9, 29, 16, 51, 21, 809000),)",2a3c600a
408639423,-778316291,3323,1:38:35.890000,"(datetime.datetime(2026, 9, 29, 16, 51, 21, 841000),)",2a3c600d
408641048,-778313503,3358,1:38:35.950000,"(datetime.datetime(2026, 9, 29, 16, 51, 21, 908000),)",2a3c600a
408639473,-778316207,3323,1:38:35.980000,"(datetime.datetime(2026, 9, 29, 16, 51, 21, 932000),)",2a3c600d
408641107,-778313400,3358,1:38:36.060000,"(datetime.datetime(2026, 9, 29, 16, 51, 22, 15000),)",2a3c600a
408639521,-778316118,3324,1:38:36.080000,"(datetime.datetime(2026, 9, 29, 16, 51, 22, 40000),)",2a3c600d
408641169,-778313295,3358,1:38:36.150000,"(datetime.datetime(2026, 9, 29, 16, 51, 22, 110000),)",2a3c600a
408639570,-778316028,3323,1:38:36.170000,"(datetime.datetime(2026, 9, 29, 16, 51, 22, 130000),)",2a3c600d
408641228,-778313196,3357,1:38:36.250000,"(datetime.datetime(2026, 9, 29, 16, 51, 22, 209000),)",2a3c600a
408639616,-778315946,3323,1:38:36.280000,"(datetime.datetime(2026, 9, 29, 16, 51, 22, 234000),)",2a3c600d
408639666,-778315854,3323,1:38:36.330000,"(datetime.datetime(2026, 9, 29, 16, 51, 22, 287000),)",2a3c600d
408641295,-778313083,3357,1:38:36.370000,"(datetime.datetime(2026, 9, 29, 16, 51, 22, 320000),)",2a3c600a
408639720,-778315758,3323,1:38:36.440000,"(datetime.datetime(2026, 9, 29, 16, 51, 22, 394000),)",2a3c600d
408641358,-778312976,3357,1:38:36.460000,"(datetime.datetime(2026, 9, 29, 16, 51, 22, 419000),)",2a3c600a
408639772,-778315668,3323,1:38:36.530000,"(datetime.datetime(2026, 9, 29, 16, 51, 22, 488000),)",2a3c600d
408641420,-778312866,3357,1:38:36.560000,"(datetime.datetime(2026, 9, 29, 16, 51, 22, 512000),)",2a3c600a
408639830,-778315576,3323,1:38:36.630000,"(datetime.datetime(2026, 9, 29, 16, 51, 22, 588000),)",2a3c600d
408641488,-778312759,3358,1:38:36.650000,"(datetime.datetime(2026, 9, 29, 16, 51, 22, 608000),)",2a3c600a
408639883,-778315482,3323,1:38:36.730000,"(datetime.datetime(2026, 9, 29, 16, 51, 22, 687000),)",2a3c600d
408641554,-778312646,3358,1:38:36.750000,"(datetime.datetime(2026, 9, 29, 16, 51, 22, 708000),)",2a3c600a
408639938,-778315385,3323,1:38:36.830000,"(datetime.datetime(2026, 9, 29, 16, 51, 22, 787000),)",2a3c600d
408641619,-778312536,3357,1:38:36.860000,"(datetime.datetime(2026, 9, 29, 16, 51, 22, 812000),)",2a3c600a
408639998,-778315293,3323,1:38:36.930000,"(datetime.datetime(2026, 9, 29, 16, 51, 22, 887000),)",2a3c600d
408641684,-778312422,3357,1:38:36.970000,"(datetime.datetime(2026, 9, 29, 16, 51, 22, 924000),)",2a3c600a
408640052,-778315192,3323,1:38:37.030000,"(datetime.datetime(2026, 9, 29, 16, 51, 22, 987000),)",2a3c600d
408641750,-778312307,3357,1:38:37.050000,"(datetime.datetime(2026, 9, 29, 16, 51, 23, 10000),)",2a3c600a
408640106,-778315093,3323,1:38:37.140000,"(datetime.datetime(2026, 9, 29, 16, 51, 23, 96000),)",2a3c600d
408641818,-778312191,3358,1:38:37.170000,"(datetime.datetime(2026, 9, 29, 16, 51, 23, 128000),)",2a3c600a
408640166,-778314999,3323,1:38:37.230000,"(datetime.datetime(2026, 9, 29, 16, 51, 23, 187000),)",2a3c600d
408641883,-778312077,3357,1:38:37.260000,"(datetime.datetime(2026, 9, 29, 16, 51, 23, 215000),)",2a3c600a
408640224,-778314893,3323,1:38:37.330000,"(datetime.datetime(2026, 9, 29, 16, 51, 23, 287000),)",2a3c600d
408641960,-778311961,3358,1:38:37.360000,"(datetime.datetime(2026, 9, 29, 16, 51, 23, 313000),)",2a3c600a
408640286,-778314793,3323,1:38:37.430000,"(datetime.datetime(2026, 9, 29, 16, 51, 23, 388000),)",2a3c600d
408642026,-778311844,3358,1:38:37.470000,"(datetime.datetime(2026, 9, 29, 16, 51, 23, 425000),)",2a3c600a
408640349,-778314691,3323,1:38:37.530000,"(datetime.datetime(2026, 9, 29, 16, 51, 23, 487000),)",2a3c600d
408642096,-778311726,3358,1:38:37.550000,"(datetime.datetime(2026, 9, 29, 16, 51, 23, 508000),)",2a3c600a
408640409,-778314586,3323,1:38:37.630000,"(datetime.datetime(2026, 9, 29, 16, 51, 23, 590000),)",2a3c600d
408642165,-778311607,3358,1:38:37.670000,"(datetime.datetime(2026, 9, 29, 16, 51, 23, 623000),)",2a3c600a
408640468,-778314482,3323,1:38:37.730000,"(datetime.datetime(2026, 9, 29, 16, 51, 23, 688000),)",2a3c600d
408642234,-778311486,3358,1:38:37.750000,"(datetime.datetime(2026, 9, 29, 16, 51, 23, 709000),)",2a3c600a
408640532,-778314376,3324,1:38:37.830000,"(datetime.datetime(2026, 9, 29, 16, 51, 23, 787000),)",2a3c600d
408642306,-778311369,3358,1:38:37.850000,"(datetime.datetime(2026, 9, 29, 16, 51, 23, 808000),)",2a3c600a
408640592,-778314268,3323,1:38:37.930000,"(datetime.datetime(2026, 9, 29, 16, 51, 23, 888000),)",2a3c600d
408642380,-778311245,3358,1:38:37.960000,"(datetime.datetime(2026, 9, 29, 16, 51, 23, 918000),)",2a3c600a
408642451,-778311125,3358,1:38:38.040000,"(datetime.datetime(2026, 9, 29, 16, 51, 23, 990000),)",2a3c600a
408640652,-778314157,3324,1:38:38.060000,"(datetime.datetime(2026, 9, 29, 16, 51, 24, 17000),)",2a3c600d
408642526,-778311006,3358,1:38:38.140000,"(datetime.datetime(2026, 9, 29, 16, 51, 24, 90000),)",2a3c600a
408640714,-778314047,3323,1:38:38.160000,"(datetime.datetime(2026, 9, 29, 16, 51, 24, 117000),)",2a3c600d
408642593,-778310894,3358,1:38:38.240000,"(datetime.datetime(2026, 9, 29, 16, 51, 24, 190000),)",2a3c600a
408640775,-778313942,3324,1:38:38.340000,"(datetime.datetime(2026, 9, 29, 16, 51, 24, 292000),)",2a3c600d
408642670,-778310770,3359,1:38:38.360000,"(datetime.datetime(2026, 9, 29, 16, 51, 24, 319000),)",2a3c600a
408640840,-778313827,3323,1:38:38.430000,"(datetime.datetime(2026, 9, 29, 16, 51, 24, 389000),)",2a3c600d
408642745,-778310649,3359,1:38:38.450000,"(datetime.datetime(2026, 9, 29, 16, 51, 24, 407000),)",2a3c600a
408640905,-778313715,3324,1:38:38.480000,"(datetime.datetime(2026, 9, 29, 16, 51, 24, 432000),)",2a3c600d
408642815,-778310528,3358,1:38:38.530000,"(datetime.datetime(2026, 9, 29, 16, 51, 24, 490000),)",2a3c600a
408640972,-778313601,3323,1:38:38.630000,"(datetime.datetime(2026, 9, 29, 16, 51, 24, 589000),)",2a3c600d
408642890,-778310408,3359,1:38:38.660000,"(datetime.datetime(2026, 9, 29, 16, 51, 24, 616000),)",2a3c600a
408641037,-778313483,3324,1:38:38.730000,"(datetime.datetime(2026, 9, 29, 16, 51, 24, 687000),)",2a3c600d
408642965,-778310290,3358,1:38:38.760000,"(datetime.datetime(2026, 9, 29, 16, 51, 24, 714000),)",2a3c600a
408641101,-778313368,3323,1:38:38.830000,"(datetime.datetime(2026, 9, 29, 16, 51, 24, 787000),)",2a3c600d
408643046,-778310173,3359,1:38:38.860000,"(datetime.datetime(2026, 9, 29, 16, 51, 24, 813000),)",2a3c600a
408641169,-778313247,3324,1:38:38.930000,"(datetime.datetime(2026, 9, 29, 16, 51, 24, 888000),)",2a3c600d
408643123,-778310054,3359,1:38:38.970000,"(datetime.datetime(2026, 9, 29, 16, 51, 24, 927000),)",2a3c600a
408641237,-778313130,3324,1:38:39.030000,"(datetime.datetime(2026, 9, 29, 16, 51, 24, 988000),)",2a3c600d
408643199,-778309940,3359,1:38:39.070000,"(datetime.datetime(2026, 9, 29, 16, 51, 25, 21000),)",2a3c600a
408641302,-778313009,3324,1:38:39.130000,"(datetime.datetime(2026, 9, 29, 16, 51, 25, 87000),)",2a3c600d
408643280,-778309822,3359,1:38:39.150000,"(datetime.datetime(2026, 9, 29, 16, 51, 25, 104000),)",2a3c600a
408641370,-778312891,3323,1:38:39.240000,"(datetime.datetime(2026, 9, 29, 16, 51, 25, 190000),)",2a3c600d
408643358,-778309713,3359,1:38:39.260000,"(datetime.datetime(2026, 9, 29, 16, 51, 25, 212000),)",2a3c600a
408641438,-778312777,3324,1:38:39.330000,"(datetime.datetime(2026, 9, 29, 16, 51, 25, 287000),)",2a3c600d
408643437,-778309592,3359,1:38:39.350000,"(datetime.datetime(2026, 9, 29, 16, 51, 25, 303000),)",2a3c600a
408641504,-778312652,3324,1:38:39.440000,"(datetime.datetime(2026, 9, 29, 16, 51, 25, 391000),)",2a3c600d
408643518,-778309480,3359,1:38:39.460000,"(datetime.datetime(2026, 9, 29, 16, 51, 25, 416000),)",2a3c600a
408641574,-778312528,3324,1:38:39.530000,"(datetime.datetime(2026, 9, 29, 16, 51, 25, 488000),)",2a3c600d
408643598,-778309364,3359,1:38:39.560000,"(datetime.datetime(2026, 9, 29, 16, 51, 25, 514000),)",2a3c600a
408641644,-778312410,3324,1:38:39.630000,"(datetime.datetime(2026, 9, 29, 16, 51, 25, 587000),)",2a3c600d
408643679,-778309248,3360,1:38:39.650000,"(datetime.datetime(2026, 9, 29, 16, 51, 25, 607000),)",2a3c600a
408641713,-778312284,3324,1:38:39.730000,"(datetime.datetime(2026, 9, 29, 16, 51, 25, 687000),)",2a3c600d
408643762,-778309140,3359,1:38:39.750000,"(datetime.datetime(2026, 9, 29, 16, 51, 25, 706000),)",2a3c600a
408641782,-778312160,3324,1:38:39.830000,"(datetime.datetime(2026, 9, 29, 16, 51, 25, 787000),)",2a3c600d
408643847,-778309027,3360,1:38:39.860000,"(datetime.datetime(2026, 9, 29, 16, 51, 25, 812000),)",2a3c600a
408641855,-778312041,3324,1:38:39.930000,"(datetime.datetime(2026, 9, 29, 16, 51, 25, 887000),)",2a3c600d
408643930,-778308917,3359,1:38:39.960000,"(datetime.datetime(2026, 9, 29, 16, 51, 25, 912000),)",2a3c600a
408641925,-778311912,3324,1:38:40.030000,"(datetime.datetime(2026, 9, 29, 16, 51, 25, 987000),)",2a3c600d
408644014,-778308801,3359,1:38:40.050000,"(datetime.datetime(2026, 9, 29, 16, 51, 26, 8000),)",2a3c600a
408641997,-778311789,3324,1:38:40.130000,"(datetime.datetime(2026, 9, 29, 16, 51, 26, 90000),)",2a3c600d
408644099,-778308695,3359,1:38:40.160000,"(datetime.datetime(2026, 9, 29, 16, 51, 26, 115000),)",2a3c600a
408642071,-778311666,3324,1:38:40.230000,"(datetime.datetime(2026, 9, 29, 16, 51, 26, 189000),)",2a3c600d
408644183,-778308585,3358,1:38:40.260000,"(datetime.datetime(2026, 9, 29, 16, 51, 26, 215000),)",2a3c600a
408642143,-778311546,3324,1:38:40.330000,"(datetime.datetime(2026, 9, 29, 16, 51, 26, 288000),)",2a3c600d
408644271,-778308479,3359,1:38:40.360000,"(datetime.datetime(2026, 9, 29, 16, 51, 26, 317000),)",2a3c600a
408642222,-778311422,3324,1:38:40.430000,"(datetime.datetime(2026, 9, 29, 16, 51, 26, 388000),)",2a3c600d
408642287,-778311292,3324,1:38:40.470000,"(datetime.datetime(2026, 9, 29, 16, 51, 26, 422000),)",2a3c600d
408644359,-778308368,3359,1:38:40.490000,"(datetime.datetime(2026, 9, 29, 16, 51, 26, 441000),)",2a3c600a
408642361,-778311168,3324,1:38:40.540000,"(datetime.datetime(2026, 9, 29, 16, 51, 26, 498000),)",2a3c600d
408644447,-778308260,3358,1:38:40.590000,"(datetime.datetime(2026, 9, 29, 16, 51, 26, 549000),)",2a3c600a
408642438,-778311043,3324,1:38:40.640000,"(datetime.datetime(2026, 9, 29, 16, 51, 26, 595000),)",2a3c600d
408644535,-778308153,3358,1:38:40.670000,"(datetime.datetime(2026, 9, 29, 16, 51, 26, 622000),)",2a3c600a
408644623,-778308043,3358,1:38:40.760000,"(datetime.datetime(2026, 9, 29, 16, 51, 26, 718000),)",2a3c600a
408642514,-778310917,3324,1:38:40.830000,"(datetime.datetime(2026, 9, 29, 16, 51, 26, 787000),)",2a3c600d
408644718,-778307935,3358,1:38:40.850000,"(datetime.datetime(2026, 9, 29, 16, 51, 26, 805000),)",2a3c600a
408642588,-778310790,3324,1:38:40.940000,"(datetime.datetime(2026, 9, 29, 16, 51, 26, 900000),)",2a3c600d
408642663,-778310664,3324,1:38:40.970000,"(datetime.datetime(2026, 9, 29, 16, 51, 26, 924000),)",2a3c600d
408644810,-778307831,3358,1:38:41.010000,"(datetime.datetime(2026, 9, 29, 16, 51, 26, 967000),)",2a3c600a
408642744,-778310541,3324,1:38:41.040000,"(datetime.datetime(2026, 9, 29, 16, 51, 26, 996000),)",2a3c600d
408644906,-778307726,3358,1:38:41.080000,"(datetime.datetime(2026, 9, 29, 16, 51, 27, 37000),)",2a3c600a
408644999,-778307621,3358,1:38:41.150000,"(datetime.datetime(2026, 9, 29, 16, 51, 27, 103000),)",2a3c600a
408642821,-778310417,3324,1:38:41.230000,"(datetime.datetime(2026, 9, 29, 16, 51, 27, 187000),)",2a3c600d
408642904,-778310291,3323,1:38:41.260000,"(datetime.datetime(2026, 9, 29, 16, 51, 27, 217000),)",2a3c600d
408645092,-778307520,3357,1:38:41.290000,"(datetime.datetime(2026, 9, 29, 16, 51, 27, 247000),)",2a3c600a
408645191,-778307424,3358,1:38:41.350000,"(datetime.datetime(2026, 9, 29, 16, 51, 27, 303000),)",2a3c600a
408642988,-778310165,3324,1:38:41.430000,"(datetime.datetime(2026, 9, 29, 16, 51, 27, 388000),)",2a3c600d
408643068,-778310045,3324,1:38:41.460000,"(datetime.datetime(2026, 9, 29, 16, 51, 27, 415000),)",2a3c600d
408645296,-778307323,3357,1:38:41.480000,"(datetime.datetime(2026, 9, 29, 16, 51, 27, 437000),)",2a3c600a
408645398,-778307221,3357,1:38:41.550000,"(datetime.datetime(2026, 9, 29, 16, 51, 27, 503000),)",2a3c600a
408643153,-778309922,3323,1:38:41.630000,"(datetime.datetime(2026, 9, 29, 16, 51, 27, 587000),)",2a3c600d
408645500,-778307121,3357,1:38:41.660000,"(datetime.datetime(2026, 9, 29, 16, 51, 27, 613000),)",2a3c600a
408643231,-778309797,3323,1:38:41.730000,"(datetime.datetime(2026, 9, 29, 16, 51, 27, 687000),)",2a3c600d
408645603,-778307022,3357,1:38:41.750000,"(datetime.datetime(2026, 9, 29, 16, 51, 27, 709000),)",2a3c600a
408643318,-778309673,3324,1:38:41.830000,"(datetime.datetime(2026, 9, 29, 16, 51, 27, 788000),)",2a3c600d
408645708,-778306926,3358,1:38:41.860000,"(datetime.datetime(2026, 9, 29, 16, 51, 27, 817000),)",2a3c600a
408643401,-778309552,3323,1:38:41.930000,"(datetime.datetime(2026, 9, 29, 16, 51, 27, 890000),)",2a3c600d
408645818,-778306830,3358,1:38:41.950000,"(datetime.datetime(2026, 9, 29, 16, 51, 27, 909000),)",2a3c600a
408643487,-778309429,3324,1:38:42.040000,"(datetime.datetime(2026, 9, 29, 16, 51, 27, 991000),)",2a3c600d
408645926,-778306733,3358,1:38:42.060000,"(datetime.datetime(2026, 9, 29, 16, 51, 28, 14000),)",2a3c600a
408643573,-778309309,3324,1:38:42.130000,"(datetime.datetime(2026, 9, 29, 16, 51, 28, 88000),)",2a3c600d
408643662,-778309186,3324,1:38:42.160000,"(datetime.datetime(2026, 9, 29, 16, 51, 28, 114000),)",2a3c600d
408646033,-778306639,3358,1:38:42.220000,"(datetime.datetime(2026, 9, 29, 16, 51, 28, 174000),)",2a3c600a
408646141,-778306543,3357,1:38:42.250000,"(datetime.datetime(2026, 9, 29, 16, 51, 28, 204000),)",2a3c600a
408643741,-778309071,3324,1:38:42.340000,"(datetime.datetime(2026, 9, 29, 16, 51, 28, 292000),)",2a3c600d
408646256,-778306457,3358,1:38:42.360000,"(datetime.datetime(2026, 9, 29, 16, 51, 28, 316000),)",2a3c600a
408643828,-778308949,3324,1:38:42.430000,"(datetime.datetime(2026, 9, 29, 16, 51, 28, 387000),)",2a3c600d
408646370,-778306361,3358,1:38:42.450000,"(datetime.datetime(2026, 9, 29, 16, 51, 28, 407000),)",2a3c600a
408643921,-778308833,3324,1:38:42.530000,"(datetime.datetime(2026, 9, 29, 16, 51, 28, 489000),)",2a3c600d
408646490,-778306275,3357,1:38:42.570000,"(datetime.datetime(2026, 9, 29, 16, 51, 28, 523000),)",2a3c600a
408644015,-778308713,3325,1:38:42.630000,"(datetime.datetime(2026, 9, 29, 16, 51, 28, 587000),)",2a3c600d
408646605,-778306190,3358,1:38:42.660000,"(datetime.datetime(2026, 9, 29, 16, 51, 28, 619000),)",2a3c600a
408644101,-778308591,3325,1:38:42.730000,"(datetime.datetime(2026, 9, 29, 16, 51, 28, 687000),)",2a3c600d
408646723,-778306109,3358,1:38:42.750000,"(datetime.datetime(2026, 9, 29, 16, 51, 28, 704000),)",2a3c600a
408644193,-778308474,3325,1:38:42.890000,"(datetime.datetime(2026, 9, 29, 16, 51, 28, 846000),)",2a3c600d
408646843,-778306025,3358,1:38:42.990000,"(datetime.datetime(2026, 9, 29, 16, 51, 28, 949000),)",2a3c600a
408644286,-778308355,3325,1:38:43.140000,"(datetime.datetime(2026, 9, 29, 16, 51, 29, 99000),)",2a3c600d
408646965,-778305951,3358,1:38:43.200000,"(datetime.datetime(2026, 9, 29, 16, 51, 29, 159000),)",2a3c600a
408644383,-778308238,3325,1:38:43.330000,"(datetime.datetime(2026, 9, 29, 16, 51, 29, 288000),)",2a3c600d
408647093,-778305878,3359,1:38:43.480000,"(datetime.datetime(2026, 9, 29, 16, 51, 29, 440000),)",2a3c600a
408644476,-778308119,3325,1:38:43.520000,"(datetime.datetime(2026, 9, 29, 16, 51, 29, 480000),)",2a3c600d
408647215,-778305804,3360,1:38:43.690000,"(datetime.datetime(2026, 9, 29, 16, 51, 29, 644000),)",2a3c600a
408644572,-778308004,3324,1:38:43.770000,"(datetime.datetime(2026, 9, 29, 16, 51, 29, 727000),)",2a3c600d
408647331,-778305733,3359,1:38:44.100000,"(datetime.datetime(2026, 9, 29, 16, 51, 30, 54000),)",2a3c600a
408644664,-778307887,3324,1:38:44.300000,"(datetime.datetime(2026, 9, 29, 16, 51, 30, 259000),)",2a3c600d
408647462,-778305666,3359,1:38:44.370000,"(datetime.datetime(2026, 9, 29, 16, 51, 30, 328000),)",2a3c600a
408644764,-778307770,3325,1:38:44.510000,"(datetime.datetime(2026, 9, 29, 16, 51, 30, 464000),)",2a3c600d
408644866,-778307663,3325,1:38:44.710000,"(datetime.datetime(2026, 9, 29, 16, 51, 30, 669000),)",2a3c600d
408647591,-778305598,3359,1:38:45.120000,"(datetime.datetime(2026, 9, 29, 16, 51, 31, 78000),)",2a3c600a
408644964,-778307550,3325,1:38:45.330000,"(datetime.datetime(2026, 9, 29, 16, 51, 31, 283000),)",2a3c600d
408647720,-778305538,3360,1:38:45.360000,"(datetime.datetime(2026, 9, 29, 16, 51, 31, 312000),)",2a3c600a
408645072,-778307437,3325,1:38:45.530000,"(datetime.datetime(2026, 9, 29, 16, 51, 31, 488000),)",2a3c600d
408647850,-778305476,3359,1:38:45.740000,"(datetime.datetime(2026, 9, 29, 16, 51, 31, 693000),)",2a3c600a
408645172,-778307331,3325,1:38:45.770000,"(datetime.datetime(2026, 9, 29, 16, 51, 31, 727000),)",2a3c600d
408647982,-778305422,3360,1:38:46.150000,"(datetime.datetime(2026, 9, 29, 16, 51, 32, 102000),)",2a3c600a
408645282,-778307228,3325,1:38:46.220000,"(datetime.datetime(2026, 9, 29, 16, 51, 32, 175000),)",2a3c600d
408648112,-778305368,3360,1:38:46.350000,"(datetime.datetime(2026, 9, 29, 16, 51, 32, 307000),)",2a3c600a
408645387,-778307123,3326,1:38:46.380000,"(datetime.datetime(2026, 9, 29, 16, 51, 32, 336000),)",2a3c600d
408648252,-778305318,3359,1:38:46.560000,"(datetime.datetime(2026, 9, 29, 16, 51, 32, 512000),)",2a3c600a
408645492,-778307016,3325,1:38:46.580000,"(datetime.datetime(2026, 9, 29, 16, 51, 32, 538000),)",2a3c600d
408648387,-778305272,3360,1:38:46.760000,"(datetime.datetime(2026, 9, 29, 16, 51, 32, 717000),)",2a3c600a
408645600,-778306914,3326,1:38:46.800000,"(datetime.datetime(2026, 9, 29, 16, 51, 32, 756000),)",2a3c600d
408648530,-778305226,3359,1:38:47.050000,"(datetime.datetime(2026, 9, 29, 16, 51, 33, 4000),)",2a3c600a
408645707,-778306810,3326,1:38:47.110000,"(datetime.datetime(2026, 9, 29, 16, 51, 33, 66000),)",2a3c600d
408648658,-778305180,3359,1:38:47.250000,"(datetime.datetime(2026, 9, 29, 16, 51, 33, 204000),)",2a3c600a
408648801,-778305147,3359,1:38:47.290000,"(datetime.datetime(2026, 9, 29, 16, 51, 33, 245000),)",2a3c600a
408645816,-778306705,3326,1:38:47.400000,"(datetime.datetime(2026, 9, 29, 16, 51, 33, 358000),)",2a3c600d
408645933,-778306614,3326,1:38:47.490000,"(datetime.datetime(2026, 9, 29, 16, 51, 33, 446000),)",2a3c600d
408648943,-778305111,3360,1:38:47.640000,"(datetime.datetime(2026, 9, 29, 16, 51, 33, 594000),)",2a3c600a
408649085,-778305082,3360,1:38:47.710000,"(datetime.datetime(2026, 9, 29, 16, 51, 33, 661000),)",2a3c600a
408646044,-778306518,3326,1:38:47.860000,"(datetime.datetime(2026, 9, 29, 16, 51, 33, 819000),)",2a3c600d
408646159,-778306426,3326,1:38:47.910000,"(datetime.datetime(2026, 9, 29, 16, 51, 33, 869000),)",2a3c600d
408649230,-778305052,3361,1:38:48,"(datetime.datetime(2026, 9, 29, 16, 51, 33, 951000),)",2a3c600a
408646276,-778306333,3326,1:38:48.160000,"(datetime.datetime(2026, 9, 29, 16, 51, 34, 114000),)",2a3c600d
408649373,-778305022,3361,1:38:48.210000,"(datetime.datetime(2026, 9, 29, 16, 51, 34, 167000),)",2a3c600a
408646395,-778306246,3326,1:38:48.310000,"(datetime.datetime(2026, 9, 29, 16, 51, 34, 265000),)",2a3c600d
408649521,-778304999,3361,1:38:48.460000,"(datetime.datetime(2026, 9, 29, 16, 51, 34, 411000),)",2a3c600a
408646513,-778306164,3327,1:38:48.520000,"(datetime.datetime(2026, 9, 29, 16, 51, 34, 472000),)",2a3c600d
408649669,-778304977,3361,1:38:48.550000,"(datetime.datetime(2026, 9, 29, 16, 51, 34, 504000),)",2a3c600a
408646636,-778306080,3327,1:38:48.560000,"(datetime.datetime(2026, 9, 29, 16, 51, 34, 520000),)",2a3c600d
408649815,-778304959,3362,1:38:48.630000,"(datetime.datetime(2026, 9, 29, 16, 51, 34, 581000),)",2a3c600a
408646755,-778306001,3327,1:38:48.640000,"(datetime.datetime(2026, 9, 29, 16, 51, 34, 597000),)",2a3c600d
408649964,-778304945,3362,1:38:48.690000,"(datetime.datetime(2026, 9, 29, 16, 51, 34, 647000),)",2a3c600a
408646872,-778305912,3327,1:38:48.710000,"(datetime.datetime(2026, 9, 29, 16, 51, 34, 670000),)",2a3c600d
408650110,-778304926,3362,1:38:48.760000,"(datetime.datetime(2026, 9, 29, 16, 51, 34, 712000),)",2a3c600a
408647002,-778305842,3327,1:38:48.780000,"(datetime.datetime(2026, 9, 29, 16, 51, 34, 735000),)",2a3c600d
408650263,-778304927,3362,1:38:48.850000,"(datetime.datetime(2026, 9, 29, 16, 51, 34, 803000),)",2a3c600a
408647126,-778305769,3328,1:38:48.890000,"(datetime.datetime(2026, 9, 29, 16, 51, 34, 843000),)",2a3c600d
408650417,-778304922,3363,1:38:48.910000,"(datetime.datetime(2026, 9, 29, 16, 51, 34, 861000),)",2a3c600a
408647251,-778305699,3329,1:38:48.950000,"(datetime.datetime(2026, 9, 29, 16, 51, 34, 904000),)",2a3c600d
408650569,-778304920,3363,1:38:48.980000,"(datetime.datetime(2026, 9, 29, 16, 51, 34, 932000),)",2a3c600a
408647375,-778305625,3329,1:38:49.010000,"(datetime.datetime(2026, 9, 29, 16, 51, 34, 966000),)",2a3c600d
408650722,-778304925,3363,1:38:49.030000,"(datetime.datetime(2026, 9, 29, 16, 51, 34, 983000),)",2a3c600a
408650875,-778304931,3362,1:38:49.080000,"(datetime.datetime(2026, 9, 29, 16, 51, 35, 40000),)",2a3c600a
408647506,-778305572,3328,1:38:49.100000,"(datetime.datetime(2026, 9, 29, 16, 51, 35, 56000),)",2a3c600d
408647638,-778305506,3328,1:38:49.160000,"(datetime.datetime(2026, 9, 29, 16, 51, 35, 111000),)",2a3c600d
408651028,-778304942,3363,1:38:49.170000,"(datetime.datetime(2026, 9, 29, 16, 51, 35, 127000),)",2a3c600a
408647771,-778305452,3328,1:38:49.230000,"(datetime.datetime(2026, 9, 29, 16, 51, 35, 185000),)",2a3c600d
408651184,-778304958,3363,1:38:49.250000,"(datetime.datetime(2026, 9, 29, 16, 51, 35, 205000),)",2a3c600a
408651338,-778304975,3364,1:38:49.290000,"(datetime.datetime(2026, 9, 29, 16, 51, 35, 243000),)",2a3c600a
408647902,-778305392,3328,1:38:49.310000,"(datetime.datetime(2026, 9, 29, 16, 51, 35, 262000),)",2a3c600d
408651493,-778304995,3363,1:38:49.350000,"(datetime.datetime(2026, 9, 29, 16, 51, 35, 307000),)",2a3c600a
408648035,-778305340,3330,1:38:49.370000,"(datetime.datetime(2026, 9, 29, 16, 51, 35, 323000),)",2a3c600d
408651643,-778305006,3364,1:38:49.430000,"(datetime.datetime(2026, 9, 29, 16, 51, 35, 382000),)",2a3c600a
408648159,-778305279,3331,1:38:49.440000,"(datetime.datetime(2026, 9, 29, 16, 51, 35, 399000),)",2a3c600d
408651804,-778305047,3364,1:38:49.500000,"(datetime.datetime(2026, 9, 29, 16, 51, 35, 451000),)",2a3c600a
408648301,-778305248,3330,1:38:49.510000,"(datetime.datetime(2026, 9, 29, 16, 51, 35, 467000),)",2a3c600d
408651960,-778305078,3364,1:38:49.560000,"(datetime.datetime(2026, 9, 29, 16, 51, 35, 516000),)",2a3c600a
408648436,-778305204,3331,1:38:49.580000,"(datetime.datetime(2026, 9, 29, 16, 51, 35, 532000),)",2a3c600d
408652115,-778305116,3365,1:38:49.630000,"(datetime.datetime(2026, 9, 29, 16, 51, 35, 585000),)",2a3c600a
408648573,-778305165,3331,1:38:49.650000,"(datetime.datetime(2026, 9, 29, 16, 51, 35, 602000),)",2a3c600d
408652272,-778305159,3364,1:38:49.700000,"(datetime.datetime(2026, 9, 29, 16, 51, 35, 656000),)",2a3c600a
408648710,-778305125,3331,1:38:49.720000,"(datetime.datetime(2026, 9, 29, 16, 51, 35, 672000),)",2a3c600d
408652429,-778305202,3364,1:38:49.770000,"(datetime.datetime(2026, 9, 29, 16, 51, 35, 722000),)",2a3c600a
408648843,-778305093,3332,1:38:49.780000,"(datetime.datetime(2026, 9, 29, 16, 51, 35, 738000),)",2a3c600d
408652589,-778305251,3364,1:38:49.850000,"(datetime.datetime(2026, 9, 29, 16, 51, 35, 804000),)",2a3c600a
408648983,-778305060,3332,1:38:49.880000,"(datetime.datetime(2026, 9, 29, 16, 51, 35, 838000),)",2a3c600d
408652742,-778305305,3364,1:38:49.900000,"(datetime.datetime(2026, 9, 29, 16, 51, 35, 855000),)",2a3c600a
408649122,-778305032,3332,1:38:49.950000,"(datetime.datetime(2026, 9, 29, 16, 51, 35, 905000),)",2a3c600d
408652898,-778305359,3365,1:38:49.970000,"(datetime.datetime(2026, 9, 29, 16, 51, 35, 920000),)",2a3c600a
408649261,-778305007,3332,1:38:50.020000,"(datetime.datetime(2026, 9, 29, 16, 51, 35, 978000),)",2a3c600d
408653053,-778305419,3365,1:38:50.040000,"(datetime.datetime(2026, 9, 29, 16, 51, 35, 994000),)",2a3c600a
408649402,-778304987,3332,1:38:50.090000,"(datetime.datetime(2026, 9, 29, 16, 51, 36, 42000),)",2a3c600d
408653213,-778305475,3363,1:38:50.100000,"(datetime.datetime(2026, 9, 29, 16, 51, 36, 60000),)",2a3c600a
408649534,-778304948,3333,1:38:50.160000,"(datetime.datetime(2026, 9, 29, 16, 51, 36, 113000),)",2a3c600d
408649679,-778304941,3333,1:38:50.170000,"(datetime.datetime(2026, 9, 29, 16, 51, 36, 128000),)",2a3c600d
408653368,-778305552,3364,1:38:50.230000,"(datetime.datetime(2026, 9, 29, 16, 51, 36, 183000),)",2a3c600a
408653521,-778305627,3364,1:38:50.240000,"(datetime.datetime(2026, 9, 29, 16, 51, 36, 199000),)",2a3c600a
408649819,-778304928,3334,1:38:50.290000,"(datetime.datetime(2026, 9, 29, 16, 51, 36, 249000),)",2a3c600d
408653674,-778305705,3365,1:38:50.320000,"(datetime.datetime(2026, 9, 29, 16, 51, 36, 274000),)",2a3c600a
408649962,-778304923,3334,1:38:50.360000,"(datetime.datetime(2026, 9, 29, 16, 51, 36, 317000),)",2a3c600d
408653830,-778305789,3366,1:38:50.380000,"(datetime.datetime(2026, 9, 29, 16, 51, 36, 333000),)",2a3c600a
408650103,-778304920,3334,1:38:50.430000,"(datetime.datetime(2026, 9, 29, 16, 51, 36, 388000),)",2a3c600d
408653980,-778305878,3366,1:38:50.450000,"(datetime.datetime(2026, 9, 29, 16, 51, 36, 405000),)",2a3c600a
408650247,-778304919,3334,1:38:50.510000,"(datetime.datetime(2026, 9, 29, 16, 51, 36, 462000),)",2a3c600d
408654131,-778305972,3366,1:38:50.530000,"(datetime.datetime(2026, 9, 29, 16, 51, 36, 485000),)",2a3c600a
408650389,-778304918,3334,1:38:50.570000,"(datetime.datetime(2026, 9, 29, 16, 51, 36, 522000),)",2a3c600d
408654284,-778306069,3367,1:38:50.590000,"(datetime.datetime(2026, 9, 29, 16, 51, 36, 541000),)",2a3c600a
408650528,-778304923,3334,1:38:50.630000,"(datetime.datetime(2026, 9, 29, 16, 51, 36, 583000),)",2a3c600d
408654431,-778306173,3367,1:38:50.650000,"(datetime.datetime(2026, 9, 29, 16, 51, 36, 600000),)",2a3c600a
408650674,-778304927,3334,1:38:50.700000,"(datetime.datetime(2026, 9, 29, 16, 51, 36, 656000),)",2a3c600d
408654578,-778306279,3367,1:38:50.720000,"(datetime.datetime(2026, 9, 29, 16, 51, 36, 672000),)",2a3c600a
408650816,-778304935,3335,1:38:50.770000,"(datetime.datetime(2026, 9, 29, 16, 51, 36, 728000),)",2a3c600d
408654724,-778306375,3367,1:38:50.800000,"(datetime.datetime(2026, 9, 29, 16, 51, 36, 755000),)",2a3c600a
408650960,-778304925,3335,1:38:50.850000,"(datetime.datetime(2026, 9, 29, 16, 51, 36, 804000),)",2a3c600d
408654869,-778306507,3368,1:38:50.860000,"(datetime.datetime(2026, 9, 29, 16, 51, 36, 820000),)",2a3c600a
408651102,-778304947,3335,1:38:50.910000,"(datetime.datetime(2026, 9, 29, 16, 51, 36, 863000),)",2a3c600d
408655014,-778306625,3368,1:38:50.920000,"(datetime.datetime(2026, 9, 29, 16, 51, 36, 880000),)",2a3c600a
408651244,-778304964,3336,1:38:50.980000,"(datetime.datetime(2026, 9, 29, 16, 51, 36, 940000),)",2a3c600d
408655154,-778306753,3368,1:38:51.010000,"(datetime.datetime(2026, 9, 29, 16, 51, 36, 965000),)",2a3c600a
408651387,-778304984,3336,1:38:51.040000,"(datetime.datetime(2026, 9, 29, 16, 51, 36, 998000),)",2a3c600d
408655293,-778306881,3368,1:38:51.070000,"(datetime.datetime(2026, 9, 29, 16, 51, 37, 23000),)",2a3c600a
408651530,-778305009,3336,1:38:51.110000,"(datetime.datetime(2026, 9, 29, 16, 51, 37, 65000),)",2a3c600d
408655431,-778307014,3368,1:38:51.130000,"(datetime.datetime(2026, 9, 29, 16, 51, 37, 82000),)",2a3c600a
408651672,-778305035,3336,1:38:51.190000,"(datetime.datetime(2026, 9, 29, 16, 51, 37, 142000),)",2a3c600d
408655567,-778307151,3368,1:38:51.210000,"(datetime.datetime(2026, 9, 29, 16, 51, 37, 169000),)",2a3c600a
408651816,-778305063,3336,1:38:51.240000,"(datetime.datetime(2026, 9, 29, 16, 51, 37, 200000),)",2a3c600d
408655701,-778307295,3369,1:38:51.260000,"(datetime.datetime(2026, 9, 29, 16, 51, 37, 215000),)",2a3c600a
408651956,-778305097,3336,1:38:51.310000,"(datetime.datetime(2026, 9, 29, 16, 51, 37, 265000),)",2a3c600d
408655834,-778307443,3369,1:38:51.330000,"(datetime.datetime(2026, 9, 29, 16, 51, 37, 282000),)",2a3c600a
408652099,-778305135,3336,1:38:51.380000,"(datetime.datetime(2026, 9, 29, 16, 51, 37, 340000),)",2a3c600d
408655961,-778307596,3369,1:38:51.400000,"(datetime.datetime(2026, 9, 29, 16, 51, 37, 358000),)",2a3c600a
408652241,-778305176,3337,1:38:51.460000,"(datetime.datetime(2026, 9, 29, 16, 51, 37, 417000),)",2a3c600d
408656099,-778307734,3369,1:38:51.480000,"(datetime.datetime(2026, 9, 29, 16, 51, 37, 433000),)",2a3c600a
408652379,-778305200,3337,1:38:51.540000,"(datetime.datetime(2026, 9, 29, 16, 51, 37, 491000),)",2a3c600d
408656220,-778307905,3369,1:38:51.550000,"(datetime.datetime(2026, 9, 29, 16, 51, 37, 507000),)",2a3c600a
408652520,-778305257,3337,1:38:51.620000,"(datetime.datetime(2026, 9, 29, 16, 51, 37, 573000),)",2a3c600d
408656342,-778308070,3369,1:38:51.640000,"(datetime.datetime(2026, 9, 29, 16, 51, 37, 595000),)",2a3c600a
408652662,-778305305,3337,1:38:51.680000,"(datetime.datetime(2026, 9, 29, 16, 51, 37, 636000),)",2a3c600d
408656466,-778308233,3370,1:38:51.700000,"(datetime.datetime(2026, 9, 29, 16, 51, 37, 653000),)",2a3c600a
408652801,-778305357,3338,1:38:51.750000,"(datetime.datetime(2026, 9, 29, 16, 51, 37, 703000),)",2a3c600d
408656586,-778308404,3370,1:38:51.760000,"(datetime.datetime(2026, 9, 29, 16, 51, 37, 719000),)",2a3c600a
408652943,-778305411,3338,1:38:51.850000,"(datetime.datetime(2026, 9, 29, 16, 51, 37, 806000),)",2a3c600d
408656702,-778308577,3370,1:38:51.890000,"(datetime.datetime(2026, 9, 29, 16, 51, 37, 846000),)",2a3c600a
408653084,-778305474,3339,1:38:51.910000,"(datetime.datetime(2026, 9, 29, 16, 51, 37, 863000),)",2a3c600d
408656816,-778308754,3370,1:38:51.970000,"(datetime.datetime(2026, 9, 29, 16, 51, 37, 925000),)",2a3c600a
408653224,-778305536,3339,1:38:51.990000,"(datetime.datetime(2026, 9, 29, 16, 51, 37, 945000),)",2a3c600d
408656928,-778308936,3371,1:38:52.030000,"(datetime.datetime(2026, 9, 29, 16, 51, 37, 985000),)",2a3c600a
408653360,-778305605,3339,1:38:52.050000,"(datetime.datetime(2026, 9, 29, 16, 51, 38, 1000),)",2a3c600d
408657037,-778309120,3371,1:38:52.100000,"(datetime.datetime(2026, 9, 29, 16, 51, 38, 54000),)",2a3c600a
408653499,-778305675,3339,1:38:52.120000,"(datetime.datetime(2026, 9, 29, 16, 51, 38, 71000),)",2a3c600d
408657145,-778309309,3371,1:38:52.170000,"(datetime.datetime(2026, 9, 29, 16, 51, 38, 121000),)",2a3c600a
408653638,-778305750,3340,1:38:52.190000,"(datetime.datetime(2026, 9, 29, 16, 51, 38, 141000),)",2a3c600d
408657252,-778309495,3371,1:38:52.230000,"(datetime.datetime(2026, 9, 29, 16, 51, 38, 186000),)",2a3c600a
408653774,-778305805,3341,1:38:52.250000,"(datetime.datetime(2026, 9, 29, 16, 51, 38, 202000),)",2a3c600d
408657350,-778309700,3371,1:38:52.300000,"(datetime.datetime(2026, 9, 29, 16, 51, 38, 252000),)",2a3c600a
408653910,-778305898,3341,1:38:52.310000,"(datetime.datetime(2026, 9, 29, 16, 51, 38, 270000),)",2a3c600d
408657448,-778309895,3371,1:38:52.370000,"(datetime.datetime(2026, 9, 29, 16, 51, 38, 324000),)",2a3c600a
408654044,-778305983,3341,1:38:52.380000,"(datetime.datetime(2026, 9, 29, 16, 51, 38, 340000),)",2a3c600d
408657547,-778310094,3371,1:38:52.440000,"(datetime.datetime(2026, 9, 29, 16, 51, 38, 394000),)",2a3c600a
408654182,-778306075,3341,1:38:52.460000,"(datetime.datetime(2026, 9, 29, 16, 51, 38, 416000),)",2a3c600d
408657640,-778310298,3371,1:38:52.510000,"(datetime.datetime(2026, 9, 29, 16, 51, 38, 463000),)",2a3c600a
408654315,-778306169,3341,1:38:52.530000,"(datetime.datetime(2026, 9, 29, 16, 51, 38, 488000),)",2a3c600d
408657730,-778310502,3372,1:38:52.580000,"(datetime.datetime(2026, 9, 29, 16, 51, 38, 532000),)",2a3c600a
408654448,-778306266,3342,1:38:52.590000,"(datetime.datetime(2026, 9, 29, 16, 51, 38, 550000),)",2a3c600d
408657817,-778310709,3372,1:38:52.640000,"(datetime.datetime(2026, 9, 29, 16, 51, 38, 599000),)",2a3c600a
408654582,-778306370,3342,1:38:52.660000,"(datetime.datetime(2026, 9, 29, 16, 51, 38, 617000),)",2a3c600d
408657898,-778310921,3372,1:38:52.710000,"(datetime.datetime(2026, 9, 29, 16, 51, 38, 666000),)",2a3c600a
408654713,-778306476,3342,1:38:52.730000,"(datetime.datetime(2026, 9, 29, 16, 51, 38, 682000),)",2a3c600d
408657979,-778311133,3372,1:38:52.780000,"(datetime.datetime(2026, 9, 29, 16, 51, 38, 734000),)",2a3c600a
408654843,-778306586,3342,1:38:52.800000,"(datetime.datetime(2026, 9, 29, 16, 51, 38, 752000),)",2a3c600d
408658056,-778311347,3373,1:38:52.860000,"(datetime.datetime(2026, 9, 29, 16, 51, 38, 818000),)",2a3c600a
408654972,-778306699,3342,1:38:52.880000,"(datetime.datetime(2026, 9, 29, 16, 51, 38, 835000),)",2a3c600d
408658134,-778311552,3372,1:38:52.940000,"(datetime.datetime(2026, 9, 29, 16, 51, 38, 893000),)",2a3c600a
408655103,-778306799,3342,1:38:52.960000,"(datetime.datetime(2026, 9, 29, 16, 51, 38, 911000),)",2a3c600d
408658199,-778311783,3372,1:38:53.010000,"(datetime.datetime(2026, 9, 29, 16, 51, 38, 969000),)",2a3c600a
408655229,-778306929,3343,1:38:53.030000,"(datetime.datetime(2026, 9, 29, 16, 51, 38, 985000),)",2a3c600d
408658266,-778312002,3373,1:38:53.090000,"(datetime.datetime(2026, 9, 29, 16, 51, 39, 45000),)",2a3c600a
408655356,-778307053,3343,1:38:53.110000,"(datetime.datetime(2026, 9, 29, 16, 51, 39, 69000),)",2a3c600d
408658330,-778312222,3373,1:38:53.150000,"(datetime.datetime(2026, 9, 29, 16, 51, 39, 107000),)",2a3c600a
408655478,-778307183,3343,1:38:53.170000,"(datetime.datetime(2026, 9, 29, 16, 51, 39, 124000),)",2a3c600d
408658387,-778312449,3373,1:38:53.220000,"(datetime.datetime(2026, 9, 29, 16, 51, 39, 177000),)",2a3c600a
408655602,-778307314,3343,1:38:53.240000,"(datetime.datetime(2026, 9, 29, 16, 51, 39, 194000),)",2a3c600d
408658444,-778312676,3373,1:38:53.300000,"(datetime.datetime(2026, 9, 29, 16, 51, 39, 255000),)",2a3c600a
408655723,-778307448,3344,1:38:53.320000,"(datetime.datetime(2026, 9, 29, 16, 51, 39, 271000),)",2a3c600d
408658495,-778312907,3374,1:38:53.370000,"(datetime.datetime(2026, 9, 29, 16, 51, 39, 324000),)",2a3c600a
408655844,-778307587,3343,1:38:53.390000,"(datetime.datetime(2026, 9, 29, 16, 51, 39, 342000),)",2a3c600d
408658545,-778313137,3374,1:38:53.440000,"(datetime.datetime(2026, 9, 29, 16, 51, 39, 395000),)",2a3c600a
408655962,-778307729,3344,1:38:53.460000,"(datetime.datetime(2026, 9, 29, 16, 51, 39, 412000),)",2a3c600d
408658586,-778313371,3374,1:38:53.520000,"(datetime.datetime(2026, 9, 29, 16, 51, 39, 472000),)",2a3c600a
408656082,-778307874,3344,1:38:53.540000,"(datetime.datetime(2026, 9, 29, 16, 51, 39, 495000),)",2a3c600d
408658628,-778313604,3374,1:38:53.580000,"(datetime.datetime(2026, 9, 29, 16, 51, 39, 537000),)",2a3c600a
408656200,-778308021,3344,1:38:53.600000,"(datetime.datetime(2026, 9, 29, 16, 51, 39, 554000),)",2a3c600d
408658675,-778313828,3374,1:38:53.650000,"(datetime.datetime(2026, 9, 29, 16, 51, 39, 601000),)",2a3c600a
408656320,-778308154,3345,1:38:53.660000,"(datetime.datetime(2026, 9, 29, 16, 51, 39, 618000),)",2a3c600d
408658696,-778314073,3375,1:38:53.720000,"(datetime.datetime(2026, 9, 29, 16, 51, 39, 672000),)",2a3c600a
408656431,-778308317,3345,1:38:53.730000,"(datetime.datetime(2026, 9, 29, 16, 51, 39, 689000),)",2a3c600d
408658728,-778314309,3375,1:38:53.790000,"(datetime.datetime(2026, 9, 29, 16, 51, 39, 742000),)",2a3c600a
408656545,-778308475,3345,1:38:53.800000,"(datetime.datetime(2026, 9, 29, 16, 51, 39, 760000),)",2a3c600d
408658752,-778314545,3375,1:38:53.870000,"(datetime.datetime(2026, 9, 29, 16, 51, 39, 822000),)",2a3c600a
408656655,-778308635,3345,1:38:53.910000,"(datetime.datetime(2026, 9, 29, 16, 51, 39, 870000),)",2a3c600d
408658774,-778314783,3375,1:38:53.930000,"(datetime.datetime(2026, 9, 29, 16, 51, 39, 887000),)",2a3c600a
408656761,-778308801,3346,1:38:53.990000,"(datetime.datetime(2026, 9, 29, 16, 51, 39, 946000),)",2a3c600d
408658794,-778315020,3375,1:38:54.020000,"(datetime.datetime(2026, 9, 29, 16, 51, 39, 973000),)",2a3c600a
408656868,-778308969,3346,1:38:54.060000,"(datetime.datetime(2026, 9, 29, 16, 51, 40, 17000),)",2a3c600d
408658808,-778315263,3375,1:38:54.080000,"(datetime.datetime(2026, 9, 29, 16, 51, 40, 34000),)",2a3c600a
408656970,-778309141,3346,1:38:54.130000,"(datetime.datetime(2026, 9, 29, 16, 51, 40, 83000),)",2a3c600d
408657072,-778309318,3346,1:38:54.150000,"(datetime.datetime(2026, 9, 29, 16, 51, 40, 110000),)",2a3c600d
408658817,-778315502,3376,1:38:54.200000,"(datetime.datetime(2026, 9, 29, 16, 51, 40, 154000),)",2a3c600a
408658825,-778315744,3376,1:38:54.220000,"(datetime.datetime(2026, 9, 29, 16, 51, 40, 176000),)",2a3c600a
408657170,-778309493,3346,1:38:54.260000,"(datetime.datetime(2026, 9, 29, 16, 51, 40, 219000),)",2a3c600d
408658829,-778315987,3376,1:38:54.280000,"(datetime.datetime(2026, 9, 29, 16, 51, 40, 237000),)",2a3c600a
408657268,-778309676,3346,1:38:54.330000,"(datetime.datetime(2026, 9, 29, 16, 51, 40, 286000),)",2a3c600d
408658842,-778316227,3376,1:38:54.350000,"(datetime.datetime(2026, 9, 29, 16, 51, 40, 303000),)",2a3c600a
408657367,-778309837,3347,1:38:54.400000,"(datetime.datetime(2026, 9, 29, 16, 51, 40, 353000),)",2a3c600d
408658825,-778316476,3376,1:38:54.410000,"(datetime.datetime(2026, 9, 29, 16, 51, 40, 370000),)",2a3c600a
408657455,-778310037,3347,1:38:54.470000,"(datetime.datetime(2026, 9, 29, 16, 51, 40, 422000),)",2a3c600d
408658817,-778316722,3377,1:38:54.480000,"(datetime.datetime(2026, 9, 29, 16, 51, 40, 438000),)",2a3c600a
408657544,-778310227,3348,1:38:54.540000,"(datetime.datetime(2026, 9, 29, 16, 51, 40, 492000),)",2a3c600d
408658809,-778316963,3376,1:38:54.550000,"(datetime.datetime(2026, 9, 29, 16, 51, 40, 509000),)",2a3c600a
408657630,-778310424,3348,1:38:54.600000,"(datetime.datetime(2026, 9, 29, 16, 51, 40, 557000),)",2a3c600d
408658796,-778317206,3376,1:38:54.620000,"(datetime.datetime(2026, 9, 29, 16, 51, 40, 574000),)",2a3c600a
408657712,-778310619,3348,1:38:54.680000,"(datetime.datetime(2026, 9, 29, 16, 51, 40, 634000),)",2a3c600d
408658778,-778317448,3377,1:38:54.700000,"(datetime.datetime(2026, 9, 29, 16, 51, 40, 651000),)",2a3c600a
408657795,-778310820,3348,1:38:54.750000,"(datetime.datetime(2026, 9, 29, 16, 51, 40, 702000),)",2a3c600d
408658757,-778317692,3377,1:38:54.760000,"(datetime.datetime(2026, 9, 29, 16, 51, 40, 720000),)",2a3c600a
408657871,-778311024,3349,1:38:54.860000,"(datetime.datetime(2026, 9, 29, 16, 51, 40, 812000),)",2a3c600d
408658735,-778317936,3377,1:38:54.870000,"(datetime.datetime(2026, 9, 29, 16, 51, 40, 828000),)",2a3c600a
408657946,-778311228,3348,1:38:54.890000,"(datetime.datetime(2026, 9, 29, 16, 51, 40, 845000),)",2a3c600d
408658708,-778318181,3377,1:38:54.930000,"(datetime.datetime(2026, 9, 29, 16, 51, 40, 888000),)",2a3c600a
408658017,-778311438,3349,1:38:54.950000,"(datetime.datetime(2026, 9, 29, 16, 51, 40, 904000),)",2a3c600d
408658679,-778318424,3378,1:38:55.010000,"(datetime.datetime(2026, 9, 29, 16, 51, 40, 964000),)",2a3c600a
408658085,-778311647,3349,1:38:55.030000,"(datetime.datetime(2026, 9, 29, 16, 51, 40, 982000),)",2a3c600d
408658668,-778318668,3377,1:38:55.080000,"(datetime.datetime(2026, 9, 29, 16, 51, 41, 37000),)",2a3c600a
408658167,-778311844,3348,1:38:55.110000,"(datetime.datetime(2026, 9, 29, 16, 51, 41, 63000),)",2a3c600d
408658224,-778312071,3349,1:38:55.150000,"(datetime.datetime(2026, 9, 29, 16, 51, 41, 104000),)",2a3c600d
408658625,-778318917,3379,1:38:55.170000,"(datetime.datetime(2026, 9, 29, 16, 51, 41, 123000),)",2a3c600a
408658595,-778319162,3378,1:38:55.220000,"(datetime.datetime(2026, 9, 29, 16, 51, 41, 180000),)",2a3c600a
408658283,-778312287,3349,1:38:55.240000,"(datetime.datetime(2026, 9, 29, 16, 51, 41, 197000),)",2a3c600d
408658560,-778319403,3379,1:38:55.290000,"(datetime.datetime(2026, 9, 29, 16, 51, 41, 250000),)",2a3c600a
408658340,-778312507,3349,1:38:55.350000,"(datetime.datetime(2026, 9, 29, 16, 51, 41, 305000),)",2a3c600d
408658523,-778319646,3379,1:38:55.370000,"(datetime.datetime(2026, 9, 29, 16, 51, 41, 322000),)",2a3c600a
408658393,-778312730,3349,1:38:55.420000,"(datetime.datetime(2026, 9, 29, 16, 51, 41, 376000),)",2a3c600d
408658482,-778319892,3380,1:38:55.440000,"(datetime.datetime(2026, 9, 29, 16, 51, 41, 393000),)",2a3c600a
408658442,-778312953,3349,1:38:55.500000,"(datetime.datetime(2026, 9, 29, 16, 51, 41, 453000),)",2a3c600d
408658439,-778320131,3380,1:38:55.550000,"(datetime.datetime(2026, 9, 29, 16, 51, 41, 510000),)",2a3c600a
408658489,-778313180,3350,1:38:55.570000,"(datetime.datetime(2026, 9, 29, 16, 51, 41, 530000),)",2a3c600d
408658395,-778320375,3380,1:38:55.610000,"(datetime.datetime(2026, 9, 29, 16, 51, 41, 566000),)",2a3c600a
408658531,-778313407,3350,1:38:55.630000,"(datetime.datetime(2026, 9, 29, 16, 51, 41, 584000),)",2a3c600d
408658395,-778320375,3380,1:38:55.680000,"(datetime.datetime(2026, 9, 29, 16, 51, 41, 634000),)",2a3c600a
408658570,-778313637,3351,1:38:55.700000,"(datetime.datetime(2026, 9, 29, 16, 51, 41, 652000),)",2a3c600d
408658303,-778320861,3381,1:38:55.750000,"(datetime.datetime(2026, 9, 29, 16, 51, 41, 701000),)",2a3c600a
408658607,-778313869,3350,1:38:55.760000,"(datetime.datetime(2026, 9, 29, 16, 51, 41, 718000),)",2a3c600d
408658649,-778314088,3352,1:38:55.810000,"(datetime.datetime(2026, 9, 29, 16, 51, 41, 768000),)",2a3c600d
408658272,-778321106,3381,1:38:55.860000,"(datetime.datetime(2026, 9, 29, 16, 51, 41, 812000),)",2a3c600a
408658669,-778314327,3351,1:38:55.890000,"(datetime.datetime(2026, 9, 29, 16, 51, 41, 844000),)",2a3c600d
408658214,-778321354,3382,1:38:55.910000,"(datetime.datetime(2026, 9, 29, 16, 51, 41, 862000),)",2a3c600a
408658695,-778314562,3352,1:38:55.960000,"(datetime.datetime(2026, 9, 29, 16, 51, 41, 914000),)",2a3c600d
408658168,-778321598,3381,1:38:55.980000,"(datetime.datetime(2026, 9, 29, 16, 51, 41, 938000),)",2a3c600a
408658718,-778314796,3352,1:38:56.030000,"(datetime.datetime(2026, 9, 29, 16, 51, 41, 981000),)",2a3c600d
408658121,-778321844,3382,1:38:56.040000,"(datetime.datetime(2026, 9, 29, 16, 51, 42),)",2a3c600a
408658739,-778315032,3352,1:38:56.100000,"(datetime.datetime(2026, 9, 29, 16, 51, 42, 52000),)",2a3c600d
408658072,-778322089,3382,1:38:56.120000,"(datetime.datetime(2026, 9, 29, 16, 51, 42, 77000),)",2a3c600a
408658755,-778315273,3352,1:38:56.160000,"(datetime.datetime(2026, 9, 29, 16, 51, 42, 112000),)",2a3c600d
408658020,-778322339,3382,1:38:56.170000,"(datetime.datetime(2026, 9, 29, 16, 51, 42, 128000),)",2a3c600a
408658768,-778315508,3352,1:38:56.230000,"(datetime.datetime(2026, 9, 29, 16, 51, 42, 188000),)",2a3c600d
408658020,-778322339,3382,1:38:56.250000,"(datetime.datetime(2026, 9, 29, 16, 51, 42, 205000),)",2a3c600a
408658777,-778315750,3353,1:38:56.300000,"(datetime.datetime(2026, 9, 29, 16, 51, 42, 257000),)",2a3c600d
408657969,-778322582,3382,1:38:56.320000,"(datetime.datetime(2026, 9, 29, 16, 51, 42, 275000),)",2a3c600a
408658785,-778315988,3353,1:38:56.370000,"(datetime.datetime(2026, 9, 29, 16, 51, 42, 327000),)",2a3c600d
408657916,-778322833,3382,1:38:56.390000,"(datetime.datetime(2026, 9, 29, 16, 51, 42, 345000),)",2a3c600a
408657866,-778323076,3382,1:38:56.440000,"(datetime.datetime(2026, 9, 29, 16, 51, 42, 395000),)",2a3c600a
408658788,-778316230,3354,1:38:56.460000,"(datetime.datetime(2026, 9, 29, 16, 51, 42, 412000),)",2a3c600d
408657811,-778323331,3383,1:38:56.510000,"(datetime.datetime(2026, 9, 29, 16, 51, 42, 469000),)",2a3c600a
408658801,-778316464,3355,1:38:56.540000,"(datetime.datetime(2026, 9, 29, 16, 51, 42, 495000),)",2a3c600d
408657762,-778323585,3382,1:38:56.590000,"(datetime.datetime(2026, 9, 29, 16, 51, 42, 543000),)",2a3c600a
408658787,-778316710,3354,1:38:56.610000,"(datetime.datetime(2026, 9, 29, 16, 51, 42, 562000),)",2a3c600d
408657707,-778323837,3382,1:38:56.660000,"(datetime.datetime(2026, 9, 29, 16, 51, 42, 614000),)",2a3c600a
408658779,-778316953,3355,1:38:56.670000,"(datetime.datetime(2026, 9, 29, 16, 51, 42, 630000),)",2a3c600d
408657654,-778324090,3382,1:38:56.730000,"(datetime.datetime(2026, 9, 29, 16, 51, 42, 681000),)",2a3c600a
408658768,-778317194,3354,1:38:56.740000,"(datetime.datetime(2026, 9, 29, 16, 51, 42, 698000),)",2a3c600d
408657601,-778324342,3382,1:38:56.800000,"(datetime.datetime(2026, 9, 29, 16, 51, 42, 753000),)",2a3c600a
408658752,-778317438,3354,1:38:56.810000,"(datetime.datetime(2026, 9, 29, 16, 51, 42, 770000),)",2a3c600d
408657546,-778324595,3382,1:38:56.870000,"(datetime.datetime(2026, 9, 29, 16, 51, 42, 828000),)",2a3c600a
408658752,-778317438,3354,1:38:56.890000,"(datetime.datetime(2026, 9, 29, 16, 51, 42, 845000),)",2a3c600d
408657492,-778324849,3383,1:38:56.950000,"(datetime.datetime(2026, 9, 29, 16, 51, 42, 903000),)",2a3c600a
408658734,-778317680,3355,1:38:56.970000,"(datetime.datetime(2026, 9, 29, 16, 51, 42, 922000),)",2a3c600d
408657434,-778325103,3383,1:38:57.020000,"(datetime.datetime(2026, 9, 29, 16, 51, 42, 977000),)",2a3c600a
408658710,-778317922,3355,1:38:57.040000,"(datetime.datetime(2026, 9, 29, 16, 51, 42, 999000),)",2a3c600d
408657376,-778325360,3383,1:38:57.090000,"(datetime.datetime(2026, 9, 29, 16, 51, 43, 45000),)",2a3c600a
408658686,-778318164,3355,1:38:57.110000,"(datetime.datetime(2026, 9, 29, 16, 51, 43, 63000),)",2a3c600d
408657319,-778325618,3383,1:38:57.160000,"(datetime.datetime(2026, 9, 29, 16, 51, 43, 119000),)",2a3c600a
408658628,-778318651,3355,1:38:57.180000,"(datetime.datetime(2026, 9, 29, 16, 51, 43, 136000),)",2a3c600d
408657262,-778325877,3383,1:38:57.230000,"(datetime.datetime(2026, 9, 29, 16, 51, 43, 186000),)",2a3c600a
408658613,-778318886,3356,1:38:57.250000,"(datetime.datetime(2026, 9, 29, 16, 51, 43, 203000),)",2a3c600d
408657205,-778326137,3383,1:38:57.300000,"(datetime.datetime(2026, 9, 29, 16, 51, 43, 251000),)",2a3c600a
408658568,-778319129,3356,1:38:57.310000,"(datetime.datetime(2026, 9, 29, 16, 51, 43, 268000),)",2a3c600d
408657150,-778326397,3383,1:38:57.370000,"(datetime.datetime(2026, 9, 29, 16, 51, 43, 321000),)",2a3c600a
408658532,-778319368,3356,1:38:57.390000,"(datetime.datetime(2026, 9, 29, 16, 51, 43, 343000),)",2a3c600d
408657094,-778326656,3382,1:38:57.450000,"(datetime.datetime(2026, 9, 29, 16, 51, 43, 403000),)",2a3c600a
408658494,-778319614,3357,1:38:57.490000,"(datetime.datetime(2026, 9, 29, 16, 51, 43, 444000),)",2a3c600d
408657037,-778326915,3383,1:38:57.560000,"(datetime.datetime(2026, 9, 29, 16, 51, 43, 514000),)",2a3c600a
408658452,-778319853,3357,1:38:57.590000,"(datetime.datetime(2026, 9, 29, 16, 51, 43, 550000),)",2a3c600d
408656980,-778327178,3383,1:38:57.650000,"(datetime.datetime(2026, 9, 29, 16, 51, 43, 604000),)",2a3c600a
408658411,-778320097,3357,1:38:57.690000,"(datetime.datetime(2026, 9, 29, 16, 51, 43, 643000),)",2a3c600d
408656923,-778327439,3383,1:38:57.750000,"(datetime.datetime(2026, 9, 29, 16, 51, 43, 703000),)",2a3c600a
408658368,-778320339,3358,1:38:57.790000,"(datetime.datetime(2026, 9, 29, 16, 51, 43, 743000),)",2a3c600d
408656865,-778327706,3383,1:38:58.020000,"(datetime.datetime(2026, 9, 29, 16, 51, 43, 979000),)",2a3c600a
408658321,-778320581,3358,1:38:58.090000,"(datetime.datetime(2026, 9, 29, 16, 51, 44, 43000),)",2a3c600d
408656808,-778327970,3383,1:38:58.310000,"(datetime.datetime(2026, 9, 29, 16, 51, 44, 260000),)",2a3c600a
408658274,-778320824,3358,1:38:58.380000,"(datetime.datetime(2026, 9, 29, 16, 51, 44, 338000),)",2a3c600d
408656750,-778328236,3383,1:38:58.520000,"(datetime.datetime(2026, 9, 29, 16, 51, 44, 472000),)",2a3c600a
408658226,-778321066,3358,1:38:58.570000,"(datetime.datetime(2026, 9, 29, 16, 51, 44, 525000),)",2a3c600d
408656691,-778328503,3383,1:38:58.670000,"(datetime.datetime(2026, 9, 29, 16, 51, 44, 621000),)",2a3c600a
408658188,-778321309,3359,1:38:58.840000,"(datetime.datetime(2026, 9, 29, 16, 51, 44, 800000),)",2a3c600d
408656631,-778328773,3382,1:38:59.130000,"(datetime.datetime(2026, 9, 29, 16, 51, 45, 88000),)",2a3c600a
408658130,-778321550,3359,1:38:59.200000,"(datetime.datetime(2026, 9, 29, 16, 51, 45, 153000),)",2a3c600d
408656572,-778329046,3382,1:38:59.220000,"(datetime.datetime(2026, 9, 29, 16, 51, 45, 173000),)",2a3c600a
408658081,-778321794,3360,1:38:59.270000,"(datetime.datetime(2026, 9, 29, 16, 51, 45, 223000),)",2a3c600d
408656515,-778329309,3382,1:38:59.380000,"(datetime.datetime(2026, 9, 29, 16, 51, 45, 336000),)",2a3c600a
408658027,-778322037,3360,1:38:59.460000,"(datetime.datetime(2026, 9, 29, 16, 51, 45, 415000),)",2a3c600d
408656458,-778329579,3382,1:38:59.600000,"(datetime.datetime(2026, 9, 29, 16, 51, 45, 554000),)",2a3c600a
408658027,-778322037,3360,1:38:59.690000,"(datetime.datetime(2026, 9, 29, 16, 51, 45, 641000),)",2a3c600d
408656399,-778329850,3382,1:38:59.870000,"(datetime.datetime(2026, 9, 29, 16, 51, 45, 821000),)",2a3c600a
408657973,-778322283,3361,1:39:00.040000,"(datetime.datetime(2026, 9, 29, 16, 51, 45, 999000),)",2a3c600d
408656342,-778330117,3382,1:39:00.100000,"(datetime.datetime(2026, 9, 29, 16, 51, 46, 52000),)",2a3c600a
408657920,-778322525,3360,1:39:00.190000,"(datetime.datetime(2026, 9, 29, 16, 51, 46, 143000),)",2a3c600d
408656284,-778330389,3381,1:39:00.270000,"(datetime.datetime(2026, 9, 29, 16, 51, 46, 228000),)",2a3c600a
408657869,-778322769,3360,1:39:00.300000,"(datetime.datetime(2026, 9, 29, 16, 51, 46, 258000),)",2a3c600d
408656227,-778330657,3381,1:39:00.390000,"(datetime.datetime(2026, 9, 29, 16, 51, 46, 348000),)",2a3c600a
408657762,-778323259,3360,1:39:00.500000,"(datetime.datetime(2026, 9, 29, 16, 51, 46, 460000),)",2a3c600d
408656169,-778330922,3381,1:39:00.600000,"(datetime.datetime(2026, 9, 29, 16, 51, 46, 553000),)",2a3c600a
408657762,-778323259,3360,1:39:00.720000,"(datetime.datetime(2026, 9, 29, 16, 51, 46, 678000),)",2a3c600d
408656111,-778331190,3381,1:39:00.740000,"(datetime.datetime(2026, 9, 29, 16, 51, 46, 696000),)",2a3c600a
408657710,-778323506,3361,1:39:00.780000,"(datetime.datetime(2026, 9, 29, 16, 51, 46, 735000),)",2a3c600d
408656055,-778331458,3381,1:39:00.800000,"(datetime.datetime(2026, 9, 29, 16, 51, 46, 752000),)",2a3c600a
408657667,-778323753,3361,1:39:00.860000,"(datetime.datetime(2026, 9, 29, 16, 51, 46, 814000),)",2a3c600d
408655998,-778331726,3381,1:39:00.880000,"(datetime.datetime(2026, 9, 29, 16, 51, 46, 832000),)",2a3c600a
408657610,-778324001,3361,1:39:00.920000,"(datetime.datetime(2026, 9, 29, 16, 51, 46, 880000),)",2a3c600d
408655939,-778331994,3381,1:39:00.940000,"(datetime.datetime(2026, 9, 29, 16, 51, 46, 896000),)",2a3c600a
408657502,-778324498,3362,1:39:00.990000,"(datetime.datetime(2026, 9, 29, 16, 51, 46, 948000),)",2a3c600d
408655881,-778332262,3381,1:39:01.010000,"(datetime.datetime(2026, 9, 29, 16, 51, 46, 967000),)",2a3c600a
408657450,-778324747,3362,1:39:01.060000,"(datetime.datetime(2026, 9, 29, 16, 51, 47, 18000),)",2a3c600d
408655825,-778332526,3381,1:39:01.080000,"(datetime.datetime(2026, 9, 29, 16, 51, 47, 37000),)",2a3c600a
408657391,-778324995,3362,1:39:01.130000,"(datetime.datetime(2026, 9, 29, 16, 51, 47, 87000),)",2a3c600d
408655766,-778332795,3381,1:39:01.150000,"(datetime.datetime(2026, 9, 29, 16, 51, 47, 104000),)",2a3c600a
408657335,-778325247,3362,1:39:01.210000,"(datetime.datetime(2026, 9, 29, 16, 51, 47, 161000),)",2a3c600d
408655709,-778333058,3380,1:39:01.220000,"(datetime.datetime(2026, 9, 29, 16, 51, 47, 178000),)",2a3c600a
408657282,-778325498,3362,1:39:01.280000,"(datetime.datetime(2026, 9, 29, 16, 51, 47, 233000),)",2a3c600d
408655650,-778333325,3380,1:39:01.290000,"(datetime.datetime(2026, 9, 29, 16, 51, 47, 250000),)",2a3c600a
408657225,-778325749,3362,1:39:01.350000,"(datetime.datetime(2026, 9, 29, 16, 51, 47, 303000),)",2a3c600d
408655593,-778333588,3380,1:39:01.380000,"(datetime.datetime(2026, 9, 29, 16, 51, 47, 335000),)",2a3c600a
408657171,-778326002,3362,1:39:01.420000,"(datetime.datetime(2026, 9, 29, 16, 51, 47, 380000),)",2a3c600d
408655537,-778333848,3380,1:39:01.440000,"(datetime.datetime(2026, 9, 29, 16, 51, 47, 399000),)",2a3c600a
408657120,-778326255,3362,1:39:01.500000,"(datetime.datetime(2026, 9, 29, 16, 51, 47, 456000),)",2a3c600d
408655477,-778334117,3380,1:39:01.520000,"(datetime.datetime(2026, 9, 29, 16, 51, 47, 472000),)",2a3c600a
408657064,-778326502,3362,1:39:01.570000,"(datetime.datetime(2026, 9, 29, 16, 51, 47, 523000),)",2a3c600d
408655420,-778334377,3380,1:39:01.580000,"(datetime.datetime(2026, 9, 29, 16, 51, 47, 540000),)",2a3c600a
408657007,-778326754,3362,1:39:01.640000,"(datetime.datetime(2026, 9, 29, 16, 51, 47, 596000),)",2a3c600d
408655360,-778334641,3380,1:39:01.660000,"(datetime.datetime(2026, 9, 29, 16, 51, 47, 615000),)",2a3c600a
408656952,-778327001,3363,1:39:01.710000,"(datetime.datetime(2026, 9, 29, 16, 51, 47, 664000),)",2a3c600d
408655305,-778334897,3380,1:39:01.730000,"(datetime.datetime(2026, 9, 29, 16, 51, 47, 681000),)",2a3c600a
408656896,-778327252,3363,1:39:01.780000,"(datetime.datetime(2026, 9, 29, 16, 51, 47, 736000),)",2a3c600d
408655247,-778335155,3379,1:39:01.800000,"(datetime.datetime(2026, 9, 29, 16, 51, 47, 754000),)",2a3c600a
408656842,-778327502,3363,1:39:01.850000,"(datetime.datetime(2026, 9, 29, 16, 51, 47, 800000),)",2a3c600d
408655192,-778335410,3379,1:39:01.860000,"(datetime.datetime(2026, 9, 29, 16, 51, 47, 817000),)",2a3c600a
408656783,-778327749,3363,1:39:01.910000,"(datetime.datetime(2026, 9, 29, 16, 51, 47, 870000),)",2a3c600d
408655133,-778335667,3380,1:39:01.930000,"(datetime.datetime(2026, 9, 29, 16, 51, 47, 889000),)",2a3c600a
408656731,-778327998,3363,1:39:01.980000,"(datetime.datetime(2026, 9, 29, 16, 51, 47, 939000),)",2a3c600d
408655076,-778335923,3380,1:39:02,"(datetime.datetime(2026, 9, 29, 16, 51, 47, 956000),)",2a3c600a
408656674,-778328245,3363,1:39:02.050000,"(datetime.datetime(2026, 9, 29, 16, 51, 48, 8000),)",2a3c600d
408655020,-778336175,3379,1:39:02.070000,"(datetime.datetime(2026, 9, 29, 16, 51, 48, 26000),)",2a3c600a
408656620,-778328492,3363,1:39:02.120000,"(datetime.datetime(2026, 9, 29, 16, 51, 48, 79000),)",2a3c600d
408654963,-778336427,3379,1:39:02.140000,"(datetime.datetime(2026, 9, 29, 16, 51, 48, 97000),)",2a3c600a
408656569,-778328737,3363,1:39:02.190000,"(datetime.datetime(2026, 9, 29, 16, 51, 48, 147000),)",2a3c600d
408654905,-778336685,3379,1:39:02.210000,"(datetime.datetime(2026, 9, 29, 16, 51, 48, 164000),)",2a3c600a
408656516,-778328982,3363,1:39:02.260000,"(datetime.datetime(2026, 9, 29, 16, 51, 48, 213000),)",2a3c600d
408654848,-778336930,3379,1:39:02.280000,"(datetime.datetime(2026, 9, 29, 16, 51, 48, 231000),)",2a3c600a
408656463,-778329229,3363,1:39:02.330000,"(datetime.datetime(2026, 9, 29, 16, 51, 48, 284000),)",2a3c600d
408654793,-778337178,3379,1:39:02.350000,"(datetime.datetime(2026, 9, 29, 16, 51, 48, 302000),)",2a3c600a
408656407,-778329474,3363,1:39:02.400000,"(datetime.datetime(2026, 9, 29, 16, 51, 48, 356000),)",2a3c600d
408654737,-778337424,3379,1:39:02.430000,"(datetime.datetime(2026, 9, 29, 16, 51, 48, 384000),)",2a3c600a
408656353,-778329715,3363,1:39:02.470000,"(datetime.datetime(2026, 9, 29, 16, 51, 48, 425000),)",2a3c600d
408654682,-778337667,3378,1:39:02.490000,"(datetime.datetime(2026, 9, 29, 16, 51, 48, 445000),)",2a3c600a
408656300,-778329962,3363,1:39:02.540000,"(datetime.datetime(2026, 9, 29, 16, 51, 48, 494000),)",2a3c600d
408654628,-778337910,3379,1:39:02.560000,"(datetime.datetime(2026, 9, 29, 16, 51, 48, 511000),)",2a3c600a
408656248,-778330205,3362,1:39:02.610000,"(datetime.datetime(2026, 9, 29, 16, 51, 48, 568000),)",2a3c600d
408654572,-778338153,3379,1:39:02.630000,"(datetime.datetime(2026, 9, 29, 16, 51, 48, 587000),)",2a3c600a
408656194,-778330450,3362,1:39:02.680000,"(datetime.datetime(2026, 9, 29, 16, 51, 48, 638000),)",2a3c600d
408654520,-778338391,3378,1:39:02.700000,"(datetime.datetime(2026, 9, 29, 16, 51, 48, 659000),)",2a3c600a
408656140,-778330687,3362,1:39:02.760000,"(datetime.datetime(2026, 9, 29, 16, 51, 48, 712000),)",2a3c600d
408654467,-778338628,3378,1:39:02.780000,"(datetime.datetime(2026, 9, 29, 16, 51, 48, 731000),)",2a3c600a
408656087,-778330931,3362,1:39:02.830000,"(datetime.datetime(2026, 9, 29, 16, 51, 48, 784000),)",2a3c600d
408654414,-778338866,3378,1:39:02.850000,"(datetime.datetime(2026, 9, 29, 16, 51, 48, 800000),)",2a3c600a
408656036,-778331171,3362,1:39:02.900000,"(datetime.datetime(2026, 9, 29, 16, 51, 48, 854000),)",2a3c600d
408654359,-778339110,3378,1:39:02.920000,"(datetime.datetime(2026, 9, 29, 16, 51, 48, 871000),)",2a3c600a
408655984,-778331408,3362,1:39:02.970000,"(datetime.datetime(2026, 9, 29, 16, 51, 48, 922000),)",2a3c600d
408654310,-778339339,3378,1:39:02.980000,"(datetime.datetime(2026, 9, 29, 16, 51, 48, 939000),)",2a3c600a
408655933,-778331646,3362,1:39:03.040000,"(datetime.datetime(2026, 9, 29, 16, 51, 48, 994000),)",2a3c600d
408654261,-778339570,3377,1:39:03.060000,"(datetime.datetime(2026, 9, 29, 16, 51, 49, 11000),)",2a3c600a
408655881,-778331884,3362,1:39:03.110000,"(datetime.datetime(2026, 9, 29, 16, 51, 49, 68000),)",2a3c600d
408654211,-778339799,3377,1:39:03.130000,"(datetime.datetime(2026, 9, 29, 16, 51, 49, 85000),)",2a3c600a
408655832,-778332120,3362,1:39:03.190000,"(datetime.datetime(2026, 9, 29, 16, 51, 49, 142000),)",2a3c600d
408654162,-778340024,3377,1:39:03.200000,"(datetime.datetime(2026, 9, 29, 16, 51, 49, 159000),)",2a3c600a
408655782,-778332355,3362,1:39:03.260000,"(datetime.datetime(2026, 9, 29, 16, 51, 49, 219000),)",2a3c600d
408654113,-778340251,3378,1:39:03.290000,"(datetime.datetime(2026, 9, 29, 16, 51, 49, 240000),)",2a3c600a
408655733,-778332591,3362,1:39:03.330000,"(datetime.datetime(2026, 9, 29, 16, 51, 49, 285000),)",2a3c600d
408654066,-778340476,3377,1:39:03.350000,"(datetime.datetime(2026, 9, 29, 16, 51, 49, 305000),)",2a3c600a
408655683,-778332825,3362,1:39:03.410000,"(datetime.datetime(2026, 9, 29, 16, 51, 49, 361000),)",2a3c600d
408654018,-778340699,3377,1:39:03.450000,"(datetime.datetime(2026, 9, 29, 16, 51, 49, 409000),)",2a3c600a
408655632,-778333057,3362,1:39:03.470000,"(datetime.datetime(2026, 9, 29, 16, 51, 49, 428000),)",2a3c600d
408653971,-778340921,3377,1:39:03.530000,"(datetime.datetime(2026, 9, 29, 16, 51, 49, 483000),)",2a3c600a
408655583,-778333286,3362,1:39:03.550000,"(datetime.datetime(2026, 9, 29, 16, 51, 49, 505000),)",2a3c600d
408653925,-778341139,3377,1:39:03.600000,"(datetime.datetime(2026, 9, 29, 16, 51, 49, 555000),)",2a3c600a
408655534,-778333526,3361,1:39:03.620000,"(datetime.datetime(2026, 9, 29, 16, 51, 49, 578000),)",2a3c600d
408653877,-778341367,3377,1:39:03.670000,"(datetime.datetime(2026, 9, 29, 16, 51, 49, 622000),)",2a3c600a
408655484,-778333751,3362,1:39:03.690000,"(datetime.datetime(2026, 9, 29, 16, 51, 49, 641000),)",2a3c600d
408653832,-778341580,3377,1:39:03.740000,"(datetime.datetime(2026, 9, 29, 16, 51, 49, 691000),)",2a3c600a
408655435,-778333982,3362,1:39:03.750000,"(datetime.datetime(2026, 9, 29, 16, 51, 49, 709000),)",2a3c600d
408653787,-778341791,3377,1:39:03.810000,"(datetime.datetime(2026, 9, 29, 16, 51, 49, 765000),)",2a3c600a
408655384,-778334207,3361,1:39:03.830000,"(datetime.datetime(2026, 9, 29, 16, 51, 49, 782000),)",2a3c600d
408653743,-778342001,3377,1:39:03.880000,"(datetime.datetime(2026, 9, 29, 16, 51, 49, 839000),)",2a3c600a
408655334,-778334437,3361,1:39:03.900000,"(datetime.datetime(2026, 9, 29, 16, 51, 49, 856000),)",2a3c600d
408653698,-778342211,3376,1:39:03.950000,"(datetime.datetime(2026, 9, 29, 16, 51, 49, 909000),)",2a3c600a
408655287,-778334662,3361,1:39:03.970000,"(datetime.datetime(2026, 9, 29, 16, 51, 49, 926000),)",2a3c600d
408653653,-778342418,3376,1:39:04.020000,"(datetime.datetime(2026, 9, 29, 16, 51, 49, 977000),)",2a3c600a
408655239,-778334890,3361,1:39:04.040000,"(datetime.datetime(2026, 9, 29, 16, 51, 49, 994000),)",2a3c600d
408653610,-778342625,3376,1:39:04.090000,"(datetime.datetime(2026, 9, 29, 16, 51, 50, 45000),)",2a3c600a
408655190,-778335112,3361,1:39:04.110000,"(datetime.datetime(2026, 9, 29, 16, 51, 50, 63000),)",2a3c600d
408653566,-778342830,3376,1:39:04.160000,"(datetime.datetime(2026, 9, 29, 16, 51, 50, 114000),)",2a3c600a
408655142,-778335337,3361,1:39:04.180000,"(datetime.datetime(2026, 9, 29, 16, 51, 50, 132000),)",2a3c600d
408653524,-778343032,3376,1:39:04.230000,"(datetime.datetime(2026, 9, 29, 16, 51, 50, 187000),)",2a3c600a
408655092,-778335554,3361,1:39:04.250000,"(datetime.datetime(2026, 9, 29, 16, 51, 50, 205000),)",2a3c600d
408653481,-778343233,3376,1:39:04.310000,"(datetime.datetime(2026, 9, 29, 16, 51, 50, 265000),)",2a3c600a
408655044,-778335783,3361,1:39:04.330000,"(datetime.datetime(2026, 9, 29, 16, 51, 50, 282000),)",2a3c600d
408653436,-778343443,3375,1:39:04.380000,"(datetime.datetime(2026, 9, 29, 16, 51, 50, 335000),)",2a3c600a
408655000,-778335997,3361,1:39:04.400000,"(datetime.datetime(2026, 9, 29, 16, 51, 50, 353000),)",2a3c600d
408653394,-778343636,3375,1:39:04.450000,"(datetime.datetime(2026, 9, 29, 16, 51, 50, 404000),)",2a3c600a
408654952,-778336216,3361,1:39:04.470000,"(datetime.datetime(2026, 9, 29, 16, 51, 50, 421000),)",2a3c600d
408653352,-778343833,3375,1:39:04.530000,"(datetime.datetime(2026, 9, 29, 16, 51, 50, 482000),)",2a3c600a
408654905,-778336428,3361,1:39:04.540000,"(datetime.datetime(2026, 9, 29, 16, 51, 50, 499000),)",2a3c600d
408653309,-778344028,3375,1:39:04.600000,"(datetime.datetime(2026, 9, 29, 16, 51, 50, 554000),)",2a3c600a
408654858,-778336646,3361,1:39:04.620000,"(datetime.datetime(2026, 9, 29, 16, 51, 50, 572000),)",2a3c600d
408653269,-778344217,3375,1:39:04.670000,"(datetime.datetime(2026, 9, 29, 16, 51, 50, 623000),)",2a3c600a
408654812,-778336856,3361,1:39:04.690000,"(datetime.datetime(2026, 9, 29, 16, 51, 50, 643000),)",2a3c600d
408653228,-778344405,3375,1:39:04.740000,"(datetime.datetime(2026, 9, 29, 16, 51, 50, 697000),)",2a3c600a
408654766,-778337070,3361,1:39:04.790000,"(datetime.datetime(2026, 9, 29, 16, 51, 50, 743000),)",2a3c600d
408653228,-778344405,3375,1:39:04.820000,"(datetime.datetime(2026, 9, 29, 16, 51, 50, 779000),)",2a3c600a
408654718,-778337277,3361,1:39:04.890000,"(datetime.datetime(2026, 9, 29, 16, 51, 50, 844000),)",2a3c600d
408653188,-778344594,3375,1:39:04.930000,"(datetime.datetime(2026, 9, 29, 16, 51, 50, 882000),)",2a3c600a
408654673,-778337489,3361,1:39:04.990000,"(datetime.datetime(2026, 9, 29, 16, 51, 50, 943000),)",2a3c600d
408653150,-778344772,3374,1:39:05.020000,"(datetime.datetime(2026, 9, 29, 16, 51, 50, 980000),)",2a3c600a
408654628,-778337696,3361,1:39:05.090000,"(datetime.datetime(2026, 9, 29, 16, 51, 51, 43000),)",2a3c600d
408653111,-778344954,3374,1:39:05.130000,"(datetime.datetime(2026, 9, 29, 16, 51, 51, 81000),)",2a3c600a
408654580,-778337910,3361,1:39:05.190000,"(datetime.datetime(2026, 9, 29, 16, 51, 51, 143000),)",2a3c600d
408653070,-778345133,3374,1:39:05.220000,"(datetime.datetime(2026, 9, 29, 16, 51, 51, 179000),)",2a3c600a
408654540,-778338112,3361,1:39:05.290000,"(datetime.datetime(2026, 9, 29, 16, 51, 51, 243000),)",2a3c600d
408653029,-778345320,3374,1:39:05.320000,"(datetime.datetime(2026, 9, 29, 16, 51, 51, 280000),)",2a3c600a
408654496,-778338316,3361,1:39:05.390000,"(datetime.datetime(2026, 9, 29, 16, 51, 51, 346000),)",2a3c600d
408652994,-778345484,3373,1:39:05.420000,"(datetime.datetime(2026, 9, 29, 16, 51, 51, 379000),)",2a3c600a
408654451,-778338517,3361,1:39:05.490000,"(datetime.datetime(2026, 9, 29, 16, 51, 51, 443000),)",2a3c600d
408652955,-778345657,3374,1:39:05.530000,"(datetime.datetime(2026, 9, 29, 16, 51, 51, 483000),)",2a3c600a
408654408,-778338718,3361,1:39:05.590000,"(datetime.datetime(2026, 9, 29, 16, 51, 51, 544000),)",2a3c600d
408652918,-778345822,3373,1:39:05.620000,"(datetime.datetime(2026, 9, 29, 16, 51, 51, 580000),)",2a3c600a
408654364,-778338918,3361,1:39:05.690000,"(datetime.datetime(2026, 9, 29, 16, 51, 51, 645000),)",2a3c600d
408652880,-778345990,3374,1:39:05.730000,"(datetime.datetime(2026, 9, 29, 16, 51, 51, 682000),)",2a3c600a
408652846,-778346150,3373,1:39:05.800000,"(datetime.datetime(2026, 9, 29, 16, 51, 51, 751000),)",2a3c600a
408654321,-778339115,3361,1:39:05.850000,"(datetime.datetime(2026, 9, 29, 16, 51, 51, 804000),)",2a3c600d
408652809,-778346313,3373,1:39:05.870000,"(datetime.datetime(2026, 9, 29, 16, 51, 51, 827000),)",2a3c600a
408654281,-778339312,3361,1:39:05.920000,"(datetime.datetime(2026, 9, 29, 16, 51, 51, 872000),)",2a3c600d
408652775,-778346471,3373,1:39:05.950000,"(datetime.datetime(2026, 9, 29, 16, 51, 51, 904000),)",2a3c600a
408654236,-778339506,3360,1:39:05.990000,"(datetime.datetime(2026, 9, 29, 16, 51, 51, 947000),)",2a3c600d
408652738,-778346629,3373,1:39:06.060000,"(datetime.datetime(2026, 9, 29, 16, 51, 52, 16000),)",2a3c600a
408654197,-778339697,3360,1:39:06.100000,"(datetime.datetime(2026, 9, 29, 16, 51, 52, 57000),)",2a3c600d
408652704,-778346780,3373,1:39:06.160000,"(datetime.datetime(2026, 9, 29, 16, 51, 52, 116000),)",2a3c600a
408654153,-778339891,3361,1:39:06.190000,"(datetime.datetime(2026, 9, 29, 16, 51, 52, 144000),)",2a3c600d
408652671,-778346939,3372,1:39:06.250000,"(datetime.datetime(2026, 9, 29, 16, 51, 52, 205000),)",2a3c600a
408654114,-778340076,3361,1:39:06.290000,"(datetime.datetime(2026, 9, 29, 16, 51, 52, 244000),)",2a3c600d
408652639,-778347079,3372,1:39:06.350000,"(datetime.datetime(2026, 9, 29, 16, 51, 52, 304000),)",2a3c600a
408654075,-778340262,3361,1:39:06.400000,"(datetime.datetime(2026, 9, 29, 16, 51, 52, 351000),)",2a3c600d
408652605,-778347225,3372,1:39:06.450000,"(datetime.datetime(2026, 9, 29, 16, 51, 52, 404000),)",2a3c600a
408654034,-778340445,3361,1:39:06.490000,"(datetime.datetime(2026, 9, 29, 16, 51, 52, 443000),)",2a3c600d
408652573,-778347368,3372,1:39:06.540000,"(datetime.datetime(2026, 9, 29, 16, 51, 52, 492000),)",2a3c600a
408653995,-778340626,3361,1:39:06.590000,"(datetime.datetime(2026, 9, 29, 16, 51, 52, 545000),)",2a3c600d
408652542,-778347509,3372,1:39:06.640000,"(datetime.datetime(2026, 9, 29, 16, 51, 52, 598000),)",2a3c600a
408653957,-778340804,3361,1:39:06.700000,"(datetime.datetime(2026, 9, 29, 16, 51, 52, 652000),)",2a3c600d
408652512,-778347645,3372,1:39:06.740000,"(datetime.datetime(2026, 9, 29, 16, 51, 52, 692000),)",2a3c600a
408653916,-778340980,3361,1:39:06.790000,"(datetime.datetime(2026, 9, 29, 16, 51, 52, 743000),)",2a3c600d
408652481,-778347782,3372,1:39:06.850000,"(datetime.datetime(2026, 9, 29, 16, 51, 52, 804000),)",2a3c600a
408653881,-778341155,3361,1:39:06.890000,"(datetime.datetime(2026, 9, 29, 16, 51, 52, 843000),)",2a3c600d
408652453,-778347913,3372,1:39:06.940000,"(datetime.datetime(2026, 9, 29, 16, 51, 52, 900000),)",2a3c600a
408653844,-778341328,3361,1:39:06.990000,"(datetime.datetime(2026, 9, 29, 16, 51, 52, 944000),)",2a3c600d
408652423,-778348043,3371,1:39:07.040000,"(datetime.datetime(2026, 9, 29, 16, 51, 52, 994000),)",2a3c600a
408653807,-778341498,3360,1:39:07.100000,"(datetime.datetime(2026, 9, 29, 16, 51, 53, 51000),)",2a3c600d
408652394,-778348173,3371,1:39:07.140000,"(datetime.datetime(2026, 9, 29, 16, 51, 53, 100000),)",2a3c600a
408653772,-778341673,3360,1:39:07.200000,"(datetime.datetime(2026, 9, 29, 16, 51, 53, 158000),)",2a3c600d
408652365,-778348308,3371,1:39:07.240000,"(datetime.datetime(2026, 9, 29, 16, 51, 53, 191000),)",2a3c600a
408652337,-778348426,3371,1:39:07.340000,"(datetime.datetime(2026, 9, 29, 16, 51, 53, 292000),)",2a3c600a
408653736,-778341836,3360,1:39:07.390000,"(datetime.datetime(2026, 9, 29, 16, 51, 53, 343000),)",2a3c600d
408652312,-778348548,3371,1:39:07.440000,"(datetime.datetime(2026, 9, 29, 16, 51, 53, 391000),)",2a3c600a
408653701,-778342002,3360,1:39:07.490000,"(datetime.datetime(2026, 9, 29, 16, 51, 53, 444000),)",2a3c600d
408652284,-778348667,3371,1:39:07.540000,"(datetime.datetime(2026, 9, 29, 16, 51, 53, 491000),)",2a3c600a
408653662,-778342164,3360,1:39:07.590000,"(datetime.datetime(2026, 9, 29, 16, 51, 53, 543000),)",2a3c600d
408653628,-778342327,3360,1:39:07.610000,"(datetime.datetime(2026, 9, 29, 16, 51, 53, 561000),)",2a3c600d
408652260,-778348781,3371,1:39:07.640000,"(datetime.datetime(2026, 9, 29, 16, 51, 53, 593000),)",2a3c600a
408652235,-778348893,3371,1:39:07.740000,"(datetime.datetime(2026, 9, 29, 16, 51, 53, 694000),)",2a3c600a
408653591,-778342490,3360,1:39:07.790000,"(datetime.datetime(2026, 9, 29, 16, 51, 53, 749000),)",2a3c600d
408652211,-778349006,3371,1:39:07.840000,"(datetime.datetime(2026, 9, 29, 16, 51, 53, 791000),)",2a3c600a
408653555,-778342653,3360,1:39:07.890000,"(datetime.datetime(2026, 9, 29, 16, 51, 53, 843000),)",2a3c600d
408653522,-778342814,3360,1:39:07.910000,"(datetime.datetime(2026, 9, 29, 16, 51, 53, 870000),)",2a3c600d
408652187,-778349112,3371,1:39:07.940000,"(datetime.datetime(2026, 9, 29, 16, 51, 53, 891000),)",2a3c600a
408653485,-778342973,3359,1:39:07.990000,"(datetime.datetime(2026, 9, 29, 16, 51, 53, 947000),)",2a3c600d
408652165,-778349217,3371,1:39:08.040000,"(datetime.datetime(2026, 9, 29, 16, 51, 53, 992000),)",2a3c600a
408653452,-778343132,3360,1:39:08.090000,"(datetime.datetime(2026, 9, 29, 16, 51, 54, 45000),)",2a3c600d
408652141,-778349322,3371,1:39:08.140000,"(datetime.datetime(2026, 9, 29, 16, 51, 54, 91000),)",2a3c600a
408653419,-778343294,3359,1:39:08.190000,"(datetime.datetime(2026, 9, 29, 16, 51, 54, 143000),)",2a3c600d
408652116,-778349433,3370,1:39:08.270000,"(datetime.datetime(2026, 9, 29, 16, 51, 54, 222000),)",2a3c600a
408653384,-778343444,3359,1:39:08.290000,"(datetime.datetime(2026, 9, 29, 16, 51, 54, 250000),)",2a3c600d
408652098,-778349522,3370,1:39:08.350000,"(datetime.datetime(2026, 9, 29, 16, 51, 54, 301000),)",2a3c600a
408653350,-778343599,3359,1:39:08.390000,"(datetime.datetime(2026, 9, 29, 16, 51, 54, 345000),)",2a3c600d
408652078,-778349615,3370,1:39:08.440000,"(datetime.datetime(2026, 9, 29, 16, 51, 54, 392000),)",2a3c600a
408653317,-778343754,3359,1:39:08.490000,"(datetime.datetime(2026, 9, 29, 16, 51, 54, 446000),)",2a3c600d
408652057,-778349709,3370,1:39:08.540000,"(datetime.datetime(2026, 9, 29, 16, 51, 54, 492000),)",2a3c600a
408653283,-778343906,3359,1:39:08.600000,"(datetime.datetime(2026, 9, 29, 16, 51, 54, 557000),)",2a3c600d
408652038,-778349797,3370,1:39:08.640000,"(datetime.datetime(2026, 9, 29, 16, 51, 54, 591000),)",2a3c600a
408653249,-778344059,3359,1:39:08.700000,"(datetime.datetime(2026, 9, 29, 16, 51, 54, 654000),)",2a3c600d
408652020,-778349883,3370,1:39:08.740000,"(datetime.datetime(2026, 9, 29, 16, 51, 54, 691000),)",2a3c600a
408653217,-778344210,3359,1:39:08.800000,"(datetime.datetime(2026, 9, 29, 16, 51, 54, 755000),)",2a3c600d
408652000,-778349967,3370,1:39:08.850000,"(datetime.datetime(2026, 9, 29, 16, 51, 54, 806000),)",2a3c600a
408653184,-778344360,3359,1:39:08.890000,"(datetime.datetime(2026, 9, 29, 16, 51, 54, 844000),)",2a3c600d
408651983,-778350049,3370,1:39:08.940000,"(datetime.datetime(2026, 9, 29, 16, 51, 54, 892000),)",2a3c600a
408653151,-778344508,3358,1:39:08.990000,"(datetime.datetime(2026, 9, 29, 16, 51, 54, 943000),)",2a3c600d
408651965,-778350130,3370,1:39:09.040000,"(datetime.datetime(2026, 9, 29, 16, 51, 54, 998000),)",2a3c600a
408653119,-778344656,3358,1:39:09.100000,"(datetime.datetime(2026, 9, 29, 16, 51, 55, 56000),)",2a3c600d
408651950,-778350205,3370,1:39:09.140000,"(datetime.datetime(2026, 9, 29, 16, 51, 55, 92000),)",2a3c600a
408653087,-778344804,3358,1:39:09.190000,"(datetime.datetime(2026, 9, 29, 16, 51, 55, 144000),)",2a3c600d
408651930,-778350295,3370,1:39:09.240000,"(datetime.datetime(2026, 9, 29, 16, 51, 55, 191000),)",2a3c600a
408653057,-778344948,3358,1:39:09.300000,"(datetime.datetime(2026, 9, 29, 16, 51, 55, 255000),)",2a3c600d
408651918,-778350355,3369,1:39:09.360000,"(datetime.datetime(2026, 9, 29, 16, 51, 55, 311000),)",2a3c600a
408653057,-778344948,3358,1:39:09.390000,"(datetime.datetime(2026, 9, 29, 16, 51, 55, 343000),)",2a3c600d
408651905,-778350421,3369,1:39:09.440000,"(datetime.datetime(2026, 9, 29, 16, 51, 55, 392000),)",2a3c600a
408653023,-778345091,3358,1:39:09.490000,"(datetime.datetime(2026, 9, 29, 16, 51, 55, 443000),)",2a3c600d
408651890,-778350482,3369,1:39:09.540000,"(datetime.datetime(2026, 9, 29, 16, 51, 55, 491000),)",2a3c600a
408652995,-778345232,3358,1:39:09.590000,"(datetime.datetime(2026, 9, 29, 16, 51, 55, 546000),)",2a3c600d
408651875,-778350545,3369,1:39:09.640000,"(datetime.datetime(2026, 9, 29, 16, 51, 55, 592000),)",2a3c600a
408652963,-778345376,3358,1:39:09.690000,"(datetime.datetime(2026, 9, 29, 16, 51, 55, 643000),)",2a3c600d
408651863,-778350604,3369,1:39:09.740000,"(datetime.datetime(2026, 9, 29, 16, 51, 55, 691000),)",2a3c600a
408652932,-778345516,3358,1:39:09.790000,"(datetime.datetime(2026, 9, 29, 16, 51, 55, 748000),)",2a3c600d
408651852,-778350657,3369,1:39:09.840000,"(datetime.datetime(2026, 9, 29, 16, 51, 55, 796000),)",2a3c600a
408652901,-778345655,3358,1:39:09.890000,"(datetime.datetime(2026, 9, 29, 16, 51, 55, 845000),)",2a3c600d
408651841,-778350710,3369,1:39:09.940000,"(datetime.datetime(2026, 9, 29, 16, 51, 55, 891000),)",2a3c600a
408652870,-778345791,3358,1:39:09.990000,"(datetime.datetime(2026, 9, 29, 16, 51, 55, 943000),)",2a3c600d
408651831,-778350760,3368,1:39:10.040000,"(datetime.datetime(2026, 9, 29, 16, 51, 55, 992000),)",2a3c600a
408652814,-778346060,3358,1:39:10.090000,"(datetime.datetime(2026, 9, 29, 16, 51, 56, 43000),)",2a3c600d
408651820,-778350805,3369,1:39:10.140000,"(datetime.datetime(2026, 9, 29, 16, 51, 56, 99000),)",2a3c600a
408652787,-778346194,3357,1:39:10.190000,"(datetime.datetime(2026, 9, 29, 16, 51, 56, 143000),)",2a3c600d
408651810,-778350861,3368,1:39:10.240000,"(datetime.datetime(2026, 9, 29, 16, 51, 56, 191000),)",2a3c600a
408652761,-778346319,3357,1:39:10.300000,"(datetime.datetime(2026, 9, 29, 16, 51, 56, 260000),)",2a3c600d
408651804,-778350892,3369,1:39:10.340000,"(datetime.datetime(2026, 9, 29, 16, 51, 56, 296000),)",2a3c600a
408652733,-778346445,3357,1:39:10.390000,"(datetime.datetime(2026, 9, 29, 16, 51, 56, 344000),)",2a3c600d
408651796,-778350932,3368,1:39:10.440000,"(datetime.datetime(2026, 9, 29, 16, 51, 56, 392000),)",2a3c600a
408652706,-778346569,3357,1:39:10.490000,"(datetime.datetime(2026, 9, 29, 16, 51, 56, 443000),)",2a3c600d
408651787,-778350969,3369,1:39:10.540000,"(datetime.datetime(2026, 9, 29, 16, 51, 56, 491000),)",2a3c600a
408652681,-778346691,3357,1:39:10.590000,"(datetime.datetime(2026, 9, 29, 16, 51, 56, 544000),)",2a3c600d
408651779,-778351000,3369,1:39:10.640000,"(datetime.datetime(2026, 9, 29, 16, 51, 56, 592000),)",2a3c600a
408652653,-778346811,3357,1:39:10.690000,"(datetime.datetime(2026, 9, 29, 16, 51, 56, 643000),)",2a3c600d
408651773,-778351029,3368,1:39:10.740000,"(datetime.datetime(2026, 9, 29, 16, 51, 56, 691000),)",2a3c600a
408652653,-778346811,3357,1:39:10.780000,"(datetime.datetime(2026, 9, 29, 16, 51, 56, 732000),)",2a3c600d
408651766,-778351057,3369,1:39:10.840000,"(datetime.datetime(2026, 9, 29, 16, 51, 56, 792000),)",2a3c600a
408652630,-778346928,3357,1:39:10.860000,"(datetime.datetime(2026, 9, 29, 16, 51, 56, 814000),)",2a3c600d
408651762,-778351081,3369,1:39:10.940000,"(datetime.datetime(2026, 9, 29, 16, 51, 56, 893000),)",2a3c600a
408652604,-778347043,3357,1:39:10.960000,"(datetime.datetime(2026, 9, 29, 16, 51, 56, 914000),)",2a3c600d
408651756,-778351106,3368,1:39:11.040000,"(datetime.datetime(2026, 9, 29, 16, 51, 56, 991000),)",2a3c600a
408652579,-778347156,3357,1:39:11.070000,"(datetime.datetime(2026, 9, 29, 16, 51, 57, 21000),)",2a3c600d
408651751,-778351122,3368,1:39:11.140000,"(datetime.datetime(2026, 9, 29, 16, 51, 57, 97000),)",2a3c600a
408652556,-778347268,3357,1:39:11.180000,"(datetime.datetime(2026, 9, 29, 16, 51, 57, 131000),)",2a3c600d
408651748,-778351153,3368,1:39:11.240000,"(datetime.datetime(2026, 9, 29, 16, 51, 57, 191000),)",2a3c600a
408652535,-778347384,3357,1:39:11.280000,"(datetime.datetime(2026, 9, 29, 16, 51, 57, 235000),)",2a3c600d
408651746,-778351161,3369,1:39:11.340000,"(datetime.datetime(2026, 9, 29, 16, 51, 57, 291000),)",2a3c600a
408652513,-778347486,3357,1:39:11.360000,"(datetime.datetime(2026, 9, 29, 16, 51, 57, 314000),)",2a3c600d
408651744,-778351176,3369,1:39:11.440000,"(datetime.datetime(2026, 9, 29, 16, 51, 57, 392000),)",2a3c600a
408652489,-778347591,3356,1:39:11.470000,"(datetime.datetime(2026, 9, 29, 16, 51, 57, 424000),)",2a3c600d
408651737,-778351189,3369,1:39:11.540000,"(datetime.datetime(2026, 9, 29, 16, 51, 57, 491000),)",2a3c600a
408652468,-778347692,3356,1:39:11.580000,"(datetime.datetime(2026, 9, 29, 16, 51, 57, 537000),)",2a3c600d
408651739,-778351201,3369,1:39:11.640000,"(datetime.datetime(2026, 9, 29, 16, 51, 57, 592000),)",2a3c600a
408652446,-778347794,3356,1:39:11.680000,"(datetime.datetime(2026, 9, 29, 16, 51, 57, 638000),)",2a3c600d
408651736,-778351210,3368,1:39:11.740000,"(datetime.datetime(2026, 9, 29, 16, 51, 57, 691000),)",2a3c600a
408652425,-778347892,3356,1:39:11.760000,"(datetime.datetime(2026, 9, 29, 16, 51, 57, 717000),)",2a3c600d
408651733,-778351221,3368,1:39:11.840000,"(datetime.datetime(2026, 9, 29, 16, 51, 57, 792000),)",2a3c600a
408652402,-778347990,3356,1:39:11.880000,"(datetime.datetime(2026, 9, 29, 16, 51, 57, 838000),)",2a3c600d
408651730,-778351234,3368,1:39:11.940000,"(datetime.datetime(2026, 9, 29, 16, 51, 57, 893000),)",2a3c600a
408652384,-778348083,3356,1:39:11.960000,"(datetime.datetime(2026, 9, 29, 16, 51, 57, 919000),)",2a3c600d
408651729,-778351243,3368,1:39:12.040000,"(datetime.datetime(2026, 9, 29, 16, 51, 57, 991000),)",2a3c600a
408652362,-778348175,3356,1:39:12.060000,"(datetime.datetime(2026, 9, 29, 16, 51, 58, 14000),)",2a3c600d
408651728,-778351248,3368,1:39:12.140000,"(datetime.datetime(2026, 9, 29, 16, 51, 58, 92000),)",2a3c600a
408652344,-778348264,3356,1:39:12.160000,"(datetime.datetime(2026, 9, 29, 16, 51, 58, 118000),)",2a3c600d
408651727,-778351263,3369,1:39:12.240000,"(datetime.datetime(2026, 9, 29, 16, 51, 58, 193000),)",2a3c600a
408652328,-778348360,3356,1:39:12.270000,"(datetime.datetime(2026, 9, 29, 16, 51, 58, 221000),)",2a3c600d
408651727,-778351260,3369,1:39:12.340000,"(datetime.datetime(2026, 9, 29, 16, 51, 58, 291000),)",2a3c600a
408652311,-778348440,3356,1:39:12.360000,"(datetime.datetime(2026, 9, 29, 16, 51, 58, 314000),)",2a3c600d
408651727,-778351264,3369,1:39:12.440000,"(datetime.datetime(2026, 9, 29, 16, 51, 58, 392000),)",2a3c600a
408652290,-778348525,3356,1:39:12.460000,"(datetime.datetime(2026, 9, 29, 16, 51, 58, 413000),)",2a3c600d
408651726,-778351264,3369,1:39:12.540000,"(datetime.datetime(2026, 9, 29, 16, 51, 58, 491000),)",2a3c600a
408652273,-778348608,3356,1:39:12.560000,"(datetime.datetime(2026, 9, 29, 16, 51, 58, 515000),)",2a3c600d
408651727,-778351264,3368,1:39:12.650000,"(datetime.datetime(2026, 9, 29, 16, 51, 58, 603000),)",2a3c600a
408652257,-778348687,3356,1:39:12.680000,"(datetime.datetime(2026, 9, 29, 16, 51, 58, 633000),)",2a3c600d
408651726,-778351267,3368,1:39:12.740000,"(datetime.datetime(2026, 9, 29, 16, 51, 58, 692000),)",2a3c600a
408652242,-778348766,3356,1:39:12.780000,"(datetime.datetime(2026, 9, 29, 16, 51, 58, 738000),)",2a3c600d
408651726,-778351265,3369,1:39:12.980000,"(datetime.datetime(2026, 9, 29, 16, 51, 58, 931000),)",2a3c600a
408652224,-778348842,3355,1:39:13.260000,"(datetime.datetime(2026, 9, 29, 16, 51, 59, 211000),)",2a3c600d
408651724,-778351263,3369,1:39:13.330000,"(datetime.datetime(2026, 9, 29, 16, 51, 59, 290000),)",2a3c600a
408652211,-778348917,3355,1:39:13.420000,"(datetime.datetime(2026, 9, 29, 16, 51, 59, 377000),)",2a3c600d
408651724,-778351262,3369,1:39:13.530000,"(datetime.datetime(2026, 9, 29, 16, 51, 59, 487000),)",2a3c600a
408652194,-778348988,3355,1:39:13.610000,"(datetime.datetime(2026, 9, 29, 16, 51, 59, 569000),)",2a3c600d
408651728,-778351263,3369,1:39:13.800000,"(datetime.datetime(2026, 9, 29, 16, 51, 59, 750000),)",2a3c600a
408652179,-778349059,3355,1:39:13.830000,"(datetime.datetime(2026, 9, 29, 16, 51, 59, 790000),)",2a3c600d
408651725,-778351273,3368,1:39:14,"(datetime.datetime(2026, 9, 29, 16, 51, 59, 957000),)",2a3c600a
408652163,-778349134,3354,1:39:14.250000,"(datetime.datetime(2026, 9, 29, 16, 52, 0, 205000),)",2a3c600d
408651726,-778351268,3368,1:39:14.420000,"(datetime.datetime(2026, 9, 29, 16, 52, 0, 372000),)",2a3c600a
408652151,-778349196,3354,1:39:14.500000,"(datetime.datetime(2026, 9, 29, 16, 52, 0, 453000),)",2a3c600d
408651725,-778351269,3368,1:39:14.530000,"(datetime.datetime(2026, 9, 29, 16, 52, 0, 487000),)",2a3c600a
408652136,-778349259,3354,1:39:14.640000,"(datetime.datetime(2026, 9, 29, 16, 52, 0, 600000),)",2a3c600d
408651727,-778351269,3368,1:39:14.810000,"(datetime.datetime(2026, 9, 29, 16, 52, 0, 766000),)",2a3c600a
408652123,-778349321,3354,1:39:14.930000,"(datetime.datetime(2026, 9, 29, 16, 52, 0, 889000),)",2a3c600d
408651725,-778351267,3368,1:39:15.060000,"(datetime.datetime(2026, 9, 29, 16, 52, 1, 19000),)",2a3c600a
408652109,-778349379,3354,1:39:15.160000,"(datetime.datetime(2026, 9, 29, 16, 52, 1, 120000),)",2a3c600d
408651726,-778351268,3368,1:39:15.250000,"(datetime.datetime(2026, 9, 29, 16, 52, 1, 205000),)",2a3c600a
408652098,-778349436,3354,1:39:15.400000,"(datetime.datetime(2026, 9, 29, 16, 52, 1, 358000),)",2a3c600d
408651726,-778351268,3368,1:39:15.460000,"(datetime.datetime(2026, 9, 29, 16, 52, 1, 416000),)",2a3c600a
408652086,-778349489,3354,1:39:15.550000,"(datetime.datetime(2026, 9, 29, 16, 52, 1, 504000),)",2a3c600d
408651725,-778351268,3368,1:39:15.670000,"(datetime.datetime(2026, 9, 29, 16, 52, 1, 625000),)",2a3c600a
408652077,-778349540,3354,1:39:15.750000,"(datetime.datetime(2026, 9, 29, 16, 52, 1, 709000),)",2a3c600d
408651726,-778351267,3368,1:39:15.960000,"(datetime.datetime(2026, 9, 29, 16, 52, 1, 915000),)",2a3c600a
408652066,-778349590,3354,1:39:16.030000,"(datetime.datetime(2026, 9, 29, 16, 52, 1, 988000),)",2a3c600d
408651727,-778351267,3368,1:39:16.050000,"(datetime.datetime(2026, 9, 29, 16, 52, 2, 6000),)",2a3c600a
408652048,-778349690,3353,1:39:16.090000,"(datetime.datetime(2026, 9, 29, 16, 52, 2, 41000),)",2a3c600d
408651722,-778351272,3367,1:39:16.100000,"(datetime.datetime(2026, 9, 29, 16, 52, 2, 59000),)",2a3c600a
408652041,-778349728,3353,1:39:16.160000,"(datetime.datetime(2026, 9, 29, 16, 52, 2, 111000),)",2a3c600d
408651721,-778351270,3367,1:39:16.180000,"(datetime.datetime(2026, 9, 29, 16, 52, 2, 131000),)",2a3c600a
408652041,-778349728,3353,1:39:16.240000,"(datetime.datetime(2026, 9, 29, 16, 52, 2, 193000),)",2a3c600d
408651723,-778351268,3367,1:39:16.260000,"(datetime.datetime(2026, 9, 29, 16, 52, 2, 216000),)",2a3c600a
408652031,-778349768,3353,1:39:16.310000,"(datetime.datetime(2026, 9, 29, 16, 52, 2, 263000),)",2a3c600d
408651721,-778351267,3368,1:39:16.330000,"(datetime.datetime(2026, 9, 29, 16, 52, 2, 288000),)",2a3c600a
408652022,-778349807,3353,1:39:16.380000,"(datetime.datetime(2026, 9, 29, 16, 52, 2, 335000),)",2a3c600d
408651723,-778351267,3367,1:39:16.400000,"(datetime.datetime(2026, 9, 29, 16, 52, 2, 355000),)",2a3c600a
408652014,-778349843,3353,1:39:16.450000,"(datetime.datetime(2026, 9, 29, 16, 52, 2, 404000),)",2a3c600d
408651721,-778351268,3367,1:39:16.470000,"(datetime.datetime(2026, 9, 29, 16, 52, 2, 423000),)",2a3c600a
408652010,-778349877,3354,1:39:16.520000,"(datetime.datetime(2026, 9, 29, 16, 52, 2, 479000),)",2a3c600d
408651722,-778351268,3367,1:39:16.540000,"(datetime.datetime(2026, 9, 29, 16, 52, 2, 500000),)",2a3c600a
408652001,-778349910,3354,1:39:16.590000,"(datetime.datetime(2026, 9, 29, 16, 52, 2, 549000),)",2a3c600d
408651721,-778351267,3367,1:39:16.610000,"(datetime.datetime(2026, 9, 29, 16, 52, 2, 567000),)",2a3c600a
408651995,-778349941,3354,1:39:16.670000,"(datetime.datetime(2026, 9, 29, 16, 52, 2, 621000),)",2a3c600d
408651722,-778351267,3367,1:39:16.680000,"(datetime.datetime(2026, 9, 29, 16, 52, 2, 640000),)",2a3c600a
408651990,-778349969,3354,1:39:16.740000,"(datetime.datetime(2026, 9, 29, 16, 52, 2, 695000),)",2a3c600d
408651720,-778351269,3367,1:39:16.760000,"(datetime.datetime(2026, 9, 29, 16, 52, 2, 712000),)",2a3c600a
408651984,-778349996,3353,1:39:16.810000,"(datetime.datetime(2026, 9, 29, 16, 52, 2, 765000),)",2a3c600d
408651719,-778351269,3367,1:39:16.830000,"(datetime.datetime(2026, 9, 29, 16, 52, 2, 786000),)",2a3c600a
408651976,-778350029,3354,1:39:16.890000,"(datetime.datetime(2026, 9, 29, 16, 52, 2, 844000),)",2a3c600d
408651719,-778351269,3367,1:39:16.910000,"(datetime.datetime(2026, 9, 29, 16, 52, 2, 862000),)",2a3c600a
408651972,-778350045,3354,1:39:16.960000,"(datetime.datetime(2026, 9, 29, 16, 52, 2, 917000),)",2a3c600d
408651719,-778351269,3367,1:39:16.980000,"(datetime.datetime(2026, 9, 29, 16, 52, 2, 937000),)",2a3c600a
408651969,-778350067,3354,1:39:17.040000,"(datetime.datetime(2026, 9, 29, 16, 52, 2, 996000),)",2a3c600d
408651719,-778351269,3367,1:39:17.060000,"(datetime.datetime(2026, 9, 29, 16, 52, 3, 15000),)",2a3c600a
408651965,-778350087,3354,1:39:17.120000,"(datetime.datetime(2026, 9, 29, 16, 52, 3, 71000),)",2a3c600d
408651719,-778351269,3367,1:39:17.130000,"(datetime.datetime(2026, 9, 29, 16, 52, 3, 88000),)",2a3c600a
408651962,-778350103,3354,1:39:17.190000,"(datetime.datetime(2026, 9, 29, 16, 52, 3, 143000),)",2a3c600d
408651719,-778351269,3367,1:39:17.210000,"(datetime.datetime(2026, 9, 29, 16, 52, 3, 162000),)",2a3c600a
408651952,-778350133,3354,1:39:17.260000,"(datetime.datetime(2026, 9, 29, 16, 52, 3, 220000),)",2a3c600d
408651719,-778351269,3367,1:39:17.280000,"(datetime.datetime(2026, 9, 29, 16, 52, 3, 239000),)",2a3c600a
408651950,-778350145,3354,1:39:17.350000,"(datetime.datetime(2026, 9, 29, 16, 52, 3, 304000),)",2a3c600d
408651719,-778351269,3367,1:39:17.370000,"(datetime.datetime(2026, 9, 29, 16, 52, 3, 324000),)",2a3c600a
408651950,-778350145,3354,1:39:17.430000,"(datetime.datetime(2026, 9, 29, 16, 52, 3, 386000),)",2a3c600d
408651719,-778351269,3367,1:39:17.450000,"(datetime.datetime(2026, 9, 29, 16, 52, 3, 407000),)",2a3c600a
408651951,-778350156,3354,1:39:17.500000,"(datetime.datetime(2026, 9, 29, 16, 52, 3, 457000),)",2a3c600d
408651719,-778351269,3367,1:39:17.520000,"(datetime.datetime(2026, 9, 29, 16, 52, 3, 476000),)",2a3c600a
408651948,-778350168,3354,1:39:17.570000,"(datetime.datetime(2026, 9, 29, 16, 52, 3, 530000),)",2a3c600d
408651719,-778351270,3367,1:39:17.590000,"(datetime.datetime(2026, 9, 29, 16, 52, 3, 548000),)",2a3c600a
408651943,-778350179,3354,1:39:17.650000,"(datetime.datetime(2026, 9, 29, 16, 52, 3, 605000),)",2a3c600d
408651719,-778351270,3367,1:39:17.670000,"(datetime.datetime(2026, 9, 29, 16, 52, 3, 627000),)",2a3c600a
408651943,-778350183,3354,1:39:17.730000,"(datetime.datetime(2026, 9, 29, 16, 52, 3, 686000),)",2a3c600d
408651719,-778351270,3367,1:39:17.750000,"(datetime.datetime(2026, 9, 29, 16, 52, 3, 705000),)",2a3c600a
408651940,-778350190,3354,1:39:17.810000,"(datetime.datetime(2026, 9, 29, 16, 52, 3, 761000),)",2a3c600d
408651719,-778351270,3367,1:39:17.820000,"(datetime.datetime(2026, 9, 29, 16, 52, 3, 779000),)",2a3c600a
408651939,-778350196,3354,1:39:17.890000,"(datetime.datetime(2026, 9, 29, 16, 52, 3, 841000),)",2a3c600d
408651719,-778351270,3367,1:39:17.900000,"(datetime.datetime(2026, 9, 29, 16, 52, 3, 859000),)",2a3c600a
408651936,-778350201,3354,1:39:17.960000,"(datetime.datetime(2026, 9, 29, 16, 52, 3, 910000),)",2a3c600d
408651719,-778351270,3367,1:39:17.970000,"(datetime.datetime(2026, 9, 29, 16, 52, 3, 928000),)",2a3c600a
408651935,-778350205,3354,1:39:18.020000,"(datetime.datetime(2026, 9, 29, 16, 52, 3, 980000),)",2a3c600d
408651719,-778351270,3367,1:39:18.040000,"(datetime.datetime(2026, 9, 29, 16, 52, 3, 998000),)",2a3c600a
408651935,-778350210,3354,1:39:18.090000,"(datetime.datetime(2026, 9, 29, 16, 52, 4, 50000),)",2a3c600d
408651719,-778351270,3367,1:39:18.110000,"(datetime.datetime(2026, 9, 29, 16, 52, 4, 68000),)",2a3c600a
408651935,-778350210,3354,1:39:18.180000,"(datetime.datetime(2026, 9, 29, 16, 52, 4, 138000),)",2a3c600d
408651719,-778351270,3367,1:39:18.230000,"(datetime.datetime(2026, 9, 29, 16, 52, 4, 187000),)",2a3c600a
408651933,-778350214,3354,1:39:18.250000,"(datetime.datetime(2026, 9, 29, 16, 52, 4, 208000),)",2a3c600d
408651719,-778351270,3367,1:39:18.310000,"(datetime.datetime(2026, 9, 29, 16, 52, 4, 263000),)",2a3c600a
408651934,-778350214,3354,1:39:18.330000,"(datetime.datetime(2026, 9, 29, 16, 52, 4, 282000),)",2a3c600d
408651719,-778351270,3367,1:39:18.380000,"(datetime.datetime(2026, 9, 29, 16, 52, 4, 340000),)",2a3c600a
408651939,-778350219,3354,1:39:18.410000,"(datetime.datetime(2026, 9, 29, 16, 52, 4, 360000),)",2a3c600d
408651719,-778351270,3367,1:39:18.460000,"(datetime.datetime(2026, 9, 29, 16, 52, 4, 413000),)",2a3c600a
408651941,-778350216,3354,1:39:18.480000,"(datetime.datetime(2026, 9, 29, 16, 52, 4, 431000),)",2a3c600d
408651719,-778351270,3367,1:39:18.530000,"(datetime.datetime(2026, 9, 29, 16, 52, 4, 482000),)",2a3c600a
408651937,-778350215,3354,1:39:18.550000,"(datetime.datetime(2026, 9, 29, 16, 52, 4, 501000),)",2a3c600d
408651719,-778351270,3367,1:39:18.600000,"(datetime.datetime(2026, 9, 29, 16, 52, 4, 557000),)",2a3c600a
408651939,-778350215,3354,1:39:18.620000,"(datetime.datetime(2026, 9, 29, 16, 52, 4, 576000),)",2a3c600d
408651719,-778351270,3367,1:39:18.680000,"(datetime.datetime(2026, 9, 29, 16, 52, 4, 640000),)",2a3c600a
408651939,-778350214,3354,1:39:18.700000,"(datetime.datetime(2026, 9, 29, 16, 52, 4, 658000),)",2a3c600d
408651719,-778351270,3367,1:39:18.770000,"(datetime.datetime(2026, 9, 29, 16, 52, 4, 724000),)",2a3c600a
408651937,-778350215,3354,1:39:18.790000,"(datetime.datetime(2026, 9, 29, 16, 52, 4, 741000),)",2a3c600d
408651719,-778351270,3367,1:39:18.870000,"(datetime.datetime(2026, 9, 29, 16, 52, 4, 825000),)",2a3c600a
408651937,-778350215,3354,1:39:18.910000,"(datetime.datetime(2026, 9, 29, 16, 52, 4, 870000),)",2a3c600d
408651719,-778351270,3367,1:39:18.930000,"(datetime.datetime(2026, 9, 29, 16, 52, 4, 887000),)",2a3c600a
408651937,-778350214,3354,1:39:18.990000,"(datetime.datetime(2026, 9, 29, 16, 52, 4, 945000),)",2a3c600d
408651719,-778351270,3367,1:39:19.010000,"(datetime.datetime(2026, 9, 29, 16, 52, 4, 964000),)",2a3c600a
408651938,-778350215,3354,1:39:19.070000,"(datetime.datetime(2026, 9, 29, 16, 52, 5, 24000),)",2a3c600d
408651719,-778351270,3367,1:39:19.090000,"(datetime.datetime(2026, 9, 29, 16, 52, 5, 47000),)",2a3c600a
408651937,-778350214,3354,1:39:19.160000,"(datetime.datetime(2026, 9, 29, 16, 52, 5, 116000),)",2a3c600d
408651719,-778351270,3367,1:39:19.190000,"(datetime.datetime(2026, 9, 29, 16, 52, 5, 142000),)",2a3c600a
408651941,-778350217,3355,1:39:19.230000,"(datetime.datetime(2026, 9, 29, 16, 52, 5, 190000),)",2a3c600d
408651719,-778351270,3367,1:39:19.260000,"(datetime.datetime(2026, 9, 29, 16, 52, 5, 216000),)",2a3c600a
408651941,-778350215,3355,1:39:19.310000,"(datetime.datetime(2026, 9, 29, 16, 52, 5, 262000),)",2a3c600d
408651719,-778351270,3367,1:39:19.330000,"(datetime.datetime(2026, 9, 29, 16, 52, 5, 284000),)",2a3c600a
408651942,-778350216,3355,1:39:19.390000,"(datetime.datetime(2026, 9, 29, 16, 52, 5, 346000),)",2a3c600d
408651719,-778351270,3367,1:39:19.440000,"(datetime.datetime(2026, 9, 29, 16, 52, 5, 393000),)",2a3c600a
408651942,-778350216,3355,1:39:19.460000,"(datetime.datetime(2026, 9, 29, 16, 52, 5, 412000),)",2a3c600d
408651719,-778351270,3367,1:39:19.510000,"(datetime.datetime(2026, 9, 29, 16, 52, 5, 463000),)",2a3c600a
408651944,-778350216,3355,1:39:19.540000,"(datetime.datetime(2026, 9, 29, 16, 52, 5, 492000),)",2a3c600d
408651719,-778351270,3367,1:39:19.580000,"(datetime.datetime(2026, 9, 29, 16, 52, 5, 537000),)",2a3c600a
408651944,-778350216,3355,1:39:19.600000,"(datetime.datetime(2026, 9, 29, 16, 52, 5, 557000),)",2a3c600d
408651719,-778351270,3367,1:39:19.660000,"(datetime.datetime(2026, 9, 29, 16, 52, 5, 617000),)",2a3c600a
408651944,-778350216,3355,1:39:19.720000,"(datetime.datetime(2026, 9, 29, 16, 52, 5, 674000),)",2a3c600d
408651719,-778351270,3367,1:39:19.740000,"(datetime.datetime(2026, 9, 29, 16, 52, 5, 698000),)",2a3c600a
408651943,-778350215,3355,1:39:19.780000,"(datetime.datetime(2026, 9, 29, 16, 52, 5, 734000),)",2a3c600d
408651719,-778351270,3367,1:39:19.810000,"(datetime.datetime(2026, 9, 29, 16, 52, 5, 761000),)",2a3c600a
408651945,-778350216,3355,1:39:19.870000,"(datetime.datetime(2026, 9, 29, 16, 52, 5, 824000),)",2a3c600d
408651719,-778351270,3367,1:39:19.920000,"(datetime.datetime(2026, 9, 29, 16, 52, 5, 876000),)",2a3c600a
408651945,-778350216,3355,1:39:19.970000,"(datetime.datetime(2026, 9, 29, 16, 52, 5, 924000),)",2a3c600d
408651713,-778351297,3366,1:39:19.990000,"(datetime.datetime(2026, 9, 29, 16, 52, 5, 945000),)",2a3c600a
408651945,-778350216,3355,1:39:20.040000,"(datetime.datetime(2026, 9, 29, 16, 52, 5, 995000),)",2a3c600d
408651710,-778351302,3366,1:39:20.060000,"(datetime.datetime(2026, 9, 29, 16, 52, 6, 15000),)",2a3c600a
408651945,-778350216,3355,1:39:20.120000,"(datetime.datetime(2026, 9, 29, 16, 52, 6, 77000),)",2a3c600d
408651708,-778351312,3367,1:39:20.140000,"(datetime.datetime(2026, 9, 29, 16, 52, 6, 96000),)",2a3c600a
408651945,-778350216,3355,1:39:20.190000,"(datetime.datetime(2026, 9, 29, 16, 52, 6, 150000),)",2a3c600d
408651706,-778351324,3367,1:39:20.270000,"(datetime.datetime(2026, 9, 29, 16, 52, 6, 227000),)",2a3c600a
408651945,-778350216,3355,1:39:20.340000,"(datetime.datetime(2026, 9, 29, 16, 52, 6, 293000),)",2a3c600d
408651702,-778351344,3367,1:39:20.370000,"(datetime.datetime(2026, 9, 29, 16, 52, 6, 324000),)",2a3c600a
408651945,-778350216,3355,1:39:20.400000,"(datetime.datetime(2026, 9, 29, 16, 52, 6, 352000),)",2a3c600d
408651697,-778351367,3367,1:39:20.440000,"(datetime.datetime(2026, 9, 29, 16, 52, 6, 394000),)",2a3c600a
408651945,-778350216,3355,1:39:20.460000,"(datetime.datetime(2026, 9, 29, 16, 52, 6, 413000),)",2a3c600d
408651690,-778351395,3366,1:39:20.520000,"(datetime.datetime(2026, 9, 29, 16, 52, 6, 472000),)",2a3c600a
408651945,-778350216,3355,1:39:20.540000,"(datetime.datetime(2026, 9, 29, 16, 52, 6, 493000),)",2a3c600d
408651684,-778351427,3367,1:39:20.590000,"(datetime.datetime(2026, 9, 29, 16, 52, 6, 543000),)",2a3c600a
408651945,-778350216,3355,1:39:20.610000,"(datetime.datetime(2026, 9, 29, 16, 52, 6, 564000),)",2a3c600d
408651676,-778351465,3367,1:39:20.660000,"(datetime.datetime(2026, 9, 29, 16, 52, 6, 616000),)",2a3c600a
408651945,-778350216,3355,1:39:20.680000,"(datetime.datetime(2026, 9, 29, 16, 52, 6, 635000),)",2a3c600d
408651668,-778351503,3366,1:39:20.740000,"(datetime.datetime(2026, 9, 29, 16, 52, 6, 698000),)",2a3c600a
408651945,-778350216,3355,1:39:20.760000,"(datetime.datetime(2026, 9, 29, 16, 52, 6, 718000),)",2a3c600d
408651646,-778351529,3366,1:39:20.810000,"(datetime.datetime(2026, 9, 29, 16, 52, 6, 770000),)",2a3c600a
408651946,-778350216,3355,1:39:20.830000,"(datetime.datetime(2026, 9, 29, 16, 52, 6, 789000),)",2a3c600d
408651637,-778351582,3366,1:39:20.890000,"(datetime.datetime(2026, 9, 29, 16, 52, 6, 846000),)",2a3c600a
408651946,-778350216,3355,1:39:20.910000,"(datetime.datetime(2026, 9, 29, 16, 52, 6, 870000),)",2a3c600d
408651626,-778351630,3366,1:39:20.960000,"(datetime.datetime(2026, 9, 29, 16, 52, 6, 919000),)",2a3c600a
408651946,-778350216,3355,1:39:20.980000,"(datetime.datetime(2026, 9, 29, 16, 52, 6, 938000),)",2a3c600d
408651616,-778351687,3366,1:39:21.030000,"(datetime.datetime(2026, 9, 29, 16, 52, 6, 989000),)",2a3c600a
408651946,-778350216,3355,1:39:21.050000,"(datetime.datetime(2026, 9, 29, 16, 52, 7, 9000),)",2a3c600d
408651605,-778351739,3366,1:39:21.110000,"(datetime.datetime(2026, 9, 29, 16, 52, 7, 66000),)",2a3c600a
408651946,-778350216,3355,1:39:21.130000,"(datetime.datetime(2026, 9, 29, 16, 52, 7, 89000),)",2a3c600d
408651592,-778351799,3366,1:39:21.190000,"(datetime.datetime(2026, 9, 29, 16, 52, 7, 145000),)",2a3c600a
408651946,-778350216,3355,1:39:21.250000,"(datetime.datetime(2026, 9, 29, 16, 52, 7, 207000),)",2a3c600d
408651581,-778351863,3366,1:39:21.270000,"(datetime.datetime(2026, 9, 29, 16, 52, 7, 227000),)",2a3c600a
408651946,-778350216,3355,1:39:21.320000,"(datetime.datetime(2026, 9, 29, 16, 52, 7, 276000),)",2a3c600d
408651567,-778351927,3366,1:39:21.340000,"(datetime.datetime(2026, 9, 29, 16, 52, 7, 300000),)",2a3c600a
408651946,-778350216,3355,1:39:21.390000,"(datetime.datetime(2026, 9, 29, 16, 52, 7, 346000),)",2a3c600d
408651555,-778351996,3366,1:39:21.410000,"(datetime.datetime(2026, 9, 29, 16, 52, 7, 368000),)",2a3c600a
408651946,-778350216,3355,1:39:21.470000,"(datetime.datetime(2026, 9, 29, 16, 52, 7, 423000),)",2a3c600d
408651542,-778352066,3366,1:39:21.490000,"(datetime.datetime(2026, 9, 29, 16, 52, 7, 446000),)",2a3c600a
408651946,-778350216,3355,1:39:21.540000,"(datetime.datetime(2026, 9, 29, 16, 52, 7, 497000),)",2a3c600d
408651527,-778352118,3364,1:39:21.560000,"(datetime.datetime(2026, 9, 29, 16, 52, 7, 519000),)",2a3c600a
408651923,-778350319,3355,1:39:21.610000,"(datetime.datetime(2026, 9, 29, 16, 52, 7, 562000),)",2a3c600d
408651513,-778352202,3364,1:39:21.630000,"(datetime.datetime(2026, 9, 29, 16, 52, 7, 582000),)",2a3c600a
408651917,-778350345,3355,1:39:21.680000,"(datetime.datetime(2026, 9, 29, 16, 52, 7, 639000),)",2a3c600d
408651497,-778352279,3364,1:39:21.700000,"(datetime.datetime(2026, 9, 29, 16, 52, 7, 657000),)",2a3c600a
408651910,-778350372,3355,1:39:21.750000,"(datetime.datetime(2026, 9, 29, 16, 52, 7, 706000),)",2a3c600d
408651482,-778352360,3364,1:39:21.770000,"(datetime.datetime(2026, 9, 29, 16, 52, 7, 724000),)",2a3c600a
408651902,-778350402,3355,1:39:21.830000,"(datetime.datetime(2026, 9, 29, 16, 52, 7, 790000),)",2a3c600d
408651466,-778352441,3363,1:39:21.890000,"(datetime.datetime(2026, 9, 29, 16, 52, 7, 844000),)",2a3c600a
408651895,-778350437,3355,1:39:21.910000,"(datetime.datetime(2026, 9, 29, 16, 52, 7, 867000),)",2a3c600d
408651450,-778352528,3364,1:39:21.950000,"(datetime.datetime(2026, 9, 29, 16, 52, 7, 901000),)",2a3c600a
408651886,-778350472,3355,1:39:21.990000,"(datetime.datetime(2026, 9, 29, 16, 52, 7, 943000),)",2a3c600d
408651433,-778352616,3364,1:39:22.010000,"(datetime.datetime(2026, 9, 29, 16, 52, 7, 967000),)",2a3c600a
408651875,-778350511,3355,1:39:22.080000,"(datetime.datetime(2026, 9, 29, 16, 52, 8, 32000),)",2a3c600d
408651418,-778352702,3363,1:39:22.100000,"(datetime.datetime(2026, 9, 29, 16, 52, 8, 55000),)",2a3c600a
408651867,-778350553,3355,1:39:22.150000,"(datetime.datetime(2026, 9, 29, 16, 52, 8, 106000),)",2a3c600d
408651399,-778352794,3363,1:39:22.190000,"(datetime.datetime(2026, 9, 29, 16, 52, 8, 144000),)",2a3c600a
408651860,-778350595,3355,1:39:22.220000,"(datetime.datetime(2026, 9, 29, 16, 52, 8, 180000),)",2a3c600d
408651381,-778352886,3364,1:39:22.270000,"(datetime.datetime(2026, 9, 29, 16, 52, 8, 228000),)",2a3c600a
408651852,-778350643,3355,1:39:22.300000,"(datetime.datetime(2026, 9, 29, 16, 52, 8, 252000),)",2a3c600d
408651365,-778352959,3365,1:39:22.320000,"(datetime.datetime(2026, 9, 29, 16, 52, 8, 272000),)",2a3c600a
408651843,-778350686,3354,1:39:22.370000,"(datetime.datetime(2026, 9, 29, 16, 52, 8, 323000),)",2a3c600d
408651345,-778353065,3364,1:39:22.390000,"(datetime.datetime(2026, 9, 29, 16, 52, 8, 343000),)",2a3c600a
408651831,-778350745,3354,1:39:22.450000,"(datetime.datetime(2026, 9, 29, 16, 52, 8, 406000),)",2a3c600d
408651326,-778353163,3364,1:39:22.510000,"(datetime.datetime(2026, 9, 29, 16, 52, 8, 467000),)",2a3c600a
408651818,-778350799,3354,1:39:22.540000,"(datetime.datetime(2026, 9, 29, 16, 52, 8, 491000),)",2a3c600d
408651306,-778353262,3364,1:39:22.570000,"(datetime.datetime(2026, 9, 29, 16, 52, 8, 524000),)",2a3c600a
408651806,-778350857,3354,1:39:22.650000,"(datetime.datetime(2026, 9, 29, 16, 52, 8, 605000),)",2a3c600d
408651286,-778353367,3364,1:39:22.690000,"(datetime.datetime(2026, 9, 29, 16, 52, 8, 644000),)",2a3c600a
408651789,-778350916,3354,1:39:22.710000,"(datetime.datetime(2026, 9, 29, 16, 52, 8, 662000),)",2a3c600d
408651264,-778353471,3364,1:39:22.770000,"(datetime.datetime(2026, 9, 29, 16, 52, 8, 729000),)",2a3c600a
408651776,-778350980,3353,1:39:22.840000,"(datetime.datetime(2026, 9, 29, 16, 52, 8, 791000),)",2a3c600d
408651243,-778353579,3364,1:39:22.890000,"(datetime.datetime(2026, 9, 29, 16, 52, 8, 849000),)",2a3c600a
408651764,-778351046,3354,1:39:22.940000,"(datetime.datetime(2026, 9, 29, 16, 52, 8, 895000),)",2a3c600d
408651220,-778353689,3364,1:39:22.960000,"(datetime.datetime(2026, 9, 29, 16, 52, 8, 918000),)",2a3c600a
408651746,-778351114,3353,1:39:23.010000,"(datetime.datetime(2026, 9, 29, 16, 52, 8, 969000),)",2a3c600d
408651196,-778353800,3364,1:39:23.030000,"(datetime.datetime(2026, 9, 29, 16, 52, 8, 990000),)",2a3c600a
408651730,-778351186,3353,1:39:23.090000,"(datetime.datetime(2026, 9, 29, 16, 52, 9, 42000),)",2a3c600d
408651174,-778353912,3364,1:39:23.110000,"(datetime.datetime(2026, 9, 29, 16, 52, 9, 64000),)",2a3c600a
408651713,-778351260,3353,1:39:23.160000,"(datetime.datetime(2026, 9, 29, 16, 52, 9, 120000),)",2a3c600d
408651154,-778354019,3364,1:39:23.210000,"(datetime.datetime(2026, 9, 29, 16, 52, 9, 164000),)",2a3c600a
408651674,-778351344,3355,1:39:23.250000,"(datetime.datetime(2026, 9, 29, 16, 52, 9, 202000),)",2a3c600d
408651128,-778354141,3364,1:39:23.290000,"(datetime.datetime(2026, 9, 29, 16, 52, 9, 248000),)",2a3c600a
408651654,-778351431,3355,1:39:23.350000,"(datetime.datetime(2026, 9, 29, 16, 52, 9, 301000),)",2a3c600d
408651103,-778354257,3363,1:39:23.400000,"(datetime.datetime(2026, 9, 29, 16, 52, 9, 356000),)",2a3c600a
408651635,-778351513,3355,1:39:23.450000,"(datetime.datetime(2026, 9, 29, 16, 52, 9, 402000),)",2a3c600d
408651077,-778354380,3364,1:39:23.490000,"(datetime.datetime(2026, 9, 29, 16, 52, 9, 449000),)",2a3c600a
408651619,-778351597,3355,1:39:23.550000,"(datetime.datetime(2026, 9, 29, 16, 52, 9, 501000),)",2a3c600d
408651049,-778354501,3364,1:39:23.600000,"(datetime.datetime(2026, 9, 29, 16, 52, 9, 550000),)",2a3c600a
408651598,-778351687,3355,1:39:23.650000,"(datetime.datetime(2026, 9, 29, 16, 52, 9, 602000),)",2a3c600d
408651025,-778354624,3363,1:39:23.690000,"(datetime.datetime(2026, 9, 29, 16, 52, 9, 649000),)",2a3c600a
408651579,-778351775,3355,1:39:23.750000,"(datetime.datetime(2026, 9, 29, 16, 52, 9, 701000),)",2a3c600d
408650997,-778354749,3364,1:39:23.790000,"(datetime.datetime(2026, 9, 29, 16, 52, 9, 750000),)",2a3c600a
408651557,-778351867,3355,1:39:23.850000,"(datetime.datetime(2026, 9, 29, 16, 52, 9, 801000),)",2a3c600d
408650970,-778354877,3364,1:39:23.890000,"(datetime.datetime(2026, 9, 29, 16, 52, 9, 849000),)",2a3c600a
408651540,-778351962,3355,1:39:23.960000,"(datetime.datetime(2026, 9, 29, 16, 52, 9, 917000),)",2a3c600d
408650943,-778355005,3363,1:39:24,"(datetime.datetime(2026, 9, 29, 16, 52, 9, 950000),)",2a3c600a
408651518,-778352057,3355,1:39:24.050000,"(datetime.datetime(2026, 9, 29, 16, 52, 10, 1000),)",2a3c600d
408650915,-778355137,3363,1:39:24.090000,"(datetime.datetime(2026, 9, 29, 16, 52, 10, 49000),)",2a3c600a
408651494,-778352152,3355,1:39:24.160000,"(datetime.datetime(2026, 9, 29, 16, 52, 10, 113000),)",2a3c600d
408650894,-778355271,3363,1:39:24.210000,"(datetime.datetime(2026, 9, 29, 16, 52, 10, 165000),)",2a3c600a
408651499,-778352240,3354,1:39:24.250000,"(datetime.datetime(2026, 9, 29, 16, 52, 10, 204000),)",2a3c600d
408650862,-778355410,3363,1:39:24.290000,"(datetime.datetime(2026, 9, 29, 16, 52, 10, 250000),)",2a3c600a
408651473,-778352346,3354,1:39:24.350000,"(datetime.datetime(2026, 9, 29, 16, 52, 10, 302000),)",2a3c600d
408650834,-778355546,3363,1:39:24.400000,"(datetime.datetime(2026, 9, 29, 16, 52, 10, 357000),)",2a3c600a
408651449,-778352448,3354,1:39:24.450000,"(datetime.datetime(2026, 9, 29, 16, 52, 10, 406000),)",2a3c600d
408650805,-778355682,3363,1:39:24.500000,"(datetime.datetime(2026, 9, 29, 16, 52, 10, 455000),)",2a3c600a
408651428,-778352551,3354,1:39:24.550000,"(datetime.datetime(2026, 9, 29, 16, 52, 10, 501000),)",2a3c600d
408650776,-778355816,3363,1:39:24.590000,"(datetime.datetime(2026, 9, 29, 16, 52, 10, 548000),)",2a3c600a
408651405,-778352656,3354,1:39:24.650000,"(datetime.datetime(2026, 9, 29, 16, 52, 10, 601000),)",2a3c600d
408650746,-778355955,3363,1:39:24.690000,"(datetime.datetime(2026, 9, 29, 16, 52, 10, 650000),)",2a3c600a
408651382,-778352762,3353,1:39:24.750000,"(datetime.datetime(2026, 9, 29, 16, 52, 10, 706000),)",2a3c600d
408650715,-778356093,3362,1:39:24.820000,"(datetime.datetime(2026, 9, 29, 16, 52, 10, 773000),)",2a3c600a
408651359,-778352868,3353,1:39:24.890000,"(datetime.datetime(2026, 9, 29, 16, 52, 10, 848000),)",2a3c600d
408650685,-778356234,3362,1:39:24.920000,"(datetime.datetime(2026, 9, 29, 16, 52, 10, 879000),)",2a3c600a
408651334,-778352978,3353,1:39:24.950000,"(datetime.datetime(2026, 9, 29, 16, 52, 10, 910000),)",2a3c600d
408650651,-778356378,3362,1:39:25,"(datetime.datetime(2026, 9, 29, 16, 52, 10, 952000),)",2a3c600a
408651311,-778353087,3353,1:39:25.050000,"(datetime.datetime(2026, 9, 29, 16, 52, 11, 1000),)",2a3c600d
408650617,-778356521,3362,1:39:25.090000,"(datetime.datetime(2026, 9, 29, 16, 52, 11, 49000),)",2a3c600a
408651286,-778353201,3353,1:39:25.150000,"(datetime.datetime(2026, 9, 29, 16, 52, 11, 103000),)",2a3c600d
408650582,-778356673,3362,1:39:25.190000,"(datetime.datetime(2026, 9, 29, 16, 52, 11, 149000),)",2a3c600a
408651271,-778353306,3354,1:39:25.250000,"(datetime.datetime(2026, 9, 29, 16, 52, 11, 201000),)",2a3c600d
408650548,-778356822,3361,1:39:25.290000,"(datetime.datetime(2026, 9, 29, 16, 52, 11, 249000),)",2a3c600a
408651246,-778353426,3354,1:39:25.350000,"(datetime.datetime(2026, 9, 29, 16, 52, 11, 302000),)",2a3c600d
408650514,-778356971,3361,1:39:25.410000,"(datetime.datetime(2026, 9, 29, 16, 52, 11, 361000),)",2a3c600a
408651222,-778353542,3354,1:39:25.460000,"(datetime.datetime(2026, 9, 29, 16, 52, 11, 416000),)",2a3c600d
408650481,-778357118,3360,1:39:25.490000,"(datetime.datetime(2026, 9, 29, 16, 52, 11, 449000),)",2a3c600a
408651194,-778353661,3354,1:39:25.550000,"(datetime.datetime(2026, 9, 29, 16, 52, 11, 504000),)",2a3c600d
408650446,-778357268,3360,1:39:25.590000,"(datetime.datetime(2026, 9, 29, 16, 52, 11, 549000),)",2a3c600a
408651169,-778353781,3354,1:39:25.650000,"(datetime.datetime(2026, 9, 29, 16, 52, 11, 601000),)",2a3c600d
408650409,-778357418,3360,1:39:25.690000,"(datetime.datetime(2026, 9, 29, 16, 52, 11, 650000),)",2a3c600a
408651144,-778353904,3354,1:39:25.750000,"(datetime.datetime(2026, 9, 29, 16, 52, 11, 702000),)",2a3c600d
408650374,-778357568,3360,1:39:25.800000,"(datetime.datetime(2026, 9, 29, 16, 52, 11, 751000),)",2a3c600a
408651118,-778354026,3354,1:39:25.850000,"(datetime.datetime(2026, 9, 29, 16, 52, 11, 803000),)",2a3c600d
408650339,-778357716,3360,1:39:25.900000,"(datetime.datetime(2026, 9, 29, 16, 52, 11, 852000),)",2a3c600a
408651089,-778354150,3353,1:39:25.950000,"(datetime.datetime(2026, 9, 29, 16, 52, 11, 901000),)",2a3c600d
408650303,-778357866,3360,1:39:25.990000,"(datetime.datetime(2026, 9, 29, 16, 52, 11, 949000),)",2a3c600a
408651065,-778354275,3354,1:39:26.050000,"(datetime.datetime(2026, 9, 29, 16, 52, 12, 1000),)",2a3c600d
408650267,-778358015,3360,1:39:26.090000,"(datetime.datetime(2026, 9, 29, 16, 52, 12, 50000),)",2a3c600a
408651039,-778354402,3354,1:39:26.150000,"(datetime.datetime(2026, 9, 29, 16, 52, 12, 101000),)",2a3c600d
408650233,-778358160,3359,1:39:26.190000,"(datetime.datetime(2026, 9, 29, 16, 52, 12, 149000),)",2a3c600a
408651017,-778354535,3355,1:39:26.250000,"(datetime.datetime(2026, 9, 29, 16, 52, 12, 201000),)",2a3c600d
408650197,-778358311,3357,1:39:26.290000,"(datetime.datetime(2026, 9, 29, 16, 52, 12, 249000),)",2a3c600a
408650988,-778354670,3355,1:39:26.350000,"(datetime.datetime(2026, 9, 29, 16, 52, 12, 301000),)",2a3c600d
408650157,-778358460,3358,1:39:26.400000,"(datetime.datetime(2026, 9, 29, 16, 52, 12, 359000),)",2a3c600a
408650961,-778354803,3355,1:39:26.450000,"(datetime.datetime(2026, 9, 29, 16, 52, 12, 401000),)",2a3c600d
408650119,-778358610,3358,1:39:26.500000,"(datetime.datetime(2026, 9, 29, 16, 52, 12, 454000),)",2a3c600a
408650933,-778354935,3354,1:39:26.550000,"(datetime.datetime(2026, 9, 29, 16, 52, 12, 509000),)",2a3c600d
408650079,-778358758,3358,1:39:26.590000,"(datetime.datetime(2026, 9, 29, 16, 52, 12, 549000),)",2a3c600a
408650903,-778355071,3354,1:39:26.650000,"(datetime.datetime(2026, 9, 29, 16, 52, 12, 601000),)",2a3c600d
408650042,-778358910,3358,1:39:26.690000,"(datetime.datetime(2026, 9, 29, 16, 52, 12, 648000),)",2a3c600a
408650873,-778355205,3354,1:39:26.750000,"(datetime.datetime(2026, 9, 29, 16, 52, 12, 701000),)",2a3c600d
408650000,-778359060,3358,1:39:26.800000,"(datetime.datetime(2026, 9, 29, 16, 52, 12, 755000),)",2a3c600a
408650844,-778355344,3354,1:39:26.850000,"(datetime.datetime(2026, 9, 29, 16, 52, 12, 803000),)",2a3c600d
408649963,-778359210,3358,1:39:26.900000,"(datetime.datetime(2026, 9, 29, 16, 52, 12, 852000),)",2a3c600a
408650817,-778355482,3354,1:39:26.950000,"(datetime.datetime(2026, 9, 29, 16, 52, 12, 900000),)",2a3c600d
408649923,-778359358,3357,1:39:27,"(datetime.datetime(2026, 9, 29, 16, 52, 12, 951000),)",2a3c600a
408650786,-778355624,3354,1:39:27.050000,"(datetime.datetime(2026, 9, 29, 16, 52, 13, 2000),)",2a3c600d
408649880,-778359511,3357,1:39:27.090000,"(datetime.datetime(2026, 9, 29, 16, 52, 13, 49000),)",2a3c600a
408650757,-778355764,3354,1:39:27.150000,"(datetime.datetime(2026, 9, 29, 16, 52, 13, 101000),)",2a3c600d
408649833,-778359653,3355,1:39:27.200000,"(datetime.datetime(2026, 9, 29, 16, 52, 13, 150000),)",2a3c600a
408650758,-778355900,3354,1:39:27.250000,"(datetime.datetime(2026, 9, 29, 16, 52, 13, 202000),)",2a3c600d
408649788,-778359807,3355,1:39:27.310000,"(datetime.datetime(2026, 9, 29, 16, 52, 13, 262000),)",2a3c600a
408650727,-778356045,3353,1:39:27.350000,"(datetime.datetime(2026, 9, 29, 16, 52, 13, 305000),)",2a3c600d
408649746,-778359959,3355,1:39:27.390000,"(datetime.datetime(2026, 9, 29, 16, 52, 13, 349000),)",2a3c600a
408650697,-778356190,3353,1:39:27.450000,"(datetime.datetime(2026, 9, 29, 16, 52, 13, 401000),)",2a3c600d
408649703,-778360114,3355,1:39:27.500000,"(datetime.datetime(2026, 9, 29, 16, 52, 13, 454000),)",2a3c600a
408650666,-778356334,3353,1:39:27.550000,"(datetime.datetime(2026, 9, 29, 16, 52, 13, 509000),)",2a3c600d
408649703,-778360114,3355,1:39:27.590000,"(datetime.datetime(2026, 9, 29, 16, 52, 13, 549000),)",2a3c600a
408650634,-778356479,3353,1:39:27.650000,"(datetime.datetime(2026, 9, 29, 16, 52, 13, 602000),)",2a3c600d
408649662,-778360269,3355,1:39:27.690000,"(datetime.datetime(2026, 9, 29, 16, 52, 13, 649000),)",2a3c600a
408650606,-778356627,3353,1:39:27.750000,"(datetime.datetime(2026, 9, 29, 16, 52, 13, 705000),)",2a3c600d
408649619,-778360423,3355,1:39:27.790000,"(datetime.datetime(2026, 9, 29, 16, 52, 13, 749000),)",2a3c600a
408650571,-778356777,3353,1:39:28.140000,"(datetime.datetime(2026, 9, 29, 16, 52, 14, 93000),)",2a3c600d
408649575,-778360581,3354,1:39:28.210000,"(datetime.datetime(2026, 9, 29, 16, 52, 14, 161000),)",2a3c600a
408650540,-778356925,3353,1:39:28.280000,"(datetime.datetime(2026, 9, 29, 16, 52, 14, 239000),)",2a3c600d
408649531,-778360737,3354,1:39:28.310000,"(datetime.datetime(2026, 9, 29, 16, 52, 14, 266000),)",2a3c600a
408650508,-778357075,3353,1:39:28.370000,"(datetime.datetime(2026, 9, 29, 16, 52, 14, 328000),)",2a3c600d
408649442,-778361052,3354,1:39:28.470000,"(datetime.datetime(2026, 9, 29, 16, 52, 14, 428000),)",2a3c600a
408650475,-778357225,3353,1:39:28.560000,"(datetime.datetime(2026, 9, 29, 16, 52, 14, 519000),)",2a3c600d
408649398,-778361211,3353,1:39:28.620000,"(datetime.datetime(2026, 9, 29, 16, 52, 14, 579000),)",2a3c600a
408650399,-778357365,3349,1:39:28.750000,"(datetime.datetime(2026, 9, 29, 16, 52, 14, 701000),)",2a3c600d
408649352,-778361372,3352,1:39:29.030000,"(datetime.datetime(2026, 9, 29, 16, 52, 14, 989000),)",2a3c600a
408650365,-778357520,3349,1:39:29.110000,"(datetime.datetime(2026, 9, 29, 16, 52, 15, 66000),)",2a3c600d
408649352,-778361372,3352,1:39:29.180000,"(datetime.datetime(2026, 9, 29, 16, 52, 15, 140000),)",2a3c600a
408650328,-778357674,3349,1:39:29.340000,"(datetime.datetime(2026, 9, 29, 16, 52, 15, 291000),)",2a3c600d
408649306,-778361534,3352,1:39:29.390000,"(datetime.datetime(2026, 9, 29, 16, 52, 15, 341000),)",2a3c600a
408650297,-778357827,3349,1:39:29.500000,"(datetime.datetime(2026, 9, 29, 16, 52, 15, 455000),)",2a3c600d
408649259,-778361697,3352,1:39:29.580000,"(datetime.datetime(2026, 9, 29, 16, 52, 15, 534000),)",2a3c600a
408650260,-778357983,3349,1:39:29.690000,"(datetime.datetime(2026, 9, 29, 16, 52, 15, 649000),)",2a3c600d
408649211,-778361859,3352,1:39:29.760000,"(datetime.datetime(2026, 9, 29, 16, 52, 15, 719000),)",2a3c600a
408650227,-778358137,3349,1:39:29.800000,"(datetime.datetime(2026, 9, 29, 16, 52, 15, 751000),)",2a3c600d
408649162,-778362021,3352,1:39:29.970000,"(datetime.datetime(2026, 9, 29, 16, 52, 15, 927000),)",2a3c600a
408650192,-778358294,3349,1:39:30.040000,"(datetime.datetime(2026, 9, 29, 16, 52, 16),)",2a3c600d
408649062,-778362348,3351,1:39:30.090000,"(datetime.datetime(2026, 9, 29, 16, 52, 16, 49000),)",2a3c600a
408650154,-778358449,3349,1:39:30.170000,"(datetime.datetime(2026, 9, 29, 16, 52, 16, 127000),)",2a3c600d
408649009,-778362512,3351,1:39:30.250000,"(datetime.datetime(2026, 9, 29, 16, 52, 16, 207000),)",2a3c600a
408650118,-778358610,3349,1:39:30.300000,"(datetime.datetime(2026, 9, 29, 16, 52, 16, 252000),)",2a3c600d
408648956,-778362675,3351,1:39:30.370000,"(datetime.datetime(2026, 9, 29, 16, 52, 16, 328000),)",2a3c600a
408650078,-778358766,3348,1:39:30.420000,"(datetime.datetime(2026, 9, 29, 16, 52, 16, 376000),)",2a3c600d
408648906,-778362832,3350,1:39:30.500000,"(datetime.datetime(2026, 9, 29, 16, 52, 16, 454000),)",2a3c600a
408650062,-778358928,3349,1:39:30.560000,"(datetime.datetime(2026, 9, 29, 16, 52, 16, 515000),)",2a3c600d
408648849,-778362998,3349,1:39:30.580000,"(datetime.datetime(2026, 9, 29, 16, 52, 16, 539000),)",2a3c600a
408650022,-778359089,3349,1:39:30.640000,"(datetime.datetime(2026, 9, 29, 16, 52, 16, 594000),)",2a3c600d
408648791,-778363162,3349,1:39:30.660000,"(datetime.datetime(2026, 9, 29, 16, 52, 16, 616000),)",2a3c600a
408649984,-778359251,3349,1:39:30.710000,"(datetime.datetime(2026, 9, 29, 16, 52, 16, 666000),)",2a3c600d
408648731,-778363326,3349,1:39:30.730000,"(datetime.datetime(2026, 9, 29, 16, 52, 16, 686000),)",2a3c600a
408649942,-778359411,3348,1:39:30.790000,"(datetime.datetime(2026, 9, 29, 16, 52, 16, 743000),)",2a3c600d
408648670,-778363489,3349,1:39:30.810000,"(datetime.datetime(2026, 9, 29, 16, 52, 16, 763000),)",2a3c600a
408649903,-778359574,3348,1:39:30.860000,"(datetime.datetime(2026, 9, 29, 16, 52, 16, 820000),)",2a3c600d
408648611,-778363653,3349,1:39:30.890000,"(datetime.datetime(2026, 9, 29, 16, 52, 16, 849000),)",2a3c600a
408649861,-778359736,3348,1:39:30.940000,"(datetime.datetime(2026, 9, 29, 16, 52, 16, 895000),)",2a3c600d
408648547,-778363815,3349,1:39:30.960000,"(datetime.datetime(2026, 9, 29, 16, 52, 16, 916000),)",2a3c600a
408649818,-778359901,3348,1:39:31.040000,"(datetime.datetime(2026, 9, 29, 16, 52, 16, 995000),)",2a3c600d
408648482,-778363978,3348,1:39:31.090000,"(datetime.datetime(2026, 9, 29, 16, 52, 17, 48000),)",2a3c600a
408649774,-778360063,3348,1:39:31.140000,"(datetime.datetime(2026, 9, 29, 16, 52, 17, 95000),)",2a3c600d
408648418,-778364140,3348,1:39:31.160000,"(datetime.datetime(2026, 9, 29, 16, 52, 17, 114000),)",2a3c600a
408649729,-778360230,3347,1:39:31.210000,"(datetime.datetime(2026, 9, 29, 16, 52, 17, 167000),)",2a3c600d
408648350,-778364301,3348,1:39:31.230000,"(datetime.datetime(2026, 9, 29, 16, 52, 17, 187000),)",2a3c600a
408649687,-778360392,3347,1:39:31.300000,"(datetime.datetime(2026, 9, 29, 16, 52, 17, 250000),)",2a3c600d
408648293,-778364461,3348,1:39:31.350000,"(datetime.datetime(2026, 9, 29, 16, 52, 17, 301000),)",2a3c600a
408649651,-778360552,3346,1:39:31.370000,"(datetime.datetime(2026, 9, 29, 16, 52, 17, 326000),)",2a3c600d
408648221,-778364624,3348,1:39:31.420000,"(datetime.datetime(2026, 9, 29, 16, 52, 17, 378000),)",2a3c600a
408649603,-778360718,3345,1:39:31.470000,"(datetime.datetime(2026, 9, 29, 16, 52, 17, 428000),)",2a3c600d
408648147,-778364784,3348,1:39:31.490000,"(datetime.datetime(2026, 9, 29, 16, 52, 17, 447000),)",2a3c600a
408649558,-778360885,3345,1:39:31.550000,"(datetime.datetime(2026, 9, 29, 16, 52, 17, 501000),)",2a3c600d
408648074,-778364943,3348,1:39:31.570000,"(datetime.datetime(2026, 9, 29, 16, 52, 17, 521000),)",2a3c600a
408649511,-778361050,3345,1:39:31.620000,"(datetime.datetime(2026, 9, 29, 16, 52, 17, 578000),)",2a3c600d
408647999,-778365101,3348,1:39:31.640000,"(datetime.datetime(2026, 9, 29, 16, 52, 17, 598000),)",2a3c600a
408649463,-778361218,3345,1:39:31.690000,"(datetime.datetime(2026, 9, 29, 16, 52, 17, 650000),)",2a3c600d
408647924,-778365260,3347,1:39:31.710000,"(datetime.datetime(2026, 9, 29, 16, 52, 17, 669000),)",2a3c600a
408649416,-778361386,3345,1:39:31.770000,"(datetime.datetime(2026, 9, 29, 16, 52, 17, 724000),)",2a3c600d
408647846,-778365416,3347,1:39:31.790000,"(datetime.datetime(2026, 9, 29, 16, 52, 17, 745000),)",2a3c600a
408649368,-778361552,3345,1:39:31.840000,"(datetime.datetime(2026, 9, 29, 16, 52, 17, 798000),)",2a3c600d
408647767,-778365573,3347,1:39:31.860000,"(datetime.datetime(2026, 9, 29, 16, 52, 17, 817000),)",2a3c600a
408649318,-778361719,3345,1:39:31.920000,"(datetime.datetime(2026, 9, 29, 16, 52, 17, 872000),)",2a3c600d
408647687,-778365727,3347,1:39:31.940000,"(datetime.datetime(2026, 9, 29, 16, 52, 17, 891000),)",2a3c600a
408649268,-778361885,3344,1:39:31.990000,"(datetime.datetime(2026, 9, 29, 16, 52, 17, 948000),)",2a3c600d
408647606,-778365881,3347,1:39:32.020000,"(datetime.datetime(2026, 9, 29, 16, 52, 17, 979000),)",2a3c600a
408649216,-778362052,3344,1:39:32.080000,"(datetime.datetime(2026, 9, 29, 16, 52, 18, 34000),)",2a3c600d
408647526,-778366043,3348,1:39:32.100000,"(datetime.datetime(2026, 9, 29, 16, 52, 18, 59000),)",2a3c600a
408649167,-778362200,3340,1:39:32.150000,"(datetime.datetime(2026, 9, 29, 16, 52, 18, 108000),)",2a3c600d
408647437,-778366194,3347,1:39:32.170000,"(datetime.datetime(2026, 9, 29, 16, 52, 18, 128000),)",2a3c600a
408649114,-778362367,3340,1:39:32.230000,"(datetime.datetime(2026, 9, 29, 16, 52, 18, 185000),)",2a3c600d
408647352,-778366345,3347,1:39:32.250000,"(datetime.datetime(2026, 9, 29, 16, 52, 18, 205000),)",2a3c600a
408649060,-778362534,3340,1:39:32.310000,"(datetime.datetime(2026, 9, 29, 16, 52, 18, 263000),)",2a3c600d
408647266,-778366497,3347,1:39:32.330000,"(datetime.datetime(2026, 9, 29, 16, 52, 18, 284000),)",2a3c600a
408649005,-778362700,3340,1:39:32.390000,"(datetime.datetime(2026, 9, 29, 16, 52, 18, 346000),)",2a3c600d
408647179,-778366646,3346,1:39:32.410000,"(datetime.datetime(2026, 9, 29, 16, 52, 18, 366000),)",2a3c600a
408648949,-778362866,3340,1:39:32.470000,"(datetime.datetime(2026, 9, 29, 16, 52, 18, 421000),)",2a3c600d
408648890,-778363031,3340,1:39:32.490000,"(datetime.datetime(2026, 9, 29, 16, 52, 18, 442000),)",2a3c600d
408647090,-778366796,3346,1:39:32.550000,"(datetime.datetime(2026, 9, 29, 16, 52, 18, 501000),)",2a3c600a
408647001,-778366943,3346,1:39:32.570000,"(datetime.datetime(2026, 9, 29, 16, 52, 18, 522000),)",2a3c600a
408648832,-778363197,3340,1:39:32.620000,"(datetime.datetime(2026, 9, 29, 16, 52, 18, 577000),)",2a3c600d
408646910,-778367088,3346,1:39:32.640000,"(datetime.datetime(2026, 9, 29, 16, 52, 18, 595000),)",2a3c600a
408648773,-778363362,3339,1:39:32.710000,"(datetime.datetime(2026, 9, 29, 16, 52, 18, 661000),)",2a3c600d
408646817,-778367235,3346,1:39:32.760000,"(datetime.datetime(2026, 9, 29, 16, 52, 18, 711000),)",2a3c600a
408648710,-778363526,3339,1:39:32.780000,"(datetime.datetime(2026, 9, 29, 16, 52, 18, 733000),)",2a3c600d
408646722,-778367380,3347,1:39:32.830000,"(datetime.datetime(2026, 9, 29, 16, 52, 18, 783000),)",2a3c600a
408648648,-778363691,3339,1:39:32.850000,"(datetime.datetime(2026, 9, 29, 16, 52, 18, 803000),)",2a3c600d
408646641,-778367525,3345,1:39:32.910000,"(datetime.datetime(2026, 9, 29, 16, 52, 18, 867000),)",2a3c600a
408648589,-778363859,3339,1:39:32.960000,"(datetime.datetime(2026, 9, 29, 16, 52, 18, 913000),)",2a3c600d
408646540,-778367669,3345,1:39:32.980000,"(datetime.datetime(2026, 9, 29, 16, 52, 18, 933000),)",2a3c600a
408648520,-778364023,3339,1:39:33.040000,"(datetime.datetime(2026, 9, 29, 16, 52, 18, 991000),)",2a3c600d
408646443,-778367812,3345,1:39:33.050000,"(datetime.datetime(2026, 9, 29, 16, 52, 19, 10000),)",2a3c600a
408648453,-778364186,3338,1:39:33.120000,"(datetime.datetime(2026, 9, 29, 16, 52, 19, 73000),)",2a3c600d
408646347,-778367954,3345,1:39:33.180000,"(datetime.datetime(2026, 9, 29, 16, 52, 19, 139000),)",2a3c600a
408648384,-778364347,3338,1:39:33.210000,"(datetime.datetime(2026, 9, 29, 16, 52, 19, 162000),)",2a3c600d
408646249,-778368097,3345,1:39:33.250000,"(datetime.datetime(2026, 9, 29, 16, 52, 19, 203000),)",2a3c600a
408648317,-778364509,3338,1:39:33.270000,"(datetime.datetime(2026, 9, 29, 16, 52, 19, 226000),)",2a3c600d
408646149,-778368236,3345,1:39:33.320000,"(datetime.datetime(2026, 9, 29, 16, 52, 19, 276000),)",2a3c600a
408648246,-778364671,3338,1:39:33.340000,"(datetime.datetime(2026, 9, 29, 16, 52, 19, 296000),)",2a3c600d
408646048,-778368372,3344,1:39:33.400000,"(datetime.datetime(2026, 9, 29, 16, 52, 19, 352000),)",2a3c600a
408648173,-778364830,3338,1:39:33.420000,"(datetime.datetime(2026, 9, 29, 16, 52, 19, 373000),)",2a3c600d
408645947,-778368510,3344,1:39:33.470000,"(datetime.datetime(2026, 9, 29, 16, 52, 19, 424000),)",2a3c600a
408648100,-778364988,3338,1:39:33.490000,"(datetime.datetime(2026, 9, 29, 16, 52, 19, 444000),)",2a3c600d
408645843,-778368645,3344,1:39:33.540000,"(datetime.datetime(2026, 9, 29, 16, 52, 19, 498000),)",2a3c600a
408648026,-778365149,3338,1:39:33.560000,"(datetime.datetime(2026, 9, 29, 16, 52, 19, 518000),)",2a3c600d
408645738,-778368780,3344,1:39:33.620000,"(datetime.datetime(2026, 9, 29, 16, 52, 19, 579000),)",2a3c600a
408647951,-778365306,3337,1:39:33.690000,"(datetime.datetime(2026, 9, 29, 16, 52, 19, 644000),)",2a3c600d
408645634,-778368927,3345,1:39:33.710000,"(datetime.datetime(2026, 9, 29, 16, 52, 19, 667000),)",2a3c600a
408647881,-778365475,3337,1:39:33.760000,"(datetime.datetime(2026, 9, 29, 16, 52, 19, 712000),)",2a3c600d
408645525,-778369054,3344,1:39:33.780000,"(datetime.datetime(2026, 9, 29, 16, 52, 19, 735000),)",2a3c600a
408647800,-778365628,3337,1:39:33.840000,"(datetime.datetime(2026, 9, 29, 16, 52, 19, 792000),)",2a3c600d
408645416,-778369185,3344,1:39:33.860000,"(datetime.datetime(2026, 9, 29, 16, 52, 19, 810000),)",2a3c600a
408647718,-778365787,3337,1:39:33.910000,"(datetime.datetime(2026, 9, 29, 16, 52, 19, 866000),)",2a3c600d
408645309,-778369316,3344,1:39:33.930000,"(datetime.datetime(2026, 9, 29, 16, 52, 19, 885000),)",2a3c600a
408647638,-778365943,3337,1:39:33.990000,"(datetime.datetime(2026, 9, 29, 16, 52, 19, 943000),)",2a3c600d
408645200,-778369442,3344,1:39:34.010000,"(datetime.datetime(2026, 9, 29, 16, 52, 19, 968000),)",2a3c600a
408647552,-778366098,3337,1:39:34.060000,"(datetime.datetime(2026, 9, 29, 16, 52, 20, 16000),)",2a3c600d
408645092,-778369572,3344,1:39:34.080000,"(datetime.datetime(2026, 9, 29, 16, 52, 20, 40000),)",2a3c600a
408647468,-778366253,3337,1:39:34.130000,"(datetime.datetime(2026, 9, 29, 16, 52, 20, 87000),)",2a3c600d
408644979,-778369697,3343,1:39:34.160000,"(datetime.datetime(2026, 9, 29, 16, 52, 20, 118000),)",2a3c600a
408647382,-778366409,3337,1:39:34.220000,"(datetime.datetime(2026, 9, 29, 16, 52, 20, 171000),)",2a3c600d
408644871,-778369823,3343,1:39:34.240000,"(datetime.datetime(2026, 9, 29, 16, 52, 20, 191000),)",2a3c600a
408647295,-778366562,3336,1:39:34.290000,"(datetime.datetime(2026, 9, 29, 16, 52, 20, 246000),)",2a3c600d
408644871,-778369823,3343,1:39:34.310000,"(datetime.datetime(2026, 9, 29, 16, 52, 20, 270000),)",2a3c600a
408647207,-778366715,3336,1:39:34.370000,"(datetime.datetime(2026, 9, 29, 16, 52, 20, 327000),)",2a3c600d
408644645,-778370072,3343,1:39:34.400000,"(datetime.datetime(2026, 9, 29, 16, 52, 20, 353000),)",2a3c600a
408647116,-778366868,3336,1:39:34.440000,"(datetime.datetime(2026, 9, 29, 16, 52, 20, 397000),)",2a3c600d
408644538,-778370206,3344,1:39:34.460000,"(datetime.datetime(2026, 9, 29, 16, 52, 20, 416000),)",2a3c600a
408647034,-778367027,3335,1:39:34.530000,"(datetime.datetime(2026, 9, 29, 16, 52, 20, 489000),)",2a3c600d
408644417,-778370327,3343,1:39:34.590000,"(datetime.datetime(2026, 9, 29, 16, 52, 20, 542000),)",2a3c600a
408647034,-778367027,3335,1:39:34.610000,"(datetime.datetime(2026, 9, 29, 16, 52, 20, 563000),)",2a3c600d
408644303,-778370444,3343,1:39:34.660000,"(datetime.datetime(2026, 9, 29, 16, 52, 20, 615000),)",2a3c600a
408646936,-778367178,3336,1:39:34.680000,"(datetime.datetime(2026, 9, 29, 16, 52, 20, 638000),)",2a3c600d
408644303,-778370444,3343,1:39:34.740000,"(datetime.datetime(2026, 9, 29, 16, 52, 20, 694000),)",2a3c600a
408646843,-778367325,3336,1:39:34.760000,"(datetime.datetime(2026, 9, 29, 16, 52, 20, 716000),)",2a3c600d
408644186,-778370562,3343,1:39:34.820000,"(datetime.datetime(2026, 9, 29, 16, 52, 20, 770000),)",2a3c600a
408646750,-778367477,3336,1:39:34.840000,"(datetime.datetime(2026, 9, 29, 16, 52, 20, 795000),)",2a3c600d
408644070,-778370680,3343,1:39:34.890000,"(datetime.datetime(2026, 9, 29, 16, 52, 20, 849000),)",2a3c600a
408646555,-778367775,3336,1:39:34.920000,"(datetime.datetime(2026, 9, 29, 16, 52, 20, 874000),)",2a3c600d
408643952,-778370798,3342,1:39:34.970000,"(datetime.datetime(2026, 9, 29, 16, 52, 20, 927000),)",2a3c600a
408646455,-778367922,3336,1:39:34.990000,"(datetime.datetime(2026, 9, 29, 16, 52, 20, 946000),)",2a3c600d
408643833,-778370914,3342,1:39:35.050000,"(datetime.datetime(2026, 9, 29, 16, 52, 21, 9000),)",2a3c600a
408646355,-778368070,3336,1:39:35.080000,"(datetime.datetime(2026, 9, 29, 16, 52, 21, 34000),)",2a3c600d
408643719,-778371028,3342,1:39:35.140000,"(datetime.datetime(2026, 9, 29, 16, 52, 21, 94000),)",2a3c600a
408646254,-778368214,3336,1:39:35.160000,"(datetime.datetime(2026, 9, 29, 16, 52, 21, 117000),)",2a3c600d
408643597,-778371142,3342,1:39:35.220000,"(datetime.datetime(2026, 9, 29, 16, 52, 21, 178000),)",2a3c600a
408646153,-778368357,3335,1:39:35.250000,"(datetime.datetime(2026, 9, 29, 16, 52, 21, 202000),)",2a3c600d
408643476,-778371256,3342,1:39:35.290000,"(datetime.datetime(2026, 9, 29, 16, 52, 21, 245000),)",2a3c600a
408646153,-778368357,3335,1:39:35.310000,"(datetime.datetime(2026, 9, 29, 16, 52, 21, 265000),)",2a3c600d
408643360,-778371374,3342,1:39:35.370000,"(datetime.datetime(2026, 9, 29, 16, 52, 21, 328000),)",2a3c600a
408645951,-778368644,3335,1:39:35.400000,"(datetime.datetime(2026, 9, 29, 16, 52, 21, 354000),)",2a3c600d
408643234,-778371476,3342,1:39:35.450000,"(datetime.datetime(2026, 9, 29, 16, 52, 21, 404000),)",2a3c600a
408645951,-778368644,3335,1:39:35.470000,"(datetime.datetime(2026, 9, 29, 16, 52, 21, 424000),)",2a3c600d
408643111,-778371578,3342,1:39:35.520000,"(datetime.datetime(2026, 9, 29, 16, 52, 21, 475000),)",2a3c600a
408645843,-778368786,3335,1:39:35.540000,"(datetime.datetime(2026, 9, 29, 16, 52, 21, 495000),)",2a3c600d
408642989,-778371677,3341,1:39:35.590000,"(datetime.datetime(2026, 9, 29, 16, 52, 21, 549000),)",2a3c600a
408645738,-778368925,3335,1:39:35.610000,"(datetime.datetime(2026, 9, 29, 16, 52, 21, 569000),)",2a3c600d
408642866,-778371777,3341,1:39:35.670000,"(datetime.datetime(2026, 9, 29, 16, 52, 21, 630000),)",2a3c600a
408645627,-778369065,3334,1:39:35.700000,"(datetime.datetime(2026, 9, 29, 16, 52, 21, 652000),)",2a3c600d
408642736,-778371881,3341,1:39:35.770000,"(datetime.datetime(2026, 9, 29, 16, 52, 21, 730000),)",2a3c600a
408645517,-778369199,3334,1:39:35.820000,"(datetime.datetime(2026, 9, 29, 16, 52, 21, 771000),)",2a3c600d
408642608,-778371977,3341,1:39:35.870000,"(datetime.datetime(2026, 9, 29, 16, 52, 21, 830000),)",2a3c600a
408645406,-778369338,3334,1:39:35.910000,"(datetime.datetime(2026, 9, 29, 16, 52, 21, 866000),)",2a3c600d
408642482,-778372073,3341,1:39:35.980000,"(datetime.datetime(2026, 9, 29, 16, 52, 21, 931000),)",2a3c600a
408645295,-778369473,3334,1:39:36.020000,"(datetime.datetime(2026, 9, 29, 16, 52, 21, 977000),)",2a3c600d
408642355,-778372167,3342,1:39:36.100000,"(datetime.datetime(2026, 9, 29, 16, 52, 22, 58000),)",2a3c600a
408645183,-778369608,3334,1:39:36.140000,"(datetime.datetime(2026, 9, 29, 16, 52, 22, 93000),)",2a3c600d
408642225,-778372255,3341,1:39:36.180000,"(datetime.datetime(2026, 9, 29, 16, 52, 22, 132000),)",2a3c600a
408645069,-778369742,3334,1:39:36.210000,"(datetime.datetime(2026, 9, 29, 16, 52, 22, 168000),)",2a3c600d
408642094,-778372358,3342,1:39:36.280000,"(datetime.datetime(2026, 9, 29, 16, 52, 22, 231000),)",2a3c600a
408644975,-778369886,3334,1:39:36.300000,"(datetime.datetime(2026, 9, 29, 16, 52, 22, 252000),)",2a3c600d
408641958,-778372439,3342,1:39:36.380000,"(datetime.datetime(2026, 9, 29, 16, 52, 22, 330000),)",2a3c600a
408644855,-778370014,3334,1:39:36.410000,"(datetime.datetime(2026, 9, 29, 16, 52, 22, 365000),)",2a3c600d
408641829,-778372520,3342,1:39:36.470000,"(datetime.datetime(2026, 9, 29, 16, 52, 22, 430000),)",2a3c600a
408644734,-778370144,3334,1:39:36.490000,"(datetime.datetime(2026, 9, 29, 16, 52, 22, 449000),)",2a3c600d
408641695,-778372600,3342,1:39:36.570000,"(datetime.datetime(2026, 9, 29, 16, 52, 22, 530000),)",2a3c600a
408644619,-778370274,3334,1:39:36.600000,"(datetime.datetime(2026, 9, 29, 16, 52, 22, 554000),)",2a3c600d
408641563,-778372681,3342,1:39:36.670000,"(datetime.datetime(2026, 9, 29, 16, 52, 22, 630000),)",2a3c600a
408644502,-778370404,3334,1:39:36.700000,"(datetime.datetime(2026, 9, 29, 16, 52, 22, 660000),)",2a3c600d
408641429,-778372757,3342,1:39:36.770000,"(datetime.datetime(2026, 9, 29, 16, 52, 22, 730000),)",2a3c600a
408644382,-778370525,3334,1:39:36.810000,"(datetime.datetime(2026, 9, 29, 16, 52, 22, 764000),)",2a3c600d
408641297,-778372831,3341,1:39:36.880000,"(datetime.datetime(2026, 9, 29, 16, 52, 22, 830000),)",2a3c600a
408644264,-778370648,3334,1:39:36.900000,"(datetime.datetime(2026, 9, 29, 16, 52, 22, 853000),)",2a3c600d
408641161,-778372904,3341,1:39:36.970000,"(datetime.datetime(2026, 9, 29, 16, 52, 22, 930000),)",2a3c600a
408644141,-778370772,3334,1:39:37.010000,"(datetime.datetime(2026, 9, 29, 16, 52, 22, 962000),)",2a3c600d
408641028,-778372974,3341,1:39:37.070000,"(datetime.datetime(2026, 9, 29, 16, 52, 23, 30000),)",2a3c600a
408644023,-778370893,3334,1:39:37.090000,"(datetime.datetime(2026, 9, 29, 16, 52, 23, 50000),)",2a3c600d
408640893,-778373044,3341,1:39:37.180000,"(datetime.datetime(2026, 9, 29, 16, 52, 23, 138000),)",2a3c600a
408643900,-778371013,3333,1:39:37.200000,"(datetime.datetime(2026, 9, 29, 16, 52, 23, 159000),)",2a3c600d
408640752,-778373122,3341,1:39:37.270000,"(datetime.datetime(2026, 9, 29, 16, 52, 23, 230000),)",2a3c600a
408643781,-778371133,3333,1:39:37.300000,"(datetime.datetime(2026, 9, 29, 16, 52, 23, 250000),)",2a3c600d
408640612,-778373178,3340,1:39:37.380000,"(datetime.datetime(2026, 9, 29, 16, 52, 23, 331000),)",2a3c600a
408643650,-778371248,3333,1:39:37.400000,"(datetime.datetime(2026, 9, 29, 16, 52, 23, 359000),)",2a3c600d
408640476,-778373244,3340,1:39:37.480000,"(datetime.datetime(2026, 9, 29, 16, 52, 23, 430000),)",2a3c600a
408643522,-778371363,3333,1:39:37.500000,"(datetime.datetime(2026, 9, 29, 16, 52, 23, 459000),)",2a3c600d
408640340,-778373303,3340,1:39:37.570000,"(datetime.datetime(2026, 9, 29, 16, 52, 23, 529000),)",2a3c600a
408643396,-778371474,3333,1:39:37.600000,"(datetime.datetime(2026, 9, 29, 16, 52, 23, 559000),)",2a3c600d
408640201,-778373364,3340,1:39:37.680000,"(datetime.datetime(2026, 9, 29, 16, 52, 23, 631000),)",2a3c600a
408643270,-778371583,3332,1:39:37.700000,"(datetime.datetime(2026, 9, 29, 16, 52, 23, 651000),)",2a3c600d
408639924,-778373478,3339,1:39:37.770000,"(datetime.datetime(2026, 9, 29, 16, 52, 23, 730000),)",2a3c600a
408643140,-778371686,3332,1:39:37.800000,"(datetime.datetime(2026, 9, 29, 16, 52, 23, 755000),)",2a3c600d
408639786,-778373530,3339,1:39:37.890000,"(datetime.datetime(2026, 9, 29, 16, 52, 23, 840000),)",2a3c600a
408643012,-778371794,3332,1:39:37.910000,"(datetime.datetime(2026, 9, 29, 16, 52, 23, 863000),)",2a3c600d
408639642,-778373585,3339,1:39:37.970000,"(datetime.datetime(2026, 9, 29, 16, 52, 23, 930000),)",2a3c600a
408642878,-778371897,3332,1:39:37.990000,"(datetime.datetime(2026, 9, 29, 16, 52, 23, 950000),)",2a3c600d
408639507,-778373638,3340,1:39:38.070000,"(datetime.datetime(2026, 9, 29, 16, 52, 24, 30000),)",2a3c600a
408642745,-778371997,3332,1:39:38.100000,"(datetime.datetime(2026, 9, 29, 16, 52, 24, 51000),)",2a3c600d
408639369,-778373689,3340,1:39:38.180000,"(datetime.datetime(2026, 9, 29, 16, 52, 24, 131000),)",2a3c600a
408642615,-778372094,3332,1:39:38.200000,"(datetime.datetime(2026, 9, 29, 16, 52, 24, 155000),)",2a3c600d
408639230,-778373742,3340,1:39:38.270000,"(datetime.datetime(2026, 9, 29, 16, 52, 24, 230000),)",2a3c600a
408642492,-778372202,3332,1:39:38.300000,"(datetime.datetime(2026, 9, 29, 16, 52, 24, 250000),)",2a3c600d
408639086,-778373778,3339,1:39:38.380000,"(datetime.datetime(2026, 9, 29, 16, 52, 24, 330000),)",2a3c600a
408642353,-778372290,3332,1:39:38.420000,"(datetime.datetime(2026, 9, 29, 16, 52, 24, 371000),)",2a3c600d
408639086,-778373778,3339,1:39:38.470000,"(datetime.datetime(2026, 9, 29, 16, 52, 24, 430000),)",2a3c600a
408642222,-778372386,3332,1:39:38.490000,"(datetime.datetime(2026, 9, 29, 16, 52, 24, 450000),)",2a3c600d
408638945,-778373819,3339,1:39:38.580000,"(datetime.datetime(2026, 9, 29, 16, 52, 24, 530000),)",2a3c600a
408642085,-778372472,3332,1:39:38.610000,"(datetime.datetime(2026, 9, 29, 16, 52, 24, 561000),)",2a3c600d
408638801,-778373861,3339,1:39:38.670000,"(datetime.datetime(2026, 9, 29, 16, 52, 24, 630000),)",2a3c600a
408641946,-778372560,3332,1:39:38.700000,"(datetime.datetime(2026, 9, 29, 16, 52, 24, 654000),)",2a3c600d
408638660,-778373904,3338,1:39:38.770000,"(datetime.datetime(2026, 9, 29, 16, 52, 24, 730000),)",2a3c600a
408641812,-778372644,3331,1:39:38.800000,"(datetime.datetime(2026, 9, 29, 16, 52, 24, 756000),)",2a3c600d
408638518,-778373939,3339,1:39:38.880000,"(datetime.datetime(2026, 9, 29, 16, 52, 24, 835000),)",2a3c600a
408641673,-778372730,3331,1:39:38.900000,"(datetime.datetime(2026, 9, 29, 16, 52, 24, 859000),)",2a3c600d
408638373,-778373970,3338,1:39:38.980000,"(datetime.datetime(2026, 9, 29, 16, 52, 24, 931000),)",2a3c600a
408641532,-778372812,3331,1:39:39,"(datetime.datetime(2026, 9, 29, 16, 52, 24, 951000),)",2a3c600d
408638228,-778374004,3338,1:39:39.070000,"(datetime.datetime(2026, 9, 29, 16, 52, 25, 30000),)",2a3c600a
408641392,-778372891,3331,1:39:39.110000,"(datetime.datetime(2026, 9, 29, 16, 52, 25, 63000),)",2a3c600d
408638086,-778374034,3338,1:39:39.180000,"(datetime.datetime(2026, 9, 29, 16, 52, 25, 131000),)",2a3c600a
408641252,-778372969,3331,1:39:39.200000,"(datetime.datetime(2026, 9, 29, 16, 52, 25, 153000),)",2a3c600d
408637935,-778374058,3337,1:39:39.270000,"(datetime.datetime(2026, 9, 29, 16, 52, 25, 230000),)",2a3c600a
408641115,-778373047,3330,1:39:39.310000,"(datetime.datetime(2026, 9, 29, 16, 52, 25, 264000),)",2a3c600d
408637790,-778374076,3337,1:39:39.370000,"(datetime.datetime(2026, 9, 29, 16, 52, 25, 330000),)",2a3c600a
408640969,-778373114,3329,1:39:39.420000,"(datetime.datetime(2026, 9, 29, 16, 52, 25, 377000),)",2a3c600d
408637644,-778374102,3336,1:39:39.470000,"(datetime.datetime(2026, 9, 29, 16, 52, 25, 430000),)",2a3c600a
408640826,-778373183,3329,1:39:39.500000,"(datetime.datetime(2026, 9, 29, 16, 52, 25, 451000),)",2a3c600d
408637496,-778374125,3336,1:39:39.570000,"(datetime.datetime(2026, 9, 29, 16, 52, 25, 530000),)",2a3c600a
408640682,-778373255,3329,1:39:39.610000,"(datetime.datetime(2026, 9, 29, 16, 52, 25, 563000),)",2a3c600d
408640537,-778373319,3329,1:39:39.630000,"(datetime.datetime(2026, 9, 29, 16, 52, 25, 583000),)",2a3c600d
408637351,-778374147,3336,1:39:39.680000,"(datetime.datetime(2026, 9, 29, 16, 52, 25, 639000),)",2a3c600a
408640391,-778373385,3328,1:39:39.720000,"(datetime.datetime(2026, 9, 29, 16, 52, 25, 678000),)",2a3c600d
408637201,-778374167,3335,1:39:39.780000,"(datetime.datetime(2026, 9, 29, 16, 52, 25, 732000),)",2a3c600a
408640245,-778373444,3328,1:39:39.830000,"(datetime.datetime(2026, 9, 29, 16, 52, 25, 784000),)",2a3c600d
408637053,-778374183,3335,1:39:39.920000,"(datetime.datetime(2026, 9, 29, 16, 52, 25, 877000),)",2a3c600a
408640098,-778373506,3328,1:39:39.940000,"(datetime.datetime(2026, 9, 29, 16, 52, 25, 898000),)",2a3c600d
408636903,-778374198,3335,1:39:39.990000,"(datetime.datetime(2026, 9, 29, 16, 52, 25, 945000),)",2a3c600a
408639951,-778373561,3328,1:39:40.030000,"(datetime.datetime(2026, 9, 29, 16, 52, 25, 990000),)",2a3c600d
408636754,-778374211,3335,1:39:40.080000,"(datetime.datetime(2026, 9, 29, 16, 52, 26, 40000),)",2a3c600a
408639801,-778373619,3327,1:39:40.120000,"(datetime.datetime(2026, 9, 29, 16, 52, 26, 80000),)",2a3c600d
408636603,-778374221,3335,1:39:40.170000,"(datetime.datetime(2026, 9, 29, 16, 52, 26, 130000),)",2a3c600a
408639645,-778373694,3327,1:39:40.220000,"(datetime.datetime(2026, 9, 29, 16, 52, 26, 178000),)",2a3c600d
408636442,-778374241,3336,1:39:40.280000,"(datetime.datetime(2026, 9, 29, 16, 52, 26, 231000),)",2a3c600a
408639495,-778373735,3326,1:39:40.330000,"(datetime.datetime(2026, 9, 29, 16, 52, 26, 284000),)",2a3c600d
408636290,-778374243,3335,1:39:40.380000,"(datetime.datetime(2026, 9, 29, 16, 52, 26, 332000),)",2a3c600a
408639345,-778373786,3327,1:39:40.420000,"(datetime.datetime(2026, 9, 29, 16, 52, 26, 376000),)",2a3c600d
408636137,-778374248,3335,1:39:40.480000,"(datetime.datetime(2026, 9, 29, 16, 52, 26, 433000),)",2a3c600a
408639192,-778373827,3327,1:39:40.530000,"(datetime.datetime(2026, 9, 29, 16, 52, 26, 481000),)",2a3c600d
408635985,-778374252,3335,1:39:40.580000,"(datetime.datetime(2026, 9, 29, 16, 52, 26, 531000),)",2a3c600a
408639041,-778373869,3327,1:39:40.620000,"(datetime.datetime(2026, 9, 29, 16, 52, 26, 577000),)",2a3c600d
408635830,-778374253,3335,1:39:40.680000,"(datetime.datetime(2026, 9, 29, 16, 52, 26, 632000),)",2a3c600a
408638888,-778373911,3326,1:39:40.730000,"(datetime.datetime(2026, 9, 29, 16, 52, 26, 683000),)",2a3c600d
408635678,-778374257,3334,1:39:40.770000,"(datetime.datetime(2026, 9, 29, 16, 52, 26, 730000),)",2a3c600a
408638736,-778373951,3326,1:39:40.830000,"(datetime.datetime(2026, 9, 29, 16, 52, 26, 782000),)",2a3c600d
408635523,-778374255,3334,1:39:40.930000,"(datetime.datetime(2026, 9, 29, 16, 52, 26, 888000),)",2a3c600a
408638584,-778373984,3326,1:39:40.970000,"(datetime.datetime(2026, 9, 29, 16, 52, 26, 925000),)",2a3c600d
408635369,-778374251,3334,1:39:40.990000,"(datetime.datetime(2026, 9, 29, 16, 52, 26, 949000),)",2a3c600a
408635215,-778374249,3334,1:39:41.080000,"(datetime.datetime(2026, 9, 29, 16, 52, 27, 30000),)",2a3c600a
408638429,-778374020,3326,1:39:41.120000,"(datetime.datetime(2026, 9, 29, 16, 52, 27, 77000),)",2a3c600d
408638277,-778374053,3325,1:39:41.140000,"(datetime.datetime(2026, 9, 29, 16, 52, 27, 97000),)",2a3c600d
408635061,-778374243,3334,1:39:41.190000,"(datetime.datetime(2026, 9, 29, 16, 52, 27, 144000),)",2a3c600a
408638117,-778374091,3325,1:39:41.220000,"(datetime.datetime(2026, 9, 29, 16, 52, 27, 179000),)",2a3c600d
408634901,-778374242,3333,1:39:41.280000,"(datetime.datetime(2026, 9, 29, 16, 52, 27, 235000),)",2a3c600a
408637959,-778374111,3325,1:39:41.330000,"(datetime.datetime(2026, 9, 29, 16, 52, 27, 286000),)",2a3c600d
408634743,-778374226,3333,1:39:41.370000,"(datetime.datetime(2026, 9, 29, 16, 52, 27, 330000),)",2a3c600a
408637805,-778374138,3325,1:39:41.430000,"(datetime.datetime(2026, 9, 29, 16, 52, 27, 385000),)",2a3c600d
408634587,-778374214,3332,1:39:41.480000,"(datetime.datetime(2026, 9, 29, 16, 52, 27, 434000),)",2a3c600a
408634429,-778374202,3333,1:39:41.580000,"(datetime.datetime(2026, 9, 29, 16, 52, 27, 532000),)",2a3c600a
408637653,-778374162,3325,1:39:41.630000,"(datetime.datetime(2026, 9, 29, 16, 52, 27, 581000),)",2a3c600d
408634272,-778374185,3332,1:39:41.670000,"(datetime.datetime(2026, 9, 29, 16, 52, 27, 630000),)",2a3c600a
408637492,-778374184,3325,1:39:41.720000,"(datetime.datetime(2026, 9, 29, 16, 52, 27, 677000),)",2a3c600d
408634113,-778374169,3332,1:39:41.770000,"(datetime.datetime(2026, 9, 29, 16, 52, 27, 730000),)",2a3c600a
408637337,-778374204,3324,1:39:41.820000,"(datetime.datetime(2026, 9, 29, 16, 52, 27, 777000),)",2a3c600d
408637180,-778374223,3324,1:39:41.860000,"(datetime.datetime(2026, 9, 29, 16, 52, 27, 814000),)",2a3c600d
408633958,-778374151,3332,1:39:41.930000,"(datetime.datetime(2026, 9, 29, 16, 52, 27, 886000),)",2a3c600a
408637024,-778374238,3323,1:39:41.950000,"(datetime.datetime(2026, 9, 29, 16, 52, 27, 908000),)",2a3c600d
408633800,-778374132,3331,1:39:41.990000,"(datetime.datetime(2026, 9, 29, 16, 52, 27, 948000),)",2a3c600a
408636865,-778374252,3324,1:39:42.020000,"(datetime.datetime(2026, 9, 29, 16, 52, 27, 977000),)",2a3c600d
408633644,-778374109,3331,1:39:42.080000,"(datetime.datetime(2026, 9, 29, 16, 52, 28, 30000),)",2a3c600a
408636707,-778374265,3323,1:39:42.120000,"(datetime.datetime(2026, 9, 29, 16, 52, 28, 80000),)",2a3c600d
408633483,-778374084,3331,1:39:42.170000,"(datetime.datetime(2026, 9, 29, 16, 52, 28, 130000),)",2a3c600a
408636542,-778374289,3323,1:39:42.220000,"(datetime.datetime(2026, 9, 29, 16, 52, 28, 177000),)",2a3c600d
408633321,-778374074,3331,1:39:42.280000,"(datetime.datetime(2026, 9, 29, 16, 52, 28, 231000),)",2a3c600a
408636383,-778374292,3323,1:39:42.320000,"(datetime.datetime(2026, 9, 29, 16, 52, 28, 278000),)",2a3c600d
408633161,-778374040,3330,1:39:42.370000,"(datetime.datetime(2026, 9, 29, 16, 52, 28, 330000),)",2a3c600a
408636225,-778374300,3323,1:39:42.430000,"(datetime.datetime(2026, 9, 29, 16, 52, 28, 390000),)",2a3c600d
408633002,-778374011,3330,1:39:42.470000,"(datetime.datetime(2026, 9, 29, 16, 52, 28, 430000),)",2a3c600a
408636067,-778374304,3322,1:39:42.530000,"(datetime.datetime(2026, 9, 29, 16, 52, 28, 481000),)",2a3c600d
408632843,-778373978,3330,1:39:42.580000,"(datetime.datetime(2026, 9, 29, 16, 52, 28, 540000),)",2a3c600a
408635908,-778374311,3322,1:39:42.620000,"(datetime.datetime(2026, 9, 29, 16, 52, 28, 577000),)",2a3c600d
408632682,-778373945,3330,1:39:42.680000,"(datetime.datetime(2026, 9, 29, 16, 52, 28, 637000),)",2a3c600a
408635750,-778374314,3322,1:39:42.720000,"(datetime.datetime(2026, 9, 29, 16, 52, 28, 677000),)",2a3c600d
408632521,-778373907,3330,1:39:42.780000,"(datetime.datetime(2026, 9, 29, 16, 52, 28, 731000),)",2a3c600a
408635592,-778374313,3322,1:39:43.090000,"(datetime.datetime(2026, 9, 29, 16, 52, 29, 45000),)",2a3c600d
408632360,-778373869,3330,1:39:43.160000,"(datetime.datetime(2026, 9, 29, 16, 52, 29, 113000),)",2a3c600a
408635433,-778374316,3322,1:39:43.230000,"(datetime.datetime(2026, 9, 29, 16, 52, 29, 190000),)",2a3c600d
408632200,-778373827,3330,1:39:43.320000,"(datetime.datetime(2026, 9, 29, 16, 52, 29, 278000),)",2a3c600a
408635275,-778374312,3321,1:39:43.420000,"(datetime.datetime(2026, 9, 29, 16, 52, 29, 378000),)",2a3c600d
408632039,-778373780,3330,1:39:43.470000,"(datetime.datetime(2026, 9, 29, 16, 52, 29, 424000),)",2a3c600a
408635113,-778374307,3322,1:39:43.520000,"(datetime.datetime(2026, 9, 29, 16, 52, 29, 475000),)",2a3c600d
408631880,-778373731,3330,1:39:43.700000,"(datetime.datetime(2026, 9, 29, 16, 52, 29, 651000),)",2a3c600a
408634949,-778374317,3321,1:39:43.900000,"(datetime.datetime(2026, 9, 29, 16, 52, 29, 856000),)",2a3c600d
408631719,-778373688,3329,1:39:44.010000,"(datetime.datetime(2026, 9, 29, 16, 52, 29, 965000),)",2a3c600a
408634790,-778374305,3321,1:39:44.180000,"(datetime.datetime(2026, 9, 29, 16, 52, 30, 135000),)",2a3c600d
408631559,-778373625,3329,1:39:44.230000,"(datetime.datetime(2026, 9, 29, 16, 52, 30, 188000),)",2a3c600a
408634632,-778374295,3321,1:39:44.340000,"(datetime.datetime(2026, 9, 29, 16, 52, 30, 295000),)",2a3c600d
408631398,-778373569,3329,1:39:44.500000,"(datetime.datetime(2026, 9, 29, 16, 52, 30, 456000),)",2a3c600a
408631239,-778373508,3328,1:39:44.550000,"(datetime.datetime(2026, 9, 29, 16, 52, 30, 503000),)",2a3c600a
408634469,-778374286,3321,1:39:44.640000,"(datetime.datetime(2026, 9, 29, 16, 52, 30, 600000),)",2a3c600d
408631079,-778373446,3328,1:39:44.720000,"(datetime.datetime(2026, 9, 29, 16, 52, 30, 671000),)",2a3c600a
408634309,-778374272,3321,1:39:44.850000,"(datetime.datetime(2026, 9, 29, 16, 52, 30, 805000),)",2a3c600d
408630923,-778373384,3328,1:39:44.940000,"(datetime.datetime(2026, 9, 29, 16, 52, 30, 900000),)",2a3c600a
408634151,-778374254,3320,1:39:45.050000,"(datetime.datetime(2026, 9, 29, 16, 52, 31, 10000),)",2a3c600d
408633992,-778374236,3320,1:39:45.140000,"(datetime.datetime(2026, 9, 29, 16, 52, 31, 91000),)",2a3c600d
408630762,-778373315,3328,1:39:45.260000,"(datetime.datetime(2026, 9, 29, 16, 52, 31, 220000),)",2a3c600a
408630602,-778373246,3328,1:39:45.370000,"(datetime.datetime(2026, 9, 29, 16, 52, 31, 323000),)",2a3c600a
408633833,-778374213,3320,1:39:45.520000,"(datetime.datetime(2026, 9, 29, 16, 52, 31, 476000),)",2a3c600d
408630445,-778373174,3327,1:39:45.560000,"(datetime.datetime(2026, 9, 29, 16, 52, 31, 515000),)",2a3c600a
408633674,-778374191,3320,1:39:45.580000,"(datetime.datetime(2026, 9, 29, 16, 52, 31, 537000),)",2a3c600d
408633518,-778374164,3320,1:39:45.630000,"(datetime.datetime(2026, 9, 29, 16, 52, 31, 589000),)",2a3c600d
408630289,-778373098,3327,1:39:45.650000,"(datetime.datetime(2026, 9, 29, 16, 52, 31, 609000),)",2a3c600a
408630132,-778373030,3328,1:39:45.720000,"(datetime.datetime(2026, 9, 29, 16, 52, 31, 673000),)",2a3c600a
408633359,-778374149,3319,1:39:45.750000,"(datetime.datetime(2026, 9, 29, 16, 52, 31, 701000),)",2a3c600d
408633200,-778374113,3319,1:39:45.800000,"(datetime.datetime(2026, 9, 29, 16, 52, 31, 753000),)",2a3c600d
408629980,-778372941,3328,1:39:45.820000,"(datetime.datetime(2026, 9, 29, 16, 52, 31, 775000),)",2a3c600a
408633043,-778374079,3318,1:39:45.870000,"(datetime.datetime(2026, 9, 29, 16, 52, 31, 830000),)",2a3c600d
408629824,-778372857,3328,1:39:45.900000,"(datetime.datetime(2026, 9, 29, 16, 52, 31, 852000),)",2a3c600a
408632888,-778374046,3318,1:39:45.960000,"(datetime.datetime(2026, 9, 29, 16, 52, 31, 911000),)",2a3c600d
408629671,-778372772,3327,1:39:45.980000,"(datetime.datetime(2026, 9, 29, 16, 52, 31, 932000),)",2a3c600a
408632729,-778374010,3318,1:39:46.030000,"(datetime.datetime(2026, 9, 29, 16, 52, 31, 984000),)",2a3c600d
408629519,-778372684,3327,1:39:46.050000,"(datetime.datetime(2026, 9, 29, 16, 52, 32, 5000),)",2a3c600a
408632574,-778373970,3318,1:39:46.110000,"(datetime.datetime(2026, 9, 29, 16, 52, 32, 65000),)",2a3c600d
408629369,-778372597,3327,1:39:46.130000,"(datetime.datetime(2026, 9, 29, 16, 52, 32, 87000),)",2a3c600a
408632417,-778373931,3318,1:39:46.200000,"(datetime.datetime(2026, 9, 29, 16, 52, 32, 151000),)",2a3c600d
408629217,-778372505,3327,1:39:46.220000,"(datetime.datetime(2026, 9, 29, 16, 52, 32, 171000),)",2a3c600a
408632260,-778373884,3318,1:39:46.280000,"(datetime.datetime(2026, 9, 29, 16, 52, 32, 236000),)",2a3c600d
408629069,-778372410,3327,1:39:46.300000,"(datetime.datetime(2026, 9, 29, 16, 52, 32, 257000),)",2a3c600a
408632106,-778373839,3317,1:39:46.360000,"(datetime.datetime(2026, 9, 29, 16, 52, 32, 316000),)",2a3c600d
408628921,-778372317,3326,1:39:46.380000,"(datetime.datetime(2026, 9, 29, 16, 52, 32, 336000),)",2a3c600a
408631951,-778373790,3317,1:39:46.440000,"(datetime.datetime(2026, 9, 29, 16, 52, 32, 398000),)",2a3c600d
408628775,-778372221,3326,1:39:46.460000,"(datetime.datetime(2026, 9, 29, 16, 52, 32, 419000),)",2a3c600a
408628628,-778372138,3327,1:39:46.520000,"(datetime.datetime(2026, 9, 29, 16, 52, 32, 478000),)",2a3c600a
408631797,-778373759,3316,1:39:46.540000,"(datetime.datetime(2026, 9, 29, 16, 52, 32, 498000),)",2a3c600d
408628489,-778372031,3327,1:39:46.610000,"(datetime.datetime(2026, 9, 29, 16, 52, 32, 560000),)",2a3c600a
408631644,-778373701,3316,1:39:46.630000,"(datetime.datetime(2026, 9, 29, 16, 52, 32, 581000),)",2a3c600d
408628348,-778371931,3327,1:39:46.680000,"(datetime.datetime(2026, 9, 29, 16, 52, 32, 637000),)",2a3c600a
408631491,-778373648,3316,1:39:46.700000,"(datetime.datetime(2026, 9, 29, 16, 52, 32, 657000),)",2a3c600d
408628209,-778371834,3327,1:39:46.780000,"(datetime.datetime(2026, 9, 29, 16, 52, 32, 732000),)",2a3c600a
408631338,-778373592,3315,1:39:46.810000,"(datetime.datetime(2026, 9, 29, 16, 52, 32, 763000),)",2a3c600d
408628071,-778371733,3327,1:39:46.870000,"(datetime.datetime(2026, 9, 29, 16, 52, 32, 821000),)",2a3c600a
408631190,-778373537,3315,1:39:46.890000,"(datetime.datetime(2026, 9, 29, 16, 52, 32, 849000),)",2a3c600d
408627937,-778371630,3326,1:39:46.940000,"(datetime.datetime(2026, 9, 29, 16, 52, 32, 897000),)",2a3c600a
408631037,-778373477,3316,1:39:46.970000,"(datetime.datetime(2026, 9, 29, 16, 52, 32, 924000),)",2a3c600d
408627805,-778371528,3326,1:39:47.020000,"(datetime.datetime(2026, 9, 29, 16, 52, 32, 976000),)",2a3c600a
408630886,-778373414,3316,1:39:47.040000,"(datetime.datetime(2026, 9, 29, 16, 52, 32, 997000),)",2a3c600d
408627674,-778371429,3326,1:39:47.100000,"(datetime.datetime(2026, 9, 29, 16, 52, 33, 59000),)",2a3c600a
408630735,-778373350,3315,1:39:47.120000,"(datetime.datetime(2026, 9, 29, 16, 52, 33, 80000),)",2a3c600d
408627544,-778371325,3326,1:39:47.180000,"(datetime.datetime(2026, 9, 29, 16, 52, 33, 137000),)",2a3c600a
408630588,-778373285,3315,1:39:47.200000,"(datetime.datetime(2026, 9, 29, 16, 52, 33, 158000),)",2a3c600d
408627416,-778371221,3326,1:39:47.260000,"(datetime.datetime(2026, 9, 29, 16, 52, 33, 218000),)",2a3c600a
408630441,-778373219,3315,1:39:47.290000,"(datetime.datetime(2026, 9, 29, 16, 52, 33, 241000),)",2a3c600d
408627284,-778371133,3328,1:39:47.340000,"(datetime.datetime(2026, 9, 29, 16, 52, 33, 297000),)",2a3c600a
408630289,-778373165,3314,1:39:47.360000,"(datetime.datetime(2026, 9, 29, 16, 52, 33, 317000),)",2a3c600d
408627165,-778371024,3328,1:39:47.420000,"(datetime.datetime(2026, 9, 29, 16, 52, 33, 376000),)",2a3c600a
408630146,-778373088,3314,1:39:47.440000,"(datetime.datetime(2026, 9, 29, 16, 52, 33, 396000),)",2a3c600d
408627045,-778370922,3327,1:39:47.500000,"(datetime.datetime(2026, 9, 29, 16, 52, 33, 451000),)",2a3c600a
408630001,-778373012,3314,1:39:47.520000,"(datetime.datetime(2026, 9, 29, 16, 52, 33, 475000),)",2a3c600d
408629858,-778372935,3314,1:39:47.580000,"(datetime.datetime(2026, 9, 29, 16, 52, 33, 532000),)",2a3c600d
408626926,-778370819,3327,1:39:47.600000,"(datetime.datetime(2026, 9, 29, 16, 52, 33, 553000),)",2a3c600a
408626810,-778370714,3327,1:39:47.660000,"(datetime.datetime(2026, 9, 29, 16, 52, 33, 611000),)",2a3c600a
408629714,-778372859,3314,1:39:47.680000,"(datetime.datetime(2026, 9, 29, 16, 52, 33, 632000),)",2a3c600d
408629573,-778372778,3313,1:39:47.740000,"(datetime.datetime(2026, 9, 29, 16, 52, 33, 697000),)",2a3c600d
408626699,-778370614,3327,1:39:47.760000,"(datetime.datetime(2026, 9, 29, 16, 52, 33, 718000),)",2a3c600a
408626587,-778370513,3327,1:39:47.820000,"(datetime.datetime(2026, 9, 29, 16, 52, 33, 778000),)",2a3c600a
408629431,-778372698,3313,1:39:47.840000,"(datetime.datetime(2026, 9, 29, 16, 52, 33, 798000),)",2a3c600d
408626477,-778370410,3327,1:39:47.910000,"(datetime.datetime(2026, 9, 29, 16, 52, 33, 863000),)",2a3c600a
408629292,-778372613,3313,1:39:47.960000,"(datetime.datetime(2026, 9, 29, 16, 52, 33, 911000),)",2a3c600d
408626371,-778370308,3327,1:39:47.980000,"(datetime.datetime(2026, 9, 29, 16, 52, 33, 933000),)",2a3c600a
408629157,-778372531,3313,1:39:48.040000,"(datetime.datetime(2026, 9, 29, 16, 52, 34),)",2a3c600d
408626267,-778370205,3328,1:39:48.070000,"(datetime.datetime(2026, 9, 29, 16, 52, 34, 23000),)",2a3c600a
408629022,-778372444,3313,1:39:48.120000,"(datetime.datetime(2026, 9, 29, 16, 52, 34, 74000),)",2a3c600d
408626151,-778370106,3327,1:39:48.140000,"(datetime.datetime(2026, 9, 29, 16, 52, 34, 95000),)",2a3c600a
408628887,-778372374,3313,1:39:48.200000,"(datetime.datetime(2026, 9, 29, 16, 52, 34, 155000),)",2a3c600d
408626058,-778370005,3328,1:39:48.220000,"(datetime.datetime(2026, 9, 29, 16, 52, 34, 177000),)",2a3c600a
408628758,-778372280,3312,1:39:48.290000,"(datetime.datetime(2026, 9, 29, 16, 52, 34, 244000),)",2a3c600d
408625961,-778369901,3327,1:39:48.310000,"(datetime.datetime(2026, 9, 29, 16, 52, 34, 264000),)",2a3c600a
408628629,-778372193,3312,1:39:48.370000,"(datetime.datetime(2026, 9, 29, 16, 52, 34, 328000),)",2a3c600d
408625865,-778369800,3327,1:39:48.400000,"(datetime.datetime(2026, 9, 29, 16, 52, 34, 351000),)",2a3c600a
408628506,-778372104,3312,1:39:48.450000,"(datetime.datetime(2026, 9, 29, 16, 52, 34, 404000),)",2a3c600d
408625773,-778369700,3327,1:39:48.470000,"(datetime.datetime(2026, 9, 29, 16, 52, 34, 424000),)",2a3c600a
408628378,-778372016,3312,1:39:48.530000,"(datetime.datetime(2026, 9, 29, 16, 52, 34, 484000),)",2a3c600d
408625686,-778369599,3327,1:39:48.550000,"(datetime.datetime(2026, 9, 29, 16, 52, 34, 506000),)",2a3c600a
408628258,-778371928,3312,1:39:48.610000,"(datetime.datetime(2026, 9, 29, 16, 52, 34, 570000),)",2a3c600d
408625597,-778369497,3328,1:39:48.640000,"(datetime.datetime(2026, 9, 29, 16, 52, 34, 591000),)",2a3c600a
408628138,-778371841,3312,1:39:48.700000,"(datetime.datetime(2026, 9, 29, 16, 52, 34, 656000),)",2a3c600d
408625513,-778369395,3328,1:39:48.720000,"(datetime.datetime(2026, 9, 29, 16, 52, 34, 676000),)",2a3c600a
408628020,-778371754,3312,1:39:48.770000,"(datetime.datetime(2026, 9, 29, 16, 52, 34, 729000),)",2a3c600d
408625426,-778369294,3328,1:39:48.800000,"(datetime.datetime(2026, 9, 29, 16, 52, 34, 756000),)",2a3c600a
408627904,-778371660,3312,1:39:48.870000,"(datetime.datetime(2026, 9, 29, 16, 52, 34, 821000),)",2a3c600d
408625344,-778369192,3328,1:39:48.920000,"(datetime.datetime(2026, 9, 29, 16, 52, 34, 872000),)",2a3c600a
408627792,-778371572,3312,1:39:48.940000,"(datetime.datetime(2026, 9, 29, 16, 52, 34, 892000),)",2a3c600d
408625258,-778369090,3328,1:39:49,"(datetime.datetime(2026, 9, 29, 16, 52, 34, 954000),)",2a3c600a
408627665,-778371493,3311,1:39:49.020000,"(datetime.datetime(2026, 9, 29, 16, 52, 34, 976000),)",2a3c600d
408625185,-778368989,3328,1:39:49.080000,"(datetime.datetime(2026, 9, 29, 16, 52, 35, 36000),)",2a3c600a
408627562,-778371398,3311,1:39:49.150000,"(datetime.datetime(2026, 9, 29, 16, 52, 35, 109000),)",2a3c600d
408625108,-778368889,3329,1:39:49.180000,"(datetime.datetime(2026, 9, 29, 16, 52, 35, 134000),)",2a3c600a
408627452,-778371311,3311,1:39:49.210000,"(datetime.datetime(2026, 9, 29, 16, 52, 35, 166000),)",2a3c600d
408625038,-778368793,3328,1:39:49.230000,"(datetime.datetime(2026, 9, 29, 16, 52, 35, 187000),)",2a3c600a
408627349,-778371221,3311,1:39:49.290000,"(datetime.datetime(2026, 9, 29, 16, 52, 35, 245000),)",2a3c600d
408624963,-778368693,3328,1:39:49.320000,"(datetime.datetime(2026, 9, 29, 16, 52, 35, 272000),)",2a3c600a
408627248,-778371133,3311,1:39:49.360000,"(datetime.datetime(2026, 9, 29, 16, 52, 35, 319000),)",2a3c600d
408624891,-778368595,3328,1:39:49.380000,"(datetime.datetime(2026, 9, 29, 16, 52, 35, 340000),)",2a3c600a
408627145,-778371042,3311,1:39:49.450000,"(datetime.datetime(2026, 9, 29, 16, 52, 35, 407000),)",2a3c600d
408624823,-778368500,3328,1:39:49.480000,"(datetime.datetime(2026, 9, 29, 16, 52, 35, 435000),)",2a3c600a
408627047,-778370957,3311,1:39:49.530000,"(datetime.datetime(2026, 9, 29, 16, 52, 35, 481000),)",2a3c600d
408624754,-778368404,3328,1:39:49.550000,"(datetime.datetime(2026, 9, 29, 16, 52, 35, 502000),)",2a3c600a
408626948,-778370868,3311,1:39:49.610000,"(datetime.datetime(2026, 9, 29, 16, 52, 35, 562000),)",2a3c600d
408624686,-778368310,3329,1:39:49.630000,"(datetime.datetime(2026, 9, 29, 16, 52, 35, 583000),)",2a3c600a
408626856,-778370782,3311,1:39:49.680000,"(datetime.datetime(2026, 9, 29, 16, 52, 35, 638000),)",2a3c600d
408624621,-778368211,3329,1:39:49.700000,"(datetime.datetime(2026, 9, 29, 16, 52, 35, 658000),)",2a3c600a
408626763,-778370698,3311,1:39:49.770000,"(datetime.datetime(2026, 9, 29, 16, 52, 35, 722000),)",2a3c600d
408624553,-778368116,3328,1:39:49.790000,"(datetime.datetime(2026, 9, 29, 16, 52, 35, 746000),)",2a3c600a
408626665,-778370617,3312,1:39:49.840000,"(datetime.datetime(2026, 9, 29, 16, 52, 35, 800000),)",2a3c600d
408624553,-778368116,3328,1:39:49.870000,"(datetime.datetime(2026, 9, 29, 16, 52, 35, 820000),)",2a3c600a
408626582,-778370529,3312,1:39:49.920000,"(datetime.datetime(2026, 9, 29, 16, 52, 35, 880000),)",2a3c600d
408624437,-778367944,3328,1:39:49.950000,"(datetime.datetime(2026, 9, 29, 16, 52, 35, 903000),)",2a3c600a
408626495,-778370444,3311,1:39:50,"(datetime.datetime(2026, 9, 29, 16, 52, 35, 958000),)",2a3c600d
408624376,-778367857,3328,1:39:50.070000,"(datetime.datetime(2026, 9, 29, 16, 52, 36, 23000),)",2a3c600a
408626413,-778370359,3311,1:39:50.090000,"(datetime.datetime(2026, 9, 29, 16, 52, 36, 44000),)",2a3c600d
408624376,-778367857,3328,1:39:50.140000,"(datetime.datetime(2026, 9, 29, 16, 52, 36, 93000),)",2a3c600a
408626328,-778370274,3311,1:39:50.160000,"(datetime.datetime(2026, 9, 29, 16, 52, 36, 113000),)",2a3c600d
408624318,-778367772,3329,1:39:50.210000,"(datetime.datetime(2026, 9, 29, 16, 52, 36, 167000),)",2a3c600a
408626246,-778370192,3312,1:39:50.230000,"(datetime.datetime(2026, 9, 29, 16, 52, 36, 187000),)",2a3c600d
408624265,-778367687,3328,1:39:50.290000,"(datetime.datetime(2026, 9, 29, 16, 52, 36, 244000),)",2a3c600a
408626165,-778370109,3312,1:39:50.310000,"(datetime.datetime(2026, 9, 29, 16, 52, 36, 264000),)",2a3c600d
408624209,-778367607,3329,1:39:50.380000,"(datetime.datetime(2026, 9, 29, 16, 52, 36, 331000),)",2a3c600a
408626086,-778370024,3312,1:39:50.400000,"(datetime.datetime(2026, 9, 29, 16, 52, 36, 352000),)",2a3c600d
408624158,-778367525,3329,1:39:50.460000,"(datetime.datetime(2026, 9, 29, 16, 52, 36, 414000),)",2a3c600a
408626007,-778369942,3312,1:39:50.480000,"(datetime.datetime(2026, 9, 29, 16, 52, 36, 434000),)",2a3c600d
408624106,-778367445,3329,1:39:50.540000,"(datetime.datetime(2026, 9, 29, 16, 52, 36, 494000),)",2a3c600a
408625931,-778369856,3312,1:39:50.560000,"(datetime.datetime(2026, 9, 29, 16, 52, 36, 518000),)",2a3c600d
408624059,-778367367,3328,1:39:50.620000,"(datetime.datetime(2026, 9, 29, 16, 52, 36, 574000),)",2a3c600a
408625844,-778369781,3311,1:39:50.640000,"(datetime.datetime(2026, 9, 29, 16, 52, 36, 595000),)",2a3c600d
408624007,-778367277,3328,1:39:50.710000,"(datetime.datetime(2026, 9, 29, 16, 52, 36, 665000),)",2a3c600a
408625774,-778369700,3312,1:39:50.760000,"(datetime.datetime(2026, 9, 29, 16, 52, 36, 715000),)",2a3c600d
408623965,-778367207,3327,1:39:50.780000,"(datetime.datetime(2026, 9, 29, 16, 52, 36, 738000),)",2a3c600a
408625701,-778369618,3312,1:39:50.840000,"(datetime.datetime(2026, 9, 29, 16, 52, 36, 792000),)",2a3c600d
408623923,-778367135,3327,1:39:50.860000,"(datetime.datetime(2026, 9, 29, 16, 52, 36, 814000),)",2a3c600a
408625628,-778369535,3312,1:39:50.920000,"(datetime.datetime(2026, 9, 29, 16, 52, 36, 871000),)",2a3c600d
408623878,-778367066,3327,1:39:50.940000,"(datetime.datetime(2026, 9, 29, 16, 52, 36, 893000),)",2a3c600a
408625558,-778369455,3312,1:39:51,"(datetime.datetime(2026, 9, 29, 16, 52, 36, 951000),)",2a3c600d
408623838,-778367000,3327,1:39:51.020000,"(datetime.datetime(2026, 9, 29, 16, 52, 36, 971000),)",2a3c600a
408625488,-778369372,3312,1:39:51.080000,"(datetime.datetime(2026, 9, 29, 16, 52, 37, 36000),)",2a3c600d
408623799,-778366933,3327,1:39:51.100000,"(datetime.datetime(2026, 9, 29, 16, 52, 37, 58000),)",2a3c600a
408625421,-778369292,3313,1:39:51.170000,"(datetime.datetime(2026, 9, 29, 16, 52, 37, 126000),)",2a3c600d
408623761,-778366872,3328,1:39:51.190000,"(datetime.datetime(2026, 9, 29, 16, 52, 37, 146000),)",2a3c600a
408625353,-778369212,3313,1:39:51.250000,"(datetime.datetime(2026, 9, 29, 16, 52, 37, 202000),)",2a3c600d
408623728,-778366811,3327,1:39:51.270000,"(datetime.datetime(2026, 9, 29, 16, 52, 37, 223000),)",2a3c600a
408625289,-778369132,3313,1:39:51.330000,"(datetime.datetime(2026, 9, 29, 16, 52, 37, 288000),)",2a3c600d
408623694,-778366754,3327,1:39:51.350000,"(datetime.datetime(2026, 9, 29, 16, 52, 37, 310000),)",2a3c600a
408625289,-778369132,3313,1:39:51.420000,"(datetime.datetime(2026, 9, 29, 16, 52, 37, 375000),)",2a3c600d
408623661,-778366703,3327,1:39:51.440000,"(datetime.datetime(2026, 9, 29, 16, 52, 37, 396000),)",2a3c600a
408625227,-778369053,3313,1:39:51.510000,"(datetime.datetime(2026, 9, 29, 16, 52, 37, 461000),)",2a3c600d
408623625,-778366630,3327,1:39:51.530000,"(datetime.datetime(2026, 9, 29, 16, 52, 37, 481000),)",2a3c600a
408625159,-778368976,3313,1:39:51.590000,"(datetime.datetime(2026, 9, 29, 16, 52, 37, 541000),)",2a3c600d
408623605,-778366587,3326,1:39:51.610000,"(datetime.datetime(2026, 9, 29, 16, 52, 37, 561000),)",2a3c600a
408625104,-778368906,3314,1:39:51.670000,"(datetime.datetime(2026, 9, 29, 16, 52, 37, 626000),)",2a3c600d
408623574,-778366536,3326,1:39:51.690000,"(datetime.datetime(2026, 9, 29, 16, 52, 37, 646000),)",2a3c600a
408625046,-778368832,3313,1:39:51.750000,"(datetime.datetime(2026, 9, 29, 16, 52, 37, 703000),)",2a3c600d
408623550,-778366493,3326,1:39:51.770000,"(datetime.datetime(2026, 9, 29, 16, 52, 37, 725000),)",2a3c600a
408624990,-778368758,3313,1:39:51.830000,"(datetime.datetime(2026, 9, 29, 16, 52, 37, 782000),)",2a3c600d
408623528,-778366452,3326,1:39:51.850000,"(datetime.datetime(2026, 9, 29, 16, 52, 37, 806000),)",2a3c600a
408624937,-778368687,3314,1:39:51.900000,"(datetime.datetime(2026, 9, 29, 16, 52, 37, 859000),)",2a3c600d
408623503,-778366410,3326,1:39:51.940000,"(datetime.datetime(2026, 9, 29, 16, 52, 37, 891000),)",2a3c600a
408624883,-778368619,3314,1:39:51.980000,"(datetime.datetime(2026, 9, 29, 16, 52, 37, 938000),)",2a3c600d
408623482,-778366374,3327,1:39:52.010000,"(datetime.datetime(2026, 9, 29, 16, 52, 37, 961000),)",2a3c600a
408624834,-778368550,3313,1:39:52.070000,"(datetime.datetime(2026, 9, 29, 16, 52, 38, 30000),)",2a3c600d
408623462,-778366338,3326,1:39:52.120000,"(datetime.datetime(2026, 9, 29, 16, 52, 38, 80000),)",2a3c600a
408624786,-778368487,3314,1:39:52.150000,"(datetime.datetime(2026, 9, 29, 16, 52, 38, 102000),)",2a3c600d
408623443,-778366305,3327,1:39:52.220000,"(datetime.datetime(2026, 9, 29, 16, 52, 38, 171000),)",2a3c600a
408624740,-778368423,3314,1:39:52.250000,"(datetime.datetime(2026, 9, 29, 16, 52, 38, 202000),)",2a3c600d
408623429,-778366274,3326,1:39:52.290000,"(datetime.datetime(2026, 9, 29, 16, 52, 38, 248000),)",2a3c600a
408624694,-778368365,3314,1:39:52.310000,"(datetime.datetime(2026, 9, 29, 16, 52, 38, 270000),)",2a3c600d
408623414,-778366235,3326,1:39:52.370000,"(datetime.datetime(2026, 9, 29, 16, 52, 38, 330000),)",2a3c600a
408624642,-778368305,3314,1:39:52.400000,"(datetime.datetime(2026, 9, 29, 16, 52, 38, 351000),)",2a3c600d
408624605,-778368251,3314,1:39:52.470000,"(datetime.datetime(2026, 9, 29, 16, 52, 38, 423000),)",2a3c600d
408623406,-778366218,3326,1:39:52.520000,"(datetime.datetime(2026, 9, 29, 16, 52, 38, 472000),)",2a3c600a
408623393,-778366192,3326,1:39:52.540000,"(datetime.datetime(2026, 9, 29, 16, 52, 38, 494000),)",2a3c600a
408624565,-778368194,3314,1:39:52.600000,"(datetime.datetime(2026, 9, 29, 16, 52, 38, 551000),)",2a3c600d
408623383,-778366172,3326,1:39:52.620000,"(datetime.datetime(2026, 9, 29, 16, 52, 38, 574000),)",2a3c600a
408624526,-778368142,3315,1:39:52.680000,"(datetime.datetime(2026, 9, 29, 16, 52, 38, 634000),)",2a3c600d
408623373,-778366152,3326,1:39:52.700000,"(datetime.datetime(2026, 9, 29, 16, 52, 38, 655000),)",2a3c600a
408624489,-778368090,3314,1:39:52.760000,"(datetime.datetime(2026, 9, 29, 16, 52, 38, 720000),)",2a3c600d
408623360,-778366133,3326,1:39:52.790000,"(datetime.datetime(2026, 9, 29, 16, 52, 38, 742000),)",2a3c600a
408624454,-778368041,3314,1:39:52.840000,"(datetime.datetime(2026, 9, 29, 16, 52, 38, 800000),)",2a3c600d
408623353,-778366117,3327,1:39:52.860000,"(datetime.datetime(2026, 9, 29, 16, 52, 38, 820000),)",2a3c600a
408624421,-778367993,3315,1:39:52.930000,"(datetime.datetime(2026, 9, 29, 16, 52, 38, 888000),)",2a3c600d
408623348,-778366106,3326,1:39:52.980000,"(datetime.datetime(2026, 9, 29, 16, 52, 38, 936000),)",2a3c600a
408624389,-778367944,3315,1:39:53,"(datetime.datetime(2026, 9, 29, 16, 52, 38, 957000),)",2a3c600d
408623341,-778366095,3326,1:39:53.070000,"(datetime.datetime(2026, 9, 29, 16, 52, 39, 29000),)",2a3c600a
408624358,-778367898,3314,1:39:53.120000,"(datetime.datetime(2026, 9, 29, 16, 52, 39, 79000),)",2a3c600d
408623336,-778366079,3326,1:39:53.150000,"(datetime.datetime(2026, 9, 29, 16, 52, 39, 105000),)",2a3c600a
408624329,-778367858,3315,1:39:53.210000,"(datetime.datetime(2026, 9, 29, 16, 52, 39, 168000),)",2a3c600d
408623330,-778366058,3326,1:39:53.270000,"(datetime.datetime(2026, 9, 29, 16, 52, 39, 222000),)",2a3c600a
408624292,-778367811,3314,1:39:53.300000,"(datetime.datetime(2026, 9, 29, 16, 52, 39, 252000),)",2a3c600d
408623330,-778366057,3326,1:39:53.350000,"(datetime.datetime(2026, 9, 29, 16, 52, 39, 304000),)",2a3c600a
408624270,-778367777,3314,1:39:53.370000,"(datetime.datetime(2026, 9, 29, 16, 52, 39, 326000),)",2a3c600d
408623323,-778366048,3326,1:39:53.430000,"(datetime.datetime(2026, 9, 29, 16, 52, 39, 388000),)",2a3c600a
408624245,-778367735,3314,1:39:53.450000,"(datetime.datetime(2026, 9, 29, 16, 52, 39, 410000),)",2a3c600d
408623321,-778366042,3326,1:39:53.530000,"(datetime.datetime(2026, 9, 29, 16, 52, 39, 489000),)",2a3c600a
408624219,-778367698,3314,1:39:53.570000,"(datetime.datetime(2026, 9, 29, 16, 52, 39, 525000),)",2a3c600d
408623319,-778366037,3326,1:39:53.630000,"(datetime.datetime(2026, 9, 29, 16, 52, 39, 590000),)",2a3c600a
408624196,-778367659,3314,1:39:53.660000,"(datetime.datetime(2026, 9, 29, 16, 52, 39, 614000),)",2a3c600d
408623317,-778366032,3326,1:39:53.730000,"(datetime.datetime(2026, 9, 29, 16, 52, 39, 688000),)",2a3c600a
408624173,-778367624,3314,1:39:53.790000,"(datetime.datetime(2026, 9, 29, 16, 52, 39, 741000),)",2a3c600d
408623316,-778366029,3326,1:39:53.840000,"(datetime.datetime(2026, 9, 29, 16, 52, 39, 796000),)",2a3c600a
408624149,-778367589,3314,1:39:53.890000,"(datetime.datetime(2026, 9, 29, 16, 52, 39, 843000),)",2a3c600d
408623313,-778366026,3326,1:39:53.930000,"(datetime.datetime(2026, 9, 29, 16, 52, 39, 888000),)",2a3c600a
408624131,-778367554,3314,1:39:53.970000,"(datetime.datetime(2026, 9, 29, 16, 52, 39, 928000),)",2a3c600d
408623313,-778366024,3326,1:39:54.040000,"(datetime.datetime(2026, 9, 29, 16, 52, 39, 995000),)",2a3c600a
408624108,-778367523,3314,1:39:54.060000,"(datetime.datetime(2026, 9, 29, 16, 52, 40, 17000),)",2a3c600d
408623312,-778366023,3326,1:39:54.130000,"(datetime.datetime(2026, 9, 29, 16, 52, 40, 88000),)",2a3c600a
408624090,-778367491,3314,1:39:54.180000,"(datetime.datetime(2026, 9, 29, 16, 52, 40, 135000),)",2a3c600d
408623315,-778366009,3325,1:39:54.230000,"(datetime.datetime(2026, 9, 29, 16, 52, 40, 188000),)",2a3c600a
408624062,-778367454,3314,1:39:54.250000,"(datetime.datetime(2026, 9, 29, 16, 52, 40, 209000),)",2a3c600d
408623315,-778366015,3325,1:39:54.330000,"(datetime.datetime(2026, 9, 29, 16, 52, 40, 288000),)",2a3c600a
408624047,-778367430,3314,1:39:54.350000,"(datetime.datetime(2026, 9, 29, 16, 52, 40, 310000),)",2a3c600d
408623317,-778366016,3325,1:39:54.440000,"(datetime.datetime(2026, 9, 29, 16, 52, 40, 390000),)",2a3c600a
408624030,-778367401,3314,1:39:54.460000,"(datetime.datetime(2026, 9, 29, 16, 52, 40, 412000),)",2a3c600d
408623316,-778366016,3325,1:39:54.530000,"(datetime.datetime(2026, 9, 29, 16, 52, 40, 488000),)",2a3c600a
408624014,-778367372,3314,1:39:54.560000,"(datetime.datetime(2026, 9, 29, 16, 52, 40, 514000),)",2a3c600d
408623316,-778366016,3325,1:39:54.630000,"(datetime.datetime(2026, 9, 29, 16, 52, 40, 588000),)",2a3c600a
408623997,-778367349,3314,1:39:54.670000,"(datetime.datetime(2026, 9, 29, 16, 52, 40, 621000),)",2a3c600d
408623315,-778366016,3325,1:39:54.730000,"(datetime.datetime(2026, 9, 29, 16, 52, 40, 688000),)",2a3c600a
408623981,-778367323,3314,1:39:54.750000,"(datetime.datetime(2026, 9, 29, 16, 52, 40, 710000),)",2a3c600d
408623315,-778366017,3325,1:39:54.830000,"(datetime.datetime(2026, 9, 29, 16, 52, 40, 788000),)",2a3c600a
408623968,-778367299,3314,1:39:54.860000,"(datetime.datetime(2026, 9, 29, 16, 52, 40, 819000),)",2a3c600d
408623317,-778366014,3325,1:39:54.930000,"(datetime.datetime(2026, 9, 29, 16, 52, 40, 888000),)",2a3c600a
408623954,-778367274,3314,1:39:54.960000,"(datetime.datetime(2026, 9, 29, 16, 52, 40, 912000),)",2a3c600d
408623316,-778366015,3325,1:39:55.030000,"(datetime.datetime(2026, 9, 29, 16, 52, 40, 988000),)",2a3c600a
408623313,-778366013,3325,1:39:55.130000,"(datetime.datetime(2026, 9, 29, 16, 52, 41, 90000),)",2a3c600a
408623941,-778367253,3314,1:39:55.170000,"(datetime.datetime(2026, 9, 29, 16, 52, 41, 125000),)",2a3c600d
408623927,-778367232,3314,1:39:55.210000,"(datetime.datetime(2026, 9, 29, 16, 52, 41, 162000),)",2a3c600d
408623317,-778366007,3326,1:39:55.230000,"(datetime.datetime(2026, 9, 29, 16, 52, 41, 188000),)",2a3c600a
408623317,-778366010,3326,1:39:55.330000,"(datetime.datetime(2026, 9, 29, 16, 52, 41, 289000),)",2a3c600a
408623906,-778367215,3314,1:39:55.350000,"(datetime.datetime(2026, 9, 29, 16, 52, 41, 310000),)",2a3c600d
408623901,-778367199,3314,1:39:55.380000,"(datetime.datetime(2026, 9, 29, 16, 52, 41, 336000),)",2a3c600d
408623317,-778366012,3325,1:39:55.440000,"(datetime.datetime(2026, 9, 29, 16, 52, 41, 392000),)",2a3c600a
408623890,-778367184,3314,1:39:55.460000,"(datetime.datetime(2026, 9, 29, 16, 52, 41, 414000),)",2a3c600d
408623317,-778366011,3325,1:39:55.510000,"(datetime.datetime(2026, 9, 29, 16, 52, 41, 470000),)",2a3c600a
408623317,-778366010,3325,1:39:55.590000,"(datetime.datetime(2026, 9, 29, 16, 52, 41, 544000),)",2a3c600a
408623882,-778367170,3314,1:39:55.640000,"(datetime.datetime(2026, 9, 29, 16, 52, 41, 594000),)",2a3c600d
408623317,-778366009,3325,1:39:55.690000,"(datetime.datetime(2026, 9, 29, 16, 52, 41, 644000),)",2a3c600a
408623873,-778367154,3314,1:39:55.740000,"(datetime.datetime(2026, 9, 29, 16, 52, 41, 700000),)",2a3c600d
408623865,-778367141,3314,1:39:55.770000,"(datetime.datetime(2026, 9, 29, 16, 52, 41, 727000),)",2a3c600d
408623316,-778366008,3326,1:39:55.790000,"(datetime.datetime(2026, 9, 29, 16, 52, 41, 749000),)",2a3c600a
408623861,-778367130,3314,1:39:55.850000,"(datetime.datetime(2026, 9, 29, 16, 52, 41, 809000),)",2a3c600d
408623316,-778366011,3326,1:39:55.890000,"(datetime.datetime(2026, 9, 29, 16, 52, 41, 844000),)",2a3c600a
408623317,-778366011,3325,1:39:55.990000,"(datetime.datetime(2026, 9, 29, 16, 52, 41, 944000),)",2a3c600a
408623853,-778367121,3314,1:39:56.040000,"(datetime.datetime(2026, 9, 29, 16, 52, 41, 994000),)",2a3c600d
408623847,-778367109,3314,1:39:56.070000,"(datetime.datetime(2026, 9, 29, 16, 52, 42, 21000),)",2a3c600d
408623317,-778366011,3325,1:39:56.120000,"(datetime.datetime(2026, 9, 29, 16, 52, 42, 72000),)",2a3c600a
408623842,-778367102,3314,1:39:56.150000,"(datetime.datetime(2026, 9, 29, 16, 52, 42, 103000),)",2a3c600d
408623314,-778366002,3327,1:39:56.200000,"(datetime.datetime(2026, 9, 29, 16, 52, 42, 158000),)",2a3c600a
408623825,-778367092,3314,1:39:56.240000,"(datetime.datetime(2026, 9, 29, 16, 52, 42, 194000),)",2a3c600d
408623317,-778366002,3327,1:39:56.290000,"(datetime.datetime(2026, 9, 29, 16, 52, 42, 247000),)",2a3c600a
408623825,-778367089,3314,1:39:56.360000,"(datetime.datetime(2026, 9, 29, 16, 52, 42, 314000),)",2a3c600d
408623315,-778366001,3327,1:39:56.390000,"(datetime.datetime(2026, 9, 29, 16, 52, 42, 344000),)",2a3c600a
408623822,-778367085,3313,1:39:56.440000,"(datetime.datetime(2026, 9, 29, 16, 52, 42, 394000),)",2a3c600d
408623317,-778366001,3326,1:39:56.500000,"(datetime.datetime(2026, 9, 29, 16, 52, 42, 454000),)",2a3c600a
408623818,-778367081,3314,1:39:56.550000,"(datetime.datetime(2026, 9, 29, 16, 52, 42, 507000),)",2a3c600d
408623317,-778366001,3327,1:39:56.600000,"(datetime.datetime(2026, 9, 29, 16, 52, 42, 558000),)",2a3c600a
408623820,-778367082,3314,1:39:56.660000,"(datetime.datetime(2026, 9, 29, 16, 52, 42, 616000),)",2a3c600d
408623319,-778366001,3326,1:39:56.710000,"(datetime.datetime(2026, 9, 29, 16, 52, 42, 662000),)",2a3c600a
408623820,-778367080,3314,1:39:56.750000,"(datetime.datetime(2026, 9, 29, 16, 52, 42, 704000),)",2a3c600d
408623316,-778365996,3327,1:39:56.800000,"(datetime.datetime(2026, 9, 29, 16, 52, 42, 752000),)",2a3c600a
408623818,-778367080,3314,1:39:56.840000,"(datetime.datetime(2026, 9, 29, 16, 52, 42, 794000),)",2a3c600d
408623318,-778366000,3327,1:39:56.900000,"(datetime.datetime(2026, 9, 29, 16, 52, 42, 859000),)",2a3c600a
408623821,-778367081,3314,1:39:56.960000,"(datetime.datetime(2026, 9, 29, 16, 52, 42, 912000),)",2a3c600d
408623317,-778366000,3327,1:39:57,"(datetime.datetime(2026, 9, 29, 16, 52, 42, 952000),)",2a3c600a
408623821,-778367082,3314,1:39:57.040000,"(datetime.datetime(2026, 9, 29, 16, 52, 42, 993000),)",2a3c600d
408623318,-778365999,3327,1:39:57.100000,"(datetime.datetime(2026, 9, 29, 16, 52, 43, 52000),)",2a3c600a
408623821,-778367083,3314,1:39:57.150000,"(datetime.datetime(2026, 9, 29, 16, 52, 43, 109000),)",2a3c600d
408623312,-778366005,3329,1:39:57.200000,"(datetime.datetime(2026, 9, 29, 16, 52, 43, 155000),)",2a3c600a
408623810,-778367079,3314,1:39:57.250000,"(datetime.datetime(2026, 9, 29, 16, 52, 43, 201000),)",2a3c600d
408623312,-778366005,3329,1:39:57.300000,"(datetime.datetime(2026, 9, 29, 16, 52, 43, 252000),)",2a3c600a
408623812,-778367084,3314,1:39:57.340000,"(datetime.datetime(2026, 9, 29, 16, 52, 43, 293000),)",2a3c600d
408623312,-778366005,3329,1:39:57.400000,"(datetime.datetime(2026, 9, 29, 16, 52, 43, 352000),)",2a3c600a
408623812,-778367084,3314,1:39:57.470000,"(datetime.datetime(2026, 9, 29, 16, 52, 43, 427000),)",2a3c600d
408623312,-778366005,3329,1:39:57.500000,"(datetime.datetime(2026, 9, 29, 16, 52, 43, 452000),)",2a3c600a
408623811,-778367084,3314,1:39:57.550000,"(datetime.datetime(2026, 9, 29, 16, 52, 43, 501000),)",2a3c600d
408623312,-778366005,3329,1:39:57.620000,"(datetime.datetime(2026, 9, 29, 16, 52, 43, 571000),)",2a3c600a
408623811,-778367084,3314,1:39:57.640000,"(datetime.datetime(2026, 9, 29, 16, 52, 43, 600000),)",2a3c600d
408623312,-778366005,3329,1:39:57.700000,"(datetime.datetime(2026, 9, 29, 16, 52, 43, 653000),)",2a3c600a
408623312,-778366005,3329,1:39:57.800000,"(datetime.datetime(2026, 9, 29, 16, 52, 43, 753000),)",2a3c600a
408623811,-778367084,3314,1:39:57.840000,"(datetime.datetime(2026, 9, 29, 16, 52, 43, 796000),)",2a3c600d
408623312,-778366005,3329,1:39:58.070000,"(datetime.datetime(2026, 9, 29, 16, 52, 44, 23000),)",2a3c600a
408623814,-778367084,3314,1:39:58.190000,"(datetime.datetime(2026, 9, 29, 16, 52, 44, 148000),)",2a3c600d
408623812,-778367084,3314,1:39:58.250000,"(datetime.datetime(2026, 9, 29, 16, 52, 44, 209000),)",2a3c600d
408623312,-778366005,3329,1:39:58.320000,"(datetime.datetime(2026, 9, 29, 16, 52, 44, 272000),)",2a3c600a
408623811,-778367084,3314,1:39:58.440000,"(datetime.datetime(2026, 9, 29, 16, 52, 44, 397000),)",2a3c600d
408623312,-778366005,3329,1:39:58.650000,"(datetime.datetime(2026, 9, 29, 16, 52, 44, 603000),)",2a3c600a
408623812,-778367084,3314,1:39:58.850000,"(datetime.datetime(2026, 9, 29, 16, 52, 44, 807000),)",2a3c600d
408623295,-778365971,3329,1:39:58.880000,"(datetime.datetime(2026, 9, 29, 16, 52, 44, 831000),)",2a3c600a
408623801,-778367084,3315,1:39:59.260000,"(datetime.datetime(2026, 9, 29, 16, 52, 45, 216000),)",2a3c600d
408623289,-778365960,3329,1:39:59.470000,"(datetime.datetime(2026, 9, 29, 16, 52, 45, 421000),)",2a3c600a
408623801,-778367085,3315,1:39:59.670000,"(datetime.datetime(2026, 9, 29, 16, 52, 45, 626000),)",2a3c600d
408623284,-778365949,3329,1:39:59.880000,"(datetime.datetime(2026, 9, 29, 16, 52, 45, 831000),)",2a3c600a
408623800,-778367083,3314,1:40:00.300000,"(datetime.datetime(2026, 9, 29, 16, 52, 46, 254000),)",2a3c600d
408623277,-778365932,3329,1:40:00.490000,"(datetime.datetime(2026, 9, 29, 16, 52, 46, 446000),)",2a3c600a
408623799,-778367082,3315,1:40:00.720000,"(datetime.datetime(2026, 9, 29, 16, 52, 46, 672000),)",2a3c600d
408623267,-778365915,3329,1:40:00.900000,"(datetime.datetime(2026, 9, 29, 16, 52, 46, 855000),)",2a3c600a
408623797,-778367078,3315,1:40:01.310000,"(datetime.datetime(2026, 9, 29, 16, 52, 47, 265000),)",2a3c600d
408623257,-778365896,3329,1:40:01.510000,"(datetime.datetime(2026, 9, 29, 16, 52, 47, 469000),)",2a3c600a
408623795,-778367076,3315,1:40:01.740000,"(datetime.datetime(2026, 9, 29, 16, 52, 47, 691000),)",2a3c600d
408623246,-778365876,3329,1:40:01.920000,"(datetime.datetime(2026, 9, 29, 16, 52, 47, 879000),)",2a3c600a
408623794,-778367074,3315,1:40:02.210000,"(datetime.datetime(2026, 9, 29, 16, 52, 48, 166000),)",2a3c600d
408623234,-778365852,3329,1:40:02.290000,"(datetime.datetime(2026, 9, 29, 16, 52, 48, 242000),)",2a3c600a
408623794,-778367071,3314,1:40:02.380000,"(datetime.datetime(2026, 9, 29, 16, 52, 48, 335000),)",2a3c600d
408623220,-778365826,3329,1:40:02.460000,"(datetime.datetime(2026, 9, 29, 16, 52, 48, 419000),)",2a3c600a
408623790,-778367067,3314,1:40:02.560000,"(datetime.datetime(2026, 9, 29, 16, 52, 48, 513000),)",2a3c600d
408623207,-778365800,3329,1:40:02.720000,"(datetime.datetime(2026, 9, 29, 16, 52, 48, 674000),)",2a3c600a
408623788,-778367064,3314,1:40:02.770000,"(datetime.datetime(2026, 9, 29, 16, 52, 48, 724000),)",2a3c600d
408623200,-778365730,3334,1:40:02.860000,"(datetime.datetime(2026, 9, 29, 16, 52, 48, 812000),)",2a3c600a
408623785,-778367063,3315,1:40:03.060000,"(datetime.datetime(2026, 9, 29, 16, 52, 49, 18000),)",2a3c600d
408623184,-778365696,3333,1:40:03.150000,"(datetime.datetime(2026, 9, 29, 16, 52, 49, 105000),)",2a3c600a
408623782,-778367057,3314,1:40:03.280000,"(datetime.datetime(2026, 9, 29, 16, 52, 49, 231000),)",2a3c600d
408623168,-778365663,3333,1:40:03.430000,"(datetime.datetime(2026, 9, 29, 16, 52, 49, 390000),)",2a3c600a
408623777,-778367051,3315,1:40:03.480000,"(datetime.datetime(2026, 9, 29, 16, 52, 49, 438000),)",2a3c600d
408623148,-778365630,3333,1:40:03.560000,"(datetime.datetime(2026, 9, 29, 16, 52, 49, 514000),)",2a3c600a
408623772,-778367044,3315,1:40:03.690000,"(datetime.datetime(2026, 9, 29, 16, 52, 49, 642000),)",2a3c600d
408623130,-778365593,3333,1:40:03.760000,"(datetime.datetime(2026, 9, 29, 16, 52, 49, 715000),)",2a3c600a
408623767,-778367035,3315,1:40:03.790000,"(datetime.datetime(2026, 9, 29, 16, 52, 49, 750000),)",2a3c600d
408623108,-778365552,3333,1:40:03.820000,"(datetime.datetime(2026, 9, 29, 16, 52, 49, 772000),)",2a3c600a
408623762,-778367025,3314,1:40:03.880000,"(datetime.datetime(2026, 9, 29, 16, 52, 49, 834000),)",2a3c600d
408623085,-778365510,3333,1:40:03.900000,"(datetime.datetime(2026, 9, 29, 16, 52, 49, 858000),)",2a3c600a
408623754,-778367012,3315,1:40:03.960000,"(datetime.datetime(2026, 9, 29, 16, 52, 49, 913000),)",2a3c600d
408623063,-778365465,3333,1:40:03.980000,"(datetime.datetime(2026, 9, 29, 16, 52, 49, 935000),)",2a3c600a
408623748,-778366999,3314,1:40:04.040000,"(datetime.datetime(2026, 9, 29, 16, 52, 49, 995000),)",2a3c600d
408623036,-778365419,3333,1:40:04.060000,"(datetime.datetime(2026, 9, 29, 16, 52, 50, 16000),)",2a3c600a
408623738,-778366985,3314,1:40:04.120000,"(datetime.datetime(2026, 9, 29, 16, 52, 50, 73000),)",2a3c600d
408623010,-778365372,3334,1:40:04.140000,"(datetime.datetime(2026, 9, 29, 16, 52, 50, 96000),)",2a3c600a
408623728,-778366968,3314,1:40:04.200000,"(datetime.datetime(2026, 9, 29, 16, 52, 50, 151000),)",2a3c600d
408622989,-778365306,3331,1:40:04.220000,"(datetime.datetime(2026, 9, 29, 16, 52, 50, 174000),)",2a3c600a
408623721,-778366950,3315,1:40:04.280000,"(datetime.datetime(2026, 9, 29, 16, 52, 50, 238000),)",2a3c600d
408622958,-778365252,3331,1:40:04.310000,"(datetime.datetime(2026, 9, 29, 16, 52, 50, 261000),)",2a3c600a
408623709,-778366928,3315,1:40:04.370000,"(datetime.datetime(2026, 9, 29, 16, 52, 50, 321000),)",2a3c600d
408622930,-778365197,3332,1:40:04.390000,"(datetime.datetime(2026, 9, 29, 16, 52, 50, 345000),)",2a3c600a
408623696,-778366906,3315,1:40:04.450000,"(datetime.datetime(2026, 9, 29, 16, 52, 50, 409000),)",2a3c600d
408622901,-778365140,3332,1:40:04.470000,"(datetime.datetime(2026, 9, 29, 16, 52, 50, 429000),)",2a3c600a
408623681,-778366883,3315,1:40:04.530000,"(datetime.datetime(2026, 9, 29, 16, 52, 50, 487000),)",2a3c600d
408622871,-778365083,3332,1:40:04.550000,"(datetime.datetime(2026, 9, 29, 16, 52, 50, 509000),)",2a3c600a
408623667,-778366858,3315,1:40:04.610000,"(datetime.datetime(2026, 9, 29, 16, 52, 50, 565000),)",2a3c600d
408622841,-778365023,3332,1:40:04.630000,"(datetime.datetime(2026, 9, 29, 16, 52, 50, 586000),)",2a3c600a
408623652,-778366830,3315,1:40:04.690000,"(datetime.datetime(2026, 9, 29, 16, 52, 50, 645000),)",2a3c600d
408622809,-778364963,3332,1:40:04.710000,"(datetime.datetime(2026, 9, 29, 16, 52, 50, 666000),)",2a3c600a
408623636,-778366801,3315,1:40:04.780000,"(datetime.datetime(2026, 9, 29, 16, 52, 50, 731000),)",2a3c600d
408622778,-778364902,3332,1:40:04.800000,"(datetime.datetime(2026, 9, 29, 16, 52, 50, 755000),)",2a3c600a
408623618,-778366770,3314,1:40:04.860000,"(datetime.datetime(2026, 9, 29, 16, 52, 50, 812000),)",2a3c600d
408622745,-778364834,3332,1:40:04.880000,"(datetime.datetime(2026, 9, 29, 16, 52, 50, 836000),)",2a3c600a
408623599,-778366737,3315,1:40:04.950000,"(datetime.datetime(2026, 9, 29, 16, 52, 50, 903000),)",2a3c600d
408622714,-778364768,3332,1:40:04.990000,"(datetime.datetime(2026, 9, 29, 16, 52, 50, 949000),)",2a3c600a
408623579,-778366703,3314,1:40:05.020000,"(datetime.datetime(2026, 9, 29, 16, 52, 50, 970000),)",2a3c600d
408622688,-778364708,3332,1:40:05.080000,"(datetime.datetime(2026, 9, 29, 16, 52, 51, 38000),)",2a3c600a
408623567,-778366677,3315,1:40:05.100000,"(datetime.datetime(2026, 9, 29, 16, 52, 51, 59000),)",2a3c600d
408622654,-778364633,3332,1:40:05.160000,"(datetime.datetime(2026, 9, 29, 16, 52, 51, 116000),)",2a3c600a
408623545,-778366634,3315,1:40:05.180000,"(datetime.datetime(2026, 9, 29, 16, 52, 51, 140000),)",2a3c600d
408622622,-778364562,3332,1:40:05.240000,"(datetime.datetime(2026, 9, 29, 16, 52, 51, 198000),)",2a3c600a
408623497,-778366553,3315,1:40:05.260000,"(datetime.datetime(2026, 9, 29, 16, 52, 51, 219000),)",2a3c600d
408622588,-778364489,3332,1:40:05.330000,"(datetime.datetime(2026, 9, 29, 16, 52, 51, 284000),)",2a3c600a
408623473,-778366510,3315,1:40:05.350000,"(datetime.datetime(2026, 9, 29, 16, 52, 51, 308000),)",2a3c600d
408622553,-778364415,3332,1:40:05.410000,"(datetime.datetime(2026, 9, 29, 16, 52, 51, 368000),)",2a3c600a
408623450,-778366464,3315,1:40:05.440000,"(datetime.datetime(2026, 9, 29, 16, 52, 51, 391000),)",2a3c600d
408622523,-778364340,3332,1:40:05.490000,"(datetime.datetime(2026, 9, 29, 16, 52, 51, 444000),)",2a3c600a
408623422,-778366416,3315,1:40:05.510000,"(datetime.datetime(2026, 9, 29, 16, 52, 51, 467000),)",2a3c600d
408622490,-778364262,3332,1:40:05.570000,"(datetime.datetime(2026, 9, 29, 16, 52, 51, 524000),)",2a3c600a
408623422,-778366416,3315,1:40:05.590000,"(datetime.datetime(2026, 9, 29, 16, 52, 51, 545000),)",2a3c600d
408622457,-778364181,3331,1:40:05.650000,"(datetime.datetime(2026, 9, 29, 16, 52, 51, 605000),)",2a3c600a
408623396,-778366368,3315,1:40:05.670000,"(datetime.datetime(2026, 9, 29, 16, 52, 51, 628000),)",2a3c600d
408622423,-778364099,3332,1:40:05.730000,"(datetime.datetime(2026, 9, 29, 16, 52, 51, 690000),)",2a3c600a
408623370,-778366316,3315,1:40:05.760000,"(datetime.datetime(2026, 9, 29, 16, 52, 51, 712000),)",2a3c600d
408622387,-778364017,3332,1:40:05.820000,"(datetime.datetime(2026, 9, 29, 16, 52, 51, 773000),)",2a3c600a
408623318,-778366218,3315,1:40:05.840000,"(datetime.datetime(2026, 9, 29, 16, 52, 51, 796000),)",2a3c600d
408622358,-778363949,3331,1:40:05.900000,"(datetime.datetime(2026, 9, 29, 16, 52, 51, 851000),)",2a3c600a
408623286,-778366159,3315,1:40:05.950000,"(datetime.datetime(2026, 9, 29, 16, 52, 51, 901000),)",2a3c600d
408622358,-778363949,3331,1:40:05.980000,"(datetime.datetime(2026, 9, 29, 16, 52, 51, 935000),)",2a3c600a
408623255,-778366101,3315,1:40:06,"(datetime.datetime(2026, 9, 29, 16, 52, 51, 957000),)",2a3c600d
408622286,-778363768,3331,1:40:06.060000,"(datetime.datetime(2026, 9, 29, 16, 52, 52, 18000),)",2a3c600a
408623223,-778366043,3315,1:40:06.080000,"(datetime.datetime(2026, 9, 29, 16, 52, 52, 40000),)",2a3c600d
408622251,-778363678,3331,1:40:06.150000,"(datetime.datetime(2026, 9, 29, 16, 52, 52, 110000),)",2a3c600a
408623191,-778365982,3315,1:40:06.180000,"(datetime.datetime(2026, 9, 29, 16, 52, 52, 136000),)",2a3c600d
408622215,-778363586,3331,1:40:06.230000,"(datetime.datetime(2026, 9, 29, 16, 52, 52, 186000),)",2a3c600a
408623160,-778365918,3315,1:40:06.250000,"(datetime.datetime(2026, 9, 29, 16, 52, 52, 207000),)",2a3c600d
408622180,-778363492,3331,1:40:06.320000,"(datetime.datetime(2026, 9, 29, 16, 52, 52, 270000),)",2a3c600a
408623125,-778365856,3315,1:40:06.340000,"(datetime.datetime(2026, 9, 29, 16, 52, 52, 293000),)",2a3c600d
408622146,-778363398,3331,1:40:06.400000,"(datetime.datetime(2026, 9, 29, 16, 52, 52, 354000),)",2a3c600a
408623090,-778365786,3315,1:40:06.420000,"(datetime.datetime(2026, 9, 29, 16, 52, 52, 377000),)",2a3c600d
408622146,-778363398,3331,1:40:06.480000,"(datetime.datetime(2026, 9, 29, 16, 52, 52, 431000),)",2a3c600a
408623056,-778365718,3315,1:40:06.500000,"(datetime.datetime(2026, 9, 29, 16, 52, 52, 453000),)",2a3c600d
408622107,-778363299,3332,1:40:06.570000,"(datetime.datetime(2026, 9, 29, 16, 52, 52, 521000),)",2a3c600a
408623019,-778365644,3315,1:40:06.590000,"(datetime.datetime(2026, 9, 29, 16, 52, 52, 543000),)",2a3c600d
408622071,-778363201,3332,1:40:06.660000,"(datetime.datetime(2026, 9, 29, 16, 52, 52, 611000),)",2a3c600a
408622986,-778365585,3315,1:40:06.680000,"(datetime.datetime(2026, 9, 29, 16, 52, 52, 633000),)",2a3c600d
408622034,-778363100,3331,1:40:06.730000,"(datetime.datetime(2026, 9, 29, 16, 52, 52, 690000),)",2a3c600a
408622945,-778365504,3315,1:40:06.760000,"(datetime.datetime(2026, 9, 29, 16, 52, 52, 711000),)",2a3c600d
408621997,-778363015,3330,1:40:06.830000,"(datetime.datetime(2026, 9, 29, 16, 52, 52, 785000),)",2a3c600a
408622908,-778365426,3315,1:40:06.880000,"(datetime.datetime(2026, 9, 29, 16, 52, 52, 839000),)",2a3c600d
408621961,-778362906,3330,1:40:06.950000,"(datetime.datetime(2026, 9, 29, 16, 52, 52, 901000),)",2a3c600a
408622870,-778365348,3315,1:40:06.970000,"(datetime.datetime(2026, 9, 29, 16, 52, 52, 924000),)",2a3c600d
408621924,-778362803,3330,1:40:07.030000,"(datetime.datetime(2026, 9, 29, 16, 52, 52, 987000),)",2a3c600a
408622831,-778365269,3315,1:40:07.050000,"(datetime.datetime(2026, 9, 29, 16, 52, 53, 8000),)",2a3c600d
408621888,-778362695,3330,1:40:07.110000,"(datetime.datetime(2026, 9, 29, 16, 52, 53, 69000),)",2a3c600a
408622791,-778365185,3315,1:40:07.130000,"(datetime.datetime(2026, 9, 29, 16, 52, 53, 90000),)",2a3c600d
408621852,-778362589,3330,1:40:07.190000,"(datetime.datetime(2026, 9, 29, 16, 52, 53, 150000),)",2a3c600a
408622750,-778365104,3315,1:40:07.220000,"(datetime.datetime(2026, 9, 29, 16, 52, 53, 172000),)",2a3c600d
408621813,-778362476,3331,1:40:07.270000,"(datetime.datetime(2026, 9, 29, 16, 52, 53, 229000),)",2a3c600a
408622711,-778365020,3315,1:40:07.300000,"(datetime.datetime(2026, 9, 29, 16, 52, 53, 252000),)",2a3c600d
408621778,-778362365,3330,1:40:07.350000,"(datetime.datetime(2026, 9, 29, 16, 52, 53, 308000),)",2a3c600a
408622670,-778364931,3315,1:40:07.380000,"(datetime.datetime(2026, 9, 29, 16, 52, 53, 330000),)",2a3c600d
408621742,-778362254,3331,1:40:07.430000,"(datetime.datetime(2026, 9, 29, 16, 52, 53, 390000),)",2a3c600a
408622629,-778364845,3316,1:40:07.460000,"(datetime.datetime(2026, 9, 29, 16, 52, 53, 414000),)",2a3c600d
408621706,-778362142,3331,1:40:07.520000,"(datetime.datetime(2026, 9, 29, 16, 52, 53, 473000),)",2a3c600a
408622594,-778364761,3315,1:40:07.540000,"(datetime.datetime(2026, 9, 29, 16, 52, 53, 496000),)",2a3c600d
408621671,-778362028,3331,1:40:07.610000,"(datetime.datetime(2026, 9, 29, 16, 52, 53, 570000),)",2a3c600a
408622551,-778364664,3315,1:40:07.660000,"(datetime.datetime(2026, 9, 29, 16, 52, 53, 618000),)",2a3c600d
408621660,-778361939,3328,1:40:07.680000,"(datetime.datetime(2026, 9, 29, 16, 52, 53, 639000),)",2a3c600a
408622511,-778364571,3315,1:40:07.740000,"(datetime.datetime(2026, 9, 29, 16, 52, 53, 700000),)",2a3c600d
408621627,-778361817,3328,1:40:07.770000,"(datetime.datetime(2026, 9, 29, 16, 52, 53, 723000),)",2a3c600a
408622472,-778364481,3315,1:40:07.830000,"(datetime.datetime(2026, 9, 29, 16, 52, 53, 781000),)",2a3c600d
408621593,-778361699,3328,1:40:07.850000,"(datetime.datetime(2026, 9, 29, 16, 52, 53, 802000),)",2a3c600a
408622429,-778364389,3315,1:40:07.950000,"(datetime.datetime(2026, 9, 29, 16, 52, 53, 906000),)",2a3c600d
408621563,-778361581,3328,1:40:07.970000,"(datetime.datetime(2026, 9, 29, 16, 52, 53, 928000),)",2a3c600a
408622388,-778364295,3315,1:40:08,"(datetime.datetime(2026, 9, 29, 16, 52, 53, 951000),)",2a3c600d
408621530,-778361458,3328,1:40:08.050000,"(datetime.datetime(2026, 9, 29, 16, 52, 54, 8000),)",2a3c600a
408622388,-778364295,3315,1:40:08.070000,"(datetime.datetime(2026, 9, 29, 16, 52, 54, 30000),)",2a3c600d
408621498,-778361335,3328,1:40:08.140000,"(datetime.datetime(2026, 9, 29, 16, 52, 54, 96000),)",2a3c600a
408622347,-778364198,3315,1:40:08.170000,"(datetime.datetime(2026, 9, 29, 16, 52, 54, 120000),)",2a3c600d
408621465,-778361212,3328,1:40:08.230000,"(datetime.datetime(2026, 9, 29, 16, 52, 54, 184000),)",2a3c600a
408622264,-778364003,3315,1:40:08.250000,"(datetime.datetime(2026, 9, 29, 16, 52, 54, 208000),)",2a3c600d
408621435,-778361086,3328,1:40:08.310000,"(datetime.datetime(2026, 9, 29, 16, 52, 54, 267000),)",2a3c600a
408622225,-778363902,3315,1:40:08.330000,"(datetime.datetime(2026, 9, 29, 16, 52, 54, 290000),)",2a3c600d
408621404,-778360960,3328,1:40:08.390000,"(datetime.datetime(2026, 9, 29, 16, 52, 54, 347000),)",2a3c600a
408622180,-778363809,3315,1:40:08.420000,"(datetime.datetime(2026, 9, 29, 16, 52, 54, 370000),)",2a3c600d
408621375,-778360828,3328,1:40:08.470000,"(datetime.datetime(2026, 9, 29, 16, 52, 54, 430000),)",2a3c600a
408622139,-778363701,3315,1:40:08.500000,"(datetime.datetime(2026, 9, 29, 16, 52, 54, 452000),)",2a3c600d
408621333,-778360709,3329,1:40:08.560000,"(datetime.datetime(2026, 9, 29, 16, 52, 54, 511000),)",2a3c600a
408622097,-778363597,3315,1:40:08.580000,"(datetime.datetime(2026, 9, 29, 16, 52, 54, 533000),)",2a3c600d
408621306,-778360572,3329,1:40:08.640000,"(datetime.datetime(2026, 9, 29, 16, 52, 54, 591000),)",2a3c600a
408622097,-778363597,3315,1:40:08.660000,"(datetime.datetime(2026, 9, 29, 16, 52, 54, 612000),)",2a3c600d
408621276,-778360442,3329,1:40:08.720000,"(datetime.datetime(2026, 9, 29, 16, 52, 54, 676000),)",2a3c600a
408622017,-778363381,3315,1:40:08.740000,"(datetime.datetime(2026, 9, 29, 16, 52, 54, 698000),)",2a3c600d
408621247,-778360306,3329,1:40:08.810000,"(datetime.datetime(2026, 9, 29, 16, 52, 54, 769000),)",2a3c600a
408621976,-778363272,3315,1:40:08.870000,"(datetime.datetime(2026, 9, 29, 16, 52, 54, 826000),)",2a3c600d
408621220,-778360175,3329,1:40:08.960000,"(datetime.datetime(2026, 9, 29, 16, 52, 54, 912000),)",2a3c600a
408621937,-778363162,3315,1:40:08.990000,"(datetime.datetime(2026, 9, 29, 16, 52, 54, 941000),)",2a3c600d
408621193,-778360037,3329,1:40:09.010000,"(datetime.datetime(2026, 9, 29, 16, 52, 54, 964000),)",2a3c600a
408621896,-778363048,3315,1:40:09.070000,"(datetime.datetime(2026, 9, 29, 16, 52, 55, 22000),)",2a3c600d
408621167,-778359899,3329,1:40:09.090000,"(datetime.datetime(2026, 9, 29, 16, 52, 55, 44000),)",2a3c600a
408621896,-778363048,3315,1:40:09.160000,"(datetime.datetime(2026, 9, 29, 16, 52, 55, 118000),)",2a3c600d
408621140,-778359760,3330,1:40:09.210000,"(datetime.datetime(2026, 9, 29, 16, 52, 55, 170000),)",2a3c600a
408621816,-778362816,3315,1:40:09.240000,"(datetime.datetime(2026, 9, 29, 16, 52, 55, 193000),)",2a3c600d
408621116,-778359618,3329,1:40:09.290000,"(datetime.datetime(2026, 9, 29, 16, 52, 55, 246000),)",2a3c600a
408621816,-778362816,3315,1:40:09.310000,"(datetime.datetime(2026, 9, 29, 16, 52, 55, 269000),)",2a3c600d
408621091,-778359479,3329,1:40:09.380000,"(datetime.datetime(2026, 9, 29, 16, 52, 55, 331000),)",2a3c600a
408621780,-778362707,3315,1:40:09.400000,"(datetime.datetime(2026, 9, 29, 16, 52, 55, 353000),)",2a3c600d
408621048,-778359342,3329,1:40:09.450000,"(datetime.datetime(2026, 9, 29, 16, 52, 55, 409000),)",2a3c600a
408621740,-778362581,3315,1:40:09.480000,"(datetime.datetime(2026, 9, 29, 16, 52, 55, 431000),)",2a3c600d
408621026,-778359194,3329,1:40:09.540000,"(datetime.datetime(2026, 9, 29, 16, 52, 55, 491000),)",2a3c600a
408621702,-778362461,3315,1:40:09.560000,"(datetime.datetime(2026, 9, 29, 16, 52, 55, 513000),)",2a3c600d
408621004,-778359046,3329,1:40:09.630000,"(datetime.datetime(2026, 9, 29, 16, 52, 55, 582000),)",2a3c600a
408621663,-778362341,3316,1:40:09.690000,"(datetime.datetime(2026, 9, 29, 16, 52, 55, 641000),)",2a3c600d
408620981,-778358899,3329,1:40:09.740000,"(datetime.datetime(2026, 9, 29, 16, 52, 55, 700000),)",2a3c600a
408621627,-778362218,3316,1:40:09.770000,"(datetime.datetime(2026, 9, 29, 16, 52, 55, 723000),)",2a3c600d
408620959,-778358753,3329,1:40:09.820000,"(datetime.datetime(2026, 9, 29, 16, 52, 55, 780000),)",2a3c600a
408621587,-778362091,3316,1:40:09.850000,"(datetime.datetime(2026, 9, 29, 16, 52, 55, 803000),)",2a3c600d
408620937,-778358604,3329,1:40:09.960000,"(datetime.datetime(2026, 9, 29, 16, 52, 55, 911000),)",2a3c600a
408621550,-778361966,3316,1:40:09.980000,"(datetime.datetime(2026, 9, 29, 16, 52, 55, 934000),)",2a3c600d
408620917,-778358455,3329,1:40:10,"(datetime.datetime(2026, 9, 29, 16, 52, 55, 955000),)",2a3c600a
408621513,-778361837,3316,1:40:10.070000,"(datetime.datetime(2026, 9, 29, 16, 52, 56, 25000),)",2a3c600d
408620897,-778358302,3329,1:40:10.120000,"(datetime.datetime(2026, 9, 29, 16, 52, 56, 73000),)",2a3c600a
408621476,-778361708,3316,1:40:10.140000,"(datetime.datetime(2026, 9, 29, 16, 52, 56, 95000),)",2a3c600d
408620878,-778358151,3329,1:40:10.200000,"(datetime.datetime(2026, 9, 29, 16, 52, 56, 158000),)",2a3c600a
408621440,-778361576,3316,1:40:10.280000,"(datetime.datetime(2026, 9, 29, 16, 52, 56, 231000),)",2a3c600d
408620858,-778357996,3329,1:40:10.310000,"(datetime.datetime(2026, 9, 29, 16, 52, 56, 260000),)",2a3c600a
408621402,-778361447,3315,1:40:10.340000,"(datetime.datetime(2026, 9, 29, 16, 52, 56, 292000),)",2a3c600d
408620823,-778357843,3329,1:40:10.360000,"(datetime.datetime(2026, 9, 29, 16, 52, 56, 314000),)",2a3c600a
408621369,-778361307,3315,1:40:10.420000,"(datetime.datetime(2026, 9, 29, 16, 52, 56, 375000),)",2a3c600d
408620808,-778357681,3329,1:40:10.440000,"(datetime.datetime(2026, 9, 29, 16, 52, 56, 400000),)",2a3c600a
408621334,-778361172,3315,1:40:10.500000,"(datetime.datetime(2026, 9, 29, 16, 52, 56, 458000),)",2a3c600d
408620791,-778357525,3329,1:40:10.530000,"(datetime.datetime(2026, 9, 29, 16, 52, 56, 481000),)",2a3c600a
408621300,-778361036,3315,1:40:10.590000,"(datetime.datetime(2026, 9, 29, 16, 52, 56, 545000),)",2a3c600d
408620777,-778357363,3329,1:40:10.640000,"(datetime.datetime(2026, 9, 29, 16, 52, 56, 598000),)",2a3c600a
408621267,-778360896,3315,1:40:10.670000,"(datetime.datetime(2026, 9, 29, 16, 52, 56, 620000),)",2a3c600d
408620760,-778357205,3329,1:40:10.730000,"(datetime.datetime(2026, 9, 29, 16, 52, 56, 683000),)",2a3c600a
408621235,-778360757,3315,1:40:10.750000,"(datetime.datetime(2026, 9, 29, 16, 52, 56, 705000),)",2a3c600d
408620748,-778357044,3329,1:40:10.810000,"(datetime.datetime(2026, 9, 29, 16, 52, 56, 770000),)",2a3c600a
408621202,-778360616,3315,1:40:10.840000,"(datetime.datetime(2026, 9, 29, 16, 52, 56, 793000),)",2a3c600d
408620734,-778356881,3329,1:40:10.960000,"(datetime.datetime(2026, 9, 29, 16, 52, 56, 912000),)",2a3c600a
408621171,-778360480,3316,1:40:10.980000,"(datetime.datetime(2026, 9, 29, 16, 52, 56, 938000),)",2a3c600d
408620722,-778356719,3329,1:40:11.020000,"(datetime.datetime(2026, 9, 29, 16, 52, 56, 974000),)",2a3c600a
408621140,-778360334,3315,1:40:11.050000,"(datetime.datetime(2026, 9, 29, 16, 52, 57, 2000),)",2a3c600d
408620709,-778356557,3329,1:40:11.100000,"(datetime.datetime(2026, 9, 29, 16, 52, 57, 60000),)",2a3c600a
408621109,-778360190,3315,1:40:11.130000,"(datetime.datetime(2026, 9, 29, 16, 52, 57, 82000),)",2a3c600d
408620703,-778356387,3329,1:40:11.180000,"(datetime.datetime(2026, 9, 29, 16, 52, 57, 138000),)",2a3c600a
408621079,-778360052,3315,1:40:11.210000,"(datetime.datetime(2026, 9, 29, 16, 52, 57, 164000),)",2a3c600d
408620689,-778356216,3329,1:40:11.260000,"(datetime.datetime(2026, 9, 29, 16, 52, 57, 219000),)",2a3c600a
408621051,-778359901,3316,1:40:11.280000,"(datetime.datetime(2026, 9, 29, 16, 52, 57, 240000),)",2a3c600d
408620684,-778356043,3329,1:40:11.340000,"(datetime.datetime(2026, 9, 29, 16, 52, 57, 300000),)",2a3c600a
408621024,-778359754,3315,1:40:11.370000,"(datetime.datetime(2026, 9, 29, 16, 52, 57, 322000),)",2a3c600d
408620677,-778355873,3329,1:40:11.420000,"(datetime.datetime(2026, 9, 29, 16, 52, 57, 376000),)",2a3c600a
408620996,-778359605,3315,1:40:11.440000,"(datetime.datetime(2026, 9, 29, 16, 52, 57, 398000),)",2a3c600d
408620674,-778355701,3329,1:40:11.500000,"(datetime.datetime(2026, 9, 29, 16, 52, 57, 457000),)",2a3c600a
408620970,-778359453,3315,1:40:11.530000,"(datetime.datetime(2026, 9, 29, 16, 52, 57, 481000),)",2a3c600d
408620668,-778355534,3329,1:40:11.580000,"(datetime.datetime(2026, 9, 29, 16, 52, 57, 537000),)",2a3c600a
408620945,-778359304,3315,1:40:11.610000,"(datetime.datetime(2026, 9, 29, 16, 52, 57, 561000),)",2a3c600d
408620665,-778355362,3329,1:40:11.670000,"(datetime.datetime(2026, 9, 29, 16, 52, 57, 621000),)",2a3c600a
408620919,-778359151,3315,1:40:11.700000,"(datetime.datetime(2026, 9, 29, 16, 52, 57, 655000),)",2a3c600d
408620665,-778355188,3329,1:40:11.740000,"(datetime.datetime(2026, 9, 29, 16, 52, 57, 697000),)",2a3c600a
408620896,-778358997,3315,1:40:11.760000,"(datetime.datetime(2026, 9, 29, 16, 52, 57, 719000),)",2a3c600d
408620664,-778355013,3329,1:40:11.830000,"(datetime.datetime(2026, 9, 29, 16, 52, 57, 781000),)",2a3c600a
408620666,-778354840,3329,1:40:11.850000,"(datetime.datetime(2026, 9, 29, 16, 52, 57, 803000),)",2a3c600a
408620873,-778358840,3315,1:40:11.960000,"(datetime.datetime(2026, 9, 29, 16, 52, 57, 911000),)",2a3c600d
408620851,-778358685,3316,1:40:11.990000,"(datetime.datetime(2026, 9, 29, 16, 52, 57, 945000),)",2a3c600d
408620669,-778354665,3329,1:40:12.040000,"(datetime.datetime(2026, 9, 29, 16, 52, 57, 991000),)",2a3c600a
408620824,-778358533,3316,1:40:12.080000,"(datetime.datetime(2026, 9, 29, 16, 52, 58, 39000),)",2a3c600d
408620671,-778354489,3329,1:40:12.110000,"(datetime.datetime(2026, 9, 29, 16, 52, 58, 63000),)",2a3c600a
408620806,-778358372,3316,1:40:12.170000,"(datetime.datetime(2026, 9, 29, 16, 52, 58, 128000),)",2a3c600d
408620681,-778354310,3330,1:40:12.190000,"(datetime.datetime(2026, 9, 29, 16, 52, 58, 150000),)",2a3c600a
408620785,-778358211,3316,1:40:12.250000,"(datetime.datetime(2026, 9, 29, 16, 52, 58, 209000),)",2a3c600d
408620686,-778354135,3330,1:40:12.270000,"(datetime.datetime(2026, 9, 29, 16, 52, 58, 230000),)",2a3c600a
408620766,-778358053,3316,1:40:12.340000,"(datetime.datetime(2026, 9, 29, 16, 52, 58, 296000),)",2a3c600d
408620696,-778353960,3329,1:40:12.360000,"(datetime.datetime(2026, 9, 29, 16, 52, 58, 318000),)",2a3c600a
408620749,-778357888,3316,1:40:12.420000,"(datetime.datetime(2026, 9, 29, 16, 52, 58, 378000),)",2a3c600d
408620705,-778353781,3330,1:40:12.440000,"(datetime.datetime(2026, 9, 29, 16, 52, 58, 400000),)",2a3c600a
408620732,-778357725,3316,1:40:12.510000,"(datetime.datetime(2026, 9, 29, 16, 52, 58, 461000),)",2a3c600d
408620717,-778353607,3329,1:40:12.530000,"(datetime.datetime(2026, 9, 29, 16, 52, 58, 485000),)",2a3c600a
408620717,-778357560,3316,1:40:12.590000,"(datetime.datetime(2026, 9, 29, 16, 52, 58, 550000),)",2a3c600d
408620729,-778353429,3329,1:40:12.660000,"(datetime.datetime(2026, 9, 29, 16, 52, 58, 612000),)",2a3c600a
408620702,-778357394,3316,1:40:12.680000,"(datetime.datetime(2026, 9, 29, 16, 52, 58, 638000),)",2a3c600d
408620742,-778353254,3330,1:40:12.730000,"(datetime.datetime(2026, 9, 29, 16, 52, 58, 686000),)",2a3c600a
408620687,-778357229,3316,1:40:12.750000,"(datetime.datetime(2026, 9, 29, 16, 52, 58, 707000),)",2a3c600d
408620759,-778353079,3329,1:40:12.820000,"(datetime.datetime(2026, 9, 29, 16, 52, 58, 775000),)",2a3c600a
408620675,-778357060,3315,1:40:12.980000,"(datetime.datetime(2026, 9, 29, 16, 52, 58, 936000),)",2a3c600d
408620774,-778352903,3329,1:40:13.290000,"(datetime.datetime(2026, 9, 29, 16, 52, 59, 243000),)",2a3c600a
408620659,-778356898,3316,1:40:13.470000,"(datetime.datetime(2026, 9, 29, 16, 52, 59, 430000),)",2a3c600d
408620789,-778352716,3331,1:40:13.530000,"(datetime.datetime(2026, 9, 29, 16, 52, 59, 485000),)",2a3c600a
408620651,-778356724,3316,1:40:13.630000,"(datetime.datetime(2026, 9, 29, 16, 52, 59, 583000),)",2a3c600d
408620812,-778352539,3331,1:40:13.800000,"(datetime.datetime(2026, 9, 29, 16, 52, 59, 757000),)",2a3c600a
408620641,-778356552,3316,1:40:14.050000,"(datetime.datetime(2026, 9, 29, 16, 53, 0, 8000),)",2a3c600d
408620834,-778352364,3331,1:40:14.210000,"(datetime.datetime(2026, 9, 29, 16, 53, 0, 167000),)",2a3c600a
408620632,-778356381,3316,1:40:14.420000,"(datetime.datetime(2026, 9, 29, 16, 53, 0, 371000),)",2a3c600d
408620855,-778352189,3331,1:40:14.580000,"(datetime.datetime(2026, 9, 29, 16, 53, 0, 537000),)",2a3c600a
408620624,-778356205,3316,1:40:14.740000,"(datetime.datetime(2026, 9, 29, 16, 53, 0, 691000),)",2a3c600d
408620878,-778352012,3331,1:40:14.890000,"(datetime.datetime(2026, 9, 29, 16, 53, 0, 850000),)",2a3c600a
408620619,-778356031,3316,1:40:15,"(datetime.datetime(2026, 9, 29, 16, 53, 0, 950000),)",2a3c600d
408620903,-778351836,3331,1:40:15.070000,"(datetime.datetime(2026, 9, 29, 16, 53, 1, 22000),)",2a3c600a
408620613,-778355854,3316,1:40:15.220000,"(datetime.datetime(2026, 9, 29, 16, 53, 1, 178000),)",2a3c600d
408620929,-778351661,3331,1:40:15.280000,"(datetime.datetime(2026, 9, 29, 16, 53, 1, 235000),)",2a3c600a
408620609,-778355680,3316,1:40:15.370000,"(datetime.datetime(2026, 9, 29, 16, 53, 1, 323000),)",2a3c600d
408620955,-778351484,3331,1:40:15.470000,"(datetime.datetime(2026, 9, 29, 16, 53, 1, 423000),)",2a3c600a
408620607,-778355503,3316,1:40:15.580000,"(datetime.datetime(2026, 9, 29, 16, 53, 1, 531000),)",2a3c600d
408620985,-778351308,3331,1:40:15.680000,"(datetime.datetime(2026, 9, 29, 16, 53, 1, 636000),)",2a3c600a
408620607,-778355325,3316,1:40:15.780000,"(datetime.datetime(2026, 9, 29, 16, 53, 1, 740000),)",2a3c600d
408621014,-778351133,3331,1:40:15.890000,"(datetime.datetime(2026, 9, 29, 16, 53, 1, 841000),)",2a3c600a
408620606,-778355155,3316,1:40:16.010000,"(datetime.datetime(2026, 9, 29, 16, 53, 1, 962000),)",2a3c600d
408621044,-778350934,3334,1:40:16.040000,"(datetime.datetime(2026, 9, 29, 16, 53, 1, 996000),)",2a3c600a
408620611,-778354973,3316,1:40:16.080000,"(datetime.datetime(2026, 9, 29, 16, 53, 2, 40000),)",2a3c600d
408621080,-778350757,3334,1:40:16.110000,"(datetime.datetime(2026, 9, 29, 16, 53, 2, 62000),)",2a3c600a
408620612,-778354793,3316,1:40:16.170000,"(datetime.datetime(2026, 9, 29, 16, 53, 2, 126000),)",2a3c600d
408621111,-778350578,3334,1:40:16.190000,"(datetime.datetime(2026, 9, 29, 16, 53, 2, 148000),)",2a3c600a
408620620,-778354613,3316,1:40:16.260000,"(datetime.datetime(2026, 9, 29, 16, 53, 2, 212000),)",2a3c600d
408621144,-778350402,3334,1:40:16.310000,"(datetime.datetime(2026, 9, 29, 16, 53, 2, 266000),)",2a3c600a
408620626,-778354431,3315,1:40:16.330000,"(datetime.datetime(2026, 9, 29, 16, 53, 2, 289000),)",2a3c600d
408621178,-778350221,3334,1:40:16.390000,"(datetime.datetime(2026, 9, 29, 16, 53, 2, 350000),)",2a3c600a
408620633,-778354250,3315,1:40:16.420000,"(datetime.datetime(2026, 9, 29, 16, 53, 2, 375000),)",2a3c600d
408621214,-778350043,3334,1:40:16.480000,"(datetime.datetime(2026, 9, 29, 16, 53, 2, 432000),)",2a3c600a
408620642,-778354066,3315,1:40:16.500000,"(datetime.datetime(2026, 9, 29, 16, 53, 2, 455000),)",2a3c600d
408621251,-778349862,3334,1:40:16.560000,"(datetime.datetime(2026, 9, 29, 16, 53, 2, 515000),)",2a3c600a
408620651,-778353883,3315,1:40:16.580000,"(datetime.datetime(2026, 9, 29, 16, 53, 2, 538000),)",2a3c600d
408621289,-778349686,3335,1:40:16.670000,"(datetime.datetime(2026, 9, 29, 16, 53, 2, 628000),)",2a3c600a
408620662,-778353697,3315,1:40:16.720000,"(datetime.datetime(2026, 9, 29, 16, 53, 2, 678000),)",2a3c600d
408621329,-778349507,3334,1:40:16.750000,"(datetime.datetime(2026, 9, 29, 16, 53, 2, 703000),)",2a3c600a
408620677,-778353518,3315,1:40:16.800000,"(datetime.datetime(2026, 9, 29, 16, 53, 2, 756000),)",2a3c600d
408621373,-778349329,3334,1:40:16.820000,"(datetime.datetime(2026, 9, 29, 16, 53, 2, 779000),)",2a3c600a
408620687,-778353335,3314,1:40:16.890000,"(datetime.datetime(2026, 9, 29, 16, 53, 2, 841000),)",2a3c600d
408621412,-778349140,3336,1:40:16.910000,"(datetime.datetime(2026, 9, 29, 16, 53, 2, 865000),)",2a3c600a
408620706,-778353147,3314,1:40:16.970000,"(datetime.datetime(2026, 9, 29, 16, 53, 2, 925000),)",2a3c600d
408621458,-778348962,3335,1:40:17.030000,"(datetime.datetime(2026, 9, 29, 16, 53, 2, 990000),)",2a3c600a
408620725,-778352962,3314,1:40:17.060000,"(datetime.datetime(2026, 9, 29, 16, 53, 3, 16000),)",2a3c600d
408621506,-778348781,3335,1:40:17.120000,"(datetime.datetime(2026, 9, 29, 16, 53, 3, 75000),)",2a3c600a
408620745,-778352774,3314,1:40:17.180000,"(datetime.datetime(2026, 9, 29, 16, 53, 3, 134000),)",2a3c600d
408621553,-778348602,3336,1:40:17.240000,"(datetime.datetime(2026, 9, 29, 16, 53, 3, 193000),)",2a3c600a
408620768,-778352591,3314,1:40:17.290000,"(datetime.datetime(2026, 9, 29, 16, 53, 3, 244000),)",2a3c600d
408621601,-778348423,3336,1:40:17.310000,"(datetime.datetime(2026, 9, 29, 16, 53, 3, 268000),)",2a3c600a
408620788,-778352403,3315,1:40:17.380000,"(datetime.datetime(2026, 9, 29, 16, 53, 3, 335000),)",2a3c600d
408621651,-778348244,3335,1:40:17.450000,"(datetime.datetime(2026, 9, 29, 16, 53, 3, 408000),)",2a3c600a
408620814,-778352218,3314,1:40:17.470000,"(datetime.datetime(2026, 9, 29, 16, 53, 3, 430000),)",2a3c600d
408621705,-778348065,3335,1:40:17.510000,"(datetime.datetime(2026, 9, 29, 16, 53, 3, 470000),)",2a3c600a
408620837,-778352030,3315,1:40:17.540000,"(datetime.datetime(2026, 9, 29, 16, 53, 3, 499000),)",2a3c600d
408621759,-778347888,3335,1:40:17.600000,"(datetime.datetime(2026, 9, 29, 16, 53, 3, 551000),)",2a3c600a
408620864,-778351848,3314,1:40:17.620000,"(datetime.datetime(2026, 9, 29, 16, 53, 3, 573000),)",2a3c600d
408621813,-778347710,3336,1:40:17.680000,"(datetime.datetime(2026, 9, 29, 16, 53, 3, 636000),)",2a3c600a
408620892,-778351660,3314,1:40:17.700000,"(datetime.datetime(2026, 9, 29, 16, 53, 3, 660000),)",2a3c600d
408621872,-778347533,3335,1:40:17.770000,"(datetime.datetime(2026, 9, 29, 16, 53, 3, 725000),)",2a3c600a
408620921,-778351481,3314,1:40:17.840000,"(datetime.datetime(2026, 9, 29, 16, 53, 3, 791000),)",2a3c600d
408621937,-778347350,3336,1:40:17.860000,"(datetime.datetime(2026, 9, 29, 16, 53, 3, 815000),)",2a3c600a
408620958,-778351295,3314,1:40:17.910000,"(datetime.datetime(2026, 9, 29, 16, 53, 3, 866000),)",2a3c600d
408622001,-778347173,3336,1:40:17.930000,"(datetime.datetime(2026, 9, 29, 16, 53, 3, 888000),)",2a3c600a
408620991,-778351108,3314,1:40:18,"(datetime.datetime(2026, 9, 29, 16, 53, 3, 953000),)",2a3c600d
408622061,-778346995,3336,1:40:18.020000,"(datetime.datetime(2026, 9, 29, 16, 53, 3, 976000),)",2a3c600a
408621025,-778350924,3314,1:40:18.080000,"(datetime.datetime(2026, 9, 29, 16, 53, 4, 37000),)",2a3c600d
408622126,-778346820,3336,1:40:18.100000,"(datetime.datetime(2026, 9, 29, 16, 53, 4, 60000),)",2a3c600a
408621059,-778350735,3314,1:40:18.160000,"(datetime.datetime(2026, 9, 29, 16, 53, 4, 115000),)",2a3c600d
408622193,-778346642,3336,1:40:18.180000,"(datetime.datetime(2026, 9, 29, 16, 53, 4, 138000),)",2a3c600a
408621095,-778350555,3314,1:40:18.240000,"(datetime.datetime(2026, 9, 29, 16, 53, 4, 199000),)",2a3c600d
408622258,-778346465,3336,1:40:18.270000,"(datetime.datetime(2026, 9, 29, 16, 53, 4, 221000),)",2a3c600a
408621135,-778350367,3314,1:40:18.330000,"(datetime.datetime(2026, 9, 29, 16, 53, 4, 288000),)",2a3c600d
408622325,-778346288,3336,1:40:18.360000,"(datetime.datetime(2026, 9, 29, 16, 53, 4, 311000),)",2a3c600a
408621172,-778350186,3314,1:40:18.420000,"(datetime.datetime(2026, 9, 29, 16, 53, 4, 375000),)",2a3c600d
408622394,-778346114,3336,1:40:18.440000,"(datetime.datetime(2026, 9, 29, 16, 53, 4, 397000),)",2a3c600a
408621213,-778350002,3314,1:40:18.510000,"(datetime.datetime(2026, 9, 29, 16, 53, 4, 461000),)",2a3c600d
408622465,-778345939,3336,1:40:18.530000,"(datetime.datetime(2026, 9, 29, 16, 53, 4, 484000),)",2a3c600a
408621254,-778349816,3314,1:40:18.600000,"(datetime.datetime(2026, 9, 29, 16, 53, 4, 555000),)",2a3c600d
408622535,-778345763,3337,1:40:18.630000,"(datetime.datetime(2026, 9, 29, 16, 53, 4, 583000),)",2a3c600a
408621293,-778349636,3313,1:40:18.680000,"(datetime.datetime(2026, 9, 29, 16, 53, 4, 632000),)",2a3c600d
408622604,-778345584,3336,1:40:18.700000,"(datetime.datetime(2026, 9, 29, 16, 53, 4, 654000),)",2a3c600a
408621340,-778349453,3313,1:40:18.760000,"(datetime.datetime(2026, 9, 29, 16, 53, 4, 714000),)",2a3c600d
408622682,-778345410,3336,1:40:18.790000,"(datetime.datetime(2026, 9, 29, 16, 53, 4, 744000),)",2a3c600a
408621383,-778349269,3313,1:40:18.850000,"(datetime.datetime(2026, 9, 29, 16, 53, 4, 801000),)",2a3c600d
408622758,-778345236,3336,1:40:18.870000,"(datetime.datetime(2026, 9, 29, 16, 53, 4, 823000),)",2a3c600a
408621431,-778349089,3313,1:40:18.920000,"(datetime.datetime(2026, 9, 29, 16, 53, 4, 878000),)",2a3c600d
408622836,-778345060,3336,1:40:18.980000,"(datetime.datetime(2026, 9, 29, 16, 53, 4, 932000),)",2a3c600a
408621479,-778348908,3313,1:40:19.010000,"(datetime.datetime(2026, 9, 29, 16, 53, 4, 964000),)",2a3c600d
408622912,-778344886,3337,1:40:19.030000,"(datetime.datetime(2026, 9, 29, 16, 53, 4, 986000),)",2a3c600a
408621531,-778348730,3313,1:40:19.100000,"(datetime.datetime(2026, 9, 29, 16, 53, 5, 54000),)",2a3c600d
408622992,-778344712,3336,1:40:19.150000,"(datetime.datetime(2026, 9, 29, 16, 53, 5, 106000),)",2a3c600a
408621581,-778348551,3314,1:40:19.170000,"(datetime.datetime(2026, 9, 29, 16, 53, 5, 129000),)",2a3c600d
408623072,-778344540,3337,1:40:19.230000,"(datetime.datetime(2026, 9, 29, 16, 53, 5, 190000),)",2a3c600a
408621637,-778348374,3313,1:40:19.260000,"(datetime.datetime(2026, 9, 29, 16, 53, 5, 213000),)",2a3c600d
408623154,-778344365,3337,1:40:19.330000,"(datetime.datetime(2026, 9, 29, 16, 53, 5, 282000),)",2a3c600a
408621688,-778348198,3313,1:40:19.380000,"(datetime.datetime(2026, 9, 29, 16, 53, 5, 332000),)",2a3c600d
408623238,-778344193,3337,1:40:19.400000,"(datetime.datetime(2026, 9, 29, 16, 53, 5, 355000),)",2a3c600a
408621746,-778348021,3313,1:40:19.460000,"(datetime.datetime(2026, 9, 29, 16, 53, 5, 411000),)",2a3c600d
408623319,-778344019,3337,1:40:19.480000,"(datetime.datetime(2026, 9, 29, 16, 53, 5, 433000),)",2a3c600a
408621790,-778347841,3314,1:40:19.550000,"(datetime.datetime(2026, 9, 29, 16, 53, 5, 506000),)",2a3c600d
408623412,-778343851,3336,1:40:19.620000,"(datetime.datetime(2026, 9, 29, 16, 53, 5, 576000),)",2a3c600a
408621849,-778347665,3313,1:40:19.650000,"(datetime.datetime(2026, 9, 29, 16, 53, 5, 601000),)",2a3c600d
408623502,-778343678,3336,1:40:19.690000,"(datetime.datetime(2026, 9, 29, 16, 53, 5, 641000),)",2a3c600a
408621913,-778347494,3314,1:40:19.710000,"(datetime.datetime(2026, 9, 29, 16, 53, 5, 666000),)",2a3c600d
408623589,-778343501,3336,1:40:19.780000,"(datetime.datetime(2026, 9, 29, 16, 53, 5, 733000),)",2a3c600a
408621971,-778347320,3314,1:40:19.840000,"(datetime.datetime(2026, 9, 29, 16, 53, 5, 792000),)",2a3c600d
408623680,-778343332,3336,1:40:19.860000,"(datetime.datetime(2026, 9, 29, 16, 53, 5, 814000),)",2a3c600a
408622034,-778347147,3314,1:40:19.930000,"(datetime.datetime(2026, 9, 29, 16, 53, 5, 886000),)",2a3c600d
408623768,-778343160,3336,1:40:19.980000,"(datetime.datetime(2026, 9, 29, 16, 53, 5, 932000),)",2a3c600a
408622093,-778346972,3314,1:40:20.020000,"(datetime.datetime(2026, 9, 29, 16, 53, 5, 971000),)",2a3c600d
408623859,-778342995,3336,1:40:20.040000,"(datetime.datetime(2026, 9, 29, 16, 53, 5, 997000),)",2a3c600a
408622156,-778346799,3314,1:40:20.100000,"(datetime.datetime(2026, 9, 29, 16, 53, 6, 51000),)",2a3c600d
408623951,-778342824,3337,1:40:20.120000,"(datetime.datetime(2026, 9, 29, 16, 53, 6, 73000),)",2a3c600a
408622222,-778346632,3314,1:40:20.190000,"(datetime.datetime(2026, 9, 29, 16, 53, 6, 141000),)",2a3c600d
408624041,-778342651,3336,1:40:20.210000,"(datetime.datetime(2026, 9, 29, 16, 53, 6, 165000),)",2a3c600a
408622288,-778346460,3314,1:40:20.280000,"(datetime.datetime(2026, 9, 29, 16, 53, 6, 234000),)",2a3c600d
408624134,-778342482,3337,1:40:20.300000,"(datetime.datetime(2026, 9, 29, 16, 53, 6, 256000),)",2a3c600a
408622353,-778346290,3314,1:40:20.380000,"(datetime.datetime(2026, 9, 29, 16, 53, 6, 332000),)",2a3c600d
408624227,-778342312,3337,1:40:20.400000,"(datetime.datetime(2026, 9, 29, 16, 53, 6, 356000),)",2a3c600a
408622420,-778346115,3314,1:40:20.470000,"(datetime.datetime(2026, 9, 29, 16, 53, 6, 421000),)",2a3c600d
408624302,-778342141,3339,1:40:20.490000,"(datetime.datetime(2026, 9, 29, 16, 53, 6, 448000),)",2a3c600a
408622494,-778345950,3314,1:40:20.550000,"(datetime.datetime(2026, 9, 29, 16, 53, 6, 505000),)",2a3c600d
408624400,-778341969,3339,1:40:20.570000,"(datetime.datetime(2026, 9, 29, 16, 53, 6, 528000),)",2a3c600a
408624494,-778341801,3339,1:40:20.630000,"(datetime.datetime(2026, 9, 29, 16, 53, 6, 587000),)",2a3c600a
408622563,-778345782,3314,1:40:20.660000,"(datetime.datetime(2026, 9, 29, 16, 53, 6, 612000),)",2a3c600d
408622635,-778345616,3314,1:40:20.720000,"(datetime.datetime(2026, 9, 29, 16, 53, 6, 677000),)",2a3c600d
408624592,-778341633,3339,1:40:20.740000,"(datetime.datetime(2026, 9, 29, 16, 53, 6, 700000),)",2a3c600a
408622708,-778345449,3315,1:40:20.810000,"(datetime.datetime(2026, 9, 29, 16, 53, 6, 762000),)",2a3c600d
408624689,-778341461,3340,1:40:20.830000,"(datetime.datetime(2026, 9, 29, 16, 53, 6, 787000),)",2a3c600a
408624784,-778341291,3340,1:40:20.890000,"(datetime.datetime(2026, 9, 29, 16, 53, 6, 846000),)",2a3c600a
408622783,-778345285,3315,1:40:20.910000,"(datetime.datetime(2026, 9, 29, 16, 53, 6, 868000),)",2a3c600d
408624880,-778341119,3339,1:40:20.980000,"(datetime.datetime(2026, 9, 29, 16, 53, 6, 936000),)",2a3c600a
408622857,-778345120,3315,1:40:21,"(datetime.datetime(2026, 9, 29, 16, 53, 6, 959000),)",2a3c600d
408624979,-778340946,3340,1:40:21.070000,"(datetime.datetime(2026, 9, 29, 16, 53, 7, 24000),)",2a3c600a
408622934,-778344957,3315,1:40:21.090000,"(datetime.datetime(2026, 9, 29, 16, 53, 7, 47000),)",2a3c600d
408625078,-778340772,3341,1:40:21.150000,"(datetime.datetime(2026, 9, 29, 16, 53, 7, 110000),)",2a3c600a
408623013,-778344798,3315,1:40:21.180000,"(datetime.datetime(2026, 9, 29, 16, 53, 7, 132000),)",2a3c600d
408625175,-778340603,3340,1:40:21.240000,"(datetime.datetime(2026, 9, 29, 16, 53, 7, 198000),)",2a3c600a
408623091,-778344636,3315,1:40:21.270000,"(datetime.datetime(2026, 9, 29, 16, 53, 7, 221000),)",2a3c600d
408625278,-778340441,3341,1:40:21.320000,"(datetime.datetime(2026, 9, 29, 16, 53, 7, 278000),)",2a3c600a
408623164,-778344474,3316,1:40:21.350000,"(datetime.datetime(2026, 9, 29, 16, 53, 7, 302000),)",2a3c600d
408623248,-778344316,3316,1:40:21.410000,"(datetime.datetime(2026, 9, 29, 16, 53, 7, 364000),)",2a3c600d
408625381,-778340269,3342,1:40:21.430000,"(datetime.datetime(2026, 9, 29, 16, 53, 7, 386000),)",2a3c600a
408625478,-778340094,3342,1:40:21.490000,"(datetime.datetime(2026, 9, 29, 16, 53, 7, 450000),)",2a3c600a
408623330,-778344160,3316,1:40:21.520000,"(datetime.datetime(2026, 9, 29, 16, 53, 7, 472000),)",2a3c600d
408625574,-778339924,3341,1:40:21.590000,"(datetime.datetime(2026, 9, 29, 16, 53, 7, 542000),)",2a3c600a
408623415,-778343997,3316,1:40:21.610000,"(datetime.datetime(2026, 9, 29, 16, 53, 7, 566000),)",2a3c600d
408625674,-778339750,3341,1:40:21.670000,"(datetime.datetime(2026, 9, 29, 16, 53, 7, 627000),)",2a3c600a
408623500,-778343836,3317,1:40:21.700000,"(datetime.datetime(2026, 9, 29, 16, 53, 7, 656000),)",2a3c600d
408625779,-778339578,3342,1:40:21.750000,"(datetime.datetime(2026, 9, 29, 16, 53, 7, 709000),)",2a3c600a
408623583,-778343679,3316,1:40:21.780000,"(datetime.datetime(2026, 9, 29, 16, 53, 7, 739000),)",2a3c600d
408625876,-778339400,3342,1:40:21.850000,"(datetime.datetime(2026, 9, 29, 16, 53, 7, 802000),)",2a3c600a
408623671,-778343523,3316,1:40:21.870000,"(datetime.datetime(2026, 9, 29, 16, 53, 7, 825000),)",2a3c600d
408625979,-778339224,3342,1:40:21.980000,"(datetime.datetime(2026, 9, 29, 16, 53, 7, 934000),)",2a3c600a
408623759,-778343363,3317,1:40:22,"(datetime.datetime(2026, 9, 29, 16, 53, 7, 960000),)",2a3c600d
408626079,-778339048,3342,1:40:22.060000,"(datetime.datetime(2026, 9, 29, 16, 53, 8, 15000),)",2a3c600a
408623845,-778343204,3317,1:40:22.080000,"(datetime.datetime(2026, 9, 29, 16, 53, 8, 37000),)",2a3c600d
408626182,-778338875,3342,1:40:22.150000,"(datetime.datetime(2026, 9, 29, 16, 53, 8, 106000),)",2a3c600a
408623928,-778343041,3317,1:40:22.170000,"(datetime.datetime(2026, 9, 29, 16, 53, 8, 129000),)",2a3c600d
408626274,-778338700,3343,1:40:22.230000,"(datetime.datetime(2026, 9, 29, 16, 53, 8, 189000),)",2a3c600a
408624020,-778342884,3317,1:40:22.260000,"(datetime.datetime(2026, 9, 29, 16, 53, 8, 212000),)",2a3c600d
408626382,-778338523,3343,1:40:22.320000,"(datetime.datetime(2026, 9, 29, 16, 53, 8, 273000),)",2a3c600a
408624105,-778342723,3317,1:40:22.340000,"(datetime.datetime(2026, 9, 29, 16, 53, 8, 298000),)",2a3c600d
408626490,-778338345,3344,1:40:22.400000,"(datetime.datetime(2026, 9, 29, 16, 53, 8, 356000),)",2a3c600a
408624196,-778342563,3317,1:40:22.420000,"(datetime.datetime(2026, 9, 29, 16, 53, 8, 380000),)",2a3c600d
408624285,-778342406,3317,1:40:22.490000,"(datetime.datetime(2026, 9, 29, 16, 53, 8, 440000),)",2a3c600d
408626590,-778338170,3343,1:40:22.510000,"(datetime.datetime(2026, 9, 29, 16, 53, 8, 463000),)",2a3c600a
408626693,-778337993,3343,1:40:22.570000,"(datetime.datetime(2026, 9, 29, 16, 53, 8, 527000),)",2a3c600a
408624375,-778342242,3317,1:40:22.590000,"(datetime.datetime(2026, 9, 29, 16, 53, 8, 550000),)",2a3c600d
408626795,-778337813,3343,1:40:22.660000,"(datetime.datetime(2026, 9, 29, 16, 53, 8, 616000),)",2a3c600a
408624462,-778342080,3318,1:40:22.720000,"(datetime.datetime(2026, 9, 29, 16, 53, 8, 671000),)",2a3c600d
408626896,-778337636,3343,1:40:22.740000,"(datetime.datetime(2026, 9, 29, 16, 53, 8, 694000),)",2a3c600a
408624554,-778341917,3318,1:40:22.800000,"(datetime.datetime(2026, 9, 29, 16, 53, 8, 751000),)",2a3c600d
408627003,-778337454,3343,1:40:22.820000,"(datetime.datetime(2026, 9, 29, 16, 53, 8, 775000),)",2a3c600a
408624644,-778341757,3318,1:40:22.880000,"(datetime.datetime(2026, 9, 29, 16, 53, 8, 837000),)",2a3c600d
408627106,-778337273,3343,1:40:22.910000,"(datetime.datetime(2026, 9, 29, 16, 53, 8, 862000),)",2a3c600a
408624735,-778341591,3318,1:40:22.980000,"(datetime.datetime(2026, 9, 29, 16, 53, 8, 932000),)",2a3c600d
408627211,-778337093,3343,1:40:23.030000,"(datetime.datetime(2026, 9, 29, 16, 53, 8, 990000),)",2a3c600a
408624828,-778341426,3319,1:40:23.100000,"(datetime.datetime(2026, 9, 29, 16, 53, 9, 60000),)",2a3c600d
408627321,-778336922,3344,1:40:23.130000,"(datetime.datetime(2026, 9, 29, 16, 53, 9, 83000),)",2a3c600a
408624919,-778341263,3318,1:40:23.170000,"(datetime.datetime(2026, 9, 29, 16, 53, 9, 128000),)",2a3c600d
408627428,-778336738,3345,1:40:23.200000,"(datetime.datetime(2026, 9, 29, 16, 53, 9, 152000),)",2a3c600a
408625015,-778341096,3318,1:40:23.260000,"(datetime.datetime(2026, 9, 29, 16, 53, 9, 213000),)",2a3c600d
408627533,-778336560,3344,1:40:23.280000,"(datetime.datetime(2026, 9, 29, 16, 53, 9, 236000),)",2a3c600a
408625112,-778340937,3318,1:40:23.340000,"(datetime.datetime(2026, 9, 29, 16, 53, 9, 295000),)",2a3c600d
408627639,-778336379,3344,1:40:23.370000,"(datetime.datetime(2026, 9, 29, 16, 53, 9, 321000),)",2a3c600a
408625208,-778340771,3319,1:40:23.430000,"(datetime.datetime(2026, 9, 29, 16, 53, 9, 383000),)",2a3c600d
408627745,-778336196,3344,1:40:23.450000,"(datetime.datetime(2026, 9, 29, 16, 53, 9, 408000),)",2a3c600a
408625303,-778340605,3319,1:40:23.510000,"(datetime.datetime(2026, 9, 29, 16, 53, 9, 470000),)",2a3c600d
408627851,-778336011,3344,1:40:23.540000,"(datetime.datetime(2026, 9, 29, 16, 53, 9, 494000),)",2a3c600a
408625402,-778340439,3319,1:40:23.600000,"(datetime.datetime(2026, 9, 29, 16, 53, 9, 551000),)",2a3c600d
408627961,-778335833,3345,1:40:23.620000,"(datetime.datetime(2026, 9, 29, 16, 53, 9, 573000),)",2a3c600a
408625498,-778340274,3319,1:40:23.690000,"(datetime.datetime(2026, 9, 29, 16, 53, 9, 648000),)",2a3c600d
408628068,-778335649,3345,1:40:23.720000,"(datetime.datetime(2026, 9, 29, 16, 53, 9, 672000),)",2a3c600a
408625594,-778340102,3319,1:40:23.780000,"(datetime.datetime(2026, 9, 29, 16, 53, 9, 733000),)",2a3c600d
408628178,-778335468,3345,1:40:23.800000,"(datetime.datetime(2026, 9, 29, 16, 53, 9, 758000),)",2a3c600a
408625694,-778339936,3319,1:40:23.870000,"(datetime.datetime(2026, 9, 29, 16, 53, 9, 821000),)",2a3c600d
408625790,-778339763,3319,1:40:23.980000,"(datetime.datetime(2026, 9, 29, 16, 53, 9, 932000),)",2a3c600d
408628284,-778335279,3345,1:40:24,"(datetime.datetime(2026, 9, 29, 16, 53, 9, 960000),)",2a3c600a
408625893,-778339603,3320,1:40:24.060000,"(datetime.datetime(2026, 9, 29, 16, 53, 10, 18000),)",2a3c600d
408628396,-778335099,3344,1:40:24.090000,"(datetime.datetime(2026, 9, 29, 16, 53, 10, 46000),)",2a3c600a
408628502,-778334911,3344,1:40:24.160000,"(datetime.datetime(2026, 9, 29, 16, 53, 10, 113000),)",2a3c600a
408625994,-778339428,3320,1:40:24.220000,"(datetime.datetime(2026, 9, 29, 16, 53, 10, 171000),)",2a3c600d
408626093,-778339257,3320,1:40:24.290000,"(datetime.datetime(2026, 9, 29, 16, 53, 10, 241000),)",2a3c600d
408628613,-778334728,3345,1:40:24.310000,"(datetime.datetime(2026, 9, 29, 16, 53, 10, 264000),)",2a3c600a
408626198,-778339081,3320,1:40:24.360000,"(datetime.datetime(2026, 9, 29, 16, 53, 10, 316000),)",2a3c600d
408628723,-778334543,3345,1:40:24.380000,"(datetime.datetime(2026, 9, 29, 16, 53, 10, 340000),)",2a3c600a
408626295,-778338907,3320,1:40:24.450000,"(datetime.datetime(2026, 9, 29, 16, 53, 10, 405000),)",2a3c600d
408628832,-778334358,3345,1:40:24.480000,"(datetime.datetime(2026, 9, 29, 16, 53, 10, 435000),)",2a3c600a
408626398,-778338730,3320,1:40:24.540000,"(datetime.datetime(2026, 9, 29, 16, 53, 10, 494000),)",2a3c600d
408628941,-778334169,3345,1:40:24.560000,"(datetime.datetime(2026, 9, 29, 16, 53, 10, 517000),)",2a3c600a
408629053,-778333984,3345,1:40:24.620000,"(datetime.datetime(2026, 9, 29, 16, 53, 10, 575000),)",2a3c600a
408626501,-778338558,3320,1:40:24.640000,"(datetime.datetime(2026, 9, 29, 16, 53, 10, 598000),)",2a3c600d
408626603,-778338379,3320,1:40:24.710000,"(datetime.datetime(2026, 9, 29, 16, 53, 10, 661000),)",2a3c600d
408629159,-778333796,3344,1:40:24.730000,"(datetime.datetime(2026, 9, 29, 16, 53, 10, 684000),)",2a3c600a
408626708,-778338201,3320,1:40:24.790000,"(datetime.datetime(2026, 9, 29, 16, 53, 10, 742000),)",2a3c600d
408629269,-778333607,3344,1:40:24.810000,"(datetime.datetime(2026, 9, 29, 16, 53, 10, 766000),)",2a3c600a
408626811,-778338023,3320,1:40:24.880000,"(datetime.datetime(2026, 9, 29, 16, 53, 10, 833000),)",2a3c600d
408629382,-778333421,3345,1:40:24.900000,"(datetime.datetime(2026, 9, 29, 16, 53, 10, 860000),)",2a3c600a
408626913,-778337853,3319,1:40:24.980000,"(datetime.datetime(2026, 9, 29, 16, 53, 10, 932000),)",2a3c600d
408629491,-778333243,3346,1:40:25.020000,"(datetime.datetime(2026, 9, 29, 16, 53, 10, 980000),)",2a3c600a
408627020,-778337666,3320,1:40:25.050000,"(datetime.datetime(2026, 9, 29, 16, 53, 11, 3000),)",2a3c600d
408629602,-778333050,3346,1:40:25.110000,"(datetime.datetime(2026, 9, 29, 16, 53, 11, 69000),)",2a3c600a
408627126,-778337487,3320,1:40:25.140000,"(datetime.datetime(2026, 9, 29, 16, 53, 11, 92000),)",2a3c600d
408629708,-778332863,3346,1:40:25.200000,"(datetime.datetime(2026, 9, 29, 16, 53, 11, 155000),)",2a3c600a
408627231,-778337302,3320,1:40:25.220000,"(datetime.datetime(2026, 9, 29, 16, 53, 11, 178000),)",2a3c600d
408629814,-778332674,3346,1:40:25.290000,"(datetime.datetime(2026, 9, 29, 16, 53, 11, 244000),)",2a3c600a
408627334,-778337125,3319,1:40:25.320000,"(datetime.datetime(2026, 9, 29, 16, 53, 11, 272000),)",2a3c600d
408629933,-778332490,3346,1:40:25.380000,"(datetime.datetime(2026, 9, 29, 16, 53, 11, 332000),)",2a3c600a
408627444,-778336940,3320,1:40:25.400000,"(datetime.datetime(2026, 9, 29, 16, 53, 11, 359000),)",2a3c600d
408630044,-778332300,3346,1:40:25.470000,"(datetime.datetime(2026, 9, 29, 16, 53, 11, 425000),)",2a3c600a
408627547,-778336757,3320,1:40:25.500000,"(datetime.datetime(2026, 9, 29, 16, 53, 11, 451000),)",2a3c600d
408630152,-778332110,3346,1:40:25.560000,"(datetime.datetime(2026, 9, 29, 16, 53, 11, 518000),)",2a3c600a
408627655,-778336574,3320,1:40:25.630000,"(datetime.datetime(2026, 9, 29, 16, 53, 11, 589000),)",2a3c600d
408630267,-778331927,3346,1:40:25.700000,"(datetime.datetime(2026, 9, 29, 16, 53, 11, 651000),)",2a3c600a
408627763,-778336390,3320,1:40:25.750000,"(datetime.datetime(2026, 9, 29, 16, 53, 11, 706000),)",2a3c600d
408630377,-778331740,3346,1:40:25.780000,"(datetime.datetime(2026, 9, 29, 16, 53, 11, 731000),)",2a3c600a
408627872,-778336206,3320,1:40:25.840000,"(datetime.datetime(2026, 9, 29, 16, 53, 11, 796000),)",2a3c600d
408630486,-778331547,3347,1:40:25.900000,"(datetime.datetime(2026, 9, 29, 16, 53, 11, 853000),)",2a3c600a
408627974,-778336022,3321,1:40:25.920000,"(datetime.datetime(2026, 9, 29, 16, 53, 11, 876000),)",2a3c600d
408630596,-778331371,3346,1:40:25.990000,"(datetime.datetime(2026, 9, 29, 16, 53, 11, 943000),)",2a3c600a
408628086,-778335834,3320,1:40:26.070000,"(datetime.datetime(2026, 9, 29, 16, 53, 12, 26000),)",2a3c600d
408630708,-778331183,3346,1:40:26.090000,"(datetime.datetime(2026, 9, 29, 16, 53, 12, 50000),)",2a3c600a
408628199,-778335651,3320,1:40:26.150000,"(datetime.datetime(2026, 9, 29, 16, 53, 12, 101000),)",2a3c600d
408630818,-778330998,3346,1:40:26.200000,"(datetime.datetime(2026, 9, 29, 16, 53, 12, 158000),)",2a3c600a
408628305,-778335465,3320,1:40:26.260000,"(datetime.datetime(2026, 9, 29, 16, 53, 12, 216000),)",2a3c600d
408630931,-778330812,3346,1:40:26.280000,"(datetime.datetime(2026, 9, 29, 16, 53, 12, 239000),)",2a3c600a
408628412,-778335277,3320,1:40:26.340000,"(datetime.datetime(2026, 9, 29, 16, 53, 12, 300000),)",2a3c600d
408631036,-778330627,3346,1:40:26.370000,"(datetime.datetime(2026, 9, 29, 16, 53, 12, 323000),)",2a3c600a
408628522,-778335090,3320,1:40:26.430000,"(datetime.datetime(2026, 9, 29, 16, 53, 12, 389000),)",2a3c600d
408631149,-778330439,3346,1:40:26.500000,"(datetime.datetime(2026, 9, 29, 16, 53, 12, 455000),)",2a3c600a
408628632,-778334904,3321,1:40:26.520000,"(datetime.datetime(2026, 9, 29, 16, 53, 12, 478000),)",2a3c600d
408631257,-778330256,3346,1:40:26.570000,"(datetime.datetime(2026, 9, 29, 16, 53, 12, 529000),)",2a3c600a
408628632,-778334904,3321,1:40:26.630000,"(datetime.datetime(2026, 9, 29, 16, 53, 12, 584000),)",2a3c600d
408631363,-778330072,3346,1:40:26.690000,"(datetime.datetime(2026, 9, 29, 16, 53, 12, 642000),)",2a3c600a
408628746,-778334720,3321,1:40:26.710000,"(datetime.datetime(2026, 9, 29, 16, 53, 12, 669000),)",2a3c600d
408631475,-778329887,3346,1:40:26.770000,"(datetime.datetime(2026, 9, 29, 16, 53, 12, 726000),)",2a3c600a
408628853,-778334530,3321,1:40:26.830000,"(datetime.datetime(2026, 9, 29, 16, 53, 12, 782000),)",2a3c600d
408631581,-778329702,3346,1:40:26.850000,"(datetime.datetime(2026, 9, 29, 16, 53, 12, 806000),)",2a3c600a
408628963,-778334341,3321,1:40:26.910000,"(datetime.datetime(2026, 9, 29, 16, 53, 12, 864000),)",2a3c600d
408631693,-778329519,3345,1:40:26.930000,"(datetime.datetime(2026, 9, 29, 16, 53, 12, 887000),)",2a3c600a
408629074,-778334152,3320,1:40:26.990000,"(datetime.datetime(2026, 9, 29, 16, 53, 12, 947000),)",2a3c600d
408631804,-778329337,3345,1:40:27.010000,"(datetime.datetime(2026, 9, 29, 16, 53, 12, 969000),)",2a3c600a
408629187,-778333962,3320,1:40:27.080000,"(datetime.datetime(2026, 9, 29, 16, 53, 13, 33000),)",2a3c600d
408631911,-778329153,3345,1:40:27.100000,"(datetime.datetime(2026, 9, 29, 16, 53, 13, 56000),)",2a3c600a
408629296,-778333778,3320,1:40:27.160000,"(datetime.datetime(2026, 9, 29, 16, 53, 13, 118000),)",2a3c600d
408632018,-778328970,3345,1:40:27.190000,"(datetime.datetime(2026, 9, 29, 16, 53, 13, 142000),)",2a3c600a
408629407,-778333590,3320,1:40:27.250000,"(datetime.datetime(2026, 9, 29, 16, 53, 13, 202000),)",2a3c600d
408632125,-778328786,3345,1:40:27.270000,"(datetime.datetime(2026, 9, 29, 16, 53, 13, 225000),)",2a3c600a
408629522,-778333400,3320,1:40:27.350000,"(datetime.datetime(2026, 9, 29, 16, 53, 13, 304000),)",2a3c600d
408632233,-778328607,3345,1:40:27.400000,"(datetime.datetime(2026, 9, 29, 16, 53, 13, 354000),)",2a3c600a
408629740,-778333025,3320,1:40:27.420000,"(datetime.datetime(2026, 9, 29, 16, 53, 13, 377000),)",2a3c600d
408632338,-778328423,3345,1:40:27.480000,"(datetime.datetime(2026, 9, 29, 16, 53, 13, 439000),)",2a3c600a
408629853,-778332833,3320,1:40:27.510000,"(datetime.datetime(2026, 9, 29, 16, 53, 13, 464000),)",2a3c600d
408632447,-778328241,3345,1:40:27.570000,"(datetime.datetime(2026, 9, 29, 16, 53, 13, 522000),)",2a3c600a
408629962,-778332640,3320,1:40:27.590000,"(datetime.datetime(2026, 9, 29, 16, 53, 13, 545000),)",2a3c600d
408632554,-778328059,3345,1:40:27.660000,"(datetime.datetime(2026, 9, 29, 16, 53, 13, 619000),)",2a3c600a
408630072,-778332450,3320,1:40:27.690000,"(datetime.datetime(2026, 9, 29, 16, 53, 13, 642000),)",2a3c600d
408632659,-778327876,3345,1:40:27.750000,"(datetime.datetime(2026, 9, 29, 16, 53, 13, 709000),)",2a3c600a
408630182,-778332261,3320,1:40:27.780000,"(datetime.datetime(2026, 9, 29, 16, 53, 13, 733000),)",2a3c600d
408632766,-778327710,3346,1:40:27.840000,"(datetime.datetime(2026, 9, 29, 16, 53, 13, 792000),)",2a3c600a
408630295,-778332074,3320,1:40:27.860000,"(datetime.datetime(2026, 9, 29, 16, 53, 13, 814000),)",2a3c600d
408632868,-778327528,3345,1:40:27.920000,"(datetime.datetime(2026, 9, 29, 16, 53, 13, 877000),)",2a3c600a
408630403,-778331880,3320,1:40:27.990000,"(datetime.datetime(2026, 9, 29, 16, 53, 13, 942000),)",2a3c600d
408632976,-778327350,3346,1:40:28.210000,"(datetime.datetime(2026, 9, 29, 16, 53, 14, 169000),)",2a3c600a
408630515,-778331689,3320,1:40:28.420000,"(datetime.datetime(2026, 9, 29, 16, 53, 14, 373000),)",2a3c600d
408633081,-778327170,3346,1:40:28.500000,"(datetime.datetime(2026, 9, 29, 16, 53, 14, 453000),)",2a3c600a
408630625,-778331499,3320,1:40:28.580000,"(datetime.datetime(2026, 9, 29, 16, 53, 14, 538000),)",2a3c600d
408633187,-778326990,3346,1:40:28.760000,"(datetime.datetime(2026, 9, 29, 16, 53, 14, 712000),)",2a3c600a
408630736,-778331313,3320,1:40:28.960000,"(datetime.datetime(2026, 9, 29, 16, 53, 14, 913000),)",2a3c600d
408633292,-778326808,3346,1:40:29.370000,"(datetime.datetime(2026, 9, 29, 16, 53, 15, 322000),)",2a3c600a
408630847,-778331117,3320,1:40:29.530000,"(datetime.datetime(2026, 9, 29, 16, 53, 15, 482000),)",2a3c600d
408633397,-778326632,3346,1:40:29.560000,"(datetime.datetime(2026, 9, 29, 16, 53, 15, 512000),)",2a3c600a
408630958,-778330931,3321,1:40:29.600000,"(datetime.datetime(2026, 9, 29, 16, 53, 15, 558000),)",2a3c600d
408633502,-778326454,3346,1:40:29.710000,"(datetime.datetime(2026, 9, 29, 16, 53, 15, 665000),)",2a3c600a
408631071,-778330739,3321,1:40:29.810000,"(datetime.datetime(2026, 9, 29, 16, 53, 15, 762000),)",2a3c600d
408633604,-778326276,3346,1:40:29.910000,"(datetime.datetime(2026, 9, 29, 16, 53, 15, 865000),)",2a3c600a
408631071,-778330739,3321,1:40:30.100000,"(datetime.datetime(2026, 9, 29, 16, 53, 16, 52000),)",2a3c600d
408633706,-778326097,3345,1:40:30.220000,"(datetime.datetime(2026, 9, 29, 16, 53, 16, 175000),)",2a3c600a
408631297,-778330360,3321,1:40:30.360000,"(datetime.datetime(2026, 9, 29, 16, 53, 16, 313000),)",2a3c600d
408633806,-778325920,3344,1:40:30.420000,"(datetime.datetime(2026, 9, 29, 16, 53, 16, 373000),)",2a3c600a
408631297,-778330360,3321,1:40:30.520000,"(datetime.datetime(2026, 9, 29, 16, 53, 16, 479000),)",2a3c600d
408633909,-778325747,3344,1:40:30.710000,"(datetime.datetime(2026, 9, 29, 16, 53, 16, 666000),)",2a3c600a
408631406,-778330173,3320,1:40:30.880000,"(datetime.datetime(2026, 9, 29, 16, 53, 16, 831000),)",2a3c600d
408634012,-778325570,3345,1:40:30.930000,"(datetime.datetime(2026, 9, 29, 16, 53, 16, 888000),)",2a3c600a
408631514,-778329981,3320,1:40:30.990000,"(datetime.datetime(2026, 9, 29, 16, 53, 16, 949000),)",2a3c600d
408634114,-778325397,3345,1:40:31.040000,"(datetime.datetime(2026, 9, 29, 16, 53, 16, 997000),)",2a3c600a
408631628,-778329791,3321,1:40:31.060000,"(datetime.datetime(2026, 9, 29, 16, 53, 17, 19000),)",2a3c600d
408634215,-778325218,3345,1:40:31.140000,"(datetime.datetime(2026, 9, 29, 16, 53, 17, 92000),)",2a3c600a
408631738,-778329602,3321,1:40:31.160000,"(datetime.datetime(2026, 9, 29, 16, 53, 17, 115000),)",2a3c600d
408634319,-778325041,3345,1:40:31.220000,"(datetime.datetime(2026, 9, 29, 16, 53, 17, 178000),)",2a3c600a
408631848,-778329415,3321,1:40:31.250000,"(datetime.datetime(2026, 9, 29, 16, 53, 17, 204000),)",2a3c600d
408634424,-778324867,3346,1:40:31.310000,"(datetime.datetime(2026, 9, 29, 16, 53, 17, 262000),)",2a3c600a
408631963,-778329227,3321,1:40:31.330000,"(datetime.datetime(2026, 9, 29, 16, 53, 17, 285000),)",2a3c600d
408634527,-778324690,3346,1:40:31.400000,"(datetime.datetime(2026, 9, 29, 16, 53, 17, 352000),)",2a3c600a
408632074,-778329037,3321,1:40:31.450000,"(datetime.datetime(2026, 9, 29, 16, 53, 17, 405000),)",2a3c600d
408634623,-778324518,3346,1:40:31.470000,"(datetime.datetime(2026, 9, 29, 16, 53, 17, 428000),)",2a3c600a
408632179,-778328848,3320,1:40:31.540000,"(datetime.datetime(2026, 9, 29, 16, 53, 17, 495000),)",2a3c600d
408634721,-778324346,3346,1:40:31.570000,"(datetime.datetime(2026, 9, 29, 16, 53, 17, 522000),)",2a3c600a
408632289,-778328658,3321,1:40:31.630000,"(datetime.datetime(2026, 9, 29, 16, 53, 17, 581000),)",2a3c600d
408634824,-778324178,3346,1:40:31.650000,"(datetime.datetime(2026, 9, 29, 16, 53, 17, 605000),)",2a3c600a
408632397,-778328464,3321,1:40:31.710000,"(datetime.datetime(2026, 9, 29, 16, 53, 17, 662000),)",2a3c600d
408634921,-778324009,3346,1:40:31.730000,"(datetime.datetime(2026, 9, 29, 16, 53, 17, 686000),)",2a3c600a
408632510,-778328275,3321,1:40:31.810000,"(datetime.datetime(2026, 9, 29, 16, 53, 17, 760000),)",2a3c600d
408635020,-778323841,3347,1:40:31.830000,"(datetime.datetime(2026, 9, 29, 16, 53, 17, 787000),)",2a3c600a
408632617,-778328087,3321,1:40:31.900000,"(datetime.datetime(2026, 9, 29, 16, 53, 17, 858000),)",2a3c600d
408635117,-778323678,3347,1:40:31.930000,"(datetime.datetime(2026, 9, 29, 16, 53, 17, 881000),)",2a3c600a
408632731,-778327902,3321,1:40:32,"(datetime.datetime(2026, 9, 29, 16, 53, 17, 957000),)",2a3c600d
408635211,-778323516,3347,1:40:32.060000,"(datetime.datetime(2026, 9, 29, 16, 53, 18, 18000),)",2a3c600a
408632839,-778327712,3321,1:40:32.090000,"(datetime.datetime(2026, 9, 29, 16, 53, 18, 42000),)",2a3c600d
408635303,-778323353,3346,1:40:32.150000,"(datetime.datetime(2026, 9, 29, 16, 53, 18, 106000),)",2a3c600a
408632948,-778327525,3321,1:40:32.180000,"(datetime.datetime(2026, 9, 29, 16, 53, 18, 131000),)",2a3c600d
408635396,-778323195,3346,1:40:32.230000,"(datetime.datetime(2026, 9, 29, 16, 53, 18, 188000),)",2a3c600a
408633055,-778327339,3321,1:40:32.260000,"(datetime.datetime(2026, 9, 29, 16, 53, 18, 213000),)",2a3c600d
408635485,-778323038,3347,1:40:32.320000,"(datetime.datetime(2026, 9, 29, 16, 53, 18, 276000),)",2a3c600a
408633162,-778327149,3321,1:40:32.340000,"(datetime.datetime(2026, 9, 29, 16, 53, 18, 300000),)",2a3c600d
408635577,-778322890,3346,1:40:32.410000,"(datetime.datetime(2026, 9, 29, 16, 53, 18, 368000),)",2a3c600a
408633271,-778326965,3321,1:40:32.440000,"(datetime.datetime(2026, 9, 29, 16, 53, 18, 391000),)",2a3c600d
408635662,-778322737,3347,1:40:32.500000,"(datetime.datetime(2026, 9, 29, 16, 53, 18, 456000),)",2a3c600a
408633377,-778326784,3322,1:40:32.530000,"(datetime.datetime(2026, 9, 29, 16, 53, 18, 481000),)",2a3c600d
408635755,-778322587,3346,1:40:32.590000,"(datetime.datetime(2026, 9, 29, 16, 53, 18, 545000),)",2a3c600a
408633487,-778326600,3322,1:40:32.620000,"(datetime.datetime(2026, 9, 29, 16, 53, 18, 571000),)",2a3c600d
408635841,-778322446,3346,1:40:32.680000,"(datetime.datetime(2026, 9, 29, 16, 53, 18, 633000),)",2a3c600a
408633590,-778326417,3322,1:40:32.700000,"(datetime.datetime(2026, 9, 29, 16, 53, 18, 657000),)",2a3c600d
408635921,-778322301,3346,1:40:32.770000,"(datetime.datetime(2026, 9, 29, 16, 53, 18, 722000),)",2a3c600a
408633695,-778326234,3322,1:40:32.790000,"(datetime.datetime(2026, 9, 29, 16, 53, 18, 746000),)",2a3c600d
408636004,-778322160,3346,1:40:32.850000,"(datetime.datetime(2026, 9, 29, 16, 53, 18, 807000),)",2a3c600a
408633800,-778326055,3322,1:40:32.880000,"(datetime.datetime(2026, 9, 29, 16, 53, 18, 831000),)",2a3c600d
408636084,-778322028,3346,1:40:32.940000,"(datetime.datetime(2026, 9, 29, 16, 53, 18, 899000),)",2a3c600a
408633902,-778325879,3322,1:40:32.990000,"(datetime.datetime(2026, 9, 29, 16, 53, 18, 943000),)",2a3c600d
408636162,-778321892,3346,1:40:33.040000,"(datetime.datetime(2026, 9, 29, 16, 53, 18, 996000),)",2a3c600a
408634005,-778325707,3323,1:40:33.060000,"(datetime.datetime(2026, 9, 29, 16, 53, 19, 19000),)",2a3c600d
408636238,-778321759,3347,1:40:33.120000,"(datetime.datetime(2026, 9, 29, 16, 53, 19, 79000),)",2a3c600a
408634106,-778325532,3323,1:40:33.150000,"(datetime.datetime(2026, 9, 29, 16, 53, 19, 107000),)",2a3c600d
408636313,-778321627,3346,1:40:33.210000,"(datetime.datetime(2026, 9, 29, 16, 53, 19, 163000),)",2a3c600a
408634208,-778325363,3323,1:40:33.230000,"(datetime.datetime(2026, 9, 29, 16, 53, 19, 186000),)",2a3c600d
408636386,-778321499,3347,1:40:33.290000,"(datetime.datetime(2026, 9, 29, 16, 53, 19, 245000),)",2a3c600a
408634307,-778325195,3323,1:40:33.310000,"(datetime.datetime(2026, 9, 29, 16, 53, 19, 268000),)",2a3c600d
408636457,-778321376,3346,1:40:33.380000,"(datetime.datetime(2026, 9, 29, 16, 53, 19, 338000),)",2a3c600a
408634404,-778325030,3323,1:40:33.410000,"(datetime.datetime(2026, 9, 29, 16, 53, 19, 362000),)",2a3c600d
408636538,-778321245,3346,1:40:33.470000,"(datetime.datetime(2026, 9, 29, 16, 53, 19, 422000),)",2a3c600a
408634502,-778324859,3323,1:40:33.490000,"(datetime.datetime(2026, 9, 29, 16, 53, 19, 445000),)",2a3c600d
408636600,-778321135,3346,1:40:33.550000,"(datetime.datetime(2026, 9, 29, 16, 53, 19, 506000),)",2a3c600a
408634594,-778324703,3323,1:40:33.570000,"(datetime.datetime(2026, 9, 29, 16, 53, 19, 529000),)",2a3c600d
408636667,-778321018,3347,1:40:33.640000,"(datetime.datetime(2026, 9, 29, 16, 53, 19, 597000),)",2a3c600a
408634687,-778324544,3323,1:40:33.670000,"(datetime.datetime(2026, 9, 29, 16, 53, 19, 625000),)",2a3c600d
408636729,-778320904,3346,1:40:33.730000,"(datetime.datetime(2026, 9, 29, 16, 53, 19, 682000),)",2a3c600a
408634780,-778324389,3323,1:40:33.750000,"(datetime.datetime(2026, 9, 29, 16, 53, 19, 705000),)",2a3c600d
408636795,-778320794,3346,1:40:33.820000,"(datetime.datetime(2026, 9, 29, 16, 53, 19, 775000),)",2a3c600a
408634868,-778324234,3323,1:40:33.880000,"(datetime.datetime(2026, 9, 29, 16, 53, 19, 833000),)",2a3c600d
408636857,-778320684,3346,1:40:33.900000,"(datetime.datetime(2026, 9, 29, 16, 53, 19, 857000),)",2a3c600a
408634954,-778324082,3324,1:40:33.990000,"(datetime.datetime(2026, 9, 29, 16, 53, 19, 942000),)",2a3c600d
408636920,-778320577,3347,1:40:34.030000,"(datetime.datetime(2026, 9, 29, 16, 53, 19, 985000),)",2a3c600a
408635040,-778323935,3323,1:40:34.050000,"(datetime.datetime(2026, 9, 29, 16, 53, 20, 9000),)",2a3c600d
408636977,-778320473,3347,1:40:34.120000,"(datetime.datetime(2026, 9, 29, 16, 53, 20, 79000),)",2a3c600a
408635128,-778323790,3324,1:40:34.150000,"(datetime.datetime(2026, 9, 29, 16, 53, 20, 102000),)",2a3c600d
408637034,-778320374,3347,1:40:34.210000,"(datetime.datetime(2026, 9, 29, 16, 53, 20, 166000),)",2a3c600a
408635210,-778323648,3323,1:40:34.230000,"(datetime.datetime(2026, 9, 29, 16, 53, 20, 190000),)",2a3c600d
408637094,-778320273,3347,1:40:34.310000,"(datetime.datetime(2026, 9, 29, 16, 53, 20, 267000),)",2a3c600a
408635292,-778323505,3323,1:40:34.340000,"(datetime.datetime(2026, 9, 29, 16, 53, 20, 295000),)",2a3c600d
408637160,-778320172,3347,1:40:34.410000,"(datetime.datetime(2026, 9, 29, 16, 53, 20, 361000),)",2a3c600a
408637204,-778320089,3348,1:40:34.430000,"(datetime.datetime(2026, 9, 29, 16, 53, 20, 384000),)",2a3c600a
408635378,-778323359,3323,1:40:34.490000,"(datetime.datetime(2026, 9, 29, 16, 53, 20, 448000),)",2a3c600d
408635460,-778323230,3323,1:40:34.520000,"(datetime.datetime(2026, 9, 29, 16, 53, 20, 472000),)",2a3c600d
408637258,-778319998,3348,1:40:34.580000,"(datetime.datetime(2026, 9, 29, 16, 53, 20, 535000),)",2a3c600a
408635534,-778323094,3323,1:40:34.610000,"(datetime.datetime(2026, 9, 29, 16, 53, 20, 564000),)",2a3c600d
408637307,-778319910,3348,1:40:34.660000,"(datetime.datetime(2026, 9, 29, 16, 53, 20, 619000),)",2a3c600a
408635609,-778322961,3323,1:40:34.690000,"(datetime.datetime(2026, 9, 29, 16, 53, 20, 642000),)",2a3c600d
408637354,-778319828,3348,1:40:34.760000,"(datetime.datetime(2026, 9, 29, 16, 53, 20, 717000),)",2a3c600a
408635684,-778322835,3323,1:40:34.810000,"(datetime.datetime(2026, 9, 29, 16, 53, 20, 769000),)",2a3c600d
408637401,-778319744,3347,1:40:34.840000,"(datetime.datetime(2026, 9, 29, 16, 53, 20, 794000),)",2a3c600a
408635758,-778322708,3323,1:40:34.900000,"(datetime.datetime(2026, 9, 29, 16, 53, 20, 855000),)",2a3c600d
408637444,-778319664,3348,1:40:34.920000,"(datetime.datetime(2026, 9, 29, 16, 53, 20, 879000),)",2a3c600a
408635829,-778322583,3323,1:40:35,"(datetime.datetime(2026, 9, 29, 16, 53, 20, 951000),)",2a3c600d
408637492,-778319592,3348,1:40:35.060000,"(datetime.datetime(2026, 9, 29, 16, 53, 21, 13000),)",2a3c600a
408635900,-778322466,3323,1:40:35.080000,"(datetime.datetime(2026, 9, 29, 16, 53, 21, 37000),)",2a3c600d
408637529,-778319518,3347,1:40:35.150000,"(datetime.datetime(2026, 9, 29, 16, 53, 21, 102000),)",2a3c600a
408635966,-778322346,3323,1:40:35.200000,"(datetime.datetime(2026, 9, 29, 16, 53, 21, 154000),)",2a3c600d
408637570,-778319444,3347,1:40:35.220000,"(datetime.datetime(2026, 9, 29, 16, 53, 21, 178000),)",2a3c600a
408636032,-778322231,3323,1:40:35.280000,"(datetime.datetime(2026, 9, 29, 16, 53, 21, 240000),)",2a3c600d
408637618,-778319366,3346,1:40:35.310000,"(datetime.datetime(2026, 9, 29, 16, 53, 21, 263000),)",2a3c600a
408636100,-778322109,3323,1:40:35.370000,"(datetime.datetime(2026, 9, 29, 16, 53, 21, 325000),)",2a3c600d
408637653,-778319308,3348,1:40:35.390000,"(datetime.datetime(2026, 9, 29, 16, 53, 21, 349000),)",2a3c600a
408636159,-778322005,3323,1:40:35.470000,"(datetime.datetime(2026, 9, 29, 16, 53, 21, 420000),)",2a3c600d
408637688,-778319238,3347,1:40:35.490000,"(datetime.datetime(2026, 9, 29, 16, 53, 21, 445000),)",2a3c600a
408636223,-778321894,3323,1:40:35.550000,"(datetime.datetime(2026, 9, 29, 16, 53, 21, 508000),)",2a3c600d
408637721,-778319184,3348,1:40:35.580000,"(datetime.datetime(2026, 9, 29, 16, 53, 21, 531000),)",2a3c600a
408636282,-778321795,3323,1:40:35.640000,"(datetime.datetime(2026, 9, 29, 16, 53, 21, 594000),)",2a3c600d
408637752,-778319127,3348,1:40:35.660000,"(datetime.datetime(2026, 9, 29, 16, 53, 21, 618000),)",2a3c600a
408636343,-778321693,3323,1:40:35.740000,"(datetime.datetime(2026, 9, 29, 16, 53, 21, 694000),)",2a3c600d
408637784,-778319077,3347,1:40:35.810000,"(datetime.datetime(2026, 9, 29, 16, 53, 21, 764000),)",2a3c600a
408636401,-778321598,3324,1:40:35.870000,"(datetime.datetime(2026, 9, 29, 16, 53, 21, 824000),)",2a3c600d
408637817,-778319023,3348,1:40:35.920000,"(datetime.datetime(2026, 9, 29, 16, 53, 21, 875000),)",2a3c600a
408636458,-778321503,3323,1:40:35.940000,"(datetime.datetime(2026, 9, 29, 16, 53, 21, 899000),)",2a3c600d
408637841,-778318972,3348,1:40:36.010000,"(datetime.datetime(2026, 9, 29, 16, 53, 21, 963000),)",2a3c600a
408636512,-778321411,3324,1:40:36.030000,"(datetime.datetime(2026, 9, 29, 16, 53, 21, 987000),)",2a3c600d
408637869,-778318932,3348,1:40:36.090000,"(datetime.datetime(2026, 9, 29, 16, 53, 22, 49000),)",2a3c600a
408636563,-778321317,3324,1:40:36.120000,"(datetime.datetime(2026, 9, 29, 16, 53, 22, 73000),)",2a3c600d
408637895,-778318890,3347,1:40:36.180000,"(datetime.datetime(2026, 9, 29, 16, 53, 22, 136000),)",2a3c600a
408636613,-778321231,3324,1:40:36.210000,"(datetime.datetime(2026, 9, 29, 16, 53, 22, 161000),)",2a3c600d
408637928,-778318836,3346,1:40:36.270000,"(datetime.datetime(2026, 9, 29, 16, 53, 22, 228000),)",2a3c600a
408636666,-778321139,3323,1:40:36.330000,"(datetime.datetime(2026, 9, 29, 16, 53, 22, 289000),)",2a3c600d
408637947,-778318801,3347,1:40:36.360000,"(datetime.datetime(2026, 9, 29, 16, 53, 22, 313000),)",2a3c600a
408637969,-778318766,3347,1:40:36.420000,"(datetime.datetime(2026, 9, 29, 16, 53, 22, 372000),)",2a3c600a
408636707,-778321068,3323,1:40:36.470000,"(datetime.datetime(2026, 9, 29, 16, 53, 22, 424000),)",2a3c600d
408637988,-778318734,3347,1:40:36.490000,"(datetime.datetime(2026, 9, 29, 16, 53, 22, 448000),)",2a3c600a
408636757,-778320987,3324,1:40:36.560000,"(datetime.datetime(2026, 9, 29, 16, 53, 22, 512000),)",2a3c600d
408638003,-778318706,3346,1:40:36.580000,"(datetime.datetime(2026, 9, 29, 16, 53, 22, 535000),)",2a3c600a
408636797,-778320915,3323,1:40:36.640000,"(datetime.datetime(2026, 9, 29, 16, 53, 22, 600000),)",2a3c600d
408638018,-778318680,3346,1:40:36.670000,"(datetime.datetime(2026, 9, 29, 16, 53, 22, 623000),)",2a3c600a
408636840,-778320839,3323,1:40:36.730000,"(datetime.datetime(2026, 9, 29, 16, 53, 22, 683000),)",2a3c600d
408638029,-778318653,3347,1:40:36.750000,"(datetime.datetime(2026, 9, 29, 16, 53, 22, 707000),)",2a3c600a
408636882,-778320770,3323,1:40:36.820000,"(datetime.datetime(2026, 9, 29, 16, 53, 22, 780000),)",2a3c600d
408638045,-778318632,3347,1:40:36.850000,"(datetime.datetime(2026, 9, 29, 16, 53, 22, 805000),)",2a3c600a
408636921,-778320704,3323,1:40:36.920000,"(datetime.datetime(2026, 9, 29, 16, 53, 22, 877000),)",2a3c600d
408638057,-778318612,3347,1:40:36.940000,"(datetime.datetime(2026, 9, 29, 16, 53, 22, 900000),)",2a3c600a
408636961,-778320640,3323,1:40:37.010000,"(datetime.datetime(2026, 9, 29, 16, 53, 22, 966000),)",2a3c600d
408638065,-778318590,3348,1:40:37.040000,"(datetime.datetime(2026, 9, 29, 16, 53, 22, 994000),)",2a3c600a
408636996,-778320577,3324,1:40:37.100000,"(datetime.datetime(2026, 9, 29, 16, 53, 23, 54000),)",2a3c600d
408638081,-778318565,3347,1:40:37.120000,"(datetime.datetime(2026, 9, 29, 16, 53, 23, 80000),)",2a3c600a
408637033,-778320521,3323,1:40:37.190000,"(datetime.datetime(2026, 9, 29, 16, 53, 23, 145000),)",2a3c600d
408638086,-778318556,3348,1:40:37.210000,"(datetime.datetime(2026, 9, 29, 16, 53, 23, 169000),)",2a3c600a
408637071,-778320455,3323,1:40:37.280000,"(datetime.datetime(2026, 9, 29, 16, 53, 23, 233000),)",2a3c600d
408638097,-778318549,3347,1:40:37.300000,"(datetime.datetime(2026, 9, 29, 16, 53, 23, 258000),)",2a3c600a
408637101,-778320407,3324,1:40:37.360000,"(datetime.datetime(2026, 9, 29, 16, 53, 23, 318000),)",2a3c600d
408638099,-778318543,3347,1:40:37.390000,"(datetime.datetime(2026, 9, 29, 16, 53, 23, 342000),)",2a3c600a
408637129,-778320359,3323,1:40:37.450000,"(datetime.datetime(2026, 9, 29, 16, 53, 23, 408000),)",2a3c600d
408638103,-778318533,3347,1:40:37.530000,"(datetime.datetime(2026, 9, 29, 16, 53, 23, 484000),)",2a3c600a
408637159,-778320309,3323,1:40:37.570000,"(datetime.datetime(2026, 9, 29, 16, 53, 23, 522000),)",2a3c600d
408638109,-778318521,3347,1:40:37.590000,"(datetime.datetime(2026, 9, 29, 16, 53, 23, 546000),)",2a3c600a
408637187,-778320264,3323,1:40:37.660000,"(datetime.datetime(2026, 9, 29, 16, 53, 23, 614000),)",2a3c600d
408638112,-778318516,3347,1:40:37.730000,"(datetime.datetime(2026, 9, 29, 16, 53, 23, 690000),)",2a3c600a
408637211,-778320217,3323,1:40:37.810000,"(datetime.datetime(2026, 9, 29, 16, 53, 23, 761000),)",2a3c600d
408638108,-778318512,3347,1:40:37.850000,"(datetime.datetime(2026, 9, 29, 16, 53, 23, 804000),)",2a3c600a
408637234,-778320173,3323,1:40:37.880000,"(datetime.datetime(2026, 9, 29, 16, 53, 23, 831000),)",2a3c600d
408638112,-778318513,3347,1:40:37.920000,"(datetime.datetime(2026, 9, 29, 16, 53, 23, 875000),)",2a3c600a
408637259,-778320130,3324,1:40:37.940000,"(datetime.datetime(2026, 9, 29, 16, 53, 23, 898000),)",2a3c600d
408638114,-778318510,3347,1:40:38.010000,"(datetime.datetime(2026, 9, 29, 16, 53, 23, 969000),)",2a3c600a
408637281,-778320093,3324,1:40:38.070000,"(datetime.datetime(2026, 9, 29, 16, 53, 24, 23000),)",2a3c600d
408638128,-778318504,3345,1:40:38.090000,"(datetime.datetime(2026, 9, 29, 16, 53, 24, 46000),)",2a3c600a
408637301,-778320056,3323,1:40:38.160000,"(datetime.datetime(2026, 9, 29, 16, 53, 24, 113000),)",2a3c600d
408638126,-778318511,3345,1:40:38.180000,"(datetime.datetime(2026, 9, 29, 16, 53, 24, 138000),)",2a3c600a
408637321,-778320011,3323,1:40:38.240000,"(datetime.datetime(2026, 9, 29, 16, 53, 24, 199000),)",2a3c600d
408637338,-778319983,3323,1:40:38.320000,"(datetime.datetime(2026, 9, 29, 16, 53, 24, 273000),)",2a3c600d
408638122,-778318514,3345,1:40:38.370000,"(datetime.datetime(2026, 9, 29, 16, 53, 24, 330000),)",2a3c600a
408638123,-778318512,3346,1:40:38.400000,"(datetime.datetime(2026, 9, 29, 16, 53, 24, 353000),)",2a3c600a
408637358,-778319957,3323,1:40:38.460000,"(datetime.datetime(2026, 9, 29, 16, 53, 24, 418000),)",2a3c600d
408638121,-778318513,3345,1:40:38.550000,"(datetime.datetime(2026, 9, 29, 16, 53, 24, 505000),)",2a3c600a
408637374,-778319927,3323,1:40:38.580000,"(datetime.datetime(2026, 9, 29, 16, 53, 24, 530000),)",2a3c600d
408638123,-778318512,3346,1:40:38.610000,"(datetime.datetime(2026, 9, 29, 16, 53, 24, 565000),)",2a3c600a
408637388,-778319896,3324,1:40:38.630000,"(datetime.datetime(2026, 9, 29, 16, 53, 24, 589000),)",2a3c600d
408638123,-778318512,3345,1:40:38.700000,"(datetime.datetime(2026, 9, 29, 16, 53, 24, 655000),)",2a3c600a
408637407,-778319870,3323,1:40:38.720000,"(datetime.datetime(2026, 9, 29, 16, 53, 24, 680000),)",2a3c600d
408638122,-778318513,3345,1:40:38.800000,"(datetime.datetime(2026, 9, 29, 16, 53, 24, 750000),)",2a3c600a
408637422,-778319847,3323,1:40:38.820000,"(datetime.datetime(2026, 9, 29, 16, 53, 24, 775000),)",2a3c600d
408638123,-778318514,3345,1:40:38.890000,"(datetime.datetime(2026, 9, 29, 16, 53, 24, 846000),)",2a3c600a
408637438,-778319824,3323,1:40:38.950000,"(datetime.datetime(2026, 9, 29, 16, 53, 24, 907000),)",2a3c600d
408638123,-778318513,3345,1:40:39,"(datetime.datetime(2026, 9, 29, 16, 53, 24, 952000),)",2a3c600a
408637451,-778319799,3323,1:40:39.030000,"(datetime.datetime(2026, 9, 29, 16, 53, 24, 986000),)",2a3c600d
408638126,-778318518,3346,1:40:39.060000,"(datetime.datetime(2026, 9, 29, 16, 53, 25, 13000),)",2a3c600a
408637462,-778319780,3323,1:40:39.120000,"(datetime.datetime(2026, 9, 29, 16, 53, 25, 75000),)",2a3c600d
408638126,-778318518,3346,1:40:39.140000,"(datetime.datetime(2026, 9, 29, 16, 53, 25, 99000),)",2a3c600a
408637477,-778319746,3323,1:40:39.210000,"(datetime.datetime(2026, 9, 29, 16, 53, 25, 163000),)",2a3c600d
408638126,-778318518,3346,1:40:39.270000,"(datetime.datetime(2026, 9, 29, 16, 53, 25, 221000),)",2a3c600a
408637489,-778319737,3323,1:40:39.330000,"(datetime.datetime(2026, 9, 29, 16, 53, 25, 284000),)",2a3c600d
408638126,-778318518,3346,1:40:39.360000,"(datetime.datetime(2026, 9, 29, 16, 53, 25, 319000),)",2a3c600a
408637500,-778319723,3323,1:40:39.410000,"(datetime.datetime(2026, 9, 29, 16, 53, 25, 363000),)",2a3c600d
408637505,-778319705,3323,1:40:39.430000,"(datetime.datetime(2026, 9, 29, 16, 53, 25, 388000),)",2a3c600d
408638126,-778318518,3346,1:40:39.490000,"(datetime.datetime(2026, 9, 29, 16, 53, 25, 445000),)",2a3c600a
408637516,-778319692,3323,1:40:39.520000,"(datetime.datetime(2026, 9, 29, 16, 53, 25, 470000),)",2a3c600d
408637521,-778319682,3323,1:40:39.580000,"(datetime.datetime(2026, 9, 29, 16, 53, 25, 538000),)",2a3c600d
408638126,-778318518,3346,1:40:39.660000,"(datetime.datetime(2026, 9, 29, 16, 53, 25, 615000),)",2a3c600a
408638126,-778318519,3346,1:40:39.680000,"(datetime.datetime(2026, 9, 29, 16, 53, 25, 639000),)",2a3c600a
408637529,-778319669,3324,1:40:39.730000,"(datetime.datetime(2026, 9, 29, 16, 53, 25, 687000),)",2a3c600d
408638126,-778318519,3346,1:40:39.760000,"(datetime.datetime(2026, 9, 29, 16, 53, 25, 711000),)",2a3c600a
408637532,-778319662,3323,1:40:39.820000,"(datetime.datetime(2026, 9, 29, 16, 53, 25, 775000),)",2a3c600d
408638126,-778318519,3346,1:40:39.840000,"(datetime.datetime(2026, 9, 29, 16, 53, 25, 799000),)",2a3c600a
408638126,-778318519,3346,1:40:39.910000,"(datetime.datetime(2026, 9, 29, 16, 53, 25, 860000),)",2a3c600a
408637540,-778319655,3323,1:40:39.930000,"(datetime.datetime(2026, 9, 29, 16, 53, 25, 884000),)",2a3c600d
408637543,-778319647,3323,1:40:40,"(datetime.datetime(2026, 9, 29, 16, 53, 25, 954000),)",2a3c600d
408638129,-778318517,3347,1:40:40.080000,"(datetime.datetime(2026, 9, 29, 16, 53, 26, 39000),)",2a3c600a
408637550,-778319637,3323,1:40:40.110000,"(datetime.datetime(2026, 9, 29, 16, 53, 26, 63000),)",2a3c600d
408638129,-778318517,3347,1:40:40.150000,"(datetime.datetime(2026, 9, 29, 16, 53, 26, 101000),)",2a3c600a
408637548,-778319637,3323,1:40:40.170000,"(datetime.datetime(2026, 9, 29, 16, 53, 26, 124000),)",2a3c600d
408638129,-778318517,3347,1:40:40.240000,"(datetime.datetime(2026, 9, 29, 16, 53, 26, 193000),)",2a3c600a
408637549,-778319632,3324,1:40:40.260000,"(datetime.datetime(2026, 9, 29, 16, 53, 26, 219000),)",2a3c600d
408638129,-778318517,3347,1:40:40.330000,"(datetime.datetime(2026, 9, 29, 16, 53, 26, 287000),)",2a3c600a
408637549,-778319632,3323,1:40:40.390000,"(datetime.datetime(2026, 9, 29, 16, 53, 26, 341000),)",2a3c600d
408638129,-778318517,3347,1:40:40.410000,"(datetime.datetime(2026, 9, 29, 16, 53, 26, 366000),)",2a3c600a
408637551,-778319633,3323,1:40:40.480000,"(datetime.datetime(2026, 9, 29, 16, 53, 26, 436000),)",2a3c600d
408638129,-778318517,3347,1:40:40.500000,"(datetime.datetime(2026, 9, 29, 16, 53, 26, 460000),)",2a3c600a
408637551,-778319635,3324,1:40:40.570000,"(datetime.datetime(2026, 9, 29, 16, 53, 26, 523000),)",2a3c600d
408638129,-778318517,3347,1:40:40.590000,"(datetime.datetime(2026, 9, 29, 16, 53, 26, 547000),)",2a3c600a
408637551,-778319635,3324,1:40:40.660000,"(datetime.datetime(2026, 9, 29, 16, 53, 26, 614000),)",2a3c600d
408638129,-778318517,3347,1:40:40.680000,"(datetime.datetime(2026, 9, 29, 16, 53, 26, 637000),)",2a3c600a
408637550,-778319635,3324,1:40:40.750000,"(datetime.datetime(2026, 9, 29, 16, 53, 26, 705000),)",2a3c600d
408638129,-778318517,3347,1:40:40.770000,"(datetime.datetime(2026, 9, 29, 16, 53, 26, 729000),)",2a3c600a
408637549,-778319634,3324,1:40:40.850000,"(datetime.datetime(2026, 9, 29, 16, 53, 26, 801000),)",2a3c600d
408638129,-778318517,3347,1:40:40.920000,"(datetime.datetime(2026, 9, 29, 16, 53, 26, 875000),)",2a3c600a
408637550,-778319634,3324,1:40:41,"(datetime.datetime(2026, 9, 29, 16, 53, 26, 952000),)",2a3c600d
408638130,-778318514,3347,1:40:41.030000,"(datetime.datetime(2026, 9, 29, 16, 53, 26, 982000),)",2a3c600a
408637559,-778319626,3323,1:40:41.090000,"(datetime.datetime(2026, 9, 29, 16, 53, 27, 46000),)",2a3c600d
408638130,-778318514,3347,1:40:41.150000,"(datetime.datetime(2026, 9, 29, 16, 53, 27, 103000),)",2a3c600a
408637559,-778319631,3323,1:40:41.170000,"(datetime.datetime(2026, 9, 29, 16, 53, 27, 128000),)",2a3c600d
408638130,-778318514,3347,1:40:41.240000,"(datetime.datetime(2026, 9, 29, 16, 53, 27, 196000),)",2a3c600a
408637560,-778319631,3323,1:40:41.270000,"(datetime.datetime(2026, 9, 29, 16, 53, 27, 220000),)",2a3c600d
408638130,-778318514,3347,1:40:41.330000,"(datetime.datetime(2026, 9, 29, 16, 53, 27, 283000),)",2a3c600a
408637561,-778319631,3323,1:40:41.360000,"(datetime.datetime(2026, 9, 29, 16, 53, 27, 312000),)",2a3c600d
408638130,-778318514,3347,1:40:41.410000,"(datetime.datetime(2026, 9, 29, 16, 53, 27, 367000),)",2a3c600a
408637560,-778319631,3323,1:40:41.430000,"(datetime.datetime(2026, 9, 29, 16, 53, 27, 390000),)",2a3c600d
408638130,-778318514,3347,1:40:41.500000,"(datetime.datetime(2026, 9, 29, 16, 53, 27, 454000),)",2a3c600a
408637559,-778319631,3323,1:40:41.520000,"(datetime.datetime(2026, 9, 29, 16, 53, 27, 478000),)",2a3c600d
408638130,-778318514,3347,1:40:41.590000,"(datetime.datetime(2026, 9, 29, 16, 53, 27, 542000),)",2a3c600a
408637560,-778319632,3323,1:40:41.610000,"(datetime.datetime(2026, 9, 29, 16, 53, 27, 566000),)",2a3c600d
408638130,-778318514,3347,1:40:41.680000,"(datetime.datetime(2026, 9, 29, 16, 53, 27, 631000),)",2a3c600a
408637559,-778319631,3323,1:40:41.700000,"(datetime.datetime(2026, 9, 29, 16, 53, 27, 655000),)",2a3c600d
408638130,-778318514,3347,1:40:41.770000,"(datetime.datetime(2026, 9, 29, 16, 53, 27, 724000),)",2a3c600a
408637560,-778319631,3323,1:40:41.830000,"(datetime.datetime(2026, 9, 29, 16, 53, 27, 789000),)",2a3c600d
408638130,-778318514,3347,1:40:41.860000,"(datetime.datetime(2026, 9, 29, 16, 53, 27, 814000),)",2a3c600a
408637559,-778319630,3323,1:40:41.940000,"(datetime.datetime(2026, 9, 29, 16, 53, 27, 892000),)",2a3c600d
408638131,-778318514,3347,1:40:41.990000,"(datetime.datetime(2026, 9, 29, 16, 53, 27, 949000),)",2a3c600a
408637566,-778319632,3323,1:40:42.020000,"(datetime.datetime(2026, 9, 29, 16, 53, 27, 973000),)",2a3c600d
408638131,-778318514,3347,1:40:42.090000,"(datetime.datetime(2026, 9, 29, 16, 53, 28, 41000),)",2a3c600a
408637565,-778319632,3323,1:40:42.150000,"(datetime.datetime(2026, 9, 29, 16, 53, 28, 109000),)",2a3c600d
408638131,-778318514,3347,1:40:42.210000,"(datetime.datetime(2026, 9, 29, 16, 53, 28, 160000),)",2a3c600a
408637566,-778319632,3323,1:40:42.230000,"(datetime.datetime(2026, 9, 29, 16, 53, 28, 184000),)",2a3c600d
408638131,-778318514,3347,1:40:42.290000,"(datetime.datetime(2026, 9, 29, 16, 53, 28, 248000),)",2a3c600a
408637566,-778319633,3323,1:40:42.320000,"(datetime.datetime(2026, 9, 29, 16, 53, 28, 273000),)",2a3c600d
408638131,-778318514,3347,1:40:42.380000,"(datetime.datetime(2026, 9, 29, 16, 53, 28, 338000),)",2a3c600a
408637567,-778319632,3323,1:40:42.410000,"(datetime.datetime(2026, 9, 29, 16, 53, 28, 365000),)",2a3c600d
408638131,-778318514,3347,1:40:42.470000,"(datetime.datetime(2026, 9, 29, 16, 53, 28, 427000),)",2a3c600a
408637567,-778319632,3323,1:40:42.500000,"(datetime.datetime(2026, 9, 29, 16, 53, 28, 451000),)",2a3c600d
408638131,-778318514,3347,1:40:42.560000,"(datetime.datetime(2026, 9, 29, 16, 53, 28, 516000),)",2a3c600a
408637567,-778319631,3323,1:40:42.580000,"(datetime.datetime(2026, 9, 29, 16, 53, 28, 539000),)",2a3c600d
408638131,-778318514,3347,1:40:42.650000,"(datetime.datetime(2026, 9, 29, 16, 53, 28, 604000),)",2a3c600a
408637566,-778319630,3323,1:40:42.670000,"(datetime.datetime(2026, 9, 29, 16, 53, 28, 629000),)",2a3c600d
408638131,-778318514,3347,1:40:42.730000,"(datetime.datetime(2026, 9, 29, 16, 53, 28, 687000),)",2a3c600a
408637566,-778319627,3323,1:40:42.760000,"(datetime.datetime(2026, 9, 29, 16, 53, 28, 711000),)",2a3c600d
408638131,-778318514,3347,1:40:42.940000,"(datetime.datetime(2026, 9, 29, 16, 53, 28, 898000),)",2a3c600a
408637570,-778319626,3323,1:40:43.240000,"(datetime.datetime(2026, 9, 29, 16, 53, 29, 198000),)",2a3c600d
408638147,-778318485,3348,1:40:43.380000,"(datetime.datetime(2026, 9, 29, 16, 53, 29, 330000),)",2a3c600a
408637571,-778319632,3323,1:40:43.430000,"(datetime.datetime(2026, 9, 29, 16, 53, 29, 384000),)",2a3c600d
408638156,-778318474,3348,1:40:43.520000,"(datetime.datetime(2026, 9, 29, 16, 53, 29, 478000),)",2a3c600a
408637571,-778319632,3323,1:40:43.700000,"(datetime.datetime(2026, 9, 29, 16, 53, 29, 658000),)",2a3c600d
408638165,-778318456,3349,1:40:43.910000,"(datetime.datetime(2026, 9, 29, 16, 53, 29, 863000),)",2a3c600a
408637571,-778319632,3323,1:40:44.060000,"(datetime.datetime(2026, 9, 29, 16, 53, 30, 20000),)",2a3c600d
408638178,-778318438,3348,1:40:44.140000,"(datetime.datetime(2026, 9, 29, 16, 53, 30, 94000),)",2a3c600a
408637571,-778319632,3323,1:40:44.230000,"(datetime.datetime(2026, 9, 29, 16, 53, 30, 183000),)",2a3c600d
408638188,-778318416,3348,1:40:44.350000,"(datetime.datetime(2026, 9, 29, 16, 53, 30, 302000),)",2a3c600a
408637571,-778319632,3323,1:40:44.450000,"(datetime.datetime(2026, 9, 29, 16, 53, 30, 401000),)",2a3c600d
408638205,-778318388,3348,1:40:44.640000,"(datetime.datetime(2026, 9, 29, 16, 53, 30, 593000),)",2a3c600a
408638220,-778318356,3348,1:40:44.810000,"(datetime.datetime(2026, 9, 29, 16, 53, 30, 762000),)",2a3c600a
408637571,-778319632,3323,1:40:44.860000,"(datetime.datetime(2026, 9, 29, 16, 53, 30, 816000),)",2a3c600d
408638242,-778318324,3349,1:40:45.050000,"(datetime.datetime(2026, 9, 29, 16, 53, 31, 2000),)",2a3c600a
408637571,-778319632,3323,1:40:45.140000,"(datetime.datetime(2026, 9, 29, 16, 53, 31, 95000),)",2a3c600d
408638267,-778318293,3349,1:40:45.310000,"(datetime.datetime(2026, 9, 29, 16, 53, 31, 269000),)",2a3c600a
408637571,-778319632,3323,1:40:45.370000,"(datetime.datetime(2026, 9, 29, 16, 53, 31, 327000),)",2a3c600d
408638281,-778318258,3348,1:40:45.480000,"(datetime.datetime(2026, 9, 29, 16, 53, 31, 431000),)",2a3c600a
408637571,-778319632,3323,1:40:45.520000,"(datetime.datetime(2026, 9, 29, 16, 53, 31, 475000),)",2a3c600d
408638315,-778318193,3352,1:40:45.610000,"(datetime.datetime(2026, 9, 29, 16, 53, 31, 566000),)",2a3c600a
408637571,-778319632,3323,1:40:45.640000,"(datetime.datetime(2026, 9, 29, 16, 53, 31, 592000),)",2a3c600d
408638351,-778318145,3353,1:40:45.680000,"(datetime.datetime(2026, 9, 29, 16, 53, 31, 635000),)",2a3c600a
408637588,-778319594,3323,1:40:45.770000,"(datetime.datetime(2026, 9, 29, 16, 53, 31, 720000),)",2a3c600d
408638374,-778318101,3353,1:40:45.800000,"(datetime.datetime(2026, 9, 29, 16, 53, 31, 756000),)",2a3c600a
408637596,-778319584,3324,1:40:45.860000,"(datetime.datetime(2026, 9, 29, 16, 53, 31, 812000),)",2a3c600d
408638401,-778318056,3353,1:40:45.880000,"(datetime.datetime(2026, 9, 29, 16, 53, 31, 838000),)",2a3c600a
408637601,-778319574,3323,1:40:45.940000,"(datetime.datetime(2026, 9, 29, 16, 53, 31, 896000),)",2a3c600d
408638427,-778318013,3352,1:40:45.990000,"(datetime.datetime(2026, 9, 29, 16, 53, 31, 941000),)",2a3c600a
408637609,-778319557,3324,1:40:46.030000,"(datetime.datetime(2026, 9, 29, 16, 53, 31, 984000),)",2a3c600d
408638454,-778317960,3352,1:40:46.050000,"(datetime.datetime(2026, 9, 29, 16, 53, 32, 8000),)",2a3c600a
408637615,-778319544,3324,1:40:46.120000,"(datetime.datetime(2026, 9, 29, 16, 53, 32, 73000),)",2a3c600d
408638483,-778317910,3352,1:40:46.150000,"(datetime.datetime(2026, 9, 29, 16, 53, 32, 100000),)",2a3c600a
408637631,-778319527,3323,1:40:46.220000,"(datetime.datetime(2026, 9, 29, 16, 53, 32, 172000),)",2a3c600d
408638509,-778317859,3352,1:40:46.240000,"(datetime.datetime(2026, 9, 29, 16, 53, 32, 196000),)",2a3c600a
408637638,-778319505,3323,1:40:46.310000,"(datetime.datetime(2026, 9, 29, 16, 53, 32, 265000),)",2a3c600d
408638541,-778317804,3352,1:40:46.330000,"(datetime.datetime(2026, 9, 29, 16, 53, 32, 290000),)",2a3c600a
408637655,-778319484,3323,1:40:46.410000,"(datetime.datetime(2026, 9, 29, 16, 53, 32, 366000),)",2a3c600d
408638575,-778317745,3352,1:40:46.440000,"(datetime.datetime(2026, 9, 29, 16, 53, 32, 390000),)",2a3c600a
408637667,-778319459,3323,1:40:46.500000,"(datetime.datetime(2026, 9, 29, 16, 53, 32, 453000),)",2a3c600d
408637683,-778319432,3323,1:40:46.520000,"(datetime.datetime(2026, 9, 29, 16, 53, 32, 478000),)",2a3c600d
408638599,-778317670,3352,1:40:46.580000,"(datetime.datetime(2026, 9, 29, 16, 53, 32, 539000),)",2a3c600a
408637701,-778319401,3322,1:40:46.610000,"(datetime.datetime(2026, 9, 29, 16, 53, 32, 563000),)",2a3c600d
408638636,-778317600,3352,1:40:46.670000,"(datetime.datetime(2026, 9, 29, 16, 53, 32, 624000),)",2a3c600a
408637722,-778319366,3322,1:40:46.690000,"(datetime.datetime(2026, 9, 29, 16, 53, 32, 648000),)",2a3c600d
408638671,-778317538,3352,1:40:46.760000,"(datetime.datetime(2026, 9, 29, 16, 53, 32, 720000),)",2a3c600a
408637739,-778319336,3322,1:40:46.820000,"(datetime.datetime(2026, 9, 29, 16, 53, 32, 776000),)",2a3c600d
408638708,-778317472,3352,1:40:46.880000,"(datetime.datetime(2026, 9, 29, 16, 53, 32, 837000),)",2a3c600a
408637758,-778319297,3322,1:40:46.910000,"(datetime.datetime(2026, 9, 29, 16, 53, 32, 862000),)",2a3c600d
408638748,-778317405,3352,1:40:46.990000,"(datetime.datetime(2026, 9, 29, 16, 53, 32, 940000),)",2a3c600a
408637777,-778319263,3322,1:40:47.030000,"(datetime.datetime(2026, 9, 29, 16, 53, 32, 988000),)",2a3c600d
408638788,-778317337,3352,1:40:47.060000,"(datetime.datetime(2026, 9, 29, 16, 53, 33, 13000),)",2a3c600a
408637802,-778319225,3322,1:40:47.130000,"(datetime.datetime(2026, 9, 29, 16, 53, 33, 82000),)",2a3c600d
408638829,-778317265,3352,1:40:47.190000,"(datetime.datetime(2026, 9, 29, 16, 53, 33, 141000),)",2a3c600a
408637821,-778319188,3322,1:40:47.210000,"(datetime.datetime(2026, 9, 29, 16, 53, 33, 165000),)",2a3c600d
408638868,-778317194,3352,1:40:47.270000,"(datetime.datetime(2026, 9, 29, 16, 53, 33, 228000),)",2a3c600a
408637846,-778319151,3322,1:40:47.300000,"(datetime.datetime(2026, 9, 29, 16, 53, 33, 253000),)",2a3c600d
408638906,-778317120,3352,1:40:47.360000,"(datetime.datetime(2026, 9, 29, 16, 53, 33, 319000),)",2a3c600a
408637863,-778319107,3322,1:40:47.390000,"(datetime.datetime(2026, 9, 29, 16, 53, 33, 344000),)",2a3c600d
408638949,-778317048,3352,1:40:47.450000,"(datetime.datetime(2026, 9, 29, 16, 53, 33, 403000),)",2a3c600a
408637885,-778319067,3322,1:40:47.470000,"(datetime.datetime(2026, 9, 29, 16, 53, 33, 427000),)",2a3c600d
408638997,-778316981,3352,1:40:47.540000,"(datetime.datetime(2026, 9, 29, 16, 53, 33, 493000),)",2a3c600a
408637934,-778318996,3317,1:40:47.560000,"(datetime.datetime(2026, 9, 29, 16, 53, 33, 517000),)",2a3c600d
408639044,-778316897,3351,1:40:47.630000,"(datetime.datetime(2026, 9, 29, 16, 53, 33, 583000),)",2a3c600a
408637957,-778318943,3317,1:40:47.650000,"(datetime.datetime(2026, 9, 29, 16, 53, 33, 607000),)",2a3c600d
408639090,-778316820,3352,1:40:47.720000,"(datetime.datetime(2026, 9, 29, 16, 53, 33, 672000),)",2a3c600a
408637985,-778318903,3317,1:40:47.740000,"(datetime.datetime(2026, 9, 29, 16, 53, 33, 697000),)",2a3c600d
408639133,-778316738,3352,1:40:47.800000,"(datetime.datetime(2026, 9, 29, 16, 53, 33, 759000),)",2a3c600a
408638017,-778318855,3317,1:40:47.830000,"(datetime.datetime(2026, 9, 29, 16, 53, 33, 783000),)",2a3c600d
408639180,-778316657,3351,1:40:47.890000,"(datetime.datetime(2026, 9, 29, 16, 53, 33, 849000),)",2a3c600a
408638043,-778318805,3317,1:40:47.920000,"(datetime.datetime(2026, 9, 29, 16, 53, 33, 873000),)",2a3c600d
408639226,-778316572,3351,1:40:48.010000,"(datetime.datetime(2026, 9, 29, 16, 53, 33, 962000),)",2a3c600a
408638068,-778318754,3317,1:40:48.050000,"(datetime.datetime(2026, 9, 29, 16, 53, 34, 2000),)",2a3c600d
408639277,-778316488,3351,1:40:48.070000,"(datetime.datetime(2026, 9, 29, 16, 53, 34, 26000),)",2a3c600a
408638098,-778318704,3317,1:40:48.130000,"(datetime.datetime(2026, 9, 29, 16, 53, 34, 88000),)",2a3c600d
408639325,-778316402,3351,1:40:48.160000,"(datetime.datetime(2026, 9, 29, 16, 53, 34, 113000),)",2a3c600a
408638130,-778318651,3316,1:40:48.220000,"(datetime.datetime(2026, 9, 29, 16, 53, 34, 173000),)",2a3c600d
408639377,-778316311,3351,1:40:48.250000,"(datetime.datetime(2026, 9, 29, 16, 53, 34, 200000),)",2a3c600a
408638164,-778318602,3316,1:40:48.310000,"(datetime.datetime(2026, 9, 29, 16, 53, 34, 263000),)",2a3c600d
408639425,-778316224,3351,1:40:48.330000,"(datetime.datetime(2026, 9, 29, 16, 53, 34, 287000),)",2a3c600a
408638193,-778318542,3316,1:40:48.400000,"(datetime.datetime(2026, 9, 29, 16, 53, 34, 351000),)",2a3c600d
408639480,-778316142,3350,1:40:48.420000,"(datetime.datetime(2026, 9, 29, 16, 53, 34, 377000),)",2a3c600a
408638234,-778318496,3316,1:40:48.480000,"(datetime.datetime(2026, 9, 29, 16, 53, 34, 439000),)",2a3c600d
408639536,-778316047,3349,1:40:48.510000,"(datetime.datetime(2026, 9, 29, 16, 53, 34, 468000),)",2a3c600a
408638272,-778318438,3316,1:40:48.570000,"(datetime.datetime(2026, 9, 29, 16, 53, 34, 526000),)",2a3c600d
408639585,-778315949,3349,1:40:48.600000,"(datetime.datetime(2026, 9, 29, 16, 53, 34, 558000),)",2a3c600a
408638310,-778318377,3316,1:40:48.660000,"(datetime.datetime(2026, 9, 29, 16, 53, 34, 614000),)",2a3c600d
408639642,-778315853,3350,1:40:48.680000,"(datetime.datetime(2026, 9, 29, 16, 53, 34, 638000),)",2a3c600a
408638341,-778318315,3316,1:40:48.740000,"(datetime.datetime(2026, 9, 29, 16, 53, 34, 698000),)",2a3c600d
408639700,-778315759,3350,1:40:48.770000,"(datetime.datetime(2026, 9, 29, 16, 53, 34, 722000),)",2a3c600a
408638380,-778318252,3316,1:40:48.830000,"(datetime.datetime(2026, 9, 29, 16, 53, 34, 787000),)",2a3c600d
408639753,-778315660,3349,1:40:48.860000,"(datetime.datetime(2026, 9, 29, 16, 53, 34, 812000),)",2a3c600a
408638413,-778318185,3316,1:40:48.930000,"(datetime.datetime(2026, 9, 29, 16, 53, 34, 884000),)",2a3c600d
408639811,-778315563,3349,1:40:48.990000,"(datetime.datetime(2026, 9, 29, 16, 53, 34, 943000),)",2a3c600a
408638457,-778318119,3316,1:40:49.010000,"(datetime.datetime(2026, 9, 29, 16, 53, 34, 968000),)",2a3c600d
408639871,-778315464,3350,1:40:49.070000,"(datetime.datetime(2026, 9, 29, 16, 53, 35, 28000),)",2a3c600a
408638500,-778318049,3316,1:40:49.100000,"(datetime.datetime(2026, 9, 29, 16, 53, 35, 53000),)",2a3c600d
408639929,-778315360,3350,1:40:49.160000,"(datetime.datetime(2026, 9, 29, 16, 53, 35, 117000),)",2a3c600a
408638540,-778317977,3316,1:40:49.230000,"(datetime.datetime(2026, 9, 29, 16, 53, 35, 183000),)",2a3c600d
408639987,-778315255,3350,1:40:49.250000,"(datetime.datetime(2026, 9, 29, 16, 53, 35, 208000),)",2a3c600a
408638582,-778317904,3316,1:40:49.310000,"(datetime.datetime(2026, 9, 29, 16, 53, 35, 269000),)",2a3c600d
408640040,-778315159,3352,1:40:49.340000,"(datetime.datetime(2026, 9, 29, 16, 53, 35, 294000),)",2a3c600a
408638623,-778317849,3318,1:40:49.400000,"(datetime.datetime(2026, 9, 29, 16, 53, 35, 357000),)",2a3c600d
408640100,-778315048,3351,1:40:49.430000,"(datetime.datetime(2026, 9, 29, 16, 53, 35, 381000),)",2a3c600a
408638670,-778317766,3318,1:40:49.500000,"(datetime.datetime(2026, 9, 29, 16, 53, 35, 455000),)",2a3c600d
408640167,-778314938,3352,1:40:49.580000,"(datetime.datetime(2026, 9, 29, 16, 53, 35, 537000),)",2a3c600a
408638717,-778317688,3318,1:40:49.610000,"(datetime.datetime(2026, 9, 29, 16, 53, 35, 562000),)",2a3c600d
408640229,-778314833,3352,1:40:49.660000,"(datetime.datetime(2026, 9, 29, 16, 53, 35, 618000),)",2a3c600a
408638763,-778317607,3318,1:40:49.690000,"(datetime.datetime(2026, 9, 29, 16, 53, 35, 642000),)",2a3c600d
408640289,-778314723,3352,1:40:49.750000,"(datetime.datetime(2026, 9, 29, 16, 53, 35, 705000),)",2a3c600a
408638806,-778317520,3318,1:40:49.770000,"(datetime.datetime(2026, 9, 29, 16, 53, 35, 729000),)",2a3c600d
408640354,-778314616,3352,1:40:49.840000,"(datetime.datetime(2026, 9, 29, 16, 53, 35, 793000),)",2a3c600a
408638855,-778317436,3318,1:40:49.860000,"(datetime.datetime(2026, 9, 29, 16, 53, 35, 817000),)",2a3c600d
408640418,-778314503,3352,1:40:49.940000,"(datetime.datetime(2026, 9, 29, 16, 53, 35, 890000),)",2a3c600a
408638904,-778317351,3318,1:40:49.960000,"(datetime.datetime(2026, 9, 29, 16, 53, 35, 916000),)",2a3c600d
408640485,-778314392,3352,1:40:50.020000,"(datetime.datetime(2026, 9, 29, 16, 53, 35, 978000),)",2a3c600a
408638955,-778317262,3318,1:40:50.050000,"(datetime.datetime(2026, 9, 29, 16, 53, 36, 2000),)",2a3c600d
408640543,-778314277,3352,1:40:50.120000,"(datetime.datetime(2026, 9, 29, 16, 53, 36, 77000),)",2a3c600a
408639008,-778317172,3318,1:40:50.150000,"(datetime.datetime(2026, 9, 29, 16, 53, 36, 101000),)",2a3c600d
408640614,-778314167,3352,1:40:50.210000,"(datetime.datetime(2026, 9, 29, 16, 53, 36, 168000),)",2a3c600a
408639060,-778317081,3318,1:40:50.240000,"(datetime.datetime(2026, 9, 29, 16, 53, 36, 193000),)",2a3c600d
408640674,-778314050,3350,1:40:50.300000,"(datetime.datetime(2026, 9, 29, 16, 53, 36, 258000),)",2a3c600a
408639103,-778316986,3319,1:40:50.330000,"(datetime.datetime(2026, 9, 29, 16, 53, 36, 284000),)",2a3c600d
408640741,-778313931,3350,1:40:50.390000,"(datetime.datetime(2026, 9, 29, 16, 53, 36, 346000),)",2a3c600a
408639168,-778316893,3319,1:40:50.430000,"(datetime.datetime(2026, 9, 29, 16, 53, 36, 382000),)",2a3c600d
408640810,-778313812,3350,1:40:50.480000,"(datetime.datetime(2026, 9, 29, 16, 53, 36, 432000),)",2a3c600a
408639223,-778316795,3319,1:40:50.500000,"(datetime.datetime(2026, 9, 29, 16, 53, 36, 459000),)",2a3c600d
408640880,-778313693,3351,1:40:50.580000,"(datetime.datetime(2026, 9, 29, 16, 53, 36, 531000),)",2a3c600a
408639277,-778316695,3319,1:40:50.600000,"(datetime.datetime(2026, 9, 29, 16, 53, 36, 555000),)",2a3c600d
408640952,-778313574,3351,1:40:50.670000,"(datetime.datetime(2026, 9, 29, 16, 53, 36, 627000),)",2a3c600a
408639333,-778316600,3319,1:40:50.700000,"(datetime.datetime(2026, 9, 29, 16, 53, 36, 652000),)",2a3c600d
408641016,-778313455,3351,1:40:50.770000,"(datetime.datetime(2026, 9, 29, 16, 53, 36, 725000),)",2a3c600a
408639392,-778316500,3319,1:40:50.820000,"(datetime.datetime(2026, 9, 29, 16, 53, 36, 779000),)",2a3c600d
408641085,-778313333,3351,1:40:50.880000,"(datetime.datetime(2026, 9, 29, 16, 53, 36, 833000),)",2a3c600a
408639449,-778316401,3319,1:40:50.900000,"(datetime.datetime(2026, 9, 29, 16, 53, 36, 857000),)",2a3c600d
408641160,-778313211,3351,1:40:50.970000,"(datetime.datetime(2026, 9, 29, 16, 53, 36, 924000),)",2a3c600a
408639508,-778316298,3319,1:40:50.990000,"(datetime.datetime(2026, 9, 29, 16, 53, 36, 948000),)",2a3c600d
408641230,-778313088,3351,1:40:51.060000,"(datetime.datetime(2026, 9, 29, 16, 53, 37, 13000),)",2a3c600a
408639568,-778316193,3319,1:40:51.150000,"(datetime.datetime(2026, 9, 29, 16, 53, 37, 107000),)",2a3c600d
408641305,-778312965,3351,1:40:51.190000,"(datetime.datetime(2026, 9, 29, 16, 53, 37, 147000),)",2a3c600a
408639630,-778316089,3319,1:40:51.250000,"(datetime.datetime(2026, 9, 29, 16, 53, 37, 203000),)",2a3c600d
408641375,-778312851,3351,1:40:51.270000,"(datetime.datetime(2026, 9, 29, 16, 53, 37, 227000),)",2a3c600a
408639670,-778315974,3319,1:40:51.340000,"(datetime.datetime(2026, 9, 29, 16, 53, 37, 298000),)",2a3c600d
408641452,-778312724,3351,1:40:51.430000,"(datetime.datetime(2026, 9, 29, 16, 53, 37, 382000),)",2a3c600a
408639733,-778315861,3319,1:40:51.450000,"(datetime.datetime(2026, 9, 29, 16, 53, 37, 408000),)",2a3c600d
408641524,-778312599,3351,1:40:51.500000,"(datetime.datetime(2026, 9, 29, 16, 53, 37, 455000),)",2a3c600a
408639797,-778315755,3319,1:40:51.560000,"(datetime.datetime(2026, 9, 29, 16, 53, 37, 517000),)",2a3c600d
408641598,-778312475,3351,1:40:51.620000,"(datetime.datetime(2026, 9, 29, 16, 53, 37, 571000),)",2a3c600a
408639866,-778315650,3319,1:40:51.640000,"(datetime.datetime(2026, 9, 29, 16, 53, 37, 596000),)",2a3c600d
408641670,-778312349,3351,1:40:51.710000,"(datetime.datetime(2026, 9, 29, 16, 53, 37, 661000),)",2a3c600a
408639925,-778315537,3319,1:40:51.730000,"(datetime.datetime(2026, 9, 29, 16, 53, 37, 687000),)",2a3c600d
408641746,-778312223,3351,1:40:51.800000,"(datetime.datetime(2026, 9, 29, 16, 53, 37, 751000),)",2a3c600a
408639988,-778315423,3319,1:40:51.820000,"(datetime.datetime(2026, 9, 29, 16, 53, 37, 777000),)",2a3c600d
408641818,-778312098,3351,1:40:51.890000,"(datetime.datetime(2026, 9, 29, 16, 53, 37, 841000),)",2a3c600a
408640056,-778315313,3319,1:40:51.910000,"(datetime.datetime(2026, 9, 29, 16, 53, 37, 867000),)",2a3c600d
408641818,-778312098,3351,1:40:51.980000,"(datetime.datetime(2026, 9, 29, 16, 53, 37, 933000),)",2a3c600a
408640125,-778315200,3319,1:40:52,"(datetime.datetime(2026, 9, 29, 16, 53, 37, 958000),)",2a3c600d
408641969,-778311842,3351,1:40:52.070000,"(datetime.datetime(2026, 9, 29, 16, 53, 38, 23000),)",2a3c600a
408640191,-778315086,3319,1:40:52.090000,"(datetime.datetime(2026, 9, 29, 16, 53, 38, 47000),)",2a3c600d
408642046,-778311713,3351,1:40:52.160000,"(datetime.datetime(2026, 9, 29, 16, 53, 38, 114000),)",2a3c600a
408640258,-778314969,3319,1:40:52.240000,"(datetime.datetime(2026, 9, 29, 16, 53, 38, 194000),)",2a3c600d
408642046,-778311713,3351,1:40:52.260000,"(datetime.datetime(2026, 9, 29, 16, 53, 38, 218000),)",2a3c600a
408640329,-778314862,3317,1:40:52.310000,"(datetime.datetime(2026, 9, 29, 16, 53, 38, 265000),)",2a3c600d
408642120,-778311599,3351,1:40:52.390000,"(datetime.datetime(2026, 9, 29, 16, 53, 38, 342000),)",2a3c600a
408640404,-778314741,3317,1:40:52.410000,"(datetime.datetime(2026, 9, 29, 16, 53, 38, 367000),)",2a3c600d
408642204,-778311470,3351,1:40:52.460000,"(datetime.datetime(2026, 9, 29, 16, 53, 38, 416000),)",2a3c600a
408640468,-778314622,3317,1:40:52.520000,"(datetime.datetime(2026, 9, 29, 16, 53, 38, 472000),)",2a3c600d
408642283,-778311341,3352,1:40:52.540000,"(datetime.datetime(2026, 9, 29, 16, 53, 38, 497000),)",2a3c600a
408640538,-778314502,3317,1:40:52.610000,"(datetime.datetime(2026, 9, 29, 16, 53, 38, 561000),)",2a3c600d
408642359,-778311211,3351,1:40:52.630000,"(datetime.datetime(2026, 9, 29, 16, 53, 38, 586000),)",2a3c600a
408640609,-778314379,3317,1:40:52.690000,"(datetime.datetime(2026, 9, 29, 16, 53, 38, 645000),)",2a3c600d
408642442,-778311081,3351,1:40:52.710000,"(datetime.datetime(2026, 9, 29, 16, 53, 38, 670000),)",2a3c600a
408640681,-778314261,3317,1:40:52.790000,"(datetime.datetime(2026, 9, 29, 16, 53, 38, 740000),)",2a3c600d
408642521,-778310952,3352,1:40:52.870000,"(datetime.datetime(2026, 9, 29, 16, 53, 38, 823000),)",2a3c600a
408640753,-778314140,3317,1:40:52.900000,"(datetime.datetime(2026, 9, 29, 16, 53, 38, 859000),)",2a3c600d
408642690,-778310688,3352,1:40:52.930000,"(datetime.datetime(2026, 9, 29, 16, 53, 38, 889000),)",2a3c600a
408640823,-778314014,3317,1:40:53,"(datetime.datetime(2026, 9, 29, 16, 53, 38, 951000),)",2a3c600d
408642690,-778310688,3352,1:40:53.050000,"(datetime.datetime(2026, 9, 29, 16, 53, 39, 9000),)",2a3c600a
408640894,-778313893,3317,1:40:53.080000,"(datetime.datetime(2026, 9, 29, 16, 53, 39, 34000),)",2a3c600d
408642770,-778310553,3352,1:40:53.140000,"(datetime.datetime(2026, 9, 29, 16, 53, 39, 99000),)",2a3c600a
408640968,-778313767,3317,1:40:53.170000,"(datetime.datetime(2026, 9, 29, 16, 53, 39, 128000),)",2a3c600d
408642849,-778310423,3351,1:40:53.240000,"(datetime.datetime(2026, 9, 29, 16, 53, 39, 190000),)",2a3c600a
408641049,-778313643,3317,1:40:53.290000,"(datetime.datetime(2026, 9, 29, 16, 53, 39, 244000),)",2a3c600d
408642934,-778310305,3350,1:40:53.310000,"(datetime.datetime(2026, 9, 29, 16, 53, 39, 270000),)",2a3c600a
408641122,-778313508,3317,1:40:53.380000,"(datetime.datetime(2026, 9, 29, 16, 53, 39, 332000),)",2a3c600d
408643018,-778310173,3350,1:40:53.400000,"(datetime.datetime(2026, 9, 29, 16, 53, 39, 357000),)",2a3c600a
408641195,-778313380,3317,1:40:53.470000,"(datetime.datetime(2026, 9, 29, 16, 53, 39, 421000),)",2a3c600d
408643194,-778309917,3350,1:40:53.490000,"(datetime.datetime(2026, 9, 29, 16, 53, 39, 446000),)",2a3c600a
408641272,-778313255,3317,1:40:53.560000,"(datetime.datetime(2026, 9, 29, 16, 53, 39, 510000),)",2a3c600d
408643278,-778309791,3349,1:40:53.630000,"(datetime.datetime(2026, 9, 29, 16, 53, 39, 588000),)",2a3c600a
408641346,-778313124,3317,1:40:53.660000,"(datetime.datetime(2026, 9, 29, 16, 53, 39, 618000),)",2a3c600d
408643366,-778309662,3349,1:40:53.700000,"(datetime.datetime(2026, 9, 29, 16, 53, 39, 660000),)",2a3c600a
408641418,-778312994,3317,1:40:53.730000,"(datetime.datetime(2026, 9, 29, 16, 53, 39, 687000),)",2a3c600d
408643451,-778309536,3349,1:40:53.800000,"(datetime.datetime(2026, 9, 29, 16, 53, 39, 754000),)",2a3c600a
408641493,-778312861,3317,1:40:53.860000,"(datetime.datetime(2026, 9, 29, 16, 53, 39, 812000),)",2a3c600d
408641571,-778312732,3317,1:40:53.910000,"(datetime.datetime(2026, 9, 29, 16, 53, 39, 867000),)",2a3c600d
408643544,-778309410,3350,1:40:53.940000,"(datetime.datetime(2026, 9, 29, 16, 53, 39, 892000),)",2a3c600a
408641645,-778312597,3317,1:40:54,"(datetime.datetime(2026, 9, 29, 16, 53, 39, 958000),)",2a3c600d
408643635,-778309283,3350,1:40:54.030000,"(datetime.datetime(2026, 9, 29, 16, 53, 39, 983000),)",2a3c600a
408641720,-778312463,3316,1:40:54.090000,"(datetime.datetime(2026, 9, 29, 16, 53, 40, 44000),)",2a3c600d
408643727,-778309159,3350,1:40:54.110000,"(datetime.datetime(2026, 9, 29, 16, 53, 40, 68000),)",2a3c600a
408641792,-778312324,3317,1:40:54.190000,"(datetime.datetime(2026, 9, 29, 16, 53, 40, 141000),)",2a3c600d
408643814,-778309031,3352,1:40:54.240000,"(datetime.datetime(2026, 9, 29, 16, 53, 40, 191000),)",2a3c600a
408641869,-778312188,3317,1:40:54.260000,"(datetime.datetime(2026, 9, 29, 16, 53, 40, 215000),)",2a3c600d
408643911,-778308909,3352,1:40:54.330000,"(datetime.datetime(2026, 9, 29, 16, 53, 40, 282000),)",2a3c600a
408641947,-778312053,3317,1:40:54.350000,"(datetime.datetime(2026, 9, 29, 16, 53, 40, 306000),)",2a3c600d
408644009,-778308782,3352,1:40:54.420000,"(datetime.datetime(2026, 9, 29, 16, 53, 40, 374000),)",2a3c600a
408642020,-778311914,3317,1:40:54.480000,"(datetime.datetime(2026, 9, 29, 16, 53, 40, 437000),)",2a3c600d
408644103,-778308655,3352,1:40:54.540000,"(datetime.datetime(2026, 9, 29, 16, 53, 40, 498000),)",2a3c600a
408642100,-778311776,3317,1:40:54.600000,"(datetime.datetime(2026, 9, 29, 16, 53, 40, 555000),)",2a3c600d
408644195,-778308534,3352,1:40:54.630000,"(datetime.datetime(2026, 9, 29, 16, 53, 40, 588000),)",2a3c600a
408642180,-778311645,3317,1:40:54.700000,"(datetime.datetime(2026, 9, 29, 16, 53, 40, 656000),)",2a3c600d
408644292,-778308410,3353,1:40:54.780000,"(datetime.datetime(2026, 9, 29, 16, 53, 40, 737000),)",2a3c600a
408642259,-778311504,3317,1:40:54.820000,"(datetime.datetime(2026, 9, 29, 16, 53, 40, 776000),)",2a3c600d
408644387,-778308292,3353,1:40:54.840000,"(datetime.datetime(2026, 9, 29, 16, 53, 40, 800000),)",2a3c600a
408642342,-778311368,3317,1:40:54.920000,"(datetime.datetime(2026, 9, 29, 16, 53, 40, 874000),)",2a3c600d
408644486,-778308171,3353,1:40:54.980000,"(datetime.datetime(2026, 9, 29, 16, 53, 40, 933000),)",2a3c600a
408644581,-778308054,3353,1:40:55.050000,"(datetime.datetime(2026, 9, 29, 16, 53, 41, 1000),)",2a3c600a
408642417,-778311225,3318,1:40:55.110000,"(datetime.datetime(2026, 9, 29, 16, 53, 41, 61000),)",2a3c600d
408642498,-778311087,3317,1:40:55.160000,"(datetime.datetime(2026, 9, 29, 16, 53, 41, 118000),)",2a3c600d
408644680,-778307939,3352,1:40:55.230000,"(datetime.datetime(2026, 9, 29, 16, 53, 41, 188000),)",2a3c600a
408642576,-778310947,3317,1:40:55.260000,"(datetime.datetime(2026, 9, 29, 16, 53, 41, 214000),)",2a3c600d
408644777,-778307825,3351,1:40:55.330000,"(datetime.datetime(2026, 9, 29, 16, 53, 41, 281000),)",2a3c600a
408642667,-778310811,3317,1:40:55.390000,"(datetime.datetime(2026, 9, 29, 16, 53, 41, 343000),)",2a3c600d
408644879,-778307709,3351,1:40:55.410000,"(datetime.datetime(2026, 9, 29, 16, 53, 41, 367000),)",2a3c600a
408642751,-778310673,3317,1:40:55.480000,"(datetime.datetime(2026, 9, 29, 16, 53, 41, 433000),)",2a3c600d
408644979,-778307604,3351,1:40:55.500000,"(datetime.datetime(2026, 9, 29, 16, 53, 41, 458000),)",2a3c600a
408645083,-778307489,3351,1:40:55.570000,"(datetime.datetime(2026, 9, 29, 16, 53, 41, 522000),)",2a3c600a
408642833,-778310536,3317,1:40:55.590000,"(datetime.datetime(2026, 9, 29, 16, 53, 41, 549000),)",2a3c600d
408645186,-778307383,3351,1:40:55.660000,"(datetime.datetime(2026, 9, 29, 16, 53, 41, 612000),)",2a3c600a
408642916,-778310396,3317,1:40:55.680000,"(datetime.datetime(2026, 9, 29, 16, 53, 41, 636000),)",2a3c600d
408645294,-778307275,3351,1:40:55.750000,"(datetime.datetime(2026, 9, 29, 16, 53, 41, 707000),)",2a3c600a
408643003,-778310256,3318,1:40:55.840000,"(datetime.datetime(2026, 9, 29, 16, 53, 41, 794000),)",2a3c600d
408643088,-778310118,3318,1:40:55.860000,"(datetime.datetime(2026, 9, 29, 16, 53, 41, 820000),)",2a3c600d
408645397,-778307165,3351,1:40:55.920000,"(datetime.datetime(2026, 9, 29, 16, 53, 41, 871000),)",2a3c600a
408645505,-778307064,3351,1:40:55.940000,"(datetime.datetime(2026, 9, 29, 16, 53, 41, 900000),)",2a3c600a
408643171,-778309975,3318,1:40:56.020000,"(datetime.datetime(2026, 9, 29, 16, 53, 41, 972000),)",2a3c600d
408645612,-778306969,3351,1:40:56.050000,"(datetime.datetime(2026, 9, 29, 16, 53, 42, 8000),)",2a3c600a
408643261,-778309844,3318,1:40:56.110000,"(datetime.datetime(2026, 9, 29, 16, 53, 42, 63000),)",2a3c600d
408645718,-778306867,3351,1:40:56.140000,"(datetime.datetime(2026, 9, 29, 16, 53, 42, 92000),)",2a3c600a
408643354,-778309707,3318,1:40:56.200000,"(datetime.datetime(2026, 9, 29, 16, 53, 42, 152000),)",2a3c600d
408645828,-778306764,3352,1:40:56.220000,"(datetime.datetime(2026, 9, 29, 16, 53, 42, 177000),)",2a3c600a
408643444,-778309584,3317,1:40:56.290000,"(datetime.datetime(2026, 9, 29, 16, 53, 42, 243000),)",2a3c600d
408645939,-778306671,3352,1:40:56.310000,"(datetime.datetime(2026, 9, 29, 16, 53, 42, 268000),)",2a3c600a
408643538,-778309452,3317,1:40:56.380000,"(datetime.datetime(2026, 9, 29, 16, 53, 42, 336000),)",2a3c600d
408646051,-778306581,3352,1:40:56.410000,"(datetime.datetime(2026, 9, 29, 16, 53, 42, 364000),)",2a3c600a
408643627,-778309317,3317,1:40:56.470000,"(datetime.datetime(2026, 9, 29, 16, 53, 42, 422000),)",2a3c600d
408646159,-778306490,3351,1:40:56.490000,"(datetime.datetime(2026, 9, 29, 16, 53, 42, 448000),)",2a3c600a
408643722,-778309188,3317,1:40:56.560000,"(datetime.datetime(2026, 9, 29, 16, 53, 42, 515000),)",2a3c600d
408646267,-778306397,3351,1:40:56.580000,"(datetime.datetime(2026, 9, 29, 16, 53, 42, 540000),)",2a3c600a
408643814,-778309055,3317,1:40:56.650000,"(datetime.datetime(2026, 9, 29, 16, 53, 42, 605000),)",2a3c600d
408646377,-778306311,3352,1:40:56.680000,"(datetime.datetime(2026, 9, 29, 16, 53, 42, 631000),)",2a3c600a
408643911,-778308929,3317,1:40:56.750000,"(datetime.datetime(2026, 9, 29, 16, 53, 42, 706000),)",2a3c600d
408646487,-778306228,3352,1:40:56.810000,"(datetime.datetime(2026, 9, 29, 16, 53, 42, 761000),)",2a3c600a
408644006,-778308798,3317,1:40:56.840000,"(datetime.datetime(2026, 9, 29, 16, 53, 42, 791000),)",2a3c600d
408646601,-778306145,3351,1:40:56.890000,"(datetime.datetime(2026, 9, 29, 16, 53, 42, 847000),)",2a3c600a
408644103,-778308670,3317,1:40:56.920000,"(datetime.datetime(2026, 9, 29, 16, 53, 42, 878000),)",2a3c600d
408646716,-778306069,3352,1:40:57.020000,"(datetime.datetime(2026, 9, 29, 16, 53, 42, 972000),)",2a3c600a
408644201,-778308545,3316,1:40:57.050000,"(datetime.datetime(2026, 9, 29, 16, 53, 43, 1000),)",2a3c600d
408646716,-778306069,3352,1:40:57.070000,"(datetime.datetime(2026, 9, 29, 16, 53, 43, 25000),)",2a3c600a
408644300,-778308422,3317,1:40:57.140000,"(datetime.datetime(2026, 9, 29, 16, 53, 43, 92000),)",2a3c600d
408646828,-778305988,3352,1:40:57.170000,"(datetime.datetime(2026, 9, 29, 16, 53, 43, 123000),)",2a3c600a
408644399,-778308303,3316,1:40:57.230000,"(datetime.datetime(2026, 9, 29, 16, 53, 43, 181000),)",2a3c600d
408646929,-778305912,3352,1:40:57.250000,"(datetime.datetime(2026, 9, 29, 16, 53, 43, 205000),)",2a3c600a
408644502,-778308182,3317,1:40:57.320000,"(datetime.datetime(2026, 9, 29, 16, 53, 43, 273000),)",2a3c600d
408647048,-778305846,3352,1:40:57.340000,"(datetime.datetime(2026, 9, 29, 16, 53, 43, 299000),)",2a3c600a
408644605,-778308065,3316,1:40:57.410000,"(datetime.datetime(2026, 9, 29, 16, 53, 43, 365000),)",2a3c600d
408647160,-778305777,3352,1:40:57.440000,"(datetime.datetime(2026, 9, 29, 16, 53, 43, 390000),)",2a3c600a
408644705,-778307943,3317,1:40:57.500000,"(datetime.datetime(2026, 9, 29, 16, 53, 43, 455000),)",2a3c600d
408647276,-778305707,3352,1:40:57.530000,"(datetime.datetime(2026, 9, 29, 16, 53, 43, 480000),)",2a3c600a
408644812,-778307828,3317,1:40:57.600000,"(datetime.datetime(2026, 9, 29, 16, 53, 43, 551000),)",2a3c600d
408647390,-778305642,3352,1:40:57.650000,"(datetime.datetime(2026, 9, 29, 16, 53, 43, 608000),)",2a3c600a
408644916,-778307710,3317,1:40:57.710000,"(datetime.datetime(2026, 9, 29, 16, 53, 43, 669000),)",2a3c600d
408647508,-778305579,3353,1:40:57.790000,"(datetime.datetime(2026, 9, 29, 16, 53, 43, 742000),)",2a3c600a
408645025,-778307599,3317,1:40:57.870000,"(datetime.datetime(2026, 9, 29, 16, 53, 43, 823000),)",2a3c600d
408647622,-778305517,3353,1:40:58.080000,"(datetime.datetime(2026, 9, 29, 16, 53, 44, 35000),)",2a3c600a
408645133,-778307487,3317,1:40:58.320000,"(datetime.datetime(2026, 9, 29, 16, 53, 44, 274000),)",2a3c600d
408647740,-778305459,3352,1:40:58.400000,"(datetime.datetime(2026, 9, 29, 16, 53, 44, 353000),)",2a3c600a
408645242,-778307378,3317,1:40:58.480000,"(datetime.datetime(2026, 9, 29, 16, 53, 44, 440000),)",2a3c600d
408647971,-778305352,3353,1:40:58.580000,"(datetime.datetime(2026, 9, 29, 16, 53, 44, 540000),)",2a3c600a
408645354,-778307271,3317,1:40:58.860000,"(datetime.datetime(2026, 9, 29, 16, 53, 44, 813000),)",2a3c600d
408648089,-778305285,3354,1:40:58.940000,"(datetime.datetime(2026, 9, 29, 16, 53, 44, 896000),)",2a3c600a
408645452,-778307150,3316,1:40:59.110000,"(datetime.datetime(2026, 9, 29, 16, 53, 45, 62000),)",2a3c600d
408648089,-778305285,3354,1:40:59.270000,"(datetime.datetime(2026, 9, 29, 16, 53, 45, 223000),)",2a3c600a
408645564,-778307047,3316,1:40:59.470000,"(datetime.datetime(2026, 9, 29, 16, 53, 45, 428000),)",2a3c600d
408648323,-778305201,3354,1:40:59.640000,"(datetime.datetime(2026, 9, 29, 16, 53, 45, 600000),)",2a3c600a
408645675,-778306944,3315,1:40:59.710000,"(datetime.datetime(2026, 9, 29, 16, 53, 45, 666000),)",2a3c600d
408648323,-778305201,3354,1:40:59.880000,"(datetime.datetime(2026, 9, 29, 16, 53, 45, 830000),)",2a3c600a
408648442,-778305161,3354,1:40:59.930000,"(datetime.datetime(2026, 9, 29, 16, 53, 45, 887000),)",2a3c600a
408645796,-778306845,3316,1:41:00.020000,"(datetime.datetime(2026, 9, 29, 16, 53, 45, 978000),)",2a3c600d
408645909,-778306744,3316,1:41:00.200000,"(datetime.datetime(2026, 9, 29, 16, 53, 46, 157000),)",2a3c600d
408648559,-778305125,3355,1:41:00.370000,"(datetime.datetime(2026, 9, 29, 16, 53, 46, 329000),)",2a3c600a
408646025,-778306649,3316,1:41:00.420000,"(datetime.datetime(2026, 9, 29, 16, 53, 46, 376000),)",2a3c600d
408648677,-778305089,3355,1:41:00.500000,"(datetime.datetime(2026, 9, 29, 16, 53, 46, 455000),)",2a3c600a
408648795,-778305056,3356,1:41:00.660000,"(datetime.datetime(2026, 9, 29, 16, 53, 46, 620000),)",2a3c600a
408646139,-778306553,3316,1:41:00.760000,"(datetime.datetime(2026, 9, 29, 16, 53, 46, 717000),)",2a3c600d
408646252,-778306456,3316,1:41:00.830000,"(datetime.datetime(2026, 9, 29, 16, 53, 46, 788000),)",2a3c600d
408648910,-778305026,3356,1:41:00.920000,"(datetime.datetime(2026, 9, 29, 16, 53, 46, 878000),)",2a3c600a
408649148,-778304973,3357,1:41:01.020000,"(datetime.datetime(2026, 9, 29, 16, 53, 46, 978000),)",2a3c600a
408646370,-778306366,3315,1:41:01.060000,"(datetime.datetime(2026, 9, 29, 16, 53, 47, 15000),)",2a3c600d
408646489,-778306279,3316,1:41:01.090000,"(datetime.datetime(2026, 9, 29, 16, 53, 47, 41000),)",2a3c600d
408649274,-778304944,3356,1:41:01.160000,"(datetime.datetime(2026, 9, 29, 16, 53, 47, 112000),)",2a3c600a
408649393,-778304931,3357,1:41:01.250000,"(datetime.datetime(2026, 9, 29, 16, 53, 47, 204000),)",2a3c600a
408646603,-778306191,3319,1:41:01.280000,"(datetime.datetime(2026, 9, 29, 16, 53, 47, 237000),)",2a3c600d
408649393,-778304931,3357,1:41:01.310000,"(datetime.datetime(2026, 9, 29, 16, 53, 47, 263000),)",2a3c600a
408646727,-778306110,3319,1:41:01.370000,"(datetime.datetime(2026, 9, 29, 16, 53, 47, 326000),)",2a3c600d
408649509,-778304910,3357,1:41:01.400000,"(datetime.datetime(2026, 9, 29, 16, 53, 47, 351000),)",2a3c600a
408646847,-778306033,3319,1:41:01.460000,"(datetime.datetime(2026, 9, 29, 16, 53, 47, 418000),)",2a3c600d
408649628,-778304896,3357,1:41:01.550000,"(datetime.datetime(2026, 9, 29, 16, 53, 47, 501000),)",2a3c600a
408646967,-778305956,3319,1:41:01.580000,"(datetime.datetime(2026, 9, 29, 16, 53, 47, 535000),)",2a3c600d
408647088,-778305882,3319,1:41:01.610000,"(datetime.datetime(2026, 9, 29, 16, 53, 47, 564000),)",2a3c600d
408649745,-778304883,3357,1:41:01.630000,"(datetime.datetime(2026, 9, 29, 16, 53, 47, 589000),)",2a3c600a
408647210,-778305810,3320,1:41:01.710000,"(datetime.datetime(2026, 9, 29, 16, 53, 47, 662000),)",2a3c600d
408649860,-778304873,3358,1:41:01.730000,"(datetime.datetime(2026, 9, 29, 16, 53, 47, 690000),)",2a3c600a
408647334,-778305738,3319,1:41:01.800000,"(datetime.datetime(2026, 9, 29, 16, 53, 47, 756000),)",2a3c600d
408649978,-778304865,3358,1:41:01.830000,"(datetime.datetime(2026, 9, 29, 16, 53, 47, 781000),)",2a3c600a
408647458,-778305669,3320,1:41:01.890000,"(datetime.datetime(2026, 9, 29, 16, 53, 47, 848000),)",2a3c600d
408650094,-778304856,3358,1:41:01.920000,"(datetime.datetime(2026, 9, 29, 16, 53, 47, 875000),)",2a3c600a
408647584,-778305609,3320,1:41:02.010000,"(datetime.datetime(2026, 9, 29, 16, 53, 47, 970000),)",2a3c600d
408650210,-778304853,3358,1:41:02.050000,"(datetime.datetime(2026, 9, 29, 16, 53, 48, 1000),)",2a3c600a
408647707,-778305546,3320,1:41:02.070000,"(datetime.datetime(2026, 9, 29, 16, 53, 48, 26000),)",2a3c600d
408650326,-778304850,3359,1:41:02.130000,"(datetime.datetime(2026, 9, 29, 16, 53, 48, 87000),)",2a3c600a
408647813,-778305464,3321,1:41:02.160000,"(datetime.datetime(2026, 9, 29, 16, 53, 48, 112000),)",2a3c600d
408650439,-778304843,3358,1:41:02.240000,"(datetime.datetime(2026, 9, 29, 16, 53, 48, 191000),)",2a3c600a
408647941,-778305420,3321,1:41:02.260000,"(datetime.datetime(2026, 9, 29, 16, 53, 48, 218000),)",2a3c600d
408650554,-778304851,3357,1:41:02.330000,"(datetime.datetime(2026, 9, 29, 16, 53, 48, 281000),)",2a3c600a
408648067,-778305372,3321,1:41:02.350000,"(datetime.datetime(2026, 9, 29, 16, 53, 48, 307000),)",2a3c600d
408650664,-778304856,3358,1:41:02.420000,"(datetime.datetime(2026, 9, 29, 16, 53, 48, 373000),)",2a3c600a
408648193,-778305324,3322,1:41:02.450000,"(datetime.datetime(2026, 9, 29, 16, 53, 48, 401000),)",2a3c600d
408650781,-778304862,3358,1:41:02.510000,"(datetime.datetime(2026, 9, 29, 16, 53, 48, 465000),)",2a3c600a
408648318,-778305285,3322,1:41:02.540000,"(datetime.datetime(2026, 9, 29, 16, 53, 48, 491000),)",2a3c600d
408650893,-778304865,3359,1:41:02.600000,"(datetime.datetime(2026, 9, 29, 16, 53, 48, 554000),)",2a3c600a
408648446,-778305240,3322,1:41:02.620000,"(datetime.datetime(2026, 9, 29, 16, 53, 48, 579000),)",2a3c600d
408651004,-778304874,3358,1:41:02.690000,"(datetime.datetime(2026, 9, 29, 16, 53, 48, 643000),)",2a3c600a
408648573,-778305207,3322,1:41:02.710000,"(datetime.datetime(2026, 9, 29, 16, 53, 48, 668000),)",2a3c600d
408651119,-778304883,3358,1:41:02.780000,"(datetime.datetime(2026, 9, 29, 16, 53, 48, 732000),)",2a3c600a
408648702,-778305167,3322,1:41:02.840000,"(datetime.datetime(2026, 9, 29, 16, 53, 48, 799000),)",2a3c600d
408651232,-778304899,3358,1:41:02.870000,"(datetime.datetime(2026, 9, 29, 16, 53, 48, 824000),)",2a3c600a
408648826,-778305137,3323,1:41:02.930000,"(datetime.datetime(2026, 9, 29, 16, 53, 48, 888000),)",2a3c600d
408651340,-778304916,3359,1:41:02.960000,"(datetime.datetime(2026, 9, 29, 16, 53, 48, 917000),)",2a3c600a
408648953,-778305108,3322,1:41:03.030000,"(datetime.datetime(2026, 9, 29, 16, 53, 48, 985000),)",2a3c600d
408651452,-778304929,3359,1:41:03.090000,"(datetime.datetime(2026, 9, 29, 16, 53, 49, 41000),)",2a3c600a
408649085,-778305063,3321,1:41:03.110000,"(datetime.datetime(2026, 9, 29, 16, 53, 49, 67000),)",2a3c600d
408651570,-778304939,3357,1:41:03.170000,"(datetime.datetime(2026, 9, 29, 16, 53, 49, 127000),)",2a3c600a
408649212,-778305044,3321,1:41:03.200000,"(datetime.datetime(2026, 9, 29, 16, 53, 49, 153000),)",2a3c600d
408651679,-778304966,3357,1:41:03.260000,"(datetime.datetime(2026, 9, 29, 16, 53, 49, 218000),)",2a3c600a
408649339,-778305022,3322,1:41:03.290000,"(datetime.datetime(2026, 9, 29, 16, 53, 49, 243000),)",2a3c600d
408651787,-778304988,3358,1:41:03.350000,"(datetime.datetime(2026, 9, 29, 16, 53, 49, 304000),)",2a3c600a
408649465,-778305000,3322,1:41:03.380000,"(datetime.datetime(2026, 9, 29, 16, 53, 49, 332000),)",2a3c600d
408651896,-778305011,3358,1:41:03.440000,"(datetime.datetime(2026, 9, 29, 16, 53, 49, 399000),)",2a3c600a
408649589,-778304982,3322,1:41:03.470000,"(datetime.datetime(2026, 9, 29, 16, 53, 49, 424000),)",2a3c600d
408652005,-778305038,3358,1:41:03.530000,"(datetime.datetime(2026, 9, 29, 16, 53, 49, 488000),)",2a3c600a
408649718,-778304963,3322,1:41:03.570000,"(datetime.datetime(2026, 9, 29, 16, 53, 49, 525000),)",2a3c600d
408652111,-778305066,3357,1:41:03.630000,"(datetime.datetime(2026, 9, 29, 16, 53, 49, 581000),)",2a3c600a
408649842,-778304953,3322,1:41:03.650000,"(datetime.datetime(2026, 9, 29, 16, 53, 49, 606000),)",2a3c600d
408652217,-778305095,3358,1:41:03.720000,"(datetime.datetime(2026, 9, 29, 16, 53, 49, 672000),)",2a3c600a
408649965,-778304942,3323,1:41:03.740000,"(datetime.datetime(2026, 9, 29, 16, 53, 49, 697000),)",2a3c600d
408652324,-778305126,3357,1:41:03.820000,"(datetime.datetime(2026, 9, 29, 16, 53, 49, 773000),)",2a3c600a
408650091,-778304935,3322,1:41:03.880000,"(datetime.datetime(2026, 9, 29, 16, 53, 49, 834000),)",2a3c600d
408652430,-778305161,3357,1:41:03.900000,"(datetime.datetime(2026, 9, 29, 16, 53, 49, 858000),)",2a3c600a
408650216,-778304930,3323,1:41:03.960000,"(datetime.datetime(2026, 9, 29, 16, 53, 49, 920000),)",2a3c600d
408652533,-778305193,3358,1:41:04.010000,"(datetime.datetime(2026, 9, 29, 16, 53, 49, 969000),)",2a3c600a
408650324,-778304895,3326,1:41:04.050000,"(datetime.datetime(2026, 9, 29, 16, 53, 50, 7000),)",2a3c600d
408652637,-778305227,3358,1:41:04.090000,"(datetime.datetime(2026, 9, 29, 16, 53, 50, 41000),)",2a3c600a
408652739,-778305272,3358,1:41:04.150000,"(datetime.datetime(2026, 9, 29, 16, 53, 50, 107000),)",2a3c600a
408650571,-778304906,3326,1:41:04.210000,"(datetime.datetime(2026, 9, 29, 16, 53, 50, 168000),)",2a3c600d
408652842,-778305310,3358,1:41:04.270000,"(datetime.datetime(2026, 9, 29, 16, 53, 50, 225000),)",2a3c600a
408650694,-778304910,3326,1:41:04.350000,"(datetime.datetime(2026, 9, 29, 16, 53, 50, 305000),)",2a3c600d
408652944,-778305351,3358,1:41:04.370000,"(datetime.datetime(2026, 9, 29, 16, 53, 50, 330000),)",2a3c600a
408650816,-778304916,3326,1:41:04.420000,"(datetime.datetime(2026, 9, 29, 16, 53, 50, 377000),)",2a3c600d
408653044,-778305390,3359,1:41:04.450000,"(datetime.datetime(2026, 9, 29, 16, 53, 50, 402000),)",2a3c600a
408650940,-778304927,3326,1:41:04.510000,"(datetime.datetime(2026, 9, 29, 16, 53, 50, 469000),)",2a3c600d
408653143,-778305435,3359,1:41:04.540000,"(datetime.datetime(2026, 9, 29, 16, 53, 50, 494000),)",2a3c600a
408651061,-778304938,3327,1:41:04.610000,"(datetime.datetime(2026, 9, 29, 16, 53, 50, 561000),)",2a3c600d
408653244,-778305481,3359,1:41:04.640000,"(datetime.datetime(2026, 9, 29, 16, 53, 50, 590000),)",2a3c600a
408651061,-778304938,3327,1:41:04.710000,"(datetime.datetime(2026, 9, 29, 16, 53, 50, 660000),)",2a3c600d
408653342,-778305526,3359,1:41:04.760000,"(datetime.datetime(2026, 9, 29, 16, 53, 50, 716000),)",2a3c600a
408651180,-778304953,3327,1:41:04.790000,"(datetime.datetime(2026, 9, 29, 16, 53, 50, 743000),)",2a3c600d
408653440,-778305572,3359,1:41:04.860000,"(datetime.datetime(2026, 9, 29, 16, 53, 50, 810000),)",2a3c600a
408651299,-778304970,3327,1:41:04.910000,"(datetime.datetime(2026, 9, 29, 16, 53, 50, 866000),)",2a3c600d
408653538,-778305624,3359,1:41:04.940000,"(datetime.datetime(2026, 9, 29, 16, 53, 50, 892000),)",2a3c600a
408651419,-778304991,3327,1:41:05.010000,"(datetime.datetime(2026, 9, 29, 16, 53, 50, 970000),)",2a3c600d
408653636,-778305676,3359,1:41:05.070000,"(datetime.datetime(2026, 9, 29, 16, 53, 51, 24000),)",2a3c600a
408651541,-778304999,3328,1:41:05.090000,"(datetime.datetime(2026, 9, 29, 16, 53, 51, 50000),)",2a3c600d
408653728,-778305736,3359,1:41:05.170000,"(datetime.datetime(2026, 9, 29, 16, 53, 51, 122000),)",2a3c600a
408651661,-778305027,3328,1:41:05.240000,"(datetime.datetime(2026, 9, 29, 16, 53, 51, 191000),)",2a3c600d
408653821,-778305788,3359,1:41:05.260000,"(datetime.datetime(2026, 9, 29, 16, 53, 51, 218000),)",2a3c600a
408651776,-778305053,3328,1:41:05.330000,"(datetime.datetime(2026, 9, 29, 16, 53, 51, 285000),)",2a3c600d
408653916,-778305846,3359,1:41:05.370000,"(datetime.datetime(2026, 9, 29, 16, 53, 51, 322000),)",2a3c600a
408651893,-778305083,3328,1:41:05.430000,"(datetime.datetime(2026, 9, 29, 16, 53, 51, 381000),)",2a3c600d
408654004,-778305903,3359,1:41:05.480000,"(datetime.datetime(2026, 9, 29, 16, 53, 51, 437000),)",2a3c600a
408652011,-778305110,3328,1:41:05.510000,"(datetime.datetime(2026, 9, 29, 16, 53, 51, 463000),)",2a3c600d
408654099,-778305960,3360,1:41:05.580000,"(datetime.datetime(2026, 9, 29, 16, 53, 51, 539000),)",2a3c600a
408652127,-778305141,3328,1:41:05.680000,"(datetime.datetime(2026, 9, 29, 16, 53, 51, 635000),)",2a3c600d
408654184,-778306021,3360,1:41:05.710000,"(datetime.datetime(2026, 9, 29, 16, 53, 51, 661000),)",2a3c600a
408652238,-778305175,3329,1:41:05.750000,"(datetime.datetime(2026, 9, 29, 16, 53, 51, 703000),)",2a3c600d
408654276,-778306080,3360,1:41:05.770000,"(datetime.datetime(2026, 9, 29, 16, 53, 51, 729000),)",2a3c600a
408652354,-778305211,3329,1:41:05.840000,"(datetime.datetime(2026, 9, 29, 16, 53, 51, 796000),)",2a3c600d
408654364,-778306144,3360,1:41:05.870000,"(datetime.datetime(2026, 9, 29, 16, 53, 51, 821000),)",2a3c600a
408652469,-778305248,3329,1:41:05.940000,"(datetime.datetime(2026, 9, 29, 16, 53, 51, 893000),)",2a3c600d
408654450,-778306208,3360,1:41:06.010000,"(datetime.datetime(2026, 9, 29, 16, 53, 51, 970000),)",2a3c600a
408652580,-778305286,3329,1:41:06.060000,"(datetime.datetime(2026, 9, 29, 16, 53, 52, 16000),)",2a3c600d
408654545,-778306270,3361,1:41:06.090000,"(datetime.datetime(2026, 9, 29, 16, 53, 52, 42000),)",2a3c600a
408652701,-778305303,3329,1:41:06.150000,"(datetime.datetime(2026, 9, 29, 16, 53, 52, 108000),)",2a3c600d
408654628,-778306343,3361,1:41:06.180000,"(datetime.datetime(2026, 9, 29, 16, 53, 52, 135000),)",2a3c600a
408652811,-778305350,3329,1:41:06.250000,"(datetime.datetime(2026, 9, 29, 16, 53, 52, 202000),)",2a3c600d
408654712,-778306408,3361,1:41:06.280000,"(datetime.datetime(2026, 9, 29, 16, 53, 52, 234000),)",2a3c600a
408652921,-778305391,3329,1:41:06.350000,"(datetime.datetime(2026, 9, 29, 16, 53, 52, 302000),)",2a3c600d
408654797,-778306477,3361,1:41:06.400000,"(datetime.datetime(2026, 9, 29, 16, 53, 52, 357000),)",2a3c600a
408653031,-778305438,3329,1:41:06.430000,"(datetime.datetime(2026, 9, 29, 16, 53, 52, 384000),)",2a3c600d
408654880,-778306546,3361,1:41:06.490000,"(datetime.datetime(2026, 9, 29, 16, 53, 52, 450000),)",2a3c600a
408653141,-778305483,3329,1:41:06.530000,"(datetime.datetime(2026, 9, 29, 16, 53, 52, 486000),)",2a3c600d
408654964,-778306617,3362,1:41:06.600000,"(datetime.datetime(2026, 9, 29, 16, 53, 52, 560000),)",2a3c600a
408653246,-778305533,3329,1:41:06.680000,"(datetime.datetime(2026, 9, 29, 16, 53, 52, 633000),)",2a3c600d
408655047,-778306689,3362,1:41:06.740000,"(datetime.datetime(2026, 9, 29, 16, 53, 52, 697000),)",2a3c600a
408653354,-778305583,3330,1:41:06.800000,"(datetime.datetime(2026, 9, 29, 16, 53, 52, 755000),)",2a3c600d
408655126,-778306760,3362,1:41:06.860000,"(datetime.datetime(2026, 9, 29, 16, 53, 52, 813000),)",2a3c600a
408653460,-778305636,3330,1:41:06.880000,"(datetime.datetime(2026, 9, 29, 16, 53, 52, 839000),)",2a3c600d
408655207,-778306835,3362,1:41:06.950000,"(datetime.datetime(2026, 9, 29, 16, 53, 52, 902000),)",2a3c600a
408653564,-778305691,3330,1:41:06.970000,"(datetime.datetime(2026, 9, 29, 16, 53, 52, 928000),)",2a3c600d
408655284,-778306911,3362,1:41:07.040000,"(datetime.datetime(2026, 9, 29, 16, 53, 52, 994000),)",2a3c600a
408653670,-778305748,3330,1:41:07.070000,"(datetime.datetime(2026, 9, 29, 16, 53, 53, 20000),)",2a3c600d
408655367,-778306996,3362,1:41:07.130000,"(datetime.datetime(2026, 9, 29, 16, 53, 53, 88000),)",2a3c600a
408653778,-778305786,3333,1:41:07.200000,"(datetime.datetime(2026, 9, 29, 16, 53, 53, 158000),)",2a3c600d
408655441,-778307078,3362,1:41:07.230000,"(datetime.datetime(2026, 9, 29, 16, 53, 53, 183000),)",2a3c600a
408653876,-778305849,3333,1:41:07.290000,"(datetime.datetime(2026, 9, 29, 16, 53, 53, 242000),)",2a3c600d
408655518,-778307158,3363,1:41:07.310000,"(datetime.datetime(2026, 9, 29, 16, 53, 53, 267000),)",2a3c600a
408653978,-778305913,3333,1:41:07.380000,"(datetime.datetime(2026, 9, 29, 16, 53, 53, 336000),)",2a3c600d
408655595,-778307238,3363,1:41:07.410000,"(datetime.datetime(2026, 9, 29, 16, 53, 53, 363000),)",2a3c600a
408654077,-778305975,3333,1:41:07.470000,"(datetime.datetime(2026, 9, 29, 16, 53, 53, 429000),)",2a3c600d
408655668,-778307316,3363,1:41:07.500000,"(datetime.datetime(2026, 9, 29, 16, 53, 53, 455000),)",2a3c600a
408654176,-778306041,3333,1:41:07.580000,"(datetime.datetime(2026, 9, 29, 16, 53, 53, 533000),)",2a3c600d
408655740,-778307398,3363,1:41:07.630000,"(datetime.datetime(2026, 9, 29, 16, 53, 53, 589000),)",2a3c600a
408654273,-778306107,3333,1:41:07.660000,"(datetime.datetime(2026, 9, 29, 16, 53, 53, 614000),)",2a3c600d
408655814,-778307482,3363,1:41:07.730000,"(datetime.datetime(2026, 9, 29, 16, 53, 53, 683000),)",2a3c600a
408654370,-778306173,3334,1:41:07.750000,"(datetime.datetime(2026, 9, 29, 16, 53, 53, 710000),)",2a3c600d
408655883,-778307561,3363,1:41:07.830000,"(datetime.datetime(2026, 9, 29, 16, 53, 53, 784000),)",2a3c600a
408654466,-778306243,3334,1:41:07.880000,"(datetime.datetime(2026, 9, 29, 16, 53, 53, 837000),)",2a3c600d
408655952,-778307645,3363,1:41:07.910000,"(datetime.datetime(2026, 9, 29, 16, 53, 53, 863000),)",2a3c600a
408654560,-778306315,3334,1:41:07.980000,"(datetime.datetime(2026, 9, 29, 16, 53, 53, 936000),)",2a3c600d
408656022,-778307729,3363,1:41:08.020000,"(datetime.datetime(2026, 9, 29, 16, 53, 53, 970000),)",2a3c600a
408654654,-778306386,3334,1:41:08.080000,"(datetime.datetime(2026, 9, 29, 16, 53, 54, 32000),)",2a3c600d
408656091,-778307816,3363,1:41:08.100000,"(datetime.datetime(2026, 9, 29, 16, 53, 54, 58000),)",2a3c600a
408654751,-778306449,3334,1:41:08.170000,"(datetime.datetime(2026, 9, 29, 16, 53, 54, 125000),)",2a3c600d
408656156,-778307909,3364,1:41:08.200000,"(datetime.datetime(2026, 9, 29, 16, 53, 54, 151000),)",2a3c600a
408654840,-778306528,3334,1:41:08.270000,"(datetime.datetime(2026, 9, 29, 16, 53, 54, 224000),)",2a3c600d
408656221,-778307995,3364,1:41:08.290000,"(datetime.datetime(2026, 9, 29, 16, 53, 54, 250000),)",2a3c600a
408654930,-778306603,3334,1:41:08.360000,"(datetime.datetime(2026, 9, 29, 16, 53, 54, 315000),)",2a3c600d
408656287,-778308080,3364,1:41:08.390000,"(datetime.datetime(2026, 9, 29, 16, 53, 54, 343000),)",2a3c600a
408655021,-778306682,3334,1:41:08.450000,"(datetime.datetime(2026, 9, 29, 16, 53, 54, 406000),)",2a3c600d
408656350,-778308172,3364,1:41:08.480000,"(datetime.datetime(2026, 9, 29, 16, 53, 54, 432000),)",2a3c600a
408655106,-778306759,3334,1:41:08.540000,"(datetime.datetime(2026, 9, 29, 16, 53, 54, 499000),)",2a3c600d
408656414,-778308256,3364,1:41:08.570000,"(datetime.datetime(2026, 9, 29, 16, 53, 54, 526000),)",2a3c600a
408655193,-778306843,3334,1:41:08.640000,"(datetime.datetime(2026, 9, 29, 16, 53, 54, 600000),)",2a3c600d
408656477,-778308347,3364,1:41:08.670000,"(datetime.datetime(2026, 9, 29, 16, 53, 54, 626000),)",2a3c600a
408655279,-778306922,3334,1:41:08.740000,"(datetime.datetime(2026, 9, 29, 16, 53, 54, 695000),)",2a3c600d
408656537,-778308435,3364,1:41:08.810000,"(datetime.datetime(2026, 9, 29, 16, 53, 54, 763000),)",2a3c600a
408655363,-778307006,3335,1:41:08.900000,"(datetime.datetime(2026, 9, 29, 16, 53, 54, 855000),)",2a3c600d
408656599,-778308526,3364,1:41:08.940000,"(datetime.datetime(2026, 9, 29, 16, 53, 54, 894000),)",2a3c600a
408655446,-778307091,3335,1:41:08.960000,"(datetime.datetime(2026, 9, 29, 16, 53, 54, 919000),)",2a3c600d
408656659,-778308617,3364,1:41:09.040000,"(datetime.datetime(2026, 9, 29, 16, 53, 54, 993000),)",2a3c600a
408655527,-778307176,3335,1:41:09.090000,"(datetime.datetime(2026, 9, 29, 16, 53, 55, 48000),)",2a3c600d
408656724,-778308712,3364,1:41:09.120000,"(datetime.datetime(2026, 9, 29, 16, 53, 55, 74000),)",2a3c600a
408655616,-778307252,3335,1:41:09.200000,"(datetime.datetime(2026, 9, 29, 16, 53, 55, 154000),)",2a3c600d
408656779,-778308808,3364,1:41:09.260000,"(datetime.datetime(2026, 9, 29, 16, 53, 55, 216000),)",2a3c600a
408655692,-778307342,3335,1:41:09.290000,"(datetime.datetime(2026, 9, 29, 16, 53, 55, 243000),)",2a3c600d
408656838,-778308896,3364,1:41:09.360000,"(datetime.datetime(2026, 9, 29, 16, 53, 55, 314000),)",2a3c600a
408655768,-778307430,3335,1:41:09.380000,"(datetime.datetime(2026, 9, 29, 16, 53, 55, 340000),)",2a3c600d
408656894,-778308991,3365,1:41:09.450000,"(datetime.datetime(2026, 9, 29, 16, 53, 55, 403000),)",2a3c600a
408655846,-778307519,3335,1:41:09.470000,"(datetime.datetime(2026, 9, 29, 16, 53, 55, 429000),)",2a3c600d
408656950,-778309082,3364,1:41:09.550000,"(datetime.datetime(2026, 9, 29, 16, 53, 55, 506000),)",2a3c600a
408655922,-778307606,3335,1:41:09.580000,"(datetime.datetime(2026, 9, 29, 16, 53, 55, 531000),)",2a3c600d
408657005,-778309176,3364,1:41:09.640000,"(datetime.datetime(2026, 9, 29, 16, 53, 55, 600000),)",2a3c600a
408655998,-778307695,3335,1:41:09.670000,"(datetime.datetime(2026, 9, 29, 16, 53, 55, 626000),)",2a3c600d
408657059,-778309270,3365,1:41:09.740000,"(datetime.datetime(2026, 9, 29, 16, 53, 55, 695000),)",2a3c600a
408656072,-778307784,3336,1:41:09.760000,"(datetime.datetime(2026, 9, 29, 16, 53, 55, 720000),)",2a3c600d
408657112,-778309365,3365,1:41:09.830000,"(datetime.datetime(2026, 9, 29, 16, 53, 55, 787000),)",2a3c600a
408656145,-778307874,3336,1:41:09.860000,"(datetime.datetime(2026, 9, 29, 16, 53, 55, 814000),)",2a3c600d
408657165,-778309458,3365,1:41:09.920000,"(datetime.datetime(2026, 9, 29, 16, 53, 55, 879000),)",2a3c600a
408656216,-778307965,3336,1:41:09.950000,"(datetime.datetime(2026, 9, 29, 16, 53, 55, 904000),)",2a3c600d
408657217,-778309554,3365,1:41:10.010000,"(datetime.datetime(2026, 9, 29, 16, 53, 55, 969000),)",2a3c600a
408656286,-778308057,3336,1:41:10.040000,"(datetime.datetime(2026, 9, 29, 16, 53, 55, 995000),)",2a3c600d
408657266,-778309654,3364,1:41:10.120000,"(datetime.datetime(2026, 9, 29, 16, 53, 56, 77000),)",2a3c600a
408656370,-778308138,3335,1:41:10.160000,"(datetime.datetime(2026, 9, 29, 16, 53, 56, 111000),)",2a3c600d
408657312,-778309750,3364,1:41:10.230000,"(datetime.datetime(2026, 9, 29, 16, 53, 56, 183000),)",2a3c600a
408656435,-778308232,3335,1:41:10.250000,"(datetime.datetime(2026, 9, 29, 16, 53, 56, 209000),)",2a3c600d
408657364,-778309845,3364,1:41:10.320000,"(datetime.datetime(2026, 9, 29, 16, 53, 56, 273000),)",2a3c600a
408656502,-778308326,3335,1:41:10.350000,"(datetime.datetime(2026, 9, 29, 16, 53, 56, 302000),)",2a3c600d
408657414,-778309938,3364,1:41:10.420000,"(datetime.datetime(2026, 9, 29, 16, 53, 56, 372000),)",2a3c600a
408656566,-778308417,3335,1:41:10.440000,"(datetime.datetime(2026, 9, 29, 16, 53, 56, 398000),)",2a3c600d
408657462,-778310033,3365,1:41:10.510000,"(datetime.datetime(2026, 9, 29, 16, 53, 56, 468000),)",2a3c600a
408656629,-778308510,3335,1:41:10.540000,"(datetime.datetime(2026, 9, 29, 16, 53, 56, 494000),)",2a3c600d
408657509,-778310129,3365,1:41:10.610000,"(datetime.datetime(2026, 9, 29, 16, 53, 56, 566000),)",2a3c600a
408656691,-778308603,3335,1:41:10.640000,"(datetime.datetime(2026, 9, 29, 16, 53, 56, 592000),)",2a3c600d
408657556,-778310228,3365,1:41:10.710000,"(datetime.datetime(2026, 9, 29, 16, 53, 56, 668000),)",2a3c600a
408656751,-778308697,3335,1:41:10.740000,"(datetime.datetime(2026, 9, 29, 16, 53, 56, 694000),)",2a3c600d
408657603,-778310325,3365,1:41:10.810000,"(datetime.datetime(2026, 9, 29, 16, 53, 56, 763000),)",2a3c600a
408656809,-778308788,3335,1:41:10.830000,"(datetime.datetime(2026, 9, 29, 16, 53, 56, 789000),)",2a3c600d
408657646,-778310422,3365,1:41:10.900000,"(datetime.datetime(2026, 9, 29, 16, 53, 56, 855000),)",2a3c600a
408656867,-778308878,3336,1:41:10.930000,"(datetime.datetime(2026, 9, 29, 16, 53, 56, 881000),)",2a3c600d
408657690,-778310518,3366,1:41:11.010000,"(datetime.datetime(2026, 9, 29, 16, 53, 56, 965000),)",2a3c600a
408656924,-778308968,3336,1:41:11.050000,"(datetime.datetime(2026, 9, 29, 16, 53, 57, 8000),)",2a3c600d
408657739,-778310621,3365,1:41:11.080000,"(datetime.datetime(2026, 9, 29, 16, 53, 57, 39000),)",2a3c600a
408656985,-778309055,3338,1:41:11.150000,"(datetime.datetime(2026, 9, 29, 16, 53, 57, 102000),)",2a3c600d
408657778,-778310719,3365,1:41:11.170000,"(datetime.datetime(2026, 9, 29, 16, 53, 57, 128000),)",2a3c600a
408657036,-778309146,3338,1:41:11.240000,"(datetime.datetime(2026, 9, 29, 16, 53, 57, 195000),)",2a3c600d
408657820,-778310816,3365,1:41:11.260000,"(datetime.datetime(2026, 9, 29, 16, 53, 57, 220000),)",2a3c600a
408657089,-778309234,3338,1:41:11.330000,"(datetime.datetime(2026, 9, 29, 16, 53, 57, 284000),)",2a3c600d
408657859,-778310917,3366,1:41:11.360000,"(datetime.datetime(2026, 9, 29, 16, 53, 57, 313000),)",2a3c600a
408657139,-778309323,3338,1:41:11.420000,"(datetime.datetime(2026, 9, 29, 16, 53, 57, 375000),)",2a3c600d
408657897,-778311015,3366,1:41:11.450000,"(datetime.datetime(2026, 9, 29, 16, 53, 57, 402000),)",2a3c600a
408657187,-778309413,3338,1:41:11.510000,"(datetime.datetime(2026, 9, 29, 16, 53, 57, 467000),)",2a3c600d
408657936,-778311114,3366,1:41:11.540000,"(datetime.datetime(2026, 9, 29, 16, 53, 57, 496000),)",2a3c600a
408657235,-778309500,3338,1:41:11.620000,"(datetime.datetime(2026, 9, 29, 16, 53, 57, 573000),)",2a3c600d
408657975,-778311212,3366,1:41:11.680000,"(datetime.datetime(2026, 9, 29, 16, 53, 57, 630000),)",2a3c600a
408657280,-778309591,3339,1:41:11.740000,"(datetime.datetime(2026, 9, 29, 16, 53, 57, 693000),)",2a3c600d
408658011,-778311311,3366,1:41:11.760000,"(datetime.datetime(2026, 9, 29, 16, 53, 57, 719000),)",2a3c600a
408657329,-778309678,3339,1:41:11.830000,"(datetime.datetime(2026, 9, 29, 16, 53, 57, 786000),)",2a3c600d
408658046,-778311410,3367,1:41:11.860000,"(datetime.datetime(2026, 9, 29, 16, 53, 57, 813000),)",2a3c600a
408657373,-778309765,3339,1:41:11.930000,"(datetime.datetime(2026, 9, 29, 16, 53, 57, 886000),)",2a3c600d
408658080,-778311509,3366,1:41:12.010000,"(datetime.datetime(2026, 9, 29, 16, 53, 57, 965000),)",2a3c600a
408657420,-778309856,3339,1:41:12.070000,"(datetime.datetime(2026, 9, 29, 16, 53, 58, 22000),)",2a3c600d
408658121,-778311609,3366,1:41:12.130000,"(datetime.datetime(2026, 9, 29, 16, 53, 58, 83000),)",2a3c600a
408657470,-778309943,3340,1:41:12.190000,"(datetime.datetime(2026, 9, 29, 16, 53, 58, 147000),)",2a3c600d
408658151,-778311710,3366,1:41:12.290000,"(datetime.datetime(2026, 9, 29, 16, 53, 58, 250000),)",2a3c600a
408657512,-778310029,3340,1:41:12.320000,"(datetime.datetime(2026, 9, 29, 16, 53, 58, 280000),)",2a3c600d
408658182,-778311811,3366,1:41:12.390000,"(datetime.datetime(2026, 9, 29, 16, 53, 58, 347000),)",2a3c600a
408657554,-778310117,3340,1:41:12.460000,"(datetime.datetime(2026, 9, 29, 16, 53, 58, 411000),)",2a3c600d
408658213,-778311910,3366,1:41:12.480000,"(datetime.datetime(2026, 9, 29, 16, 53, 58, 439000),)",2a3c600a
408657594,-778310205,3340,1:41:12.550000,"(datetime.datetime(2026, 9, 29, 16, 53, 58, 503000),)",2a3c600d
408658247,-778312010,3366,1:41:12.630000,"(datetime.datetime(2026, 9, 29, 16, 53, 58, 586000),)",2a3c600a
408657634,-778310293,3340,1:41:12.670000,"(datetime.datetime(2026, 9, 29, 16, 53, 58, 628000),)",2a3c600d
408658273,-778312110,3366,1:41:12.750000,"(datetime.datetime(2026, 9, 29, 16, 53, 58, 709000),)",2a3c600a
408657674,-778310379,3340,1:41:12.800000,"(datetime.datetime(2026, 9, 29, 16, 53, 58, 754000),)",2a3c600d
408658305,-778312210,3366,1:41:12.850000,"(datetime.datetime(2026, 9, 29, 16, 53, 58, 809000),)",2a3c600a
408657710,-778310469,3340,1:41:12.930000,"(datetime.datetime(2026, 9, 29, 16, 53, 58, 880000),)",2a3c600d
408658329,-778312313,3367,1:41:13.100000,"(datetime.datetime(2026, 9, 29, 16, 53, 59, 53000),)",2a3c600a
408657747,-778310555,3340,1:41:13.200000,"(datetime.datetime(2026, 9, 29, 16, 53, 59, 155000),)",2a3c600d
408658359,-778312412,3366,1:41:13.400000,"(datetime.datetime(2026, 9, 29, 16, 53, 59, 355000),)",2a3c600a
408657785,-778310643,3340,1:41:13.600000,"(datetime.datetime(2026, 9, 29, 16, 53, 59, 560000),)",2a3c600d
408658382,-778312513,3367,1:41:13.810000,"(datetime.datetime(2026, 9, 29, 16, 53, 59, 764000),)",2a3c600a
408657822,-778310729,3340,1:41:14.060000,"(datetime.datetime(2026, 9, 29, 16, 54, 0, 14000),)",2a3c600d
408658416,-778312612,3366,1:41:14.420000,"(datetime.datetime(2026, 9, 29, 16, 54, 0, 379000),)",2a3c600a
408657864,-778310810,3341,1:41:14.630000,"(datetime.datetime(2026, 9, 29, 16, 54, 0, 583000),)",2a3c600d
408657897,-778310895,3341,1:41:14.830000,"(datetime.datetime(2026, 9, 29, 16, 54, 0, 789000),)",2a3c600d
408658438,-778312713,3367,1:41:15.040000,"(datetime.datetime(2026, 9, 29, 16, 54, 0, 993000),)",2a3c600a
408657931,-778310985,3340,1:41:15.240000,"(datetime.datetime(2026, 9, 29, 16, 54, 1, 198000),)",2a3c600d
408658461,-778312813,3367,1:41:15.450000,"(datetime.datetime(2026, 9, 29, 16, 54, 1, 402000),)",2a3c600a
408658483,-778312913,3367,1:41:15.650000,"(datetime.datetime(2026, 9, 29, 16, 54, 1, 607000),)",2a3c600a
408657966,-778311071,3340,1:41:15.860000,"(datetime.datetime(2026, 9, 29, 16, 54, 1, 813000),)",2a3c600d
408657999,-778311159,3341,1:41:16.060000,"(datetime.datetime(2026, 9, 29, 16, 54, 2, 17000),)",2a3c600d
408658505,-778313013,3367,1:41:16.270000,"(datetime.datetime(2026, 9, 29, 16, 54, 2, 225000),)",2a3c600a
408658526,-778313112,3367,1:41:16.300000,"(datetime.datetime(2026, 9, 29, 16, 54, 2, 257000),)",2a3c600a
408658031,-778311246,3341,1:41:16.500000,"(datetime.datetime(2026, 9, 29, 16, 54, 2, 453000),)",2a3c600d
408658061,-778311334,3340,1:41:16.680000,"(datetime.datetime(2026, 9, 29, 16, 54, 2, 632000),)",2a3c600d
408658547,-778313211,3367,1:41:16.880000,"(datetime.datetime(2026, 9, 29, 16, 54, 2, 836000),)",2a3c600a
408658566,-778313309,3367,1:41:17.170000,"(datetime.datetime(2026, 9, 29, 16, 54, 3, 124000),)",2a3c600a
408658091,-778311421,3341,1:41:17.290000,"(datetime.datetime(2026, 9, 29, 16, 54, 3, 247000),)",2a3c600d
408658586,-778313406,3368,1:41:17.470000,"(datetime.datetime(2026, 9, 29, 16, 54, 3, 428000),)",2a3c600a
408658123,-778311510,3341,1:41:17.520000,"(datetime.datetime(2026, 9, 29, 16, 54, 3, 477000),)",2a3c600d
408658602,-778313505,3368,1:41:17.610000,"(datetime.datetime(2026, 9, 29, 16, 54, 3, 565000),)",2a3c600a
408658154,-778311601,3341,1:41:17.720000,"(datetime.datetime(2026, 9, 29, 16, 54, 3, 679000),)",2a3c600d
408658626,-778313603,3366,1:41:17.830000,"(datetime.datetime(2026, 9, 29, 16, 54, 3, 781000),)",2a3c600a
408658187,-778311679,3341,1:41:18.020000,"(datetime.datetime(2026, 9, 29, 16, 54, 3, 975000),)",2a3c600d
408658638,-778313700,3367,1:41:18.190000,"(datetime.datetime(2026, 9, 29, 16, 54, 4, 142000),)",2a3c600a
408658215,-778311768,3341,1:41:18.230000,"(datetime.datetime(2026, 9, 29, 16, 54, 4, 186000),)",2a3c600d
408658653,-778313794,3367,1:41:18.320000,"(datetime.datetime(2026, 9, 29, 16, 54, 4, 279000),)",2a3c600a
408658243,-778311857,3341,1:41:18.510000,"(datetime.datetime(2026, 9, 29, 16, 54, 4, 461000),)",2a3c600d
408658666,-778313887,3367,1:41:18.540000,"(datetime.datetime(2026, 9, 29, 16, 54, 4, 498000),)",2a3c600a
408658270,-778311949,3341,1:41:18.650000,"(datetime.datetime(2026, 9, 29, 16, 54, 4, 603000),)",2a3c600d
408658681,-778313978,3367,1:41:18.730000,"(datetime.datetime(2026, 9, 29, 16, 54, 4, 684000),)",2a3c600a
408658296,-778312035,3341,1:41:18.780000,"(datetime.datetime(2026, 9, 29, 16, 54, 4, 732000),)",2a3c600d
408658320,-778312124,3341,1:41:18.800000,"(datetime.datetime(2026, 9, 29, 16, 54, 4, 759000),)",2a3c600d
408658693,-778314068,3367,1:41:18.870000,"(datetime.datetime(2026, 9, 29, 16, 54, 4, 824000),)",2a3c600a
408658705,-778314160,3368,1:41:18.900000,"(datetime.datetime(2026, 9, 29, 16, 54, 4, 857000),)",2a3c600a
408658345,-778312211,3342,1:41:18.960000,"(datetime.datetime(2026, 9, 29, 16, 54, 4, 918000),)",2a3c600d
408658367,-778312298,3342,1:41:19.030000,"(datetime.datetime(2026, 9, 29, 16, 54, 4, 984000),)",2a3c600d
408658715,-778314245,3368,1:41:19.100000,"(datetime.datetime(2026, 9, 29, 16, 54, 5, 59000),)",2a3c600a
408658389,-778312385,3342,1:41:19.160000,"(datetime.datetime(2026, 9, 29, 16, 54, 5, 119000),)",2a3c600d
408658725,-778314336,3368,1:41:19.230000,"(datetime.datetime(2026, 9, 29, 16, 54, 5, 183000),)",2a3c600a
408658410,-778312470,3342,1:41:19.300000,"(datetime.datetime(2026, 9, 29, 16, 54, 5, 251000),)",2a3c600d
408658736,-778314418,3368,1:41:19.360000,"(datetime.datetime(2026, 9, 29, 16, 54, 5, 313000),)",2a3c600a
408658434,-778312548,3345,1:41:19.420000,"(datetime.datetime(2026, 9, 29, 16, 54, 5, 371000),)",2a3c600d
408658746,-778314507,3367,1:41:19.440000,"(datetime.datetime(2026, 9, 29, 16, 54, 5, 397000),)",2a3c600a
408658452,-778312630,3345,1:41:19.510000,"(datetime.datetime(2026, 9, 29, 16, 54, 5, 463000),)",2a3c600d
408658750,-778314589,3368,1:41:19.590000,"(datetime.datetime(2026, 9, 29, 16, 54, 5, 544000),)",2a3c600a
408658473,-778312710,3345,1:41:19.620000,"(datetime.datetime(2026, 9, 29, 16, 54, 5, 570000),)",2a3c600d
408658757,-778314672,3368,1:41:19.660000,"(datetime.datetime(2026, 9, 29, 16, 54, 5, 616000),)",2a3c600a
408658487,-778312789,3345,1:41:19.690000,"(datetime.datetime(2026, 9, 29, 16, 54, 5, 642000),)",2a3c600d
408658765,-778314751,3368,1:41:19.760000,"(datetime.datetime(2026, 9, 29, 16, 54, 5, 715000),)",2a3c600a
408658503,-778312868,3345,1:41:19.820000,"(datetime.datetime(2026, 9, 29, 16, 54, 5, 777000),)",2a3c600d
408658771,-778314828,3368,1:41:19.880000,"(datetime.datetime(2026, 9, 29, 16, 54, 5, 836000),)",2a3c600a
408658521,-778312942,3345,1:41:19.980000,"(datetime.datetime(2026, 9, 29, 16, 54, 5, 935000),)",2a3c600d
408658777,-778314907,3368,1:41:20.030000,"(datetime.datetime(2026, 9, 29, 16, 54, 5, 990000),)",2a3c600a
408658536,-778313016,3345,1:41:20.060000,"(datetime.datetime(2026, 9, 29, 16, 54, 6, 16000),)",2a3c600d
408658782,-778314982,3368,1:41:20.120000,"(datetime.datetime(2026, 9, 29, 16, 54, 6, 71000),)",2a3c600a
408658550,-778313087,3345,1:41:20.200000,"(datetime.datetime(2026, 9, 29, 16, 54, 6, 156000),)",2a3c600d
408658788,-778315053,3368,1:41:20.240000,"(datetime.datetime(2026, 9, 29, 16, 54, 6, 195000),)",2a3c600a
408658562,-778313160,3346,1:41:20.270000,"(datetime.datetime(2026, 9, 29, 16, 54, 6, 222000),)",2a3c600d
408658790,-778315126,3368,1:41:20.350000,"(datetime.datetime(2026, 9, 29, 16, 54, 6, 302000),)",2a3c600a
408658575,-778313230,3345,1:41:20.370000,"(datetime.datetime(2026, 9, 29, 16, 54, 6, 329000),)",2a3c600d
408658796,-778315196,3368,1:41:20.440000,"(datetime.datetime(2026, 9, 29, 16, 54, 6, 399000),)",2a3c600a
408658593,-778313296,3347,1:41:20.540000,"(datetime.datetime(2026, 9, 29, 16, 54, 6, 495000),)",2a3c600d
408658804,-778315273,3367,1:41:20.600000,"(datetime.datetime(2026, 9, 29, 16, 54, 6, 551000),)",2a3c600a
408658605,-778313361,3347,1:41:20.630000,"(datetime.datetime(2026, 9, 29, 16, 54, 6, 589000),)",2a3c600d
408658807,-778315335,3367,1:41:20.670000,"(datetime.datetime(2026, 9, 29, 16, 54, 6, 621000),)",2a3c600a
408658616,-778313427,3346,1:41:20.760000,"(datetime.datetime(2026, 9, 29, 16, 54, 6, 716000),)",2a3c600d
408658807,-778315402,3368,1:41:20.790000,"(datetime.datetime(2026, 9, 29, 16, 54, 6, 744000),)",2a3c600a
408658628,-778313493,3347,1:41:20.830000,"(datetime.datetime(2026, 9, 29, 16, 54, 6, 786000),)",2a3c600d
408658810,-778315464,3368,1:41:20.860000,"(datetime.datetime(2026, 9, 29, 16, 54, 6, 812000),)",2a3c600a
408658638,-778313555,3347,1:41:20.920000,"(datetime.datetime(2026, 9, 29, 16, 54, 6, 879000),)",2a3c600d
408658812,-778315526,3368,1:41:20.950000,"(datetime.datetime(2026, 9, 29, 16, 54, 6, 904000),)",2a3c600a
408658813,-778315586,3368,1:41:21.010000,"(datetime.datetime(2026, 9, 29, 16, 54, 6, 969000),)",2a3c600a
408658648,-778313615,3347,1:41:21.040000,"(datetime.datetime(2026, 9, 29, 16, 54, 6, 995000),)",2a3c600d
408658816,-778315643,3368,1:41:21.100000,"(datetime.datetime(2026, 9, 29, 16, 54, 7, 60000),)",2a3c600a
408658657,-778313678,3347,1:41:21.130000,"(datetime.datetime(2026, 9, 29, 16, 54, 7, 85000),)",2a3c600d
408658815,-778315700,3368,1:41:21.200000,"(datetime.datetime(2026, 9, 29, 16, 54, 7, 160000),)",2a3c600a
408658669,-778313739,3347,1:41:21.290000,"(datetime.datetime(2026, 9, 29, 16, 54, 7, 249000),)",2a3c600d
408658815,-778315754,3368,1:41:21.320000,"(datetime.datetime(2026, 9, 29, 16, 54, 7, 276000),)",2a3c600a
408658679,-778313795,3347,1:41:21.370000,"(datetime.datetime(2026, 9, 29, 16, 54, 7, 324000),)",2a3c600d
408658816,-778315806,3368,1:41:21.460000,"(datetime.datetime(2026, 9, 29, 16, 54, 7, 413000),)",2a3c600a
408658686,-778313855,3346,1:41:21.480000,"(datetime.datetime(2026, 9, 29, 16, 54, 7, 440000),)",2a3c600d
408658818,-778315873,3367,1:41:21.540000,"(datetime.datetime(2026, 9, 29, 16, 54, 7, 499000),)",2a3c600a
408658700,-778313916,3346,1:41:21.600000,"(datetime.datetime(2026, 9, 29, 16, 54, 7, 558000),)",2a3c600d
408658814,-778315916,3367,1:41:21.690000,"(datetime.datetime(2026, 9, 29, 16, 54, 7, 649000),)",2a3c600a
408658706,-778313968,3346,1:41:21.720000,"(datetime.datetime(2026, 9, 29, 16, 54, 7, 679000),)",2a3c600d
408658815,-778315964,3367,1:41:21.770000,"(datetime.datetime(2026, 9, 29, 16, 54, 7, 721000),)",2a3c600a
408658714,-778314022,3347,1:41:21.790000,"(datetime.datetime(2026, 9, 29, 16, 54, 7, 749000),)",2a3c600d
408658813,-778316011,3367,1:41:21.860000,"(datetime.datetime(2026, 9, 29, 16, 54, 7, 816000),)",2a3c600a
408658721,-778314076,3346,1:41:21.960000,"(datetime.datetime(2026, 9, 29, 16, 54, 7, 913000),)",2a3c600d
408658814,-778316056,3368,1:41:21.990000,"(datetime.datetime(2026, 9, 29, 16, 54, 7, 941000),)",2a3c600a
408658727,-778314129,3347,1:41:22.020000,"(datetime.datetime(2026, 9, 29, 16, 54, 7, 978000),)",2a3c600d
408658734,-778314179,3347,1:41:22.050000,"(datetime.datetime(2026, 9, 29, 16, 54, 8, 4000),)",2a3c600d
408658812,-778316097,3367,1:41:22.120000,"(datetime.datetime(2026, 9, 29, 16, 54, 8, 71000),)",2a3c600a
408658811,-778316138,3367,1:41:22.140000,"(datetime.datetime(2026, 9, 29, 16, 54, 8, 99000),)",2a3c600a
408658743,-778314229,3347,1:41:22.210000,"(datetime.datetime(2026, 9, 29, 16, 54, 8, 167000),)",2a3c600d
408658810,-778316177,3368,1:41:22.240000,"(datetime.datetime(2026, 9, 29, 16, 54, 8, 193000),)",2a3c600a
408658747,-778314280,3347,1:41:22.300000,"(datetime.datetime(2026, 9, 29, 16, 54, 8, 256000),)",2a3c600d
408658809,-778316214,3368,1:41:22.330000,"(datetime.datetime(2026, 9, 29, 16, 54, 8, 287000),)",2a3c600a
408658754,-778314325,3347,1:41:22.400000,"(datetime.datetime(2026, 9, 29, 16, 54, 8, 351000),)",2a3c600d
408658760,-778314372,3347,1:41:22.420000,"(datetime.datetime(2026, 9, 29, 16, 54, 8, 378000),)",2a3c600d
408658810,-778316248,3368,1:41:22.490000,"(datetime.datetime(2026, 9, 29, 16, 54, 8, 445000),)",2a3c600a
408658807,-778316298,3368,1:41:22.520000,"(datetime.datetime(2026, 9, 29, 16, 54, 8, 471000),)",2a3c600a
408658763,-778314418,3347,1:41:22.590000,"(datetime.datetime(2026, 9, 29, 16, 54, 8, 545000),)",2a3c600d
408658807,-778316324,3367,1:41:22.620000,"(datetime.datetime(2026, 9, 29, 16, 54, 8, 573000),)",2a3c600a
408658765,-778314459,3348,1:41:22.680000,"(datetime.datetime(2026, 9, 29, 16, 54, 8, 639000),)",2a3c600d
408658771,-778314499,3348,1:41:22.710000,"(datetime.datetime(2026, 9, 29, 16, 54, 8, 665000),)",2a3c600d
408658808,-778316354,3367,1:41:22.790000,"(datetime.datetime(2026, 9, 29, 16, 54, 8, 746000),)",2a3c600a
408658776,-778314540,3348,1:41:22.820000,"(datetime.datetime(2026, 9, 29, 16, 54, 8, 774000),)",2a3c600d
408658806,-778316385,3367,1:41:22.890000,"(datetime.datetime(2026, 9, 29, 16, 54, 8, 847000),)",2a3c600a
408658782,-778314579,3348,1:41:22.920000,"(datetime.datetime(2026, 9, 29, 16, 54, 8, 874000),)",2a3c600d
408658805,-778316410,3367,1:41:23,"(datetime.datetime(2026, 9, 29, 16, 54, 8, 950000),)",2a3c600a
408658786,-778314618,3348,1:41:23.070000,"(datetime.datetime(2026, 9, 29, 16, 54, 9, 26000),)",2a3c600d
408658805,-778316435,3367,1:41:23.130000,"(datetime.datetime(2026, 9, 29, 16, 54, 9, 84000),)",2a3c600a
408658789,-778314655,3348,1:41:23.230000,"(datetime.datetime(2026, 9, 29, 16, 54, 9, 184000),)",2a3c600d
408658804,-778316460,3367,1:41:23.260000,"(datetime.datetime(2026, 9, 29, 16, 54, 9, 211000),)",2a3c600a
408658792,-778314691,3348,1:41:23.310000,"(datetime.datetime(2026, 9, 29, 16, 54, 9, 261000),)",2a3c600d
408658804,-778316481,3367,1:41:23.360000,"(datetime.datetime(2026, 9, 29, 16, 54, 9, 320000),)",2a3c600a
408658793,-778314725,3348,1:41:23.450000,"(datetime.datetime(2026, 9, 29, 16, 54, 9, 401000),)",2a3c600d
408658803,-778316501,3367,1:41:23.510000,"(datetime.datetime(2026, 9, 29, 16, 54, 9, 469000),)",2a3c600a
408658801,-778314758,3348,1:41:23.590000,"(datetime.datetime(2026, 9, 29, 16, 54, 9, 545000),)",2a3c600d
408658803,-778316518,3367,1:41:23.660000,"(datetime.datetime(2026, 9, 29, 16, 54, 9, 611000),)",2a3c600a
408658809,-778314792,3349,1:41:23.690000,"(datetime.datetime(2026, 9, 29, 16, 54, 9, 649000),)",2a3c600d
408658805,-778316553,3364,1:41:23.770000,"(datetime.datetime(2026, 9, 29, 16, 54, 9, 729000),)",2a3c600a
408658810,-778314819,3349,1:41:23.830000,"(datetime.datetime(2026, 9, 29, 16, 54, 9, 789000),)",2a3c600d
408658802,-778316563,3365,1:41:23.900000,"(datetime.datetime(2026, 9, 29, 16, 54, 9, 857000),)",2a3c600a
408658813,-778314851,3349,1:41:23.930000,"(datetime.datetime(2026, 9, 29, 16, 54, 9, 886000),)",2a3c600d
408658803,-778316575,3365,1:41:23.990000,"(datetime.datetime(2026, 9, 29, 16, 54, 9, 944000),)",2a3c600a
408658817,-778314879,3349,1:41:24.060000,"(datetime.datetime(2026, 9, 29, 16, 54, 10, 20000),)",2a3c600d
408658803,-778316588,3365,1:41:24.130000,"(datetime.datetime(2026, 9, 29, 16, 54, 10, 81000),)",2a3c600a
408658819,-778314908,3349,1:41:24.190000,"(datetime.datetime(2026, 9, 29, 16, 54, 10, 144000),)",2a3c600d
408658801,-778316599,3365,1:41:24.250000,"(datetime.datetime(2026, 9, 29, 16, 54, 10, 203000),)",2a3c600a
408658820,-778314934,3349,1:41:24.310000,"(datetime.datetime(2026, 9, 29, 16, 54, 10, 264000),)",2a3c600d
408658802,-778316609,3365,1:41:24.340000,"(datetime.datetime(2026, 9, 29, 16, 54, 10, 292000),)",2a3c600a
408658823,-778314959,3349,1:41:24.410000,"(datetime.datetime(2026, 9, 29, 16, 54, 10, 369000),)",2a3c600d
408658801,-778316617,3365,1:41:24.480000,"(datetime.datetime(2026, 9, 29, 16, 54, 10, 434000),)",2a3c600a
408658826,-778314986,3349,1:41:24.540000,"(datetime.datetime(2026, 9, 29, 16, 54, 10, 495000),)",2a3c600d
408658801,-778316626,3365,1:41:24.600000,"(datetime.datetime(2026, 9, 29, 16, 54, 10, 553000),)",2a3c600a
408658827,-778315010,3349,1:41:24.690000,"(datetime.datetime(2026, 9, 29, 16, 54, 10, 642000),)",2a3c600d
408658801,-778316629,3364,1:41:24.720000,"(datetime.datetime(2026, 9, 29, 16, 54, 10, 670000),)",2a3c600a
408658828,-778315031,3349,1:41:24.760000,"(datetime.datetime(2026, 9, 29, 16, 54, 10, 711000),)",2a3c600d
408658800,-778316634,3365,1:41:24.780000,"(datetime.datetime(2026, 9, 29, 16, 54, 10, 738000),)",2a3c600a
408658831,-778315052,3351,1:41:24.870000,"(datetime.datetime(2026, 9, 29, 16, 54, 10, 828000),)",2a3c600d
408658797,-778316649,3364,1:41:24.930000,"(datetime.datetime(2026, 9, 29, 16, 54, 10, 890000),)",2a3c600a
408658831,-778315067,3350,1:41:24.960000,"(datetime.datetime(2026, 9, 29, 16, 54, 10, 916000),)",2a3c600d
408658796,-778316647,3364,1:41:25.050000,"(datetime.datetime(2026, 9, 29, 16, 54, 11, 2000),)",2a3c600a
408658832,-778315086,3350,1:41:25.100000,"(datetime.datetime(2026, 9, 29, 16, 54, 11, 59000),)",2a3c600d
408658796,-778316647,3364,1:41:25.130000,"(datetime.datetime(2026, 9, 29, 16, 54, 11, 86000),)",2a3c600a
408658834,-778315098,3351,1:41:25.200000,"(datetime.datetime(2026, 9, 29, 16, 54, 11, 156000),)",2a3c600d
408658796,-778316648,3364,1:41:25.230000,"(datetime.datetime(2026, 9, 29, 16, 54, 11, 183000),)",2a3c600a
408658837,-778315111,3351,1:41:25.290000,"(datetime.datetime(2026, 9, 29, 16, 54, 11, 248000),)",2a3c600d
408658796,-778316647,3364,1:41:25.320000,"(datetime.datetime(2026, 9, 29, 16, 54, 11, 279000),)",2a3c600a
408658834,-778315124,3351,1:41:25.380000,"(datetime.datetime(2026, 9, 29, 16, 54, 11, 339000),)",2a3c600d
408658795,-778316643,3364,1:41:25.410000,"(datetime.datetime(2026, 9, 29, 16, 54, 11, 365000),)",2a3c600a
408658834,-778315124,3351,1:41:25.470000,"(datetime.datetime(2026, 9, 29, 16, 54, 11, 430000),)",2a3c600d
408658796,-778316643,3364,1:41:25.500000,"(datetime.datetime(2026, 9, 29, 16, 54, 11, 457000),)",2a3c600a
408658837,-778315136,3350,1:41:25.590000,"(datetime.datetime(2026, 9, 29, 16, 54, 11, 543000),)",2a3c600d
408658796,-778316644,3364,1:41:25.670000,"(datetime.datetime(2026, 9, 29, 16, 54, 11, 627000),)",2a3c600a
408658836,-778315155,3350,1:41:25.700000,"(datetime.datetime(2026, 9, 29, 16, 54, 11, 653000),)",2a3c600d
408658797,-778316645,3364,1:41:25.750000,"(datetime.datetime(2026, 9, 29, 16, 54, 11, 703000),)",2a3c600a
408658838,-778315161,3350,1:41:25.830000,"(datetime.datetime(2026, 9, 29, 16, 54, 11, 782000),)",2a3c600d
408658796,-778316643,3364,1:41:25.880000,"(datetime.datetime(2026, 9, 29, 16, 54, 11, 839000),)",2a3c600a
408658844,-778315164,3351,1:41:25.940000,"(datetime.datetime(2026, 9, 29, 16, 54, 11, 892000),)",2a3c600d
408658788,-778316656,3363,1:41:25.960000,"(datetime.datetime(2026, 9, 29, 16, 54, 11, 919000),)",2a3c600a
408658843,-778315163,3351,1:41:26.050000,"(datetime.datetime(2026, 9, 29, 16, 54, 12, 1000),)",2a3c600d
408658788,-778316651,3363,1:41:26.100000,"(datetime.datetime(2026, 9, 29, 16, 54, 12, 54000),)",2a3c600a
408658843,-778315166,3351,1:41:26.180000,"(datetime.datetime(2026, 9, 29, 16, 54, 12, 139000),)",2a3c600d
408658788,-778316652,3363,1:41:26.230000,"(datetime.datetime(2026, 9, 29, 16, 54, 12, 180000),)",2a3c600a
408658843,-778315166,3351,1:41:26.290000,"(datetime.datetime(2026, 9, 29, 16, 54, 12, 242000),)",2a3c600d
408658790,-778316654,3363,1:41:26.370000,"(datetime.datetime(2026, 9, 29, 16, 54, 12, 329000),)",2a3c600a
408658843,-778315168,3351,1:41:26.400000,"(datetime.datetime(2026, 9, 29, 16, 54, 12, 356000),)",2a3c600d
408658786,-778316656,3363,1:41:26.450000,"(datetime.datetime(2026, 9, 29, 16, 54, 12, 406000),)",2a3c600a
408658842,-778315169,3351,1:41:26.510000,"(datetime.datetime(2026, 9, 29, 16, 54, 12, 465000),)",2a3c600d
408658789,-778316654,3363,1:41:26.580000,"(datetime.datetime(2026, 9, 29, 16, 54, 12, 540000),)",2a3c600a
408658842,-778315169,3351,1:41:26.640000,"(datetime.datetime(2026, 9, 29, 16, 54, 12, 594000),)",2a3c600d
408658789,-778316654,3363,1:41:26.710000,"(datetime.datetime(2026, 9, 29, 16, 54, 12, 670000),)",2a3c600a
408658843,-778315168,3351,1:41:26.750000,"(datetime.datetime(2026, 9, 29, 16, 54, 12, 703000),)",2a3c600d
408658789,-778316654,3363,1:41:26.800000,"(datetime.datetime(2026, 9, 29, 16, 54, 12, 751000),)",2a3c600a
408658843,-778315166,3351,1:41:26.900000,"(datetime.datetime(2026, 9, 29, 16, 54, 12, 852000),)",2a3c600d
408658790,-778316651,3363,1:41:26.950000,"(datetime.datetime(2026, 9, 29, 16, 54, 12, 901000),)",2a3c600a
408658842,-778315166,3351,1:41:27.060000,"(datetime.datetime(2026, 9, 29, 16, 54, 13, 12000),)",2a3c600d
408658792,-778316652,3363,1:41:27.080000,"(datetime.datetime(2026, 9, 29, 16, 54, 13, 40000),)",2a3c600a
408658842,-778315168,3351,1:41:27.150000,"(datetime.datetime(2026, 9, 29, 16, 54, 13, 105000),)",2a3c600d
408658786,-778316668,3363,1:41:27.220000,"(datetime.datetime(2026, 9, 29, 16, 54, 13, 178000),)",2a3c600a
408658847,-778315172,3351,1:41:27.290000,"(datetime.datetime(2026, 9, 29, 16, 54, 13, 247000),)",2a3c600d
408658784,-778316668,3363,1:41:27.360000,"(datetime.datetime(2026, 9, 29, 16, 54, 13, 313000),)",2a3c600a
408658846,-778315169,3351,1:41:27.430000,"(datetime.datetime(2026, 9, 29, 16, 54, 13, 380000),)",2a3c600d
408658782,-778316667,3363,1:41:27.490000,"(datetime.datetime(2026, 9, 29, 16, 54, 13, 446000),)",2a3c600a
408658847,-778315169,3351,1:41:27.550000,"(datetime.datetime(2026, 9, 29, 16, 54, 13, 505000),)",2a3c600d
408658786,-778316666,3363,1:41:27.640000,"(datetime.datetime(2026, 9, 29, 16, 54, 13, 594000),)",2a3c600a
408658846,-778315169,3351,1:41:27.680000,"(datetime.datetime(2026, 9, 29, 16, 54, 13, 640000),)",2a3c600d
408658787,-778316669,3362,1:41:27.750000,"(datetime.datetime(2026, 9, 29, 16, 54, 13, 702000),)",2a3c600a
408658847,-778315169,3351,1:41:27.810000,"(datetime.datetime(2026, 9, 29, 16, 54, 13, 770000),)",2a3c600d
408658787,-778316667,3362,1:41:27.960000,"(datetime.datetime(2026, 9, 29, 16, 54, 13, 912000),)",2a3c600a
408658847,-778315168,3351,1:41:28.220000,"(datetime.datetime(2026, 9, 29, 16, 54, 14, 176000),)",2a3c600d
408658785,-778316669,3363,1:41:28.300000,"(datetime.datetime(2026, 9, 29, 16, 54, 14, 254000),)",2a3c600a
408658847,-778315169,3351,1:41:28.390000,"(datetime.datetime(2026, 9, 29, 16, 54, 14, 341000),)",2a3c600d
408658787,-778316666,3363,1:41:28.430000,"(datetime.datetime(2026, 9, 29, 16, 54, 14, 387000),)",2a3c600a
408658847,-778315168,3351,1:41:28.500000,"(datetime.datetime(2026, 9, 29, 16, 54, 14, 454000),)",2a3c600d
408658786,-778316668,3363,1:41:28.580000,"(datetime.datetime(2026, 9, 29, 16, 54, 14, 532000),)",2a3c600a
408658848,-778315169,3351,1:41:28.760000,"(datetime.datetime(2026, 9, 29, 16, 54, 14, 715000),)",2a3c600d
408658784,-778316668,3363,1:41:28.960000,"(datetime.datetime(2026, 9, 29, 16, 54, 14, 919000),)",2a3c600a
408658846,-778315168,3351,1:41:29.170000,"(datetime.datetime(2026, 9, 29, 16, 54, 15, 121000),)",2a3c600d
408658784,-778316678,3362,1:41:29.210000,"(datetime.datetime(2026, 9, 29, 16, 54, 15, 165000),)",2a3c600a
408658845,-778315177,3350,1:41:29.300000,"(datetime.datetime(2026, 9, 29, 16, 54, 15, 258000),)",2a3c600d
408658784,-778316678,3362,1:41:29.490000,"(datetime.datetime(2026, 9, 29, 16, 54, 15, 444000),)",2a3c600a
408658845,-778315176,3350,1:41:29.640000,"(datetime.datetime(2026, 9, 29, 16, 54, 15, 599000),)",2a3c600d
408658784,-778316678,3362,1:41:29.700000,"(datetime.datetime(2026, 9, 29, 16, 54, 15, 660000),)",2a3c600a
408658845,-778315176,3350,1:41:29.780000,"(datetime.datetime(2026, 9, 29, 16, 54, 15, 739000),)",2a3c600d
408658784,-778316678,3362,1:41:29.920000,"(datetime.datetime(2026, 9, 29, 16, 54, 15, 874000),)",2a3c600a
408658846,-778315177,3350,1:41:30.100000,"(datetime.datetime(2026, 9, 29, 16, 54, 16, 58000),)",2a3c600d
408658784,-778316678,3362,1:41:30.230000,"(datetime.datetime(2026, 9, 29, 16, 54, 16, 181000),)",2a3c600a
408658844,-778315177,3350,1:41:30.380000,"(datetime.datetime(2026, 9, 29, 16, 54, 16, 339000),)",2a3c600d
408658784,-778316678,3362,1:41:30.430000,"(datetime.datetime(2026, 9, 29, 16, 54, 16, 384000),)",2a3c600a
408658844,-778315176,3350,1:41:30.530000,"(datetime.datetime(2026, 9, 29, 16, 54, 16, 482000),)",2a3c600d
408658784,-778316678,3362,1:41:30.600000,"(datetime.datetime(2026, 9, 29, 16, 54, 16, 551000),)",2a3c600a
408658845,-778315178,3350,1:41:30.620000,"(datetime.datetime(2026, 9, 29, 16, 54, 16, 577000),)",2a3c600d
408658784,-778316678,3362,1:41:30.680000,"(datetime.datetime(2026, 9, 29, 16, 54, 16, 640000),)",2a3c600a
408658845,-778315176,3350,1:41:30.770000,"(datetime.datetime(2026, 9, 29, 16, 54, 16, 724000),)",2a3c600d
408658784,-778316678,3362,1:41:30.800000,"(datetime.datetime(2026, 9, 29, 16, 54, 16, 751000),)",2a3c600a
408658847,-778315178,3350,1:41:30.850000,"(datetime.datetime(2026, 9, 29, 16, 54, 16, 804000),)",2a3c600d
408658784,-778316678,3362,1:41:30.910000,"(datetime.datetime(2026, 9, 29, 16, 54, 16, 864000),)",2a3c600a
408658845,-778315179,3350,1:41:30.940000,"(datetime.datetime(2026, 9, 29, 16, 54, 16, 892000),)",2a3c600d
408658784,-778316678,3362,1:41:31.030000,"(datetime.datetime(2026, 9, 29, 16, 54, 16, 990000),)",2a3c600a
408658840,-778315177,3351,1:41:31.070000,"(datetime.datetime(2026, 9, 29, 16, 54, 17, 29000),)",2a3c600d
408658784,-778316678,3362,1:41:31.130000,"(datetime.datetime(2026, 9, 29, 16, 54, 17, 90000),)",2a3c600a
408658840,-778315177,3351,1:41:31.160000,"(datetime.datetime(2026, 9, 29, 16, 54, 17, 117000),)",2a3c600d
408658784,-778316678,3362,1:41:31.230000,"(datetime.datetime(2026, 9, 29, 16, 54, 17, 187000),)",2a3c600a
408658840,-778315177,3351,1:41:31.320000,"(datetime.datetime(2026, 9, 29, 16, 54, 17, 277000),)",2a3c600d
408658784,-778316678,3362,1:41:31.370000,"(datetime.datetime(2026, 9, 29, 16, 54, 17, 325000),)",2a3c600a
408658840,-778315177,3351,1:41:31.450000,"(datetime.datetime(2026, 9, 29, 16, 54, 17, 404000),)",2a3c600d
408658784,-778316678,3362,1:41:31.510000,"(datetime.datetime(2026, 9, 29, 16, 54, 17, 461000),)",2a3c600a
408658840,-778315177,3351,1:41:31.570000,"(datetime.datetime(2026, 9, 29, 16, 54, 17, 525000),)",2a3c600d
408658784,-778316678,3362,1:41:31.650000,"(datetime.datetime(2026, 9, 29, 16, 54, 17, 608000),)",2a3c600a
408658840,-778315177,3351,1:41:31.710000,"(datetime.datetime(2026, 9, 29, 16, 54, 17, 664000),)",2a3c600d
408658784,-778316678,3362,1:41:31.760000,"(datetime.datetime(2026, 9, 29, 16, 54, 17, 717000),)",2a3c600a
408658840,-778315177,3351,1:41:31.840000,"(datetime.datetime(2026, 9, 29, 16, 54, 17, 795000),)",2a3c600d
408658784,-778316678,3362,1:41:31.890000,"(datetime.datetime(2026, 9, 29, 16, 54, 17, 843000),)",2a3c600a
408658840,-778315177,3351,1:41:31.920000,"(datetime.datetime(2026, 9, 29, 16, 54, 17, 871000),)",2a3c600d
408658784,-778316678,3362,1:41:31.990000,"(datetime.datetime(2026, 9, 29, 16, 54, 17, 947000),)",2a3c600a
408658840,-778315177,3351,1:41:32.070000,"(datetime.datetime(2026, 9, 29, 16, 54, 18, 24000),)",2a3c600d
408658784,-778316678,3362,1:41:32.130000,"(datetime.datetime(2026, 9, 29, 16, 54, 18, 82000),)",2a3c600a
408658840,-778315177,3351,1:41:32.160000,"(datetime.datetime(2026, 9, 29, 16, 54, 18, 111000),)",2a3c600d
408658783,-778316810,3362,1:41:32.240000,"(datetime.datetime(2026, 9, 29, 16, 54, 18, 191000),)",2a3c600a
408658836,-778315210,3352,1:41:32.320000,"(datetime.datetime(2026, 9, 29, 16, 54, 18, 279000),)",2a3c600d
408658782,-778316842,3362,1:41:32.370000,"(datetime.datetime(2026, 9, 29, 16, 54, 18, 325000),)",2a3c600a
408658835,-778315220,3352,1:41:32.400000,"(datetime.datetime(2026, 9, 29, 16, 54, 18, 353000),)",2a3c600d
408658780,-778316875,3363,1:41:32.460000,"(datetime.datetime(2026, 9, 29, 16, 54, 18, 417000),)",2a3c600a
408658836,-778315232,3352,1:41:32.490000,"(datetime.datetime(2026, 9, 29, 16, 54, 18, 444000),)",2a3c600d
408658780,-778316909,3362,1:41:32.560000,"(datetime.datetime(2026, 9, 29, 16, 54, 18, 517000),)",2a3c600a
408658837,-778315245,3352,1:41:32.620000,"(datetime.datetime(2026, 9, 29, 16, 54, 18, 580000),)",2a3c600d
408658780,-778316946,3362,1:41:32.690000,"(datetime.datetime(2026, 9, 29, 16, 54, 18, 644000),)",2a3c600a
408658838,-778315260,3352,1:41:32.780000,"(datetime.datetime(2026, 9, 29, 16, 54, 18, 733000),)",2a3c600d
408658779,-778316982,3362,1:41:32.800000,"(datetime.datetime(2026, 9, 29, 16, 54, 18, 760000),)",2a3c600a
408658840,-778315278,3352,1:41:32.850000,"(datetime.datetime(2026, 9, 29, 16, 54, 18, 809000),)",2a3c600d
408658778,-778317026,3362,1:41:32.880000,"(datetime.datetime(2026, 9, 29, 16, 54, 18, 837000),)",2a3c600a
408658840,-778315298,3352,1:41:32.960000,"(datetime.datetime(2026, 9, 29, 16, 54, 18, 912000),)",2a3c600d
408658776,-778317068,3363,1:41:32.990000,"(datetime.datetime(2026, 9, 29, 16, 54, 18, 941000),)",2a3c600a
408658841,-778315318,3352,1:41:33.050000,"(datetime.datetime(2026, 9, 29, 16, 54, 19, 8000),)",2a3c600d
408658775,-778317111,3362,1:41:33.080000,"(datetime.datetime(2026, 9, 29, 16, 54, 19, 35000),)",2a3c600a
408658844,-778315341,3352,1:41:33.150000,"(datetime.datetime(2026, 9, 29, 16, 54, 19, 102000),)",2a3c600d
408658773,-778317158,3363,1:41:33.240000,"(datetime.datetime(2026, 9, 29, 16, 54, 19, 198000),)",2a3c600a
408658847,-778315366,3352,1:41:33.270000,"(datetime.datetime(2026, 9, 29, 16, 54, 19, 225000),)",2a3c600d
408658736,-778317255,3361,1:41:33.310000,"(datetime.datetime(2026, 9, 29, 16, 54, 19, 269000),)",2a3c600a
408658861,-778315394,3356,1:41:33.340000,"(datetime.datetime(2026, 9, 29, 16, 54, 19, 297000),)",2a3c600d
408658736,-778317311,3361,1:41:33.410000,"(datetime.datetime(2026, 9, 29, 16, 54, 19, 364000),)",2a3c600a
408658861,-778315431,3356,1:41:33.440000,"(datetime.datetime(2026, 9, 29, 16, 54, 19, 391000),)",2a3c600d
408658733,-778317364,3361,1:41:33.510000,"(datetime.datetime(2026, 9, 29, 16, 54, 19, 465000),)",2a3c600a
408658863,-778315460,3356,1:41:33.540000,"(datetime.datetime(2026, 9, 29, 16, 54, 19, 491000),)",2a3c600d
408658731,-778317420,3361,1:41:33.630000,"(datetime.datetime(2026, 9, 29, 16, 54, 19, 581000),)",2a3c600a
408658864,-778315493,3356,1:41:33.690000,"(datetime.datetime(2026, 9, 29, 16, 54, 19, 645000),)",2a3c600d
408658727,-778317477,3362,1:41:33.760000,"(datetime.datetime(2026, 9, 29, 16, 54, 19, 713000),)",2a3c600a
408658868,-778315528,3356,1:41:33.820000,"(datetime.datetime(2026, 9, 29, 16, 54, 19, 773000),)",2a3c600d
408658724,-778317534,3362,1:41:33.850000,"(datetime.datetime(2026, 9, 29, 16, 54, 19, 800000),)",2a3c600a
408658870,-778315567,3356,1:41:33.920000,"(datetime.datetime(2026, 9, 29, 16, 54, 19, 876000),)",2a3c600d
408658720,-778317596,3363,1:41:33.950000,"(datetime.datetime(2026, 9, 29, 16, 54, 19, 904000),)",2a3c600a
408658874,-778315606,3356,1:41:34.020000,"(datetime.datetime(2026, 9, 29, 16, 54, 19, 976000),)",2a3c600d
408658715,-778317656,3363,1:41:34.100000,"(datetime.datetime(2026, 9, 29, 16, 54, 20, 53000),)",2a3c600a
408658874,-778315648,3356,1:41:34.130000,"(datetime.datetime(2026, 9, 29, 16, 54, 20, 81000),)",2a3c600d
408658712,-778317719,3363,1:41:34.180000,"(datetime.datetime(2026, 9, 29, 16, 54, 20, 136000),)",2a3c600a
408658874,-778315691,3356,1:41:34.250000,"(datetime.datetime(2026, 9, 29, 16, 54, 20, 207000),)",2a3c600d
408658709,-778317780,3362,1:41:34.330000,"(datetime.datetime(2026, 9, 29, 16, 54, 20, 281000),)",2a3c600a
408658876,-778315736,3356,1:41:34.390000,"(datetime.datetime(2026, 9, 29, 16, 54, 20, 343000),)",2a3c600d
408658687,-778317858,3361,1:41:34.450000,"(datetime.datetime(2026, 9, 29, 16, 54, 20, 402000),)",2a3c600a
408658888,-778315791,3358,1:41:34.530000,"(datetime.datetime(2026, 9, 29, 16, 54, 20, 489000),)",2a3c600d
408658683,-778317927,3361,1:41:34.560000,"(datetime.datetime(2026, 9, 29, 16, 54, 20, 517000),)",2a3c600a
408658888,-778315846,3358,1:41:34.600000,"(datetime.datetime(2026, 9, 29, 16, 54, 20, 556000),)",2a3c600d
408658679,-778317992,3361,1:41:34.690000,"(datetime.datetime(2026, 9, 29, 16, 54, 20, 648000),)",2a3c600a
408658890,-778315899,3358,1:41:34.730000,"(datetime.datetime(2026, 9, 29, 16, 54, 20, 683000),)",2a3c600d
408658673,-778318058,3361,1:41:34.810000,"(datetime.datetime(2026, 9, 29, 16, 54, 20, 765000),)",2a3c600a
408658890,-778315951,3358,1:41:34.890000,"(datetime.datetime(2026, 9, 29, 16, 54, 20, 847000),)",2a3c600d
408658668,-778318127,3361,1:41:34.920000,"(datetime.datetime(2026, 9, 29, 16, 54, 20, 875000),)",2a3c600a
408658892,-778316007,3358,1:41:34.970000,"(datetime.datetime(2026, 9, 29, 16, 54, 20, 921000),)",2a3c600d
408658662,-778318197,3361,1:41:35.030000,"(datetime.datetime(2026, 9, 29, 16, 54, 20, 984000),)",2a3c600a
408658893,-778316062,3358,1:41:35.060000,"(datetime.datetime(2026, 9, 29, 16, 54, 21, 12000),)",2a3c600d
408658657,-778318266,3361,1:41:35.130000,"(datetime.datetime(2026, 9, 29, 16, 54, 21, 84000),)",2a3c600a
408658894,-778316121,3358,1:41:35.200000,"(datetime.datetime(2026, 9, 29, 16, 54, 21, 156000),)",2a3c600d
408658650,-778318339,3362,1:41:35.230000,"(datetime.datetime(2026, 9, 29, 16, 54, 21, 185000),)",2a3c600a
408658892,-778316183,3358,1:41:35.280000,"(datetime.datetime(2026, 9, 29, 16, 54, 21, 240000),)",2a3c600d
408658642,-778318413,3361,1:41:35.310000,"(datetime.datetime(2026, 9, 29, 16, 54, 21, 266000),)",2a3c600a
408658892,-778316245,3358,1:41:35.390000,"(datetime.datetime(2026, 9, 29, 16, 54, 21, 343000),)",2a3c600d
408658635,-778318489,3362,1:41:35.410000,"(datetime.datetime(2026, 9, 29, 16, 54, 21, 370000),)",2a3c600a
408658890,-778316311,3358,1:41:35.490000,"(datetime.datetime(2026, 9, 29, 16, 54, 21, 444000),)",2a3c600d
408658623,-778318597,3366,1:41:35.520000,"(datetime.datetime(2026, 9, 29, 16, 54, 21, 474000),)",2a3c600a
408658856,-778316392,3357,1:41:35.580000,"(datetime.datetime(2026, 9, 29, 16, 54, 21, 539000),)",2a3c600d
408658615,-778318678,3366,1:41:35.610000,"(datetime.datetime(2026, 9, 29, 16, 54, 21, 564000),)",2a3c600a
408658856,-778316466,3357,1:41:35.690000,"(datetime.datetime(2026, 9, 29, 16, 54, 21, 642000),)",2a3c600d
408658608,-778318752,3365,1:41:35.780000,"(datetime.datetime(2026, 9, 29, 16, 54, 21, 735000),)",2a3c600a
408658854,-778316535,3357,1:41:35.810000,"(datetime.datetime(2026, 9, 29, 16, 54, 21, 762000),)",2a3c600d
408658598,-778318832,3366,1:41:35.860000,"(datetime.datetime(2026, 9, 29, 16, 54, 21, 814000),)",2a3c600a
408658854,-778316610,3357,1:41:35.920000,"(datetime.datetime(2026, 9, 29, 16, 54, 21, 875000),)",2a3c600d
408658589,-778318911,3366,1:41:35.980000,"(datetime.datetime(2026, 9, 29, 16, 54, 21, 937000),)",2a3c600a
408658850,-778316681,3357,1:41:36.010000,"(datetime.datetime(2026, 9, 29, 16, 54, 21, 964000),)",2a3c600d
408658579,-778318995,3366,1:41:36.080000,"(datetime.datetime(2026, 9, 29, 16, 54, 22, 34000),)",2a3c600a
408658850,-778316755,3357,1:41:36.110000,"(datetime.datetime(2026, 9, 29, 16, 54, 22, 62000),)",2a3c600d
408658569,-778319076,3366,1:41:36.170000,"(datetime.datetime(2026, 9, 29, 16, 54, 22, 130000),)",2a3c600a
408658846,-778316834,3357,1:41:36.270000,"(datetime.datetime(2026, 9, 29, 16, 54, 22, 221000),)",2a3c600d
408658558,-778319159,3366,1:41:36.290000,"(datetime.datetime(2026, 9, 29, 16, 54, 22, 249000),)",2a3c600a
408658840,-778316909,3357,1:41:36.340000,"(datetime.datetime(2026, 9, 29, 16, 54, 22, 293000),)",2a3c600d
408658545,-778319244,3366,1:41:36.430000,"(datetime.datetime(2026, 9, 29, 16, 54, 22, 381000),)",2a3c600a
408658838,-778316989,3357,1:41:36.460000,"(datetime.datetime(2026, 9, 29, 16, 54, 22, 419000),)",2a3c600d
408658533,-778319330,3367,1:41:36.550000,"(datetime.datetime(2026, 9, 29, 16, 54, 22, 501000),)",2a3c600a
408658835,-778317070,3357,1:41:36.600000,"(datetime.datetime(2026, 9, 29, 16, 54, 22, 551000),)",2a3c600d
408658536,-778319418,3369,1:41:36.620000,"(datetime.datetime(2026, 9, 29, 16, 54, 22, 578000),)",2a3c600a
408658852,-778317123,3357,1:41:36.690000,"(datetime.datetime(2026, 9, 29, 16, 54, 22, 648000),)",2a3c600d
408658523,-778319509,3370,1:41:36.720000,"(datetime.datetime(2026, 9, 29, 16, 54, 22, 675000),)",2a3c600a
408658845,-778317210,3356,1:41:36.800000,"(datetime.datetime(2026, 9, 29, 16, 54, 22, 754000),)",2a3c600d
408658509,-778319597,3369,1:41:36.860000,"(datetime.datetime(2026, 9, 29, 16, 54, 22, 814000),)",2a3c600a
408658841,-778317292,3356,1:41:36.920000,"(datetime.datetime(2026, 9, 29, 16, 54, 22, 877000),)",2a3c600d
408658495,-778319685,3370,1:41:36.990000,"(datetime.datetime(2026, 9, 29, 16, 54, 22, 941000),)",2a3c600a
408658836,-778317375,3357,1:41:37.010000,"(datetime.datetime(2026, 9, 29, 16, 54, 22, 969000),)",2a3c600d
408658482,-778319774,3369,1:41:37.090000,"(datetime.datetime(2026, 9, 29, 16, 54, 23, 48000),)",2a3c600a
408658830,-778317460,3357,1:41:37.160000,"(datetime.datetime(2026, 9, 29, 16, 54, 23, 116000),)",2a3c600d
408658468,-778319865,3369,1:41:37.240000,"(datetime.datetime(2026, 9, 29, 16, 54, 23, 192000),)",2a3c600a
408658825,-778317546,3357,1:41:37.300000,"(datetime.datetime(2026, 9, 29, 16, 54, 23, 260000),)",2a3c600d
408658451,-778319957,3370,1:41:37.330000,"(datetime.datetime(2026, 9, 29, 16, 54, 23, 289000),)",2a3c600a
408658816,-778317628,3357,1:41:37.400000,"(datetime.datetime(2026, 9, 29, 16, 54, 23, 358000),)",2a3c600d
408658437,-778320047,3370,1:41:37.460000,"(datetime.datetime(2026, 9, 29, 16, 54, 23, 420000),)",2a3c600a
408658811,-778317717,3357,1:41:37.550000,"(datetime.datetime(2026, 9, 29, 16, 54, 23, 505000),)",2a3c600d
408658423,-778320141,3370,1:41:37.580000,"(datetime.datetime(2026, 9, 29, 16, 54, 23, 533000),)",2a3c600a
408658803,-778317802,3357,1:41:37.640000,"(datetime.datetime(2026, 9, 29, 16, 54, 23, 591000),)",2a3c600d
408658405,-778320236,3370,1:41:37.690000,"(datetime.datetime(2026, 9, 29, 16, 54, 23, 649000),)",2a3c600a
408658795,-778317892,3357,1:41:37.720000,"(datetime.datetime(2026, 9, 29, 16, 54, 23, 675000),)",2a3c600d
408658400,-778320316,3372,1:41:37.800000,"(datetime.datetime(2026, 9, 29, 16, 54, 23, 751000),)",2a3c600a
408658786,-778317968,3356,1:41:37.850000,"(datetime.datetime(2026, 9, 29, 16, 54, 23, 809000),)",2a3c600d
408658380,-778320413,3372,1:41:37.950000,"(datetime.datetime(2026, 9, 29, 16, 54, 23, 902000),)",2a3c600a
408658776,-778318064,3356,1:41:37.970000,"(datetime.datetime(2026, 9, 29, 16, 54, 23, 929000),)",2a3c600d
408658364,-778320507,3372,1:41:38.020000,"(datetime.datetime(2026, 9, 29, 16, 54, 23, 979000),)",2a3c600a
408658768,-778318157,3356,1:41:38.080000,"(datetime.datetime(2026, 9, 29, 16, 54, 24, 40000),)",2a3c600d
408658349,-778320603,3372,1:41:38.160000,"(datetime.datetime(2026, 9, 29, 16, 54, 24, 116000),)",2a3c600a
408658759,-778318249,3356,1:41:38.220000,"(datetime.datetime(2026, 9, 29, 16, 54, 24, 179000),)",2a3c600d
408658329,-778320704,3372,1:41:38.310000,"(datetime.datetime(2026, 9, 29, 16, 54, 24, 261000),)",2a3c600a
408658748,-778318343,3356,1:41:38.330000,"(datetime.datetime(2026, 9, 29, 16, 54, 24, 289000),)",2a3c600d
408658738,-778318441,3356,1:41:38.390000,"(datetime.datetime(2026, 9, 29, 16, 54, 24, 345000),)",2a3c600d
408658313,-778320800,3372,1:41:38.450000,"(datetime.datetime(2026, 9, 29, 16, 54, 24, 410000),)",2a3c600a
408658293,-778320898,3372,1:41:38.530000,"(datetime.datetime(2026, 9, 29, 16, 54, 24, 481000),)",2a3c600a
408658727,-778318536,3356,1:41:38.590000,"(datetime.datetime(2026, 9, 29, 16, 54, 24, 543000),)",2a3c600d
408658275,-778320995,3372,1:41:38.620000,"(datetime.datetime(2026, 9, 29, 16, 54, 24, 571000),)",2a3c600a
408658714,-778318633,3356,1:41:38.670000,"(datetime.datetime(2026, 9, 29, 16, 54, 24, 630000),)",2a3c600d
408658253,-778321095,3373,1:41:38.760000,"(datetime.datetime(2026, 9, 29, 16, 54, 24, 711000),)",2a3c600a
408658703,-778318733,3356,1:41:38.810000,"(datetime.datetime(2026, 9, 29, 16, 54, 24, 763000),)",2a3c600d
408658235,-778321195,3373,1:41:38.870000,"(datetime.datetime(2026, 9, 29, 16, 54, 24, 826000),)",2a3c600a
408658690,-778318829,3356,1:41:38.930000,"(datetime.datetime(2026, 9, 29, 16, 54, 24, 886000),)",2a3c600d
408658211,-778321275,3372,1:41:39,"(datetime.datetime(2026, 9, 29, 16, 54, 24, 952000),)",2a3c600a
408658687,-778318925,3357,1:41:39.090000,"(datetime.datetime(2026, 9, 29, 16, 54, 25, 44000),)",2a3c600d
408658191,-778321378,3372,1:41:39.120000,"(datetime.datetime(2026, 9, 29, 16, 54, 25, 71000),)",2a3c600a
408658671,-778319027,3357,1:41:39.160000,"(datetime.datetime(2026, 9, 29, 16, 54, 25, 111000),)",2a3c600d
408658170,-778321482,3372,1:41:39.180000,"(datetime.datetime(2026, 9, 29, 16, 54, 25, 138000),)",2a3c600a
408658658,-778319130,3357,1:41:39.250000,"(datetime.datetime(2026, 9, 29, 16, 54, 25, 209000),)",2a3c600d
408658644,-778319231,3357,1:41:39.340000,"(datetime.datetime(2026, 9, 29, 16, 54, 25, 291000),)",2a3c600d
408658149,-778321582,3373,1:41:39.400000,"(datetime.datetime(2026, 9, 29, 16, 54, 25, 352000),)",2a3c600a
408658129,-778321682,3373,1:41:39.470000,"(datetime.datetime(2026, 9, 29, 16, 54, 25, 424000),)",2a3c600a
408658629,-778319335,3357,1:41:39.510000,"(datetime.datetime(2026, 9, 29, 16, 54, 25, 469000),)",2a3c600d
408658614,-778319438,3358,1:41:39.540000,"(datetime.datetime(2026, 9, 29, 16, 54, 25, 496000),)",2a3c600d
408658109,-778321784,3373,1:41:39.610000,"(datetime.datetime(2026, 9, 29, 16, 54, 25, 569000),)",2a3c600a
408658614,-778319438,3358,1:41:39.670000,"(datetime.datetime(2026, 9, 29, 16, 54, 25, 630000),)",2a3c600d
408658087,-778321893,3373,1:41:39.740000,"(datetime.datetime(2026, 9, 29, 16, 54, 25, 691000),)",2a3c600a
408658581,-778319648,3358,1:41:39.820000,"(datetime.datetime(2026, 9, 29, 16, 54, 25, 775000),)",2a3c600d
408658066,-778321996,3373,1:41:39.860000,"(datetime.datetime(2026, 9, 29, 16, 54, 25, 818000),)",2a3c600a
408658044,-778322099,3373,1:41:39.930000,"(datetime.datetime(2026, 9, 29, 16, 54, 25, 889000),)",2a3c600a
408658564,-778319752,3358,1:41:39.960000,"(datetime.datetime(2026, 9, 29, 16, 54, 25, 915000),)",2a3c600d
408658547,-778319855,3358,1:41:40.080000,"(datetime.datetime(2026, 9, 29, 16, 54, 26, 31000),)",2a3c600d
408658023,-778322209,3373,1:41:40.100000,"(datetime.datetime(2026, 9, 29, 16, 54, 26, 59000),)",2a3c600a
408658532,-778319955,3359,1:41:40.180000,"(datetime.datetime(2026, 9, 29, 16, 54, 26, 131000),)",2a3c600d
408658012,-778322295,3373,1:41:40.230000,"(datetime.datetime(2026, 9, 29, 16, 54, 26, 188000),)",2a3c600a
408658511,-778320063,3358,1:41:40.260000,"(datetime.datetime(2026, 9, 29, 16, 54, 26, 216000),)",2a3c600d
408657988,-778322405,3373,1:41:40.340000,"(datetime.datetime(2026, 9, 29, 16, 54, 26, 294000),)",2a3c600a
408658496,-778320166,3359,1:41:40.410000,"(datetime.datetime(2026, 9, 29, 16, 54, 26, 361000),)",2a3c600d
408657966,-778322513,3373,1:41:40.470000,"(datetime.datetime(2026, 9, 29, 16, 54, 26, 421000),)",2a3c600a
408658475,-778320270,3359,1:41:40.520000,"(datetime.datetime(2026, 9, 29, 16, 54, 26, 480000),)",2a3c600d
408657944,-778322621,3374,1:41:40.600000,"(datetime.datetime(2026, 9, 29, 16, 54, 26, 556000),)",2a3c600a
408658457,-778320370,3359,1:41:40.660000,"(datetime.datetime(2026, 9, 29, 16, 54, 26, 618000),)",2a3c600d
408657919,-778322732,3374,1:41:40.690000,"(datetime.datetime(2026, 9, 29, 16, 54, 26, 649000),)",2a3c600a
408658436,-778320475,3359,1:41:40.760000,"(datetime.datetime(2026, 9, 29, 16, 54, 26, 714000),)",2a3c600d
408657896,-778322840,3373,1:41:40.850000,"(datetime.datetime(2026, 9, 29, 16, 54, 26, 804000),)",2a3c600a
408658419,-778320578,3359,1:41:40.880000,"(datetime.datetime(2026, 9, 29, 16, 54, 26, 832000),)",2a3c600d
408657872,-778322952,3374,1:41:40.930000,"(datetime.datetime(2026, 9, 29, 16, 54, 26, 887000),)",2a3c600a
408658397,-778320680,3359,1:41:40.990000,"(datetime.datetime(2026, 9, 29, 16, 54, 26, 948000),)",2a3c600d
408657850,-778323062,3374,1:41:41.020000,"(datetime.datetime(2026, 9, 29, 16, 54, 26, 975000),)",2a3c600a
408658379,-778320781,3359,1:41:41.100000,"(datetime.datetime(2026, 9, 29, 16, 54, 27, 53000),)",2a3c600d
408657826,-778323175,3374,1:41:41.160000,"(datetime.datetime(2026, 9, 29, 16, 54, 27, 116000),)",2a3c600a
408658358,-778320884,3359,1:41:41.240000,"(datetime.datetime(2026, 9, 29, 16, 54, 27, 198000),)",2a3c600d
408657801,-778323288,3374,1:41:41.300000,"(datetime.datetime(2026, 9, 29, 16, 54, 27, 257000),)",2a3c600a
408658328,-778320978,3359,1:41:41.330000,"(datetime.datetime(2026, 9, 29, 16, 54, 27, 285000),)",2a3c600d
408657778,-778323398,3374,1:41:41.380000,"(datetime.datetime(2026, 9, 29, 16, 54, 27, 338000),)",2a3c600a
408658306,-778321079,3359,1:41:41.450000,"(datetime.datetime(2026, 9, 29, 16, 54, 27, 406000),)",2a3c600d
408657753,-778323515,3374,1:41:41.510000,"(datetime.datetime(2026, 9, 29, 16, 54, 27, 468000),)",2a3c600a
408658306,-778321079,3359,1:41:41.590000,"(datetime.datetime(2026, 9, 29, 16, 54, 27, 541000),)",2a3c600d
408657730,-778323629,3374,1:41:41.640000,"(datetime.datetime(2026, 9, 29, 16, 54, 27, 598000),)",2a3c600a
408658285,-778321185,3359,1:41:41.710000,"(datetime.datetime(2026, 9, 29, 16, 54, 27, 664000),)",2a3c600d
408657706,-778323744,3374,1:41:41.800000,"(datetime.datetime(2026, 9, 29, 16, 54, 27, 754000),)",2a3c600a
408658262,-778321286,3359,1:41:41.830000,"(datetime.datetime(2026, 9, 29, 16, 54, 27, 782000),)",2a3c600d
408657681,-778323858,3374,1:41:41.880000,"(datetime.datetime(2026, 9, 29, 16, 54, 27, 835000),)",2a3c600a
408658240,-778321390,3359,1:41:41.960000,"(datetime.datetime(2026, 9, 29, 16, 54, 27, 919000),)",2a3c600d
408657656,-778323976,3374,1:41:42.020000,"(datetime.datetime(2026, 9, 29, 16, 54, 27, 978000),)",2a3c600a
408658218,-778321493,3359,1:41:42.090000,"(datetime.datetime(2026, 9, 29, 16, 54, 28, 42000),)",2a3c600d
408657631,-778324095,3374,1:41:42.140000,"(datetime.datetime(2026, 9, 29, 16, 54, 28, 100000),)",2a3c600a
408658195,-778321598,3359,1:41:42.170000,"(datetime.datetime(2026, 9, 29, 16, 54, 28, 130000),)",2a3c600d
408657606,-778324215,3374,1:41:42.260000,"(datetime.datetime(2026, 9, 29, 16, 54, 28, 214000),)",2a3c600a
408658173,-778321703,3360,1:41:42.320000,"(datetime.datetime(2026, 9, 29, 16, 54, 28, 278000),)",2a3c600d
408657580,-778324331,3374,1:41:42.400000,"(datetime.datetime(2026, 9, 29, 16, 54, 28, 356000),)",2a3c600a
408658153,-778321809,3360,1:41:42.480000,"(datetime.datetime(2026, 9, 29, 16, 54, 28, 432000),)",2a3c600d
408657580,-778324331,3374,1:41:42.500000,"(datetime.datetime(2026, 9, 29, 16, 54, 28, 460000),)",2a3c600a
408658114,-778322031,3361,1:41:42.560000,"(datetime.datetime(2026, 9, 29, 16, 54, 28, 511000),)",2a3c600d
408657521,-778324558,3372,1:41:42.640000,"(datetime.datetime(2026, 9, 29, 16, 54, 28, 590000),)",2a3c600a
408658090,-778322141,3361,1:41:42.690000,"(datetime.datetime(2026, 9, 29, 16, 54, 28, 643000),)",2a3c600d
408657521,-778324558,3372,1:41:42.770000,"(datetime.datetime(2026, 9, 29, 16, 54, 28, 723000),)",2a3c600a
408658067,-778322248,3361,1:41:42.790000,"(datetime.datetime(2026, 9, 29, 16, 54, 28, 750000),)",2a3c600d
408657496,-778324676,3372,1:41:42.940000,"(datetime.datetime(2026, 9, 29, 16, 54, 28, 892000),)",2a3c600a
408658067,-778322248,3361,1:41:43.170000,"(datetime.datetime(2026, 9, 29, 16, 54, 29, 125000),)",2a3c600d
408657439,-778324922,3373,1:41:43.280000,"(datetime.datetime(2026, 9, 29, 16, 54, 29, 240000),)",2a3c600a
408658020,-778322469,3361,1:41:43.440000,"(datetime.datetime(2026, 9, 29, 16, 54, 29, 393000),)",2a3c600d
408657412,-778325041,3373,1:41:43.480000,"(datetime.datetime(2026, 9, 29, 16, 54, 29, 439000),)",2a3c600a
408657385,-778325160,3373,1:41:43.530000,"(datetime.datetime(2026, 9, 29, 16, 54, 29, 486000),)",2a3c600a
408658020,-778322469,3361,1:41:43.720000,"(datetime.datetime(2026, 9, 29, 16, 54, 29, 672000),)",2a3c600d
408657385,-778325160,3373,1:41:43.830000,"(datetime.datetime(2026, 9, 29, 16, 54, 29, 789000),)",2a3c600a
408657970,-778322690,3361,1:41:43.980000,"(datetime.datetime(2026, 9, 29, 16, 54, 29, 940000),)",2a3c600d
408657332,-778325399,3373,1:41:44.090000,"(datetime.datetime(2026, 9, 29, 16, 54, 30, 48000),)",2a3c600a
408657944,-778322801,3361,1:41:44.160000,"(datetime.datetime(2026, 9, 29, 16, 54, 30, 120000),)",2a3c600d
408657332,-778325399,3373,1:41:44.230000,"(datetime.datetime(2026, 9, 29, 16, 54, 30, 190000),)",2a3c600a
408657944,-778322801,3361,1:41:44.290000,"(datetime.datetime(2026, 9, 29, 16, 54, 30, 243000),)",2a3c600d
408657307,-778325518,3373,1:41:44.350000,"(datetime.datetime(2026, 9, 29, 16, 54, 30, 301000),)",2a3c600a
408657920,-778322915,3361,1:41:44.460000,"(datetime.datetime(2026, 9, 29, 16, 54, 30, 417000),)",2a3c600d
408657280,-778325639,3373,1:41:44.550000,"(datetime.datetime(2026, 9, 29, 16, 54, 30, 503000),)",2a3c600a
408657897,-778323027,3362,1:41:44.710000,"(datetime.datetime(2026, 9, 29, 16, 54, 30, 664000),)",2a3c600d
408657250,-778325753,3372,1:41:44.770000,"(datetime.datetime(2026, 9, 29, 16, 54, 30, 720000),)",2a3c600a
408657882,-778323138,3361,1:41:44.870000,"(datetime.datetime(2026, 9, 29, 16, 54, 30, 826000),)",2a3c600d
408657222,-778325874,3372,1:41:45.050000,"(datetime.datetime(2026, 9, 29, 16, 54, 31, 9000),)",2a3c600a
408657858,-778323253,3361,1:41:45.220000,"(datetime.datetime(2026, 9, 29, 16, 54, 31, 171000),)",2a3c600d
408657194,-778325993,3372,1:41:45.290000,"(datetime.datetime(2026, 9, 29, 16, 54, 31, 246000),)",2a3c600a
408657831,-778323367,3361,1:41:45.330000,"(datetime.datetime(2026, 9, 29, 16, 54, 31, 283000),)",2a3c600d
408657167,-778326112,3372,1:41:45.400000,"(datetime.datetime(2026, 9, 29, 16, 54, 31, 355000),)",2a3c600a
408657807,-778323481,3362,1:41:45.470000,"(datetime.datetime(2026, 9, 29, 16, 54, 31, 421000),)",2a3c600d
408657139,-778326230,3372,1:41:45.560000,"(datetime.datetime(2026, 9, 29, 16, 54, 31, 516000),)",2a3c600a
408657783,-778323596,3362,1:41:45.590000,"(datetime.datetime(2026, 9, 29, 16, 54, 31, 544000),)",2a3c600d
408657114,-778326348,3372,1:41:45.630000,"(datetime.datetime(2026, 9, 29, 16, 54, 31, 585000),)",2a3c600a
408657757,-778323711,3362,1:41:45.710000,"(datetime.datetime(2026, 9, 29, 16, 54, 31, 667000),)",2a3c600d
408657087,-778326464,3373,1:41:45.740000,"(datetime.datetime(2026, 9, 29, 16, 54, 31, 696000),)",2a3c600a
408657732,-778323827,3362,1:41:45.790000,"(datetime.datetime(2026, 9, 29, 16, 54, 31, 747000),)",2a3c600d
408657061,-778326585,3372,1:41:45.880000,"(datetime.datetime(2026, 9, 29, 16, 54, 31, 840000),)",2a3c600a
408657706,-778323943,3362,1:41:45.910000,"(datetime.datetime(2026, 9, 29, 16, 54, 31, 870000),)",2a3c600d
408657035,-778326701,3372,1:41:45.960000,"(datetime.datetime(2026, 9, 29, 16, 54, 31, 917000),)",2a3c600a
408657681,-778324059,3362,1:41:46.050000,"(datetime.datetime(2026, 9, 29, 16, 54, 32, 9000),)",2a3c600d
408657007,-778326820,3373,1:41:46.080000,"(datetime.datetime(2026, 9, 29, 16, 54, 32, 39000),)",2a3c600a
408657653,-778324173,3362,1:41:46.130000,"(datetime.datetime(2026, 9, 29, 16, 54, 32, 82000),)",2a3c600d
408656980,-778326934,3372,1:41:46.150000,"(datetime.datetime(2026, 9, 29, 16, 54, 32, 109000),)",2a3c600a
408657631,-778324294,3361,1:41:46.230000,"(datetime.datetime(2026, 9, 29, 16, 54, 32, 188000),)",2a3c600d
408657607,-778324411,3361,1:41:46.330000,"(datetime.datetime(2026, 9, 29, 16, 54, 32, 283000),)",2a3c600d
408656952,-778327053,3373,1:41:46.410000,"(datetime.datetime(2026, 9, 29, 16, 54, 32, 361000),)",2a3c600a
408657583,-778324529,3362,1:41:46.460000,"(datetime.datetime(2026, 9, 29, 16, 54, 32, 419000),)",2a3c600d
408656927,-778327169,3373,1:41:46.490000,"(datetime.datetime(2026, 9, 29, 16, 54, 32, 447000),)",2a3c600a
408657555,-778324645,3362,1:41:46.540000,"(datetime.datetime(2026, 9, 29, 16, 54, 32, 498000),)",2a3c600d
408656900,-778327289,3373,1:41:46.620000,"(datetime.datetime(2026, 9, 29, 16, 54, 32, 571000),)",2a3c600a
408657531,-778324765,3362,1:41:46.680000,"(datetime.datetime(2026, 9, 29, 16, 54, 32, 630000),)",2a3c600d
408656848,-778327526,3373,1:41:46.750000,"(datetime.datetime(2026, 9, 29, 16, 54, 32, 706000),)",2a3c600a
408657501,-778324880,3362,1:41:46.810000,"(datetime.datetime(2026, 9, 29, 16, 54, 32, 762000),)",2a3c600d
408656822,-778327643,3373,1:41:46.840000,"(datetime.datetime(2026, 9, 29, 16, 54, 32, 791000),)",2a3c600a
408657477,-778324997,3362,1:41:46.910000,"(datetime.datetime(2026, 9, 29, 16, 54, 32, 863000),)",2a3c600d
408656794,-778327761,3373,1:41:47.010000,"(datetime.datetime(2026, 9, 29, 16, 54, 32, 964000),)",2a3c600a
408657451,-778325117,3362,1:41:47.070000,"(datetime.datetime(2026, 9, 29, 16, 54, 33, 25000),)",2a3c600d
408656768,-778327880,3373,1:41:47.120000,"(datetime.datetime(2026, 9, 29, 16, 54, 33, 71000),)",2a3c600a
408657425,-778325237,3362,1:41:47.170000,"(datetime.datetime(2026, 9, 29, 16, 54, 33, 127000),)",2a3c600d
408656740,-778327998,3373,1:41:47.240000,"(datetime.datetime(2026, 9, 29, 16, 54, 33, 193000),)",2a3c600a
408657399,-778325356,3362,1:41:47.310000,"(datetime.datetime(2026, 9, 29, 16, 54, 33, 263000),)",2a3c600d
408656711,-778328119,3373,1:41:47.400000,"(datetime.datetime(2026, 9, 29, 16, 54, 33, 353000),)",2a3c600a
408657374,-778325485,3363,1:41:47.420000,"(datetime.datetime(2026, 9, 29, 16, 54, 33, 380000),)",2a3c600d
408656682,-778328239,3373,1:41:47.470000,"(datetime.datetime(2026, 9, 29, 16, 54, 33, 423000),)",2a3c600a
408657348,-778325605,3363,1:41:47.540000,"(datetime.datetime(2026, 9, 29, 16, 54, 33, 492000),)",2a3c600d
408656658,-778328356,3373,1:41:47.650000,"(datetime.datetime(2026, 9, 29, 16, 54, 33, 606000),)",2a3c600a
408657322,-778325724,3363,1:41:47.680000,"(datetime.datetime(2026, 9, 29, 16, 54, 33, 634000),)",2a3c600d
408656631,-778328475,3373,1:41:47.740000,"(datetime.datetime(2026, 9, 29, 16, 54, 33, 699000),)",2a3c600a
408657296,-778325846,3363,1:41:47.770000,"(datetime.datetime(2026, 9, 29, 16, 54, 33, 727000),)",2a3c600d
408656604,-778328595,3373,1:41:47.850000,"(datetime.datetime(2026, 9, 29, 16, 54, 33, 809000),)",2a3c600a
408657271,-778325966,3363,1:41:47.910000,"(datetime.datetime(2026, 9, 29, 16, 54, 33, 869000),)",2a3c600d
408656578,-778328713,3373,1:41:48,"(datetime.datetime(2026, 9, 29, 16, 54, 33, 958000),)",2a3c600a
408657245,-778326087,3364,1:41:48.030000,"(datetime.datetime(2026, 9, 29, 16, 54, 33, 987000),)",2a3c600d
408656550,-778328833,3374,1:41:48.080000,"(datetime.datetime(2026, 9, 29, 16, 54, 34, 36000),)",2a3c600a
408657221,-778326208,3364,1:41:48.180000,"(datetime.datetime(2026, 9, 29, 16, 54, 34, 138000),)",2a3c600d
408656526,-778328951,3373,1:41:48.220000,"(datetime.datetime(2026, 9, 29, 16, 54, 34, 179000),)",2a3c600a
408657195,-778326330,3364,1:41:48.310000,"(datetime.datetime(2026, 9, 29, 16, 54, 34, 268000),)",2a3c600d
408656498,-778329071,3373,1:41:48.340000,"(datetime.datetime(2026, 9, 29, 16, 54, 34, 296000),)",2a3c600a
408657169,-778326452,3364,1:41:48.390000,"(datetime.datetime(2026, 9, 29, 16, 54, 34, 347000),)",2a3c600d
408656471,-778329193,3373,1:41:48.480000,"(datetime.datetime(2026, 9, 29, 16, 54, 34, 431000),)",2a3c600a
408657144,-778326574,3364,1:41:48.500000,"(datetime.datetime(2026, 9, 29, 16, 54, 34, 459000),)",2a3c600d
408656439,-778329305,3372,1:41:48.560000,"(datetime.datetime(2026, 9, 29, 16, 54, 34, 515000),)",2a3c600a
408657127,-778326703,3364,1:41:48.590000,"(datetime.datetime(2026, 9, 29, 16, 54, 34, 543000),)",2a3c600d
408656415,-778329424,3372,1:41:48.660000,"(datetime.datetime(2026, 9, 29, 16, 54, 34, 614000),)",2a3c600a
408657100,-778326828,3364,1:41:48.690000,"(datetime.datetime(2026, 9, 29, 16, 54, 34, 642000),)",2a3c600d
408656386,-778329547,3372,1:41:48.760000,"(datetime.datetime(2026, 9, 29, 16, 54, 34, 715000),)",2a3c600a
408657074,-778326951,3364,1:41:48.840000,"(datetime.datetime(2026, 9, 29, 16, 54, 34, 795000),)",2a3c600d
408656386,-778329547,3372,1:41:48.910000,"(datetime.datetime(2026, 9, 29, 16, 54, 34, 862000),)",2a3c600a
408657048,-778327076,3364,1:41:49,"(datetime.datetime(2026, 9, 29, 16, 54, 34, 957000),)",2a3c600d
408656360,-778329667,3372,1:41:49.060000,"(datetime.datetime(2026, 9, 29, 16, 54, 35, 17000),)",2a3c600a
408657021,-778327203,3364,1:41:49.140000,"(datetime.datetime(2026, 9, 29, 16, 54, 35, 95000),)",2a3c600d
408656305,-778329907,3372,1:41:49.170000,"(datetime.datetime(2026, 9, 29, 16, 54, 35, 124000),)",2a3c600a
408656995,-778327325,3364,1:41:49.230000,"(datetime.datetime(2026, 9, 29, 16, 54, 35, 185000),)",2a3c600d
408656305,-778329907,3372,1:41:49.290000,"(datetime.datetime(2026, 9, 29, 16, 54, 35, 247000),)",2a3c600a
408656969,-778327452,3364,1:41:49.370000,"(datetime.datetime(2026, 9, 29, 16, 54, 35, 325000),)",2a3c600d
408656253,-778330150,3372,1:41:49.420000,"(datetime.datetime(2026, 9, 29, 16, 54, 35, 377000),)",2a3c600a
408656941,-778327578,3364,1:41:49.490000,"(datetime.datetime(2026, 9, 29, 16, 54, 35, 449000),)",2a3c600d
408656227,-778330272,3372,1:41:49.550000,"(datetime.datetime(2026, 9, 29, 16, 54, 35, 509000),)",2a3c600a
408656913,-778327704,3364,1:41:49.620000,"(datetime.datetime(2026, 9, 29, 16, 54, 35, 577000),)",2a3c600d
408656227,-778330272,3372,1:41:49.680000,"(datetime.datetime(2026, 9, 29, 16, 54, 35, 637000),)",2a3c600a
408656889,-778327831,3365,1:41:49.710000,"(datetime.datetime(2026, 9, 29, 16, 54, 35, 665000),)",2a3c600d
408656201,-778330390,3372,1:41:49.790000,"(datetime.datetime(2026, 9, 29, 16, 54, 35, 742000),)",2a3c600a
408656862,-778327960,3364,1:41:49.860000,"(datetime.datetime(2026, 9, 29, 16, 54, 35, 813000),)",2a3c600d
408656167,-778330514,3372,1:41:49.910000,"(datetime.datetime(2026, 9, 29, 16, 54, 35, 867000),)",2a3c600a
408656836,-778328088,3365,1:41:50.010000,"(datetime.datetime(2026, 9, 29, 16, 54, 35, 966000),)",2a3c600d
408656142,-778330635,3372,1:41:50.040000,"(datetime.datetime(2026, 9, 29, 16, 54, 35, 993000),)",2a3c600a
408656808,-778328213,3364,1:41:50.080000,"(datetime.datetime(2026, 9, 29, 16, 54, 36, 34000),)",2a3c600d
408656114,-778330758,3372,1:41:50.170000,"(datetime.datetime(2026, 9, 29, 16, 54, 36, 125000),)",2a3c600a
408656782,-778328341,3364,1:41:50.200000,"(datetime.datetime(2026, 9, 29, 16, 54, 36, 153000),)",2a3c600d
408656088,-778330879,3372,1:41:50.240000,"(datetime.datetime(2026, 9, 29, 16, 54, 36, 193000),)",2a3c600a
408656754,-778328466,3364,1:41:50.320000,"(datetime.datetime(2026, 9, 29, 16, 54, 36, 278000),)",2a3c600d
408656062,-778331000,3372,1:41:50.380000,"(datetime.datetime(2026, 9, 29, 16, 54, 36, 333000),)",2a3c600a
408656727,-778328592,3364,1:41:50.450000,"(datetime.datetime(2026, 9, 29, 16, 54, 36, 401000),)",2a3c600d
408656035,-778331124,3372,1:41:50.470000,"(datetime.datetime(2026, 9, 29, 16, 54, 36, 429000),)",2a3c600a
408656700,-778328718,3364,1:41:50.540000,"(datetime.datetime(2026, 9, 29, 16, 54, 36, 496000),)",2a3c600d
408656008,-778331245,3372,1:41:50.610000,"(datetime.datetime(2026, 9, 29, 16, 54, 36, 566000),)",2a3c600a
408656674,-778328842,3364,1:41:50.690000,"(datetime.datetime(2026, 9, 29, 16, 54, 36, 649000),)",2a3c600d
408655983,-778331367,3372,1:41:50.730000,"(datetime.datetime(2026, 9, 29, 16, 54, 36, 683000),)",2a3c600a
408656648,-778328966,3364,1:41:50.770000,"(datetime.datetime(2026, 9, 29, 16, 54, 36, 726000),)",2a3c600d
408655956,-778331492,3372,1:41:50.800000,"(datetime.datetime(2026, 9, 29, 16, 54, 36, 756000),)",2a3c600a
408656622,-778329089,3364,1:41:50.880000,"(datetime.datetime(2026, 9, 29, 16, 54, 36, 830000),)",2a3c600d
408655929,-778331616,3372,1:41:50.950000,"(datetime.datetime(2026, 9, 29, 16, 54, 36, 903000),)",2a3c600a
408656594,-778329220,3365,1:41:51.010000,"(datetime.datetime(2026, 9, 29, 16, 54, 36, 962000),)",2a3c600d
408655906,-778331745,3372,1:41:51.070000,"(datetime.datetime(2026, 9, 29, 16, 54, 37, 28000),)",2a3c600a
408656570,-778329342,3365,1:41:51.150000,"(datetime.datetime(2026, 9, 29, 16, 54, 37, 107000),)",2a3c600d
408655882,-778331868,3371,1:41:51.220000,"(datetime.datetime(2026, 9, 29, 16, 54, 37, 171000),)",2a3c600a
408656541,-778329464,3365,1:41:51.310000,"(datetime.datetime(2026, 9, 29, 16, 54, 37, 267000),)",2a3c600d
408655854,-778331991,3371,1:41:51.340000,"(datetime.datetime(2026, 9, 29, 16, 54, 37, 297000),)",2a3c600a
408656518,-778329586,3365,1:41:51.390000,"(datetime.datetime(2026, 9, 29, 16, 54, 37, 345000),)",2a3c600d
408655827,-778332116,3371,1:41:51.420000,"(datetime.datetime(2026, 9, 29, 16, 54, 37, 373000),)",2a3c600a
408656490,-778329708,3365,1:41:51.490000,"(datetime.datetime(2026, 9, 29, 16, 54, 37, 444000),)",2a3c600d
408655801,-778332242,3372,1:41:51.590000,"(datetime.datetime(2026, 9, 29, 16, 54, 37, 540000),)",2a3c600a
408656464,-778329827,3365,1:41:51.670000,"(datetime.datetime(2026, 9, 29, 16, 54, 37, 623000),)",2a3c600d
408655774,-778332368,3372,1:41:51.700000,"(datetime.datetime(2026, 9, 29, 16, 54, 37, 651000),)",2a3c600a
408656438,-778329949,3365,1:41:51.740000,"(datetime.datetime(2026, 9, 29, 16, 54, 37, 695000),)",2a3c600d
408655747,-778332492,3372,1:41:51.800000,"(datetime.datetime(2026, 9, 29, 16, 54, 37, 759000),)",2a3c600a
408656410,-778330067,3365,1:41:51.870000,"(datetime.datetime(2026, 9, 29, 16, 54, 37, 825000),)",2a3c600d
408655721,-778332618,3371,1:41:51.940000,"(datetime.datetime(2026, 9, 29, 16, 54, 37, 892000),)",2a3c600a
408656384,-778330188,3365,1:41:51.970000,"(datetime.datetime(2026, 9, 29, 16, 54, 37, 921000),)",2a3c600d
408655695,-778332743,3371,1:41:52.040000,"(datetime.datetime(2026, 9, 29, 16, 54, 37, 997000),)",2a3c600a
408656359,-778330305,3365,1:41:52.120000,"(datetime.datetime(2026, 9, 29, 16, 54, 38, 72000),)",2a3c600d
408655668,-778332869,3372,1:41:52.180000,"(datetime.datetime(2026, 9, 29, 16, 54, 38, 139000),)",2a3c600a
408656331,-778330433,3366,1:41:52.250000,"(datetime.datetime(2026, 9, 29, 16, 54, 38, 201000),)",2a3c600d
408655639,-778332990,3371,1:41:52.340000,"(datetime.datetime(2026, 9, 29, 16, 54, 38, 297000),)",2a3c600a
408656306,-778330550,3366,1:41:52.410000,"(datetime.datetime(2026, 9, 29, 16, 54, 38, 363000),)",2a3c600d
408655613,-778333114,3371,1:41:52.440000,"(datetime.datetime(2026, 9, 29, 16, 54, 38, 391000),)",2a3c600a
408656278,-778330668,3366,1:41:52.470000,"(datetime.datetime(2026, 9, 29, 16, 54, 38, 430000),)",2a3c600d
408655587,-778333237,3370,1:41:52.550000,"(datetime.datetime(2026, 9, 29, 16, 54, 38, 501000),)",2a3c600a
408656256,-778330786,3366,1:41:52.610000,"(datetime.datetime(2026, 9, 29, 16, 54, 38, 562000),)",2a3c600d
408655559,-778333364,3371,1:41:52.670000,"(datetime.datetime(2026, 9, 29, 16, 54, 38, 626000),)",2a3c600a
408656225,-778330904,3365,1:41:52.770000,"(datetime.datetime(2026, 9, 29, 16, 54, 38, 722000),)",2a3c600d
408655531,-778333490,3371,1:41:52.800000,"(datetime.datetime(2026, 9, 29, 16, 54, 38, 755000),)",2a3c600a
408656199,-778331021,3365,1:41:52.850000,"(datetime.datetime(2026, 9, 29, 16, 54, 38, 801000),)",2a3c600d
408655504,-778333614,3371,1:41:52.910000,"(datetime.datetime(2026, 9, 29, 16, 54, 38, 869000),)",2a3c600a
408656173,-778331142,3366,1:41:52.990000,"(datetime.datetime(2026, 9, 29, 16, 54, 38, 945000),)",2a3c600d
408655477,-778333738,3371,1:41:53.100000,"(datetime.datetime(2026, 9, 29, 16, 54, 39, 51000),)",2a3c600a
408656150,-778331263,3365,1:41:53.130000,"(datetime.datetime(2026, 9, 29, 16, 54, 39, 88000),)",2a3c600d
408655449,-778333861,3371,1:41:53.200000,"(datetime.datetime(2026, 9, 29, 16, 54, 39, 156000),)",2a3c600a
408656120,-778331385,3365,1:41:53.270000,"(datetime.datetime(2026, 9, 29, 16, 54, 39, 224000),)",2a3c600d
408655421,-778333986,3371,1:41:53.370000,"(datetime.datetime(2026, 9, 29, 16, 54, 39, 328000),)",2a3c600a
408656093,-778331505,3365,1:41:53.430000,"(datetime.datetime(2026, 9, 29, 16, 54, 39, 388000),)",2a3c600d
408655394,-778334107,3371,1:41:53.460000,"(datetime.datetime(2026, 9, 29, 16, 54, 39, 416000),)",2a3c600a
408656067,-778331634,3365,1:41:53.510000,"(datetime.datetime(2026, 9, 29, 16, 54, 39, 463000),)",2a3c600d
408655365,-778334229,3371,1:41:53.570000,"(datetime.datetime(2026, 9, 29, 16, 54, 39, 527000),)",2a3c600a
408656038,-778331754,3365,1:41:53.640000,"(datetime.datetime(2026, 9, 29, 16, 54, 39, 596000),)",2a3c600d
408655336,-778334354,3371,1:41:53.740000,"(datetime.datetime(2026, 9, 29, 16, 54, 39, 697000),)",2a3c600a
408656012,-778331878,3365,1:41:53.770000,"(datetime.datetime(2026, 9, 29, 16, 54, 39, 725000),)",2a3c600d
408655309,-778334477,3371,1:41:53.840000,"(datetime.datetime(2026, 9, 29, 16, 54, 39, 791000),)",2a3c600a
408655986,-778332002,3365,1:41:53.910000,"(datetime.datetime(2026, 9, 29, 16, 54, 39, 861000),)",2a3c600d
408655282,-778334601,3371,1:41:53.970000,"(datetime.datetime(2026, 9, 29, 16, 54, 39, 924000),)",2a3c600a
408655958,-778332125,3365,1:41:54.050000,"(datetime.datetime(2026, 9, 29, 16, 54, 40, 8000),)",2a3c600d
408655254,-778334724,3371,1:41:54.110000,"(datetime.datetime(2026, 9, 29, 16, 54, 40, 64000),)",2a3c600a
408655930,-778332248,3365,1:41:54.200000,"(datetime.datetime(2026, 9, 29, 16, 54, 40, 151000),)",2a3c600d
408655227,-778334848,3371,1:41:54.250000,"(datetime.datetime(2026, 9, 29, 16, 54, 40, 206000),)",2a3c600a
408655904,-778332372,3365,1:41:54.310000,"(datetime.datetime(2026, 9, 29, 16, 54, 40, 267000),)",2a3c600d
408655200,-778334969,3371,1:41:54.340000,"(datetime.datetime(2026, 9, 29, 16, 54, 40, 296000),)",2a3c600a
408655877,-778332496,3365,1:41:54.410000,"(datetime.datetime(2026, 9, 29, 16, 54, 40, 366000),)",2a3c600d
408655173,-778335093,3371,1:41:54.440000,"(datetime.datetime(2026, 9, 29, 16, 54, 40, 394000),)",2a3c600a
408655850,-778332620,3365,1:41:54.520000,"(datetime.datetime(2026, 9, 29, 16, 54, 40, 478000),)",2a3c600d
408655146,-778335215,3371,1:41:54.590000,"(datetime.datetime(2026, 9, 29, 16, 54, 40, 549000),)",2a3c600a
408655820,-778332744,3365,1:41:54.660000,"(datetime.datetime(2026, 9, 29, 16, 54, 40, 611000),)",2a3c600d
408655120,-778335335,3371,1:41:54.720000,"(datetime.datetime(2026, 9, 29, 16, 54, 40, 679000),)",2a3c600a
408655792,-778332863,3365,1:41:54.810000,"(datetime.datetime(2026, 9, 29, 16, 54, 40, 761000),)",2a3c600d
408655100,-778335454,3370,1:41:54.870000,"(datetime.datetime(2026, 9, 29, 16, 54, 40, 827000),)",2a3c600a
408655764,-778332990,3365,1:41:54.930000,"(datetime.datetime(2026, 9, 29, 16, 54, 40, 880000),)",2a3c600d
408655072,-778335576,3370,1:41:55.020000,"(datetime.datetime(2026, 9, 29, 16, 54, 40, 979000),)",2a3c600a
408655739,-778333112,3365,1:41:55.050000,"(datetime.datetime(2026, 9, 29, 16, 54, 41, 8000),)",2a3c600d
408655047,-778335694,3370,1:41:55.100000,"(datetime.datetime(2026, 9, 29, 16, 54, 41, 56000),)",2a3c600a
408655712,-778333235,3365,1:41:55.160000,"(datetime.datetime(2026, 9, 29, 16, 54, 41, 118000),)",2a3c600d
408655019,-778335817,3370,1:41:55.250000,"(datetime.datetime(2026, 9, 29, 16, 54, 41, 206000),)",2a3c600a
408655683,-778333357,3365,1:41:55.320000,"(datetime.datetime(2026, 9, 29, 16, 54, 41, 273000),)",2a3c600d
408654993,-778335938,3370,1:41:55.410000,"(datetime.datetime(2026, 9, 29, 16, 54, 41, 367000),)",2a3c600a
408655658,-778333481,3365,1:41:55.460000,"(datetime.datetime(2026, 9, 29, 16, 54, 41, 412000),)",2a3c600d
408654966,-778336056,3370,1:41:55.490000,"(datetime.datetime(2026, 9, 29, 16, 54, 41, 443000),)",2a3c600a
408655628,-778333599,3365,1:41:55.560000,"(datetime.datetime(2026, 9, 29, 16, 54, 41, 516000),)",2a3c600d
408654942,-778336174,3370,1:41:55.630000,"(datetime.datetime(2026, 9, 29, 16, 54, 41, 585000),)",2a3c600a
408655600,-778333722,3365,1:41:55.700000,"(datetime.datetime(2026, 9, 29, 16, 54, 41, 653000),)",2a3c600d
408654914,-778336294,3370,1:41:55.780000,"(datetime.datetime(2026, 9, 29, 16, 54, 41, 731000),)",2a3c600a
408655576,-778333840,3365,1:41:55.840000,"(datetime.datetime(2026, 9, 29, 16, 54, 41, 798000),)",2a3c600d
408654888,-778336412,3370,1:41:55.900000,"(datetime.datetime(2026, 9, 29, 16, 54, 41, 859000),)",2a3c600a
408655547,-778333959,3365,1:41:55.990000,"(datetime.datetime(2026, 9, 29, 16, 54, 41, 947000),)",2a3c600d
408654863,-778336529,3370,1:41:56.040000,"(datetime.datetime(2026, 9, 29, 16, 54, 41, 999000),)",2a3c600a
408655526,-778334069,3366,1:41:56.100000,"(datetime.datetime(2026, 9, 29, 16, 54, 42, 60000),)",2a3c600d
408654835,-778336644,3369,1:41:56.170000,"(datetime.datetime(2026, 9, 29, 16, 54, 42, 124000),)",2a3c600a
408655503,-778334187,3366,1:41:56.230000,"(datetime.datetime(2026, 9, 29, 16, 54, 42, 190000),)",2a3c600d
408654810,-778336759,3369,1:41:56.330000,"(datetime.datetime(2026, 9, 29, 16, 54, 42, 283000),)",2a3c600a
408655475,-778334299,3365,1:41:56.360000,"(datetime.datetime(2026, 9, 29, 16, 54, 42, 314000),)",2a3c600d
408654784,-778336875,3369,1:41:56.410000,"(datetime.datetime(2026, 9, 29, 16, 54, 42, 361000),)",2a3c600a
408655450,-778334414,3366,1:41:56.480000,"(datetime.datetime(2026, 9, 29, 16, 54, 42, 431000),)",2a3c600d
408654760,-778336989,3369,1:41:56.550000,"(datetime.datetime(2026, 9, 29, 16, 54, 42, 503000),)",2a3c600a
408655426,-778334525,3365,1:41:56.620000,"(datetime.datetime(2026, 9, 29, 16, 54, 42, 575000),)",2a3c600d
408654735,-778337103,3369,1:41:56.690000,"(datetime.datetime(2026, 9, 29, 16, 54, 42, 645000),)",2a3c600a
408655400,-778334637,3365,1:41:56.760000,"(datetime.datetime(2026, 9, 29, 16, 54, 42, 714000),)",2a3c600d
408654711,-778337216,3369,1:41:56.820000,"(datetime.datetime(2026, 9, 29, 16, 54, 42, 776000),)",2a3c600a
408655378,-778334747,3365,1:41:56.910000,"(datetime.datetime(2026, 9, 29, 16, 54, 42, 862000),)",2a3c600d
408654687,-778337329,3369,1:41:56.970000,"(datetime.datetime(2026, 9, 29, 16, 54, 42, 921000),)",2a3c600a
408655355,-778334856,3366,1:41:57.070000,"(datetime.datetime(2026, 9, 29, 16, 54, 43, 21000),)",2a3c600d
408654663,-778337439,3369,1:41:57.110000,"(datetime.datetime(2026, 9, 29, 16, 54, 43, 67000),)",2a3c600a
408655328,-778334961,3365,1:41:57.170000,"(datetime.datetime(2026, 9, 29, 16, 54, 43, 125000),)",2a3c600d
408654639,-778337550,3369,1:41:57.250000,"(datetime.datetime(2026, 9, 29, 16, 54, 43, 206000),)",2a3c600a
408655306,-778335071,3365,1:41:57.310000,"(datetime.datetime(2026, 9, 29, 16, 54, 43, 264000),)",2a3c600d
408654616,-778337659,3369,1:41:57.390000,"(datetime.datetime(2026, 9, 29, 16, 54, 43, 347000),)",2a3c600a
408655286,-778335177,3365,1:41:57.470000,"(datetime.datetime(2026, 9, 29, 16, 54, 43, 422000),)",2a3c600d
408654596,-778337772,3368,1:41:57.500000,"(datetime.datetime(2026, 9, 29, 16, 54, 43, 459000),)",2a3c600a
408655261,-778335280,3365,1:41:57.570000,"(datetime.datetime(2026, 9, 29, 16, 54, 43, 527000),)",2a3c600d
408654573,-778337877,3368,1:41:57.660000,"(datetime.datetime(2026, 9, 29, 16, 54, 43, 618000),)",2a3c600a
408655237,-778335384,3365,1:41:57.710000,"(datetime.datetime(2026, 9, 29, 16, 54, 43, 669000),)",2a3c600d
408654550,-778337983,3368,1:41:57.780000,"(datetime.datetime(2026, 9, 29, 16, 54, 43, 733000),)",2a3c600a
408655217,-778335489,3365,1:41:57.840000,"(datetime.datetime(2026, 9, 29, 16, 54, 43, 794000),)",2a3c600d
408654527,-778338089,3368,1:41:57.900000,"(datetime.datetime(2026, 9, 29, 16, 54, 43, 858000),)",2a3c600a
408655193,-778335592,3365,1:41:58.260000,"(datetime.datetime(2026, 9, 29, 16, 54, 44, 214000),)",2a3c600d
408654506,-778338190,3368,1:41:58.330000,"(datetime.datetime(2026, 9, 29, 16, 54, 44, 288000),)",2a3c600a
408655169,-778335695,3365,1:41:58.420000,"(datetime.datetime(2026, 9, 29, 16, 54, 44, 371000),)",2a3c600d
408654485,-778338290,3368,1:41:58.500000,"(datetime.datetime(2026, 9, 29, 16, 54, 44, 458000),)",2a3c600a
408655147,-778335796,3365,1:41:58.590000,"(datetime.datetime(2026, 9, 29, 16, 54, 44, 548000),)",2a3c600d
408654463,-778338389,3368,1:41:58.740000,"(datetime.datetime(2026, 9, 29, 16, 54, 44, 697000),)",2a3c600a
408655123,-778335897,3365,1:41:58.860000,"(datetime.datetime(2026, 9, 29, 16, 54, 44, 820000),)",2a3c600d
408654441,-778338489,3368,1:41:58.950000,"(datetime.datetime(2026, 9, 29, 16, 54, 44, 904000),)",2a3c600a
408655103,-778335997,3365,1:41:59.070000,"(datetime.datetime(2026, 9, 29, 16, 54, 45, 26000),)",2a3c600d
408654420,-778338586,3368,1:41:59.160000,"(datetime.datetime(2026, 9, 29, 16, 54, 45, 114000),)",2a3c600a
408655079,-778336098,3364,1:41:59.220000,"(datetime.datetime(2026, 9, 29, 16, 54, 45, 175000),)",2a3c600d
408654400,-778338680,3369,1:41:59.280000,"(datetime.datetime(2026, 9, 29, 16, 54, 45, 236000),)",2a3c600a
408655054,-778336200,3365,1:41:59.330000,"(datetime.datetime(2026, 9, 29, 16, 54, 45, 290000),)",2a3c600d
408654373,-778338777,3368,1:41:59.410000,"(datetime.datetime(2026, 9, 29, 16, 54, 45, 363000),)",2a3c600a
408655034,-778336296,3365,1:41:59.530000,"(datetime.datetime(2026, 9, 29, 16, 54, 45, 485000),)",2a3c600d
408654355,-778338865,3368,1:41:59.700000,"(datetime.datetime(2026, 9, 29, 16, 54, 45, 652000),)",2a3c600a
408655010,-778336394,3365,1:41:59.880000,"(datetime.datetime(2026, 9, 29, 16, 54, 45, 835000),)",2a3c600d
408654337,-778338952,3368,1:41:59.920000,"(datetime.datetime(2026, 9, 29, 16, 54, 45, 879000),)",2a3c600a
408654990,-778336491,3365,1:42:00.070000,"(datetime.datetime(2026, 9, 29, 16, 54, 46, 27000),)",2a3c600d
408654319,-778339041,3368,1:42:00.210000,"(datetime.datetime(2026, 9, 29, 16, 54, 46, 164000),)",2a3c600a
408654970,-778336586,3365,1:42:00.350000,"(datetime.datetime(2026, 9, 29, 16, 54, 46, 304000),)",2a3c600d
408654298,-778339131,3368,1:42:00.410000,"(datetime.datetime(2026, 9, 29, 16, 54, 46, 369000),)",2a3c600a
408654948,-778336682,3365,1:42:00.540000,"(datetime.datetime(2026, 9, 29, 16, 54, 46, 500000),)",2a3c600d
408654281,-778339211,3368,1:42:00.720000,"(datetime.datetime(2026, 9, 29, 16, 54, 46, 678000),)",2a3c600a
408654928,-778336775,3365,1:42:00.780000,"(datetime.datetime(2026, 9, 29, 16, 54, 46, 732000),)",2a3c600d
408654263,-778339296,3368,1:42:00.840000,"(datetime.datetime(2026, 9, 29, 16, 54, 46, 791000),)",2a3c600a
408654906,-778336867,3365,1:42:00.920000,"(datetime.datetime(2026, 9, 29, 16, 54, 46, 870000),)",2a3c600d
408654247,-778339375,3368,1:42:00.980000,"(datetime.datetime(2026, 9, 29, 16, 54, 46, 932000),)",2a3c600a
408654889,-778336957,3365,1:42:01.040000,"(datetime.datetime(2026, 9, 29, 16, 54, 46, 996000),)",2a3c600d
408654230,-778339454,3368,1:42:01.140000,"(datetime.datetime(2026, 9, 29, 16, 54, 47, 94000),)",2a3c600a
408654868,-778337046,3365,1:42:01.170000,"(datetime.datetime(2026, 9, 29, 16, 54, 47, 127000),)",2a3c600d
408654213,-778339530,3368,1:42:01.240000,"(datetime.datetime(2026, 9, 29, 16, 54, 47, 195000),)",2a3c600a
408654850,-778337137,3365,1:42:01.310000,"(datetime.datetime(2026, 9, 29, 16, 54, 47, 263000),)",2a3c600d
408654200,-778339616,3367,1:42:01.390000,"(datetime.datetime(2026, 9, 29, 16, 54, 47, 345000),)",2a3c600a
408654829,-778337220,3364,1:42:01.450000,"(datetime.datetime(2026, 9, 29, 16, 54, 47, 405000),)",2a3c600d
408654186,-778339684,3367,1:42:01.520000,"(datetime.datetime(2026, 9, 29, 16, 54, 47, 475000),)",2a3c600a
408654812,-778337307,3365,1:42:01.590000,"(datetime.datetime(2026, 9, 29, 16, 54, 47, 544000),)",2a3c600d
408654171,-778339752,3367,1:42:01.660000,"(datetime.datetime(2026, 9, 29, 16, 54, 47, 617000),)",2a3c600a
408654796,-778337389,3365,1:42:01.720000,"(datetime.datetime(2026, 9, 29, 16, 54, 47, 676000),)",2a3c600d
408654157,-778339820,3367,1:42:01.750000,"(datetime.datetime(2026, 9, 29, 16, 54, 47, 704000),)",2a3c600a
408654780,-778337469,3365,1:42:01.840000,"(datetime.datetime(2026, 9, 29, 16, 54, 47, 794000),)",2a3c600d
408654142,-778339888,3368,1:42:01.890000,"(datetime.datetime(2026, 9, 29, 16, 54, 47, 847000),)",2a3c600a
408654762,-778337548,3364,1:42:01.960000,"(datetime.datetime(2026, 9, 29, 16, 54, 47, 912000),)",2a3c600d
408654129,-778339953,3368,1:42:02.020000,"(datetime.datetime(2026, 9, 29, 16, 54, 47, 979000),)",2a3c600a
408654762,-778337548,3364,1:42:02.090000,"(datetime.datetime(2026, 9, 29, 16, 54, 48, 43000),)",2a3c600d
408654116,-778340011,3368,1:42:02.170000,"(datetime.datetime(2026, 9, 29, 16, 54, 48, 121000),)",2a3c600a
408654104,-778340072,3367,1:42:02.230000,"(datetime.datetime(2026, 9, 29, 16, 54, 48, 184000),)",2a3c600a
408654729,-778337703,3365,1:42:02.280000,"(datetime.datetime(2026, 9, 29, 16, 54, 48, 237000),)",2a3c600d
408654092,-778340128,3368,1:42:02.360000,"(datetime.datetime(2026, 9, 29, 16, 54, 48, 316000),)",2a3c600a
408654713,-778337776,3365,1:42:02.440000,"(datetime.datetime(2026, 9, 29, 16, 54, 48, 392000),)",2a3c600d
408654080,-778340183,3367,1:42:02.510000,"(datetime.datetime(2026, 9, 29, 16, 54, 48, 467000),)",2a3c600a
408654696,-778337849,3365,1:42:02.590000,"(datetime.datetime(2026, 9, 29, 16, 54, 48, 541000),)",2a3c600d
408654067,-778340249,3368,1:42:02.650000,"(datetime.datetime(2026, 9, 29, 16, 54, 48, 609000),)",2a3c600a
408654678,-778337929,3364,1:42:02.720000,"(datetime.datetime(2026, 9, 29, 16, 54, 48, 675000),)",2a3c600d
408654665,-778337993,3364,1:42:02.790000,"(datetime.datetime(2026, 9, 29, 16, 54, 48, 740000),)",2a3c600d
408654059,-778340294,3368,1:42:02.860000,"(datetime.datetime(2026, 9, 29, 16, 54, 48, 815000),)",2a3c600a
408654047,-778340344,3368,1:42:02.940000,"(datetime.datetime(2026, 9, 29, 16, 54, 48, 896000),)",2a3c600a
408654652,-778338062,3364,1:42:02.990000,"(datetime.datetime(2026, 9, 29, 16, 54, 48, 942000),)",2a3c600d
408654039,-778340389,3368,1:42:03.050000,"(datetime.datetime(2026, 9, 29, 16, 54, 49, 1000),)",2a3c600a
408654635,-778338129,3364,1:42:03.150000,"(datetime.datetime(2026, 9, 29, 16, 54, 49, 102000),)",2a3c600d
408654029,-778340434,3368,1:42:03.180000,"(datetime.datetime(2026, 9, 29, 16, 54, 49, 135000),)",2a3c600a
408654622,-778338193,3364,1:42:03.240000,"(datetime.datetime(2026, 9, 29, 16, 54, 49, 200000),)",2a3c600d
408654020,-778340473,3368,1:42:03.340000,"(datetime.datetime(2026, 9, 29, 16, 54, 49, 293000),)",2a3c600a
408654608,-778338257,3364,1:42:03.390000,"(datetime.datetime(2026, 9, 29, 16, 54, 49, 342000),)",2a3c600d
408654013,-778340513,3368,1:42:03.450000,"(datetime.datetime(2026, 9, 29, 16, 54, 49, 408000),)",2a3c600a
408654608,-778338257,3364,1:42:03.520000,"(datetime.datetime(2026, 9, 29, 16, 54, 49, 478000),)",2a3c600d
408654005,-778340551,3368,1:42:03.590000,"(datetime.datetime(2026, 9, 29, 16, 54, 49, 543000),)",2a3c600a
408654593,-778338319,3364,1:42:03.620000,"(datetime.datetime(2026, 9, 29, 16, 54, 49, 572000),)",2a3c600d
408653996,-778340585,3368,1:42:03.690000,"(datetime.datetime(2026, 9, 29, 16, 54, 49, 646000),)",2a3c600a
408654570,-778338439,3364,1:42:03.760000,"(datetime.datetime(2026, 9, 29, 16, 54, 49, 711000),)",2a3c600d
408653991,-778340618,3368,1:42:03.820000,"(datetime.datetime(2026, 9, 29, 16, 54, 49, 775000),)",2a3c600a
408654556,-778338498,3364,1:42:03.880000,"(datetime.datetime(2026, 9, 29, 16, 54, 49, 838000),)",2a3c600d
408653977,-778340661,3367,1:42:03.960000,"(datetime.datetime(2026, 9, 29, 16, 54, 49, 916000),)",2a3c600a
408654543,-778338563,3364,1:42:04.020000,"(datetime.datetime(2026, 9, 29, 16, 54, 49, 971000),)",2a3c600d
408653972,-778340681,3366,1:42:04.080000,"(datetime.datetime(2026, 9, 29, 16, 54, 50, 37000),)",2a3c600a
408654532,-778338613,3364,1:42:04.160000,"(datetime.datetime(2026, 9, 29, 16, 54, 50, 116000),)",2a3c600d
408653968,-778340706,3366,1:42:04.230000,"(datetime.datetime(2026, 9, 29, 16, 54, 50, 187000),)",2a3c600a
408654519,-778338665,3364,1:42:04.310000,"(datetime.datetime(2026, 9, 29, 16, 54, 50, 266000),)",2a3c600d
408654509,-778338719,3364,1:42:04.380000,"(datetime.datetime(2026, 9, 29, 16, 54, 50, 330000),)",2a3c600d
408653962,-778340729,3367,1:42:04.440000,"(datetime.datetime(2026, 9, 29, 16, 54, 50, 395000),)",2a3c600a
408654496,-778338769,3364,1:42:04.520000,"(datetime.datetime(2026, 9, 29, 16, 54, 50, 475000),)",2a3c600d
408653958,-778340750,3367,1:42:04.580000,"(datetime.datetime(2026, 9, 29, 16, 54, 50, 537000),)",2a3c600a
408653954,-778340769,3367,1:42:04.650000,"(datetime.datetime(2026, 9, 29, 16, 54, 50, 608000),)",2a3c600a
408654487,-778338818,3364,1:42:04.720000,"(datetime.datetime(2026, 9, 29, 16, 54, 50, 673000),)",2a3c600d
408653950,-778340785,3367,1:42:04.790000,"(datetime.datetime(2026, 9, 29, 16, 54, 50, 744000),)",2a3c600a
408654476,-778338866,3364,1:42:04.850000,"(datetime.datetime(2026, 9, 29, 16, 54, 50, 806000),)",2a3c600d
408654467,-778338913,3364,1:42:04.920000,"(datetime.datetime(2026, 9, 29, 16, 54, 50, 875000),)",2a3c600d
408653947,-778340801,3367,1:42:05.020000,"(datetime.datetime(2026, 9, 29, 16, 54, 50, 978000),)",2a3c600a
408653945,-778340812,3366,1:42:05.050000,"(datetime.datetime(2026, 9, 29, 16, 54, 51, 8000),)",2a3c600a
408654455,-778338959,3364,1:42:05.100000,"(datetime.datetime(2026, 9, 29, 16, 54, 51, 52000),)",2a3c600d
408653943,-778340822,3366,1:42:05.180000,"(datetime.datetime(2026, 9, 29, 16, 54, 51, 138000),)",2a3c600a
408654448,-778339002,3364,1:42:05.240000,"(datetime.datetime(2026, 9, 29, 16, 54, 51, 192000),)",2a3c600d
408653933,-778340844,3367,1:42:05.300000,"(datetime.datetime(2026, 9, 29, 16, 54, 51, 252000),)",2a3c600a
408654434,-778339049,3363,1:42:05.390000,"(datetime.datetime(2026, 9, 29, 16, 54, 51, 344000),)",2a3c600d
408653932,-778340851,3367,1:42:05.450000,"(datetime.datetime(2026, 9, 29, 16, 54, 51, 406000),)",2a3c600a
408654427,-778339086,3363,1:42:05.510000,"(datetime.datetime(2026, 9, 29, 16, 54, 51, 467000),)",2a3c600d
408653930,-778340857,3367,1:42:05.580000,"(datetime.datetime(2026, 9, 29, 16, 54, 51, 533000),)",2a3c600a
408654420,-778339124,3363,1:42:05.650000,"(datetime.datetime(2026, 9, 29, 16, 54, 51, 604000),)",2a3c600d
408653927,-778340865,3367,1:42:05.710000,"(datetime.datetime(2026, 9, 29, 16, 54, 51, 666000),)",2a3c600a
408654411,-778339161,3363,1:42:05.780000,"(datetime.datetime(2026, 9, 29, 16, 54, 51, 739000),)",2a3c600d
408653926,-778340872,3367,1:42:05.870000,"(datetime.datetime(2026, 9, 29, 16, 54, 51, 830000),)",2a3c600a
408654404,-778339198,3363,1:42:05.930000,"(datetime.datetime(2026, 9, 29, 16, 54, 51, 884000),)",2a3c600d
408653925,-778340876,3367,1:42:06.010000,"(datetime.datetime(2026, 9, 29, 16, 54, 51, 964000),)",2a3c600a
408654397,-778339232,3364,1:42:06.080000,"(datetime.datetime(2026, 9, 29, 16, 54, 52, 36000),)",2a3c600d
408654390,-778339266,3363,1:42:06.150000,"(datetime.datetime(2026, 9, 29, 16, 54, 52, 107000),)",2a3c600d
408653923,-778340878,3367,1:42:06.230000,"(datetime.datetime(2026, 9, 29, 16, 54, 52, 183000),)",2a3c600a
408653923,-778340879,3367,1:42:06.290000,"(datetime.datetime(2026, 9, 29, 16, 54, 52, 246000),)",2a3c600a
408654384,-778339297,3364,1:42:06.370000,"(datetime.datetime(2026, 9, 29, 16, 54, 52, 329000),)",2a3c600d
408653922,-778340882,3367,1:42:06.430000,"(datetime.datetime(2026, 9, 29, 16, 54, 52, 387000),)",2a3c600a
408654377,-778339327,3364,1:42:06.490000,"(datetime.datetime(2026, 9, 29, 16, 54, 52, 450000),)",2a3c600d
408653922,-778340882,3367,1:42:06.570000,"(datetime.datetime(2026, 9, 29, 16, 54, 52, 525000),)",2a3c600a
408654369,-778339357,3363,1:42:06.650000,"(datetime.datetime(2026, 9, 29, 16, 54, 52, 605000),)",2a3c600d
408653914,-778340888,3366,1:42:06.720000,"(datetime.datetime(2026, 9, 29, 16, 54, 52, 671000),)",2a3c600a
408654361,-778339392,3364,1:42:06.780000,"(datetime.datetime(2026, 9, 29, 16, 54, 52, 738000),)",2a3c600d
408653916,-778340882,3367,1:42:06.860000,"(datetime.datetime(2026, 9, 29, 16, 54, 52, 814000),)",2a3c600a
408654357,-778339413,3365,1:42:06.920000,"(datetime.datetime(2026, 9, 29, 16, 54, 52, 879000),)",2a3c600d
408654353,-778339437,3365,1:42:06.990000,"(datetime.datetime(2026, 9, 29, 16, 54, 52, 950000),)",2a3c600d
408653917,-778340880,3367,1:42:07.070000,"(datetime.datetime(2026, 9, 29, 16, 54, 53, 21000),)",2a3c600a
408653917,-778340879,3366,1:42:07.150000,"(datetime.datetime(2026, 9, 29, 16, 54, 53, 107000),)",2a3c600a
408654346,-778339460,3365,1:42:07.200000,"(datetime.datetime(2026, 9, 29, 16, 54, 53, 159000),)",2a3c600d
408653917,-778340880,3366,1:42:07.270000,"(datetime.datetime(2026, 9, 29, 16, 54, 53, 221000),)",2a3c600a
408654343,-778339482,3365,1:42:07.330000,"(datetime.datetime(2026, 9, 29, 16, 54, 53, 286000),)",2a3c600d
408654337,-778339502,3365,1:42:07.400000,"(datetime.datetime(2026, 9, 29, 16, 54, 53, 355000),)",2a3c600d
408653916,-778340879,3366,1:42:07.460000,"(datetime.datetime(2026, 9, 29, 16, 54, 53, 419000),)",2a3c600a
408654335,-778339520,3365,1:42:07.540000,"(datetime.datetime(2026, 9, 29, 16, 54, 53, 495000),)",2a3c600d
408653915,-778340881,3366,1:42:07.600000,"(datetime.datetime(2026, 9, 29, 16, 54, 53, 557000),)",2a3c600a
408654329,-778339537,3364,1:42:07.670000,"(datetime.datetime(2026, 9, 29, 16, 54, 53, 622000),)",2a3c600d
408653917,-778340879,3366,1:42:07.730000,"(datetime.datetime(2026, 9, 29, 16, 54, 53, 687000),)",2a3c600a
408654328,-778339554,3365,1:42:07.810000,"(datetime.datetime(2026, 9, 29, 16, 54, 53, 764000),)",2a3c600d
408653916,-778340880,3366,1:42:07.880000,"(datetime.datetime(2026, 9, 29, 16, 54, 53, 831000),)",2a3c600a
408654321,-778339567,3364,1:42:07.940000,"(datetime.datetime(2026, 9, 29, 16, 54, 53, 895000),)",2a3c600d
408653917,-778340882,3366,1:42:08.010000,"(datetime.datetime(2026, 9, 29, 16, 54, 53, 966000),)",2a3c600a
408654313,-778339587,3365,1:42:08.080000,"(datetime.datetime(2026, 9, 29, 16, 54, 54, 34000),)",2a3c600d
408653919,-778340884,3366,1:42:08.150000,"(datetime.datetime(2026, 9, 29, 16, 54, 54, 106000),)",2a3c600a
408654311,-778339594,3365,1:42:08.220000,"(datetime.datetime(2026, 9, 29, 16, 54, 54, 180000),)",2a3c600d
408653919,-778340881,3366,1:42:08.290000,"(datetime.datetime(2026, 9, 29, 16, 54, 54, 245000),)",2a3c600a
408654310,-778339604,3365,1:42:08.360000,"(datetime.datetime(2026, 9, 29, 16, 54, 54, 311000),)",2a3c600d
408653921,-778340882,3366,1:42:08.380000,"(datetime.datetime(2026, 9, 29, 16, 54, 54, 339000),)",2a3c600a
408654307,-778339613,3365,1:42:08.460000,"(datetime.datetime(2026, 9, 29, 16, 54, 54, 412000),)",2a3c600d
408653919,-778340883,3366,1:42:08.520000,"(datetime.datetime(2026, 9, 29, 16, 54, 54, 477000),)",2a3c600a
408654304,-778339622,3365,1:42:08.590000,"(datetime.datetime(2026, 9, 29, 16, 54, 54, 544000),)",2a3c600d
408653918,-778340884,3366,1:42:08.660000,"(datetime.datetime(2026, 9, 29, 16, 54, 54, 615000),)",2a3c600a
408654304,-778339628,3365,1:42:08.740000,"(datetime.datetime(2026, 9, 29, 16, 54, 54, 695000),)",2a3c600d
408653919,-778340883,3366,1:42:08.790000,"(datetime.datetime(2026, 9, 29, 16, 54, 54, 747000),)",2a3c600a
408654304,-778339634,3365,1:42:08.860000,"(datetime.datetime(2026, 9, 29, 16, 54, 54, 818000),)",2a3c600d
408653918,-778340883,3366,1:42:08.940000,"(datetime.datetime(2026, 9, 29, 16, 54, 54, 895000),)",2a3c600a
408654301,-778339637,3365,1:42:08.990000,"(datetime.datetime(2026, 9, 29, 16, 54, 54, 943000),)",2a3c600d
408653918,-778340884,3367,1:42:09.070000,"(datetime.datetime(2026, 9, 29, 16, 54, 55, 30000),)",2a3c600a
408654299,-778339640,3365,1:42:09.150000,"(datetime.datetime(2026, 9, 29, 16, 54, 55, 103000),)",2a3c600d
408653918,-778340884,3366,1:42:09.210000,"(datetime.datetime(2026, 9, 29, 16, 54, 55, 161000),)",2a3c600a
408654299,-778339640,3365,1:42:09.270000,"(datetime.datetime(2026, 9, 29, 16, 54, 55, 223000),)",2a3c600d
408653916,-778340883,3367,1:42:09.340000,"(datetime.datetime(2026, 9, 29, 16, 54, 55, 291000),)",2a3c600a
408654300,-778339643,3365,1:42:09.410000,"(datetime.datetime(2026, 9, 29, 16, 54, 55, 366000),)",2a3c600d
408653914,-778340894,3367,1:42:09.470000,"(datetime.datetime(2026, 9, 29, 16, 54, 55, 427000),)",2a3c600a
408654294,-778339649,3364,1:42:09.550000,"(datetime.datetime(2026, 9, 29, 16, 54, 55, 503000),)",2a3c600d
408653915,-778340895,3367,1:42:09.610000,"(datetime.datetime(2026, 9, 29, 16, 54, 55, 564000),)",2a3c600a
408654295,-778339646,3364,1:42:09.670000,"(datetime.datetime(2026, 9, 29, 16, 54, 55, 627000),)",2a3c600d
408653914,-778340894,3366,1:42:09.740000,"(datetime.datetime(2026, 9, 29, 16, 54, 55, 694000),)",2a3c600a
408654294,-778339649,3364,1:42:09.800000,"(datetime.datetime(2026, 9, 29, 16, 54, 55, 758000),)",2a3c600d
408653913,-778340894,3367,1:42:09.870000,"(datetime.datetime(2026, 9, 29, 16, 54, 55, 827000),)",2a3c600a
408654295,-778339649,3364,1:42:09.940000,"(datetime.datetime(2026, 9, 29, 16, 54, 55, 893000),)",2a3c600d
408653916,-778340894,3366,1:42:10,"(datetime.datetime(2026, 9, 29, 16, 54, 55, 956000),)",2a3c600a
408654296,-778339649,3364,1:42:10.080000,"(datetime.datetime(2026, 9, 29, 16, 54, 56, 31000),)",2a3c600d
408653915,-778340891,3366,1:42:10.150000,"(datetime.datetime(2026, 9, 29, 16, 54, 56, 101000),)",2a3c600a
408654295,-778339648,3364,1:42:10.220000,"(datetime.datetime(2026, 9, 29, 16, 54, 56, 172000),)",2a3c600d
408653917,-778340894,3367,1:42:10.290000,"(datetime.datetime(2026, 9, 29, 16, 54, 56, 248000),)",2a3c600a
408654297,-778339648,3364,1:42:10.350000,"(datetime.datetime(2026, 9, 29, 16, 54, 56, 308000),)",2a3c600d
408653915,-778340894,3367,1:42:10.430000,"(datetime.datetime(2026, 9, 29, 16, 54, 56, 382000),)",2a3c600a
408654294,-778339648,3364,1:42:10.500000,"(datetime.datetime(2026, 9, 29, 16, 54, 56, 451000),)",2a3c600d
408653916,-778340894,3367,1:42:10.560000,"(datetime.datetime(2026, 9, 29, 16, 54, 56, 514000),)",2a3c600a
408654297,-778339648,3364,1:42:10.630000,"(datetime.datetime(2026, 9, 29, 16, 54, 56, 586000),)",2a3c600d
408653916,-778340894,3367,1:42:10.700000,"(datetime.datetime(2026, 9, 29, 16, 54, 56, 651000),)",2a3c600a
408654294,-778339647,3364,1:42:10.770000,"(datetime.datetime(2026, 9, 29, 16, 54, 56, 728000),)",2a3c600d
408653912,-778340896,3366,1:42:10.830000,"(datetime.datetime(2026, 9, 29, 16, 54, 56, 786000),)",2a3c600a
408654295,-778339647,3362,1:42:10.900000,"(datetime.datetime(2026, 9, 29, 16, 54, 56, 856000),)",2a3c600d
408653912,-778340896,3366,1:42:10.960000,"(datetime.datetime(2026, 9, 29, 16, 54, 56, 917000),)",2a3c600a
408654297,-778339646,3362,1:42:11.050000,"(datetime.datetime(2026, 9, 29, 16, 54, 57, 3000),)",2a3c600d
408653912,-778340896,3366,1:42:11.150000,"(datetime.datetime(2026, 9, 29, 16, 54, 57, 101000),)",2a3c600a
408654295,-778339646,3362,1:42:11.190000,"(datetime.datetime(2026, 9, 29, 16, 54, 57, 146000),)",2a3c600d
408653912,-778340896,3366,1:42:11.260000,"(datetime.datetime(2026, 9, 29, 16, 54, 57, 218000),)",2a3c600a
408654296,-778339645,3362,1:42:11.330000,"(datetime.datetime(2026, 9, 29, 16, 54, 57, 281000),)",2a3c600d
408653912,-778340896,3366,1:42:11.400000,"(datetime.datetime(2026, 9, 29, 16, 54, 57, 354000),)",2a3c600a
408654296,-778339644,3362,1:42:11.460000,"(datetime.datetime(2026, 9, 29, 16, 54, 57, 414000),)",2a3c600d
408653912,-778340896,3366,1:42:11.530000,"(datetime.datetime(2026, 9, 29, 16, 54, 57, 490000),)",2a3c600a
408654298,-778339645,3362,1:42:11.600000,"(datetime.datetime(2026, 9, 29, 16, 54, 57, 560000),)",2a3c600d
408653912,-778340896,3366,1:42:11.680000,"(datetime.datetime(2026, 9, 29, 16, 54, 57, 639000),)",2a3c600a
408654296,-778339645,3362,1:42:11.740000,"(datetime.datetime(2026, 9, 29, 16, 54, 57, 696000),)",2a3c600d
408653912,-778340896,3366,1:42:11.820000,"(datetime.datetime(2026, 9, 29, 16, 54, 57, 778000),)",2a3c600a
408654298,-778339645,3363,1:42:11.890000,"(datetime.datetime(2026, 9, 29, 16, 54, 57, 844000),)",2a3c600d
408653912,-778340896,3366,1:42:11.920000,"(datetime.datetime(2026, 9, 29, 16, 54, 57, 879000),)",2a3c600a
408654296,-778339645,3362,1:42:11.990000,"(datetime.datetime(2026, 9, 29, 16, 54, 57, 947000),)",2a3c600d
408653912,-778340896,3366,1:42:12.060000,"(datetime.datetime(2026, 9, 29, 16, 54, 58, 15000),)",2a3c600a
408654295,-778339646,3362,1:42:12.150000,"(datetime.datetime(2026, 9, 29, 16, 54, 58, 101000),)",2a3c600d
408653914,-778340896,3366,1:42:12.190000,"(datetime.datetime(2026, 9, 29, 16, 54, 58, 145000),)",2a3c600a
408654286,-778339647,3362,1:42:12.260000,"(datetime.datetime(2026, 9, 29, 16, 54, 58, 219000),)",2a3c600d
408653914,-778340896,3366,1:42:12.290000,"(datetime.datetime(2026, 9, 29, 16, 54, 58, 248000),)",2a3c600a
408654287,-778339650,3362,1:42:12.370000,"(datetime.datetime(2026, 9, 29, 16, 54, 58, 322000),)",2a3c600d
408653914,-778340896,3366,1:42:12.430000,"(datetime.datetime(2026, 9, 29, 16, 54, 58, 387000),)",2a3c600a
408654289,-778339652,3362,1:42:12.500000,"(datetime.datetime(2026, 9, 29, 16, 54, 58, 459000),)",2a3c600d
408653914,-778340896,3366,1:42:12.570000,"(datetime.datetime(2026, 9, 29, 16, 54, 58, 527000),)",2a3c600a
408654285,-778339653,3362,1:42:12.640000,"(datetime.datetime(2026, 9, 29, 16, 54, 58, 591000),)",2a3c600d
408653914,-778340896,3366,1:42:12.710000,"(datetime.datetime(2026, 9, 29, 16, 54, 58, 668000),)",2a3c600a
408654286,-778339659,3362,1:42:12.780000,"(datetime.datetime(2026, 9, 29, 16, 54, 58, 735000),)",2a3c600d
408653914,-778340896,3366,1:42:12.850000,"(datetime.datetime(2026, 9, 29, 16, 54, 58, 805000),)",2a3c600a
408654284,-778339661,3362,1:42:12.990000,"(datetime.datetime(2026, 9, 29, 16, 54, 58, 950000),)",2a3c600d
408653914,-778340896,3366,1:42:13.300000,"(datetime.datetime(2026, 9, 29, 16, 54, 59, 257000),)",2a3c600a
408654282,-778339666,3362,1:42:13.490000,"(datetime.datetime(2026, 9, 29, 16, 54, 59, 443000),)",2a3c600d
408653914,-778340896,3366,1:42:13.540000,"(datetime.datetime(2026, 9, 29, 16, 54, 59, 500000),)",2a3c600a
408654280,-778339670,3362,1:42:13.670000,"(datetime.datetime(2026, 9, 29, 16, 54, 59, 622000),)",2a3c600d
408653914,-778340896,3366,1:42:13.820000,"(datetime.datetime(2026, 9, 29, 16, 54, 59, 776000),)",2a3c600a
408654280,-778339677,3362,1:42:14.020000,"(datetime.datetime(2026, 9, 29, 16, 54, 59, 976000),)",2a3c600d
408653914,-778340896,3366,1:42:14.180000,"(datetime.datetime(2026, 9, 29, 16, 55, 0, 140000),)",2a3c600a
408654274,-778339686,3361,1:42:14.250000,"(datetime.datetime(2026, 9, 29, 16, 55, 0, 209000),)",2a3c600d
408653883,-778341045,3365,1:42:14.430000,"(datetime.datetime(2026, 9, 29, 16, 55, 0, 382000),)",2a3c600a
408654272,-778339695,3361,1:42:14.480000,"(datetime.datetime(2026, 9, 29, 16, 55, 0, 436000),)",2a3c600d
408653875,-778341080,3365,1:42:14.560000,"(datetime.datetime(2026, 9, 29, 16, 55, 0, 515000),)",2a3c600a
408654272,-778339695,3361,1:42:14.710000,"(datetime.datetime(2026, 9, 29, 16, 55, 0, 668000),)",2a3c600d
408653870,-778341111,3365,1:42:14.770000,"(datetime.datetime(2026, 9, 29, 16, 55, 0, 724000),)",2a3c600a
408654272,-778339701,3361,1:42:14.890000,"(datetime.datetime(2026, 9, 29, 16, 55, 0, 842000),)",2a3c600d
408653862,-778341145,3365,1:42:15.040000,"(datetime.datetime(2026, 9, 29, 16, 55, 0, 991000),)",2a3c600a
408654268,-778339708,3360,1:42:15.070000,"(datetime.datetime(2026, 9, 29, 16, 55, 1, 30000),)",2a3c600d
408653854,-778341180,3365,1:42:15.250000,"(datetime.datetime(2026, 9, 29, 16, 55, 1, 207000),)",2a3c600a
408654269,-778339717,3361,1:42:15.280000,"(datetime.datetime(2026, 9, 29, 16, 55, 1, 236000),)",2a3c600d
408653844,-778341220,3365,1:42:15.320000,"(datetime.datetime(2026, 9, 29, 16, 55, 1, 276000),)",2a3c600a
408654264,-778339726,3360,1:42:15.420000,"(datetime.datetime(2026, 9, 29, 16, 55, 1, 375000),)",2a3c600d
408653836,-778341261,3365,1:42:15.480000,"(datetime.datetime(2026, 9, 29, 16, 55, 1, 436000),)",2a3c600a
408654263,-778339738,3361,1:42:15.590000,"(datetime.datetime(2026, 9, 29, 16, 55, 1, 547000),)",2a3c600d
408653828,-778341302,3365,1:42:15.640000,"(datetime.datetime(2026, 9, 29, 16, 55, 1, 595000),)",2a3c600a
408654259,-778339750,3360,1:42:15.720000,"(datetime.datetime(2026, 9, 29, 16, 55, 1, 676000),)",2a3c600d
408653818,-778341346,3365,1:42:15.800000,"(datetime.datetime(2026, 9, 29, 16, 55, 1, 751000),)",2a3c600a
408654257,-778339764,3361,1:42:15.870000,"(datetime.datetime(2026, 9, 29, 16, 55, 1, 824000),)",2a3c600d
408653809,-778341391,3365,1:42:15.940000,"(datetime.datetime(2026, 9, 29, 16, 55, 1, 893000),)",2a3c600a
408654254,-778339780,3361,1:42:16,"(datetime.datetime(2026, 9, 29, 16, 55, 1, 954000),)",2a3c600d
408653791,-778341441,3363,1:42:16.090000,"(datetime.datetime(2026, 9, 29, 16, 55, 2, 49000),)",2a3c600a
408654256,-778339799,3360,1:42:16.150000,"(datetime.datetime(2026, 9, 29, 16, 55, 2, 102000),)",2a3c600d
408653779,-778341497,3363,1:42:16.180000,"(datetime.datetime(2026, 9, 29, 16, 55, 2, 139000),)",2a3c600a
408654253,-778339819,3360,1:42:16.260000,"(datetime.datetime(2026, 9, 29, 16, 55, 2, 216000),)",2a3c600d
408653769,-778341546,3363,1:42:16.330000,"(datetime.datetime(2026, 9, 29, 16, 55, 2, 280000),)",2a3c600a
408654249,-778339840,3360,1:42:16.390000,"(datetime.datetime(2026, 9, 29, 16, 55, 2, 345000),)",2a3c600d
408653757,-778341601,3364,1:42:16.470000,"(datetime.datetime(2026, 9, 29, 16, 55, 2, 428000),)",2a3c600a
408654243,-778339863,3360,1:42:16.520000,"(datetime.datetime(2026, 9, 29, 16, 55, 2, 479000),)",2a3c600d
408653744,-778341655,3363,1:42:16.590000,"(datetime.datetime(2026, 9, 29, 16, 55, 2, 547000),)",2a3c600a
408654237,-778339887,3360,1:42:16.660000,"(datetime.datetime(2026, 9, 29, 16, 55, 2, 612000),)",2a3c600d
408653733,-778341714,3363,1:42:16.720000,"(datetime.datetime(2026, 9, 29, 16, 55, 2, 676000),)",2a3c600a
408654231,-778339915,3360,1:42:16.790000,"(datetime.datetime(2026, 9, 29, 16, 55, 2, 741000),)",2a3c600d
408653718,-778341776,3364,1:42:16.870000,"(datetime.datetime(2026, 9, 29, 16, 55, 2, 829000),)",2a3c600a
408654225,-778339945,3360,1:42:16.930000,"(datetime.datetime(2026, 9, 29, 16, 55, 2, 883000),)",2a3c600d
408653706,-778341838,3363,1:42:16.990000,"(datetime.datetime(2026, 9, 29, 16, 55, 2, 947000),)",2a3c600a
408654216,-778339976,3360,1:42:17.060000,"(datetime.datetime(2026, 9, 29, 16, 55, 3, 12000),)",2a3c600d
408653691,-778341903,3363,1:42:17.130000,"(datetime.datetime(2026, 9, 29, 16, 55, 3, 84000),)",2a3c600a
408654209,-778340009,3360,1:42:17.210000,"(datetime.datetime(2026, 9, 29, 16, 55, 3, 169000),)",2a3c600d
408653678,-778341967,3363,1:42:17.280000,"(datetime.datetime(2026, 9, 29, 16, 55, 3, 231000),)",2a3c600a
408654201,-778340044,3360,1:42:17.350000,"(datetime.datetime(2026, 9, 29, 16, 55, 3, 304000),)",2a3c600d
408653656,-778342015,3362,1:42:17.410000,"(datetime.datetime(2026, 9, 29, 16, 55, 3, 363000),)",2a3c600a
408654200,-778340077,3360,1:42:17.480000,"(datetime.datetime(2026, 9, 29, 16, 55, 3, 434000),)",2a3c600d
408653641,-778342088,3362,1:42:17.550000,"(datetime.datetime(2026, 9, 29, 16, 55, 3, 503000),)",2a3c600a
408654192,-778340120,3360,1:42:17.620000,"(datetime.datetime(2026, 9, 29, 16, 55, 3, 573000),)",2a3c600d
408653626,-778342158,3362,1:42:17.700000,"(datetime.datetime(2026, 9, 29, 16, 55, 3, 657000),)",2a3c600a
408654183,-778340157,3360,1:42:17.760000,"(datetime.datetime(2026, 9, 29, 16, 55, 3, 712000),)",2a3c600d
408653610,-778342227,3362,1:42:17.820000,"(datetime.datetime(2026, 9, 29, 16, 55, 3, 780000),)",2a3c600a
408654175,-778340195,3360,1:42:17.890000,"(datetime.datetime(2026, 9, 29, 16, 55, 3, 848000),)",2a3c600d
408653595,-778342299,3362,1:42:17.960000,"(datetime.datetime(2026, 9, 29, 16, 55, 3, 917000),)",2a3c600a
408654168,-778340237,3360,1:42:18.030000,"(datetime.datetime(2026, 9, 29, 16, 55, 3, 981000),)",2a3c600d
408653578,-778342372,3362,1:42:18.090000,"(datetime.datetime(2026, 9, 29, 16, 55, 4, 47000),)",2a3c600a
408654156,-778340276,3360,1:42:18.170000,"(datetime.datetime(2026, 9, 29, 16, 55, 4, 129000),)",2a3c600d
408654148,-778340318,3360,1:42:18.250000,"(datetime.datetime(2026, 9, 29, 16, 55, 4, 201000),)",2a3c600d
408653562,-778342448,3362,1:42:18.310000,"(datetime.datetime(2026, 9, 29, 16, 55, 4, 268000),)",2a3c600a
408653544,-778342525,3363,1:42:18.380000,"(datetime.datetime(2026, 9, 29, 16, 55, 4, 331000),)",2a3c600a
408654138,-778340360,3360,1:42:18.450000,"(datetime.datetime(2026, 9, 29, 16, 55, 4, 402000),)",2a3c600d
408653529,-778342602,3362,1:42:18.520000,"(datetime.datetime(2026, 9, 29, 16, 55, 4, 473000),)",2a3c600a
408654128,-778340405,3360,1:42:18.580000,"(datetime.datetime(2026, 9, 29, 16, 55, 4, 538000),)",2a3c600d
408653512,-778342680,3362,1:42:18.660000,"(datetime.datetime(2026, 9, 29, 16, 55, 4, 612000),)",2a3c600a
408654119,-778340452,3360,1:42:18.720000,"(datetime.datetime(2026, 9, 29, 16, 55, 4, 680000),)",2a3c600d
408653521,-778342770,3364,1:42:18.780000,"(datetime.datetime(2026, 9, 29, 16, 55, 4, 740000),)",2a3c600a
408654101,-778340500,3360,1:42:18.860000,"(datetime.datetime(2026, 9, 29, 16, 55, 4, 816000),)",2a3c600d
408653504,-778342854,3364,1:42:18.930000,"(datetime.datetime(2026, 9, 29, 16, 55, 4, 881000),)",2a3c600a
408654089,-778340557,3359,1:42:19,"(datetime.datetime(2026, 9, 29, 16, 55, 4, 955000),)",2a3c600d
408653483,-778342942,3364,1:42:19.070000,"(datetime.datetime(2026, 9, 29, 16, 55, 5, 22000),)",2a3c600a
408654078,-778340609,3359,1:42:19.140000,"(datetime.datetime(2026, 9, 29, 16, 55, 5, 100000),)",2a3c600d
408653465,-778343029,3364,1:42:19.210000,"(datetime.datetime(2026, 9, 29, 16, 55, 5, 169000),)",2a3c600a
408654067,-778340663,3360,1:42:19.280000,"(datetime.datetime(2026, 9, 29, 16, 55, 5, 239000),)",2a3c600d
408653446,-778343114,3364,1:42:19.360000,"(datetime.datetime(2026, 9, 29, 16, 55, 5, 319000),)",2a3c600a
408654056,-778340718,3360,1:42:19.430000,"(datetime.datetime(2026, 9, 29, 16, 55, 5, 388000),)",2a3c600d
408653425,-778343204,3364,1:42:19.520000,"(datetime.datetime(2026, 9, 29, 16, 55, 5, 471000),)",2a3c600a
408654040,-778340775,3360,1:42:19.580000,"(datetime.datetime(2026, 9, 29, 16, 55, 5, 533000),)",2a3c600d
408653405,-778343294,3364,1:42:19.640000,"(datetime.datetime(2026, 9, 29, 16, 55, 5, 599000),)",2a3c600a
408654028,-778340834,3360,1:42:19.710000,"(datetime.datetime(2026, 9, 29, 16, 55, 5, 665000),)",2a3c600d
408653386,-778343387,3364,1:42:19.780000,"(datetime.datetime(2026, 9, 29, 16, 55, 5, 736000),)",2a3c600a
408654015,-778340893,3360,1:42:19.850000,"(datetime.datetime(2026, 9, 29, 16, 55, 5, 808000),)",2a3c600d
408653365,-778343479,3364,1:42:19.920000,"(datetime.datetime(2026, 9, 29, 16, 55, 5, 876000),)",2a3c600a
408654000,-778340954,3360,1:42:19.990000,"(datetime.datetime(2026, 9, 29, 16, 55, 5, 943000),)",2a3c600d
408653346,-778343574,3364,1:42:20.060000,"(datetime.datetime(2026, 9, 29, 16, 55, 6, 19000),)",2a3c600a
408653987,-778341017,3360,1:42:20.130000,"(datetime.datetime(2026, 9, 29, 16, 55, 6, 85000),)",2a3c600d
408653316,-778343664,3364,1:42:20.200000,"(datetime.datetime(2026, 9, 29, 16, 55, 6, 157000),)",2a3c600a
408653975,-778341074,3359,1:42:20.270000,"(datetime.datetime(2026, 9, 29, 16, 55, 6, 229000),)",2a3c600d
408653294,-778343766,3363,1:42:20.340000,"(datetime.datetime(2026, 9, 29, 16, 55, 6, 294000),)",2a3c600a
408653958,-778341144,3359,1:42:20.410000,"(datetime.datetime(2026, 9, 29, 16, 55, 6, 364000),)",2a3c600d
408653272,-778343864,3363,1:42:20.480000,"(datetime.datetime(2026, 9, 29, 16, 55, 6, 438000),)",2a3c600a
408653944,-778341210,3359,1:42:20.550000,"(datetime.datetime(2026, 9, 29, 16, 55, 6, 504000),)",2a3c600d
408653250,-778343967,3364,1:42:20.620000,"(datetime.datetime(2026, 9, 29, 16, 55, 6, 572000),)",2a3c600a
408653929,-778341280,3359,1:42:20.690000,"(datetime.datetime(2026, 9, 29, 16, 55, 6, 644000),)",2a3c600d
408653227,-778344068,3364,1:42:20.760000,"(datetime.datetime(2026, 9, 29, 16, 55, 6, 719000),)",2a3c600a
408653911,-778341349,3359,1:42:20.850000,"(datetime.datetime(2026, 9, 29, 16, 55, 6, 802000),)",2a3c600d
408653204,-778344171,3364,1:42:20.910000,"(datetime.datetime(2026, 9, 29, 16, 55, 6, 867000),)",2a3c600a
408653897,-778341422,3359,1:42:20.990000,"(datetime.datetime(2026, 9, 29, 16, 55, 6, 944000),)",2a3c600d
408653183,-778344273,3364,1:42:21.050000,"(datetime.datetime(2026, 9, 29, 16, 55, 7, 10000),)",2a3c600a
408653879,-778341497,3359,1:42:21.120000,"(datetime.datetime(2026, 9, 29, 16, 55, 7, 75000),)",2a3c600d
408653156,-778344383,3364,1:42:21.190000,"(datetime.datetime(2026, 9, 29, 16, 55, 7, 143000),)",2a3c600a
408653863,-778341575,3359,1:42:21.260000,"(datetime.datetime(2026, 9, 29, 16, 55, 7, 214000),)",2a3c600d
408653133,-778344492,3364,1:42:21.330000,"(datetime.datetime(2026, 9, 29, 16, 55, 7, 283000),)",2a3c600a
408653845,-778341654,3359,1:42:21.390000,"(datetime.datetime(2026, 9, 29, 16, 55, 7, 349000),)",2a3c600d
408653111,-778344599,3364,1:42:21.470000,"(datetime.datetime(2026, 9, 29, 16, 55, 7, 425000),)",2a3c600a
408653828,-778341738,3359,1:42:21.540000,"(datetime.datetime(2026, 9, 29, 16, 55, 7, 497000),)",2a3c600d
408653089,-778344699,3365,1:42:21.600000,"(datetime.datetime(2026, 9, 29, 16, 55, 7, 559000),)",2a3c600a
408653814,-778341815,3359,1:42:21.680000,"(datetime.datetime(2026, 9, 29, 16, 55, 7, 640000),)",2a3c600d
408653062,-778344813,3364,1:42:21.760000,"(datetime.datetime(2026, 9, 29, 16, 55, 7, 711000),)",2a3c600a
408653794,-778341904,3359,1:42:21.820000,"(datetime.datetime(2026, 9, 29, 16, 55, 7, 772000),)",2a3c600d
408653038,-778344926,3365,1:42:21.900000,"(datetime.datetime(2026, 9, 29, 16, 55, 7, 853000),)",2a3c600a
408653774,-778341993,3359,1:42:21.960000,"(datetime.datetime(2026, 9, 29, 16, 55, 7, 911000),)",2a3c600d
408653014,-778345036,3364,1:42:22.030000,"(datetime.datetime(2026, 9, 29, 16, 55, 7, 982000),)",2a3c600a
408653755,-778342081,3359,1:42:22.090000,"(datetime.datetime(2026, 9, 29, 16, 55, 8, 44000),)",2a3c600d
408652988,-778345151,3365,1:42:22.160000,"(datetime.datetime(2026, 9, 29, 16, 55, 8, 119000),)",2a3c600a
408653732,-778342172,3359,1:42:22.230000,"(datetime.datetime(2026, 9, 29, 16, 55, 8, 186000),)",2a3c600d
408652964,-778345260,3364,1:42:22.290000,"(datetime.datetime(2026, 9, 29, 16, 55, 8, 246000),)",2a3c600a
408653711,-778342264,3359,1:42:22.370000,"(datetime.datetime(2026, 9, 29, 16, 55, 8, 328000),)",2a3c600d
408652940,-778345373,3364,1:42:22.450000,"(datetime.datetime(2026, 9, 29, 16, 55, 8, 402000),)",2a3c600a
408653690,-778342360,3359,1:42:22.520000,"(datetime.datetime(2026, 9, 29, 16, 55, 8, 473000),)",2a3c600d
408652913,-778345492,3364,1:42:22.590000,"(datetime.datetime(2026, 9, 29, 16, 55, 8, 545000),)",2a3c600a
408653668,-778342456,3359,1:42:22.660000,"(datetime.datetime(2026, 9, 29, 16, 55, 8, 612000),)",2a3c600d
408652887,-778345611,3364,1:42:22.730000,"(datetime.datetime(2026, 9, 29, 16, 55, 8, 684000),)",2a3c600a
408653647,-778342555,3359,1:42:22.800000,"(datetime.datetime(2026, 9, 29, 16, 55, 8, 756000),)",2a3c600d
408652863,-778345725,3364,1:42:22.870000,"(datetime.datetime(2026, 9, 29, 16, 55, 8, 822000),)",2a3c600a
408653623,-778342654,3359,1:42:22.940000,"(datetime.datetime(2026, 9, 29, 16, 55, 8, 892000),)",2a3c600d
408652842,-778345838,3363,1:42:23.010000,"(datetime.datetime(2026, 9, 29, 16, 55, 8, 969000),)",2a3c600a
408653605,-778342753,3359,1:42:23.080000,"(datetime.datetime(2026, 9, 29, 16, 55, 9, 33000),)",2a3c600d
408652816,-778345961,3362,1:42:23.150000,"(datetime.datetime(2026, 9, 29, 16, 55, 9, 101000),)",2a3c600a
408653580,-778342862,3359,1:42:23.210000,"(datetime.datetime(2026, 9, 29, 16, 55, 9, 167000),)",2a3c600d
408652788,-778346081,3362,1:42:23.280000,"(datetime.datetime(2026, 9, 29, 16, 55, 9, 236000),)",2a3c600a
408653557,-778342966,3359,1:42:23.350000,"(datetime.datetime(2026, 9, 29, 16, 55, 9, 302000),)",2a3c600d
408652760,-778346204,3362,1:42:23.420000,"(datetime.datetime(2026, 9, 29, 16, 55, 9, 371000),)",2a3c600a
408653534,-778343071,3359,1:42:23.490000,"(datetime.datetime(2026, 9, 29, 16, 55, 9, 444000),)",2a3c600d
408652733,-778346328,3363,1:42:23.560000,"(datetime.datetime(2026, 9, 29, 16, 55, 9, 516000),)",2a3c600a
408653511,-778343176,3359,1:42:23.630000,"(datetime.datetime(2026, 9, 29, 16, 55, 9, 586000),)",2a3c600d
408652706,-778346449,3362,1:42:23.700000,"(datetime.datetime(2026, 9, 29, 16, 55, 9, 654000),)",2a3c600a
408653484,-778343284,3359,1:42:23.770000,"(datetime.datetime(2026, 9, 29, 16, 55, 9, 724000),)",2a3c600d
408652678,-778346573,3362,1:42:23.840000,"(datetime.datetime(2026, 9, 29, 16, 55, 9, 791000),)",2a3c600a
408653464,-778343393,3359,1:42:23.900000,"(datetime.datetime(2026, 9, 29, 16, 55, 9, 855000),)",2a3c600d
408652651,-778346698,3362,1:42:23.980000,"(datetime.datetime(2026, 9, 29, 16, 55, 9, 936000),)",2a3c600a
408653438,-778343505,3359,1:42:24.050000,"(datetime.datetime(2026, 9, 29, 16, 55, 10, 3000),)",2a3c600d
408652625,-778346824,3361,1:42:24.110000,"(datetime.datetime(2026, 9, 29, 16, 55, 10, 69000),)",2a3c600a
408653415,-778343616,3359,1:42:24.180000,"(datetime.datetime(2026, 9, 29, 16, 55, 10, 132000),)",2a3c600d
408652596,-778346952,3361,1:42:24.240000,"(datetime.datetime(2026, 9, 29, 16, 55, 10, 200000),)",2a3c600a
408653388,-778343730,3359,1:42:24.310000,"(datetime.datetime(2026, 9, 29, 16, 55, 10, 267000),)",2a3c600d
408652561,-778347083,3362,1:42:24.380000,"(datetime.datetime(2026, 9, 29, 16, 55, 10, 333000),)",2a3c600a
408653366,-778343843,3359,1:42:24.450000,"(datetime.datetime(2026, 9, 29, 16, 55, 10, 403000),)",2a3c600d
408652531,-778347215,3362,1:42:24.530000,"(datetime.datetime(2026, 9, 29, 16, 55, 10, 484000),)",2a3c600a
408653341,-778343964,3359,1:42:24.590000,"(datetime.datetime(2026, 9, 29, 16, 55, 10, 549000),)",2a3c600d
408652502,-778347347,3362,1:42:24.660000,"(datetime.datetime(2026, 9, 29, 16, 55, 10, 615000),)",2a3c600a
408653314,-778344080,3358,1:42:24.730000,"(datetime.datetime(2026, 9, 29, 16, 55, 10, 684000),)",2a3c600d
408652502,-778347347,3362,1:42:24.790000,"(datetime.datetime(2026, 9, 29, 16, 55, 10, 748000),)",2a3c600a
408653290,-778344199,3359,1:42:24.860000,"(datetime.datetime(2026, 9, 29, 16, 55, 10, 815000),)",2a3c600d
408652472,-778347479,3362,1:42:24.920000,"(datetime.datetime(2026, 9, 29, 16, 55, 10, 879000),)",2a3c600a
408653265,-778344319,3358,1:42:25,"(datetime.datetime(2026, 9, 29, 16, 55, 10, 956000),)",2a3c600d
408652444,-778347611,3362,1:42:25.070000,"(datetime.datetime(2026, 9, 29, 16, 55, 11, 25000),)",2a3c600a
408653240,-778344439,3358,1:42:25.130000,"(datetime.datetime(2026, 9, 29, 16, 55, 11, 84000),)",2a3c600d
408652416,-778347746,3361,1:42:25.220000,"(datetime.datetime(2026, 9, 29, 16, 55, 11, 172000),)",2a3c600a
408653212,-778344562,3358,1:42:25.290000,"(datetime.datetime(2026, 9, 29, 16, 55, 11, 246000),)",2a3c600d
408652385,-778347881,3361,1:42:25.360000,"(datetime.datetime(2026, 9, 29, 16, 55, 11, 318000),)",2a3c600a
408653188,-778344685,3358,1:42:25.440000,"(datetime.datetime(2026, 9, 29, 16, 55, 11, 392000),)",2a3c600d
408652356,-778348016,3361,1:42:25.510000,"(datetime.datetime(2026, 9, 29, 16, 55, 11, 468000),)",2a3c600a
408653161,-778344811,3358,1:42:25.570000,"(datetime.datetime(2026, 9, 29, 16, 55, 11, 527000),)",2a3c600d
408652326,-778348152,3361,1:42:25.640000,"(datetime.datetime(2026, 9, 29, 16, 55, 11, 596000),)",2a3c600a
408653133,-778344937,3358,1:42:25.710000,"(datetime.datetime(2026, 9, 29, 16, 55, 11, 666000),)",2a3c600d
408652296,-778348291,3361,1:42:25.790000,"(datetime.datetime(2026, 9, 29, 16, 55, 11, 745000),)",2a3c600a
408653107,-778345063,3357,1:42:25.850000,"(datetime.datetime(2026, 9, 29, 16, 55, 11, 802000),)",2a3c600d
408652263,-778348431,3361,1:42:25.910000,"(datetime.datetime(2026, 9, 29, 16, 55, 11, 867000),)",2a3c600a
408653082,-778345195,3358,1:42:25.990000,"(datetime.datetime(2026, 9, 29, 16, 55, 11, 943000),)",2a3c600d
408652230,-778348576,3361,1:42:26.060000,"(datetime.datetime(2026, 9, 29, 16, 55, 12, 16000),)",2a3c600a
408653053,-778345323,3357,1:42:26.130000,"(datetime.datetime(2026, 9, 29, 16, 55, 12, 85000),)",2a3c600d
408652201,-778348719,3361,1:42:26.200000,"(datetime.datetime(2026, 9, 29, 16, 55, 12, 156000),)",2a3c600a
408653025,-778345451,3357,1:42:26.270000,"(datetime.datetime(2026, 9, 29, 16, 55, 12, 227000),)",2a3c600d
408652171,-778348859,3361,1:42:26.340000,"(datetime.datetime(2026, 9, 29, 16, 55, 12, 296000),)",2a3c600a
408652997,-778345581,3357,1:42:26.410000,"(datetime.datetime(2026, 9, 29, 16, 55, 12, 365000),)",2a3c600d
408652141,-778349001,3361,1:42:26.490000,"(datetime.datetime(2026, 9, 29, 16, 55, 12, 442000),)",2a3c600a
408652967,-778345709,3357,1:42:26.550000,"(datetime.datetime(2026, 9, 29, 16, 55, 12, 507000),)",2a3c600d
408652111,-778349147,3361,1:42:26.620000,"(datetime.datetime(2026, 9, 29, 16, 55, 12, 570000),)",2a3c600a
408652941,-778345839,3357,1:42:26.680000,"(datetime.datetime(2026, 9, 29, 16, 55, 12, 636000),)",2a3c600d
408652080,-778349292,3360,1:42:26.750000,"(datetime.datetime(2026, 9, 29, 16, 55, 12, 705000),)",2a3c600a
408652911,-778345972,3357,1:42:26.810000,"(datetime.datetime(2026, 9, 29, 16, 55, 12, 769000),)",2a3c600d
408652050,-778349438,3360,1:42:26.890000,"(datetime.datetime(2026, 9, 29, 16, 55, 12, 847000),)",2a3c600a
408652885,-778346102,3357,1:42:26.960000,"(datetime.datetime(2026, 9, 29, 16, 55, 12, 916000),)",2a3c600d
408652019,-778349586,3360,1:42:27.030000,"(datetime.datetime(2026, 9, 29, 16, 55, 12, 982000),)",2a3c600a
408652854,-778346235,3357,1:42:27.090000,"(datetime.datetime(2026, 9, 29, 16, 55, 13, 49000),)",2a3c600d
408651988,-778349736,3360,1:42:27.180000,"(datetime.datetime(2026, 9, 29, 16, 55, 13, 139000),)",2a3c600a
408652828,-778346361,3356,1:42:27.240000,"(datetime.datetime(2026, 9, 29, 16, 55, 13, 191000),)",2a3c600d
408651954,-778349878,3360,1:42:27.340000,"(datetime.datetime(2026, 9, 29, 16, 55, 13, 291000),)",2a3c600a
408652799,-778346497,3356,1:42:27.380000,"(datetime.datetime(2026, 9, 29, 16, 55, 13, 332000),)",2a3c600d
408651922,-778350034,3360,1:42:27.440000,"(datetime.datetime(2026, 9, 29, 16, 55, 13, 396000),)",2a3c600a
408652772,-778346634,3356,1:42:27.470000,"(datetime.datetime(2026, 9, 29, 16, 55, 13, 426000),)",2a3c600d
408651890,-778350186,3360,1:42:27.560000,"(datetime.datetime(2026, 9, 29, 16, 55, 13, 519000),)",2a3c600a
408652742,-778346768,3356,1:42:27.630000,"(datetime.datetime(2026, 9, 29, 16, 55, 13, 590000),)",2a3c600d
408651858,-778350337,3360,1:42:27.700000,"(datetime.datetime(2026, 9, 29, 16, 55, 13, 659000),)",2a3c600a
408652716,-778346904,3356,1:42:27.780000,"(datetime.datetime(2026, 9, 29, 16, 55, 13, 737000),)",2a3c600d
408651826,-778350489,3360,1:42:27.900000,"(datetime.datetime(2026, 9, 29, 16, 55, 13, 853000),)",2a3c600a
408652688,-778347041,3356,1:42:27.990000,"(datetime.datetime(2026, 9, 29, 16, 55, 13, 944000),)",2a3c600d
408651793,-778350644,3360,1:42:28.090000,"(datetime.datetime(2026, 9, 29, 16, 55, 14, 40000),)",2a3c600a
408652657,-778347178,3356,1:42:28.220000,"(datetime.datetime(2026, 9, 29, 16, 55, 14, 175000),)",2a3c600d
408651761,-778350796,3359,1:42:28.360000,"(datetime.datetime(2026, 9, 29, 16, 55, 14, 317000),)",2a3c600a
408652628,-778347315,3356,1:42:28.400000,"(datetime.datetime(2026, 9, 29, 16, 55, 14, 352000),)",2a3c600d
408651729,-778350948,3359,1:42:28.560000,"(datetime.datetime(2026, 9, 29, 16, 55, 14, 518000),)",2a3c600a
408652599,-778347453,3356,1:42:28.620000,"(datetime.datetime(2026, 9, 29, 16, 55, 14, 574000),)",2a3c600d
408651695,-778351103,3359,1:42:28.770000,"(datetime.datetime(2026, 9, 29, 16, 55, 14, 722000),)",2a3c600a
408652572,-778347591,3356,1:42:28.800000,"(datetime.datetime(2026, 9, 29, 16, 55, 14, 759000),)",2a3c600d
408651664,-778351256,3359,1:42:28.880000,"(datetime.datetime(2026, 9, 29, 16, 55, 14, 837000),)",2a3c600a
408651642,-778351407,3359,1:42:29.010000,"(datetime.datetime(2026, 9, 29, 16, 55, 14, 970000),)",2a3c600a
408652542,-778347730,3356,1:42:29.050000,"(datetime.datetime(2026, 9, 29, 16, 55, 15, 4000),)",2a3c600d
408651607,-778351563,3358,1:42:29.180000,"(datetime.datetime(2026, 9, 29, 16, 55, 15, 131000),)",2a3c600a
408652512,-778347871,3355,1:42:29.380000,"(datetime.datetime(2026, 9, 29, 16, 55, 15, 336000),)",2a3c600d
408651575,-778351719,3358,1:42:29.590000,"(datetime.datetime(2026, 9, 29, 16, 55, 15, 540000),)",2a3c600a
408652480,-778348015,3355,1:42:29.790000,"(datetime.datetime(2026, 9, 29, 16, 55, 15, 745000),)",2a3c600d
408651543,-778351873,3357,1:42:29.870000,"(datetime.datetime(2026, 9, 29, 16, 55, 15, 824000),)",2a3c600a
408652450,-778348155,3355,1:42:29.990000,"(datetime.datetime(2026, 9, 29, 16, 55, 15, 950000),)",2a3c600d
408651511,-778352028,3357,1:42:30.050000,"(datetime.datetime(2026, 9, 29, 16, 55, 16, 7000),)",2a3c600a
408652420,-778348299,3355,1:42:30.270000,"(datetime.datetime(2026, 9, 29, 16, 55, 16, 230000),)",2a3c600d
408651478,-778352186,3357,1:42:30.400000,"(datetime.datetime(2026, 9, 29, 16, 55, 16, 360000),)",2a3c600a
408652389,-778348441,3355,1:42:30.480000,"(datetime.datetime(2026, 9, 29, 16, 55, 16, 436000),)",2a3c600d
408651445,-778352340,3357,1:42:30.610000,"(datetime.datetime(2026, 9, 29, 16, 55, 16, 565000),)",2a3c600a
408652360,-778348585,3355,1:42:30.660000,"(datetime.datetime(2026, 9, 29, 16, 55, 16, 612000),)",2a3c600d
408651411,-778352499,3358,1:42:30.830000,"(datetime.datetime(2026, 9, 29, 16, 55, 16, 784000),)",2a3c600a
408652329,-778348728,3354,1:42:30.880000,"(datetime.datetime(2026, 9, 29, 16, 55, 16, 831000),)",2a3c600d
408651378,-778352655,3357,1:42:31.020000,"(datetime.datetime(2026, 9, 29, 16, 55, 16, 974000),)",2a3c600a
408652296,-778348873,3354,1:42:31.060000,"(datetime.datetime(2026, 9, 29, 16, 55, 17, 12000),)",2a3c600d
408651342,-778352812,3357,1:42:31.430000,"(datetime.datetime(2026, 9, 29, 16, 55, 17, 384000),)",2a3c600a
408652267,-778349017,3354,1:42:31.630000,"(datetime.datetime(2026, 9, 29, 16, 55, 17, 589000),)",2a3c600d
408651301,-778352960,3356,1:42:31.680000,"(datetime.datetime(2026, 9, 29, 16, 55, 17, 632000),)",2a3c600a
408652236,-778349162,3354,1:42:31.840000,"(datetime.datetime(2026, 9, 29, 16, 55, 17, 799000),)",2a3c600d
408651267,-778353117,3356,1:42:31.900000,"(datetime.datetime(2026, 9, 29, 16, 55, 17, 851000),)",2a3c600a
408652206,-778349309,3353,1:42:32.040000,"(datetime.datetime(2026, 9, 29, 16, 55, 17, 998000),)",2a3c600d
408651232,-778353274,3356,1:42:32.080000,"(datetime.datetime(2026, 9, 29, 16, 55, 18, 36000),)",2a3c600a
408652174,-778349453,3354,1:42:32.160000,"(datetime.datetime(2026, 9, 29, 16, 55, 18, 112000),)",2a3c600d
408651198,-778353433,3355,1:42:32.250000,"(datetime.datetime(2026, 9, 29, 16, 55, 18, 204000),)",2a3c600a
408652141,-778349601,3353,1:42:32.300000,"(datetime.datetime(2026, 9, 29, 16, 55, 18, 251000),)",2a3c600d
408651164,-778353592,3355,1:42:32.470000,"(datetime.datetime(2026, 9, 29, 16, 55, 18, 429000),)",2a3c600a
408652110,-778349747,3353,1:42:32.520000,"(datetime.datetime(2026, 9, 29, 16, 55, 18, 476000),)",2a3c600d
408651129,-778353751,3355,1:42:32.620000,"(datetime.datetime(2026, 9, 29, 16, 55, 18, 576000),)",2a3c600a
408652075,-778349893,3353,1:42:32.830000,"(datetime.datetime(2026, 9, 29, 16, 55, 18, 781000),)",2a3c600d
408651094,-778353910,3355,1:42:32.980000,"(datetime.datetime(2026, 9, 29, 16, 55, 18, 932000),)",2a3c600a
408652043,-778350039,3353,1:42:33.030000,"(datetime.datetime(2026, 9, 29, 16, 55, 18, 986000),)",2a3c600d
408651061,-778354068,3355,1:42:33.120000,"(datetime.datetime(2026, 9, 29, 16, 55, 19, 71000),)",2a3c600a
408652010,-778350186,3353,1:42:33.290000,"(datetime.datetime(2026, 9, 29, 16, 55, 19, 246000),)",2a3c600d
408651026,-778354228,3355,1:42:33.440000,"(datetime.datetime(2026, 9, 29, 16, 55, 19, 395000),)",2a3c600a
408651978,-778350333,3352,1:42:33.510000,"(datetime.datetime(2026, 9, 29, 16, 55, 19, 460000),)",2a3c600d
408650992,-778354385,3354,1:42:33.670000,"(datetime.datetime(2026, 9, 29, 16, 55, 19, 622000),)",2a3c600a
408651946,-778350483,3352,1:42:33.700000,"(datetime.datetime(2026, 9, 29, 16, 55, 19, 653000),)",2a3c600d
408650966,-778354545,3355,1:42:33.750000,"(datetime.datetime(2026, 9, 29, 16, 55, 19, 705000),)",2a3c600a
408651911,-778350628,3352,1:42:33.820000,"(datetime.datetime(2026, 9, 29, 16, 55, 19, 770000),)",2a3c600d
408650934,-778354704,3354,1:42:33.900000,"(datetime.datetime(2026, 9, 29, 16, 55, 19, 854000),)",2a3c600a
408651880,-778350777,3352,1:42:33.970000,"(datetime.datetime(2026, 9, 29, 16, 55, 19, 925000),)",2a3c600d
408650899,-778354864,3354,1:42:34.040000,"(datetime.datetime(2026, 9, 29, 16, 55, 19, 996000),)",2a3c600a
408651845,-778350924,3352,1:42:34.110000,"(datetime.datetime(2026, 9, 29, 16, 55, 20, 66000),)",2a3c600d
408650865,-778355021,3354,1:42:34.190000,"(datetime.datetime(2026, 9, 29, 16, 55, 20, 144000),)",2a3c600a
408651814,-778351073,3351,1:42:34.250000,"(datetime.datetime(2026, 9, 29, 16, 55, 20, 209000),)",2a3c600d
408650831,-778355182,3354,1:42:34.320000,"(datetime.datetime(2026, 9, 29, 16, 55, 20, 273000),)",2a3c600a
408651779,-778351223,3351,1:42:34.390000,"(datetime.datetime(2026, 9, 29, 16, 55, 20, 340000),)",2a3c600d
408650795,-778355342,3354,1:42:34.460000,"(datetime.datetime(2026, 9, 29, 16, 55, 20, 410000),)",2a3c600a
408651747,-778351372,3351,1:42:34.520000,"(datetime.datetime(2026, 9, 29, 16, 55, 20, 477000),)",2a3c600d
408650760,-778355503,3353,1:42:34.600000,"(datetime.datetime(2026, 9, 29, 16, 55, 20, 555000),)",2a3c600a
408651713,-778351523,3351,1:42:34.660000,"(datetime.datetime(2026, 9, 29, 16, 55, 20, 613000),)",2a3c600d
408650724,-778355660,3353,1:42:34.740000,"(datetime.datetime(2026, 9, 29, 16, 55, 20, 696000),)",2a3c600a
408651680,-778351672,3351,1:42:34.800000,"(datetime.datetime(2026, 9, 29, 16, 55, 20, 759000),)",2a3c600d
408650690,-778355818,3353,1:42:34.870000,"(datetime.datetime(2026, 9, 29, 16, 55, 20, 827000),)",2a3c600a
408651650,-778351825,3351,1:42:34.940000,"(datetime.datetime(2026, 9, 29, 16, 55, 20, 895000),)",2a3c600d
408650653,-778355979,3353,1:42:35,"(datetime.datetime(2026, 9, 29, 16, 55, 20, 958000),)",2a3c600a
408651616,-778351974,3351,1:42:35.080000,"(datetime.datetime(2026, 9, 29, 16, 55, 21, 36000),)",2a3c600d
408650621,-778356145,3352,1:42:35.150000,"(datetime.datetime(2026, 9, 29, 16, 55, 21, 108000),)",2a3c600a
408651583,-778352126,3351,1:42:35.210000,"(datetime.datetime(2026, 9, 29, 16, 55, 21, 164000),)",2a3c600d
408650586,-778356303,3352,1:42:35.290000,"(datetime.datetime(2026, 9, 29, 16, 55, 21, 241000),)",2a3c600a
408651548,-778352281,3351,1:42:35.350000,"(datetime.datetime(2026, 9, 29, 16, 55, 21, 301000),)",2a3c600d
408650551,-778356460,3352,1:42:35.410000,"(datetime.datetime(2026, 9, 29, 16, 55, 21, 370000),)",2a3c600a
408651520,-778352432,3351,1:42:35.480000,"(datetime.datetime(2026, 9, 29, 16, 55, 21, 434000),)",2a3c600d
408650514,-778356616,3351,1:42:35.550000,"(datetime.datetime(2026, 9, 29, 16, 55, 21, 507000),)",2a3c600a
408651485,-778352585,3351,1:42:35.630000,"(datetime.datetime(2026, 9, 29, 16, 55, 21, 588000),)",2a3c600d
408650480,-778356772,3351,1:42:35.690000,"(datetime.datetime(2026, 9, 29, 16, 55, 21, 650000),)",2a3c600a
408651454,-778352739,3351,1:42:35.770000,"(datetime.datetime(2026, 9, 29, 16, 55, 21, 721000),)",2a3c600d
408650444,-778356927,3351,1:42:35.830000,"(datetime.datetime(2026, 9, 29, 16, 55, 21, 787000),)",2a3c600a
408651419,-778352893,3351,1:42:35.910000,"(datetime.datetime(2026, 9, 29, 16, 55, 21, 862000),)",2a3c600d
408650409,-778357084,3350,1:42:35.970000,"(datetime.datetime(2026, 9, 29, 16, 55, 21, 930000),)",2a3c600a
408651385,-778353044,3350,1:42:36.060000,"(datetime.datetime(2026, 9, 29, 16, 55, 22, 12000),)",2a3c600d
408650371,-778357241,3351,1:42:36.120000,"(datetime.datetime(2026, 9, 29, 16, 55, 22, 75000),)",2a3c600a
408651355,-778353198,3350,1:42:36.220000,"(datetime.datetime(2026, 9, 29, 16, 55, 22, 172000),)",2a3c600d
408650335,-778357394,3351,1:42:36.270000,"(datetime.datetime(2026, 9, 29, 16, 55, 22, 227000),)",2a3c600a
408651318,-778353352,3350,1:42:36.350000,"(datetime.datetime(2026, 9, 29, 16, 55, 22, 302000),)",2a3c600d
408650300,-778357543,3350,1:42:36.410000,"(datetime.datetime(2026, 9, 29, 16, 55, 22, 366000),)",2a3c600a
408651288,-778353506,3350,1:42:36.490000,"(datetime.datetime(2026, 9, 29, 16, 55, 22, 442000),)",2a3c600d
408650266,-778357702,3350,1:42:36.560000,"(datetime.datetime(2026, 9, 29, 16, 55, 22, 512000),)",2a3c600a
408651254,-778353657,3350,1:42:36.620000,"(datetime.datetime(2026, 9, 29, 16, 55, 22, 580000),)",2a3c600d
408650230,-778357851,3350,1:42:36.700000,"(datetime.datetime(2026, 9, 29, 16, 55, 22, 657000),)",2a3c600a
408651221,-778353814,3349,1:42:36.780000,"(datetime.datetime(2026, 9, 29, 16, 55, 22, 730000),)",2a3c600d
408650192,-778358002,3350,1:42:36.840000,"(datetime.datetime(2026, 9, 29, 16, 55, 22, 797000),)",2a3c600a
408651190,-778353968,3350,1:42:36.910000,"(datetime.datetime(2026, 9, 29, 16, 55, 22, 861000),)",2a3c600d
408650158,-778358149,3350,1:42:36.990000,"(datetime.datetime(2026, 9, 29, 16, 55, 22, 943000),)",2a3c600a
408651153,-778354122,3349,1:42:37.050000,"(datetime.datetime(2026, 9, 29, 16, 55, 23, 7000),)",2a3c600d
408650123,-778358295,3349,1:42:37.130000,"(datetime.datetime(2026, 9, 29, 16, 55, 23, 80000),)",2a3c600a
408651123,-778354276,3349,1:42:37.220000,"(datetime.datetime(2026, 9, 29, 16, 55, 23, 172000),)",2a3c600d
408650085,-778358442,3350,1:42:37.260000,"(datetime.datetime(2026, 9, 29, 16, 55, 23, 220000),)",2a3c600a
408651090,-778354430,3349,1:42:37.330000,"(datetime.datetime(2026, 9, 29, 16, 55, 23, 286000),)",2a3c600d
408650050,-778358585,3349,1:42:37.410000,"(datetime.datetime(2026, 9, 29, 16, 55, 23, 362000),)",2a3c600a
408651056,-778354582,3349,1:42:37.440000,"(datetime.datetime(2026, 9, 29, 16, 55, 23, 392000),)",2a3c600d
408650013,-778358729,3349,1:42:37.510000,"(datetime.datetime(2026, 9, 29, 16, 55, 23, 463000),)",2a3c600a
408651026,-778354736,3349,1:42:37.580000,"(datetime.datetime(2026, 9, 29, 16, 55, 23, 532000),)",2a3c600d
408649978,-778358869,3349,1:42:37.640000,"(datetime.datetime(2026, 9, 29, 16, 55, 23, 599000),)",2a3c600a
408650992,-778354887,3349,1:42:37.710000,"(datetime.datetime(2026, 9, 29, 16, 55, 23, 670000),)",2a3c600d
408649943,-778359007,3349,1:42:37.790000,"(datetime.datetime(2026, 9, 29, 16, 55, 23, 748000),)",2a3c600a
408650959,-778355044,3349,1:42:37.870000,"(datetime.datetime(2026, 9, 29, 16, 55, 23, 826000),)",2a3c600d
408650924,-778355196,3348,1:42:37.940000,"(datetime.datetime(2026, 9, 29, 16, 55, 23, 898000),)",2a3c600d
408649907,-778359149,3349,1:42:38.020000,"(datetime.datetime(2026, 9, 29, 16, 55, 23, 979000),)",2a3c600a
408650889,-778355346,3348,1:42:38.090000,"(datetime.datetime(2026, 9, 29, 16, 55, 24, 46000),)",2a3c600d
408649872,-778359282,3349,1:42:38.160000,"(datetime.datetime(2026, 9, 29, 16, 55, 24, 119000),)",2a3c600a
408650857,-778355501,3348,1:42:38.230000,"(datetime.datetime(2026, 9, 29, 16, 55, 24, 189000),)",2a3c600d
408649836,-778359416,3349,1:42:38.300000,"(datetime.datetime(2026, 9, 29, 16, 55, 24, 254000),)",2a3c600a
408649801,-778359549,3348,1:42:38.380000,"(datetime.datetime(2026, 9, 29, 16, 55, 24, 331000),)",2a3c600a
408650824,-778355653,3348,1:42:38.440000,"(datetime.datetime(2026, 9, 29, 16, 55, 24, 399000),)",2a3c600d
408650824,-778355653,3348,1:42:38.510000,"(datetime.datetime(2026, 9, 29, 16, 55, 24, 468000),)",2a3c600d
408649766,-778359678,3348,1:42:38.580000,"(datetime.datetime(2026, 9, 29, 16, 55, 24, 536000),)",2a3c600a
408650792,-778355805,3348,1:42:38.650000,"(datetime.datetime(2026, 9, 29, 16, 55, 24, 605000),)",2a3c600d
408649732,-778359808,3348,1:42:38.730000,"(datetime.datetime(2026, 9, 29, 16, 55, 24, 682000),)",2a3c600a
408650723,-778356107,3347,1:42:38.800000,"(datetime.datetime(2026, 9, 29, 16, 55, 24, 759000),)",2a3c600d
408649697,-778359934,3347,1:42:38.880000,"(datetime.datetime(2026, 9, 29, 16, 55, 24, 832000),)",2a3c600a
408650723,-778356107,3347,1:42:38.950000,"(datetime.datetime(2026, 9, 29, 16, 55, 24, 902000),)",2a3c600d
408649663,-778360060,3347,1:42:39.010000,"(datetime.datetime(2026, 9, 29, 16, 55, 24, 968000),)",2a3c600a
408650688,-778356258,3347,1:42:39.090000,"(datetime.datetime(2026, 9, 29, 16, 55, 25, 44000),)",2a3c600d
408649629,-778360186,3347,1:42:39.160000,"(datetime.datetime(2026, 9, 29, 16, 55, 25, 111000),)",2a3c600a
408650656,-778356408,3347,1:42:39.240000,"(datetime.datetime(2026, 9, 29, 16, 55, 25, 192000),)",2a3c600d
408649595,-778360309,3347,1:42:39.300000,"(datetime.datetime(2026, 9, 29, 16, 55, 25, 259000),)",2a3c600a
408650622,-778356558,3347,1:42:39.380000,"(datetime.datetime(2026, 9, 29, 16, 55, 25, 336000),)",2a3c600d
408649557,-778360433,3346,1:42:39.450000,"(datetime.datetime(2026, 9, 29, 16, 55, 25, 408000),)",2a3c600a
408650562,-778356860,3346,1:42:39.480000,"(datetime.datetime(2026, 9, 29, 16, 55, 25, 438000),)",2a3c600d
408649525,-778360548,3345,1:42:39.570000,"(datetime.datetime(2026, 9, 29, 16, 55, 25, 526000),)",2a3c600a
408650562,-778356860,3346,1:42:39.630000,"(datetime.datetime(2026, 9, 29, 16, 55, 25, 590000),)",2a3c600d
408649491,-778360665,3345,1:42:39.710000,"(datetime.datetime(2026, 9, 29, 16, 55, 25, 670000),)",2a3c600a
408650529,-778357009,3346,1:42:39.790000,"(datetime.datetime(2026, 9, 29, 16, 55, 25, 746000),)",2a3c600d
408649459,-778360780,3345,1:42:39.880000,"(datetime.datetime(2026, 9, 29, 16, 55, 25, 833000),)",2a3c600a
408650496,-778357159,3346,1:42:39.950000,"(datetime.datetime(2026, 9, 29, 16, 55, 25, 902000),)",2a3c600d
408649427,-778360892,3345,1:42:40,"(datetime.datetime(2026, 9, 29, 16, 55, 25, 958000),)",2a3c600a
408650463,-778357308,3346,1:42:40.090000,"(datetime.datetime(2026, 9, 29, 16, 55, 26, 48000),)",2a3c600d
408649394,-778361003,3345,1:42:40.160000,"(datetime.datetime(2026, 9, 29, 16, 55, 26, 111000),)",2a3c600a
408650431,-778357457,3346,1:42:40.230000,"(datetime.datetime(2026, 9, 29, 16, 55, 26, 182000),)",2a3c600d
408649362,-778361110,3345,1:42:40.310000,"(datetime.datetime(2026, 9, 29, 16, 55, 26, 264000),)",2a3c600a
408650397,-778357602,3346,1:42:40.370000,"(datetime.datetime(2026, 9, 29, 16, 55, 26, 326000),)",2a3c600d
408649331,-778361218,3345,1:42:40.440000,"(datetime.datetime(2026, 9, 29, 16, 55, 26, 397000),)",2a3c600a
408650363,-778357751,3346,1:42:40.510000,"(datetime.datetime(2026, 9, 29, 16, 55, 26, 468000),)",2a3c600d
408649301,-778361321,3345,1:42:40.580000,"(datetime.datetime(2026, 9, 29, 16, 55, 26, 537000),)",2a3c600a
408650330,-778357897,3345,1:42:40.650000,"(datetime.datetime(2026, 9, 29, 16, 55, 26, 607000),)",2a3c600d
408650297,-778358042,3345,1:42:40.740000,"(datetime.datetime(2026, 9, 29, 16, 55, 26, 693000),)",2a3c600d
408649271,-778361424,3344,1:42:40.800000,"(datetime.datetime(2026, 9, 29, 16, 55, 26, 750000),)",2a3c600a
408650263,-778358185,3345,1:42:40.860000,"(datetime.datetime(2026, 9, 29, 16, 55, 26, 814000),)",2a3c600d
408649230,-778361527,3342,1:42:40.940000,"(datetime.datetime(2026, 9, 29, 16, 55, 26, 892000),)",2a3c600a
408650231,-778358326,3345,1:42:41.010000,"(datetime.datetime(2026, 9, 29, 16, 55, 26, 969000),)",2a3c600d
408649199,-778361622,3342,1:42:41.080000,"(datetime.datetime(2026, 9, 29, 16, 55, 27, 33000),)",2a3c600a
408650199,-778358468,3345,1:42:41.140000,"(datetime.datetime(2026, 9, 29, 16, 55, 27, 99000),)",2a3c600d
408649171,-778361718,3342,1:42:41.230000,"(datetime.datetime(2026, 9, 29, 16, 55, 27, 181000),)",2a3c600a
408650167,-778358606,3345,1:42:41.300000,"(datetime.datetime(2026, 9, 29, 16, 55, 27, 250000),)",2a3c600d
408649141,-778361812,3342,1:42:41.360000,"(datetime.datetime(2026, 9, 29, 16, 55, 27, 315000),)",2a3c600a
408650133,-778358743,3345,1:42:41.440000,"(datetime.datetime(2026, 9, 29, 16, 55, 27, 391000),)",2a3c600d
408649113,-778361904,3342,1:42:41.490000,"(datetime.datetime(2026, 9, 29, 16, 55, 27, 450000),)",2a3c600a
408650103,-778358879,3345,1:42:41.570000,"(datetime.datetime(2026, 9, 29, 16, 55, 27, 521000),)",2a3c600d
408649084,-778361995,3342,1:42:41.640000,"(datetime.datetime(2026, 9, 29, 16, 55, 27, 599000),)",2a3c600a
408650071,-778359012,3344,1:42:41.710000,"(datetime.datetime(2026, 9, 29, 16, 55, 27, 669000),)",2a3c600d
408649056,-778362083,3342,1:42:41.770000,"(datetime.datetime(2026, 9, 29, 16, 55, 27, 728000),)",2a3c600a
408649029,-778362172,3342,1:42:41.850000,"(datetime.datetime(2026, 9, 29, 16, 55, 27, 809000),)",2a3c600a
408650043,-778359143,3344,1:42:41.930000,"(datetime.datetime(2026, 9, 29, 16, 55, 27, 881000),)",2a3c600d
408649002,-778362256,3341,1:42:42,"(datetime.datetime(2026, 9, 29, 16, 55, 27, 953000),)",2a3c600a
408650010,-778359272,3344,1:42:42.070000,"(datetime.datetime(2026, 9, 29, 16, 55, 28, 21000),)",2a3c600d
408648974,-778362340,3341,1:42:42.140000,"(datetime.datetime(2026, 9, 29, 16, 55, 28, 91000),)",2a3c600a
408649981,-778359401,3344,1:42:42.230000,"(datetime.datetime(2026, 9, 29, 16, 55, 28, 182000),)",2a3c600d
408648949,-778362431,3340,1:42:42.290000,"(datetime.datetime(2026, 9, 29, 16, 55, 28, 244000),)",2a3c600a
408649948,-778359531,3343,1:42:42.350000,"(datetime.datetime(2026, 9, 29, 16, 55, 28, 306000),)",2a3c600d
408648923,-778362503,3341,1:42:42.420000,"(datetime.datetime(2026, 9, 29, 16, 55, 28, 375000),)",2a3c600a
408649918,-778359649,3343,1:42:42.490000,"(datetime.datetime(2026, 9, 29, 16, 55, 28, 445000),)",2a3c600d
408648897,-778362583,3340,1:42:42.550000,"(datetime.datetime(2026, 9, 29, 16, 55, 28, 510000),)",2a3c600a
408648872,-778362657,3340,1:42:42.620000,"(datetime.datetime(2026, 9, 29, 16, 55, 28, 571000),)",2a3c600a
408649889,-778359769,3343,1:42:42.690000,"(datetime.datetime(2026, 9, 29, 16, 55, 28, 640000),)",2a3c600d
408648848,-778362731,3340,1:42:42.760000,"(datetime.datetime(2026, 9, 29, 16, 55, 28, 714000),)",2a3c600a
408649859,-778359885,3343,1:42:42.940000,"(datetime.datetime(2026, 9, 29, 16, 55, 28, 895000),)",2a3c600d
408648823,-778362802,3340,1:42:43.180000,"(datetime.datetime(2026, 9, 29, 16, 55, 29, 133000),)",2a3c600a
408649833,-778360004,3343,1:42:43.260000,"(datetime.datetime(2026, 9, 29, 16, 55, 29, 212000),)",2a3c600d
408649803,-778360115,3342,1:42:43.340000,"(datetime.datetime(2026, 9, 29, 16, 55, 29, 298000),)",2a3c600d
408648799,-778362869,3340,1:42:43.390000,"(datetime.datetime(2026, 9, 29, 16, 55, 29, 344000),)",2a3c600a
408648775,-778362937,3340,1:42:43.450000,"(datetime.datetime(2026, 9, 29, 16, 55, 29, 409000),)",2a3c600a
408649773,-778360227,3342,1:42:43.540000,"(datetime.datetime(2026, 9, 29, 16, 55, 29, 494000),)",2a3c600d
408649744,-778360336,3342,1:42:43.740000,"(datetime.datetime(2026, 9, 29, 16, 55, 29, 693000),)",2a3c600d
408648753,-778363003,3340,1:42:43.970000,"(datetime.datetime(2026, 9, 29, 16, 55, 29, 921000),)",2a3c600a
408649716,-778360442,3342,1:42:44.130000,"(datetime.datetime(2026, 9, 29, 16, 55, 30, 82000),)",2a3c600d
408649689,-778360545,3342,1:42:44.250000,"(datetime.datetime(2026, 9, 29, 16, 55, 30, 203000),)",2a3c600d
408648732,-778363066,3340,1:42:44.300000,"(datetime.datetime(2026, 9, 29, 16, 55, 30, 255000),)",2a3c600a
408649660,-778360657,3341,1:42:44.370000,"(datetime.datetime(2026, 9, 29, 16, 55, 30, 323000),)",2a3c600d
408648711,-778363136,3340,1:42:44.460000,"(datetime.datetime(2026, 9, 29, 16, 55, 30, 416000),)",2a3c600a
408649633,-778360751,3341,1:42:44.590000,"(datetime.datetime(2026, 9, 29, 16, 55, 30, 549000),)",2a3c600d
408648692,-778363189,3340,1:42:44.650000,"(datetime.datetime(2026, 9, 29, 16, 55, 30, 608000),)",2a3c600a
408649605,-778360846,3341,1:42:44.780000,"(datetime.datetime(2026, 9, 29, 16, 55, 30, 733000),)",2a3c600d
408648671,-778363246,3340,1:42:44.930000,"(datetime.datetime(2026, 9, 29, 16, 55, 30, 886000),)",2a3c600a
408649579,-778360940,3341,1:42:44.970000,"(datetime.datetime(2026, 9, 29, 16, 55, 30, 927000),)",2a3c600d
408648653,-778363299,3340,1:42:45.060000,"(datetime.datetime(2026, 9, 29, 16, 55, 31, 15000),)",2a3c600a
408649553,-778361030,3341,1:42:45.190000,"(datetime.datetime(2026, 9, 29, 16, 55, 31, 143000),)",2a3c600d
408648634,-778363351,3340,1:42:45.270000,"(datetime.datetime(2026, 9, 29, 16, 55, 31, 222000),)",2a3c600a
408649529,-778361119,3341,1:42:45.320000,"(datetime.datetime(2026, 9, 29, 16, 55, 31, 274000),)",2a3c600d
408648615,-778363399,3340,1:42:45.380000,"(datetime.datetime(2026, 9, 29, 16, 55, 31, 337000),)",2a3c600a
408649504,-778361203,3341,1:42:45.520000,"(datetime.datetime(2026, 9, 29, 16, 55, 31, 479000),)",2a3c600d
408648599,-778363446,3340,1:42:45.640000,"(datetime.datetime(2026, 9, 29, 16, 55, 31, 597000),)",2a3c600a
408649480,-778361284,3341,1:42:45.680000,"(datetime.datetime(2026, 9, 29, 16, 55, 31, 632000),)",2a3c600d
408648583,-778363490,3340,1:42:45.750000,"(datetime.datetime(2026, 9, 29, 16, 55, 31, 704000),)",2a3c600a
408649459,-778361363,3341,1:42:45.810000,"(datetime.datetime(2026, 9, 29, 16, 55, 31, 765000),)",2a3c600d
408648567,-778363530,3339,1:42:45.880000,"(datetime.datetime(2026, 9, 29, 16, 55, 31, 832000),)",2a3c600a
408649435,-778361439,3341,1:42:45.950000,"(datetime.datetime(2026, 9, 29, 16, 55, 31, 907000),)",2a3c600d
408648551,-778363569,3340,1:42:46.010000,"(datetime.datetime(2026, 9, 29, 16, 55, 31, 970000),)",2a3c600a
408649413,-778361525,3341,1:42:46.090000,"(datetime.datetime(2026, 9, 29, 16, 55, 32, 44000),)",2a3c600d
408648546,-778363610,3340,1:42:46.160000,"(datetime.datetime(2026, 9, 29, 16, 55, 32, 111000),)",2a3c600a
408649392,-778361590,3341,1:42:46.250000,"(datetime.datetime(2026, 9, 29, 16, 55, 32, 202000),)",2a3c600d
408648533,-778363639,3340,1:42:46.300000,"(datetime.datetime(2026, 9, 29, 16, 55, 32, 257000),)",2a3c600a
408649374,-778361658,3341,1:42:46.370000,"(datetime.datetime(2026, 9, 29, 16, 55, 32, 330000),)",2a3c600d
408648520,-778363671,3340,1:42:46.460000,"(datetime.datetime(2026, 9, 29, 16, 55, 32, 414000),)",2a3c600a
408649352,-778361725,3341,1:42:46.540000,"(datetime.datetime(2026, 9, 29, 16, 55, 32, 493000),)",2a3c600d
408648509,-778363701,3340,1:42:46.600000,"(datetime.datetime(2026, 9, 29, 16, 55, 32, 554000),)",2a3c600a
408649332,-778361789,3340,1:42:46.670000,"(datetime.datetime(2026, 9, 29, 16, 55, 32, 626000),)",2a3c600d
408648499,-778363728,3340,1:42:46.740000,"(datetime.datetime(2026, 9, 29, 16, 55, 32, 695000),)",2a3c600a
408649314,-778361852,3340,1:42:46.810000,"(datetime.datetime(2026, 9, 29, 16, 55, 32, 769000),)",2a3c600d
408648489,-778363752,3340,1:42:46.890000,"(datetime.datetime(2026, 9, 29, 16, 55, 32, 841000),)",2a3c600a
408649296,-778361912,3340,1:42:46.950000,"(datetime.datetime(2026, 9, 29, 16, 55, 32, 910000),)",2a3c600d
408648480,-778363775,3340,1:42:47.020000,"(datetime.datetime(2026, 9, 29, 16, 55, 32, 975000),)",2a3c600a
408649277,-778361969,3340,1:42:47.100000,"(datetime.datetime(2026, 9, 29, 16, 55, 33, 55000),)",2a3c600d
408648473,-778363796,3340,1:42:47.170000,"(datetime.datetime(2026, 9, 29, 16, 55, 33, 121000),)",2a3c600a
408649260,-778362025,3340,1:42:47.250000,"(datetime.datetime(2026, 9, 29, 16, 55, 33, 202000),)",2a3c600d
408648466,-778363812,3340,1:42:47.300000,"(datetime.datetime(2026, 9, 29, 16, 55, 33, 258000),)",2a3c600a
408649243,-778362079,3340,1:42:47.390000,"(datetime.datetime(2026, 9, 29, 16, 55, 33, 343000),)",2a3c600d
408648459,-778363829,3339,1:42:47.450000,"(datetime.datetime(2026, 9, 29, 16, 55, 33, 401000),)",2a3c600a
408649221,-778362142,3340,1:42:47.510000,"(datetime.datetime(2026, 9, 29, 16, 55, 33, 468000),)",2a3c600d
408648452,-778363854,3339,1:42:47.580000,"(datetime.datetime(2026, 9, 29, 16, 55, 33, 539000),)",2a3c600a
408649206,-778362183,3340,1:42:47.670000,"(datetime.datetime(2026, 9, 29, 16, 55, 33, 621000),)",2a3c600d
408648449,-778363860,3340,1:42:47.740000,"(datetime.datetime(2026, 9, 29, 16, 55, 33, 694000),)",2a3c600a
408649191,-778362232,3340,1:42:47.810000,"(datetime.datetime(2026, 9, 29, 16, 55, 33, 761000),)",2a3c600d
408648445,-778363868,3339,1:42:47.880000,"(datetime.datetime(2026, 9, 29, 16, 55, 33, 832000),)",2a3c600a
408648441,-778363881,3339,1:42:47.950000,"(datetime.datetime(2026, 9, 29, 16, 55, 33, 903000),)",2a3c600a
408649175,-778362278,3339,1:42:48.020000,"(datetime.datetime(2026, 9, 29, 16, 55, 33, 977000),)",2a3c600d
408649161,-778362322,3340,1:42:48.090000,"(datetime.datetime(2026, 9, 29, 16, 55, 34, 46000),)",2a3c600d
408648437,-778363891,3339,1:42:48.170000,"(datetime.datetime(2026, 9, 29, 16, 55, 34, 124000),)",2a3c600a
408649147,-778362363,3339,1:42:48.250000,"(datetime.datetime(2026, 9, 29, 16, 55, 34, 202000),)",2a3c600d
408648433,-778363901,3340,1:42:48.300000,"(datetime.datetime(2026, 9, 29, 16, 55, 34, 257000),)",2a3c600a
408649132,-778362403,3339,1:42:48.370000,"(datetime.datetime(2026, 9, 29, 16, 55, 34, 326000),)",2a3c600d
408648430,-778363907,3340,1:42:48.440000,"(datetime.datetime(2026, 9, 29, 16, 55, 34, 397000),)",2a3c600a
408649120,-778362442,3340,1:42:48.510000,"(datetime.datetime(2026, 9, 29, 16, 55, 34, 470000),)",2a3c600d
408648428,-778363913,3340,1:42:48.580000,"(datetime.datetime(2026, 9, 29, 16, 55, 34, 531000),)",2a3c600a
408649107,-778362479,3339,1:42:48.650000,"(datetime.datetime(2026, 9, 29, 16, 55, 34, 603000),)",2a3c600d
408648426,-778363916,3339,1:42:48.720000,"(datetime.datetime(2026, 9, 29, 16, 55, 34, 675000),)",2a3c600a
408649095,-778362514,3339,1:42:48.790000,"(datetime.datetime(2026, 9, 29, 16, 55, 34, 746000),)",2a3c600d
408648426,-778363918,3339,1:42:48.860000,"(datetime.datetime(2026, 9, 29, 16, 55, 34, 811000),)",2a3c600a
408649079,-778362558,3339,1:42:48.930000,"(datetime.datetime(2026, 9, 29, 16, 55, 34, 888000),)",2a3c600d
408648417,-778363936,3341,1:42:49,"(datetime.datetime(2026, 9, 29, 16, 55, 34, 955000),)",2a3c600a
408649070,-778362582,3339,1:42:49.080000,"(datetime.datetime(2026, 9, 29, 16, 55, 35, 34000),)",2a3c600d
408648419,-778363930,3341,1:42:49.130000,"(datetime.datetime(2026, 9, 29, 16, 55, 35, 88000),)",2a3c600a
408649061,-778362613,3339,1:42:49.220000,"(datetime.datetime(2026, 9, 29, 16, 55, 35, 179000),)",2a3c600d
408648418,-778363930,3341,1:42:49.280000,"(datetime.datetime(2026, 9, 29, 16, 55, 35, 231000),)",2a3c600a
408649049,-778362641,3339,1:42:49.350000,"(datetime.datetime(2026, 9, 29, 16, 55, 35, 301000),)",2a3c600d
408648418,-778363931,3341,1:42:49.420000,"(datetime.datetime(2026, 9, 29, 16, 55, 35, 378000),)",2a3c600a
408649040,-778362669,3339,1:42:49.490000,"(datetime.datetime(2026, 9, 29, 16, 55, 35, 444000),)",2a3c600d
408648419,-778363929,3341,1:42:49.560000,"(datetime.datetime(2026, 9, 29, 16, 55, 35, 511000),)",2a3c600a
408649032,-778362696,3339,1:42:49.640000,"(datetime.datetime(2026, 9, 29, 16, 55, 35, 591000),)",2a3c600d
408648419,-778363930,3341,1:42:49.690000,"(datetime.datetime(2026, 9, 29, 16, 55, 35, 650000),)",2a3c600a
408649020,-778362719,3339,1:42:49.770000,"(datetime.datetime(2026, 9, 29, 16, 55, 35, 725000),)",2a3c600d
408648418,-778363929,3341,1:42:49.830000,"(datetime.datetime(2026, 9, 29, 16, 55, 35, 790000),)",2a3c600a
408649014,-778362743,3339,1:42:49.900000,"(datetime.datetime(2026, 9, 29, 16, 55, 35, 858000),)",2a3c600d
408648419,-778363930,3341,1:42:49.970000,"(datetime.datetime(2026, 9, 29, 16, 55, 35, 926000),)",2a3c600a
408649005,-778362763,3339,1:42:50.040000,"(datetime.datetime(2026, 9, 29, 16, 55, 35, 992000),)",2a3c600d
408648418,-778363929,3341,1:42:50.110000,"(datetime.datetime(2026, 9, 29, 16, 55, 36, 63000),)",2a3c600a
408648999,-778362783,3339,1:42:50.180000,"(datetime.datetime(2026, 9, 29, 16, 55, 36, 139000),)",2a3c600d
408648417,-778363928,3341,1:42:50.260000,"(datetime.datetime(2026, 9, 29, 16, 55, 36, 210000),)",2a3c600a
408648991,-778362807,3339,1:42:50.330000,"(datetime.datetime(2026, 9, 29, 16, 55, 36, 288000),)",2a3c600d
408648417,-778363936,3343,1:42:50.390000,"(datetime.datetime(2026, 9, 29, 16, 55, 36, 349000),)",2a3c600a
408648986,-778362819,3339,1:42:50.480000,"(datetime.datetime(2026, 9, 29, 16, 55, 36, 438000),)",2a3c600d
408648417,-778363931,3343,1:42:50.540000,"(datetime.datetime(2026, 9, 29, 16, 55, 36, 493000),)",2a3c600a
408648982,-778362834,3339,1:42:50.610000,"(datetime.datetime(2026, 9, 29, 16, 55, 36, 565000),)",2a3c600d
408648417,-778363931,3342,1:42:50.680000,"(datetime.datetime(2026, 9, 29, 16, 55, 36, 634000),)",2a3c600a
408648978,-778362848,3339,1:42:50.750000,"(datetime.datetime(2026, 9, 29, 16, 55, 36, 707000),)",2a3c600d
408648416,-778363932,3343,1:42:50.820000,"(datetime.datetime(2026, 9, 29, 16, 55, 36, 775000),)",2a3c600a
408648416,-778363932,3343,1:42:50.900000,"(datetime.datetime(2026, 9, 29, 16, 55, 36, 853000),)",2a3c600a
408648975,-778362861,3339,1:42:50.970000,"(datetime.datetime(2026, 9, 29, 16, 55, 36, 929000),)",2a3c600d
408648416,-778363930,3343,1:42:51.040000,"(datetime.datetime(2026, 9, 29, 16, 55, 36, 994000),)",2a3c600a
408648972,-778362871,3339,1:42:51.120000,"(datetime.datetime(2026, 9, 29, 16, 55, 37, 71000),)",2a3c600d
408648418,-778363932,3343,1:42:51.190000,"(datetime.datetime(2026, 9, 29, 16, 55, 37, 148000),)",2a3c600a
408648966,-778362878,3339,1:42:51.260000,"(datetime.datetime(2026, 9, 29, 16, 55, 37, 215000),)",2a3c600d
408648418,-778363933,3343,1:42:51.330000,"(datetime.datetime(2026, 9, 29, 16, 55, 37, 287000),)",2a3c600a
408648962,-778362888,3339,1:42:51.400000,"(datetime.datetime(2026, 9, 29, 16, 55, 37, 359000),)",2a3c600d
408648418,-778363930,3343,1:42:51.470000,"(datetime.datetime(2026, 9, 29, 16, 55, 37, 428000),)",2a3c600a
408648963,-778362896,3339,1:42:51.540000,"(datetime.datetime(2026, 9, 29, 16, 55, 37, 499000),)",2a3c600d
408648957,-778362901,3338,1:42:51.620000,"(datetime.datetime(2026, 9, 29, 16, 55, 37, 575000),)",2a3c600d
408648416,-778363931,3343,1:42:51.690000,"(datetime.datetime(2026, 9, 29, 16, 55, 37, 641000),)",2a3c600a
408648957,-778362907,3339,1:42:51.760000,"(datetime.datetime(2026, 9, 29, 16, 55, 37, 711000),)",2a3c600d
408648411,-778363943,3345,1:42:51.830000,"(datetime.datetime(2026, 9, 29, 16, 55, 37, 785000),)",2a3c600a
408648958,-778362909,3339,1:42:51.890000,"(datetime.datetime(2026, 9, 29, 16, 55, 37, 849000),)",2a3c600d
408648411,-778363943,3345,1:42:51.970000,"(datetime.datetime(2026, 9, 29, 16, 55, 37, 927000),)",2a3c600a
408648410,-778363941,3345,1:42:52.040000,"(datetime.datetime(2026, 9, 29, 16, 55, 37, 994000),)",2a3c600a
408648958,-778362912,3339,1:42:52.110000,"(datetime.datetime(2026, 9, 29, 16, 55, 38, 60000),)",2a3c600d
408648411,-778363943,3345,1:42:52.180000,"(datetime.datetime(2026, 9, 29, 16, 55, 38, 131000),)",2a3c600a
408648957,-778362913,3339,1:42:52.240000,"(datetime.datetime(2026, 9, 29, 16, 55, 38, 199000),)",2a3c600d
408648412,-778363942,3345,1:42:52.310000,"(datetime.datetime(2026, 9, 29, 16, 55, 38, 269000),)",2a3c600a
408648957,-778362916,3339,1:42:52.380000,"(datetime.datetime(2026, 9, 29, 16, 55, 38, 338000),)",2a3c600d
408648956,-778362916,3339,1:42:52.460000,"(datetime.datetime(2026, 9, 29, 16, 55, 38, 415000),)",2a3c600d
408648410,-778363941,3345,1:42:52.520000,"(datetime.datetime(2026, 9, 29, 16, 55, 38, 479000),)",2a3c600a
408648410,-778363940,3345,1:42:52.610000,"(datetime.datetime(2026, 9, 29, 16, 55, 38, 566000),)",2a3c600a
408648956,-778362914,3339,1:42:52.670000,"(datetime.datetime(2026, 9, 29, 16, 55, 38, 625000),)",2a3c600d
408648409,-778363943,3345,1:42:52.730000,"(datetime.datetime(2026, 9, 29, 16, 55, 38, 689000),)",2a3c600a
408648956,-778362913,3339,1:42:52.800000,"(datetime.datetime(2026, 9, 29, 16, 55, 38, 758000),)",2a3c600d
408648408,-778363943,3345,1:42:52.880000,"(datetime.datetime(2026, 9, 29, 16, 55, 38, 836000),)",2a3c600a
408648956,-778362912,3339,1:42:52.950000,"(datetime.datetime(2026, 9, 29, 16, 55, 38, 904000),)",2a3c600d
408648408,-778363950,3345,1:42:53.020000,"(datetime.datetime(2026, 9, 29, 16, 55, 38, 975000),)",2a3c600a
408648956,-778362912,3339,1:42:53.090000,"(datetime.datetime(2026, 9, 29, 16, 55, 39, 47000),)",2a3c600d
408648412,-778363942,3346,1:42:53.170000,"(datetime.datetime(2026, 9, 29, 16, 55, 39, 122000),)",2a3c600a
408648955,-778362916,3339,1:42:53.240000,"(datetime.datetime(2026, 9, 29, 16, 55, 39, 190000),)",2a3c600d
408648412,-778363942,3346,1:42:53.310000,"(datetime.datetime(2026, 9, 29, 16, 55, 39, 269000),)",2a3c600a
408648956,-778362914,3339,1:42:53.380000,"(datetime.datetime(2026, 9, 29, 16, 55, 39, 331000),)",2a3c600d
408648412,-778363942,3346,1:42:53.440000,"(datetime.datetime(2026, 9, 29, 16, 55, 39, 397000),)",2a3c600a
408648957,-778362914,3339,1:42:53.530000,"(datetime.datetime(2026, 9, 29, 16, 55, 39, 481000),)",2a3c600d
408648412,-778363942,3346,1:42:53.590000,"(datetime.datetime(2026, 9, 29, 16, 55, 39, 544000),)",2a3c600a
408648955,-778362914,3339,1:42:53.660000,"(datetime.datetime(2026, 9, 29, 16, 55, 39, 617000),)",2a3c600d
408648412,-778363942,3346,1:42:53.740000,"(datetime.datetime(2026, 9, 29, 16, 55, 39, 692000),)",2a3c600a
408648955,-778362914,3339,1:42:53.810000,"(datetime.datetime(2026, 9, 29, 16, 55, 39, 761000),)",2a3c600d
408648412,-778363942,3346,1:42:53.870000,"(datetime.datetime(2026, 9, 29, 16, 55, 39, 830000),)",2a3c600a
408648955,-778362915,3339,1:42:53.950000,"(datetime.datetime(2026, 9, 29, 16, 55, 39, 910000),)",2a3c600d
408648412,-778363942,3346,1:42:54.020000,"(datetime.datetime(2026, 9, 29, 16, 55, 39, 974000),)",2a3c600a
408648955,-778362913,3339,1:42:54.090000,"(datetime.datetime(2026, 9, 29, 16, 55, 40, 44000),)",2a3c600d
408648412,-778363942,3346,1:42:54.160000,"(datetime.datetime(2026, 9, 29, 16, 55, 40, 111000),)",2a3c600a
408648956,-778362915,3339,1:42:54.260000,"(datetime.datetime(2026, 9, 29, 16, 55, 40, 212000),)",2a3c600d
408648412,-778363942,3346,1:42:54.300000,"(datetime.datetime(2026, 9, 29, 16, 55, 40, 250000),)",2a3c600a
408648954,-778362915,3339,1:42:54.370000,"(datetime.datetime(2026, 9, 29, 16, 55, 40, 328000),)",2a3c600d
408648412,-778363942,3346,1:42:54.440000,"(datetime.datetime(2026, 9, 29, 16, 55, 40, 400000),)",2a3c600a
408648954,-778362918,3339,1:42:54.530000,"(datetime.datetime(2026, 9, 29, 16, 55, 40, 485000),)",2a3c600d
408648400,-778363990,3346,1:42:54.580000,"(datetime.datetime(2026, 9, 29, 16, 55, 40, 539000),)",2a3c600a
408648953,-778362922,3340,1:42:54.650000,"(datetime.datetime(2026, 9, 29, 16, 55, 40, 609000),)",2a3c600d
408648395,-778364006,3346,1:42:54.730000,"(datetime.datetime(2026, 9, 29, 16, 55, 40, 683000),)",2a3c600a
408648953,-778362925,3339,1:42:54.800000,"(datetime.datetime(2026, 9, 29, 16, 55, 40, 752000),)",2a3c600d
408648388,-778364021,3346,1:42:54.860000,"(datetime.datetime(2026, 9, 29, 16, 55, 40, 818000),)",2a3c600a
408648951,-778362929,3339,1:42:54.940000,"(datetime.datetime(2026, 9, 29, 16, 55, 40, 893000),)",2a3c600d
408648382,-778364038,3346,1:42:55.010000,"(datetime.datetime(2026, 9, 29, 16, 55, 40, 964000),)",2a3c600a
408648949,-778362933,3340,1:42:55.080000,"(datetime.datetime(2026, 9, 29, 16, 55, 41, 33000),)",2a3c600d
408648372,-778364062,3346,1:42:55.150000,"(datetime.datetime(2026, 9, 29, 16, 55, 41, 101000),)",2a3c600a
408648947,-778362938,3339,1:42:55.260000,"(datetime.datetime(2026, 9, 29, 16, 55, 41, 212000),)",2a3c600d
408648364,-778364086,3346,1:42:55.290000,"(datetime.datetime(2026, 9, 29, 16, 55, 41, 243000),)",2a3c600a
408648946,-778362943,3340,1:42:55.360000,"(datetime.datetime(2026, 9, 29, 16, 55, 41, 313000),)",2a3c600d
408648354,-778364113,3346,1:42:55.420000,"(datetime.datetime(2026, 9, 29, 16, 55, 41, 378000),)",2a3c600a
408648944,-778362949,3340,1:42:55.500000,"(datetime.datetime(2026, 9, 29, 16, 55, 41, 459000),)",2a3c600d
408648344,-778364140,3345,1:42:55.580000,"(datetime.datetime(2026, 9, 29, 16, 55, 41, 535000),)",2a3c600a
408648941,-778362956,3339,1:42:55.640000,"(datetime.datetime(2026, 9, 29, 16, 55, 41, 600000),)",2a3c600d
408648333,-778364172,3346,1:42:55.720000,"(datetime.datetime(2026, 9, 29, 16, 55, 41, 674000),)",2a3c600a
408648939,-778362965,3340,1:42:55.790000,"(datetime.datetime(2026, 9, 29, 16, 55, 41, 741000),)",2a3c600d
408648320,-778364205,3346,1:42:55.850000,"(datetime.datetime(2026, 9, 29, 16, 55, 41, 809000),)",2a3c600a
408648934,-778362972,3340,1:42:55.920000,"(datetime.datetime(2026, 9, 29, 16, 55, 41, 876000),)",2a3c600d
408648311,-778364243,3346,1:42:55.990000,"(datetime.datetime(2026, 9, 29, 16, 55, 41, 946000),)",2a3c600a
408648935,-778362978,3339,1:42:56.070000,"(datetime.datetime(2026, 9, 29, 16, 55, 42, 20000),)",2a3c600d
408648295,-778364285,3346,1:42:56.130000,"(datetime.datetime(2026, 9, 29, 16, 55, 42, 86000),)",2a3c600a
408648930,-778362989,3339,1:42:56.200000,"(datetime.datetime(2026, 9, 29, 16, 55, 42, 152000),)",2a3c600d
408648281,-778364328,3346,1:42:56.270000,"(datetime.datetime(2026, 9, 29, 16, 55, 42, 227000),)",2a3c600a
408648926,-778363000,3339,1:42:56.340000,"(datetime.datetime(2026, 9, 29, 16, 55, 42, 300000),)",2a3c600d
408648265,-778364372,3346,1:42:56.420000,"(datetime.datetime(2026, 9, 29, 16, 55, 42, 374000),)",2a3c600a
408648924,-778363013,3340,1:42:56.490000,"(datetime.datetime(2026, 9, 29, 16, 55, 42, 441000),)",2a3c600d
408648249,-778364415,3346,1:42:56.560000,"(datetime.datetime(2026, 9, 29, 16, 55, 42, 520000),)",2a3c600a
408648915,-778363027,3339,1:42:56.630000,"(datetime.datetime(2026, 9, 29, 16, 55, 42, 590000),)",2a3c600d
408648230,-778364462,3346,1:42:56.700000,"(datetime.datetime(2026, 9, 29, 16, 55, 42, 657000),)",2a3c600a
408648910,-778363044,3339,1:42:56.780000,"(datetime.datetime(2026, 9, 29, 16, 55, 42, 732000),)",2a3c600d
408648212,-778364511,3346,1:42:56.840000,"(datetime.datetime(2026, 9, 29, 16, 55, 42, 799000),)",2a3c600a
408648904,-778363062,3339,1:42:56.920000,"(datetime.datetime(2026, 9, 29, 16, 55, 42, 871000),)",2a3c600d
408648193,-778364563,3346,1:42:56.990000,"(datetime.datetime(2026, 9, 29, 16, 55, 42, 941000),)",2a3c600a
408648895,-778363080,3339,1:42:57.050000,"(datetime.datetime(2026, 9, 29, 16, 55, 43, 10000),)",2a3c600d
408648173,-778364617,3346,1:42:57.120000,"(datetime.datetime(2026, 9, 29, 16, 55, 43, 77000),)",2a3c600a
408648889,-778363102,3339,1:42:57.200000,"(datetime.datetime(2026, 9, 29, 16, 55, 43, 154000),)",2a3c600d
408648151,-778364673,3346,1:42:57.270000,"(datetime.datetime(2026, 9, 29, 16, 55, 43, 230000),)",2a3c600a
408648883,-778363125,3339,1:42:57.360000,"(datetime.datetime(2026, 9, 29, 16, 55, 43, 312000),)",2a3c600d
408648138,-778364717,3347,1:42:57.420000,"(datetime.datetime(2026, 9, 29, 16, 55, 43, 372000),)",2a3c600a
408648872,-778363147,3339,1:42:57.490000,"(datetime.datetime(2026, 9, 29, 16, 55, 43, 447000),)",2a3c600d
408648110,-778364784,3348,1:42:57.560000,"(datetime.datetime(2026, 9, 29, 16, 55, 43, 520000),)",2a3c600a
408648863,-778363175,3339,1:42:57.630000,"(datetime.datetime(2026, 9, 29, 16, 55, 43, 587000),)",2a3c600d
408648085,-778364844,3348,1:42:57.700000,"(datetime.datetime(2026, 9, 29, 16, 55, 43, 656000),)",2a3c600a
408648855,-778363201,3339,1:42:57.770000,"(datetime.datetime(2026, 9, 29, 16, 55, 43, 725000),)",2a3c600d
408648059,-778364907,3348,1:42:57.840000,"(datetime.datetime(2026, 9, 29, 16, 55, 43, 793000),)",2a3c600a
408648843,-778363232,3339,1:42:57.910000,"(datetime.datetime(2026, 9, 29, 16, 55, 43, 869000),)",2a3c600d
408648034,-778364970,3348,1:42:58.090000,"(datetime.datetime(2026, 9, 29, 16, 55, 44, 46000),)",2a3c600a
408648832,-778363260,3339,1:42:58.330000,"(datetime.datetime(2026, 9, 29, 16, 55, 44, 289000),)",2a3c600d
408648009,-778365033,3347,1:42:58.410000,"(datetime.datetime(2026, 9, 29, 16, 55, 44, 367000),)",2a3c600a
408648822,-778363293,3339,1:42:58.500000,"(datetime.datetime(2026, 9, 29, 16, 55, 44, 459000),)",2a3c600d
408647981,-778365097,3347,1:42:58.600000,"(datetime.datetime(2026, 9, 29, 16, 55, 44, 556000),)",2a3c600a
408648806,-778363326,3339,1:42:58.650000,"(datetime.datetime(2026, 9, 29, 16, 55, 44, 602000),)",2a3c600d
408647952,-778365164,3347,1:42:58.700000,"(datetime.datetime(2026, 9, 29, 16, 55, 44, 652000),)",2a3c600a
408648794,-778363365,3339,1:42:58.870000,"(datetime.datetime(2026, 9, 29, 16, 55, 44, 827000),)",2a3c600d
408647923,-778365229,3347,1:42:59.120000,"(datetime.datetime(2026, 9, 29, 16, 55, 45, 76000),)",2a3c600a
408648781,-778363402,3339,1:42:59.340000,"(datetime.datetime(2026, 9, 29, 16, 55, 45, 291000),)",2a3c600d
408647892,-778365299,3347,1:42:59.420000,"(datetime.datetime(2026, 9, 29, 16, 55, 45, 378000),)",2a3c600a
408648766,-778363443,3339,1:42:59.560000,"(datetime.datetime(2026, 9, 29, 16, 55, 45, 516000),)",2a3c600d
408647879,-778365365,3349,1:42:59.620000,"(datetime.datetime(2026, 9, 29, 16, 55, 45, 577000),)",2a3c600a
408648750,-778363479,3339,1:42:59.710000,"(datetime.datetime(2026, 9, 29, 16, 55, 45, 668000),)",2a3c600d
408647845,-778365443,3349,1:42:59.890000,"(datetime.datetime(2026, 9, 29, 16, 55, 45, 841000),)",2a3c600a
408648732,-778363525,3339,1:42:59.950000,"(datetime.datetime(2026, 9, 29, 16, 55, 45, 901000),)",2a3c600d
408647812,-778365516,3349,1:43:00.030000,"(datetime.datetime(2026, 9, 29, 16, 55, 45, 988000),)",2a3c600a
408648714,-778363570,3339,1:43:00.150000,"(datetime.datetime(2026, 9, 29, 16, 55, 46, 108000),)",2a3c600d
408647775,-778365589,3349,1:43:00.300000,"(datetime.datetime(2026, 9, 29, 16, 55, 46, 258000),)",2a3c600a
408648698,-778363614,3339,1:43:00.340000,"(datetime.datetime(2026, 9, 29, 16, 55, 46, 296000),)",2a3c600d
408647740,-778365665,3349,1:43:00.420000,"(datetime.datetime(2026, 9, 29, 16, 55, 46, 376000),)",2a3c600a
408648679,-778363661,3339,1:43:00.600000,"(datetime.datetime(2026, 9, 29, 16, 55, 46, 552000),)",2a3c600d
408647703,-778365739,3348,1:43:00.790000,"(datetime.datetime(2026, 9, 29, 16, 55, 46, 750000),)",2a3c600a
408648660,-778363709,3339,1:43:00.850000,"(datetime.datetime(2026, 9, 29, 16, 55, 46, 807000),)",2a3c600d
408647664,-778365819,3348,1:43:00.910000,"(datetime.datetime(2026, 9, 29, 16, 55, 46, 864000),)",2a3c600a
408648643,-778363759,3339,1:43:00.980000,"(datetime.datetime(2026, 9, 29, 16, 55, 46, 932000),)",2a3c600d
408647624,-778365898,3348,1:43:01.050000,"(datetime.datetime(2026, 9, 29, 16, 55, 47, 2000),)",2a3c600a
408648622,-778363808,3339,1:43:01.120000,"(datetime.datetime(2026, 9, 29, 16, 55, 47, 73000),)",2a3c600d
408647584,-778365977,3348,1:43:01.190000,"(datetime.datetime(2026, 9, 29, 16, 55, 47, 143000),)",2a3c600a
408648601,-778363859,3339,1:43:01.260000,"(datetime.datetime(2026, 9, 29, 16, 55, 47, 211000),)",2a3c600d
408647543,-778366058,3348,1:43:01.320000,"(datetime.datetime(2026, 9, 29, 16, 55, 47, 278000),)",2a3c600a
408648582,-778363911,3339,1:43:01.400000,"(datetime.datetime(2026, 9, 29, 16, 55, 47, 356000),)",2a3c600d
408647500,-778366131,3348,1:43:01.470000,"(datetime.datetime(2026, 9, 29, 16, 55, 47, 426000),)",2a3c600a
408648561,-778363959,3339,1:43:01.540000,"(datetime.datetime(2026, 9, 29, 16, 55, 47, 497000),)",2a3c600d
408647455,-778366217,3348,1:43:01.610000,"(datetime.datetime(2026, 9, 29, 16, 55, 47, 563000),)",2a3c600a
408648537,-778364019,3339,1:43:01.700000,"(datetime.datetime(2026, 9, 29, 16, 55, 47, 653000),)",2a3c600d
408647409,-778366303,3348,1:43:01.780000,"(datetime.datetime(2026, 9, 29, 16, 55, 47, 733000),)",2a3c600a
408648513,-778364077,3339,1:43:01.850000,"(datetime.datetime(2026, 9, 29, 16, 55, 47, 808000),)",2a3c600d
408647363,-778366388,3347,1:43:01.920000,"(datetime.datetime(2026, 9, 29, 16, 55, 47, 877000),)",2a3c600a
408648489,-778364137,3339,1:43:02,"(datetime.datetime(2026, 9, 29, 16, 55, 47, 956000),)",2a3c600d
408647316,-778366474,3347,1:43:02.070000,"(datetime.datetime(2026, 9, 29, 16, 55, 48, 22000),)",2a3c600a
408648464,-778364200,3339,1:43:02.140000,"(datetime.datetime(2026, 9, 29, 16, 55, 48, 94000),)",2a3c600d
408647269,-778366560,3347,1:43:02.210000,"(datetime.datetime(2026, 9, 29, 16, 55, 48, 161000),)",2a3c600a
408648435,-778364263,3339,1:43:02.270000,"(datetime.datetime(2026, 9, 29, 16, 55, 48, 230000),)",2a3c600d
408647221,-778366648,3347,1:43:02.340000,"(datetime.datetime(2026, 9, 29, 16, 55, 48, 299000),)",2a3c600a
408648408,-778364329,3339,1:43:02.420000,"(datetime.datetime(2026, 9, 29, 16, 55, 48, 371000),)",2a3c600d
408647168,-778366737,3347,1:43:02.480000,"(datetime.datetime(2026, 9, 29, 16, 55, 48, 438000),)",2a3c600a
408648380,-778364398,3339,1:43:02.560000,"(datetime.datetime(2026, 9, 29, 16, 55, 48, 511000),)",2a3c600d
408647116,-778366828,3347,1:43:02.630000,"(datetime.datetime(2026, 9, 29, 16, 55, 48, 583000),)",2a3c600a
408648349,-778364467,3339,1:43:02.690000,"(datetime.datetime(2026, 9, 29, 16, 55, 48, 648000),)",2a3c600d
408647066,-778366917,3347,1:43:02.760000,"(datetime.datetime(2026, 9, 29, 16, 55, 48, 720000),)",2a3c600a
408648318,-778364538,3339,1:43:02.840000,"(datetime.datetime(2026, 9, 29, 16, 55, 48, 793000),)",2a3c600d
408646996,-778366984,3347,1:43:02.910000,"(datetime.datetime(2026, 9, 29, 16, 55, 48, 864000),)",2a3c600a
408648295,-778364604,3339,1:43:02.990000,"(datetime.datetime(2026, 9, 29, 16, 55, 48, 947000),)",2a3c600d
408646937,-778367078,3347,1:43:03.080000,"(datetime.datetime(2026, 9, 29, 16, 55, 49, 32000),)",2a3c600a
408648259,-778364683,3339,1:43:03.130000,"(datetime.datetime(2026, 9, 29, 16, 55, 49, 90000),)",2a3c600d
408646879,-778367172,3347,1:43:03.200000,"(datetime.datetime(2026, 9, 29, 16, 55, 49, 158000),)",2a3c600a
408648227,-778364755,3339,1:43:03.280000,"(datetime.datetime(2026, 9, 29, 16, 55, 49, 233000),)",2a3c600d
408646822,-778367262,3347,1:43:03.360000,"(datetime.datetime(2026, 9, 29, 16, 55, 49, 317000),)",2a3c600a
408648192,-778364830,3338,1:43:03.440000,"(datetime.datetime(2026, 9, 29, 16, 55, 49, 399000),)",2a3c600d
408646766,-778367352,3346,1:43:03.510000,"(datetime.datetime(2026, 9, 29, 16, 55, 49, 467000),)",2a3c600a
408648157,-778364907,3338,1:43:03.580000,"(datetime.datetime(2026, 9, 29, 16, 55, 49, 536000),)",2a3c600d
408646704,-778367442,3347,1:43:03.650000,"(datetime.datetime(2026, 9, 29, 16, 55, 49, 608000),)",2a3c600a
408648119,-778364984,3338,1:43:03.720000,"(datetime.datetime(2026, 9, 29, 16, 55, 49, 674000),)",2a3c600d
408646644,-778367535,3347,1:43:03.790000,"(datetime.datetime(2026, 9, 29, 16, 55, 49, 743000),)",2a3c600a
408648083,-778365063,3338,1:43:03.860000,"(datetime.datetime(2026, 9, 29, 16, 55, 49, 812000),)",2a3c600d
408646582,-778367626,3347,1:43:03.940000,"(datetime.datetime(2026, 9, 29, 16, 55, 49, 891000),)",2a3c600a
408648046,-778365142,3338,1:43:04.010000,"(datetime.datetime(2026, 9, 29, 16, 55, 49, 966000),)",2a3c600d
408646520,-778367720,3347,1:43:04.080000,"(datetime.datetime(2026, 9, 29, 16, 55, 50, 35000),)",2a3c600a
408648007,-778365223,3338,1:43:04.150000,"(datetime.datetime(2026, 9, 29, 16, 55, 50, 103000),)",2a3c600d
408646456,-778367811,3347,1:43:04.220000,"(datetime.datetime(2026, 9, 29, 16, 55, 50, 173000),)",2a3c600a
408647966,-778365306,3338,1:43:04.290000,"(datetime.datetime(2026, 9, 29, 16, 55, 50, 242000),)",2a3c600d
408646404,-778367898,3349,1:43:04.360000,"(datetime.datetime(2026, 9, 29, 16, 55, 50, 314000),)",2a3c600a
408647930,-778365384,3337,1:43:04.430000,"(datetime.datetime(2026, 9, 29, 16, 55, 50, 384000),)",2a3c600d
408646335,-778367992,3349,1:43:04.500000,"(datetime.datetime(2026, 9, 29, 16, 55, 50, 451000),)",2a3c600a
408647887,-778365471,3337,1:43:04.570000,"(datetime.datetime(2026, 9, 29, 16, 55, 50, 530000),)",2a3c600d
408646268,-778368086,3349,1:43:04.640000,"(datetime.datetime(2026, 9, 29, 16, 55, 50, 598000),)",2a3c600a
408647845,-778365557,3337,1:43:04.710000,"(datetime.datetime(2026, 9, 29, 16, 55, 50, 666000),)",2a3c600d
408646199,-778368180,3349,1:43:04.790000,"(datetime.datetime(2026, 9, 29, 16, 55, 50, 741000),)",2a3c600a
408647802,-778365641,3337,1:43:04.850000,"(datetime.datetime(2026, 9, 29, 16, 55, 50, 809000),)",2a3c600d
408646128,-778368275,3349,1:43:04.930000,"(datetime.datetime(2026, 9, 29, 16, 55, 50, 884000),)",2a3c600a
408647757,-778365726,3337,1:43:05,"(datetime.datetime(2026, 9, 29, 16, 55, 50, 957000),)",2a3c600d
408646058,-778368370,3348,1:43:05.070000,"(datetime.datetime(2026, 9, 29, 16, 55, 51, 23000),)",2a3c600a
408647713,-778365815,3337,1:43:05.140000,"(datetime.datetime(2026, 9, 29, 16, 55, 51, 97000),)",2a3c600d
408645986,-778368465,3348,1:43:05.220000,"(datetime.datetime(2026, 9, 29, 16, 55, 51, 177000),)",2a3c600a
408647666,-778365905,3337,1:43:05.300000,"(datetime.datetime(2026, 9, 29, 16, 55, 51, 252000),)",2a3c600d
408645914,-778368560,3348,1:43:05.370000,"(datetime.datetime(2026, 9, 29, 16, 55, 51, 327000),)",2a3c600a
408647619,-778365995,3337,1:43:05.440000,"(datetime.datetime(2026, 9, 29, 16, 55, 51, 400000),)",2a3c600d
408645839,-778368654,3348,1:43:05.520000,"(datetime.datetime(2026, 9, 29, 16, 55, 51, 471000),)",2a3c600a
408647570,-778366087,3337,1:43:05.580000,"(datetime.datetime(2026, 9, 29, 16, 55, 51, 538000),)",2a3c600d
408645766,-778368752,3348,1:43:05.650000,"(datetime.datetime(2026, 9, 29, 16, 55, 51, 609000),)",2a3c600a
408647523,-778366179,3337,1:43:05.730000,"(datetime.datetime(2026, 9, 29, 16, 55, 51, 684000),)",2a3c600d
408645707,-778368834,3347,1:43:05.800000,"(datetime.datetime(2026, 9, 29, 16, 55, 51, 753000),)",2a3c600a
408647473,-778366267,3337,1:43:05.870000,"(datetime.datetime(2026, 9, 29, 16, 55, 51, 821000),)",2a3c600d
408645628,-778368931,3347,1:43:05.930000,"(datetime.datetime(2026, 9, 29, 16, 55, 51, 890000),)",2a3c600a
408647420,-778366365,3337,1:43:06.010000,"(datetime.datetime(2026, 9, 29, 16, 55, 51, 962000),)",2a3c600d
408645552,-778369025,3347,1:43:06.080000,"(datetime.datetime(2026, 9, 29, 16, 55, 52, 35000),)",2a3c600a
408647368,-778366460,3337,1:43:06.150000,"(datetime.datetime(2026, 9, 29, 16, 55, 52, 108000),)",2a3c600d
408645476,-778369118,3347,1:43:06.220000,"(datetime.datetime(2026, 9, 29, 16, 55, 52, 177000),)",2a3c600a
408647314,-778366559,3337,1:43:06.300000,"(datetime.datetime(2026, 9, 29, 16, 55, 52, 252000),)",2a3c600d
408645402,-778369211,3347,1:43:06.360000,"(datetime.datetime(2026, 9, 29, 16, 55, 52, 318000),)",2a3c600a
408647260,-778366655,3336,1:43:06.450000,"(datetime.datetime(2026, 9, 29, 16, 55, 52, 403000),)",2a3c600d
408645325,-778369304,3347,1:43:06.510000,"(datetime.datetime(2026, 9, 29, 16, 55, 52, 468000),)",2a3c600a
408647202,-778366754,3336,1:43:06.580000,"(datetime.datetime(2026, 9, 29, 16, 55, 52, 537000),)",2a3c600d
408645247,-778369396,3346,1:43:06.650000,"(datetime.datetime(2026, 9, 29, 16, 55, 52, 606000),)",2a3c600a
408647146,-778366852,3336,1:43:06.730000,"(datetime.datetime(2026, 9, 29, 16, 55, 52, 682000),)",2a3c600d
408645168,-778369489,3346,1:43:06.800000,"(datetime.datetime(2026, 9, 29, 16, 55, 52, 758000),)",2a3c600a
408647087,-778366954,3336,1:43:06.880000,"(datetime.datetime(2026, 9, 29, 16, 55, 52, 836000),)",2a3c600d
408645091,-778369580,3346,1:43:06.960000,"(datetime.datetime(2026, 9, 29, 16, 55, 52, 911000),)",2a3c600a
408647030,-778367057,3336,1:43:07.020000,"(datetime.datetime(2026, 9, 29, 16, 55, 52, 977000),)",2a3c600d
408645013,-778369670,3346,1:43:07.090000,"(datetime.datetime(2026, 9, 29, 16, 55, 53, 48000),)",2a3c600a
408646964,-778367157,3336,1:43:07.160000,"(datetime.datetime(2026, 9, 29, 16, 55, 53, 118000),)",2a3c600d
408644936,-778369758,3346,1:43:07.240000,"(datetime.datetime(2026, 9, 29, 16, 55, 53, 191000),)",2a3c600a
408646914,-778367260,3336,1:43:07.310000,"(datetime.datetime(2026, 9, 29, 16, 55, 53, 269000),)",2a3c600d
408644854,-778369847,3345,1:43:07.390000,"(datetime.datetime(2026, 9, 29, 16, 55, 53, 345000),)",2a3c600a
408646847,-778367366,3336,1:43:07.460000,"(datetime.datetime(2026, 9, 29, 16, 55, 53, 413000),)",2a3c600d
408644775,-778369934,3346,1:43:07.530000,"(datetime.datetime(2026, 9, 29, 16, 55, 53, 488000),)",2a3c600a
408646782,-778367471,3336,1:43:07.610000,"(datetime.datetime(2026, 9, 29, 16, 55, 53, 560000),)",2a3c600d
408644692,-778370021,3345,1:43:07.690000,"(datetime.datetime(2026, 9, 29, 16, 55, 53, 641000),)",2a3c600a
408646718,-778367576,3336,1:43:07.760000,"(datetime.datetime(2026, 9, 29, 16, 55, 53, 716000),)",2a3c600d
408644613,-778370109,3345,1:43:07.830000,"(datetime.datetime(2026, 9, 29, 16, 55, 53, 789000),)",2a3c600a
408646651,-778367683,3337,1:43:07.910000,"(datetime.datetime(2026, 9, 29, 16, 55, 53, 864000),)",2a3c600d
408644529,-778370197,3345,1:43:07.990000,"(datetime.datetime(2026, 9, 29, 16, 55, 53, 941000),)",2a3c600a
408646581,-778367788,3336,1:43:08.060000,"(datetime.datetime(2026, 9, 29, 16, 55, 54, 12000),)",2a3c600d
408644448,-778370284,3345,1:43:08.130000,"(datetime.datetime(2026, 9, 29, 16, 55, 54, 81000),)",2a3c600a
408646512,-778367893,3336,1:43:08.200000,"(datetime.datetime(2026, 9, 29, 16, 55, 54, 152000),)",2a3c600d
408644364,-778370366,3345,1:43:08.290000,"(datetime.datetime(2026, 9, 29, 16, 55, 54, 242000),)",2a3c600a
408646440,-778368000,3336,1:43:08.360000,"(datetime.datetime(2026, 9, 29, 16, 55, 54, 311000),)",2a3c600d
408644282,-778370449,3344,1:43:08.410000,"(datetime.datetime(2026, 9, 29, 16, 55, 54, 366000),)",2a3c600a
408646368,-778368107,3336,1:43:08.480000,"(datetime.datetime(2026, 9, 29, 16, 55, 54, 434000),)",2a3c600d
408644197,-778370536,3344,1:43:08.560000,"(datetime.datetime(2026, 9, 29, 16, 55, 54, 512000),)",2a3c600a
408646298,-778368211,3336,1:43:08.630000,"(datetime.datetime(2026, 9, 29, 16, 55, 54, 581000),)",2a3c600d
408644113,-778370632,3345,1:43:08.690000,"(datetime.datetime(2026, 9, 29, 16, 55, 54, 648000),)",2a3c600a
408646227,-778368316,3336,1:43:08.760000,"(datetime.datetime(2026, 9, 29, 16, 55, 54, 717000),)",2a3c600d
408644027,-778370712,3345,1:43:08.830000,"(datetime.datetime(2026, 9, 29, 16, 55, 54, 790000),)",2a3c600a
408646149,-778368421,3336,1:43:08.910000,"(datetime.datetime(2026, 9, 29, 16, 55, 54, 864000),)",2a3c600d
408643942,-778370796,3345,1:43:08.990000,"(datetime.datetime(2026, 9, 29, 16, 55, 54, 940000),)",2a3c600a
408646071,-778368528,3336,1:43:09.060000,"(datetime.datetime(2026, 9, 29, 16, 55, 55, 19000),)",2a3c600d
408643859,-778370878,3345,1:43:09.140000,"(datetime.datetime(2026, 9, 29, 16, 55, 55, 94000),)",2a3c600a
408645993,-778368632,3336,1:43:09.220000,"(datetime.datetime(2026, 9, 29, 16, 55, 55, 176000),)",2a3c600d
408643773,-778370962,3345,1:43:09.290000,"(datetime.datetime(2026, 9, 29, 16, 55, 55, 242000),)",2a3c600a
408645915,-778368738,3336,1:43:09.360000,"(datetime.datetime(2026, 9, 29, 16, 55, 55, 317000),)",2a3c600d
408643688,-778371042,3345,1:43:09.430000,"(datetime.datetime(2026, 9, 29, 16, 55, 55, 385000),)",2a3c600a
408645838,-778368842,3335,1:43:09.510000,"(datetime.datetime(2026, 9, 29, 16, 55, 55, 464000),)",2a3c600d
408643601,-778371127,3345,1:43:09.580000,"(datetime.datetime(2026, 9, 29, 16, 55, 55, 533000),)",2a3c600a
408645755,-778368947,3335,1:43:09.650000,"(datetime.datetime(2026, 9, 29, 16, 55, 55, 607000),)",2a3c600d
408643515,-778371208,3344,1:43:09.720000,"(datetime.datetime(2026, 9, 29, 16, 55, 55, 679000),)",2a3c600a
408645674,-778369052,3335,1:43:09.790000,"(datetime.datetime(2026, 9, 29, 16, 55, 55, 749000),)",2a3c600d
408643428,-778371288,3344,1:43:09.880000,"(datetime.datetime(2026, 9, 29, 16, 55, 55, 831000),)",2a3c600a
408645589,-778369156,3335,1:43:09.950000,"(datetime.datetime(2026, 9, 29, 16, 55, 55, 901000),)",2a3c600d
408643341,-778371367,3344,1:43:10.010000,"(datetime.datetime(2026, 9, 29, 16, 55, 55, 969000),)",2a3c600a
408645509,-778369261,3335,1:43:10.090000,"(datetime.datetime(2026, 9, 29, 16, 55, 56, 40000),)",2a3c600d
408643254,-778371450,3344,1:43:10.150000,"(datetime.datetime(2026, 9, 29, 16, 55, 56, 110000),)",2a3c600a
408645428,-778369366,3335,1:43:10.230000,"(datetime.datetime(2026, 9, 29, 16, 55, 56, 185000),)",2a3c600d
408643166,-778371523,3344,1:43:10.300000,"(datetime.datetime(2026, 9, 29, 16, 55, 56, 258000),)",2a3c600a
408645343,-778369470,3335,1:43:10.380000,"(datetime.datetime(2026, 9, 29, 16, 55, 56, 332000),)",2a3c600d
408643076,-778371603,3344,1:43:10.450000,"(datetime.datetime(2026, 9, 29, 16, 55, 56, 408000),)",2a3c600a
408645253,-778369575,3335,1:43:10.530000,"(datetime.datetime(2026, 9, 29, 16, 55, 56, 490000),)",2a3c600d
408642988,-778371676,3344,1:43:10.610000,"(datetime.datetime(2026, 9, 29, 16, 55, 56, 561000),)",2a3c600a
408645169,-778369677,3335,1:43:10.680000,"(datetime.datetime(2026, 9, 29, 16, 55, 56, 636000),)",2a3c600d
408642894,-778371751,3344,1:43:10.750000,"(datetime.datetime(2026, 9, 29, 16, 55, 56, 701000),)",2a3c600a
408645079,-778369781,3335,1:43:10.820000,"(datetime.datetime(2026, 9, 29, 16, 55, 56, 777000),)",2a3c600d
408642805,-778371831,3345,1:43:10.900000,"(datetime.datetime(2026, 9, 29, 16, 55, 56, 855000),)",2a3c600a
408644993,-778369884,3335,1:43:10.970000,"(datetime.datetime(2026, 9, 29, 16, 55, 56, 929000),)",2a3c600d
408642710,-778371901,3344,1:43:11.040000,"(datetime.datetime(2026, 9, 29, 16, 55, 56, 999000),)",2a3c600a
408644903,-778369986,3335,1:43:11.120000,"(datetime.datetime(2026, 9, 29, 16, 55, 57, 72000),)",2a3c600d
408642619,-778371971,3344,1:43:11.190000,"(datetime.datetime(2026, 9, 29, 16, 55, 57, 146000),)",2a3c600a
408644814,-778370088,3335,1:43:11.300000,"(datetime.datetime(2026, 9, 29, 16, 55, 57, 251000),)",2a3c600d
408642525,-778372046,3344,1:43:11.340000,"(datetime.datetime(2026, 9, 29, 16, 55, 57, 296000),)",2a3c600a
408644722,-778370189,3334,1:43:11.410000,"(datetime.datetime(2026, 9, 29, 16, 55, 57, 364000),)",2a3c600d
408642430,-778372114,3344,1:43:11.480000,"(datetime.datetime(2026, 9, 29, 16, 55, 57, 434000),)",2a3c600a
408644631,-778370291,3335,1:43:11.550000,"(datetime.datetime(2026, 9, 29, 16, 55, 57, 505000),)",2a3c600d
408642340,-778372188,3343,1:43:11.630000,"(datetime.datetime(2026, 9, 29, 16, 55, 57, 585000),)",2a3c600a
408644544,-778370389,3334,1:43:11.700000,"(datetime.datetime(2026, 9, 29, 16, 55, 57, 655000),)",2a3c600d
408644450,-778370491,3334,1:43:11.780000,"(datetime.datetime(2026, 9, 29, 16, 55, 57, 731000),)",2a3c600d
408642240,-778372252,3343,1:43:11.860000,"(datetime.datetime(2026, 9, 29, 16, 55, 57, 814000),)",2a3c600a
408644355,-778370588,3334,1:43:11.920000,"(datetime.datetime(2026, 9, 29, 16, 55, 57, 873000),)",2a3c600d
408642148,-778372317,3344,1:43:11.990000,"(datetime.datetime(2026, 9, 29, 16, 55, 57, 944000),)",2a3c600a
408644262,-778370685,3334,1:43:12.060000,"(datetime.datetime(2026, 9, 29, 16, 55, 58, 12000),)",2a3c600d
408642049,-778372384,3343,1:43:12.130000,"(datetime.datetime(2026, 9, 29, 16, 55, 58, 83000),)",2a3c600a
408644166,-778370778,3334,1:43:12.200000,"(datetime.datetime(2026, 9, 29, 16, 55, 58, 153000),)",2a3c600d
408641953,-778372449,3343,1:43:12.270000,"(datetime.datetime(2026, 9, 29, 16, 55, 58, 221000),)",2a3c600a
408641856,-778372509,3343,1:43:12.340000,"(datetime.datetime(2026, 9, 29, 16, 55, 58, 294000),)",2a3c600a
408644072,-778370877,3333,1:43:12.410000,"(datetime.datetime(2026, 9, 29, 16, 55, 58, 364000),)",2a3c600d
408643976,-778370969,3333,1:43:12.480000,"(datetime.datetime(2026, 9, 29, 16, 55, 58, 434000),)",2a3c600d
408641762,-778372570,3343,1:43:12.550000,"(datetime.datetime(2026, 9, 29, 16, 55, 58, 504000),)",2a3c600a
408643882,-778371064,3333,1:43:12.620000,"(datetime.datetime(2026, 9, 29, 16, 55, 58, 578000),)",2a3c600d
408641662,-778372629,3343,1:43:12.700000,"(datetime.datetime(2026, 9, 29, 16, 55, 58, 656000),)",2a3c600a
408643787,-778371158,3333,1:43:12.770000,"(datetime.datetime(2026, 9, 29, 16, 55, 58, 729000),)",2a3c600d
408641562,-778372689,3342,1:43:12.850000,"(datetime.datetime(2026, 9, 29, 16, 55, 58, 805000),)",2a3c600a
408643691,-778371251,3333,1:43:13.050000,"(datetime.datetime(2026, 9, 29, 16, 55, 59, 1000),)",2a3c600d
408641463,-778372747,3342,1:43:13.210000,"(datetime.datetime(2026, 9, 29, 16, 55, 59, 161000),)",2a3c600a
408643591,-778371347,3333,1:43:13.370000,"(datetime.datetime(2026, 9, 29, 16, 55, 59, 327000),)",2a3c600d
408641377,-778372812,3344,1:43:13.450000,"(datetime.datetime(2026, 9, 29, 16, 55, 59, 405000),)",2a3c600a
408643491,-778371431,3333,1:43:13.490000,"(datetime.datetime(2026, 9, 29, 16, 55, 59, 450000),)",2a3c600d
408641276,-778372864,3344,1:43:13.560000,"(datetime.datetime(2026, 9, 29, 16, 55, 59, 514000),)",2a3c600a
408643390,-778371518,3332,1:43:13.650000,"(datetime.datetime(2026, 9, 29, 16, 55, 59, 608000),)",2a3c600d
408641177,-778372920,3344,1:43:13.820000,"(datetime.datetime(2026, 9, 29, 16, 55, 59, 777000),)",2a3c600a
408643390,-778371518,3332,1:43:14.070000,"(datetime.datetime(2026, 9, 29, 16, 56, 0, 26000),)",2a3c600d
408641078,-778372972,3344,1:43:14.230000,"(datetime.datetime(2026, 9, 29, 16, 56, 0, 187000),)",2a3c600a
408643292,-778371607,3332,1:43:14.430000,"(datetime.datetime(2026, 9, 29, 16, 56, 0, 389000),)",2a3c600d
408640977,-778373024,3344,1:43:14.520000,"(datetime.datetime(2026, 9, 29, 16, 56, 0, 473000),)",2a3c600a
408643192,-778371688,3332,1:43:14.570000,"(datetime.datetime(2026, 9, 29, 16, 56, 0, 527000),)",2a3c600d
408640874,-778373074,3344,1:43:14.670000,"(datetime.datetime(2026, 9, 29, 16, 56, 0, 628000),)",2a3c600a
408643090,-778371768,3332,1:43:14.860000,"(datetime.datetime(2026, 9, 29, 16, 56, 0, 814000),)",2a3c600d
408640776,-778373125,3344,1:43:15.030000,"(datetime.datetime(2026, 9, 29, 16, 56, 0, 985000),)",2a3c600a
408642988,-778371855,3332,1:43:15.090000,"(datetime.datetime(2026, 9, 29, 16, 56, 1, 42000),)",2a3c600d
408640674,-778373174,3344,1:43:15.190000,"(datetime.datetime(2026, 9, 29, 16, 56, 1, 141000),)",2a3c600a
408642885,-778371933,3333,1:43:15.250000,"(datetime.datetime(2026, 9, 29, 16, 56, 1, 210000),)",2a3c600d
408640574,-778373221,3343,1:43:15.440000,"(datetime.datetime(2026, 9, 29, 16, 56, 1, 390000),)",2a3c600a
408642783,-778372012,3332,1:43:15.490000,"(datetime.datetime(2026, 9, 29, 16, 56, 1, 444000),)",2a3c600d
408640471,-778373271,3343,1:43:15.600000,"(datetime.datetime(2026, 9, 29, 16, 56, 1, 556000),)",2a3c600a
408640370,-778373323,3344,1:43:15.680000,"(datetime.datetime(2026, 9, 29, 16, 56, 1, 639000),)",2a3c600a
408642681,-778372090,3332,1:43:15.870000,"(datetime.datetime(2026, 9, 29, 16, 56, 1, 821000),)",2a3c600d
408642577,-778372171,3332,1:43:15.900000,"(datetime.datetime(2026, 9, 29, 16, 56, 1, 858000),)",2a3c600d
408640269,-778373365,3343,1:43:15.980000,"(datetime.datetime(2026, 9, 29, 16, 56, 1, 938000),)",2a3c600a
408642472,-778372241,3332,1:43:16.050000,"(datetime.datetime(2026, 9, 29, 16, 56, 2, 7000),)",2a3c600d
408640165,-778373408,3343,1:43:16.110000,"(datetime.datetime(2026, 9, 29, 16, 56, 2, 67000),)",2a3c600a
408642367,-778372313,3332,1:43:16.190000,"(datetime.datetime(2026, 9, 29, 16, 56, 2, 146000),)",2a3c600d
408640065,-778373452,3343,1:43:16.270000,"(datetime.datetime(2026, 9, 29, 16, 56, 2, 220000),)",2a3c600a
408642263,-778372387,3331,1:43:16.340000,"(datetime.datetime(2026, 9, 29, 16, 56, 2, 297000),)",2a3c600d
408639963,-778373493,3343,1:43:16.410000,"(datetime.datetime(2026, 9, 29, 16, 56, 2, 362000),)",2a3c600a
408642157,-778372458,3332,1:43:16.480000,"(datetime.datetime(2026, 9, 29, 16, 56, 2, 432000),)",2a3c600d
408639862,-778373535,3343,1:43:16.550000,"(datetime.datetime(2026, 9, 29, 16, 56, 2, 509000),)",2a3c600a
408642051,-778372525,3331,1:43:16.630000,"(datetime.datetime(2026, 9, 29, 16, 56, 2, 583000),)",2a3c600d
408639757,-778373572,3343,1:43:16.710000,"(datetime.datetime(2026, 9, 29, 16, 56, 2, 663000),)",2a3c600a
408641945,-778372592,3331,1:43:16.780000,"(datetime.datetime(2026, 9, 29, 16, 56, 2, 733000),)",2a3c600d
408639659,-778373615,3342,1:43:16.860000,"(datetime.datetime(2026, 9, 29, 16, 56, 2, 812000),)",2a3c600a
408641837,-778372658,3331,1:43:16.940000,"(datetime.datetime(2026, 9, 29, 16, 56, 2, 896000),)",2a3c600d
408639557,-778373652,3342,1:43:16.990000,"(datetime.datetime(2026, 9, 29, 16, 56, 2, 947000),)",2a3c600a
408641731,-778372724,3331,1:43:17.070000,"(datetime.datetime(2026, 9, 29, 16, 56, 3, 26000),)",2a3c600d
408639456,-778373688,3342,1:43:17.140000,"(datetime.datetime(2026, 9, 29, 16, 56, 3, 99000),)",2a3c600a
408641625,-778372785,3331,1:43:17.210000,"(datetime.datetime(2026, 9, 29, 16, 56, 3, 164000),)",2a3c600d
408639361,-778373721,3341,1:43:17.290000,"(datetime.datetime(2026, 9, 29, 16, 56, 3, 241000),)",2a3c600a
408641517,-778372855,3331,1:43:17.360000,"(datetime.datetime(2026, 9, 29, 16, 56, 3, 318000),)",2a3c600d
408639254,-778373750,3341,1:43:17.440000,"(datetime.datetime(2026, 9, 29, 16, 56, 3, 392000),)",2a3c600a
408641409,-778372911,3331,1:43:17.520000,"(datetime.datetime(2026, 9, 29, 16, 56, 3, 471000),)",2a3c600d
408639151,-778373783,3341,1:43:17.580000,"(datetime.datetime(2026, 9, 29, 16, 56, 3, 534000),)",2a3c600a
408641300,-778372970,3331,1:43:17.650000,"(datetime.datetime(2026, 9, 29, 16, 56, 3, 602000),)",2a3c600d
408639047,-778373816,3341,1:43:17.720000,"(datetime.datetime(2026, 9, 29, 16, 56, 3, 673000),)",2a3c600a
408641192,-778373028,3331,1:43:17.790000,"(datetime.datetime(2026, 9, 29, 16, 56, 3, 742000),)",2a3c600d
408638944,-778373847,3341,1:43:17.870000,"(datetime.datetime(2026, 9, 29, 16, 56, 3, 821000),)",2a3c600a
408641087,-778373085,3330,1:43:17.930000,"(datetime.datetime(2026, 9, 29, 16, 56, 3, 888000),)",2a3c600d
408638841,-778373875,3341,1:43:18.010000,"(datetime.datetime(2026, 9, 29, 16, 56, 3, 965000),)",2a3c600a
408640977,-778373141,3330,1:43:18.080000,"(datetime.datetime(2026, 9, 29, 16, 56, 4, 34000),)",2a3c600d
408638739,-778373906,3341,1:43:18.150000,"(datetime.datetime(2026, 9, 29, 16, 56, 4, 102000),)",2a3c600a
408640870,-778373193,3330,1:43:18.220000,"(datetime.datetime(2026, 9, 29, 16, 56, 4, 174000),)",2a3c600d
408638638,-778373932,3341,1:43:18.290000,"(datetime.datetime(2026, 9, 29, 16, 56, 4, 242000),)",2a3c600a
408640761,-778373245,3330,1:43:18.360000,"(datetime.datetime(2026, 9, 29, 16, 56, 4, 312000),)",2a3c600d
408638535,-778373958,3340,1:43:18.430000,"(datetime.datetime(2026, 9, 29, 16, 56, 4, 386000),)",2a3c600a
408640653,-778373298,3330,1:43:18.500000,"(datetime.datetime(2026, 9, 29, 16, 56, 4, 453000),)",2a3c600d
408638431,-778373981,3340,1:43:18.570000,"(datetime.datetime(2026, 9, 29, 16, 56, 4, 526000),)",2a3c600a
408640544,-778373348,3329,1:43:18.650000,"(datetime.datetime(2026, 9, 29, 16, 56, 4, 606000),)",2a3c600d
408638322,-778373998,3339,1:43:18.720000,"(datetime.datetime(2026, 9, 29, 16, 56, 4, 677000),)",2a3c600a
408640436,-778373405,3330,1:43:18.790000,"(datetime.datetime(2026, 9, 29, 16, 56, 4, 747000),)",2a3c600d
408638217,-778374017,3339,1:43:18.880000,"(datetime.datetime(2026, 9, 29, 16, 56, 4, 831000),)",2a3c600a
408640324,-778373448,3329,1:43:18.940000,"(datetime.datetime(2026, 9, 29, 16, 56, 4, 894000),)",2a3c600d
408638115,-778374038,3339,1:43:19.020000,"(datetime.datetime(2026, 9, 29, 16, 56, 4, 971000),)",2a3c600a
408640213,-778373496,3329,1:43:19.080000,"(datetime.datetime(2026, 9, 29, 16, 56, 5, 34000),)",2a3c600d
408638009,-778374061,3339,1:43:19.150000,"(datetime.datetime(2026, 9, 29, 16, 56, 5, 105000),)",2a3c600a
408640104,-778373540,3328,1:43:19.230000,"(datetime.datetime(2026, 9, 29, 16, 56, 5, 183000),)",2a3c600d
408637903,-778374083,3339,1:43:19.300000,"(datetime.datetime(2026, 9, 29, 16, 56, 5, 255000),)",2a3c600a
408639996,-778373583,3329,1:43:19.380000,"(datetime.datetime(2026, 9, 29, 16, 56, 5, 331000),)",2a3c600d
408637796,-778374102,3339,1:43:19.450000,"(datetime.datetime(2026, 9, 29, 16, 56, 5, 409000),)",2a3c600a
408639885,-778373625,3329,1:43:19.520000,"(datetime.datetime(2026, 9, 29, 16, 56, 5, 476000),)",2a3c600d
408637693,-778374126,3339,1:43:19.590000,"(datetime.datetime(2026, 9, 29, 16, 56, 5, 546000),)",2a3c600a
408639777,-778373666,3328,1:43:19.660000,"(datetime.datetime(2026, 9, 29, 16, 56, 5, 614000),)",2a3c600d
408637585,-778374142,3339,1:43:19.740000,"(datetime.datetime(2026, 9, 29, 16, 56, 5, 693000),)",2a3c600a
408639671,-778373714,3328,1:43:19.810000,"(datetime.datetime(2026, 9, 29, 16, 56, 5, 765000),)",2a3c600d
408637479,-778374163,3338,1:43:19.880000,"(datetime.datetime(2026, 9, 29, 16, 56, 5, 838000),)",2a3c600a
408639561,-778373745,3328,1:43:19.950000,"(datetime.datetime(2026, 9, 29, 16, 56, 5, 907000),)",2a3c600d
408637372,-778374178,3338,1:43:20.020000,"(datetime.datetime(2026, 9, 29, 16, 56, 5, 976000),)",2a3c600a
408639450,-778373781,3328,1:43:20.090000,"(datetime.datetime(2026, 9, 29, 16, 56, 6, 45000),)",2a3c600d
408637255,-778374196,3339,1:43:20.170000,"(datetime.datetime(2026, 9, 29, 16, 56, 6, 123000),)",2a3c600a
408639336,-778373830,3328,1:43:20.240000,"(datetime.datetime(2026, 9, 29, 16, 56, 6, 197000),)",2a3c600d
408637145,-778374207,3339,1:43:20.310000,"(datetime.datetime(2026, 9, 29, 16, 56, 6, 268000),)",2a3c600a
408639229,-778373859,3327,1:43:20.390000,"(datetime.datetime(2026, 9, 29, 16, 56, 6, 343000),)",2a3c600d
408637039,-778374223,3338,1:43:20.460000,"(datetime.datetime(2026, 9, 29, 16, 56, 6, 410000),)",2a3c600a
408639119,-778373890,3327,1:43:20.530000,"(datetime.datetime(2026, 9, 29, 16, 56, 6, 488000),)",2a3c600d
408636930,-778374237,3338,1:43:20.610000,"(datetime.datetime(2026, 9, 29, 16, 56, 6, 567000),)",2a3c600a
408639008,-778373923,3327,1:43:20.680000,"(datetime.datetime(2026, 9, 29, 16, 56, 6, 638000),)",2a3c600d
408636820,-778374253,3338,1:43:20.750000,"(datetime.datetime(2026, 9, 29, 16, 56, 6, 707000),)",2a3c600a
408638899,-778373950,3327,1:43:20.830000,"(datetime.datetime(2026, 9, 29, 16, 56, 6, 781000),)",2a3c600d
408636710,-778374265,3338,1:43:20.900000,"(datetime.datetime(2026, 9, 29, 16, 56, 6, 859000),)",2a3c600a
408638791,-778373980,3327,1:43:20.980000,"(datetime.datetime(2026, 9, 29, 16, 56, 6, 937000),)",2a3c600d
408636599,-778374276,3338,1:43:21.050000,"(datetime.datetime(2026, 9, 29, 16, 56, 7, 10000),)",2a3c600a
408638681,-778374008,3327,1:43:21.150000,"(datetime.datetime(2026, 9, 29, 16, 56, 7, 104000),)",2a3c600d
408636488,-778374287,3338,1:43:21.220000,"(datetime.datetime(2026, 9, 29, 16, 56, 7, 171000),)",2a3c600a
408638571,-778374031,3327,1:43:21.310000,"(datetime.datetime(2026, 9, 29, 16, 56, 7, 263000),)",2a3c600d
408636376,-778374298,3337,1:43:21.350000,"(datetime.datetime(2026, 9, 29, 16, 56, 7, 307000),)",2a3c600a
408638463,-778374052,3327,1:43:21.420000,"(datetime.datetime(2026, 9, 29, 16, 56, 7, 378000),)",2a3c600d
408636264,-778374306,3337,1:43:21.500000,"(datetime.datetime(2026, 9, 29, 16, 56, 7, 453000),)",2a3c600a
408638354,-778374073,3326,1:43:21.580000,"(datetime.datetime(2026, 9, 29, 16, 56, 7, 532000),)",2a3c600d
408636151,-778374325,3339,1:43:21.660000,"(datetime.datetime(2026, 9, 29, 16, 56, 7, 615000),)",2a3c600a
408638249,-778374106,3326,1:43:21.740000,"(datetime.datetime(2026, 9, 29, 16, 56, 7, 691000),)",2a3c600d
408636037,-778374328,3338,1:43:21.810000,"(datetime.datetime(2026, 9, 29, 16, 56, 7, 762000),)",2a3c600a
408638138,-778374120,3326,1:43:21.880000,"(datetime.datetime(2026, 9, 29, 16, 56, 7, 833000),)",2a3c600d
408635923,-778374336,3338,1:43:21.950000,"(datetime.datetime(2026, 9, 29, 16, 56, 7, 909000),)",2a3c600a
408638031,-778374139,3326,1:43:22.040000,"(datetime.datetime(2026, 9, 29, 16, 56, 7, 992000),)",2a3c600d
408635811,-778374341,3338,1:43:22.110000,"(datetime.datetime(2026, 9, 29, 16, 56, 8, 61000),)",2a3c600a
408637922,-778374155,3326,1:43:22.180000,"(datetime.datetime(2026, 9, 29, 16, 56, 8, 131000),)",2a3c600d
408635694,-778374345,3338,1:43:22.250000,"(datetime.datetime(2026, 9, 29, 16, 56, 8, 206000),)",2a3c600a
408637816,-778374175,3326,1:43:22.330000,"(datetime.datetime(2026, 9, 29, 16, 56, 8, 283000),)",2a3c600d
408635580,-778374344,3338,1:43:22.400000,"(datetime.datetime(2026, 9, 29, 16, 56, 8, 357000),)",2a3c600a
408637706,-778374190,3326,1:43:22.480000,"(datetime.datetime(2026, 9, 29, 16, 56, 8, 434000),)",2a3c600d
408635465,-778374347,3338,1:43:22.550000,"(datetime.datetime(2026, 9, 29, 16, 56, 8, 505000),)",2a3c600a
408637596,-778374209,3326,1:43:22.620000,"(datetime.datetime(2026, 9, 29, 16, 56, 8, 577000),)",2a3c600d
408635350,-778374345,3338,1:43:22.700000,"(datetime.datetime(2026, 9, 29, 16, 56, 8, 654000),)",2a3c600a
408637491,-778374222,3325,1:43:22.780000,"(datetime.datetime(2026, 9, 29, 16, 56, 8, 731000),)",2a3c600d
408635237,-778374345,3337,1:43:22.850000,"(datetime.datetime(2026, 9, 29, 16, 56, 8, 808000),)",2a3c600a
408637381,-778374236,3325,1:43:22.930000,"(datetime.datetime(2026, 9, 29, 16, 56, 8, 887000),)",2a3c600d
408635119,-778374341,3337,1:43:23.010000,"(datetime.datetime(2026, 9, 29, 16, 56, 8, 962000),)",2a3c600a
408637273,-778374251,3325,1:43:23.080000,"(datetime.datetime(2026, 9, 29, 16, 56, 9, 36000),)",2a3c600d
408634997,-778374337,3339,1:43:23.150000,"(datetime.datetime(2026, 9, 29, 16, 56, 9, 103000),)",2a3c600a
408637163,-778374273,3325,1:43:23.230000,"(datetime.datetime(2026, 9, 29, 16, 56, 9, 184000),)",2a3c600d
408634997,-778374337,3339,1:43:23.310000,"(datetime.datetime(2026, 9, 29, 16, 56, 9, 262000),)",2a3c600a
408637057,-778374281,3325,1:43:23.380000,"(datetime.datetime(2026, 9, 29, 16, 56, 9, 332000),)",2a3c600d
408634877,-778374328,3339,1:43:23.460000,"(datetime.datetime(2026, 9, 29, 16, 56, 9, 411000),)",2a3c600a
408636950,-778374292,3324,1:43:23.530000,"(datetime.datetime(2026, 9, 29, 16, 56, 9, 487000),)",2a3c600d
408634761,-778374320,3339,1:43:23.600000,"(datetime.datetime(2026, 9, 29, 16, 56, 9, 560000),)",2a3c600a
408636845,-778374302,3324,1:43:23.680000,"(datetime.datetime(2026, 9, 29, 16, 56, 9, 631000),)",2a3c600d
408634643,-778374313,3339,1:43:23.750000,"(datetime.datetime(2026, 9, 29, 16, 56, 9, 701000),)",2a3c600a
408636734,-778374314,3324,1:43:23.830000,"(datetime.datetime(2026, 9, 29, 16, 56, 9, 783000),)",2a3c600d
408634525,-778374305,3339,1:43:23.900000,"(datetime.datetime(2026, 9, 29, 16, 56, 9, 857000),)",2a3c600a
408636629,-778374326,3325,1:43:23.970000,"(datetime.datetime(2026, 9, 29, 16, 56, 9, 928000),)",2a3c600d
408634408,-778374294,3339,1:43:24.050000,"(datetime.datetime(2026, 9, 29, 16, 56, 10, 3000),)",2a3c600a
408636521,-778374330,3324,1:43:24.130000,"(datetime.datetime(2026, 9, 29, 16, 56, 10, 81000),)",2a3c600d
408634290,-778374284,3338,1:43:24.200000,"(datetime.datetime(2026, 9, 29, 16, 56, 10, 157000),)",2a3c600a
408636414,-778374339,3324,1:43:24.310000,"(datetime.datetime(2026, 9, 29, 16, 56, 10, 262000),)",2a3c600d
408634171,-778374270,3338,1:43:24.360000,"(datetime.datetime(2026, 9, 29, 16, 56, 10, 318000),)",2a3c600a
408636305,-778374347,3324,1:43:24.440000,"(datetime.datetime(2026, 9, 29, 16, 56, 10, 396000),)",2a3c600d
408634054,-778374256,3338,1:43:24.510000,"(datetime.datetime(2026, 9, 29, 16, 56, 10, 467000),)",2a3c600a
408636199,-778374351,3324,1:43:24.590000,"(datetime.datetime(2026, 9, 29, 16, 56, 10, 542000),)",2a3c600d
408633932,-778374241,3338,1:43:24.660000,"(datetime.datetime(2026, 9, 29, 16, 56, 10, 611000),)",2a3c600a
408636093,-778374361,3323,1:43:24.730000,"(datetime.datetime(2026, 9, 29, 16, 56, 10, 681000),)",2a3c600d
408633812,-778374230,3338,1:43:24.800000,"(datetime.datetime(2026, 9, 29, 16, 56, 10, 756000),)",2a3c600a
408635985,-778374361,3323,1:43:24.870000,"(datetime.datetime(2026, 9, 29, 16, 56, 10, 827000),)",2a3c600d
408633690,-778374211,3338,1:43:24.940000,"(datetime.datetime(2026, 9, 29, 16, 56, 10, 896000),)",2a3c600a
408635874,-778374363,3323,1:43:25.010000,"(datetime.datetime(2026, 9, 29, 16, 56, 10, 969000),)",2a3c600d
408633572,-778374191,3338,1:43:25.090000,"(datetime.datetime(2026, 9, 29, 16, 56, 11, 46000),)",2a3c600a
408635767,-778374363,3323,1:43:25.160000,"(datetime.datetime(2026, 9, 29, 16, 56, 11, 113000),)",2a3c600d
408633452,-778374171,3338,1:43:25.230000,"(datetime.datetime(2026, 9, 29, 16, 56, 11, 187000),)",2a3c600a
408635657,-778374363,3323,1:43:25.320000,"(datetime.datetime(2026, 9, 29, 16, 56, 11, 274000),)",2a3c600d
408633333,-778374149,3337,1:43:25.380000,"(datetime.datetime(2026, 9, 29, 16, 56, 11, 334000),)",2a3c600a
408635549,-778374362,3323,1:43:25.450000,"(datetime.datetime(2026, 9, 29, 16, 56, 11, 406000),)",2a3c600d
408633212,-778374126,3337,1:43:25.530000,"(datetime.datetime(2026, 9, 29, 16, 56, 11, 483000),)",2a3c600a
408635439,-778374361,3323,1:43:25.610000,"(datetime.datetime(2026, 9, 29, 16, 56, 11, 561000),)",2a3c600d
408633091,-778374101,3337,1:43:25.680000,"(datetime.datetime(2026, 9, 29, 16, 56, 11, 632000),)",2a3c600a
408635328,-778374359,3323,1:43:25.750000,"(datetime.datetime(2026, 9, 29, 16, 56, 11, 707000),)",2a3c600d
408632970,-778374074,3337,1:43:25.820000,"(datetime.datetime(2026, 9, 29, 16, 56, 11, 777000),)",2a3c600a
408635218,-778374357,3323,1:43:25.890000,"(datetime.datetime(2026, 9, 29, 16, 56, 11, 847000),)",2a3c600d
408632849,-778374048,3337,1:43:25.970000,"(datetime.datetime(2026, 9, 29, 16, 56, 11, 925000),)",2a3c600a
408635106,-778374354,3323,1:43:26.040000,"(datetime.datetime(2026, 9, 29, 16, 56, 11, 995000),)",2a3c600d
408632729,-778374018,3336,1:43:26.120000,"(datetime.datetime(2026, 9, 29, 16, 56, 12, 74000),)",2a3c600a
408634997,-778374358,3322,1:43:26.190000,"(datetime.datetime(2026, 9, 29, 16, 56, 12, 149000),)",2a3c600d
408632606,-778374001,3339,1:43:26.260000,"(datetime.datetime(2026, 9, 29, 16, 56, 12, 220000),)",2a3c600a
408634882,-778374351,3322,1:43:26.340000,"(datetime.datetime(2026, 9, 29, 16, 56, 12, 296000),)",2a3c600d
408632485,-778373967,3338,1:43:26.410000,"(datetime.datetime(2026, 9, 29, 16, 56, 12, 367000),)",2a3c600a
408634769,-778374346,3322,1:43:26.490000,"(datetime.datetime(2026, 9, 29, 16, 56, 12, 441000),)",2a3c600d
408632366,-778373933,3338,1:43:26.560000,"(datetime.datetime(2026, 9, 29, 16, 56, 12, 517000),)",2a3c600a
408634653,-778374340,3322,1:43:26.630000,"(datetime.datetime(2026, 9, 29, 16, 56, 12, 589000),)",2a3c600d
408632244,-778373897,3338,1:43:26.700000,"(datetime.datetime(2026, 9, 29, 16, 56, 12, 660000),)",2a3c600a
408634540,-778374333,3322,1:43:26.780000,"(datetime.datetime(2026, 9, 29, 16, 56, 12, 739000),)",2a3c600d
408632123,-778373864,3338,1:43:26.860000,"(datetime.datetime(2026, 9, 29, 16, 56, 12, 813000),)",2a3c600a
408634425,-778374320,3322,1:43:26.930000,"(datetime.datetime(2026, 9, 29, 16, 56, 12, 889000),)",2a3c600d
408632004,-778373826,3338,1:43:27,"(datetime.datetime(2026, 9, 29, 16, 56, 12, 960000),)",2a3c600a
408634310,-778374311,3322,1:43:27.070000,"(datetime.datetime(2026, 9, 29, 16, 56, 13, 30000),)",2a3c600d
408631883,-778373787,3337,1:43:27.140000,"(datetime.datetime(2026, 9, 29, 16, 56, 13, 99000),)",2a3c600a
408634194,-778374302,3322,1:43:27.220000,"(datetime.datetime(2026, 9, 29, 16, 56, 13, 174000),)",2a3c600d
408631764,-778373748,3337,1:43:27.320000,"(datetime.datetime(2026, 9, 29, 16, 56, 13, 272000),)",2a3c600a
408634075,-778374288,3322,1:43:27.360000,"(datetime.datetime(2026, 9, 29, 16, 56, 13, 318000),)",2a3c600d
408631644,-778373706,3337,1:43:27.440000,"(datetime.datetime(2026, 9, 29, 16, 56, 13, 398000),)",2a3c600a
408633959,-778374274,3322,1:43:27.520000,"(datetime.datetime(2026, 9, 29, 16, 56, 13, 472000),)",2a3c600d
408631523,-778373662,3337,1:43:27.590000,"(datetime.datetime(2026, 9, 29, 16, 56, 13, 542000),)",2a3c600a
408633842,-778374267,3322,1:43:27.670000,"(datetime.datetime(2026, 9, 29, 16, 56, 13, 620000),)",2a3c600d
408631404,-778373624,3336,1:43:27.740000,"(datetime.datetime(2026, 9, 29, 16, 56, 13, 698000),)",2a3c600a
408633842,-778374267,3322,1:43:27.820000,"(datetime.datetime(2026, 9, 29, 16, 56, 13, 771000),)",2a3c600d
408631285,-778373573,3336,1:43:27.950000,"(datetime.datetime(2026, 9, 29, 16, 56, 13, 907000),)",2a3c600a
408633603,-778374231,3321,1:43:28.230000,"(datetime.datetime(2026, 9, 29, 16, 56, 14, 189000),)",2a3c600d
408631167,-778373527,3336,1:43:28.400000,"(datetime.datetime(2026, 9, 29, 16, 56, 14, 355000),)",2a3c600a
408633483,-778374211,3321,1:43:28.500000,"(datetime.datetime(2026, 9, 29, 16, 56, 14, 458000),)",2a3c600d
408631048,-778373478,3336,1:43:28.660000,"(datetime.datetime(2026, 9, 29, 16, 56, 14, 610000),)",2a3c600a
408633364,-778374189,3321,1:43:28.980000,"(datetime.datetime(2026, 9, 29, 16, 56, 14, 936000),)",2a3c600d
408630928,-778373429,3336,1:43:29.030000,"(datetime.datetime(2026, 9, 29, 16, 56, 14, 981000),)",2a3c600a
408633364,-778374189,3321,1:43:29.230000,"(datetime.datetime(2026, 9, 29, 16, 56, 15, 182000),)",2a3c600d
408630808,-778373378,3336,1:43:29.590000,"(datetime.datetime(2026, 9, 29, 16, 56, 15, 547000),)",2a3c600a
408633124,-778374143,3321,1:43:29.800000,"(datetime.datetime(2026, 9, 29, 16, 56, 15, 753000),)",2a3c600d
408630690,-778373327,3336,1:43:30,"(datetime.datetime(2026, 9, 29, 16, 56, 15, 957000),)",2a3c600a
408633124,-778374143,3321,1:43:30.170000,"(datetime.datetime(2026, 9, 29, 16, 56, 16, 121000),)",2a3c600d
408630572,-778373273,3335,1:43:30.240000,"(datetime.datetime(2026, 9, 29, 16, 56, 16, 194000),)",2a3c600a
408633004,-778374120,3321,1:43:30.320000,"(datetime.datetime(2026, 9, 29, 16, 56, 16, 278000),)",2a3c600d
408632882,-778374093,3321,1:43:30.450000,"(datetime.datetime(2026, 9, 29, 16, 56, 16, 408000),)",2a3c600d
408630455,-778373218,3335,1:43:30.500000,"(datetime.datetime(2026, 9, 29, 16, 56, 16, 451000),)",2a3c600a
408632760,-778374064,3321,1:43:30.580000,"(datetime.datetime(2026, 9, 29, 16, 56, 16, 537000),)",2a3c600d
408630337,-778373164,3335,1:43:30.640000,"(datetime.datetime(2026, 9, 29, 16, 56, 16, 599000),)",2a3c600a
408632638,-778374043,3320,1:43:30.780000,"(datetime.datetime(2026, 9, 29, 16, 56, 16, 740000),)",2a3c600d
408630223,-778373095,3333,1:43:30.940000,"(datetime.datetime(2026, 9, 29, 16, 56, 16, 891000),)",2a3c600a
408632516,-778374009,3320,1:43:31.150000,"(datetime.datetime(2026, 9, 29, 16, 56, 17, 102000),)",2a3c600d
408630104,-778373028,3333,1:43:31.350000,"(datetime.datetime(2026, 9, 29, 16, 56, 17, 308000),)",2a3c600a
408632392,-778373977,3320,1:43:31.490000,"(datetime.datetime(2026, 9, 29, 16, 56, 17, 447000),)",2a3c600d
408629988,-778372971,3333,1:43:31.650000,"(datetime.datetime(2026, 9, 29, 16, 56, 17, 603000),)",2a3c600a
408632269,-778373944,3320,1:43:31.690000,"(datetime.datetime(2026, 9, 29, 16, 56, 17, 650000),)",2a3c600d
408629869,-778372910,3333,1:43:31.770000,"(datetime.datetime(2026, 9, 29, 16, 56, 17, 721000),)",2a3c600a
408632145,-778373907,3320,1:43:31.840000,"(datetime.datetime(2026, 9, 29, 16, 56, 17, 791000),)",2a3c600d
408629754,-778372846,3333,1:43:31.910000,"(datetime.datetime(2026, 9, 29, 16, 56, 17, 863000),)",2a3c600a
408632022,-778373872,3319,1:43:31.980000,"(datetime.datetime(2026, 9, 29, 16, 56, 17, 937000),)",2a3c600d
408629638,-778372783,3332,1:43:32.060000,"(datetime.datetime(2026, 9, 29, 16, 56, 18, 18000),)",2a3c600a
408631897,-778373832,3319,1:43:32.140000,"(datetime.datetime(2026, 9, 29, 16, 56, 18, 98000),)",2a3c600d
408629522,-778372715,3332,1:43:32.210000,"(datetime.datetime(2026, 9, 29, 16, 56, 18, 168000),)",2a3c600a
408631773,-778373790,3319,1:43:32.320000,"(datetime.datetime(2026, 9, 29, 16, 56, 18, 274000),)",2a3c600d
408629405,-778372651,3332,1:43:32.370000,"(datetime.datetime(2026, 9, 29, 16, 56, 18, 320000),)",2a3c600a
408631648,-778373749,3319,1:43:32.440000,"(datetime.datetime(2026, 9, 29, 16, 56, 18, 394000),)",2a3c600d
408629289,-778372583,3332,1:43:32.510000,"(datetime.datetime(2026, 9, 29, 16, 56, 18, 464000),)",2a3c600a
408631521,-778373707,3319,1:43:32.580000,"(datetime.datetime(2026, 9, 29, 16, 56, 18, 537000),)",2a3c600d
408629174,-778372513,3332,1:43:32.660000,"(datetime.datetime(2026, 9, 29, 16, 56, 18, 611000),)",2a3c600a
408631393,-778373671,3318,1:43:32.730000,"(datetime.datetime(2026, 9, 29, 16, 56, 18, 686000),)",2a3c600d
408629057,-778372452,3332,1:43:32.810000,"(datetime.datetime(2026, 9, 29, 16, 56, 18, 762000),)",2a3c600a
408631268,-778373621,3318,1:43:32.880000,"(datetime.datetime(2026, 9, 29, 16, 56, 18, 835000),)",2a3c600d
408628943,-778372375,3332,1:43:32.960000,"(datetime.datetime(2026, 9, 29, 16, 56, 18, 916000),)",2a3c600a
408631143,-778373573,3319,1:43:33.020000,"(datetime.datetime(2026, 9, 29, 16, 56, 18, 975000),)",2a3c600d
408628829,-778372301,3332,1:43:33.090000,"(datetime.datetime(2026, 9, 29, 16, 56, 19, 48000),)",2a3c600a
408631017,-778373520,3318,1:43:33.160000,"(datetime.datetime(2026, 9, 29, 16, 56, 19, 118000),)",2a3c600d
408628715,-778372227,3332,1:43:33.250000,"(datetime.datetime(2026, 9, 29, 16, 56, 19, 202000),)",2a3c600a
408630890,-778373467,3318,1:43:33.320000,"(datetime.datetime(2026, 9, 29, 16, 56, 19, 274000),)",2a3c600d
408628601,-778372150,3332,1:43:33.380000,"(datetime.datetime(2026, 9, 29, 16, 56, 19, 337000),)",2a3c600a
408630765,-778373413,3318,1:43:33.460000,"(datetime.datetime(2026, 9, 29, 16, 56, 19, 411000),)",2a3c600d
408628488,-778372071,3332,1:43:33.530000,"(datetime.datetime(2026, 9, 29, 16, 56, 19, 484000),)",2a3c600a
408630638,-778373357,3318,1:43:33.600000,"(datetime.datetime(2026, 9, 29, 16, 56, 19, 554000),)",2a3c600d
408628375,-778371992,3332,1:43:33.690000,"(datetime.datetime(2026, 9, 29, 16, 56, 19, 643000),)",2a3c600a
408630515,-778373299,3318,1:43:33.760000,"(datetime.datetime(2026, 9, 29, 16, 56, 19, 718000),)",2a3c600d
408628261,-778371912,3332,1:43:33.830000,"(datetime.datetime(2026, 9, 29, 16, 56, 19, 787000),)",2a3c600a
408630387,-778373240,3318,1:43:33.910000,"(datetime.datetime(2026, 9, 29, 16, 56, 19, 868000),)",2a3c600d
408628148,-778371829,3331,1:43:33.980000,"(datetime.datetime(2026, 9, 29, 16, 56, 19, 939000),)",2a3c600a
408630265,-778373179,3318,1:43:34.060000,"(datetime.datetime(2026, 9, 29, 16, 56, 20, 11000),)",2a3c600d
408628037,-778371748,3331,1:43:34.130000,"(datetime.datetime(2026, 9, 29, 16, 56, 20, 84000),)",2a3c600a
408630137,-778373128,3317,1:43:34.200000,"(datetime.datetime(2026, 9, 29, 16, 56, 20, 155000),)",2a3c600d
408627927,-778371670,3331,1:43:34.280000,"(datetime.datetime(2026, 9, 29, 16, 56, 20, 235000),)",2a3c600a
408630012,-778373057,3317,1:43:34.350000,"(datetime.datetime(2026, 9, 29, 16, 56, 20, 309000),)",2a3c600d
408627818,-778371581,3331,1:43:34.430000,"(datetime.datetime(2026, 9, 29, 16, 56, 20, 385000),)",2a3c600a
408629888,-778372992,3317,1:43:34.500000,"(datetime.datetime(2026, 9, 29, 16, 56, 20, 459000),)",2a3c600d
408627708,-778371495,3331,1:43:34.590000,"(datetime.datetime(2026, 9, 29, 16, 56, 20, 543000),)",2a3c600a
408629766,-778372924,3317,1:43:34.660000,"(datetime.datetime(2026, 9, 29, 16, 56, 20, 617000),)",2a3c600d
408627599,-778371408,3331,1:43:34.730000,"(datetime.datetime(2026, 9, 29, 16, 56, 20, 690000),)",2a3c600a
408629645,-778372854,3317,1:43:34.800000,"(datetime.datetime(2026, 9, 29, 16, 56, 20, 758000),)",2a3c600d
408627488,-778371319,3331,1:43:34.880000,"(datetime.datetime(2026, 9, 29, 16, 56, 20, 831000),)",2a3c600a
408629523,-778372787,3317,1:43:34.950000,"(datetime.datetime(2026, 9, 29, 16, 56, 20, 904000),)",2a3c600d
408627380,-778371229,3331,1:43:35.020000,"(datetime.datetime(2026, 9, 29, 16, 56, 20, 975000),)",2a3c600a
408629398,-778372714,3317,1:43:35.100000,"(datetime.datetime(2026, 9, 29, 16, 56, 21, 56000),)",2a3c600d
408627272,-778371138,3331,1:43:35.180000,"(datetime.datetime(2026, 9, 29, 16, 56, 21, 134000),)",2a3c600a
408629280,-778372640,3316,1:43:35.250000,"(datetime.datetime(2026, 9, 29, 16, 56, 21, 201000),)",2a3c600d
408627164,-778371045,3331,1:43:35.320000,"(datetime.datetime(2026, 9, 29, 16, 56, 21, 274000),)",2a3c600a
408629160,-778372567,3316,1:43:35.390000,"(datetime.datetime(2026, 9, 29, 16, 56, 21, 349000),)",2a3c600d
408627057,-778370947,3331,1:43:35.470000,"(datetime.datetime(2026, 9, 29, 16, 56, 21, 423000),)",2a3c600a
408629041,-778372490,3316,1:43:35.540000,"(datetime.datetime(2026, 9, 29, 16, 56, 21, 491000),)",2a3c600d
408626950,-778370853,3331,1:43:35.610000,"(datetime.datetime(2026, 9, 29, 16, 56, 21, 561000),)",2a3c600a
408628918,-778372424,3316,1:43:35.680000,"(datetime.datetime(2026, 9, 29, 16, 56, 21, 632000),)",2a3c600d
408626839,-778370750,3330,1:43:35.760000,"(datetime.datetime(2026, 9, 29, 16, 56, 21, 714000),)",2a3c600a
408628802,-778372341,3316,1:43:35.840000,"(datetime.datetime(2026, 9, 29, 16, 56, 21, 793000),)",2a3c600d
408626736,-778370648,3330,1:43:35.920000,"(datetime.datetime(2026, 9, 29, 16, 56, 21, 871000),)",2a3c600a
408628684,-778372262,3316,1:43:35.980000,"(datetime.datetime(2026, 9, 29, 16, 56, 21, 939000),)",2a3c600d
408626633,-778370548,3330,1:43:36.060000,"(datetime.datetime(2026, 9, 29, 16, 56, 22, 13000),)",2a3c600a
408626529,-778370447,3331,1:43:36.130000,"(datetime.datetime(2026, 9, 29, 16, 56, 22, 83000),)",2a3c600a
408628566,-778372182,3316,1:43:36.200000,"(datetime.datetime(2026, 9, 29, 16, 56, 22, 155000),)",2a3c600d
408626426,-778370344,3330,1:43:36.270000,"(datetime.datetime(2026, 9, 29, 16, 56, 22, 224000),)",2a3c600a
408628449,-778372099,3315,1:43:36.350000,"(datetime.datetime(2026, 9, 29, 16, 56, 22, 304000),)",2a3c600d
408628332,-778372015,3315,1:43:36.420000,"(datetime.datetime(2026, 9, 29, 16, 56, 22, 373000),)",2a3c600d
408626324,-778370239,3331,1:43:36.480000,"(datetime.datetime(2026, 9, 29, 16, 56, 22, 435000),)",2a3c600a
408626222,-778370136,3331,1:43:36.560000,"(datetime.datetime(2026, 9, 29, 16, 56, 22, 511000),)",2a3c600a
408628218,-778371932,3315,1:43:36.620000,"(datetime.datetime(2026, 9, 29, 16, 56, 22, 579000),)",2a3c600d
408626123,-778370028,3331,1:43:36.700000,"(datetime.datetime(2026, 9, 29, 16, 56, 22, 654000),)",2a3c600a
408628106,-778371845,3315,1:43:36.770000,"(datetime.datetime(2026, 9, 29, 16, 56, 22, 723000),)",2a3c600d
408627993,-778371760,3315,1:43:36.840000,"(datetime.datetime(2026, 9, 29, 16, 56, 22, 792000),)",2a3c600d
408626021,-778369921,3331,1:43:36.920000,"(datetime.datetime(2026, 9, 29, 16, 56, 22, 873000),)",2a3c600a
408627879,-778371669,3315,1:43:36.980000,"(datetime.datetime(2026, 9, 29, 16, 56, 22, 939000),)",2a3c600d
408625920,-778369812,3331,1:43:37.050000,"(datetime.datetime(2026, 9, 29, 16, 56, 23, 2000),)",2a3c600a
408627764,-778371595,3314,1:43:37.130000,"(datetime.datetime(2026, 9, 29, 16, 56, 23, 81000),)",2a3c600d
408625814,-778369708,3332,1:43:37.220000,"(datetime.datetime(2026, 9, 29, 16, 56, 23, 171000),)",2a3c600a
408627653,-778371498,3314,1:43:37.270000,"(datetime.datetime(2026, 9, 29, 16, 56, 23, 225000),)",2a3c600d
408625720,-778369591,3332,1:43:37.340000,"(datetime.datetime(2026, 9, 29, 16, 56, 23, 294000),)",2a3c600a
408627544,-778371408,3315,1:43:37.410000,"(datetime.datetime(2026, 9, 29, 16, 56, 23, 364000),)",2a3c600d
408625621,-778369479,3332,1:43:37.490000,"(datetime.datetime(2026, 9, 29, 16, 56, 23, 443000),)",2a3c600a
408627432,-778371316,3315,1:43:37.560000,"(datetime.datetime(2026, 9, 29, 16, 56, 23, 514000),)",2a3c600d
408625525,-778369364,3332,1:43:37.630000,"(datetime.datetime(2026, 9, 29, 16, 56, 23, 584000),)",2a3c600a
408627324,-778371221,3315,1:43:37.710000,"(datetime.datetime(2026, 9, 29, 16, 56, 23, 661000),)",2a3c600d
408625429,-778369251,3333,1:43:37.780000,"(datetime.datetime(2026, 9, 29, 16, 56, 23, 738000),)",2a3c600a
408627217,-778371127,3314,1:43:37.850000,"(datetime.datetime(2026, 9, 29, 16, 56, 23, 809000),)",2a3c600d
408625336,-778369134,3332,1:43:37.930000,"(datetime.datetime(2026, 9, 29, 16, 56, 23, 886000),)",2a3c600a
408627110,-778371030,3314,1:43:38.010000,"(datetime.datetime(2026, 9, 29, 16, 56, 23, 961000),)",2a3c600d
408625242,-778369017,3332,1:43:38.090000,"(datetime.datetime(2026, 9, 29, 16, 56, 24, 43000),)",2a3c600a
408627004,-778370935,3314,1:43:38.150000,"(datetime.datetime(2026, 9, 29, 16, 56, 24, 106000),)",2a3c600d
408625148,-778368897,3332,1:43:38.230000,"(datetime.datetime(2026, 9, 29, 16, 56, 24, 184000),)",2a3c600a
408626898,-778370839,3314,1:43:38.330000,"(datetime.datetime(2026, 9, 29, 16, 56, 24, 283000),)",2a3c600d
408625055,-778368777,3332,1:43:38.370000,"(datetime.datetime(2026, 9, 29, 16, 56, 24, 324000),)",2a3c600a
408626793,-778370742,3314,1:43:38.460000,"(datetime.datetime(2026, 9, 29, 16, 56, 24, 412000),)",2a3c600d
408624965,-778368655,3332,1:43:38.530000,"(datetime.datetime(2026, 9, 29, 16, 56, 24, 481000),)",2a3c600a
408626687,-778370653,3314,1:43:38.590000,"(datetime.datetime(2026, 9, 29, 16, 56, 24, 549000),)",2a3c600d
408624874,-778368529,3331,1:43:38.690000,"(datetime.datetime(2026, 9, 29, 16, 56, 24, 647000),)",2a3c600a
408626586,-778370551,3314,1:43:38.750000,"(datetime.datetime(2026, 9, 29, 16, 56, 24, 708000),)",2a3c600d
408624785,-778368402,3331,1:43:38.820000,"(datetime.datetime(2026, 9, 29, 16, 56, 24, 772000),)",2a3c600a
408626484,-778370450,3314,1:43:38.890000,"(datetime.datetime(2026, 9, 29, 16, 56, 24, 846000),)",2a3c600d
408624695,-778368279,3331,1:43:38.960000,"(datetime.datetime(2026, 9, 29, 16, 56, 24, 920000),)",2a3c600a
408626382,-778370349,3314,1:43:39.040000,"(datetime.datetime(2026, 9, 29, 16, 56, 24, 995000),)",2a3c600d
408624607,-778368156,3331,1:43:39.100000,"(datetime.datetime(2026, 9, 29, 16, 56, 25, 55000),)",2a3c600a
408626281,-778370247,3314,1:43:39.180000,"(datetime.datetime(2026, 9, 29, 16, 56, 25, 137000),)",2a3c600d
408624519,-778368032,3330,1:43:39.250000,"(datetime.datetime(2026, 9, 29, 16, 56, 25, 205000),)",2a3c600a
408626182,-778370144,3314,1:43:39.330000,"(datetime.datetime(2026, 9, 29, 16, 56, 25, 283000),)",2a3c600d
408624432,-778367904,3331,1:43:39.390000,"(datetime.datetime(2026, 9, 29, 16, 56, 25, 345000),)",2a3c600a
