lat,long,elev,timediff,current_time,OBUID
408144375,-778558999,3123,0:28:59.530000,"(datetime.datetime(2026, 9, 29, 15, 41, 45, 483000),)",2a3c600a
408142775,-778557333,3107,0:28:59.580000,"(datetime.datetime(2026, 9, 29, 15, 41, 45, 533000),)",2a3c600d
408144387,-778559011,3123,0:28:59.690000,"(datetime.datetime(2026, 9, 29, 15, 41, 45, 646000),)",2a3c600a
408142775,-778557333,3107,0:28:59.780000,"(datetime.datetime(2026, 9, 29, 15, 41, 45, 736000),)",2a3c600d
408144398,-778559022,3123,0:28:59.790000,"(datetime.datetime(2026, 9, 29, 15, 41, 45, 743000),)",2a3c600a
408142775,-778557333,3107,0:28:59.830000,"(datetime.datetime(2026, 9, 29, 15, 41, 45, 787000),)",2a3c600d
408144411,-778559036,3123,0:28:59.920000,"(datetime.datetime(2026, 9, 29, 15, 41, 45, 873000),)",2a3c600a
408142775,-778557332,3107,0:28:59.990000,"(datetime.datetime(2026, 9, 29, 15, 41, 45, 949000),)",2a3c600d
408144424,-778559047,3122,0:29:00.120000,"(datetime.datetime(2026, 9, 29, 15, 41, 46, 79000),)",2a3c600a
408142774,-778557332,3107,0:29:00.180000,"(datetime.datetime(2026, 9, 29, 15, 41, 46, 135000),)",2a3c600d
408144439,-778559060,3122,0:29:00.200000,"(datetime.datetime(2026, 9, 29, 15, 41, 46, 152000),)",2a3c600a
408142774,-778557332,3107,0:29:00.330000,"(datetime.datetime(2026, 9, 29, 15, 41, 46, 282000),)",2a3c600d
408144453,-778559076,3122,0:29:00.460000,"(datetime.datetime(2026, 9, 29, 15, 41, 46, 417000),)",2a3c600a
408142774,-778557332,3107,0:29:00.540000,"(datetime.datetime(2026, 9, 29, 15, 41, 46, 495000),)",2a3c600d
408144469,-778559091,3121,0:29:00.610000,"(datetime.datetime(2026, 9, 29, 15, 41, 46, 567000),)",2a3c600a
408142648,-778557126,3134,0:29:00.740000,"(datetime.datetime(2026, 9, 29, 15, 41, 46, 693000),)",2a3c600d
408144494,-778559094,3120,0:29:00.740000,"(datetime.datetime(2026, 9, 29, 15, 41, 46, 697000),)",2a3c600a
408142651,-778557130,3134,0:29:00.750000,"(datetime.datetime(2026, 9, 29, 15, 41, 46, 703000),)",2a3c600d
408144515,-778559115,3119,0:29:00.750000,"(datetime.datetime(2026, 9, 29, 15, 41, 46, 707000),)",2a3c600a
408142653,-778557133,3134,0:29:00.760000,"(datetime.datetime(2026, 9, 29, 15, 41, 46, 713000),)",2a3c600d
408144536,-778559136,3119,0:29:00.760000,"(datetime.datetime(2026, 9, 29, 15, 41, 46, 718000),)",2a3c600a
408142656,-778557136,3134,0:29:00.770000,"(datetime.datetime(2026, 9, 29, 15, 41, 46, 722000),)",2a3c600d
408144558,-778559160,3119,0:29:00.770000,"(datetime.datetime(2026, 9, 29, 15, 41, 46, 726000),)",2a3c600a
408142659,-778557140,3134,0:29:00.780000,"(datetime.datetime(2026, 9, 29, 15, 41, 46, 730000),)",2a3c600d
408144581,-778559182,3119,0:29:00.780000,"(datetime.datetime(2026, 9, 29, 15, 41, 46, 734000),)",2a3c600a
408142662,-778557144,3134,0:29:00.780000,"(datetime.datetime(2026, 9, 29, 15, 41, 46, 737000),)",2a3c600d
408144606,-778559207,3119,0:29:00.780000,"(datetime.datetime(2026, 9, 29, 15, 41, 46, 739000),)",2a3c600a
408142665,-778557147,3134,0:29:00.790000,"(datetime.datetime(2026, 9, 29, 15, 41, 46, 744000),)",2a3c600d
408144631,-778559233,3119,0:29:00.790000,"(datetime.datetime(2026, 9, 29, 15, 41, 46, 747000),)",2a3c600a
408142668,-778557151,3134,0:29:00.860000,"(datetime.datetime(2026, 9, 29, 15, 41, 46, 817000),)",2a3c600d
408144659,-778559258,3118,0:29:00.880000,"(datetime.datetime(2026, 9, 29, 15, 41, 46, 840000),)",2a3c600a
408142671,-778557154,3134,0:29:00.960000,"(datetime.datetime(2026, 9, 29, 15, 41, 46, 919000),)",2a3c600d
408144688,-778559285,3118,0:29:00.990000,"(datetime.datetime(2026, 9, 29, 15, 41, 46, 941000),)",2a3c600a
408142674,-778557158,3134,0:29:01.060000,"(datetime.datetime(2026, 9, 29, 15, 41, 47, 19000),)",2a3c600d
408144717,-778559314,3117,0:29:01.090000,"(datetime.datetime(2026, 9, 29, 15, 41, 47, 41000),)",2a3c600a
408142796,-778557355,3140,0:29:01.160000,"(datetime.datetime(2026, 9, 29, 15, 41, 47, 116000),)",2a3c600d
408144740,-778559322,3115,0:29:01.190000,"(datetime.datetime(2026, 9, 29, 15, 41, 47, 143000),)",2a3c600a
408142804,-778557365,3140,0:29:01.260000,"(datetime.datetime(2026, 9, 29, 15, 41, 47, 216000),)",2a3c600d
408144778,-778559360,3114,0:29:01.290000,"(datetime.datetime(2026, 9, 29, 15, 41, 47, 243000),)",2a3c600a
408142814,-778557376,3140,0:29:01.360000,"(datetime.datetime(2026, 9, 29, 15, 41, 47, 316000),)",2a3c600d
408144809,-778559389,3114,0:29:01.390000,"(datetime.datetime(2026, 9, 29, 15, 41, 47, 343000),)",2a3c600a
408142822,-778557385,3140,0:29:01.460000,"(datetime.datetime(2026, 9, 29, 15, 41, 47, 418000),)",2a3c600d
408142830,-778557395,3140,0:29:01.470000,"(datetime.datetime(2026, 9, 29, 15, 41, 47, 423000),)",2a3c600d
408144809,-778559389,3114,0:29:01.490000,"(datetime.datetime(2026, 9, 29, 15, 41, 47, 443000),)",2a3c600a
408142840,-778557407,3141,0:29:01.570000,"(datetime.datetime(2026, 9, 29, 15, 41, 47, 527000),)",2a3c600d
408144842,-778559421,3114,0:29:01.590000,"(datetime.datetime(2026, 9, 29, 15, 41, 47, 542000),)",2a3c600a
408142848,-778557416,3141,0:29:01.670000,"(datetime.datetime(2026, 9, 29, 15, 41, 47, 622000),)",2a3c600d
408144876,-778559454,3113,0:29:01.690000,"(datetime.datetime(2026, 9, 29, 15, 41, 47, 643000),)",2a3c600a
408142856,-778557426,3141,0:29:01.770000,"(datetime.datetime(2026, 9, 29, 15, 41, 47, 730000),)",2a3c600d
408144911,-778559488,3113,0:29:01.800000,"(datetime.datetime(2026, 9, 29, 15, 41, 47, 753000),)",2a3c600a
408142865,-778557436,3141,0:29:01.870000,"(datetime.datetime(2026, 9, 29, 15, 41, 47, 829000),)",2a3c600d
408144948,-778559524,3112,0:29:01.890000,"(datetime.datetime(2026, 9, 29, 15, 41, 47, 841000),)",2a3c600a
408142873,-778557445,3141,0:29:01.970000,"(datetime.datetime(2026, 9, 29, 15, 41, 47, 929000),)",2a3c600d
408144984,-778559559,3112,0:29:01.990000,"(datetime.datetime(2026, 9, 29, 15, 41, 47, 943000),)",2a3c600a
408143026,-778557483,3145,0:29:02.080000,"(datetime.datetime(2026, 9, 29, 15, 41, 48, 33000),)",2a3c600d
408145021,-778559595,3112,0:29:02.090000,"(datetime.datetime(2026, 9, 29, 15, 41, 48, 47000),)",2a3c600a
408143039,-778557496,3145,0:29:02.180000,"(datetime.datetime(2026, 9, 29, 15, 41, 48, 133000),)",2a3c600d
408145058,-778559630,3112,0:29:02.200000,"(datetime.datetime(2026, 9, 29, 15, 41, 48, 155000),)",2a3c600a
408143051,-778557509,3145,0:29:02.270000,"(datetime.datetime(2026, 9, 29, 15, 41, 48, 229000),)",2a3c600d
408145080,-778559653,3111,0:29:02.290000,"(datetime.datetime(2026, 9, 29, 15, 41, 48, 241000),)",2a3c600a
408143066,-778557524,3145,0:29:02.370000,"(datetime.datetime(2026, 9, 29, 15, 41, 48, 328000),)",2a3c600d
408145120,-778559692,3111,0:29:02.390000,"(datetime.datetime(2026, 9, 29, 15, 41, 48, 341000),)",2a3c600a
408143079,-778557537,3145,0:29:02.470000,"(datetime.datetime(2026, 9, 29, 15, 41, 48, 429000),)",2a3c600d
408145157,-778559730,3110,0:29:02.490000,"(datetime.datetime(2026, 9, 29, 15, 41, 48, 441000),)",2a3c600a
408143092,-778557550,3145,0:29:02.580000,"(datetime.datetime(2026, 9, 29, 15, 41, 48, 535000),)",2a3c600d
408145196,-778559766,3110,0:29:02.590000,"(datetime.datetime(2026, 9, 29, 15, 41, 48, 545000),)",2a3c600a
408143104,-778557563,3145,0:29:02.680000,"(datetime.datetime(2026, 9, 29, 15, 41, 48, 632000),)",2a3c600d
408145235,-778559804,3110,0:29:02.690000,"(datetime.datetime(2026, 9, 29, 15, 41, 48, 642000),)",2a3c600a
408143117,-778557576,3145,0:29:02.770000,"(datetime.datetime(2026, 9, 29, 15, 41, 48, 729000),)",2a3c600d
408145273,-778559839,3109,0:29:02.790000,"(datetime.datetime(2026, 9, 29, 15, 41, 48, 742000),)",2a3c600a
408143132,-778557591,3145,0:29:02.880000,"(datetime.datetime(2026, 9, 29, 15, 41, 48, 836000),)",2a3c600d
408145313,-778559877,3109,0:29:02.890000,"(datetime.datetime(2026, 9, 29, 15, 41, 48, 842000),)",2a3c600a
408145353,-778559917,3109,0:29:02.990000,"(datetime.datetime(2026, 9, 29, 15, 41, 48, 943000),)",2a3c600a
408143144,-778557604,3145,0:29:03.070000,"(datetime.datetime(2026, 9, 29, 15, 41, 49, 29000),)",2a3c600d
408145392,-778559954,3109,0:29:03.090000,"(datetime.datetime(2026, 9, 29, 15, 41, 49, 41000),)",2a3c600a
408143352,-778557728,3102,0:29:03.170000,"(datetime.datetime(2026, 9, 29, 15, 41, 49, 128000),)",2a3c600d
408145431,-778559994,3108,0:29:03.190000,"(datetime.datetime(2026, 9, 29, 15, 41, 49, 140000),)",2a3c600a
408143440,-778557780,3107,0:29:03.280000,"(datetime.datetime(2026, 9, 29, 15, 41, 49, 231000),)",2a3c600d
408145484,-778560048,3110,0:29:03.290000,"(datetime.datetime(2026, 9, 29, 15, 41, 49, 247000),)",2a3c600a
408143475,-778557807,3107,0:29:03.390000,"(datetime.datetime(2026, 9, 29, 15, 41, 49, 341000),)",2a3c600d
408145526,-778560091,3110,0:29:03.390000,"(datetime.datetime(2026, 9, 29, 15, 41, 49, 346000),)",2a3c600a
408143509,-778557838,3107,0:29:03.480000,"(datetime.datetime(2026, 9, 29, 15, 41, 49, 431000),)",2a3c600d
408143543,-778557870,3107,0:29:03.480000,"(datetime.datetime(2026, 9, 29, 15, 41, 49, 437000),)",2a3c600d
408145567,-778560128,3109,0:29:03.490000,"(datetime.datetime(2026, 9, 29, 15, 41, 49, 446000),)",2a3c600a
408143578,-778557904,3106,0:29:03.580000,"(datetime.datetime(2026, 9, 29, 15, 41, 49, 539000),)",2a3c600d
408145612,-778560172,3109,0:29:03.590000,"(datetime.datetime(2026, 9, 29, 15, 41, 49, 544000),)",2a3c600a
408143613,-778557938,3106,0:29:03.680000,"(datetime.datetime(2026, 9, 29, 15, 41, 49, 636000),)",2a3c600d
408145657,-778560215,3109,0:29:03.690000,"(datetime.datetime(2026, 9, 29, 15, 41, 49, 643000),)",2a3c600a
408143653,-778557977,3106,0:29:03.780000,"(datetime.datetime(2026, 9, 29, 15, 41, 49, 732000),)",2a3c600d
408145702,-778560257,3109,0:29:03.790000,"(datetime.datetime(2026, 9, 29, 15, 41, 49, 742000),)",2a3c600a
408143690,-778558012,3105,0:29:03.880000,"(datetime.datetime(2026, 9, 29, 15, 41, 49, 833000),)",2a3c600d
408145746,-778560302,3109,0:29:03.890000,"(datetime.datetime(2026, 9, 29, 15, 41, 49, 842000),)",2a3c600a
408143729,-778558050,3105,0:29:03.980000,"(datetime.datetime(2026, 9, 29, 15, 41, 49, 935000),)",2a3c600d
408145792,-778560348,3109,0:29:03.990000,"(datetime.datetime(2026, 9, 29, 15, 41, 49, 942000),)",2a3c600a
408143769,-778558086,3104,0:29:04.080000,"(datetime.datetime(2026, 9, 29, 15, 41, 50, 37000),)",2a3c600d
408145839,-778560390,3108,0:29:04.090000,"(datetime.datetime(2026, 9, 29, 15, 41, 50, 45000),)",2a3c600a
408143834,-778558144,3104,0:29:04.180000,"(datetime.datetime(2026, 9, 29, 15, 41, 50, 132000),)",2a3c600d
408145885,-778560436,3108,0:29:04.190000,"(datetime.datetime(2026, 9, 29, 15, 41, 50, 140000),)",2a3c600a
408143882,-778558191,3104,0:29:04.280000,"(datetime.datetime(2026, 9, 29, 15, 41, 50, 234000),)",2a3c600d
408145935,-778560494,3110,0:29:04.290000,"(datetime.datetime(2026, 9, 29, 15, 41, 50, 241000),)",2a3c600a
408143882,-778558191,3104,0:29:04.380000,"(datetime.datetime(2026, 9, 29, 15, 41, 50, 332000),)",2a3c600d
408145984,-778560543,3110,0:29:04.390000,"(datetime.datetime(2026, 9, 29, 15, 41, 50, 341000),)",2a3c600a
408143970,-778558275,3104,0:29:04.480000,"(datetime.datetime(2026, 9, 29, 15, 41, 50, 433000),)",2a3c600d
408146032,-778560591,3109,0:29:04.490000,"(datetime.datetime(2026, 9, 29, 15, 41, 50, 442000),)",2a3c600a
408144016,-778558321,3104,0:29:04.580000,"(datetime.datetime(2026, 9, 29, 15, 41, 50, 534000),)",2a3c600d
408146078,-778560634,3109,0:29:04.590000,"(datetime.datetime(2026, 9, 29, 15, 41, 50, 545000),)",2a3c600a
408144060,-778558362,3103,0:29:04.680000,"(datetime.datetime(2026, 9, 29, 15, 41, 50, 633000),)",2a3c600d
408146128,-778560685,3109,0:29:04.690000,"(datetime.datetime(2026, 9, 29, 15, 41, 50, 645000),)",2a3c600a
408144111,-778558408,3103,0:29:04.780000,"(datetime.datetime(2026, 9, 29, 15, 41, 50, 732000),)",2a3c600d
408146175,-778560731,3109,0:29:04.790000,"(datetime.datetime(2026, 9, 29, 15, 41, 50, 741000),)",2a3c600a
408144157,-778558452,3102,0:29:04.880000,"(datetime.datetime(2026, 9, 29, 15, 41, 50, 837000),)",2a3c600d
408146224,-778560778,3108,0:29:04.890000,"(datetime.datetime(2026, 9, 29, 15, 41, 50, 845000),)",2a3c600a
408144203,-778558501,3102,0:29:04.980000,"(datetime.datetime(2026, 9, 29, 15, 41, 50, 937000),)",2a3c600d
408146277,-778560827,3109,0:29:04.990000,"(datetime.datetime(2026, 9, 29, 15, 41, 50, 945000),)",2a3c600a
408144255,-778558549,3101,0:29:05.080000,"(datetime.datetime(2026, 9, 29, 15, 41, 51, 32000),)",2a3c600d
408146329,-778560878,3109,0:29:05.090000,"(datetime.datetime(2026, 9, 29, 15, 41, 51, 43000),)",2a3c600a
408144292,-778558574,3099,0:29:05.190000,"(datetime.datetime(2026, 9, 29, 15, 41, 51, 140000),)",2a3c600d
408146379,-778560929,3108,0:29:05.190000,"(datetime.datetime(2026, 9, 29, 15, 41, 51, 148000),)",2a3c600a
408144347,-778558629,3099,0:29:05.280000,"(datetime.datetime(2026, 9, 29, 15, 41, 51, 233000),)",2a3c600d
408146430,-778560986,3108,0:29:05.280000,"(datetime.datetime(2026, 9, 29, 15, 41, 51, 240000),)",2a3c600a
408144398,-778558676,3098,0:29:05.380000,"(datetime.datetime(2026, 9, 29, 15, 41, 51, 334000),)",2a3c600d
408146484,-778561038,3108,0:29:05.390000,"(datetime.datetime(2026, 9, 29, 15, 41, 51, 344000),)",2a3c600a
408144454,-778558728,3097,0:29:05.480000,"(datetime.datetime(2026, 9, 29, 15, 41, 51, 433000),)",2a3c600d
408146538,-778561093,3108,0:29:05.490000,"(datetime.datetime(2026, 9, 29, 15, 41, 51, 442000),)",2a3c600a
408144510,-778558779,3097,0:29:05.580000,"(datetime.datetime(2026, 9, 29, 15, 41, 51, 532000),)",2a3c600d
408146593,-778561145,3108,0:29:05.590000,"(datetime.datetime(2026, 9, 29, 15, 41, 51, 542000),)",2a3c600a
408144565,-778558834,3097,0:29:05.680000,"(datetime.datetime(2026, 9, 29, 15, 41, 51, 637000),)",2a3c600d
408146648,-778561201,3108,0:29:05.690000,"(datetime.datetime(2026, 9, 29, 15, 41, 51, 645000),)",2a3c600a
408144622,-778558888,3096,0:29:05.780000,"(datetime.datetime(2026, 9, 29, 15, 41, 51, 734000),)",2a3c600d
408146705,-778561256,3108,0:29:05.790000,"(datetime.datetime(2026, 9, 29, 15, 41, 51, 741000),)",2a3c600a
408144678,-778558942,3096,0:29:05.880000,"(datetime.datetime(2026, 9, 29, 15, 41, 51, 840000),)",2a3c600d
408146762,-778561309,3108,0:29:05.890000,"(datetime.datetime(2026, 9, 29, 15, 41, 51, 847000),)",2a3c600a
408144736,-778558996,3095,0:29:05.990000,"(datetime.datetime(2026, 9, 29, 15, 41, 51, 942000),)",2a3c600d
408146817,-778561368,3108,0:29:05.990000,"(datetime.datetime(2026, 9, 29, 15, 41, 51, 950000),)",2a3c600a
408144793,-778559055,3095,0:29:06.090000,"(datetime.datetime(2026, 9, 29, 15, 41, 52, 43000),)",2a3c600d
408146876,-778561425,3108,0:29:06.100000,"(datetime.datetime(2026, 9, 29, 15, 41, 52, 51000),)",2a3c600a
408144827,-778559110,3098,0:29:06.190000,"(datetime.datetime(2026, 9, 29, 15, 41, 52, 143000),)",2a3c600d
408146934,-778561483,3109,0:29:06.190000,"(datetime.datetime(2026, 9, 29, 15, 41, 52, 149000),)",2a3c600a
408146999,-778561543,3108,0:29:06.300000,"(datetime.datetime(2026, 9, 29, 15, 41, 52, 260000),)",2a3c600a
408144887,-778559162,3098,0:29:06.310000,"(datetime.datetime(2026, 9, 29, 15, 41, 52, 265000),)",2a3c600d
408144947,-778559224,3096,0:29:06.390000,"(datetime.datetime(2026, 9, 29, 15, 41, 52, 347000),)",2a3c600d
408147061,-778561603,3108,0:29:06.400000,"(datetime.datetime(2026, 9, 29, 15, 41, 52, 353000),)",2a3c600a
408145009,-778559282,3096,0:29:06.480000,"(datetime.datetime(2026, 9, 29, 15, 41, 52, 440000),)",2a3c600d
408147121,-778561664,3108,0:29:06.500000,"(datetime.datetime(2026, 9, 29, 15, 41, 52, 451000),)",2a3c600a
408145068,-778559342,3095,0:29:06.580000,"(datetime.datetime(2026, 9, 29, 15, 41, 52, 539000),)",2a3c600d
408147182,-778561723,3108,0:29:06.590000,"(datetime.datetime(2026, 9, 29, 15, 41, 52, 549000),)",2a3c600a
408145128,-778559397,3095,0:29:06.690000,"(datetime.datetime(2026, 9, 29, 15, 41, 52, 641000),)",2a3c600d
408147242,-778561783,3108,0:29:06.700000,"(datetime.datetime(2026, 9, 29, 15, 41, 52, 652000),)",2a3c600a
408145187,-778559457,3094,0:29:06.790000,"(datetime.datetime(2026, 9, 29, 15, 41, 52, 742000),)",2a3c600d
408147303,-778561843,3108,0:29:06.800000,"(datetime.datetime(2026, 9, 29, 15, 41, 52, 757000),)",2a3c600a
408145245,-778559510,3093,0:29:06.890000,"(datetime.datetime(2026, 9, 29, 15, 41, 52, 842000),)",2a3c600d
408147364,-778561904,3108,0:29:06.890000,"(datetime.datetime(2026, 9, 29, 15, 41, 52, 849000),)",2a3c600a
408145305,-778559567,3093,0:29:06.980000,"(datetime.datetime(2026, 9, 29, 15, 41, 52, 940000),)",2a3c600d
408147424,-778561965,3108,0:29:06.990000,"(datetime.datetime(2026, 9, 29, 15, 41, 52, 947000),)",2a3c600a
408145365,-778559624,3093,0:29:07.090000,"(datetime.datetime(2026, 9, 29, 15, 41, 53, 40000),)",2a3c600d
408147486,-778562026,3108,0:29:07.090000,"(datetime.datetime(2026, 9, 29, 15, 41, 53, 47000),)",2a3c600a
408145428,-778559687,3094,0:29:07.180000,"(datetime.datetime(2026, 9, 29, 15, 41, 53, 140000),)",2a3c600d
408147549,-778562088,3108,0:29:07.190000,"(datetime.datetime(2026, 9, 29, 15, 41, 53, 148000),)",2a3c600a
408145490,-778559745,3094,0:29:07.290000,"(datetime.datetime(2026, 9, 29, 15, 41, 53, 242000),)",2a3c600d
408147602,-778562151,3109,0:29:07.300000,"(datetime.datetime(2026, 9, 29, 15, 41, 53, 251000),)",2a3c600a
408147667,-778562217,3109,0:29:07.390000,"(datetime.datetime(2026, 9, 29, 15, 41, 53, 342000),)",2a3c600a
408145549,-778559804,3093,0:29:07.400000,"(datetime.datetime(2026, 9, 29, 15, 41, 53, 353000),)",2a3c600d
408145611,-778559863,3093,0:29:07.480000,"(datetime.datetime(2026, 9, 29, 15, 41, 53, 440000),)",2a3c600d
408147731,-778562280,3109,0:29:07.490000,"(datetime.datetime(2026, 9, 29, 15, 41, 53, 446000),)",2a3c600a
408145671,-778559921,3093,0:29:07.590000,"(datetime.datetime(2026, 9, 29, 15, 41, 53, 541000),)",2a3c600d
408147793,-778562344,3109,0:29:07.590000,"(datetime.datetime(2026, 9, 29, 15, 41, 53, 548000),)",2a3c600a
408145730,-778559977,3092,0:29:07.680000,"(datetime.datetime(2026, 9, 29, 15, 41, 53, 640000),)",2a3c600d
408147859,-778562409,3109,0:29:07.690000,"(datetime.datetime(2026, 9, 29, 15, 41, 53, 647000),)",2a3c600a
408145793,-778560036,3092,0:29:07.780000,"(datetime.datetime(2026, 9, 29, 15, 41, 53, 732000),)",2a3c600d
408147928,-778562476,3108,0:29:07.790000,"(datetime.datetime(2026, 9, 29, 15, 41, 53, 741000),)",2a3c600a
408145850,-778560092,3091,0:29:07.880000,"(datetime.datetime(2026, 9, 29, 15, 41, 53, 833000),)",2a3c600d
408147992,-778562541,3108,0:29:07.890000,"(datetime.datetime(2026, 9, 29, 15, 41, 53, 842000),)",2a3c600a
408145911,-778560150,3091,0:29:07.980000,"(datetime.datetime(2026, 9, 29, 15, 41, 53, 938000),)",2a3c600d
408148060,-778562609,3108,0:29:08,"(datetime.datetime(2026, 9, 29, 15, 41, 53, 953000),)",2a3c600a
408145970,-778560209,3091,0:29:08.080000,"(datetime.datetime(2026, 9, 29, 15, 41, 54, 31000),)",2a3c600d
408148127,-778562675,3107,0:29:08.080000,"(datetime.datetime(2026, 9, 29, 15, 41, 54, 40000),)",2a3c600a
408146043,-778560250,3091,0:29:08.180000,"(datetime.datetime(2026, 9, 29, 15, 41, 54, 132000),)",2a3c600d
408148194,-778562741,3107,0:29:08.190000,"(datetime.datetime(2026, 9, 29, 15, 41, 54, 142000),)",2a3c600a
408146100,-778560312,3090,0:29:08.280000,"(datetime.datetime(2026, 9, 29, 15, 41, 54, 238000),)",2a3c600d
408148256,-778562803,3107,0:29:08.290000,"(datetime.datetime(2026, 9, 29, 15, 41, 54, 248000),)",2a3c600a
408146159,-778560368,3090,0:29:08.390000,"(datetime.datetime(2026, 9, 29, 15, 41, 54, 342000),)",2a3c600d
408148323,-778562869,3107,0:29:08.400000,"(datetime.datetime(2026, 9, 29, 15, 41, 54, 351000),)",2a3c600a
408146218,-778560425,3090,0:29:08.480000,"(datetime.datetime(2026, 9, 29, 15, 41, 54, 434000),)",2a3c600d
408148394,-778562940,3106,0:29:08.490000,"(datetime.datetime(2026, 9, 29, 15, 41, 54, 441000),)",2a3c600a
408146274,-778560483,3090,0:29:08.580000,"(datetime.datetime(2026, 9, 29, 15, 41, 54, 532000),)",2a3c600d
408148465,-778563011,3106,0:29:08.580000,"(datetime.datetime(2026, 9, 29, 15, 41, 54, 540000),)",2a3c600a
408146335,-778560538,3090,0:29:08.680000,"(datetime.datetime(2026, 9, 29, 15, 41, 54, 632000),)",2a3c600d
408148535,-778563082,3106,0:29:08.690000,"(datetime.datetime(2026, 9, 29, 15, 41, 54, 641000),)",2a3c600a
408146392,-778560595,3089,0:29:08.780000,"(datetime.datetime(2026, 9, 29, 15, 41, 54, 732000),)",2a3c600d
408148607,-778563154,3106,0:29:08.790000,"(datetime.datetime(2026, 9, 29, 15, 41, 54, 743000),)",2a3c600a
408146452,-778560651,3089,0:29:08.880000,"(datetime.datetime(2026, 9, 29, 15, 41, 54, 832000),)",2a3c600d
408148675,-778563221,3106,0:29:08.890000,"(datetime.datetime(2026, 9, 29, 15, 41, 54, 842000),)",2a3c600a
408146509,-778560707,3089,0:29:08.980000,"(datetime.datetime(2026, 9, 29, 15, 41, 54, 933000),)",2a3c600d
408148749,-778563296,3106,0:29:08.990000,"(datetime.datetime(2026, 9, 29, 15, 41, 54, 941000),)",2a3c600a
408146509,-778560707,3089,0:29:09.080000,"(datetime.datetime(2026, 9, 29, 15, 41, 55, 36000),)",2a3c600d
408148820,-778563368,3106,0:29:09.090000,"(datetime.datetime(2026, 9, 29, 15, 41, 55, 44000),)",2a3c600a
408146566,-778560765,3088,0:29:09.180000,"(datetime.datetime(2026, 9, 29, 15, 41, 55, 131000),)",2a3c600d
408148893,-778563444,3105,0:29:09.190000,"(datetime.datetime(2026, 9, 29, 15, 41, 55, 141000),)",2a3c600a
408146617,-778560812,3092,0:29:09.280000,"(datetime.datetime(2026, 9, 29, 15, 41, 55, 237000),)",2a3c600d
408148955,-778563519,3105,0:29:09.290000,"(datetime.datetime(2026, 9, 29, 15, 41, 55, 246000),)",2a3c600a
408146674,-778560872,3092,0:29:09.390000,"(datetime.datetime(2026, 9, 29, 15, 41, 55, 346000),)",2a3c600d
408149028,-778563595,3104,0:29:09.400000,"(datetime.datetime(2026, 9, 29, 15, 41, 55, 353000),)",2a3c600a
408146735,-778560927,3092,0:29:09.480000,"(datetime.datetime(2026, 9, 29, 15, 41, 55, 434000),)",2a3c600d
408149106,-778563675,3104,0:29:09.490000,"(datetime.datetime(2026, 9, 29, 15, 41, 55, 447000),)",2a3c600a
408146795,-778560984,3092,0:29:09.580000,"(datetime.datetime(2026, 9, 29, 15, 41, 55, 532000),)",2a3c600d
408149180,-778563750,3103,0:29:09.590000,"(datetime.datetime(2026, 9, 29, 15, 41, 55, 542000),)",2a3c600a
408146854,-778561041,3092,0:29:09.680000,"(datetime.datetime(2026, 9, 29, 15, 41, 55, 632000),)",2a3c600d
408149252,-778563823,3103,0:29:09.690000,"(datetime.datetime(2026, 9, 29, 15, 41, 55, 643000),)",2a3c600a
408146914,-778561097,3092,0:29:09.780000,"(datetime.datetime(2026, 9, 29, 15, 41, 55, 732000),)",2a3c600d
408149329,-778563902,3103,0:29:09.790000,"(datetime.datetime(2026, 9, 29, 15, 41, 55, 742000),)",2a3c600a
408146974,-778561157,3092,0:29:09.880000,"(datetime.datetime(2026, 9, 29, 15, 41, 55, 832000),)",2a3c600d
408149404,-778563986,3102,0:29:09.890000,"(datetime.datetime(2026, 9, 29, 15, 41, 55, 843000),)",2a3c600a
408147036,-778561216,3092,0:29:09.980000,"(datetime.datetime(2026, 9, 29, 15, 41, 55, 932000),)",2a3c600d
408149480,-778564065,3102,0:29:09.990000,"(datetime.datetime(2026, 9, 29, 15, 41, 55, 942000),)",2a3c600a
408149557,-778564146,3102,0:29:10.030000,"(datetime.datetime(2026, 9, 29, 15, 41, 55, 983000),)",2a3c600a
408147097,-778561278,3092,0:29:10.080000,"(datetime.datetime(2026, 9, 29, 15, 41, 56, 32000),)",2a3c600d
408149634,-778564227,3101,0:29:10.120000,"(datetime.datetime(2026, 9, 29, 15, 41, 56, 80000),)",2a3c600a
408147159,-778561335,3092,0:29:10.180000,"(datetime.datetime(2026, 9, 29, 15, 41, 56, 139000),)",2a3c600d
408149720,-778564308,3101,0:29:10.220000,"(datetime.datetime(2026, 9, 29, 15, 41, 56, 180000),)",2a3c600a
408147218,-778561396,3094,0:29:10.280000,"(datetime.datetime(2026, 9, 29, 15, 41, 56, 235000),)",2a3c600d
408149800,-778564397,3101,0:29:10.330000,"(datetime.datetime(2026, 9, 29, 15, 41, 56, 281000),)",2a3c600a
408147282,-778561457,3094,0:29:10.380000,"(datetime.datetime(2026, 9, 29, 15, 41, 56, 337000),)",2a3c600d
408149879,-778564482,3101,0:29:10.420000,"(datetime.datetime(2026, 9, 29, 15, 41, 56, 380000),)",2a3c600a
408147344,-778561517,3094,0:29:10.480000,"(datetime.datetime(2026, 9, 29, 15, 41, 56, 430000),)",2a3c600d
408149959,-778564570,3100,0:29:10.530000,"(datetime.datetime(2026, 9, 29, 15, 41, 56, 483000),)",2a3c600a
408147408,-778561576,3095,0:29:10.580000,"(datetime.datetime(2026, 9, 29, 15, 41, 56, 532000),)",2a3c600d
408150035,-778564656,3100,0:29:10.630000,"(datetime.datetime(2026, 9, 29, 15, 41, 56, 580000),)",2a3c600a
408147469,-778561639,3095,0:29:10.680000,"(datetime.datetime(2026, 9, 29, 15, 41, 56, 632000),)",2a3c600d
408150117,-778564745,3100,0:29:10.730000,"(datetime.datetime(2026, 9, 29, 15, 41, 56, 680000),)",2a3c600a
408147534,-778561703,3095,0:29:10.780000,"(datetime.datetime(2026, 9, 29, 15, 41, 56, 733000),)",2a3c600d
408150196,-778564832,3099,0:29:10.830000,"(datetime.datetime(2026, 9, 29, 15, 41, 56, 782000),)",2a3c600a
408147596,-778561764,3095,0:29:10.880000,"(datetime.datetime(2026, 9, 29, 15, 41, 56, 833000),)",2a3c600d
408150277,-778564921,3099,0:29:10.920000,"(datetime.datetime(2026, 9, 29, 15, 41, 56, 880000),)",2a3c600a
408147659,-778561830,3095,0:29:10.980000,"(datetime.datetime(2026, 9, 29, 15, 41, 56, 932000),)",2a3c600d
408150360,-778565013,3099,0:29:11.030000,"(datetime.datetime(2026, 9, 29, 15, 41, 56, 981000),)",2a3c600a
408147723,-778561891,3095,0:29:11.080000,"(datetime.datetime(2026, 9, 29, 15, 41, 57, 32000),)",2a3c600d
408150444,-778565100,3098,0:29:11.140000,"(datetime.datetime(2026, 9, 29, 15, 41, 57, 90000),)",2a3c600a
408147786,-778561955,3095,0:29:11.180000,"(datetime.datetime(2026, 9, 29, 15, 41, 57, 134000),)",2a3c600d
408150526,-778565186,3097,0:29:11.220000,"(datetime.datetime(2026, 9, 29, 15, 41, 57, 180000),)",2a3c600a
408147838,-778562024,3093,0:29:11.280000,"(datetime.datetime(2026, 9, 29, 15, 41, 57, 231000),)",2a3c600d
408150613,-778565281,3096,0:29:11.330000,"(datetime.datetime(2026, 9, 29, 15, 41, 57, 281000),)",2a3c600a
408147910,-778562095,3093,0:29:11.380000,"(datetime.datetime(2026, 9, 29, 15, 41, 57, 332000),)",2a3c600d
408150699,-778565370,3096,0:29:11.430000,"(datetime.datetime(2026, 9, 29, 15, 41, 57, 381000),)",2a3c600a
408147973,-778562161,3093,0:29:11.480000,"(datetime.datetime(2026, 9, 29, 15, 41, 57, 431000),)",2a3c600d
408150784,-778565464,3095,0:29:11.520000,"(datetime.datetime(2026, 9, 29, 15, 41, 57, 480000),)",2a3c600a
408148041,-778562230,3092,0:29:11.580000,"(datetime.datetime(2026, 9, 29, 15, 41, 57, 531000),)",2a3c600d
408150871,-778565559,3095,0:29:11.630000,"(datetime.datetime(2026, 9, 29, 15, 41, 57, 581000),)",2a3c600a
408148110,-778562294,3092,0:29:11.680000,"(datetime.datetime(2026, 9, 29, 15, 41, 57, 631000),)",2a3c600d
408150959,-778565656,3094,0:29:11.720000,"(datetime.datetime(2026, 9, 29, 15, 41, 57, 680000),)",2a3c600a
408148176,-778562356,3092,0:29:11.780000,"(datetime.datetime(2026, 9, 29, 15, 41, 57, 731000),)",2a3c600d
408151046,-778565750,3094,0:29:11.830000,"(datetime.datetime(2026, 9, 29, 15, 41, 57, 781000),)",2a3c600a
408148244,-778562426,3092,0:29:11.880000,"(datetime.datetime(2026, 9, 29, 15, 41, 57, 832000),)",2a3c600d
408151133,-778565845,3093,0:29:11.920000,"(datetime.datetime(2026, 9, 29, 15, 41, 57, 879000),)",2a3c600a
408148311,-778562490,3092,0:29:11.970000,"(datetime.datetime(2026, 9, 29, 15, 41, 57, 930000),)",2a3c600d
408151222,-778565942,3093,0:29:12.030000,"(datetime.datetime(2026, 9, 29, 15, 41, 57, 981000),)",2a3c600a
408148378,-778562564,3092,0:29:12.080000,"(datetime.datetime(2026, 9, 29, 15, 41, 58, 33000),)",2a3c600d
408151311,-778566038,3092,0:29:12.130000,"(datetime.datetime(2026, 9, 29, 15, 41, 58, 83000),)",2a3c600a
408148449,-778562632,3092,0:29:12.180000,"(datetime.datetime(2026, 9, 29, 15, 41, 58, 133000),)",2a3c600d
408151397,-778566127,3092,0:29:12.230000,"(datetime.datetime(2026, 9, 29, 15, 41, 58, 182000),)",2a3c600a
408148493,-778562712,3090,0:29:12.280000,"(datetime.datetime(2026, 9, 29, 15, 41, 58, 237000),)",2a3c600d
408151490,-778566228,3092,0:29:12.330000,"(datetime.datetime(2026, 9, 29, 15, 41, 58, 282000),)",2a3c600a
408148637,-778562852,3090,0:29:12.380000,"(datetime.datetime(2026, 9, 29, 15, 41, 58, 332000),)",2a3c600d
408151582,-778566327,3091,0:29:12.420000,"(datetime.datetime(2026, 9, 29, 15, 41, 58, 380000),)",2a3c600a
408148706,-778562924,3090,0:29:12.470000,"(datetime.datetime(2026, 9, 29, 15, 41, 58, 425000),)",2a3c600d
408151671,-778566425,3091,0:29:12.520000,"(datetime.datetime(2026, 9, 29, 15, 41, 58, 480000),)",2a3c600a
408148778,-778562994,3089,0:29:12.570000,"(datetime.datetime(2026, 9, 29, 15, 41, 58, 527000),)",2a3c600d
408151764,-778566523,3090,0:29:12.630000,"(datetime.datetime(2026, 9, 29, 15, 41, 58, 581000),)",2a3c600a
408148851,-778563072,3089,0:29:12.670000,"(datetime.datetime(2026, 9, 29, 15, 41, 58, 625000),)",2a3c600d
408151853,-778566622,3090,0:29:12.720000,"(datetime.datetime(2026, 9, 29, 15, 41, 58, 680000),)",2a3c600a
408148923,-778563141,3089,0:29:12.770000,"(datetime.datetime(2026, 9, 29, 15, 41, 58, 724000),)",2a3c600d
408151946,-778566725,3089,0:29:12.830000,"(datetime.datetime(2026, 9, 29, 15, 41, 58, 783000),)",2a3c600a
408148995,-778563217,3089,0:29:12.870000,"(datetime.datetime(2026, 9, 29, 15, 41, 58, 824000),)",2a3c600d
408152041,-778566828,3089,0:29:13.110000,"(datetime.datetime(2026, 9, 29, 15, 41, 59, 70000),)",2a3c600a
408149068,-778563286,3089,0:29:13.340000,"(datetime.datetime(2026, 9, 29, 15, 41, 59, 292000),)",2a3c600d
408152135,-778566931,3088,0:29:13.560000,"(datetime.datetime(2026, 9, 29, 15, 41, 59, 517000),)",2a3c600a
408149141,-778563366,3088,0:29:13.570000,"(datetime.datetime(2026, 9, 29, 15, 41, 59, 528000),)",2a3c600d
408152226,-778567034,3088,0:29:13.650000,"(datetime.datetime(2026, 9, 29, 15, 41, 59, 608000),)",2a3c600a
408149141,-778563366,3088,0:29:13.730000,"(datetime.datetime(2026, 9, 29, 15, 41, 59, 688000),)",2a3c600d
408152323,-778567139,3087,0:29:13.800000,"(datetime.datetime(2026, 9, 29, 15, 41, 59, 759000),)",2a3c600a
408149219,-778563432,3091,0:29:13.860000,"(datetime.datetime(2026, 9, 29, 15, 41, 59, 812000),)",2a3c600d
408152420,-778567246,3087,0:29:13.940000,"(datetime.datetime(2026, 9, 29, 15, 41, 59, 891000),)",2a3c600a
408149292,-778563511,3091,0:29:14.060000,"(datetime.datetime(2026, 9, 29, 15, 42, 0, 16000),)",2a3c600d
408152513,-778567350,3086,0:29:14.140000,"(datetime.datetime(2026, 9, 29, 15, 42, 0, 99000),)",2a3c600a
408149369,-778563586,3091,0:29:14.260000,"(datetime.datetime(2026, 9, 29, 15, 42, 0, 216000),)",2a3c600d
408152611,-778567456,3086,0:29:14.270000,"(datetime.datetime(2026, 9, 29, 15, 42, 0, 224000),)",2a3c600a
408149441,-778563666,3090,0:29:14.330000,"(datetime.datetime(2026, 9, 29, 15, 42, 0, 283000),)",2a3c600d
408152705,-778567559,3085,0:29:14.350000,"(datetime.datetime(2026, 9, 29, 15, 42, 0, 302000),)",2a3c600a
408149515,-778563748,3090,0:29:14.510000,"(datetime.datetime(2026, 9, 29, 15, 42, 0, 469000),)",2a3c600d
408152802,-778567667,3085,0:29:14.550000,"(datetime.datetime(2026, 9, 29, 15, 42, 0, 508000),)",2a3c600a
408149590,-778563825,3090,0:29:14.600000,"(datetime.datetime(2026, 9, 29, 15, 42, 0, 557000),)",2a3c600d
408152896,-778567771,3084,0:29:14.660000,"(datetime.datetime(2026, 9, 29, 15, 42, 0, 620000),)",2a3c600a
408149668,-778563905,3089,0:29:14.720000,"(datetime.datetime(2026, 9, 29, 15, 42, 0, 672000),)",2a3c600d
408152993,-778567878,3084,0:29:14.730000,"(datetime.datetime(2026, 9, 29, 15, 42, 0, 681000),)",2a3c600a
408149744,-778563988,3089,0:29:14.730000,"(datetime.datetime(2026, 9, 29, 15, 42, 0, 689000),)",2a3c600d
408153088,-778567982,3083,0:29:14.760000,"(datetime.datetime(2026, 9, 29, 15, 42, 0, 712000),)",2a3c600a
408149815,-778564074,3089,0:29:14.760000,"(datetime.datetime(2026, 9, 29, 15, 42, 0, 718000),)",2a3c600d
408153185,-778568088,3083,0:29:14.770000,"(datetime.datetime(2026, 9, 29, 15, 42, 0, 724000),)",2a3c600a
408149896,-778564154,3088,0:29:14.870000,"(datetime.datetime(2026, 9, 29, 15, 42, 0, 823000),)",2a3c600d
408153284,-778568186,3082,0:29:14.960000,"(datetime.datetime(2026, 9, 29, 15, 42, 0, 917000),)",2a3c600a
408149959,-778564247,3085,0:29:15.070000,"(datetime.datetime(2026, 9, 29, 15, 42, 1, 30000),)",2a3c600d
408153381,-778568292,3081,0:29:15.170000,"(datetime.datetime(2026, 9, 29, 15, 42, 1, 123000),)",2a3c600a
408150037,-778564331,3084,0:29:15.280000,"(datetime.datetime(2026, 9, 29, 15, 42, 1, 233000),)",2a3c600d
408153478,-778568400,3081,0:29:15.370000,"(datetime.datetime(2026, 9, 29, 15, 42, 1, 330000),)",2a3c600a
408150115,-778564414,3084,0:29:15.570000,"(datetime.datetime(2026, 9, 29, 15, 42, 1, 525000),)",2a3c600d
408153577,-778568504,3080,0:29:15.620000,"(datetime.datetime(2026, 9, 29, 15, 42, 1, 575000),)",2a3c600a
408150194,-778564504,3084,0:29:15.690000,"(datetime.datetime(2026, 9, 29, 15, 42, 1, 643000),)",2a3c600d
408153673,-778568615,3080,0:29:15.750000,"(datetime.datetime(2026, 9, 29, 15, 42, 1, 703000),)",2a3c600a
408150272,-778564590,3084,0:29:15.760000,"(datetime.datetime(2026, 9, 29, 15, 42, 1, 718000),)",2a3c600d
408153771,-778568721,3079,0:29:15.770000,"(datetime.datetime(2026, 9, 29, 15, 42, 1, 725000),)",2a3c600a
408150351,-778564675,3083,0:29:15.780000,"(datetime.datetime(2026, 9, 29, 15, 42, 1, 739000),)",2a3c600d
408153869,-778568828,3079,0:29:15.790000,"(datetime.datetime(2026, 9, 29, 15, 42, 1, 747000),)",2a3c600a
408150432,-778564762,3082,0:29:15.800000,"(datetime.datetime(2026, 9, 29, 15, 42, 1, 755000),)",2a3c600d
408153969,-778568938,3079,0:29:15.810000,"(datetime.datetime(2026, 9, 29, 15, 42, 1, 765000),)",2a3c600a
408150513,-778564851,3082,0:29:15.830000,"(datetime.datetime(2026, 9, 29, 15, 42, 1, 782000),)",2a3c600d
408154065,-778569044,3078,0:29:15.830000,"(datetime.datetime(2026, 9, 29, 15, 42, 1, 786000),)",2a3c600a
408150596,-778564936,3082,0:29:15.840000,"(datetime.datetime(2026, 9, 29, 15, 42, 1, 790000),)",2a3c600d
408154166,-778569148,3078,0:29:15.840000,"(datetime.datetime(2026, 9, 29, 15, 42, 1, 795000),)",2a3c600a
408150677,-778565027,3081,0:29:15.840000,"(datetime.datetime(2026, 9, 29, 15, 42, 1, 799000),)",2a3c600d
408154274,-778569255,3078,0:29:15.850000,"(datetime.datetime(2026, 9, 29, 15, 42, 1, 804000),)",2a3c600a
408150774,-778565093,3082,0:29:15.850000,"(datetime.datetime(2026, 9, 29, 15, 42, 1, 808000),)",2a3c600d
408154373,-778569363,3078,0:29:15.880000,"(datetime.datetime(2026, 9, 29, 15, 42, 1, 837000),)",2a3c600a
408150858,-778565189,3082,0:29:15.890000,"(datetime.datetime(2026, 9, 29, 15, 42, 1, 843000),)",2a3c600d
408154472,-778569476,3078,0:29:15.890000,"(datetime.datetime(2026, 9, 29, 15, 42, 1, 847000),)",2a3c600a
408150942,-778565280,3081,0:29:15.900000,"(datetime.datetime(2026, 9, 29, 15, 42, 1, 851000),)",2a3c600d
408154569,-778569585,3077,0:29:15.900000,"(datetime.datetime(2026, 9, 29, 15, 42, 1, 854000),)",2a3c600a
408151024,-778565370,3081,0:29:15.900000,"(datetime.datetime(2026, 9, 29, 15, 42, 1, 858000),)",2a3c600d
408154669,-778569688,3076,0:29:15.910000,"(datetime.datetime(2026, 9, 29, 15, 42, 1, 862000),)",2a3c600a
408151111,-778565458,3081,0:29:15.910000,"(datetime.datetime(2026, 9, 29, 15, 42, 1, 867000),)",2a3c600d
408154767,-778569797,3076,0:29:15.930000,"(datetime.datetime(2026, 9, 29, 15, 42, 1, 886000),)",2a3c600a
408151195,-778565550,3080,0:29:15.940000,"(datetime.datetime(2026, 9, 29, 15, 42, 1, 891000),)",2a3c600d
408154868,-778569906,3075,0:29:15.940000,"(datetime.datetime(2026, 9, 29, 15, 42, 1, 895000),)",2a3c600a
408151279,-778565648,3079,0:29:15.940000,"(datetime.datetime(2026, 9, 29, 15, 42, 1, 898000),)",2a3c600d
408154969,-778570012,3075,0:29:15.950000,"(datetime.datetime(2026, 9, 29, 15, 42, 1, 903000),)",2a3c600a
408151367,-778565737,3079,0:29:15.950000,"(datetime.datetime(2026, 9, 29, 15, 42, 1, 910000),)",2a3c600d
408155071,-778570116,3075,0:29:16,"(datetime.datetime(2026, 9, 29, 15, 42, 1, 958000),)",2a3c600a
408151450,-778565830,3079,0:29:16.050000,"(datetime.datetime(2026, 9, 29, 15, 42, 2, 7000),)",2a3c600d
408155171,-778570226,3075,0:29:16.120000,"(datetime.datetime(2026, 9, 29, 15, 42, 2, 72000),)",2a3c600a
408151536,-778565926,3078,0:29:16.160000,"(datetime.datetime(2026, 9, 29, 15, 42, 2, 112000),)",2a3c600d
408155271,-778570332,3075,0:29:16.200000,"(datetime.datetime(2026, 9, 29, 15, 42, 2, 157000),)",2a3c600a
408151602,-778566046,3074,0:29:16.250000,"(datetime.datetime(2026, 9, 29, 15, 42, 2, 206000),)",2a3c600d
408155373,-778570443,3074,0:29:16.300000,"(datetime.datetime(2026, 9, 29, 15, 42, 2, 258000),)",2a3c600a
408151691,-778566141,3073,0:29:16.350000,"(datetime.datetime(2026, 9, 29, 15, 42, 2, 307000),)",2a3c600d
408155474,-778570551,3074,0:29:16.400000,"(datetime.datetime(2026, 9, 29, 15, 42, 2, 359000),)",2a3c600a
408151780,-778566241,3072,0:29:16.450000,"(datetime.datetime(2026, 9, 29, 15, 42, 2, 407000),)",2a3c600d
408155576,-778570661,3073,0:29:16.500000,"(datetime.datetime(2026, 9, 29, 15, 42, 2, 457000),)",2a3c600a
408151866,-778566336,3072,0:29:16.550000,"(datetime.datetime(2026, 9, 29, 15, 42, 2, 507000),)",2a3c600d
408155681,-778570773,3073,0:29:16.600000,"(datetime.datetime(2026, 9, 29, 15, 42, 2, 558000),)",2a3c600a
408151955,-778566433,3072,0:29:16.650000,"(datetime.datetime(2026, 9, 29, 15, 42, 2, 607000),)",2a3c600d
408155780,-778570881,3073,0:29:16.700000,"(datetime.datetime(2026, 9, 29, 15, 42, 2, 658000),)",2a3c600a
408152047,-778566530,3071,0:29:16.750000,"(datetime.datetime(2026, 9, 29, 15, 42, 2, 707000),)",2a3c600d
408155887,-778570993,3073,0:29:16.800000,"(datetime.datetime(2026, 9, 29, 15, 42, 2, 758000),)",2a3c600a
408152136,-778566632,3071,0:29:16.850000,"(datetime.datetime(2026, 9, 29, 15, 42, 2, 807000),)",2a3c600d
408155989,-778571105,3072,0:29:16.900000,"(datetime.datetime(2026, 9, 29, 15, 42, 2, 858000),)",2a3c600a
408152227,-778566728,3070,0:29:16.950000,"(datetime.datetime(2026, 9, 29, 15, 42, 2, 907000),)",2a3c600d
408156092,-778571214,3072,0:29:17,"(datetime.datetime(2026, 9, 29, 15, 42, 2, 958000),)",2a3c600a
408152317,-778566829,3070,0:29:17.050000,"(datetime.datetime(2026, 9, 29, 15, 42, 3, 7000),)",2a3c600d
408156198,-778571325,3072,0:29:17.100000,"(datetime.datetime(2026, 9, 29, 15, 42, 3, 58000),)",2a3c600a
408152406,-778566929,3069,0:29:17.150000,"(datetime.datetime(2026, 9, 29, 15, 42, 3, 107000),)",2a3c600d
408156299,-778571436,3070,0:29:17.210000,"(datetime.datetime(2026, 9, 29, 15, 42, 3, 161000),)",2a3c600a
408152508,-778567040,3067,0:29:17.260000,"(datetime.datetime(2026, 9, 29, 15, 42, 3, 213000),)",2a3c600d
408156410,-778571553,3069,0:29:17.310000,"(datetime.datetime(2026, 9, 29, 15, 42, 3, 262000),)",2a3c600a
408152601,-778567144,3067,0:29:17.350000,"(datetime.datetime(2026, 9, 29, 15, 42, 3, 307000),)",2a3c600d
408156514,-778571660,3069,0:29:17.400000,"(datetime.datetime(2026, 9, 29, 15, 42, 3, 358000),)",2a3c600a
408152693,-778567246,3066,0:29:17.450000,"(datetime.datetime(2026, 9, 29, 15, 42, 3, 407000),)",2a3c600d
408156616,-778571770,3068,0:29:17.500000,"(datetime.datetime(2026, 9, 29, 15, 42, 3, 460000),)",2a3c600a
408152786,-778567350,3066,0:29:17.550000,"(datetime.datetime(2026, 9, 29, 15, 42, 3, 507000),)",2a3c600d
408156726,-778571885,3068,0:29:17.610000,"(datetime.datetime(2026, 9, 29, 15, 42, 3, 561000),)",2a3c600a
408152879,-778567452,3065,0:29:17.660000,"(datetime.datetime(2026, 9, 29, 15, 42, 3, 611000),)",2a3c600d
408156830,-778571996,3068,0:29:17.700000,"(datetime.datetime(2026, 9, 29, 15, 42, 3, 659000),)",2a3c600a
408152972,-778567555,3065,0:29:17.750000,"(datetime.datetime(2026, 9, 29, 15, 42, 3, 707000),)",2a3c600d
408156940,-778572109,3067,0:29:17.800000,"(datetime.datetime(2026, 9, 29, 15, 42, 3, 754000),)",2a3c600a
408153067,-778567660,3065,0:29:17.850000,"(datetime.datetime(2026, 9, 29, 15, 42, 3, 807000),)",2a3c600d
408157048,-778572219,3067,0:29:17.900000,"(datetime.datetime(2026, 9, 29, 15, 42, 3, 854000),)",2a3c600a
408153160,-778567763,3064,0:29:17.950000,"(datetime.datetime(2026, 9, 29, 15, 42, 3, 907000),)",2a3c600d
408157155,-778572331,3066,0:29:18,"(datetime.datetime(2026, 9, 29, 15, 42, 3, 953000),)",2a3c600a
408153255,-778567868,3063,0:29:18.050000,"(datetime.datetime(2026, 9, 29, 15, 42, 4, 6000),)",2a3c600d
408157265,-778572440,3066,0:29:18.100000,"(datetime.datetime(2026, 9, 29, 15, 42, 4, 58000),)",2a3c600a
408153350,-778567971,3063,0:29:18.150000,"(datetime.datetime(2026, 9, 29, 15, 42, 4, 108000),)",2a3c600d
408157370,-778572544,3065,0:29:18.200000,"(datetime.datetime(2026, 9, 29, 15, 42, 4, 159000),)",2a3c600a
408153453,-778568073,3062,0:29:18.250000,"(datetime.datetime(2026, 9, 29, 15, 42, 4, 210000),)",2a3c600d
408157479,-778572653,3065,0:29:18.300000,"(datetime.datetime(2026, 9, 29, 15, 42, 4, 256000),)",2a3c600a
408153549,-778568182,3061,0:29:18.350000,"(datetime.datetime(2026, 9, 29, 15, 42, 4, 307000),)",2a3c600d
408157591,-778572766,3064,0:29:18.400000,"(datetime.datetime(2026, 9, 29, 15, 42, 4, 355000),)",2a3c600a
408153648,-778568288,3060,0:29:18.450000,"(datetime.datetime(2026, 9, 29, 15, 42, 4, 408000),)",2a3c600d
408157701,-778572878,3064,0:29:18.500000,"(datetime.datetime(2026, 9, 29, 15, 42, 4, 453000),)",2a3c600a
408153747,-778568398,3060,0:29:18.550000,"(datetime.datetime(2026, 9, 29, 15, 42, 4, 507000),)",2a3c600d
408157812,-778572991,3064,0:29:18.600000,"(datetime.datetime(2026, 9, 29, 15, 42, 4, 554000),)",2a3c600a
408153847,-778568505,3059,0:29:18.650000,"(datetime.datetime(2026, 9, 29, 15, 42, 4, 610000),)",2a3c600d
408157925,-778573101,3063,0:29:18.700000,"(datetime.datetime(2026, 9, 29, 15, 42, 4, 654000),)",2a3c600a
408153946,-778568615,3059,0:29:18.750000,"(datetime.datetime(2026, 9, 29, 15, 42, 4, 707000),)",2a3c600d
408158036,-778573210,3063,0:29:18.800000,"(datetime.datetime(2026, 9, 29, 15, 42, 4, 755000),)",2a3c600a
408154050,-778568722,3059,0:29:18.850000,"(datetime.datetime(2026, 9, 29, 15, 42, 4, 808000),)",2a3c600d
408158148,-778573319,3063,0:29:18.900000,"(datetime.datetime(2026, 9, 29, 15, 42, 4, 855000),)",2a3c600a
408154151,-778568836,3058,0:29:18.950000,"(datetime.datetime(2026, 9, 29, 15, 42, 4, 907000),)",2a3c600d
408158261,-778573427,3063,0:29:19,"(datetime.datetime(2026, 9, 29, 15, 42, 4, 955000),)",2a3c600a
408154254,-778568946,3058,0:29:19.050000,"(datetime.datetime(2026, 9, 29, 15, 42, 5, 6000),)",2a3c600d
408158376,-778573536,3062,0:29:19.100000,"(datetime.datetime(2026, 9, 29, 15, 42, 5, 54000),)",2a3c600a
408154358,-778569053,3057,0:29:19.150000,"(datetime.datetime(2026, 9, 29, 15, 42, 5, 107000),)",2a3c600d
408158486,-778573644,3063,0:29:19.200000,"(datetime.datetime(2026, 9, 29, 15, 42, 5, 155000),)",2a3c600a
408154468,-778569166,3057,0:29:19.250000,"(datetime.datetime(2026, 9, 29, 15, 42, 5, 208000),)",2a3c600d
408158605,-778573751,3062,0:29:19.300000,"(datetime.datetime(2026, 9, 29, 15, 42, 5, 257000),)",2a3c600a
408154575,-778569275,3056,0:29:19.350000,"(datetime.datetime(2026, 9, 29, 15, 42, 5, 308000),)",2a3c600d
408158721,-778573854,3062,0:29:19.400000,"(datetime.datetime(2026, 9, 29, 15, 42, 5, 355000),)",2a3c600a
408154680,-778569387,3056,0:29:19.460000,"(datetime.datetime(2026, 9, 29, 15, 42, 5, 412000),)",2a3c600d
408158837,-778573956,3061,0:29:19.500000,"(datetime.datetime(2026, 9, 29, 15, 42, 5, 455000),)",2a3c600a
408154786,-778569499,3056,0:29:19.550000,"(datetime.datetime(2026, 9, 29, 15, 42, 5, 508000),)",2a3c600d
408154890,-778569612,3055,0:29:19.580000,"(datetime.datetime(2026, 9, 29, 15, 42, 5, 532000),)",2a3c600d
408158955,-778574056,3061,0:29:19.600000,"(datetime.datetime(2026, 9, 29, 15, 42, 5, 556000),)",2a3c600a
408154997,-778569726,3055,0:29:19.680000,"(datetime.datetime(2026, 9, 29, 15, 42, 5, 632000),)",2a3c600d
408159072,-778574155,3060,0:29:19.700000,"(datetime.datetime(2026, 9, 29, 15, 42, 5, 659000),)",2a3c600a
408155102,-778569842,3054,0:29:19.780000,"(datetime.datetime(2026, 9, 29, 15, 42, 5, 733000),)",2a3c600d
408159193,-778574252,3060,0:29:19.800000,"(datetime.datetime(2026, 9, 29, 15, 42, 5, 754000),)",2a3c600a
408155206,-778569957,3054,0:29:19.880000,"(datetime.datetime(2026, 9, 29, 15, 42, 5, 834000),)",2a3c600d
408159312,-778574348,3060,0:29:19.900000,"(datetime.datetime(2026, 9, 29, 15, 42, 5, 855000),)",2a3c600a
408155319,-778570068,3054,0:29:19.980000,"(datetime.datetime(2026, 9, 29, 15, 42, 5, 932000),)",2a3c600d
408159435,-778574444,3060,0:29:20,"(datetime.datetime(2026, 9, 29, 15, 42, 5, 954000),)",2a3c600a
408155425,-778570189,3054,0:29:20.090000,"(datetime.datetime(2026, 9, 29, 15, 42, 6, 42000),)",2a3c600d
408159555,-778574537,3059,0:29:20.100000,"(datetime.datetime(2026, 9, 29, 15, 42, 6, 53000),)",2a3c600a
408155539,-778570291,3054,0:29:20.180000,"(datetime.datetime(2026, 9, 29, 15, 42, 6, 132000),)",2a3c600d
408159676,-778574636,3060,0:29:20.200000,"(datetime.datetime(2026, 9, 29, 15, 42, 6, 155000),)",2a3c600a
408155539,-778570291,3054,0:29:20.280000,"(datetime.datetime(2026, 9, 29, 15, 42, 6, 232000),)",2a3c600d
408159804,-778574724,3059,0:29:20.300000,"(datetime.datetime(2026, 9, 29, 15, 42, 6, 253000),)",2a3c600a
408155649,-778570410,3053,0:29:20.380000,"(datetime.datetime(2026, 9, 29, 15, 42, 6, 332000),)",2a3c600d
408159928,-778574809,3058,0:29:20.410000,"(datetime.datetime(2026, 9, 29, 15, 42, 6, 362000),)",2a3c600a
408155867,-778570641,3052,0:29:20.480000,"(datetime.datetime(2026, 9, 29, 15, 42, 6, 434000),)",2a3c600d
408160052,-778574894,3058,0:29:20.500000,"(datetime.datetime(2026, 9, 29, 15, 42, 6, 456000),)",2a3c600a
408155974,-778570754,3052,0:29:20.580000,"(datetime.datetime(2026, 9, 29, 15, 42, 6, 533000),)",2a3c600d
408160178,-778574980,3058,0:29:20.600000,"(datetime.datetime(2026, 9, 29, 15, 42, 6, 553000),)",2a3c600a
408156083,-778570876,3051,0:29:20.680000,"(datetime.datetime(2026, 9, 29, 15, 42, 6, 635000),)",2a3c600d
408160304,-778575061,3057,0:29:20.700000,"(datetime.datetime(2026, 9, 29, 15, 42, 6, 653000),)",2a3c600a
408156194,-778570990,3051,0:29:20.780000,"(datetime.datetime(2026, 9, 29, 15, 42, 6, 735000),)",2a3c600d
408160432,-778575141,3057,0:29:20.800000,"(datetime.datetime(2026, 9, 29, 15, 42, 6, 753000),)",2a3c600a
408156302,-778571107,3051,0:29:20.880000,"(datetime.datetime(2026, 9, 29, 15, 42, 6, 832000),)",2a3c600d
408160563,-778575223,3056,0:29:20.910000,"(datetime.datetime(2026, 9, 29, 15, 42, 6, 862000),)",2a3c600a
408156413,-778571223,3050,0:29:20.990000,"(datetime.datetime(2026, 9, 29, 15, 42, 6, 944000),)",2a3c600d
408160689,-778575300,3056,0:29:21,"(datetime.datetime(2026, 9, 29, 15, 42, 6, 956000),)",2a3c600a
408156520,-778571339,3050,0:29:21.080000,"(datetime.datetime(2026, 9, 29, 15, 42, 7, 33000),)",2a3c600d
408160820,-778575377,3055,0:29:21.100000,"(datetime.datetime(2026, 9, 29, 15, 42, 7, 54000),)",2a3c600a
408156520,-778571339,3050,0:29:21.180000,"(datetime.datetime(2026, 9, 29, 15, 42, 7, 135000),)",2a3c600d
408160955,-778575460,3055,0:29:21.200000,"(datetime.datetime(2026, 9, 29, 15, 42, 7, 154000),)",2a3c600a
408156631,-778571452,3050,0:29:21.280000,"(datetime.datetime(2026, 9, 29, 15, 42, 7, 232000),)",2a3c600d
408161090,-778575529,3054,0:29:21.300000,"(datetime.datetime(2026, 9, 29, 15, 42, 7, 254000),)",2a3c600a
408156742,-778571569,3050,0:29:21.380000,"(datetime.datetime(2026, 9, 29, 15, 42, 7, 331000),)",2a3c600d
408161220,-778575596,3054,0:29:21.400000,"(datetime.datetime(2026, 9, 29, 15, 42, 7, 353000),)",2a3c600a
408156851,-778571688,3049,0:29:21.480000,"(datetime.datetime(2026, 9, 29, 15, 42, 7, 432000),)",2a3c600d
408161352,-778575667,3054,0:29:21.510000,"(datetime.datetime(2026, 9, 29, 15, 42, 7, 462000),)",2a3c600a
408156960,-778571807,3049,0:29:21.580000,"(datetime.datetime(2026, 9, 29, 15, 42, 7, 533000),)",2a3c600d
408161486,-778575733,3053,0:29:21.600000,"(datetime.datetime(2026, 9, 29, 15, 42, 7, 556000),)",2a3c600a
408157072,-778571922,3049,0:29:21.680000,"(datetime.datetime(2026, 9, 29, 15, 42, 7, 633000),)",2a3c600d
408161617,-778575799,3053,0:29:21.700000,"(datetime.datetime(2026, 9, 29, 15, 42, 7, 657000),)",2a3c600a
408157182,-778572037,3048,0:29:21.750000,"(datetime.datetime(2026, 9, 29, 15, 42, 7, 707000),)",2a3c600d
408161751,-778575863,3053,0:29:21.800000,"(datetime.datetime(2026, 9, 29, 15, 42, 7, 754000),)",2a3c600a
408157290,-778572153,3048,0:29:21.850000,"(datetime.datetime(2026, 9, 29, 15, 42, 7, 810000),)",2a3c600d
408161884,-778575923,3053,0:29:21.900000,"(datetime.datetime(2026, 9, 29, 15, 42, 7, 854000),)",2a3c600a
408157402,-778572268,3047,0:29:21.960000,"(datetime.datetime(2026, 9, 29, 15, 42, 7, 913000),)",2a3c600d
408162018,-778575984,3052,0:29:22,"(datetime.datetime(2026, 9, 29, 15, 42, 7, 954000),)",2a3c600a
408157513,-778572381,3047,0:29:22.050000,"(datetime.datetime(2026, 9, 29, 15, 42, 8, 6000),)",2a3c600d
408162154,-778576047,3053,0:29:22.100000,"(datetime.datetime(2026, 9, 29, 15, 42, 8, 54000),)",2a3c600a
408157625,-778572492,3047,0:29:22.150000,"(datetime.datetime(2026, 9, 29, 15, 42, 8, 107000),)",2a3c600d
408162290,-778576107,3052,0:29:22.200000,"(datetime.datetime(2026, 9, 29, 15, 42, 8, 156000),)",2a3c600a
408157737,-778572606,3048,0:29:22.250000,"(datetime.datetime(2026, 9, 29, 15, 42, 8, 207000),)",2a3c600d
408162428,-778576161,3052,0:29:22.300000,"(datetime.datetime(2026, 9, 29, 15, 42, 8, 254000),)",2a3c600a
408157850,-778572719,3047,0:29:22.350000,"(datetime.datetime(2026, 9, 29, 15, 42, 8, 307000),)",2a3c600d
408162564,-778576217,3052,0:29:22.400000,"(datetime.datetime(2026, 9, 29, 15, 42, 8, 356000),)",2a3c600a
408157962,-778572829,3047,0:29:22.460000,"(datetime.datetime(2026, 9, 29, 15, 42, 8, 413000),)",2a3c600d
408162701,-778576272,3052,0:29:22.510000,"(datetime.datetime(2026, 9, 29, 15, 42, 8, 470000),)",2a3c600a
408158076,-778572938,3047,0:29:22.550000,"(datetime.datetime(2026, 9, 29, 15, 42, 8, 507000),)",2a3c600d
408162835,-778576330,3052,0:29:22.600000,"(datetime.datetime(2026, 9, 29, 15, 42, 8, 555000),)",2a3c600a
408158190,-778573048,3047,0:29:22.660000,"(datetime.datetime(2026, 9, 29, 15, 42, 8, 613000),)",2a3c600d
408162972,-778576382,3052,0:29:22.700000,"(datetime.datetime(2026, 9, 29, 15, 42, 8, 655000),)",2a3c600a
408163112,-778576444,3051,0:29:22.800000,"(datetime.datetime(2026, 9, 29, 15, 42, 8, 755000),)",2a3c600a
408158301,-778573158,3046,0:29:22.850000,"(datetime.datetime(2026, 9, 29, 15, 42, 8, 810000),)",2a3c600d
408158415,-778573267,3045,0:29:22.870000,"(datetime.datetime(2026, 9, 29, 15, 42, 8, 822000),)",2a3c600d
408163247,-778576494,3051,0:29:22.900000,"(datetime.datetime(2026, 9, 29, 15, 42, 8, 854000),)",2a3c600a
408158529,-778573377,3045,0:29:22.950000,"(datetime.datetime(2026, 9, 29, 15, 42, 8, 906000),)",2a3c600d
408163386,-778576548,3051,0:29:23,"(datetime.datetime(2026, 9, 29, 15, 42, 8, 956000),)",2a3c600a
408158644,-778573478,3044,0:29:23.050000,"(datetime.datetime(2026, 9, 29, 15, 42, 9, 7000),)",2a3c600d
408163522,-778576603,3051,0:29:23.100000,"(datetime.datetime(2026, 9, 29, 15, 42, 9, 53000),)",2a3c600a
408158762,-778573578,3044,0:29:23.170000,"(datetime.datetime(2026, 9, 29, 15, 42, 9, 122000),)",2a3c600d
408163655,-778576655,3049,0:29:23.200000,"(datetime.datetime(2026, 9, 29, 15, 42, 9, 155000),)",2a3c600a
408158879,-778573685,3044,0:29:23.260000,"(datetime.datetime(2026, 9, 29, 15, 42, 9, 216000),)",2a3c600d
408163794,-778576703,3049,0:29:23.300000,"(datetime.datetime(2026, 9, 29, 15, 42, 9, 256000),)",2a3c600a
408158997,-778573784,3043,0:29:23.350000,"(datetime.datetime(2026, 9, 29, 15, 42, 9, 307000),)",2a3c600d
408163931,-778576755,3048,0:29:23.410000,"(datetime.datetime(2026, 9, 29, 15, 42, 9, 366000),)",2a3c600a
408159115,-778573879,3043,0:29:23.450000,"(datetime.datetime(2026, 9, 29, 15, 42, 9, 406000),)",2a3c600d
408164069,-778576809,3048,0:29:23.500000,"(datetime.datetime(2026, 9, 29, 15, 42, 9, 454000),)",2a3c600a
408159234,-778573975,3043,0:29:23.560000,"(datetime.datetime(2026, 9, 29, 15, 42, 9, 512000),)",2a3c600d
408164208,-778576860,3048,0:29:23.600000,"(datetime.datetime(2026, 9, 29, 15, 42, 9, 555000),)",2a3c600a
408159351,-778574072,3042,0:29:23.670000,"(datetime.datetime(2026, 9, 29, 15, 42, 9, 625000),)",2a3c600d
408164348,-778576911,3048,0:29:23.700000,"(datetime.datetime(2026, 9, 29, 15, 42, 9, 653000),)",2a3c600a
408164488,-778576965,3048,0:29:23.800000,"(datetime.datetime(2026, 9, 29, 15, 42, 9, 755000),)",2a3c600a
408159594,-778574257,3042,0:29:23.870000,"(datetime.datetime(2026, 9, 29, 15, 42, 9, 821000),)",2a3c600d
408159713,-778574348,3042,0:29:23.880000,"(datetime.datetime(2026, 9, 29, 15, 42, 9, 833000),)",2a3c600d
408164624,-778577011,3047,0:29:23.900000,"(datetime.datetime(2026, 9, 29, 15, 42, 9, 856000),)",2a3c600a
408164764,-778577065,3047,0:29:24,"(datetime.datetime(2026, 9, 29, 15, 42, 9, 958000),)",2a3c600a
408159838,-778574432,3041,0:29:24.050000,"(datetime.datetime(2026, 9, 29, 15, 42, 10, 7000),)",2a3c600d
408164903,-778577119,3047,0:29:24.100000,"(datetime.datetime(2026, 9, 29, 15, 42, 10, 54000),)",2a3c600a
408159960,-778574518,3041,0:29:24.150000,"(datetime.datetime(2026, 9, 29, 15, 42, 10, 106000),)",2a3c600d
408165043,-778577172,3047,0:29:24.200000,"(datetime.datetime(2026, 9, 29, 15, 42, 10, 154000),)",2a3c600a
408159960,-778574518,3041,0:29:24.250000,"(datetime.datetime(2026, 9, 29, 15, 42, 10, 207000),)",2a3c600d
408160088,-778574614,3041,0:29:24.260000,"(datetime.datetime(2026, 9, 29, 15, 42, 10, 217000),)",2a3c600d
408165182,-778577226,3046,0:29:24.300000,"(datetime.datetime(2026, 9, 29, 15, 42, 10, 254000),)",2a3c600a
408165321,-778577281,3046,0:29:24.400000,"(datetime.datetime(2026, 9, 29, 15, 42, 10, 354000),)",2a3c600a
408160212,-778574686,3040,0:29:24.450000,"(datetime.datetime(2026, 9, 29, 15, 42, 10, 407000),)",2a3c600d
408165462,-778577340,3045,0:29:24.500000,"(datetime.datetime(2026, 9, 29, 15, 42, 10, 453000),)",2a3c600a
408160461,-778574850,3040,0:29:24.550000,"(datetime.datetime(2026, 9, 29, 15, 42, 10, 507000),)",2a3c600d
408165601,-778577397,3045,0:29:24.600000,"(datetime.datetime(2026, 9, 29, 15, 42, 10, 554000),)",2a3c600a
408160587,-778574928,3039,0:29:24.650000,"(datetime.datetime(2026, 9, 29, 15, 42, 10, 606000),)",2a3c600d
408165739,-778577458,3044,0:29:24.700000,"(datetime.datetime(2026, 9, 29, 15, 42, 10, 655000),)",2a3c600a
408160709,-778575007,3039,0:29:24.750000,"(datetime.datetime(2026, 9, 29, 15, 42, 10, 706000),)",2a3c600d
408165877,-778577519,3043,0:29:24.800000,"(datetime.datetime(2026, 9, 29, 15, 42, 10, 754000),)",2a3c600a
408160709,-778575007,3039,0:29:24.850000,"(datetime.datetime(2026, 9, 29, 15, 42, 10, 807000),)",2a3c600d
408166016,-778577582,3043,0:29:24.900000,"(datetime.datetime(2026, 9, 29, 15, 42, 10, 853000),)",2a3c600a
408160834,-778575082,3038,0:29:24.950000,"(datetime.datetime(2026, 9, 29, 15, 42, 10, 907000),)",2a3c600d
408160963,-778575155,3038,0:29:24.960000,"(datetime.datetime(2026, 9, 29, 15, 42, 10, 915000),)",2a3c600d
408166154,-778577645,3043,0:29:25,"(datetime.datetime(2026, 9, 29, 15, 42, 10, 953000),)",2a3c600a
408161090,-778575230,3037,0:29:25.050000,"(datetime.datetime(2026, 9, 29, 15, 42, 11, 7000),)",2a3c600d
408166292,-778577707,3042,0:29:25.090000,"(datetime.datetime(2026, 9, 29, 15, 42, 11, 46000),)",2a3c600a
408161216,-778575301,3037,0:29:25.150000,"(datetime.datetime(2026, 9, 29, 15, 42, 11, 108000),)",2a3c600d
408166433,-778577772,3042,0:29:25.190000,"(datetime.datetime(2026, 9, 29, 15, 42, 11, 147000),)",2a3c600a
408161343,-778575372,3036,0:29:25.250000,"(datetime.datetime(2026, 9, 29, 15, 42, 11, 207000),)",2a3c600d
408166576,-778577841,3041,0:29:25.290000,"(datetime.datetime(2026, 9, 29, 15, 42, 11, 246000),)",2a3c600a
408161470,-778575435,3036,0:29:25.350000,"(datetime.datetime(2026, 9, 29, 15, 42, 11, 307000),)",2a3c600d
408166718,-778577908,3040,0:29:25.390000,"(datetime.datetime(2026, 9, 29, 15, 42, 11, 346000),)",2a3c600a
408161599,-778575503,3035,0:29:25.450000,"(datetime.datetime(2026, 9, 29, 15, 42, 11, 407000),)",2a3c600d
408166857,-778577978,3039,0:29:25.490000,"(datetime.datetime(2026, 9, 29, 15, 42, 11, 448000),)",2a3c600a
408161724,-778575564,3035,0:29:25.550000,"(datetime.datetime(2026, 9, 29, 15, 42, 11, 507000),)",2a3c600d
408166996,-778578046,3039,0:29:25.590000,"(datetime.datetime(2026, 9, 29, 15, 42, 11, 549000),)",2a3c600a
408161851,-778575626,3035,0:29:25.650000,"(datetime.datetime(2026, 9, 29, 15, 42, 11, 606000),)",2a3c600d
408167132,-778578116,3037,0:29:25.690000,"(datetime.datetime(2026, 9, 29, 15, 42, 11, 646000),)",2a3c600a
408161978,-778575687,3034,0:29:25.750000,"(datetime.datetime(2026, 9, 29, 15, 42, 11, 706000),)",2a3c600d
408167271,-778578189,3037,0:29:25.790000,"(datetime.datetime(2026, 9, 29, 15, 42, 11, 746000),)",2a3c600a
408162107,-778575754,3034,0:29:25.860000,"(datetime.datetime(2026, 9, 29, 15, 42, 11, 811000),)",2a3c600d
408167410,-778578262,3036,0:29:25.890000,"(datetime.datetime(2026, 9, 29, 15, 42, 11, 846000),)",2a3c600a
408162239,-778575810,3034,0:29:25.950000,"(datetime.datetime(2026, 9, 29, 15, 42, 11, 907000),)",2a3c600d
408167548,-778578336,3035,0:29:25.990000,"(datetime.datetime(2026, 9, 29, 15, 42, 11, 946000),)",2a3c600a
408162366,-778575863,3034,0:29:26.050000,"(datetime.datetime(2026, 9, 29, 15, 42, 12, 6000),)",2a3c600d
408167687,-778578412,3034,0:29:26.090000,"(datetime.datetime(2026, 9, 29, 15, 42, 12, 45000),)",2a3c600a
408162496,-778575922,3034,0:29:26.150000,"(datetime.datetime(2026, 9, 29, 15, 42, 12, 109000),)",2a3c600d
408167823,-778578488,3033,0:29:26.190000,"(datetime.datetime(2026, 9, 29, 15, 42, 12, 147000),)",2a3c600a
408162633,-778575982,3033,0:29:26.250000,"(datetime.datetime(2026, 9, 29, 15, 42, 12, 206000),)",2a3c600d
408167963,-778578568,3031,0:29:26.300000,"(datetime.datetime(2026, 9, 29, 15, 42, 12, 252000),)",2a3c600a
408162760,-778576033,3032,0:29:26.350000,"(datetime.datetime(2026, 9, 29, 15, 42, 12, 308000),)",2a3c600d
408167963,-778578568,3031,0:29:26.430000,"(datetime.datetime(2026, 9, 29, 15, 42, 12, 387000),)",2a3c600a
408162890,-778576090,3032,0:29:26.450000,"(datetime.datetime(2026, 9, 29, 15, 42, 12, 408000),)",2a3c600d
408168238,-778578724,3030,0:29:26.490000,"(datetime.datetime(2026, 9, 29, 15, 42, 12, 446000),)",2a3c600a
408163020,-778576139,3033,0:29:26.550000,"(datetime.datetime(2026, 9, 29, 15, 42, 12, 505000),)",2a3c600d
408168380,-778578803,3029,0:29:26.590000,"(datetime.datetime(2026, 9, 29, 15, 42, 12, 545000),)",2a3c600a
408163154,-778576188,3032,0:29:26.650000,"(datetime.datetime(2026, 9, 29, 15, 42, 12, 606000),)",2a3c600d
408168518,-778578884,3028,0:29:26.690000,"(datetime.datetime(2026, 9, 29, 15, 42, 12, 647000),)",2a3c600a
408163283,-778576237,3032,0:29:26.750000,"(datetime.datetime(2026, 9, 29, 15, 42, 12, 705000),)",2a3c600d
408168657,-778578965,3028,0:29:26.790000,"(datetime.datetime(2026, 9, 29, 15, 42, 12, 746000),)",2a3c600a
408163415,-778576285,3032,0:29:26.860000,"(datetime.datetime(2026, 9, 29, 15, 42, 12, 811000),)",2a3c600d
408168795,-778579047,3027,0:29:26.890000,"(datetime.datetime(2026, 9, 29, 15, 42, 12, 848000),)",2a3c600a
408163548,-778576332,3032,0:29:26.950000,"(datetime.datetime(2026, 9, 29, 15, 42, 12, 907000),)",2a3c600d
408168934,-778579133,3026,0:29:26.990000,"(datetime.datetime(2026, 9, 29, 15, 42, 12, 946000),)",2a3c600a
408163677,-778576385,3031,0:29:27.050000,"(datetime.datetime(2026, 9, 29, 15, 42, 13, 6000),)",2a3c600d
408169070,-778579221,3025,0:29:27.090000,"(datetime.datetime(2026, 9, 29, 15, 42, 13, 46000),)",2a3c600a
408163811,-778576435,3031,0:29:27.150000,"(datetime.datetime(2026, 9, 29, 15, 42, 13, 107000),)",2a3c600d
408169210,-778579296,3024,0:29:27.200000,"(datetime.datetime(2026, 9, 29, 15, 42, 13, 152000),)",2a3c600a
408163941,-778576487,3030,0:29:27.250000,"(datetime.datetime(2026, 9, 29, 15, 42, 13, 206000),)",2a3c600d
408169348,-778579389,3024,0:29:27.290000,"(datetime.datetime(2026, 9, 29, 15, 42, 13, 248000),)",2a3c600a
408164073,-778576532,3031,0:29:27.350000,"(datetime.datetime(2026, 9, 29, 15, 42, 13, 307000),)",2a3c600d
408169485,-778579477,3023,0:29:27.430000,"(datetime.datetime(2026, 9, 29, 15, 42, 13, 388000),)",2a3c600a
408164206,-778576581,3030,0:29:27.450000,"(datetime.datetime(2026, 9, 29, 15, 42, 13, 406000),)",2a3c600d
408169621,-778579567,3023,0:29:27.490000,"(datetime.datetime(2026, 9, 29, 15, 42, 13, 446000),)",2a3c600a
408164337,-778576630,3029,0:29:27.550000,"(datetime.datetime(2026, 9, 29, 15, 42, 13, 506000),)",2a3c600d
408169757,-778579658,3022,0:29:27.590000,"(datetime.datetime(2026, 9, 29, 15, 42, 13, 546000),)",2a3c600a
408164472,-778576682,3029,0:29:27.650000,"(datetime.datetime(2026, 9, 29, 15, 42, 13, 607000),)",2a3c600d
408169893,-778579748,3022,0:29:27.690000,"(datetime.datetime(2026, 9, 29, 15, 42, 13, 647000),)",2a3c600a
408164606,-778576733,3029,0:29:27.750000,"(datetime.datetime(2026, 9, 29, 15, 42, 13, 706000),)",2a3c600d
408170029,-778579841,3021,0:29:27.790000,"(datetime.datetime(2026, 9, 29, 15, 42, 13, 748000),)",2a3c600a
408164740,-778576785,3029,0:29:27.860000,"(datetime.datetime(2026, 9, 29, 15, 42, 13, 817000),)",2a3c600d
408170165,-778579936,3020,0:29:27.880000,"(datetime.datetime(2026, 9, 29, 15, 42, 13, 836000),)",2a3c600a
408164877,-778576840,3028,0:29:28.270000,"(datetime.datetime(2026, 9, 29, 15, 42, 14, 225000),)",2a3c600d
408170299,-778580029,3020,0:29:28.370000,"(datetime.datetime(2026, 9, 29, 15, 42, 14, 323000),)",2a3c600a
408165013,-778576890,3028,0:29:28.430000,"(datetime.datetime(2026, 9, 29, 15, 42, 14, 381000),)",2a3c600d
408170432,-778580126,3019,0:29:28.620000,"(datetime.datetime(2026, 9, 29, 15, 42, 14, 574000),)",2a3c600a
408165149,-778576947,3027,0:29:28.710000,"(datetime.datetime(2026, 9, 29, 15, 42, 14, 665000),)",2a3c600d
408170563,-778580220,3018,0:29:28.790000,"(datetime.datetime(2026, 9, 29, 15, 42, 14, 744000),)",2a3c600a
408165274,-778577002,3026,0:29:28.910000,"(datetime.datetime(2026, 9, 29, 15, 42, 14, 864000),)",2a3c600d
408170696,-778580321,3017,0:29:28.990000,"(datetime.datetime(2026, 9, 29, 15, 42, 14, 947000),)",2a3c600a
408165409,-778577059,3025,0:29:29.060000,"(datetime.datetime(2026, 9, 29, 15, 42, 15, 15000),)",2a3c600d
408170832,-778580421,3017,0:29:29.110000,"(datetime.datetime(2026, 9, 29, 15, 42, 15, 66000),)",2a3c600a
408165547,-778577113,3025,0:29:29.200000,"(datetime.datetime(2026, 9, 29, 15, 42, 15, 153000),)",2a3c600d
408170961,-778580522,3016,0:29:29.260000,"(datetime.datetime(2026, 9, 29, 15, 42, 15, 214000),)",2a3c600a
408165679,-778577167,3024,0:29:29.270000,"(datetime.datetime(2026, 9, 29, 15, 42, 15, 227000),)",2a3c600d
408171095,-778580619,3015,0:29:29.300000,"(datetime.datetime(2026, 9, 29, 15, 42, 15, 257000),)",2a3c600a
408165815,-778577229,3024,0:29:29.500000,"(datetime.datetime(2026, 9, 29, 15, 42, 15, 452000),)",2a3c600d
408171224,-778580719,3015,0:29:29.550000,"(datetime.datetime(2026, 9, 29, 15, 42, 15, 501000),)",2a3c600a
408165951,-778577286,3023,0:29:29.610000,"(datetime.datetime(2026, 9, 29, 15, 42, 15, 570000),)",2a3c600d
408171356,-778580821,3014,0:29:29.710000,"(datetime.datetime(2026, 9, 29, 15, 42, 15, 664000),)",2a3c600a
408166087,-778577338,3023,0:29:29.820000,"(datetime.datetime(2026, 9, 29, 15, 42, 15, 774000),)",2a3c600d
408171489,-778580925,3014,0:29:29.910000,"(datetime.datetime(2026, 9, 29, 15, 42, 15, 868000),)",2a3c600a
408166223,-778577402,3022,0:29:30.030000,"(datetime.datetime(2026, 9, 29, 15, 42, 15, 983000),)",2a3c600d
408171618,-778581024,3013,0:29:30.120000,"(datetime.datetime(2026, 9, 29, 15, 42, 16, 77000),)",2a3c600a
408166361,-778577465,3022,0:29:30.230000,"(datetime.datetime(2026, 9, 29, 15, 42, 16, 185000),)",2a3c600d
408171747,-778581127,3013,0:29:30.330000,"(datetime.datetime(2026, 9, 29, 15, 42, 16, 282000),)",2a3c600a
408166497,-778577529,3021,0:29:30.520000,"(datetime.datetime(2026, 9, 29, 15, 42, 16, 476000),)",2a3c600d
408171878,-778581226,3011,0:29:30.640000,"(datetime.datetime(2026, 9, 29, 15, 42, 16, 594000),)",2a3c600a
408166628,-778577582,3019,0:29:30.730000,"(datetime.datetime(2026, 9, 29, 15, 42, 16, 690000),)",2a3c600d
408172005,-778581334,3011,0:29:30.790000,"(datetime.datetime(2026, 9, 29, 15, 42, 16, 741000),)",2a3c600a
408166762,-778577651,3018,0:29:30.840000,"(datetime.datetime(2026, 9, 29, 15, 42, 16, 798000),)",2a3c600d
408172134,-778581439,3010,0:29:30.850000,"(datetime.datetime(2026, 9, 29, 15, 42, 16, 809000),)",2a3c600a
408166899,-778577715,3017,0:29:30.880000,"(datetime.datetime(2026, 9, 29, 15, 42, 16, 832000),)",2a3c600d
408172261,-778581546,3010,0:29:30.890000,"(datetime.datetime(2026, 9, 29, 15, 42, 16, 841000),)",2a3c600a
408167036,-778577785,3017,0:29:30.890000,"(datetime.datetime(2026, 9, 29, 15, 42, 16, 847000),)",2a3c600d
408172389,-778581654,3009,0:29:30.900000,"(datetime.datetime(2026, 9, 29, 15, 42, 16, 852000),)",2a3c600a
408167172,-778577856,3015,0:29:30.900000,"(datetime.datetime(2026, 9, 29, 15, 42, 16, 857000),)",2a3c600d
408172514,-778581761,3009,0:29:30.930000,"(datetime.datetime(2026, 9, 29, 15, 42, 16, 885000),)",2a3c600a
408167307,-778577923,3015,0:29:30.940000,"(datetime.datetime(2026, 9, 29, 15, 42, 16, 893000),)",2a3c600d
408172643,-778581869,3009,0:29:30.940000,"(datetime.datetime(2026, 9, 29, 15, 42, 16, 900000),)",2a3c600a
408167442,-778577993,3014,0:29:30.950000,"(datetime.datetime(2026, 9, 29, 15, 42, 16, 905000),)",2a3c600d
408172769,-778581979,3008,0:29:30.960000,"(datetime.datetime(2026, 9, 29, 15, 42, 16, 911000),)",2a3c600a
408167578,-778578064,3013,0:29:30.990000,"(datetime.datetime(2026, 9, 29, 15, 42, 16, 942000),)",2a3c600d
408172895,-778582090,3008,0:29:30.990000,"(datetime.datetime(2026, 9, 29, 15, 42, 16, 948000),)",2a3c600a
408167716,-778578142,3012,0:29:31,"(datetime.datetime(2026, 9, 29, 15, 42, 16, 957000),)",2a3c600d
408173015,-778582200,3007,0:29:31.010000,"(datetime.datetime(2026, 9, 29, 15, 42, 16, 964000),)",2a3c600a
408167852,-778578215,3011,0:29:31.010000,"(datetime.datetime(2026, 9, 29, 15, 42, 16, 969000),)",2a3c600d
408173148,-778582309,3007,0:29:31.040000,"(datetime.datetime(2026, 9, 29, 15, 42, 16, 992000),)",2a3c600a
408167982,-778578282,3010,0:29:31.040000,"(datetime.datetime(2026, 9, 29, 15, 42, 16, 997000),)",2a3c600d
408173272,-778582420,3007,0:29:31.050000,"(datetime.datetime(2026, 9, 29, 15, 42, 17, 2000),)",2a3c600a
408168118,-778578360,3009,0:29:31.050000,"(datetime.datetime(2026, 9, 29, 15, 42, 17, 7000),)",2a3c600d
408173395,-778582530,3007,0:29:31.060000,"(datetime.datetime(2026, 9, 29, 15, 42, 17, 11000),)",2a3c600a
408168254,-778578443,3008,0:29:31.060000,"(datetime.datetime(2026, 9, 29, 15, 42, 17, 16000),)",2a3c600d
408173517,-778582641,3007,0:29:31.070000,"(datetime.datetime(2026, 9, 29, 15, 42, 17, 24000),)",2a3c600a
408168388,-778578522,3007,0:29:31.090000,"(datetime.datetime(2026, 9, 29, 15, 42, 17, 49000),)",2a3c600d
408173638,-778582756,3006,0:29:31.100000,"(datetime.datetime(2026, 9, 29, 15, 42, 17, 54000),)",2a3c600a
408168523,-778578606,3007,0:29:31.100000,"(datetime.datetime(2026, 9, 29, 15, 42, 17, 60000),)",2a3c600d
408173762,-778582868,3006,0:29:31.110000,"(datetime.datetime(2026, 9, 29, 15, 42, 17, 66000),)",2a3c600a
408168660,-778578687,3006,0:29:31.120000,"(datetime.datetime(2026, 9, 29, 15, 42, 17, 71000),)",2a3c600d
408173880,-778582984,3005,0:29:31.120000,"(datetime.datetime(2026, 9, 29, 15, 42, 17, 77000),)",2a3c600a
408168793,-778578769,3005,0:29:31.150000,"(datetime.datetime(2026, 9, 29, 15, 42, 17, 102000),)",2a3c600d
408174001,-778583098,3005,0:29:31.150000,"(datetime.datetime(2026, 9, 29, 15, 42, 17, 106000),)",2a3c600a
408168927,-778578853,3004,0:29:31.160000,"(datetime.datetime(2026, 9, 29, 15, 42, 17, 111000),)",2a3c600d
408174121,-778583213,3005,0:29:31.160000,"(datetime.datetime(2026, 9, 29, 15, 42, 17, 115000),)",2a3c600a
408169063,-778578940,3003,0:29:31.160000,"(datetime.datetime(2026, 9, 29, 15, 42, 17, 120000),)",2a3c600d
408174239,-778583331,3005,0:29:31.170000,"(datetime.datetime(2026, 9, 29, 15, 42, 17, 125000),)",2a3c600a
408169197,-778579025,3003,0:29:31.170000,"(datetime.datetime(2026, 9, 29, 15, 42, 17, 129000),)",2a3c600d
408174365,-778583444,3005,0:29:31.200000,"(datetime.datetime(2026, 9, 29, 15, 42, 17, 157000),)",2a3c600a
408169329,-778579105,3002,0:29:31.230000,"(datetime.datetime(2026, 9, 29, 15, 42, 17, 187000),)",2a3c600d
408174365,-778583444,3005,0:29:31.280000,"(datetime.datetime(2026, 9, 29, 15, 42, 17, 236000),)",2a3c600a
408169461,-778579201,3001,0:29:31.330000,"(datetime.datetime(2026, 9, 29, 15, 42, 17, 287000),)",2a3c600d
408174477,-778583566,3005,0:29:31.390000,"(datetime.datetime(2026, 9, 29, 15, 42, 17, 345000),)",2a3c600a
408169596,-778579290,3000,0:29:31.430000,"(datetime.datetime(2026, 9, 29, 15, 42, 17, 387000),)",2a3c600d
408174597,-778583682,3004,0:29:31.480000,"(datetime.datetime(2026, 9, 29, 15, 42, 17, 436000),)",2a3c600a
408169732,-778579377,3000,0:29:31.540000,"(datetime.datetime(2026, 9, 29, 15, 42, 17, 496000),)",2a3c600d
408174830,-778583917,3004,0:29:31.580000,"(datetime.datetime(2026, 9, 29, 15, 42, 17, 537000),)",2a3c600a
408169865,-778579466,2999,0:29:31.640000,"(datetime.datetime(2026, 9, 29, 15, 42, 17, 592000),)",2a3c600d
408174945,-778584037,3003,0:29:31.680000,"(datetime.datetime(2026, 9, 29, 15, 42, 17, 639000),)",2a3c600a
408169998,-778579557,2998,0:29:31.730000,"(datetime.datetime(2026, 9, 29, 15, 42, 17, 687000),)",2a3c600d
408175063,-778584157,3003,0:29:31.790000,"(datetime.datetime(2026, 9, 29, 15, 42, 17, 743000),)",2a3c600a
408170134,-778579649,2998,0:29:31.830000,"(datetime.datetime(2026, 9, 29, 15, 42, 17, 788000),)",2a3c600d
408175177,-778584277,3002,0:29:31.880000,"(datetime.datetime(2026, 9, 29, 15, 42, 17, 837000),)",2a3c600a
408170267,-778579741,2997,0:29:31.930000,"(datetime.datetime(2026, 9, 29, 15, 42, 17, 889000),)",2a3c600d
408175291,-778584398,3002,0:29:31.980000,"(datetime.datetime(2026, 9, 29, 15, 42, 17, 938000),)",2a3c600a
408170399,-778579834,2997,0:29:32.030000,"(datetime.datetime(2026, 9, 29, 15, 42, 17, 986000),)",2a3c600d
408175403,-778584521,3002,0:29:32.080000,"(datetime.datetime(2026, 9, 29, 15, 42, 18, 37000),)",2a3c600a
408170531,-778579929,2996,0:29:32.130000,"(datetime.datetime(2026, 9, 29, 15, 42, 18, 87000),)",2a3c600d
408175524,-778584639,3003,0:29:32.180000,"(datetime.datetime(2026, 9, 29, 15, 42, 18, 137000),)",2a3c600a
408170667,-778580015,2996,0:29:32.230000,"(datetime.datetime(2026, 9, 29, 15, 42, 18, 187000),)",2a3c600d
408175636,-778584763,3002,0:29:32.280000,"(datetime.datetime(2026, 9, 29, 15, 42, 18, 237000),)",2a3c600a
408170798,-778580114,2995,0:29:32.300000,"(datetime.datetime(2026, 9, 29, 15, 42, 18, 259000),)",2a3c600d
408175744,-778584886,3002,0:29:32.380000,"(datetime.datetime(2026, 9, 29, 15, 42, 18, 338000),)",2a3c600a
408170933,-778580209,2995,0:29:32.410000,"(datetime.datetime(2026, 9, 29, 15, 42, 18, 363000),)",2a3c600d
408175857,-778585013,3001,0:29:32.490000,"(datetime.datetime(2026, 9, 29, 15, 42, 18, 445000),)",2a3c600a
408171065,-778580306,2994,0:29:32.510000,"(datetime.datetime(2026, 9, 29, 15, 42, 18, 463000),)",2a3c600d
408175967,-778585137,3001,0:29:32.580000,"(datetime.datetime(2026, 9, 29, 15, 42, 18, 538000),)",2a3c600a
408171196,-778580406,2994,0:29:32.600000,"(datetime.datetime(2026, 9, 29, 15, 42, 18, 560000),)",2a3c600d
408176080,-778585258,3002,0:29:32.680000,"(datetime.datetime(2026, 9, 29, 15, 42, 18, 639000),)",2a3c600a
408171327,-778580505,2994,0:29:32.710000,"(datetime.datetime(2026, 9, 29, 15, 42, 18, 664000),)",2a3c600d
408176192,-778585390,3002,0:29:32.780000,"(datetime.datetime(2026, 9, 29, 15, 42, 18, 738000),)",2a3c600a
408171457,-778580601,2993,0:29:32.810000,"(datetime.datetime(2026, 9, 29, 15, 42, 18, 765000),)",2a3c600d
408176302,-778585521,3001,0:29:32.880000,"(datetime.datetime(2026, 9, 29, 15, 42, 18, 837000),)",2a3c600a
408171588,-778580703,2993,0:29:32.910000,"(datetime.datetime(2026, 9, 29, 15, 42, 18, 860000),)",2a3c600d
408176409,-778585649,3000,0:29:32.980000,"(datetime.datetime(2026, 9, 29, 15, 42, 18, 937000),)",2a3c600a
408171716,-778580804,2992,0:29:33,"(datetime.datetime(2026, 9, 29, 15, 42, 18, 960000),)",2a3c600d
408176520,-778585779,3000,0:29:33.080000,"(datetime.datetime(2026, 9, 29, 15, 42, 19, 37000),)",2a3c600a
408171847,-778580909,2992,0:29:33.120000,"(datetime.datetime(2026, 9, 29, 15, 42, 19, 77000),)",2a3c600d
408176633,-778585904,2999,0:29:33.180000,"(datetime.datetime(2026, 9, 29, 15, 42, 19, 139000),)",2a3c600a
408171979,-778581007,2991,0:29:33.200000,"(datetime.datetime(2026, 9, 29, 15, 42, 19, 160000),)",2a3c600d
408176742,-778586038,2999,0:29:33.280000,"(datetime.datetime(2026, 9, 29, 15, 42, 19, 238000),)",2a3c600a
408172107,-778581112,2991,0:29:33.300000,"(datetime.datetime(2026, 9, 29, 15, 42, 19, 260000),)",2a3c600d
408176849,-778586170,2999,0:29:33.380000,"(datetime.datetime(2026, 9, 29, 15, 42, 19, 339000),)",2a3c600a
408172233,-778581220,2991,0:29:33.410000,"(datetime.datetime(2026, 9, 29, 15, 42, 19, 361000),)",2a3c600d
408176960,-778586302,2999,0:29:33.480000,"(datetime.datetime(2026, 9, 29, 15, 42, 19, 437000),)",2a3c600a
408172363,-778581324,2990,0:29:33.500000,"(datetime.datetime(2026, 9, 29, 15, 42, 19, 460000),)",2a3c600d
408177063,-778586436,2998,0:29:33.580000,"(datetime.datetime(2026, 9, 29, 15, 42, 19, 537000),)",2a3c600a
408172489,-778581431,2990,0:29:33.600000,"(datetime.datetime(2026, 9, 29, 15, 42, 19, 559000),)",2a3c600d
408177169,-778586570,2998,0:29:33.680000,"(datetime.datetime(2026, 9, 29, 15, 42, 19, 639000),)",2a3c600a
408172619,-778581538,2989,0:29:33.700000,"(datetime.datetime(2026, 9, 29, 15, 42, 19, 659000),)",2a3c600d
408177273,-778586705,2997,0:29:33.790000,"(datetime.datetime(2026, 9, 29, 15, 42, 19, 744000),)",2a3c600a
408172744,-778581644,2989,0:29:33.810000,"(datetime.datetime(2026, 9, 29, 15, 42, 19, 760000),)",2a3c600d
408177385,-778586838,2998,0:29:33.880000,"(datetime.datetime(2026, 9, 29, 15, 42, 19, 838000),)",2a3c600a
408172869,-778581752,2989,0:29:33.900000,"(datetime.datetime(2026, 9, 29, 15, 42, 19, 860000),)",2a3c600d
408177385,-778586838,2998,0:29:33.980000,"(datetime.datetime(2026, 9, 29, 15, 42, 19, 938000),)",2a3c600a
408172996,-778581861,2988,0:29:34,"(datetime.datetime(2026, 9, 29, 15, 42, 19, 960000),)",2a3c600d
408177490,-778586974,2997,0:29:34.080000,"(datetime.datetime(2026, 9, 29, 15, 42, 20, 37000),)",2a3c600a
408173123,-778581973,2988,0:29:34.110000,"(datetime.datetime(2026, 9, 29, 15, 42, 20, 62000),)",2a3c600d
408177594,-778587109,2997,0:29:34.180000,"(datetime.datetime(2026, 9, 29, 15, 42, 20, 139000),)",2a3c600a
408173249,-778582075,2987,0:29:34.210000,"(datetime.datetime(2026, 9, 29, 15, 42, 20, 162000),)",2a3c600d
408177699,-778587243,2996,0:29:34.280000,"(datetime.datetime(2026, 9, 29, 15, 42, 20, 239000),)",2a3c600a
408173372,-778582189,2987,0:29:34.320000,"(datetime.datetime(2026, 9, 29, 15, 42, 20, 276000),)",2a3c600d
408177800,-778587383,2996,0:29:34.390000,"(datetime.datetime(2026, 9, 29, 15, 42, 20, 342000),)",2a3c600a
408173497,-778582300,2987,0:29:34.400000,"(datetime.datetime(2026, 9, 29, 15, 42, 20, 359000),)",2a3c600d
408177903,-778587523,2995,0:29:34.480000,"(datetime.datetime(2026, 9, 29, 15, 42, 20, 437000),)",2a3c600a
408173620,-778582411,2986,0:29:34.500000,"(datetime.datetime(2026, 9, 29, 15, 42, 20, 459000),)",2a3c600d
408178009,-778587664,2995,0:29:34.580000,"(datetime.datetime(2026, 9, 29, 15, 42, 20, 537000),)",2a3c600a
408173742,-778582521,2986,0:29:34.610000,"(datetime.datetime(2026, 9, 29, 15, 42, 20, 561000),)",2a3c600d
408178111,-778587804,2995,0:29:34.680000,"(datetime.datetime(2026, 9, 29, 15, 42, 20, 637000),)",2a3c600a
408173863,-778582637,2986,0:29:34.700000,"(datetime.datetime(2026, 9, 29, 15, 42, 20, 659000),)",2a3c600d
408178214,-778587940,2995,0:29:34.790000,"(datetime.datetime(2026, 9, 29, 15, 42, 20, 749000),)",2a3c600a
408173988,-778582748,2986,0:29:34.810000,"(datetime.datetime(2026, 9, 29, 15, 42, 20, 765000),)",2a3c600d
408178311,-778588074,2994,0:29:34.880000,"(datetime.datetime(2026, 9, 29, 15, 42, 20, 837000),)",2a3c600a
408174109,-778582867,2985,0:29:34.900000,"(datetime.datetime(2026, 9, 29, 15, 42, 20, 859000),)",2a3c600d
408178415,-778588221,2995,0:29:34.980000,"(datetime.datetime(2026, 9, 29, 15, 42, 20, 937000),)",2a3c600a
408174231,-778582981,2985,0:29:35,"(datetime.datetime(2026, 9, 29, 15, 42, 20, 959000),)",2a3c600d
408178520,-778588364,2995,0:29:35.080000,"(datetime.datetime(2026, 9, 29, 15, 42, 21, 37000),)",2a3c600a
408174349,-778583094,2985,0:29:35.110000,"(datetime.datetime(2026, 9, 29, 15, 42, 21, 60000),)",2a3c600d
408178620,-778588507,2994,0:29:35.180000,"(datetime.datetime(2026, 9, 29, 15, 42, 21, 138000),)",2a3c600a
408174474,-778583217,2984,0:29:35.190000,"(datetime.datetime(2026, 9, 29, 15, 42, 21, 149000),)",2a3c600d
408178719,-778588653,2993,0:29:35.280000,"(datetime.datetime(2026, 9, 29, 15, 42, 21, 237000),)",2a3c600a
408174592,-778583331,2984,0:29:35.300000,"(datetime.datetime(2026, 9, 29, 15, 42, 21, 254000),)",2a3c600d
408178820,-778588801,2993,0:29:35.380000,"(datetime.datetime(2026, 9, 29, 15, 42, 21, 338000),)",2a3c600a
408174709,-778583454,2984,0:29:35.440000,"(datetime.datetime(2026, 9, 29, 15, 42, 21, 397000),)",2a3c600d
408178924,-778588944,2993,0:29:35.480000,"(datetime.datetime(2026, 9, 29, 15, 42, 21, 437000),)",2a3c600a
408174826,-778583570,2983,0:29:35.500000,"(datetime.datetime(2026, 9, 29, 15, 42, 21, 457000),)",2a3c600d
408179021,-778589092,2992,0:29:35.580000,"(datetime.datetime(2026, 9, 29, 15, 42, 21, 538000),)",2a3c600a
408174943,-778583689,2983,0:29:35.600000,"(datetime.datetime(2026, 9, 29, 15, 42, 21, 558000),)",2a3c600d
408179122,-778589243,2992,0:29:35.680000,"(datetime.datetime(2026, 9, 29, 15, 42, 21, 638000),)",2a3c600a
408179215,-778589393,2991,0:29:35.780000,"(datetime.datetime(2026, 9, 29, 15, 42, 21, 738000),)",2a3c600a
408175060,-778583805,2983,0:29:35.800000,"(datetime.datetime(2026, 9, 29, 15, 42, 21, 753000),)",2a3c600d
408179318,-778589545,2990,0:29:35.880000,"(datetime.datetime(2026, 9, 29, 15, 42, 21, 836000),)",2a3c600a
408175177,-778583925,2983,0:29:35.900000,"(datetime.datetime(2026, 9, 29, 15, 42, 21, 851000),)",2a3c600d
408179410,-778589691,2990,0:29:35.990000,"(datetime.datetime(2026, 9, 29, 15, 42, 21, 945000),)",2a3c600a
408175293,-778584047,2982,0:29:36,"(datetime.datetime(2026, 9, 29, 15, 42, 21, 957000),)",2a3c600d
408179508,-778589841,2989,0:29:36.090000,"(datetime.datetime(2026, 9, 29, 15, 42, 22, 41000),)",2a3c600a
408175406,-778584169,2982,0:29:36.100000,"(datetime.datetime(2026, 9, 29, 15, 42, 22, 54000),)",2a3c600d
408179609,-778589992,2989,0:29:36.180000,"(datetime.datetime(2026, 9, 29, 15, 42, 22, 137000),)",2a3c600a
408175520,-778584292,2981,0:29:36.190000,"(datetime.datetime(2026, 9, 29, 15, 42, 22, 150000),)",2a3c600d
408179705,-778590144,2988,0:29:36.280000,"(datetime.datetime(2026, 9, 29, 15, 42, 22, 238000),)",2a3c600a
408175639,-778584417,2981,0:29:36.300000,"(datetime.datetime(2026, 9, 29, 15, 42, 22, 252000),)",2a3c600d
408179794,-778590310,2988,0:29:36.380000,"(datetime.datetime(2026, 9, 29, 15, 42, 22, 337000),)",2a3c600a
408175751,-778584541,2981,0:29:36.390000,"(datetime.datetime(2026, 9, 29, 15, 42, 22, 350000),)",2a3c600d
408179896,-778590452,2987,0:29:36.480000,"(datetime.datetime(2026, 9, 29, 15, 42, 22, 438000),)",2a3c600a
408175862,-778584669,2980,0:29:36.500000,"(datetime.datetime(2026, 9, 29, 15, 42, 22, 459000),)",2a3c600d
408179990,-778590609,2986,0:29:36.580000,"(datetime.datetime(2026, 9, 29, 15, 42, 22, 537000),)",2a3c600a
408175974,-778584794,2980,0:29:36.600000,"(datetime.datetime(2026, 9, 29, 15, 42, 22, 555000),)",2a3c600d
408180089,-778590757,2985,0:29:36.680000,"(datetime.datetime(2026, 9, 29, 15, 42, 22, 637000),)",2a3c600a
408176084,-778584922,2979,0:29:36.700000,"(datetime.datetime(2026, 9, 29, 15, 42, 22, 658000),)",2a3c600d
408180181,-778590916,2984,0:29:36.780000,"(datetime.datetime(2026, 9, 29, 15, 42, 22, 737000),)",2a3c600a
408176194,-778585047,2979,0:29:36.790000,"(datetime.datetime(2026, 9, 29, 15, 42, 22, 749000),)",2a3c600d
408180274,-778591069,2983,0:29:36.880000,"(datetime.datetime(2026, 9, 29, 15, 42, 22, 837000),)",2a3c600a
408176304,-778585176,2979,0:29:36.890000,"(datetime.datetime(2026, 9, 29, 15, 42, 22, 849000),)",2a3c600d
408180368,-778591227,2983,0:29:36.980000,"(datetime.datetime(2026, 9, 29, 15, 42, 22, 938000),)",2a3c600a
408176412,-778585304,2978,0:29:37,"(datetime.datetime(2026, 9, 29, 15, 42, 22, 951000),)",2a3c600d
408180459,-778591396,2983,0:29:37.080000,"(datetime.datetime(2026, 9, 29, 15, 42, 23, 37000),)",2a3c600a
408176523,-778585434,2978,0:29:37.090000,"(datetime.datetime(2026, 9, 29, 15, 42, 23, 49000),)",2a3c600d
408180548,-778591552,2982,0:29:37.190000,"(datetime.datetime(2026, 9, 29, 15, 42, 23, 142000),)",2a3c600a
408176627,-778585566,2977,0:29:37.200000,"(datetime.datetime(2026, 9, 29, 15, 42, 23, 155000),)",2a3c600d
408180637,-778591707,2981,0:29:37.280000,"(datetime.datetime(2026, 9, 29, 15, 42, 23, 238000),)",2a3c600a
408176735,-778585691,2978,0:29:37.300000,"(datetime.datetime(2026, 9, 29, 15, 42, 23, 251000),)",2a3c600d
408180724,-778591872,2981,0:29:37.380000,"(datetime.datetime(2026, 9, 29, 15, 42, 23, 337000),)",2a3c600a
408176841,-778585826,2978,0:29:37.390000,"(datetime.datetime(2026, 9, 29, 15, 42, 23, 350000),)",2a3c600d
408180813,-778592037,2980,0:29:37.480000,"(datetime.datetime(2026, 9, 29, 15, 42, 23, 439000),)",2a3c600a
408176946,-778585959,2976,0:29:37.500000,"(datetime.datetime(2026, 9, 29, 15, 42, 23, 452000),)",2a3c600d
408180909,-778592200,2980,0:29:37.580000,"(datetime.datetime(2026, 9, 29, 15, 42, 23, 537000),)",2a3c600a
408177049,-778586087,2976,0:29:37.590000,"(datetime.datetime(2026, 9, 29, 15, 42, 23, 548000),)",2a3c600d
408180997,-778592372,2979,0:29:37.680000,"(datetime.datetime(2026, 9, 29, 15, 42, 23, 637000),)",2a3c600a
408177155,-778586220,2976,0:29:37.700000,"(datetime.datetime(2026, 9, 29, 15, 42, 23, 650000),)",2a3c600d
408181091,-778592529,2978,0:29:37.780000,"(datetime.datetime(2026, 9, 29, 15, 42, 23, 738000),)",2a3c600a
408177259,-778586351,2976,0:29:37.800000,"(datetime.datetime(2026, 9, 29, 15, 42, 23, 751000),)",2a3c600d
408181180,-778592699,2978,0:29:37.880000,"(datetime.datetime(2026, 9, 29, 15, 42, 23, 838000),)",2a3c600a
408177364,-778586485,2975,0:29:37.900000,"(datetime.datetime(2026, 9, 29, 15, 42, 23, 851000),)",2a3c600d
408181271,-778592867,2977,0:29:37.990000,"(datetime.datetime(2026, 9, 29, 15, 42, 23, 941000),)",2a3c600a
408177463,-778586617,2975,0:29:38,"(datetime.datetime(2026, 9, 29, 15, 42, 23, 952000),)",2a3c600d
408181347,-778593041,2976,0:29:38.090000,"(datetime.datetime(2026, 9, 29, 15, 42, 24, 42000),)",2a3c600a
408177568,-778586751,2975,0:29:38.100000,"(datetime.datetime(2026, 9, 29, 15, 42, 24, 57000),)",2a3c600d
408181437,-778593214,2976,0:29:38.180000,"(datetime.datetime(2026, 9, 29, 15, 42, 24, 137000),)",2a3c600a
408177669,-778586881,2974,0:29:38.200000,"(datetime.datetime(2026, 9, 29, 15, 42, 24, 151000),)",2a3c600d
408181520,-778593375,2973,0:29:38.280000,"(datetime.datetime(2026, 9, 29, 15, 42, 24, 237000),)",2a3c600a
408177772,-778587017,2975,0:29:38.290000,"(datetime.datetime(2026, 9, 29, 15, 42, 24, 247000),)",2a3c600d
408181604,-778593548,2972,0:29:38.380000,"(datetime.datetime(2026, 9, 29, 15, 42, 24, 338000),)",2a3c600a
408177871,-778587149,2975,0:29:38.400000,"(datetime.datetime(2026, 9, 29, 15, 42, 24, 350000),)",2a3c600d
408177971,-778587285,2975,0:29:38.440000,"(datetime.datetime(2026, 9, 29, 15, 42, 24, 399000),)",2a3c600d
408181693,-778593727,2971,0:29:38.480000,"(datetime.datetime(2026, 9, 29, 15, 42, 24, 439000),)",2a3c600a
408181777,-778593902,2973,0:29:38.580000,"(datetime.datetime(2026, 9, 29, 15, 42, 24, 540000),)",2a3c600a
408178072,-778587422,2975,0:29:38.600000,"(datetime.datetime(2026, 9, 29, 15, 42, 24, 560000),)",2a3c600d
408178171,-778587558,2975,0:29:38.620000,"(datetime.datetime(2026, 9, 29, 15, 42, 24, 575000),)",2a3c600d
408181858,-778594079,2971,0:29:38.690000,"(datetime.datetime(2026, 9, 29, 15, 42, 24, 648000),)",2a3c600a
408178266,-778587695,2974,0:29:38.710000,"(datetime.datetime(2026, 9, 29, 15, 42, 24, 661000),)",2a3c600d
408181954,-778594247,2970,0:29:38.780000,"(datetime.datetime(2026, 9, 29, 15, 42, 24, 737000),)",2a3c600a
408178363,-778587836,2974,0:29:38.800000,"(datetime.datetime(2026, 9, 29, 15, 42, 24, 754000),)",2a3c600d
408182028,-778594425,2969,0:29:38.880000,"(datetime.datetime(2026, 9, 29, 15, 42, 24, 837000),)",2a3c600a
408178461,-778587970,2974,0:29:38.900000,"(datetime.datetime(2026, 9, 29, 15, 42, 24, 854000),)",2a3c600d
408182114,-778594602,2967,0:29:38.930000,"(datetime.datetime(2026, 9, 29, 15, 42, 24, 889000),)",2a3c600a
408178559,-778588112,2973,0:29:39.010000,"(datetime.datetime(2026, 9, 29, 15, 42, 24, 965000),)",2a3c600d
408182196,-778594782,2967,0:29:39.040000,"(datetime.datetime(2026, 9, 29, 15, 42, 24, 995000),)",2a3c600a
408178655,-778588249,2972,0:29:39.100000,"(datetime.datetime(2026, 9, 29, 15, 42, 25, 56000),)",2a3c600d
408182282,-778594958,2966,0:29:39.130000,"(datetime.datetime(2026, 9, 29, 15, 42, 25, 90000),)",2a3c600a
408178755,-778588382,2972,0:29:39.200000,"(datetime.datetime(2026, 9, 29, 15, 42, 25, 155000),)",2a3c600d
408182363,-778595128,2965,0:29:39.240000,"(datetime.datetime(2026, 9, 29, 15, 42, 25, 191000),)",2a3c600a
408178855,-778588521,2972,0:29:39.300000,"(datetime.datetime(2026, 9, 29, 15, 42, 25, 255000),)",2a3c600d
408182443,-778595313,2965,0:29:39.330000,"(datetime.datetime(2026, 9, 29, 15, 42, 25, 290000),)",2a3c600a
408178950,-778588659,2971,0:29:39.400000,"(datetime.datetime(2026, 9, 29, 15, 42, 25, 354000),)",2a3c600d
408182522,-778595495,2962,0:29:39.430000,"(datetime.datetime(2026, 9, 29, 15, 42, 25, 389000),)",2a3c600a
408179046,-778588795,2971,0:29:39.500000,"(datetime.datetime(2026, 9, 29, 15, 42, 25, 455000),)",2a3c600d
408182600,-778595674,2961,0:29:39.540000,"(datetime.datetime(2026, 9, 29, 15, 42, 25, 490000),)",2a3c600a
408179137,-778588934,2971,0:29:39.600000,"(datetime.datetime(2026, 9, 29, 15, 42, 25, 555000),)",2a3c600d
408182677,-778595857,2960,0:29:39.640000,"(datetime.datetime(2026, 9, 29, 15, 42, 25, 591000),)",2a3c600a
408179233,-778589077,2970,0:29:39.700000,"(datetime.datetime(2026, 9, 29, 15, 42, 25, 655000),)",2a3c600d
408182757,-778596040,2958,0:29:39.730000,"(datetime.datetime(2026, 9, 29, 15, 42, 25, 689000),)",2a3c600a
408179331,-778589214,2970,0:29:39.800000,"(datetime.datetime(2026, 9, 29, 15, 42, 25, 755000),)",2a3c600d
408182840,-778596222,2957,0:29:39.840000,"(datetime.datetime(2026, 9, 29, 15, 42, 25, 792000),)",2a3c600a
408179422,-778589360,2969,0:29:39.900000,"(datetime.datetime(2026, 9, 29, 15, 42, 25, 855000),)",2a3c600d
408182918,-778596404,2956,0:29:39.950000,"(datetime.datetime(2026, 9, 29, 15, 42, 25, 903000),)",2a3c600a
408179515,-778589501,2968,0:29:40,"(datetime.datetime(2026, 9, 29, 15, 42, 25, 957000),)",2a3c600d
408183005,-778596591,2954,0:29:40.050000,"(datetime.datetime(2026, 9, 29, 15, 42, 26, 2000),)",2a3c600a
408179608,-778589651,2968,0:29:40.110000,"(datetime.datetime(2026, 9, 29, 15, 42, 26, 61000),)",2a3c600d
408183078,-778596767,2953,0:29:40.140000,"(datetime.datetime(2026, 9, 29, 15, 42, 26, 91000),)",2a3c600a
408179708,-778589786,2968,0:29:40.200000,"(datetime.datetime(2026, 9, 29, 15, 42, 26, 158000),)",2a3c600d
408183155,-778596961,2952,0:29:40.240000,"(datetime.datetime(2026, 9, 29, 15, 42, 26, 193000),)",2a3c600a
408179796,-778589935,2967,0:29:40.300000,"(datetime.datetime(2026, 9, 29, 15, 42, 26, 256000),)",2a3c600d
408183230,-778597149,2950,0:29:40.330000,"(datetime.datetime(2026, 9, 29, 15, 42, 26, 290000),)",2a3c600a
408179891,-778590073,2967,0:29:40.400000,"(datetime.datetime(2026, 9, 29, 15, 42, 26, 357000),)",2a3c600d
408183309,-778597339,2951,0:29:40.430000,"(datetime.datetime(2026, 9, 29, 15, 42, 26, 390000),)",2a3c600a
408179982,-778590222,2965,0:29:40.500000,"(datetime.datetime(2026, 9, 29, 15, 42, 26, 455000),)",2a3c600d
408183385,-778597528,2950,0:29:40.530000,"(datetime.datetime(2026, 9, 29, 15, 42, 26, 490000),)",2a3c600a
408180073,-778590372,2965,0:29:40.600000,"(datetime.datetime(2026, 9, 29, 15, 42, 26, 555000),)",2a3c600d
408183463,-778597720,2949,0:29:40.640000,"(datetime.datetime(2026, 9, 29, 15, 42, 26, 592000),)",2a3c600a
408180163,-778590532,2965,0:29:40.700000,"(datetime.datetime(2026, 9, 29, 15, 42, 26, 656000),)",2a3c600d
408183534,-778597905,2947,0:29:40.740000,"(datetime.datetime(2026, 9, 29, 15, 42, 26, 691000),)",2a3c600a
408180253,-778590676,2963,0:29:40.800000,"(datetime.datetime(2026, 9, 29, 15, 42, 26, 757000),)",2a3c600d
408183613,-778598097,2946,0:29:40.830000,"(datetime.datetime(2026, 9, 29, 15, 42, 26, 789000),)",2a3c600a
408180350,-778590818,2963,0:29:40.900000,"(datetime.datetime(2026, 9, 29, 15, 42, 26, 860000),)",2a3c600d
408183695,-778598289,2945,0:29:40.930000,"(datetime.datetime(2026, 9, 29, 15, 42, 26, 890000),)",2a3c600a
408180436,-778590975,2963,0:29:41,"(datetime.datetime(2026, 9, 29, 15, 42, 26, 957000),)",2a3c600d
408183770,-778598474,2944,0:29:41.030000,"(datetime.datetime(2026, 9, 29, 15, 42, 26, 989000),)",2a3c600a
408180522,-778591131,2962,0:29:41.100000,"(datetime.datetime(2026, 9, 29, 15, 42, 27, 58000),)",2a3c600d
408183844,-778598675,2944,0:29:41.140000,"(datetime.datetime(2026, 9, 29, 15, 42, 27, 90000),)",2a3c600a
408180609,-778591288,2962,0:29:41.200000,"(datetime.datetime(2026, 9, 29, 15, 42, 27, 155000),)",2a3c600d
408183920,-778598865,2943,0:29:41.240000,"(datetime.datetime(2026, 9, 29, 15, 42, 27, 191000),)",2a3c600a
408180703,-778591438,2961,0:29:41.310000,"(datetime.datetime(2026, 9, 29, 15, 42, 27, 269000),)",2a3c600d
408183989,-778599058,2942,0:29:41.340000,"(datetime.datetime(2026, 9, 29, 15, 42, 27, 292000),)",2a3c600a
408180791,-778591589,2960,0:29:41.420000,"(datetime.datetime(2026, 9, 29, 15, 42, 27, 372000),)",2a3c600d
408184061,-778599256,2941,0:29:41.440000,"(datetime.datetime(2026, 9, 29, 15, 42, 27, 393000),)",2a3c600a
408180879,-778591753,2960,0:29:41.500000,"(datetime.datetime(2026, 9, 29, 15, 42, 27, 460000),)",2a3c600d
408184145,-778599443,2939,0:29:41.540000,"(datetime.datetime(2026, 9, 29, 15, 42, 27, 492000),)",2a3c600a
408180963,-778591905,2959,0:29:41.600000,"(datetime.datetime(2026, 9, 29, 15, 42, 27, 559000),)",2a3c600d
408184224,-778599634,2938,0:29:41.640000,"(datetime.datetime(2026, 9, 29, 15, 42, 27, 592000),)",2a3c600a
408181048,-778592067,2958,0:29:41.700000,"(datetime.datetime(2026, 9, 29, 15, 42, 27, 659000),)",2a3c600d
408184295,-778599827,2936,0:29:41.740000,"(datetime.datetime(2026, 9, 29, 15, 42, 27, 691000),)",2a3c600a
408181135,-778592226,2958,0:29:41.800000,"(datetime.datetime(2026, 9, 29, 15, 42, 27, 759000),)",2a3c600d
408184375,-778600015,2935,0:29:41.840000,"(datetime.datetime(2026, 9, 29, 15, 42, 27, 792000),)",2a3c600a
408181220,-778592385,2956,0:29:41.910000,"(datetime.datetime(2026, 9, 29, 15, 42, 27, 864000),)",2a3c600d
408184451,-778600209,2933,0:29:41.940000,"(datetime.datetime(2026, 9, 29, 15, 42, 27, 892000),)",2a3c600a
408181310,-778592543,2956,0:29:42,"(datetime.datetime(2026, 9, 29, 15, 42, 27, 960000),)",2a3c600d
408184529,-778600403,2932,0:29:42.040000,"(datetime.datetime(2026, 9, 29, 15, 42, 27, 991000),)",2a3c600a
408181376,-778592720,2955,0:29:42.100000,"(datetime.datetime(2026, 9, 29, 15, 42, 28, 55000),)",2a3c600d
408184602,-778600603,2932,0:29:42.140000,"(datetime.datetime(2026, 9, 29, 15, 42, 28, 92000),)",2a3c600a
408181465,-778592870,2955,0:29:42.200000,"(datetime.datetime(2026, 9, 29, 15, 42, 28, 158000),)",2a3c600d
408184683,-778600795,2933,0:29:42.240000,"(datetime.datetime(2026, 9, 29, 15, 42, 28, 192000),)",2a3c600a
408181550,-778593032,2955,0:29:42.300000,"(datetime.datetime(2026, 9, 29, 15, 42, 28, 256000),)",2a3c600d
408184764,-778600990,2933,0:29:42.350000,"(datetime.datetime(2026, 9, 29, 15, 42, 28, 302000),)",2a3c600a
408181635,-778593190,2954,0:29:42.400000,"(datetime.datetime(2026, 9, 29, 15, 42, 28, 354000),)",2a3c600d
408184837,-778601182,2932,0:29:42.440000,"(datetime.datetime(2026, 9, 29, 15, 42, 28, 391000),)",2a3c600a
408181709,-778593360,2954,0:29:42.500000,"(datetime.datetime(2026, 9, 29, 15, 42, 28, 455000),)",2a3c600d
408184914,-778601375,2931,0:29:42.540000,"(datetime.datetime(2026, 9, 29, 15, 42, 28, 493000),)",2a3c600a
408181791,-778593528,2954,0:29:42.600000,"(datetime.datetime(2026, 9, 29, 15, 42, 28, 555000),)",2a3c600d
408184985,-778601568,2928,0:29:42.640000,"(datetime.datetime(2026, 9, 29, 15, 42, 28, 595000),)",2a3c600a
408181870,-778593695,2952,0:29:42.700000,"(datetime.datetime(2026, 9, 29, 15, 42, 28, 655000),)",2a3c600d
408185063,-778601759,2928,0:29:42.740000,"(datetime.datetime(2026, 9, 29, 15, 42, 28, 691000),)",2a3c600a
408181949,-778593865,2950,0:29:42.810000,"(datetime.datetime(2026, 9, 29, 15, 42, 28, 770000),)",2a3c600d
408185143,-778601955,2927,0:29:42.840000,"(datetime.datetime(2026, 9, 29, 15, 42, 28, 792000),)",2a3c600a
408182026,-778594037,2950,0:29:43.040000,"(datetime.datetime(2026, 9, 29, 15, 42, 28, 992000),)",2a3c600d
408185219,-778602146,2927,0:29:43.230000,"(datetime.datetime(2026, 9, 29, 15, 42, 29, 186000),)",2a3c600a
408182107,-778594207,2950,0:29:43.370000,"(datetime.datetime(2026, 9, 29, 15, 42, 29, 329000),)",2a3c600d
408185298,-778602341,2926,0:29:43.570000,"(datetime.datetime(2026, 9, 29, 15, 42, 29, 524000),)",2a3c600a
408182187,-778594371,2948,0:29:43.660000,"(datetime.datetime(2026, 9, 29, 15, 42, 29, 618000),)",2a3c600d
408185377,-778602533,2925,0:29:43.740000,"(datetime.datetime(2026, 9, 29, 15, 42, 29, 696000),)",2a3c600a
408182268,-778594550,2947,0:29:43.810000,"(datetime.datetime(2026, 9, 29, 15, 42, 29, 762000),)",2a3c600d
408185448,-778602722,2924,0:29:43.860000,"(datetime.datetime(2026, 9, 29, 15, 42, 29, 815000),)",2a3c600a
408182344,-778594723,2946,0:29:43.950000,"(datetime.datetime(2026, 9, 29, 15, 42, 29, 902000),)",2a3c600d
408185527,-778602911,2923,0:29:44.060000,"(datetime.datetime(2026, 9, 29, 15, 42, 30, 16000),)",2a3c600a
408182422,-778594897,2945,0:29:44.150000,"(datetime.datetime(2026, 9, 29, 15, 42, 30, 107000),)",2a3c600d
408185610,-778603106,2922,0:29:44.210000,"(datetime.datetime(2026, 9, 29, 15, 42, 30, 166000),)",2a3c600a
408182496,-778595075,2943,0:29:44.230000,"(datetime.datetime(2026, 9, 29, 15, 42, 30, 185000),)",2a3c600d
408185687,-778603297,2921,0:29:44.250000,"(datetime.datetime(2026, 9, 29, 15, 42, 30, 206000),)",2a3c600a
408182572,-778595241,2942,0:29:44.360000,"(datetime.datetime(2026, 9, 29, 15, 42, 30, 315000),)",2a3c600d
408185767,-778603487,2920,0:29:44.560000,"(datetime.datetime(2026, 9, 29, 15, 42, 30, 520000),)",2a3c600a
408182650,-778595416,2941,0:29:44.620000,"(datetime.datetime(2026, 9, 29, 15, 42, 30, 574000),)",2a3c600d
408185852,-778603680,2920,0:29:44.660000,"(datetime.datetime(2026, 9, 29, 15, 42, 30, 618000),)",2a3c600a
408182722,-778595597,2941,0:29:44.770000,"(datetime.datetime(2026, 9, 29, 15, 42, 30, 726000),)",2a3c600d
408185932,-778603874,2920,0:29:44.870000,"(datetime.datetime(2026, 9, 29, 15, 42, 30, 826000),)",2a3c600a
408182802,-778595765,2940,0:29:44.970000,"(datetime.datetime(2026, 9, 29, 15, 42, 30, 929000),)",2a3c600d
408186014,-778604064,2919,0:29:45.070000,"(datetime.datetime(2026, 9, 29, 15, 42, 31, 29000),)",2a3c600a
408182877,-778595946,2938,0:29:45.180000,"(datetime.datetime(2026, 9, 29, 15, 42, 31, 135000),)",2a3c600d
408186095,-778604253,2918,0:29:45.270000,"(datetime.datetime(2026, 9, 29, 15, 42, 31, 230000),)",2a3c600a
408182951,-778596118,2937,0:29:45.390000,"(datetime.datetime(2026, 9, 29, 15, 42, 31, 340000),)",2a3c600d
408186177,-778604444,2917,0:29:45.510000,"(datetime.datetime(2026, 9, 29, 15, 42, 31, 467000),)",2a3c600a
408183029,-778596287,2936,0:29:45.590000,"(datetime.datetime(2026, 9, 29, 15, 42, 31, 544000),)",2a3c600d
408186255,-778604629,2917,0:29:45.690000,"(datetime.datetime(2026, 9, 29, 15, 42, 31, 644000),)",2a3c600a
408183105,-778596475,2935,0:29:45.740000,"(datetime.datetime(2026, 9, 29, 15, 42, 31, 697000),)",2a3c600d
408186339,-778604813,2916,0:29:45.790000,"(datetime.datetime(2026, 9, 29, 15, 42, 31, 748000),)",2a3c600a
408183182,-778596650,2934,0:29:45.810000,"(datetime.datetime(2026, 9, 29, 15, 42, 31, 761000),)",2a3c600d
408186425,-778605003,2916,0:29:45.830000,"(datetime.datetime(2026, 9, 29, 15, 42, 31, 784000),)",2a3c600a
408183259,-778596834,2933,0:29:45.840000,"(datetime.datetime(2026, 9, 29, 15, 42, 31, 795000),)",2a3c600d
408186508,-778605190,2915,0:29:45.850000,"(datetime.datetime(2026, 9, 29, 15, 42, 31, 805000),)",2a3c600a
408183331,-778597010,2931,0:29:45.880000,"(datetime.datetime(2026, 9, 29, 15, 42, 31, 835000),)",2a3c600d
408186592,-778605376,2914,0:29:45.890000,"(datetime.datetime(2026, 9, 29, 15, 42, 31, 842000),)",2a3c600a
408183403,-778597195,2931,0:29:45.890000,"(datetime.datetime(2026, 9, 29, 15, 42, 31, 850000),)",2a3c600d
408186676,-778605563,2913,0:29:45.900000,"(datetime.datetime(2026, 9, 29, 15, 42, 31, 858000),)",2a3c600a
408183479,-778597378,2929,0:29:45.910000,"(datetime.datetime(2026, 9, 29, 15, 42, 31, 863000),)",2a3c600d
408186765,-778605751,2914,0:29:45.930000,"(datetime.datetime(2026, 9, 29, 15, 42, 31, 888000),)",2a3c600a
408183551,-778597558,2929,0:29:45.940000,"(datetime.datetime(2026, 9, 29, 15, 42, 31, 894000),)",2a3c600d
408186855,-778605940,2914,0:29:45.940000,"(datetime.datetime(2026, 9, 29, 15, 42, 31, 900000),)",2a3c600a
408183624,-778597740,2928,0:29:45.950000,"(datetime.datetime(2026, 9, 29, 15, 42, 31, 907000),)",2a3c600d
408186933,-778606123,2912,0:29:45.960000,"(datetime.datetime(2026, 9, 29, 15, 42, 31, 913000),)",2a3c600a
408183698,-778597927,2928,0:29:45.980000,"(datetime.datetime(2026, 9, 29, 15, 42, 31, 940000),)",2a3c600d
408187024,-778606308,2912,0:29:45.990000,"(datetime.datetime(2026, 9, 29, 15, 42, 31, 946000),)",2a3c600a
408183772,-778598110,2926,0:29:46,"(datetime.datetime(2026, 9, 29, 15, 42, 31, 952000),)",2a3c600d
408187115,-778606489,2913,0:29:46,"(datetime.datetime(2026, 9, 29, 15, 42, 31, 958000),)",2a3c600a
408183841,-778598296,2925,0:29:46.010000,"(datetime.datetime(2026, 9, 29, 15, 42, 31, 963000),)",2a3c600d
408187205,-778606673,2912,0:29:46.010000,"(datetime.datetime(2026, 9, 29, 15, 42, 31, 969000),)",2a3c600a
408183919,-778598481,2924,0:29:46.050000,"(datetime.datetime(2026, 9, 29, 15, 42, 32, 2000),)",2a3c600d
408187294,-778606857,2911,0:29:46.050000,"(datetime.datetime(2026, 9, 29, 15, 42, 32, 9000),)",2a3c600a
408183989,-778598666,2923,0:29:46.060000,"(datetime.datetime(2026, 9, 29, 15, 42, 32, 15000),)",2a3c600d
408187383,-778607042,2911,0:29:46.070000,"(datetime.datetime(2026, 9, 29, 15, 42, 32, 21000),)",2a3c600a
408184066,-778598851,2923,0:29:46.070000,"(datetime.datetime(2026, 9, 29, 15, 42, 32, 27000),)",2a3c600d
408187468,-778607226,2910,0:29:46.110000,"(datetime.datetime(2026, 9, 29, 15, 42, 32, 65000),)",2a3c600a
408184118,-778599046,2922,0:29:46.120000,"(datetime.datetime(2026, 9, 29, 15, 42, 32, 71000),)",2a3c600d
408187558,-778607408,2909,0:29:46.130000,"(datetime.datetime(2026, 9, 29, 15, 42, 32, 83000),)",2a3c600a
408184193,-778599235,2921,0:29:46.130000,"(datetime.datetime(2026, 9, 29, 15, 42, 32, 90000),)",2a3c600d
408187644,-778607591,2908,0:29:46.170000,"(datetime.datetime(2026, 9, 29, 15, 42, 32, 123000),)",2a3c600a
408184284,-778599410,2919,0:29:46.170000,"(datetime.datetime(2026, 9, 29, 15, 42, 32, 130000),)",2a3c600d
408187734,-778607775,2907,0:29:46.180000,"(datetime.datetime(2026, 9, 29, 15, 42, 32, 138000),)",2a3c600a
408184343,-778599609,2920,0:29:46.190000,"(datetime.datetime(2026, 9, 29, 15, 42, 32, 145000),)",2a3c600d
408187824,-778607958,2907,0:29:46.200000,"(datetime.datetime(2026, 9, 29, 15, 42, 32, 151000),)",2a3c600a
408184343,-778599609,2920,0:29:46.220000,"(datetime.datetime(2026, 9, 29, 15, 42, 32, 178000),)",2a3c600d
408187916,-778608141,2906,0:29:46.230000,"(datetime.datetime(2026, 9, 29, 15, 42, 32, 184000),)",2a3c600a
408184418,-778599799,2919,0:29:46.240000,"(datetime.datetime(2026, 9, 29, 15, 42, 32, 192000),)",2a3c600d
408188006,-778608324,2906,0:29:46.240000,"(datetime.datetime(2026, 9, 29, 15, 42, 32, 198000),)",2a3c600a
408184577,-778600173,2915,0:29:46.280000,"(datetime.datetime(2026, 9, 29, 15, 42, 32, 235000),)",2a3c600d
408188100,-778608507,2905,0:29:46.310000,"(datetime.datetime(2026, 9, 29, 15, 42, 32, 270000),)",2a3c600a
408184657,-778600362,2915,0:29:46.380000,"(datetime.datetime(2026, 9, 29, 15, 42, 32, 337000),)",2a3c600d
408188192,-778608690,2905,0:29:46.400000,"(datetime.datetime(2026, 9, 29, 15, 42, 32, 356000),)",2a3c600a
408184725,-778600558,2914,0:29:46.480000,"(datetime.datetime(2026, 9, 29, 15, 42, 32, 439000),)",2a3c600d
408188283,-778608875,2904,0:29:46.500000,"(datetime.datetime(2026, 9, 29, 15, 42, 32, 455000),)",2a3c600a
408184802,-778600744,2913,0:29:46.590000,"(datetime.datetime(2026, 9, 29, 15, 42, 32, 549000),)",2a3c600d
408188373,-778609054,2903,0:29:46.610000,"(datetime.datetime(2026, 9, 29, 15, 42, 32, 563000),)",2a3c600a
408184874,-778600934,2913,0:29:46.680000,"(datetime.datetime(2026, 9, 29, 15, 42, 32, 636000),)",2a3c600d
408188467,-778609239,2903,0:29:46.700000,"(datetime.datetime(2026, 9, 29, 15, 42, 32, 655000),)",2a3c600a
408184946,-778601126,2912,0:29:46.780000,"(datetime.datetime(2026, 9, 29, 15, 42, 32, 736000),)",2a3c600d
408188561,-778609420,2903,0:29:46.800000,"(datetime.datetime(2026, 9, 29, 15, 42, 32, 755000),)",2a3c600a
408185023,-778601315,2910,0:29:46.880000,"(datetime.datetime(2026, 9, 29, 15, 42, 32, 836000),)",2a3c600d
408188651,-778609599,2902,0:29:46.900000,"(datetime.datetime(2026, 9, 29, 15, 42, 32, 855000),)",2a3c600a
408185095,-778601504,2909,0:29:46.980000,"(datetime.datetime(2026, 9, 29, 15, 42, 32, 937000),)",2a3c600d
408188747,-778609782,2901,0:29:47,"(datetime.datetime(2026, 9, 29, 15, 42, 32, 955000),)",2a3c600a
408185173,-778601696,2909,0:29:47.080000,"(datetime.datetime(2026, 9, 29, 15, 42, 33, 36000),)",2a3c600d
408188843,-778609964,2901,0:29:47.100000,"(datetime.datetime(2026, 9, 29, 15, 42, 33, 55000),)",2a3c600a
408188933,-778610145,2901,0:29:47.180000,"(datetime.datetime(2026, 9, 29, 15, 42, 33, 131000),)",2a3c600a
408185256,-778601884,2907,0:29:47.190000,"(datetime.datetime(2026, 9, 29, 15, 42, 33, 146000),)",2a3c600d
408189031,-778610325,2901,0:29:47.280000,"(datetime.datetime(2026, 9, 29, 15, 42, 33, 234000),)",2a3c600a
408185328,-778602072,2906,0:29:47.290000,"(datetime.datetime(2026, 9, 29, 15, 42, 33, 247000),)",2a3c600d
408189122,-778610507,2900,0:29:47.380000,"(datetime.datetime(2026, 9, 29, 15, 42, 33, 331000),)",2a3c600a
408185403,-778602261,2905,0:29:47.400000,"(datetime.datetime(2026, 9, 29, 15, 42, 33, 351000),)",2a3c600d
408189215,-778610684,2899,0:29:47.480000,"(datetime.datetime(2026, 9, 29, 15, 42, 33, 432000),)",2a3c600a
408185479,-778602452,2904,0:29:47.500000,"(datetime.datetime(2026, 9, 29, 15, 42, 33, 453000),)",2a3c600d
408189309,-778610859,2899,0:29:47.580000,"(datetime.datetime(2026, 9, 29, 15, 42, 33, 531000),)",2a3c600a
408185554,-778602639,2903,0:29:47.590000,"(datetime.datetime(2026, 9, 29, 15, 42, 33, 547000),)",2a3c600d
408189403,-778611034,2898,0:29:47.680000,"(datetime.datetime(2026, 9, 29, 15, 42, 33, 631000),)",2a3c600a
408185630,-778602827,2903,0:29:47.690000,"(datetime.datetime(2026, 9, 29, 15, 42, 33, 648000),)",2a3c600d
408189495,-778611208,2898,0:29:47.780000,"(datetime.datetime(2026, 9, 29, 15, 42, 33, 733000),)",2a3c600a
408185702,-778603017,2902,0:29:47.800000,"(datetime.datetime(2026, 9, 29, 15, 42, 33, 760000),)",2a3c600d
408189589,-778611386,2897,0:29:47.880000,"(datetime.datetime(2026, 9, 29, 15, 42, 33, 832000),)",2a3c600a
408185783,-778603199,2902,0:29:47.890000,"(datetime.datetime(2026, 9, 29, 15, 42, 33, 846000),)",2a3c600d
408189679,-778611555,2897,0:29:47.970000,"(datetime.datetime(2026, 9, 29, 15, 42, 33, 930000),)",2a3c600a
408185861,-778603380,2901,0:29:47.990000,"(datetime.datetime(2026, 9, 29, 15, 42, 33, 943000),)",2a3c600d
408189772,-778611729,2897,0:29:48.080000,"(datetime.datetime(2026, 9, 29, 15, 42, 34, 31000),)",2a3c600a
408185938,-778603567,2900,0:29:48.090000,"(datetime.datetime(2026, 9, 29, 15, 42, 34, 49000),)",2a3c600d
408189865,-778611902,2897,0:29:48.180000,"(datetime.datetime(2026, 9, 29, 15, 42, 34, 131000),)",2a3c600a
408186020,-778603745,2899,0:29:48.190000,"(datetime.datetime(2026, 9, 29, 15, 42, 34, 146000),)",2a3c600d
408189956,-778612068,2896,0:29:48.270000,"(datetime.datetime(2026, 9, 29, 15, 42, 34, 230000),)",2a3c600a
408186100,-778603926,2899,0:29:48.290000,"(datetime.datetime(2026, 9, 29, 15, 42, 34, 244000),)",2a3c600d
408190048,-778612236,2896,0:29:48.380000,"(datetime.datetime(2026, 9, 29, 15, 42, 34, 331000),)",2a3c600a
408186184,-778604112,2898,0:29:48.380000,"(datetime.datetime(2026, 9, 29, 15, 42, 34, 338000),)",2a3c600d
408190137,-778612402,2896,0:29:48.480000,"(datetime.datetime(2026, 9, 29, 15, 42, 34, 432000),)",2a3c600a
408186261,-778604293,2897,0:29:48.490000,"(datetime.datetime(2026, 9, 29, 15, 42, 34, 444000),)",2a3c600d
408190228,-778612566,2896,0:29:48.580000,"(datetime.datetime(2026, 9, 29, 15, 42, 34, 532000),)",2a3c600a
408186341,-778604475,2896,0:29:48.590000,"(datetime.datetime(2026, 9, 29, 15, 42, 34, 547000),)",2a3c600d
408190316,-778612732,2895,0:29:48.680000,"(datetime.datetime(2026, 9, 29, 15, 42, 34, 635000),)",2a3c600a
408186422,-778604657,2895,0:29:48.690000,"(datetime.datetime(2026, 9, 29, 15, 42, 34, 650000),)",2a3c600d
408190404,-778612896,2895,0:29:48.780000,"(datetime.datetime(2026, 9, 29, 15, 42, 34, 734000),)",2a3c600a
408186505,-778604834,2895,0:29:48.800000,"(datetime.datetime(2026, 9, 29, 15, 42, 34, 752000),)",2a3c600d
408190491,-778613059,2894,0:29:48.880000,"(datetime.datetime(2026, 9, 29, 15, 42, 34, 831000),)",2a3c600a
408186587,-778605017,2894,0:29:48.890000,"(datetime.datetime(2026, 9, 29, 15, 42, 34, 847000),)",2a3c600d
408190581,-778613216,2895,0:29:48.970000,"(datetime.datetime(2026, 9, 29, 15, 42, 34, 930000),)",2a3c600a
408186666,-778605192,2894,0:29:48.990000,"(datetime.datetime(2026, 9, 29, 15, 42, 34, 944000),)",2a3c600d
408190667,-778613377,2894,0:29:49.080000,"(datetime.datetime(2026, 9, 29, 15, 42, 35, 30000),)",2a3c600a
408186750,-778605370,2894,0:29:49.090000,"(datetime.datetime(2026, 9, 29, 15, 42, 35, 49000),)",2a3c600d
408190752,-778613540,2894,0:29:49.180000,"(datetime.datetime(2026, 9, 29, 15, 42, 35, 130000),)",2a3c600a
408186828,-778605556,2892,0:29:49.200000,"(datetime.datetime(2026, 9, 29, 15, 42, 35, 155000),)",2a3c600d
408190836,-778613695,2894,0:29:49.270000,"(datetime.datetime(2026, 9, 29, 15, 42, 35, 230000),)",2a3c600a
408186913,-778605727,2892,0:29:49.290000,"(datetime.datetime(2026, 9, 29, 15, 42, 35, 244000),)",2a3c600d
408190836,-778613695,2894,0:29:49.380000,"(datetime.datetime(2026, 9, 29, 15, 42, 35, 330000),)",2a3c600a
408186994,-778605904,2891,0:29:49.390000,"(datetime.datetime(2026, 9, 29, 15, 42, 35, 346000),)",2a3c600d
408190922,-778613853,2893,0:29:49.470000,"(datetime.datetime(2026, 9, 29, 15, 42, 35, 430000),)",2a3c600a
408187078,-778606079,2891,0:29:49.490000,"(datetime.datetime(2026, 9, 29, 15, 42, 35, 443000),)",2a3c600d
408191005,-778614007,2893,0:29:49.570000,"(datetime.datetime(2026, 9, 29, 15, 42, 35, 530000),)",2a3c600a
408187164,-778606254,2891,0:29:49.590000,"(datetime.datetime(2026, 9, 29, 15, 42, 35, 544000),)",2a3c600d
408191089,-778614163,2893,0:29:49.680000,"(datetime.datetime(2026, 9, 29, 15, 42, 35, 630000),)",2a3c600a
408187247,-778606429,2889,0:29:49.690000,"(datetime.datetime(2026, 9, 29, 15, 42, 35, 644000),)",2a3c600d
408191175,-778614316,2893,0:29:49.770000,"(datetime.datetime(2026, 9, 29, 15, 42, 35, 729000),)",2a3c600a
408187331,-778606607,2889,0:29:49.790000,"(datetime.datetime(2026, 9, 29, 15, 42, 35, 743000),)",2a3c600d
408191258,-778614469,2893,0:29:49.880000,"(datetime.datetime(2026, 9, 29, 15, 42, 35, 833000),)",2a3c600a
408187418,-778606780,2889,0:29:49.890000,"(datetime.datetime(2026, 9, 29, 15, 42, 35, 847000),)",2a3c600d
408191341,-778614622,2893,0:29:49.980000,"(datetime.datetime(2026, 9, 29, 15, 42, 35, 934000),)",2a3c600a
408187502,-778606956,2889,0:29:50,"(datetime.datetime(2026, 9, 29, 15, 42, 35, 959000),)",2a3c600d
408191425,-778614773,2893,0:29:50.070000,"(datetime.datetime(2026, 9, 29, 15, 42, 36, 29000),)",2a3c600a
408187587,-778607129,2888,0:29:50.090000,"(datetime.datetime(2026, 9, 29, 15, 42, 36, 44000),)",2a3c600d
408191503,-778614926,2893,0:29:50.180000,"(datetime.datetime(2026, 9, 29, 15, 42, 36, 130000),)",2a3c600a
408187673,-778607306,2887,0:29:50.190000,"(datetime.datetime(2026, 9, 29, 15, 42, 36, 146000),)",2a3c600d
408191586,-778615084,2892,0:29:50.270000,"(datetime.datetime(2026, 9, 29, 15, 42, 36, 230000),)",2a3c600a
408187763,-778607475,2886,0:29:50.290000,"(datetime.datetime(2026, 9, 29, 15, 42, 36, 244000),)",2a3c600d
408191664,-778615228,2892,0:29:50.380000,"(datetime.datetime(2026, 9, 29, 15, 42, 36, 332000),)",2a3c600a
408187844,-778607649,2886,0:29:50.390000,"(datetime.datetime(2026, 9, 29, 15, 42, 36, 346000),)",2a3c600d
408191746,-778615382,2891,0:29:50.480000,"(datetime.datetime(2026, 9, 29, 15, 42, 36, 433000),)",2a3c600a
408187932,-778607820,2886,0:29:50.490000,"(datetime.datetime(2026, 9, 29, 15, 42, 36, 447000),)",2a3c600d
408191827,-778615530,2891,0:29:50.570000,"(datetime.datetime(2026, 9, 29, 15, 42, 36, 530000),)",2a3c600a
408188017,-778607993,2885,0:29:50.590000,"(datetime.datetime(2026, 9, 29, 15, 42, 36, 544000),)",2a3c600d
408191908,-778615677,2891,0:29:50.680000,"(datetime.datetime(2026, 9, 29, 15, 42, 36, 631000),)",2a3c600a
408188103,-778608167,2884,0:29:50.690000,"(datetime.datetime(2026, 9, 29, 15, 42, 36, 645000),)",2a3c600d
408191984,-778615821,2891,0:29:50.770000,"(datetime.datetime(2026, 9, 29, 15, 42, 36, 729000),)",2a3c600a
408188189,-778608337,2884,0:29:50.780000,"(datetime.datetime(2026, 9, 29, 15, 42, 36, 739000),)",2a3c600d
408192063,-778615966,2891,0:29:50.880000,"(datetime.datetime(2026, 9, 29, 15, 42, 36, 831000),)",2a3c600a
408188275,-778608505,2883,0:29:50.900000,"(datetime.datetime(2026, 9, 29, 15, 42, 36, 854000),)",2a3c600d
408192143,-778616113,2891,0:29:50.980000,"(datetime.datetime(2026, 9, 29, 15, 42, 36, 936000),)",2a3c600a
408188362,-778608680,2883,0:29:51,"(datetime.datetime(2026, 9, 29, 15, 42, 36, 952000),)",2a3c600d
408192219,-778616252,2891,0:29:51.070000,"(datetime.datetime(2026, 9, 29, 15, 42, 37, 30000),)",2a3c600a
408188449,-778608846,2882,0:29:51.090000,"(datetime.datetime(2026, 9, 29, 15, 42, 37, 45000),)",2a3c600d
408192295,-778616397,2890,0:29:51.180000,"(datetime.datetime(2026, 9, 29, 15, 42, 37, 132000),)",2a3c600a
408188537,-778609021,2881,0:29:51.190000,"(datetime.datetime(2026, 9, 29, 15, 42, 37, 148000),)",2a3c600d
408192371,-778616546,2890,0:29:51.270000,"(datetime.datetime(2026, 9, 29, 15, 42, 37, 230000),)",2a3c600a
408188625,-778609187,2880,0:29:51.290000,"(datetime.datetime(2026, 9, 29, 15, 42, 37, 243000),)",2a3c600d
408192448,-778616688,2890,0:29:51.380000,"(datetime.datetime(2026, 9, 29, 15, 42, 37, 332000),)",2a3c600a
408188712,-778609352,2880,0:29:51.400000,"(datetime.datetime(2026, 9, 29, 15, 42, 37, 353000),)",2a3c600d
408192521,-778616831,2890,0:29:51.480000,"(datetime.datetime(2026, 9, 29, 15, 42, 37, 437000),)",2a3c600a
408188798,-778609522,2879,0:29:51.500000,"(datetime.datetime(2026, 9, 29, 15, 42, 37, 452000),)",2a3c600d
408192599,-778616972,2890,0:29:51.570000,"(datetime.datetime(2026, 9, 29, 15, 42, 37, 530000),)",2a3c600a
408188883,-778609686,2879,0:29:51.590000,"(datetime.datetime(2026, 9, 29, 15, 42, 37, 549000),)",2a3c600d
408192675,-778617116,2890,0:29:51.680000,"(datetime.datetime(2026, 9, 29, 15, 42, 37, 631000),)",2a3c600a
408188972,-778609856,2879,0:29:51.690000,"(datetime.datetime(2026, 9, 29, 15, 42, 37, 647000),)",2a3c600d
408192752,-778617258,2889,0:29:51.770000,"(datetime.datetime(2026, 9, 29, 15, 42, 37, 730000),)",2a3c600a
408189058,-778610019,2878,0:29:51.790000,"(datetime.datetime(2026, 9, 29, 15, 42, 37, 743000),)",2a3c600d
408192828,-778617400,2889,0:29:51.880000,"(datetime.datetime(2026, 9, 29, 15, 42, 37, 830000),)",2a3c600a
408189146,-778610188,2877,0:29:51.890000,"(datetime.datetime(2026, 9, 29, 15, 42, 37, 844000),)",2a3c600d
408192905,-778617542,2889,0:29:51.980000,"(datetime.datetime(2026, 9, 29, 15, 42, 37, 930000),)",2a3c600a
408189227,-778610355,2876,0:29:51.990000,"(datetime.datetime(2026, 9, 29, 15, 42, 37, 948000),)",2a3c600d
408192980,-778617681,2889,0:29:52.080000,"(datetime.datetime(2026, 9, 29, 15, 42, 38, 32000),)",2a3c600a
408189319,-778610519,2876,0:29:52.090000,"(datetime.datetime(2026, 9, 29, 15, 42, 38, 46000),)",2a3c600d
408193055,-778617826,2889,0:29:52.180000,"(datetime.datetime(2026, 9, 29, 15, 42, 38, 131000),)",2a3c600a
408189319,-778610519,2876,0:29:52.190000,"(datetime.datetime(2026, 9, 29, 15, 42, 38, 144000),)",2a3c600d
408193133,-778617970,2889,0:29:52.270000,"(datetime.datetime(2026, 9, 29, 15, 42, 38, 229000),)",2a3c600a
408189402,-778610686,2876,0:29:52.290000,"(datetime.datetime(2026, 9, 29, 15, 42, 38, 241000),)",2a3c600d
408193206,-778618111,2889,0:29:52.380000,"(datetime.datetime(2026, 9, 29, 15, 42, 38, 331000),)",2a3c600a
408189490,-778610845,2876,0:29:52.390000,"(datetime.datetime(2026, 9, 29, 15, 42, 38, 344000),)",2a3c600d
408193283,-778618252,2890,0:29:52.480000,"(datetime.datetime(2026, 9, 29, 15, 42, 38, 431000),)",2a3c600a
408189577,-778611011,2875,0:29:52.490000,"(datetime.datetime(2026, 9, 29, 15, 42, 38, 445000),)",2a3c600d
408193360,-778618396,2890,0:29:52.570000,"(datetime.datetime(2026, 9, 29, 15, 42, 38, 530000),)",2a3c600a
408189665,-778611172,2875,0:29:52.590000,"(datetime.datetime(2026, 9, 29, 15, 42, 38, 543000),)",2a3c600d
408193432,-778618536,2889,0:29:52.680000,"(datetime.datetime(2026, 9, 29, 15, 42, 38, 633000),)",2a3c600a
408189748,-778611335,2874,0:29:52.690000,"(datetime.datetime(2026, 9, 29, 15, 42, 38, 647000),)",2a3c600d
408193510,-778618676,2890,0:29:52.780000,"(datetime.datetime(2026, 9, 29, 15, 42, 38, 732000),)",2a3c600a
408189837,-778611493,2874,0:29:52.790000,"(datetime.datetime(2026, 9, 29, 15, 42, 38, 745000),)",2a3c600d
408193585,-778618819,2889,0:29:52.880000,"(datetime.datetime(2026, 9, 29, 15, 42, 38, 833000),)",2a3c600a
408189923,-778611655,2874,0:29:52.890000,"(datetime.datetime(2026, 9, 29, 15, 42, 38, 849000),)",2a3c600d
408193659,-778618958,2890,0:29:52.970000,"(datetime.datetime(2026, 9, 29, 15, 42, 38, 930000),)",2a3c600a
408190011,-778611815,2873,0:29:52.990000,"(datetime.datetime(2026, 9, 29, 15, 42, 38, 943000),)",2a3c600d
408193731,-778619099,2890,0:29:53.080000,"(datetime.datetime(2026, 9, 29, 15, 42, 39, 30000),)",2a3c600a
408190096,-778611973,2873,0:29:53.090000,"(datetime.datetime(2026, 9, 29, 15, 42, 39, 49000),)",2a3c600d
408193809,-778619241,2890,0:29:53.170000,"(datetime.datetime(2026, 9, 29, 15, 42, 39, 130000),)",2a3c600a
408190184,-778612134,2873,0:29:53.190000,"(datetime.datetime(2026, 9, 29, 15, 42, 39, 144000),)",2a3c600d
408190270,-778612298,2872,0:29:53.280000,"(datetime.datetime(2026, 9, 29, 15, 42, 39, 237000),)",2a3c600d
408193890,-778619385,2890,0:29:53.290000,"(datetime.datetime(2026, 9, 29, 15, 42, 39, 245000),)",2a3c600a
408193961,-778619526,2890,0:29:53.380000,"(datetime.datetime(2026, 9, 29, 15, 42, 39, 330000),)",2a3c600a
408190354,-778612453,2872,0:29:53.390000,"(datetime.datetime(2026, 9, 29, 15, 42, 39, 346000),)",2a3c600d
408194035,-778619670,2889,0:29:53.480000,"(datetime.datetime(2026, 9, 29, 15, 42, 39, 431000),)",2a3c600a
408190438,-778612613,2871,0:29:53.490000,"(datetime.datetime(2026, 9, 29, 15, 42, 39, 448000),)",2a3c600d
408194110,-778619813,2889,0:29:53.580000,"(datetime.datetime(2026, 9, 29, 15, 42, 39, 530000),)",2a3c600a
408190524,-778612771,2871,0:29:53.600000,"(datetime.datetime(2026, 9, 29, 15, 42, 39, 551000),)",2a3c600d
408194186,-778619954,2889,0:29:53.630000,"(datetime.datetime(2026, 9, 29, 15, 42, 39, 581000),)",2a3c600a
408190609,-778612926,2871,0:29:53.680000,"(datetime.datetime(2026, 9, 29, 15, 42, 39, 638000),)",2a3c600d
408194261,-778620096,2890,0:29:53.730000,"(datetime.datetime(2026, 9, 29, 15, 42, 39, 685000),)",2a3c600a
408190692,-778613088,2871,0:29:53.780000,"(datetime.datetime(2026, 9, 29, 15, 42, 39, 738000),)",2a3c600d
408194337,-778620238,2890,0:29:53.830000,"(datetime.datetime(2026, 9, 29, 15, 42, 39, 780000),)",2a3c600a
408190779,-778613245,2871,0:29:53.880000,"(datetime.datetime(2026, 9, 29, 15, 42, 39, 839000),)",2a3c600d
408194412,-778620384,2890,0:29:53.920000,"(datetime.datetime(2026, 9, 29, 15, 42, 39, 880000),)",2a3c600a
408190862,-778613401,2871,0:29:53.980000,"(datetime.datetime(2026, 9, 29, 15, 42, 39, 939000),)",2a3c600d
408194483,-778620527,2889,0:29:54.030000,"(datetime.datetime(2026, 9, 29, 15, 42, 39, 981000),)",2a3c600a
408190943,-778613554,2870,0:29:54.080000,"(datetime.datetime(2026, 9, 29, 15, 42, 40, 37000),)",2a3c600d
408194559,-778620673,2889,0:29:54.120000,"(datetime.datetime(2026, 9, 29, 15, 42, 40, 80000),)",2a3c600a
408191026,-778613711,2870,0:29:54.180000,"(datetime.datetime(2026, 9, 29, 15, 42, 40, 138000),)",2a3c600d
408194644,-778620822,2890,0:29:54.230000,"(datetime.datetime(2026, 9, 29, 15, 42, 40, 181000),)",2a3c600a
408191117,-778613863,2871,0:29:54.280000,"(datetime.datetime(2026, 9, 29, 15, 42, 40, 237000),)",2a3c600d
408194716,-778620963,2889,0:29:54.330000,"(datetime.datetime(2026, 9, 29, 15, 42, 40, 281000),)",2a3c600a
408191201,-778614016,2871,0:29:54.390000,"(datetime.datetime(2026, 9, 29, 15, 42, 40, 344000),)",2a3c600d
408194794,-778621111,2889,0:29:54.430000,"(datetime.datetime(2026, 9, 29, 15, 42, 40, 381000),)",2a3c600a
408191284,-778614169,2871,0:29:54.480000,"(datetime.datetime(2026, 9, 29, 15, 42, 40, 439000),)",2a3c600d
408194869,-778621254,2889,0:29:54.530000,"(datetime.datetime(2026, 9, 29, 15, 42, 40, 481000),)",2a3c600a
408191367,-778614324,2871,0:29:54.580000,"(datetime.datetime(2026, 9, 29, 15, 42, 40, 538000),)",2a3c600d
408194944,-778621398,2889,0:29:54.630000,"(datetime.datetime(2026, 9, 29, 15, 42, 40, 581000),)",2a3c600a
408191449,-778614478,2870,0:29:54.680000,"(datetime.datetime(2026, 9, 29, 15, 42, 40, 637000),)",2a3c600d
408195014,-778621547,2889,0:29:54.740000,"(datetime.datetime(2026, 9, 29, 15, 42, 40, 693000),)",2a3c600a
408191528,-778614633,2870,0:29:54.780000,"(datetime.datetime(2026, 9, 29, 15, 42, 40, 738000),)",2a3c600d
408195096,-778621690,2889,0:29:54.830000,"(datetime.datetime(2026, 9, 29, 15, 42, 40, 781000),)",2a3c600a
408191612,-778614785,2870,0:29:54.880000,"(datetime.datetime(2026, 9, 29, 15, 42, 40, 838000),)",2a3c600d
408195170,-778621838,2890,0:29:54.930000,"(datetime.datetime(2026, 9, 29, 15, 42, 40, 885000),)",2a3c600a
408191693,-778614936,2870,0:29:54.950000,"(datetime.datetime(2026, 9, 29, 15, 42, 40, 901000),)",2a3c600d
408195243,-778621984,2890,0:29:55.030000,"(datetime.datetime(2026, 9, 29, 15, 42, 40, 983000),)",2a3c600a
408191774,-778615095,2870,0:29:55.050000,"(datetime.datetime(2026, 9, 29, 15, 42, 41, 4000),)",2a3c600d
408195321,-778622125,2890,0:29:55.130000,"(datetime.datetime(2026, 9, 29, 15, 42, 41, 81000),)",2a3c600a
408191857,-778615247,2870,0:29:55.140000,"(datetime.datetime(2026, 9, 29, 15, 42, 41, 95000),)",2a3c600d
408195398,-778622271,2891,0:29:55.230000,"(datetime.datetime(2026, 9, 29, 15, 42, 41, 181000),)",2a3c600a
408191948,-778615404,2869,0:29:55.240000,"(datetime.datetime(2026, 9, 29, 15, 42, 41, 198000),)",2a3c600d
408195471,-778622418,2891,0:29:55.330000,"(datetime.datetime(2026, 9, 29, 15, 42, 41, 281000),)",2a3c600a
408192029,-778615558,2869,0:29:55.350000,"(datetime.datetime(2026, 9, 29, 15, 42, 41, 305000),)",2a3c600d
408195546,-778622564,2891,0:29:55.430000,"(datetime.datetime(2026, 9, 29, 15, 42, 41, 383000),)",2a3c600a
408192110,-778615713,2868,0:29:55.440000,"(datetime.datetime(2026, 9, 29, 15, 42, 41, 397000),)",2a3c600d
408195619,-778622714,2891,0:29:55.530000,"(datetime.datetime(2026, 9, 29, 15, 42, 41, 482000),)",2a3c600a
408192194,-778615866,2869,0:29:55.540000,"(datetime.datetime(2026, 9, 29, 15, 42, 41, 496000),)",2a3c600d
408195697,-778622863,2892,0:29:55.630000,"(datetime.datetime(2026, 9, 29, 15, 42, 41, 580000),)",2a3c600a
408192275,-778616023,2869,0:29:55.640000,"(datetime.datetime(2026, 9, 29, 15, 42, 41, 592000),)",2a3c600d
408195772,-778623007,2892,0:29:55.730000,"(datetime.datetime(2026, 9, 29, 15, 42, 41, 681000),)",2a3c600a
408192357,-778616177,2868,0:29:55.740000,"(datetime.datetime(2026, 9, 29, 15, 42, 41, 700000),)",2a3c600d
408192441,-778616334,2868,0:29:55.830000,"(datetime.datetime(2026, 9, 29, 15, 42, 41, 789000),)",2a3c600d
408195849,-778623158,2892,0:29:55.850000,"(datetime.datetime(2026, 9, 29, 15, 42, 41, 805000),)",2a3c600a
408195922,-778623303,2892,0:29:55.930000,"(datetime.datetime(2026, 9, 29, 15, 42, 41, 881000),)",2a3c600a
408192522,-778616492,2868,0:29:55.950000,"(datetime.datetime(2026, 9, 29, 15, 42, 41, 901000),)",2a3c600d
408195999,-778623451,2892,0:29:56.030000,"(datetime.datetime(2026, 9, 29, 15, 42, 41, 982000),)",2a3c600a
408192608,-778616646,2868,0:29:56.050000,"(datetime.datetime(2026, 9, 29, 15, 42, 42, 7000),)",2a3c600d
408196076,-778623602,2893,0:29:56.130000,"(datetime.datetime(2026, 9, 29, 15, 42, 42, 81000),)",2a3c600a
408192690,-778616802,2868,0:29:56.140000,"(datetime.datetime(2026, 9, 29, 15, 42, 42, 93000),)",2a3c600d
408196146,-778623744,2893,0:29:56.230000,"(datetime.datetime(2026, 9, 29, 15, 42, 42, 181000),)",2a3c600a
408192776,-778616965,2868,0:29:56.240000,"(datetime.datetime(2026, 9, 29, 15, 42, 42, 196000),)",2a3c600d
408196219,-778623892,2893,0:29:56.330000,"(datetime.datetime(2026, 9, 29, 15, 42, 42, 281000),)",2a3c600a
408192859,-778617116,2869,0:29:56.340000,"(datetime.datetime(2026, 9, 29, 15, 42, 42, 295000),)",2a3c600d
408196293,-778624037,2892,0:29:56.430000,"(datetime.datetime(2026, 9, 29, 15, 42, 42, 380000),)",2a3c600a
408192941,-778617277,2868,0:29:56.440000,"(datetime.datetime(2026, 9, 29, 15, 42, 42, 395000),)",2a3c600d
408196367,-778624184,2893,0:29:56.530000,"(datetime.datetime(2026, 9, 29, 15, 42, 42, 482000),)",2a3c600a
408193026,-778617435,2868,0:29:56.540000,"(datetime.datetime(2026, 9, 29, 15, 42, 42, 498000),)",2a3c600d
408196443,-778624330,2893,0:29:56.630000,"(datetime.datetime(2026, 9, 29, 15, 42, 42, 580000),)",2a3c600a
408193109,-778617592,2868,0:29:56.630000,"(datetime.datetime(2026, 9, 29, 15, 42, 42, 589000),)",2a3c600d
408196517,-778624478,2894,0:29:56.730000,"(datetime.datetime(2026, 9, 29, 15, 42, 42, 681000),)",2a3c600a
408193193,-778617749,2868,0:29:56.740000,"(datetime.datetime(2026, 9, 29, 15, 42, 42, 695000),)",2a3c600d
408196589,-778624627,2894,0:29:56.830000,"(datetime.datetime(2026, 9, 29, 15, 42, 42, 781000),)",2a3c600a
408193278,-778617908,2868,0:29:56.840000,"(datetime.datetime(2026, 9, 29, 15, 42, 42, 796000),)",2a3c600d
408196666,-778624769,2895,0:29:56.930000,"(datetime.datetime(2026, 9, 29, 15, 42, 42, 890000),)",2a3c600a
408193361,-778618065,2868,0:29:56.950000,"(datetime.datetime(2026, 9, 29, 15, 42, 42, 906000),)",2a3c600d
408196739,-778624918,2895,0:29:57.030000,"(datetime.datetime(2026, 9, 29, 15, 42, 42, 982000),)",2a3c600a
408193444,-778618219,2868,0:29:57.040000,"(datetime.datetime(2026, 9, 29, 15, 42, 43),)",2a3c600d
408196813,-778625061,2895,0:29:57.130000,"(datetime.datetime(2026, 9, 29, 15, 42, 43, 81000),)",2a3c600a
408193528,-778618380,2868,0:29:57.150000,"(datetime.datetime(2026, 9, 29, 15, 42, 43, 106000),)",2a3c600d
408196892,-778625209,2896,0:29:57.230000,"(datetime.datetime(2026, 9, 29, 15, 42, 43, 181000),)",2a3c600a
408193617,-778618537,2868,0:29:57.240000,"(datetime.datetime(2026, 9, 29, 15, 42, 43, 196000),)",2a3c600d
408196968,-778625351,2896,0:29:57.330000,"(datetime.datetime(2026, 9, 29, 15, 42, 43, 281000),)",2a3c600a
408193698,-778618693,2868,0:29:57.340000,"(datetime.datetime(2026, 9, 29, 15, 42, 43, 297000),)",2a3c600d
408197043,-778625495,2896,0:29:57.430000,"(datetime.datetime(2026, 9, 29, 15, 42, 43, 383000),)",2a3c600a
408193782,-778618848,2868,0:29:57.450000,"(datetime.datetime(2026, 9, 29, 15, 42, 43, 407000),)",2a3c600d
408197115,-778625644,2896,0:29:57.520000,"(datetime.datetime(2026, 9, 29, 15, 42, 43, 480000),)",2a3c600a
408193866,-778619007,2868,0:29:57.530000,"(datetime.datetime(2026, 9, 29, 15, 42, 43, 489000),)",2a3c600d
408197195,-778625793,2897,0:29:57.630000,"(datetime.datetime(2026, 9, 29, 15, 42, 43, 582000),)",2a3c600a
408193946,-778619164,2868,0:29:57.640000,"(datetime.datetime(2026, 9, 29, 15, 42, 43, 595000),)",2a3c600d
408197269,-778625939,2897,0:29:57.680000,"(datetime.datetime(2026, 9, 29, 15, 42, 43, 636000),)",2a3c600a
408194031,-778619319,2868,0:29:57.730000,"(datetime.datetime(2026, 9, 29, 15, 42, 43, 689000),)",2a3c600d
408197347,-778626082,2897,0:29:57.780000,"(datetime.datetime(2026, 9, 29, 15, 42, 43, 738000),)",2a3c600a
408194111,-778619476,2868,0:29:57.830000,"(datetime.datetime(2026, 9, 29, 15, 42, 43, 788000),)",2a3c600d
408197421,-778626232,2898,0:29:57.890000,"(datetime.datetime(2026, 9, 29, 15, 42, 43, 842000),)",2a3c600a
408194195,-778619633,2869,0:29:58,"(datetime.datetime(2026, 9, 29, 15, 42, 43, 958000),)",2a3c600d
408197497,-778626378,2899,0:29:58.090000,"(datetime.datetime(2026, 9, 29, 15, 42, 44, 44000),)",2a3c600a
408194275,-778619790,2868,0:29:58.190000,"(datetime.datetime(2026, 9, 29, 15, 42, 44, 147000),)",2a3c600d
408197575,-778626521,2899,0:29:58.280000,"(datetime.datetime(2026, 9, 29, 15, 42, 44, 239000),)",2a3c600a
408194356,-778619950,2868,0:29:58.390000,"(datetime.datetime(2026, 9, 29, 15, 42, 44, 341000),)",2a3c600d
408197650,-778626677,2900,0:29:58.580000,"(datetime.datetime(2026, 9, 29, 15, 42, 44, 536000),)",2a3c600a
408194444,-778620103,2868,0:29:58.790000,"(datetime.datetime(2026, 9, 29, 15, 42, 44, 743000),)",2a3c600d
408197726,-778626820,2900,0:29:58.800000,"(datetime.datetime(2026, 9, 29, 15, 42, 44, 759000),)",2a3c600a
408194527,-778620258,2869,0:29:58.990000,"(datetime.datetime(2026, 9, 29, 15, 42, 44, 946000),)",2a3c600d
408197808,-778626966,2900,0:29:59.010000,"(datetime.datetime(2026, 9, 29, 15, 42, 44, 961000),)",2a3c600a
408194611,-778620415,2868,0:29:59.120000,"(datetime.datetime(2026, 9, 29, 15, 42, 45, 80000),)",2a3c600d
408197887,-778627120,2901,0:29:59.200000,"(datetime.datetime(2026, 9, 29, 15, 42, 45, 159000),)",2a3c600a
408194691,-778620575,2868,0:29:59.270000,"(datetime.datetime(2026, 9, 29, 15, 42, 45, 226000),)",2a3c600d
408197960,-778627266,2901,0:29:59.320000,"(datetime.datetime(2026, 9, 29, 15, 42, 45, 277000),)",2a3c600a
408194769,-778620739,2868,0:29:59.340000,"(datetime.datetime(2026, 9, 29, 15, 42, 45, 299000),)",2a3c600d
408198037,-778627416,2902,0:29:59.410000,"(datetime.datetime(2026, 9, 29, 15, 42, 45, 365000),)",2a3c600a
408194852,-778620892,2868,0:29:59.570000,"(datetime.datetime(2026, 9, 29, 15, 42, 45, 530000),)",2a3c600d
408198117,-778627568,2904,0:29:59.590000,"(datetime.datetime(2026, 9, 29, 15, 42, 45, 545000),)",2a3c600a
408194939,-778621050,2868,0:29:59.610000,"(datetime.datetime(2026, 9, 29, 15, 42, 45, 567000),)",2a3c600d
408198197,-778627718,2904,0:29:59.720000,"(datetime.datetime(2026, 9, 29, 15, 42, 45, 675000),)",2a3c600a
408195021,-778621207,2868,0:29:59.790000,"(datetime.datetime(2026, 9, 29, 15, 42, 45, 742000),)",2a3c600d
408198273,-778627866,2902,0:29:59.810000,"(datetime.datetime(2026, 9, 29, 15, 42, 45, 768000),)",2a3c600a
408195097,-778621367,2869,0:29:59.920000,"(datetime.datetime(2026, 9, 29, 15, 42, 45, 880000),)",2a3c600d
408198355,-778628022,2905,0:30:00.020000,"(datetime.datetime(2026, 9, 29, 15, 42, 45, 976000),)",2a3c600a
408195181,-778621520,2869,0:30:00.130000,"(datetime.datetime(2026, 9, 29, 15, 42, 46, 85000),)",2a3c600d
408198437,-778628162,2905,0:30:00.230000,"(datetime.datetime(2026, 9, 29, 15, 42, 46, 182000),)",2a3c600a
408195268,-778621675,2868,0:30:00.250000,"(datetime.datetime(2026, 9, 29, 15, 42, 46, 201000),)",2a3c600d
408198517,-778628308,2904,0:30:00.300000,"(datetime.datetime(2026, 9, 29, 15, 42, 46, 251000),)",2a3c600a
408195350,-778621836,2869,0:30:00.340000,"(datetime.datetime(2026, 9, 29, 15, 42, 46, 295000),)",2a3c600d
408198594,-778628465,2904,0:30:00.400000,"(datetime.datetime(2026, 9, 29, 15, 42, 46, 358000),)",2a3c600a
408195432,-778621994,2869,0:30:00.540000,"(datetime.datetime(2026, 9, 29, 15, 42, 46, 494000),)",2a3c600d
408198677,-778628608,2904,0:30:00.610000,"(datetime.datetime(2026, 9, 29, 15, 42, 46, 563000),)",2a3c600a
408195514,-778622157,2869,0:30:00.630000,"(datetime.datetime(2026, 9, 29, 15, 42, 46, 586000),)",2a3c600d
408198757,-778628762,2904,0:30:00.740000,"(datetime.datetime(2026, 9, 29, 15, 42, 46, 699000),)",2a3c600a
408195597,-778622317,2869,0:30:00.840000,"(datetime.datetime(2026, 9, 29, 15, 42, 46, 795000),)",2a3c600d
408198843,-778628916,2905,0:30:00.950000,"(datetime.datetime(2026, 9, 29, 15, 42, 46, 904000),)",2a3c600a
408195681,-778622474,2870,0:30:01.050000,"(datetime.datetime(2026, 9, 29, 15, 42, 47, 3000),)",2a3c600d
408198923,-778629069,2906,0:30:01.150000,"(datetime.datetime(2026, 9, 29, 15, 42, 47, 108000),)",2a3c600a
408195762,-778622633,2870,0:30:01.170000,"(datetime.datetime(2026, 9, 29, 15, 42, 47, 124000),)",2a3c600d
408199002,-778629222,2905,0:30:01.180000,"(datetime.datetime(2026, 9, 29, 15, 42, 47, 137000),)",2a3c600a
408195846,-778622791,2870,0:30:01.190000,"(datetime.datetime(2026, 9, 29, 15, 42, 47, 144000),)",2a3c600d
408199083,-778629380,2906,0:30:01.200000,"(datetime.datetime(2026, 9, 29, 15, 42, 47, 151000),)",2a3c600a
408195926,-778622954,2870,0:30:01.230000,"(datetime.datetime(2026, 9, 29, 15, 42, 47, 183000),)",2a3c600d
408199164,-778629534,2906,0:30:01.230000,"(datetime.datetime(2026, 9, 29, 15, 42, 47, 190000),)",2a3c600a
408196013,-778623118,2870,0:30:01.240000,"(datetime.datetime(2026, 9, 29, 15, 42, 47, 197000),)",2a3c600d
408199247,-778629682,2906,0:30:01.250000,"(datetime.datetime(2026, 9, 29, 15, 42, 47, 204000),)",2a3c600a
408196097,-778623275,2871,0:30:01.260000,"(datetime.datetime(2026, 9, 29, 15, 42, 47, 210000),)",2a3c600d
408199333,-778629842,2907,0:30:01.290000,"(datetime.datetime(2026, 9, 29, 15, 42, 47, 244000),)",2a3c600a
408196181,-778623435,2871,0:30:01.300000,"(datetime.datetime(2026, 9, 29, 15, 42, 47, 251000),)",2a3c600d
408199416,-778629994,2907,0:30:01.300000,"(datetime.datetime(2026, 9, 29, 15, 42, 47, 259000),)",2a3c600a
408196264,-778623593,2872,0:30:01.310000,"(datetime.datetime(2026, 9, 29, 15, 42, 47, 265000),)",2a3c600d
408199505,-778630144,2907,0:30:01.320000,"(datetime.datetime(2026, 9, 29, 15, 42, 47, 272000),)",2a3c600a
408196345,-778623753,2872,0:30:01.360000,"(datetime.datetime(2026, 9, 29, 15, 42, 47, 311000),)",2a3c600d
408199583,-778630308,2907,0:30:01.360000,"(datetime.datetime(2026, 9, 29, 15, 42, 47, 318000),)",2a3c600a
408196428,-778623909,2872,0:30:01.370000,"(datetime.datetime(2026, 9, 29, 15, 42, 47, 326000),)",2a3c600d
408199670,-778630456,2907,0:30:01.380000,"(datetime.datetime(2026, 9, 29, 15, 42, 47, 333000),)",2a3c600a
408196511,-778624070,2873,0:30:01.380000,"(datetime.datetime(2026, 9, 29, 15, 42, 47, 339000),)",2a3c600d
408199755,-778630623,2908,0:30:01.420000,"(datetime.datetime(2026, 9, 29, 15, 42, 47, 375000),)",2a3c600a
408196592,-778624227,2874,0:30:01.480000,"(datetime.datetime(2026, 9, 29, 15, 42, 47, 432000),)",2a3c600d
408199839,-778630778,2907,0:30:01.500000,"(datetime.datetime(2026, 9, 29, 15, 42, 47, 453000),)",2a3c600a
408196675,-778624388,2874,0:30:01.510000,"(datetime.datetime(2026, 9, 29, 15, 42, 47, 469000),)",2a3c600d
408199839,-778630778,2907,0:30:01.520000,"(datetime.datetime(2026, 9, 29, 15, 42, 47, 477000),)",2a3c600a
408196761,-778624549,2874,0:30:01.530000,"(datetime.datetime(2026, 9, 29, 15, 42, 47, 484000),)",2a3c600d
408199925,-778630934,2907,0:30:01.540000,"(datetime.datetime(2026, 9, 29, 15, 42, 47, 491000),)",2a3c600a
408196843,-778624709,2874,0:30:01.540000,"(datetime.datetime(2026, 9, 29, 15, 42, 47, 499000),)",2a3c600d
408200011,-778631094,2908,0:30:01.580000,"(datetime.datetime(2026, 9, 29, 15, 42, 47, 538000),)",2a3c600a
408196928,-778624869,2874,0:30:01.590000,"(datetime.datetime(2026, 9, 29, 15, 42, 47, 545000),)",2a3c600d
408200097,-778631241,2908,0:30:01.600000,"(datetime.datetime(2026, 9, 29, 15, 42, 47, 553000),)",2a3c600a
408197009,-778625026,2875,0:30:01.600000,"(datetime.datetime(2026, 9, 29, 15, 42, 47, 559000),)",2a3c600d
408200187,-778631401,2908,0:30:01.630000,"(datetime.datetime(2026, 9, 29, 15, 42, 47, 590000),)",2a3c600a
408197094,-778625188,2876,0:30:01.640000,"(datetime.datetime(2026, 9, 29, 15, 42, 47, 598000),)",2a3c600d
408200275,-778631563,2909,0:30:01.650000,"(datetime.datetime(2026, 9, 29, 15, 42, 47, 606000),)",2a3c600a
408197175,-778625348,2876,0:30:01.660000,"(datetime.datetime(2026, 9, 29, 15, 42, 47, 614000),)",2a3c600d
408200360,-778631728,2909,0:30:01.690000,"(datetime.datetime(2026, 9, 29, 15, 42, 47, 648000),)",2a3c600a
408197262,-778625504,2877,0:30:01.700000,"(datetime.datetime(2026, 9, 29, 15, 42, 47, 655000),)",2a3c600d
408200447,-778631884,2908,0:30:01.710000,"(datetime.datetime(2026, 9, 29, 15, 42, 47, 662000),)",2a3c600a
408197345,-778625663,2877,0:30:01.710000,"(datetime.datetime(2026, 9, 29, 15, 42, 47, 668000),)",2a3c600d
408200534,-778632046,2909,0:30:01.780000,"(datetime.datetime(2026, 9, 29, 15, 42, 47, 736000),)",2a3c600a
408197430,-778625816,2877,0:30:01.810000,"(datetime.datetime(2026, 9, 29, 15, 42, 47, 762000),)",2a3c600d
408200619,-778632213,2909,0:30:01.880000,"(datetime.datetime(2026, 9, 29, 15, 42, 47, 836000),)",2a3c600a
408197515,-778625976,2878,0:30:01.890000,"(datetime.datetime(2026, 9, 29, 15, 42, 47, 849000),)",2a3c600d
408200709,-778632376,2909,0:30:01.980000,"(datetime.datetime(2026, 9, 29, 15, 42, 47, 940000),)",2a3c600a
408197594,-778626139,2879,0:30:02,"(datetime.datetime(2026, 9, 29, 15, 42, 47, 955000),)",2a3c600d
408200796,-778632539,2908,0:30:02.080000,"(datetime.datetime(2026, 9, 29, 15, 42, 48, 38000),)",2a3c600a
408197680,-778626297,2879,0:30:02.110000,"(datetime.datetime(2026, 9, 29, 15, 42, 48, 64000),)",2a3c600d
408200885,-778632707,2909,0:30:02.180000,"(datetime.datetime(2026, 9, 29, 15, 42, 48, 137000),)",2a3c600a
408197767,-778626451,2879,0:30:02.200000,"(datetime.datetime(2026, 9, 29, 15, 42, 48, 155000),)",2a3c600d
408200975,-778632857,2909,0:30:02.280000,"(datetime.datetime(2026, 9, 29, 15, 42, 48, 237000),)",2a3c600a
408197851,-778626609,2879,0:30:02.310000,"(datetime.datetime(2026, 9, 29, 15, 42, 48, 261000),)",2a3c600d
408201065,-778633022,2909,0:30:02.380000,"(datetime.datetime(2026, 9, 29, 15, 42, 48, 336000),)",2a3c600a
408197938,-778626768,2879,0:30:02.400000,"(datetime.datetime(2026, 9, 29, 15, 42, 48, 352000),)",2a3c600d
408201154,-778633189,2908,0:30:02.450000,"(datetime.datetime(2026, 9, 29, 15, 42, 48, 406000),)",2a3c600a
408198021,-778626929,2880,0:30:02.490000,"(datetime.datetime(2026, 9, 29, 15, 42, 48, 443000),)",2a3c600d
408201240,-778633352,2908,0:30:02.550000,"(datetime.datetime(2026, 9, 29, 15, 42, 48, 505000),)",2a3c600a
408198102,-778627090,2881,0:30:02.590000,"(datetime.datetime(2026, 9, 29, 15, 42, 48, 541000),)",2a3c600d
408201332,-778633516,2908,0:30:02.650000,"(datetime.datetime(2026, 9, 29, 15, 42, 48, 607000),)",2a3c600a
408198189,-778627249,2880,0:30:02.700000,"(datetime.datetime(2026, 9, 29, 15, 42, 48, 653000),)",2a3c600d
408201419,-778633681,2908,0:30:02.750000,"(datetime.datetime(2026, 9, 29, 15, 42, 48, 706000),)",2a3c600a
408198276,-778627405,2881,0:30:02.790000,"(datetime.datetime(2026, 9, 29, 15, 42, 48, 742000),)",2a3c600d
408201511,-778633848,2908,0:30:02.860000,"(datetime.datetime(2026, 9, 29, 15, 42, 48, 819000),)",2a3c600a
408198356,-778627572,2882,0:30:02.890000,"(datetime.datetime(2026, 9, 29, 15, 42, 48, 840000),)",2a3c600d
408198437,-778627738,2882,0:30:02.990000,"(datetime.datetime(2026, 9, 29, 15, 42, 48, 942000),)",2a3c600d
408201599,-778634008,2908,0:30:03.070000,"(datetime.datetime(2026, 9, 29, 15, 42, 49, 22000),)",2a3c600a
408201689,-778634175,2908,0:30:03.090000,"(datetime.datetime(2026, 9, 29, 15, 42, 49, 41000),)",2a3c600a
408198531,-778627895,2882,0:30:03.100000,"(datetime.datetime(2026, 9, 29, 15, 42, 49, 57000),)",2a3c600d
408198617,-778628054,2882,0:30:03.190000,"(datetime.datetime(2026, 9, 29, 15, 42, 49, 142000),)",2a3c600d
408201870,-778634489,2906,0:30:03.250000,"(datetime.datetime(2026, 9, 29, 15, 42, 49, 206000),)",2a3c600a
408198695,-778628225,2883,0:30:03.290000,"(datetime.datetime(2026, 9, 29, 15, 42, 49, 248000),)",2a3c600d
408201963,-778634654,2906,0:30:03.350000,"(datetime.datetime(2026, 9, 29, 15, 42, 49, 307000),)",2a3c600a
408198783,-778628379,2883,0:30:03.390000,"(datetime.datetime(2026, 9, 29, 15, 42, 49, 341000),)",2a3c600d
408201963,-778634654,2906,0:30:03.450000,"(datetime.datetime(2026, 9, 29, 15, 42, 49, 406000),)",2a3c600a
408198867,-778628544,2883,0:30:03.490000,"(datetime.datetime(2026, 9, 29, 15, 42, 49, 441000),)",2a3c600d
408202142,-778634980,2905,0:30:03.550000,"(datetime.datetime(2026, 9, 29, 15, 42, 49, 505000),)",2a3c600a
408198948,-778628701,2884,0:30:03.590000,"(datetime.datetime(2026, 9, 29, 15, 42, 49, 541000),)",2a3c600d
408202229,-778635142,2905,0:30:03.650000,"(datetime.datetime(2026, 9, 29, 15, 42, 49, 606000),)",2a3c600a
408199034,-778628862,2884,0:30:03.690000,"(datetime.datetime(2026, 9, 29, 15, 42, 49, 642000),)",2a3c600d
408202317,-778635312,2904,0:30:03.750000,"(datetime.datetime(2026, 9, 29, 15, 42, 49, 707000),)",2a3c600a
408199115,-778629022,2884,0:30:03.790000,"(datetime.datetime(2026, 9, 29, 15, 42, 49, 744000),)",2a3c600d
408202317,-778635312,2904,0:30:03.850000,"(datetime.datetime(2026, 9, 29, 15, 42, 49, 806000),)",2a3c600a
408202409,-778635467,2903,0:30:03.870000,"(datetime.datetime(2026, 9, 29, 15, 42, 49, 821000),)",2a3c600a
408199197,-778629181,2885,0:30:03.890000,"(datetime.datetime(2026, 9, 29, 15, 42, 49, 848000),)",2a3c600d
408202502,-778635629,2903,0:30:03.950000,"(datetime.datetime(2026, 9, 29, 15, 42, 49, 907000),)",2a3c600a
408199285,-778629336,2884,0:30:03.990000,"(datetime.datetime(2026, 9, 29, 15, 42, 49, 943000),)",2a3c600d
408202591,-778635790,2902,0:30:04.050000,"(datetime.datetime(2026, 9, 29, 15, 42, 50, 5000),)",2a3c600a
408199365,-778629501,2885,0:30:04.090000,"(datetime.datetime(2026, 9, 29, 15, 42, 50, 41000),)",2a3c600d
408202685,-778635956,2902,0:30:04.150000,"(datetime.datetime(2026, 9, 29, 15, 42, 50, 106000),)",2a3c600a
408199365,-778629501,2885,0:30:04.190000,"(datetime.datetime(2026, 9, 29, 15, 42, 50, 142000),)",2a3c600d
408202774,-778636114,2901,0:30:04.250000,"(datetime.datetime(2026, 9, 29, 15, 42, 50, 206000),)",2a3c600a
408199539,-778629809,2885,0:30:04.290000,"(datetime.datetime(2026, 9, 29, 15, 42, 50, 242000),)",2a3c600d
408202867,-778636282,2900,0:30:04.350000,"(datetime.datetime(2026, 9, 29, 15, 42, 50, 305000),)",2a3c600a
408199539,-778629809,2885,0:30:04.390000,"(datetime.datetime(2026, 9, 29, 15, 42, 50, 342000),)",2a3c600d
408202959,-778636446,2899,0:30:04.470000,"(datetime.datetime(2026, 9, 29, 15, 42, 50, 421000),)",2a3c600a
408199624,-778629965,2886,0:30:04.490000,"(datetime.datetime(2026, 9, 29, 15, 42, 50, 442000),)",2a3c600d
408203049,-778636602,2899,0:30:04.550000,"(datetime.datetime(2026, 9, 29, 15, 42, 50, 508000),)",2a3c600a
408199706,-778630131,2886,0:30:04.590000,"(datetime.datetime(2026, 9, 29, 15, 42, 50, 542000),)",2a3c600d
408203144,-778636765,2898,0:30:04.650000,"(datetime.datetime(2026, 9, 29, 15, 42, 50, 606000),)",2a3c600a
408199791,-778630283,2886,0:30:04.690000,"(datetime.datetime(2026, 9, 29, 15, 42, 50, 641000),)",2a3c600d
408203234,-778636925,2897,0:30:04.750000,"(datetime.datetime(2026, 9, 29, 15, 42, 50, 706000),)",2a3c600a
408199961,-778630602,2886,0:30:04.790000,"(datetime.datetime(2026, 9, 29, 15, 42, 50, 742000),)",2a3c600d
408203327,-778637087,2896,0:30:04.850000,"(datetime.datetime(2026, 9, 29, 15, 42, 50, 806000),)",2a3c600a
408200046,-778630762,2886,0:30:04.890000,"(datetime.datetime(2026, 9, 29, 15, 42, 50, 844000),)",2a3c600d
408203414,-778637250,2895,0:30:04.950000,"(datetime.datetime(2026, 9, 29, 15, 42, 50, 906000),)",2a3c600a
408200129,-778630918,2886,0:30:04.990000,"(datetime.datetime(2026, 9, 29, 15, 42, 50, 942000),)",2a3c600d
408203506,-778637414,2895,0:30:05.050000,"(datetime.datetime(2026, 9, 29, 15, 42, 51, 6000),)",2a3c600a
408200212,-778631082,2886,0:30:05.090000,"(datetime.datetime(2026, 9, 29, 15, 42, 51, 42000),)",2a3c600d
408203599,-778637562,2893,0:30:05.150000,"(datetime.datetime(2026, 9, 29, 15, 42, 51, 107000),)",2a3c600a
408200302,-778631237,2886,0:30:05.190000,"(datetime.datetime(2026, 9, 29, 15, 42, 51, 142000),)",2a3c600d
408203693,-778637721,2893,0:30:05.250000,"(datetime.datetime(2026, 9, 29, 15, 42, 51, 206000),)",2a3c600a
408200390,-778631396,2886,0:30:05.290000,"(datetime.datetime(2026, 9, 29, 15, 42, 51, 242000),)",2a3c600d
408203778,-778637878,2893,0:30:05.350000,"(datetime.datetime(2026, 9, 29, 15, 42, 51, 307000),)",2a3c600a
408200473,-778631557,2886,0:30:05.390000,"(datetime.datetime(2026, 9, 29, 15, 42, 51, 343000),)",2a3c600d
408203873,-778638035,2892,0:30:05.450000,"(datetime.datetime(2026, 9, 29, 15, 42, 51, 406000),)",2a3c600a
408200566,-778631718,2886,0:30:05.490000,"(datetime.datetime(2026, 9, 29, 15, 42, 51, 443000),)",2a3c600d
408203959,-778638195,2891,0:30:05.550000,"(datetime.datetime(2026, 9, 29, 15, 42, 51, 505000),)",2a3c600a
408200652,-778631876,2886,0:30:05.590000,"(datetime.datetime(2026, 9, 29, 15, 42, 51, 541000),)",2a3c600d
408204050,-778638352,2890,0:30:05.650000,"(datetime.datetime(2026, 9, 29, 15, 42, 51, 606000),)",2a3c600a
408200740,-778632039,2886,0:30:05.690000,"(datetime.datetime(2026, 9, 29, 15, 42, 51, 649000),)",2a3c600d
408204137,-778638507,2890,0:30:05.750000,"(datetime.datetime(2026, 9, 29, 15, 42, 51, 706000),)",2a3c600a
408200831,-778632197,2886,0:30:05.790000,"(datetime.datetime(2026, 9, 29, 15, 42, 51, 743000),)",2a3c600d
408204224,-778638661,2889,0:30:05.850000,"(datetime.datetime(2026, 9, 29, 15, 42, 51, 806000),)",2a3c600a
408200914,-778632359,2886,0:30:05.890000,"(datetime.datetime(2026, 9, 29, 15, 42, 51, 843000),)",2a3c600d
408204311,-778638815,2887,0:30:05.950000,"(datetime.datetime(2026, 9, 29, 15, 42, 51, 906000),)",2a3c600a
408201003,-778632521,2886,0:30:05.990000,"(datetime.datetime(2026, 9, 29, 15, 42, 51, 942000),)",2a3c600d
408204399,-778638971,2887,0:30:06.050000,"(datetime.datetime(2026, 9, 29, 15, 42, 52, 6000),)",2a3c600a
408201093,-778632684,2886,0:30:06.090000,"(datetime.datetime(2026, 9, 29, 15, 42, 52, 44000),)",2a3c600d
408204489,-778639129,2886,0:30:06.150000,"(datetime.datetime(2026, 9, 29, 15, 42, 52, 105000),)",2a3c600a
408201183,-778632845,2886,0:30:06.190000,"(datetime.datetime(2026, 9, 29, 15, 42, 52, 141000),)",2a3c600d
408204579,-778639285,2885,0:30:06.250000,"(datetime.datetime(2026, 9, 29, 15, 42, 52, 206000),)",2a3c600a
408201271,-778633011,2885,0:30:06.290000,"(datetime.datetime(2026, 9, 29, 15, 42, 52, 241000),)",2a3c600d
408204669,-778639442,2885,0:30:06.350000,"(datetime.datetime(2026, 9, 29, 15, 42, 52, 305000),)",2a3c600a
408201360,-778633173,2885,0:30:06.400000,"(datetime.datetime(2026, 9, 29, 15, 42, 52, 355000),)",2a3c600d
408204755,-778639591,2883,0:30:06.450000,"(datetime.datetime(2026, 9, 29, 15, 42, 52, 407000),)",2a3c600a
408201453,-778633337,2885,0:30:06.490000,"(datetime.datetime(2026, 9, 29, 15, 42, 52, 442000),)",2a3c600d
408204843,-778639745,2882,0:30:06.550000,"(datetime.datetime(2026, 9, 29, 15, 42, 52, 509000),)",2a3c600a
408201542,-778633497,2885,0:30:06.590000,"(datetime.datetime(2026, 9, 29, 15, 42, 52, 541000),)",2a3c600d
408204933,-778639902,2883,0:30:06.650000,"(datetime.datetime(2026, 9, 29, 15, 42, 52, 605000),)",2a3c600a
408201633,-778633659,2885,0:30:06.690000,"(datetime.datetime(2026, 9, 29, 15, 42, 52, 641000),)",2a3c600d
408205020,-778640055,2881,0:30:06.750000,"(datetime.datetime(2026, 9, 29, 15, 42, 52, 708000),)",2a3c600a
408201722,-778633827,2884,0:30:06.790000,"(datetime.datetime(2026, 9, 29, 15, 42, 52, 741000),)",2a3c600d
408205113,-778640205,2879,0:30:06.850000,"(datetime.datetime(2026, 9, 29, 15, 42, 52, 805000),)",2a3c600a
408201722,-778633827,2884,0:30:06.890000,"(datetime.datetime(2026, 9, 29, 15, 42, 52, 841000),)",2a3c600d
408205205,-778640359,2878,0:30:06.950000,"(datetime.datetime(2026, 9, 29, 15, 42, 52, 906000),)",2a3c600a
408201811,-778633992,2884,0:30:06.990000,"(datetime.datetime(2026, 9, 29, 15, 42, 52, 941000),)",2a3c600d
408205290,-778640514,2879,0:30:07.050000,"(datetime.datetime(2026, 9, 29, 15, 42, 53, 6000),)",2a3c600a
408201906,-778634151,2884,0:30:07.090000,"(datetime.datetime(2026, 9, 29, 15, 42, 53, 42000),)",2a3c600d
408205378,-778640672,2878,0:30:07.150000,"(datetime.datetime(2026, 9, 29, 15, 42, 53, 106000),)",2a3c600a
408201994,-778634319,2883,0:30:07.190000,"(datetime.datetime(2026, 9, 29, 15, 42, 53, 145000),)",2a3c600d
408205471,-778640823,2878,0:30:07.260000,"(datetime.datetime(2026, 9, 29, 15, 42, 53, 215000),)",2a3c600a
408202088,-778634478,2885,0:30:07.290000,"(datetime.datetime(2026, 9, 29, 15, 42, 53, 242000),)",2a3c600d
408205559,-778640976,2877,0:30:07.370000,"(datetime.datetime(2026, 9, 29, 15, 42, 53, 325000),)",2a3c600a
408202184,-778634639,2884,0:30:07.400000,"(datetime.datetime(2026, 9, 29, 15, 42, 53, 352000),)",2a3c600d
408202276,-778634803,2883,0:30:07.490000,"(datetime.datetime(2026, 9, 29, 15, 42, 53, 442000),)",2a3c600d
408205651,-778641130,2876,0:30:07.550000,"(datetime.datetime(2026, 9, 29, 15, 42, 53, 506000),)",2a3c600a
408205744,-778641284,2875,0:30:07.570000,"(datetime.datetime(2026, 9, 29, 15, 42, 53, 525000),)",2a3c600a
408202367,-778634964,2883,0:30:07.590000,"(datetime.datetime(2026, 9, 29, 15, 42, 53, 541000),)",2a3c600d
408202463,-778635127,2882,0:30:07.690000,"(datetime.datetime(2026, 9, 29, 15, 42, 53, 650000),)",2a3c600d
408205835,-778641449,2876,0:30:07.770000,"(datetime.datetime(2026, 9, 29, 15, 42, 53, 720000),)",2a3c600a
408205922,-778641598,2873,0:30:07.780000,"(datetime.datetime(2026, 9, 29, 15, 42, 53, 736000),)",2a3c600a
408202556,-778635298,2881,0:30:07.800000,"(datetime.datetime(2026, 9, 29, 15, 42, 53, 757000),)",2a3c600d
408202649,-778635464,2881,0:30:07.890000,"(datetime.datetime(2026, 9, 29, 15, 42, 53, 842000),)",2a3c600d
408206102,-778641915,2872,0:30:07.950000,"(datetime.datetime(2026, 9, 29, 15, 42, 53, 906000),)",2a3c600a
408202740,-778635635,2880,0:30:07.990000,"(datetime.datetime(2026, 9, 29, 15, 42, 53, 943000),)",2a3c600d
408206102,-778641915,2872,0:30:08.050000,"(datetime.datetime(2026, 9, 29, 15, 42, 54, 6000),)",2a3c600a
408202934,-778635967,2879,0:30:08.090000,"(datetime.datetime(2026, 9, 29, 15, 42, 54, 44000),)",2a3c600d
408206195,-778642061,2870,0:30:08.150000,"(datetime.datetime(2026, 9, 29, 15, 42, 54, 107000),)",2a3c600a
408203030,-778636136,2878,0:30:08.190000,"(datetime.datetime(2026, 9, 29, 15, 42, 54, 142000),)",2a3c600d
408206374,-778642370,2868,0:30:08.250000,"(datetime.datetime(2026, 9, 29, 15, 42, 54, 207000),)",2a3c600a
408203125,-778636301,2877,0:30:08.290000,"(datetime.datetime(2026, 9, 29, 15, 42, 54, 241000),)",2a3c600d
408206374,-778642370,2868,0:30:08.350000,"(datetime.datetime(2026, 9, 29, 15, 42, 54, 306000),)",2a3c600a
408206466,-778642523,2867,0:30:08.370000,"(datetime.datetime(2026, 9, 29, 15, 42, 54, 322000),)",2a3c600a
408203125,-778636301,2877,0:30:08.390000,"(datetime.datetime(2026, 9, 29, 15, 42, 54, 341000),)",2a3c600d
408203317,-778636643,2876,0:30:08.490000,"(datetime.datetime(2026, 9, 29, 15, 42, 54, 442000),)",2a3c600d
408206559,-778642678,2866,0:30:08.550000,"(datetime.datetime(2026, 9, 29, 15, 42, 54, 506000),)",2a3c600a
408206741,-778642989,2864,0:30:08.570000,"(datetime.datetime(2026, 9, 29, 15, 42, 54, 522000),)",2a3c600a
408203411,-778636816,2875,0:30:08.590000,"(datetime.datetime(2026, 9, 29, 15, 42, 54, 550000),)",2a3c600d
408206834,-778643146,2864,0:30:08.680000,"(datetime.datetime(2026, 9, 29, 15, 42, 54, 633000),)",2a3c600a
408203509,-778636985,2874,0:30:08.700000,"(datetime.datetime(2026, 9, 29, 15, 42, 54, 650000),)",2a3c600d
408206834,-778643146,2864,0:30:08.770000,"(datetime.datetime(2026, 9, 29, 15, 42, 54, 722000),)",2a3c600a
408203607,-778637157,2873,0:30:08.790000,"(datetime.datetime(2026, 9, 29, 15, 42, 54, 741000),)",2a3c600d
408206929,-778643297,2862,0:30:08.870000,"(datetime.datetime(2026, 9, 29, 15, 42, 54, 824000),)",2a3c600a
408203702,-778637328,2873,0:30:08.890000,"(datetime.datetime(2026, 9, 29, 15, 42, 54, 843000),)",2a3c600d
408207017,-778643451,2862,0:30:08.970000,"(datetime.datetime(2026, 9, 29, 15, 42, 54, 922000),)",2a3c600a
408203702,-778637328,2873,0:30:08.990000,"(datetime.datetime(2026, 9, 29, 15, 42, 54, 943000),)",2a3c600d
408207111,-778643612,2862,0:30:09.070000,"(datetime.datetime(2026, 9, 29, 15, 42, 55, 22000),)",2a3c600a
408203799,-778637499,2872,0:30:09.090000,"(datetime.datetime(2026, 9, 29, 15, 42, 55, 43000),)",2a3c600d
408207202,-778643770,2862,0:30:09.170000,"(datetime.datetime(2026, 9, 29, 15, 42, 55, 121000),)",2a3c600a
408203895,-778637671,2872,0:30:09.190000,"(datetime.datetime(2026, 9, 29, 15, 42, 55, 141000),)",2a3c600d
408207287,-778643923,2860,0:30:09.270000,"(datetime.datetime(2026, 9, 29, 15, 42, 55, 223000),)",2a3c600a
408203996,-778637847,2870,0:30:09.300000,"(datetime.datetime(2026, 9, 29, 15, 42, 55, 253000),)",2a3c600d
408207379,-778644079,2860,0:30:09.370000,"(datetime.datetime(2026, 9, 29, 15, 42, 55, 321000),)",2a3c600a
408204089,-778638020,2870,0:30:09.390000,"(datetime.datetime(2026, 9, 29, 15, 42, 55, 342000),)",2a3c600d
408207472,-778644235,2858,0:30:09.470000,"(datetime.datetime(2026, 9, 29, 15, 42, 55, 423000),)",2a3c600a
408204189,-778638192,2869,0:30:09.490000,"(datetime.datetime(2026, 9, 29, 15, 42, 55, 441000),)",2a3c600d
408207565,-778644384,2857,0:30:09.570000,"(datetime.datetime(2026, 9, 29, 15, 42, 55, 524000),)",2a3c600a
408204287,-778638362,2868,0:30:09.590000,"(datetime.datetime(2026, 9, 29, 15, 42, 55, 542000),)",2a3c600d
408207657,-778644541,2857,0:30:09.670000,"(datetime.datetime(2026, 9, 29, 15, 42, 55, 621000),)",2a3c600a
408204382,-778638536,2867,0:30:09.690000,"(datetime.datetime(2026, 9, 29, 15, 42, 55, 642000),)",2a3c600d
408207751,-778644701,2856,0:30:09.770000,"(datetime.datetime(2026, 9, 29, 15, 42, 55, 722000),)",2a3c600a
408204482,-778638712,2867,0:30:09.790000,"(datetime.datetime(2026, 9, 29, 15, 42, 55, 741000),)",2a3c600d
408207841,-778644849,2855,0:30:09.870000,"(datetime.datetime(2026, 9, 29, 15, 42, 55, 822000),)",2a3c600a
408204576,-778638887,2866,0:30:09.890000,"(datetime.datetime(2026, 9, 29, 15, 42, 55, 842000),)",2a3c600d
408207937,-778645006,2854,0:30:09.940000,"(datetime.datetime(2026, 9, 29, 15, 42, 55, 897000),)",2a3c600a
408204679,-778639057,2865,0:30:09.990000,"(datetime.datetime(2026, 9, 29, 15, 42, 55, 943000),)",2a3c600d
408208032,-778645159,2854,0:30:10.040000,"(datetime.datetime(2026, 9, 29, 15, 42, 55, 996000),)",2a3c600a
408204778,-778639230,2863,0:30:10.090000,"(datetime.datetime(2026, 9, 29, 15, 42, 56, 41000),)",2a3c600d
408208122,-778645308,2852,0:30:10.150000,"(datetime.datetime(2026, 9, 29, 15, 42, 56, 103000),)",2a3c600a
408204879,-778639402,2862,0:30:10.190000,"(datetime.datetime(2026, 9, 29, 15, 42, 56, 143000),)",2a3c600d
408208215,-778645465,2851,0:30:10.240000,"(datetime.datetime(2026, 9, 29, 15, 42, 56, 197000),)",2a3c600a
408204982,-778639568,2861,0:30:10.290000,"(datetime.datetime(2026, 9, 29, 15, 42, 56, 243000),)",2a3c600d
408208303,-778645623,2851,0:30:10.340000,"(datetime.datetime(2026, 9, 29, 15, 42, 56, 299000),)",2a3c600a
408205081,-778639748,2860,0:30:10.390000,"(datetime.datetime(2026, 9, 29, 15, 42, 56, 345000),)",2a3c600d
408208396,-778645775,2850,0:30:10.450000,"(datetime.datetime(2026, 9, 29, 15, 42, 56, 403000),)",2a3c600a
408205179,-778639919,2860,0:30:10.490000,"(datetime.datetime(2026, 9, 29, 15, 42, 56, 442000),)",2a3c600d
408208490,-778645930,2850,0:30:10.540000,"(datetime.datetime(2026, 9, 29, 15, 42, 56, 496000),)",2a3c600a
408205278,-778640097,2859,0:30:10.590000,"(datetime.datetime(2026, 9, 29, 15, 42, 56, 542000),)",2a3c600d
408208583,-778646089,2849,0:30:10.650000,"(datetime.datetime(2026, 9, 29, 15, 42, 56, 601000),)",2a3c600a
408205381,-778640264,2858,0:30:10.690000,"(datetime.datetime(2026, 9, 29, 15, 42, 56, 641000),)",2a3c600d
408208673,-778646240,2849,0:30:10.740000,"(datetime.datetime(2026, 9, 29, 15, 42, 56, 697000),)",2a3c600a
408205478,-778640437,2857,0:30:10.790000,"(datetime.datetime(2026, 9, 29, 15, 42, 56, 741000),)",2a3c600d
408208767,-778646395,2848,0:30:10.840000,"(datetime.datetime(2026, 9, 29, 15, 42, 56, 797000),)",2a3c600a
408205580,-778640617,2856,0:30:10.890000,"(datetime.datetime(2026, 9, 29, 15, 42, 56, 842000),)",2a3c600d
408208852,-778646557,2847,0:30:10.940000,"(datetime.datetime(2026, 9, 29, 15, 42, 56, 897000),)",2a3c600a
408205675,-778640790,2855,0:30:11.010000,"(datetime.datetime(2026, 9, 29, 15, 42, 56, 965000),)",2a3c600d
408208945,-778646707,2847,0:30:11.040000,"(datetime.datetime(2026, 9, 29, 15, 42, 56, 996000),)",2a3c600a
408205779,-778640957,2854,0:30:11.090000,"(datetime.datetime(2026, 9, 29, 15, 42, 57, 41000),)",2a3c600d
408209039,-778646859,2847,0:30:11.140000,"(datetime.datetime(2026, 9, 29, 15, 42, 57, 97000),)",2a3c600a
408205878,-778641133,2853,0:30:11.190000,"(datetime.datetime(2026, 9, 29, 15, 42, 57, 141000),)",2a3c600d
408209132,-778647017,2846,0:30:11.240000,"(datetime.datetime(2026, 9, 29, 15, 42, 57, 197000),)",2a3c600a
408205979,-778641307,2852,0:30:11.290000,"(datetime.datetime(2026, 9, 29, 15, 42, 57, 242000),)",2a3c600d
408209226,-778647168,2846,0:30:11.340000,"(datetime.datetime(2026, 9, 29, 15, 42, 57, 297000),)",2a3c600a
408206081,-778641479,2851,0:30:11.390000,"(datetime.datetime(2026, 9, 29, 15, 42, 57, 343000),)",2a3c600d
408209315,-778647321,2845,0:30:11.440000,"(datetime.datetime(2026, 9, 29, 15, 42, 57, 396000),)",2a3c600a
408206183,-778641652,2850,0:30:11.490000,"(datetime.datetime(2026, 9, 29, 15, 42, 57, 442000),)",2a3c600d
408209408,-778647472,2845,0:30:11.540000,"(datetime.datetime(2026, 9, 29, 15, 42, 57, 496000),)",2a3c600a
408206284,-778641825,2849,0:30:11.590000,"(datetime.datetime(2026, 9, 29, 15, 42, 57, 542000),)",2a3c600d
408209506,-778647633,2845,0:30:11.640000,"(datetime.datetime(2026, 9, 29, 15, 42, 57, 597000),)",2a3c600a
408206386,-778642000,2848,0:30:11.690000,"(datetime.datetime(2026, 9, 29, 15, 42, 57, 641000),)",2a3c600d
408209592,-778647777,2843,0:30:11.740000,"(datetime.datetime(2026, 9, 29, 15, 42, 57, 696000),)",2a3c600a
408206588,-778642348,2846,0:30:11.790000,"(datetime.datetime(2026, 9, 29, 15, 42, 57, 741000),)",2a3c600d
408209689,-778647932,2843,0:30:11.840000,"(datetime.datetime(2026, 9, 29, 15, 42, 57, 796000),)",2a3c600a
408206687,-778642522,2845,0:30:11.890000,"(datetime.datetime(2026, 9, 29, 15, 42, 57, 841000),)",2a3c600d
408209778,-778648090,2843,0:30:11.940000,"(datetime.datetime(2026, 9, 29, 15, 42, 57, 897000),)",2a3c600a
408206790,-778642699,2844,0:30:11.990000,"(datetime.datetime(2026, 9, 29, 15, 42, 57, 945000),)",2a3c600d
408209874,-778648239,2842,0:30:12.050000,"(datetime.datetime(2026, 9, 29, 15, 42, 58, 4000),)",2a3c600a
408206790,-778642699,2844,0:30:12.090000,"(datetime.datetime(2026, 9, 29, 15, 42, 58, 41000),)",2a3c600d
408209964,-778648391,2841,0:30:12.140000,"(datetime.datetime(2026, 9, 29, 15, 42, 58, 97000),)",2a3c600a
408206893,-778642871,2844,0:30:12.190000,"(datetime.datetime(2026, 9, 29, 15, 42, 58, 142000),)",2a3c600d
408210049,-778648556,2841,0:30:12.240000,"(datetime.datetime(2026, 9, 29, 15, 42, 58, 196000),)",2a3c600a
408207000,-778643041,2843,0:30:12.290000,"(datetime.datetime(2026, 9, 29, 15, 42, 58, 243000),)",2a3c600d
408210140,-778648709,2841,0:30:12.340000,"(datetime.datetime(2026, 9, 29, 15, 42, 58, 296000),)",2a3c600a
408207101,-778643222,2842,0:30:12.390000,"(datetime.datetime(2026, 9, 29, 15, 42, 58, 341000),)",2a3c600d
408210225,-778648870,2841,0:30:12.490000,"(datetime.datetime(2026, 9, 29, 15, 42, 58, 441000),)",2a3c600a
408207208,-778643389,2842,0:30:12.500000,"(datetime.datetime(2026, 9, 29, 15, 42, 58, 458000),)",2a3c600d
408210318,-778649024,2841,0:30:12.540000,"(datetime.datetime(2026, 9, 29, 15, 42, 58, 499000),)",2a3c600a
408207305,-778643571,2841,0:30:12.600000,"(datetime.datetime(2026, 9, 29, 15, 42, 58, 555000),)",2a3c600d
408210402,-778649177,2840,0:30:12.640000,"(datetime.datetime(2026, 9, 29, 15, 42, 58, 598000),)",2a3c600a
408207410,-778643740,2839,0:30:12.690000,"(datetime.datetime(2026, 9, 29, 15, 42, 58, 642000),)",2a3c600d
408210498,-778649328,2839,0:30:12.750000,"(datetime.datetime(2026, 9, 29, 15, 42, 58, 703000),)",2a3c600a
408207516,-778643916,2839,0:30:12.790000,"(datetime.datetime(2026, 9, 29, 15, 42, 58, 742000),)",2a3c600d
408210582,-778649489,2840,0:30:12.840000,"(datetime.datetime(2026, 9, 29, 15, 42, 58, 796000),)",2a3c600a
408207618,-778644090,2838,0:30:12.890000,"(datetime.datetime(2026, 9, 29, 15, 42, 58, 841000),)",2a3c600d
408210672,-778649640,2839,0:30:13.120000,"(datetime.datetime(2026, 9, 29, 15, 42, 59, 77000),)",2a3c600a
408207718,-778644264,2837,0:30:13.340000,"(datetime.datetime(2026, 9, 29, 15, 42, 59, 294000),)",2a3c600d
408210766,-778649793,2839,0:30:13.420000,"(datetime.datetime(2026, 9, 29, 15, 42, 59, 372000),)",2a3c600a
408207818,-778644441,2837,0:30:13.570000,"(datetime.datetime(2026, 9, 29, 15, 42, 59, 525000),)",2a3c600d
408210850,-778649946,2838,0:30:13.670000,"(datetime.datetime(2026, 9, 29, 15, 42, 59, 630000),)",2a3c600a
408207918,-778644617,2836,0:30:13.760000,"(datetime.datetime(2026, 9, 29, 15, 42, 59, 720000),)",2a3c600d
408210939,-778650105,2838,0:30:13.850000,"(datetime.datetime(2026, 9, 29, 15, 42, 59, 806000),)",2a3c600a
408208016,-778644787,2836,0:30:13.920000,"(datetime.datetime(2026, 9, 29, 15, 42, 59, 873000),)",2a3c600d
408211027,-778650261,2837,0:30:13.970000,"(datetime.datetime(2026, 9, 29, 15, 42, 59, 923000),)",2a3c600a
408208117,-778644957,2835,0:30:14.060000,"(datetime.datetime(2026, 9, 29, 15, 43, 0, 11000),)",2a3c600d
408211116,-778650414,2838,0:30:14.110000,"(datetime.datetime(2026, 9, 29, 15, 43, 0, 70000),)",2a3c600a
408208218,-778645135,2834,0:30:14.170000,"(datetime.datetime(2026, 9, 29, 15, 43, 0, 122000),)",2a3c600d
408211203,-778650570,2837,0:30:14.260000,"(datetime.datetime(2026, 9, 29, 15, 43, 0, 218000),)",2a3c600a
408208321,-778645303,2834,0:30:14.320000,"(datetime.datetime(2026, 9, 29, 15, 43, 0, 279000),)",2a3c600d
408211295,-778650723,2836,0:30:14.370000,"(datetime.datetime(2026, 9, 29, 15, 43, 0, 325000),)",2a3c600a
408208419,-778645479,2833,0:30:14.520000,"(datetime.datetime(2026, 9, 29, 15, 43, 0, 476000),)",2a3c600d
408211382,-778650880,2835,0:30:14.570000,"(datetime.datetime(2026, 9, 29, 15, 43, 0, 523000),)",2a3c600a
408208519,-778645645,2832,0:30:14.670000,"(datetime.datetime(2026, 9, 29, 15, 43, 0, 625000),)",2a3c600d
408211466,-778651039,2836,0:30:14.770000,"(datetime.datetime(2026, 9, 29, 15, 43, 0, 728000),)",2a3c600a
408208621,-778645814,2832,0:30:14.880000,"(datetime.datetime(2026, 9, 29, 15, 43, 0, 831000),)",2a3c600d
408211554,-778651189,2835,0:30:14.970000,"(datetime.datetime(2026, 9, 29, 15, 43, 0, 930000),)",2a3c600a
408208714,-778645985,2831,0:30:15.080000,"(datetime.datetime(2026, 9, 29, 15, 43, 1, 37000),)",2a3c600d
408211642,-778651341,2835,0:30:15.180000,"(datetime.datetime(2026, 9, 29, 15, 43, 1, 139000),)",2a3c600a
408208813,-778646155,2831,0:30:15.280000,"(datetime.datetime(2026, 9, 29, 15, 43, 1, 240000),)",2a3c600d
408211721,-778651503,2836,0:30:15.390000,"(datetime.datetime(2026, 9, 29, 15, 43, 1, 341000),)",2a3c600a
408208910,-778646323,2830,0:30:15.490000,"(datetime.datetime(2026, 9, 29, 15, 43, 1, 444000),)",2a3c600d
408211815,-778651653,2835,0:30:15.590000,"(datetime.datetime(2026, 9, 29, 15, 43, 1, 548000),)",2a3c600a
408209009,-778646486,2830,0:30:15.650000,"(datetime.datetime(2026, 9, 29, 15, 43, 1, 605000),)",2a3c600d
408211901,-778651804,2835,0:30:15.690000,"(datetime.datetime(2026, 9, 29, 15, 43, 1, 650000),)",2a3c600a
408209102,-778646654,2830,0:30:15.760000,"(datetime.datetime(2026, 9, 29, 15, 43, 1, 718000),)",2a3c600d
408211992,-778651956,2834,0:30:15.800000,"(datetime.datetime(2026, 9, 29, 15, 43, 1, 753000),)",2a3c600a
408209197,-778646824,2829,0:30:15.850000,"(datetime.datetime(2026, 9, 29, 15, 43, 1, 802000),)",2a3c600d
408212081,-778652114,2834,0:30:15.900000,"(datetime.datetime(2026, 9, 29, 15, 43, 1, 854000),)",2a3c600a
408209295,-778646986,2829,0:30:15.910000,"(datetime.datetime(2026, 9, 29, 15, 43, 1, 862000),)",2a3c600d
408212164,-778652266,2834,0:30:15.910000,"(datetime.datetime(2026, 9, 29, 15, 43, 1, 870000),)",2a3c600a
408209387,-778647155,2829,0:30:15.960000,"(datetime.datetime(2026, 9, 29, 15, 43, 1, 913000),)",2a3c600d
408212251,-778652417,2834,0:30:15.970000,"(datetime.datetime(2026, 9, 29, 15, 43, 1, 923000),)",2a3c600a
408209489,-778647318,2829,0:30:15.980000,"(datetime.datetime(2026, 9, 29, 15, 43, 1, 931000),)",2a3c600d
408212333,-778652572,2834,0:30:15.980000,"(datetime.datetime(2026, 9, 29, 15, 43, 1, 939000),)",2a3c600a
408209586,-778647481,2829,0:30:16.020000,"(datetime.datetime(2026, 9, 29, 15, 43, 1, 972000),)",2a3c600d
408212423,-778652715,2832,0:30:16.030000,"(datetime.datetime(2026, 9, 29, 15, 43, 1, 984000),)",2a3c600a
408209680,-778647650,2828,0:30:16.040000,"(datetime.datetime(2026, 9, 29, 15, 43, 1, 994000),)",2a3c600d
408212508,-778652873,2833,0:30:16.080000,"(datetime.datetime(2026, 9, 29, 15, 43, 2, 32000),)",2a3c600a
408209772,-778647818,2828,0:30:16.080000,"(datetime.datetime(2026, 9, 29, 15, 43, 2, 39000),)",2a3c600d
408212596,-778653026,2832,0:30:16.090000,"(datetime.datetime(2026, 9, 29, 15, 43, 2, 47000),)",2a3c600a
408209878,-778647972,2828,0:30:16.100000,"(datetime.datetime(2026, 9, 29, 15, 43, 2, 55000),)",2a3c600d
408212680,-778653182,2832,0:30:16.140000,"(datetime.datetime(2026, 9, 29, 15, 43, 2, 93000),)",2a3c600a
408209964,-778648140,2828,0:30:16.150000,"(datetime.datetime(2026, 9, 29, 15, 43, 2, 102000),)",2a3c600d
408212770,-778653324,2832,0:30:16.160000,"(datetime.datetime(2026, 9, 29, 15, 43, 2, 112000),)",2a3c600a
408210049,-778648306,2826,0:30:16.160000,"(datetime.datetime(2026, 9, 29, 15, 43, 2, 120000),)",2a3c600d
408212856,-778653474,2831,0:30:16.200000,"(datetime.datetime(2026, 9, 29, 15, 43, 2, 153000),)",2a3c600a
408210157,-778648462,2825,0:30:16.210000,"(datetime.datetime(2026, 9, 29, 15, 43, 2, 161000),)",2a3c600d
408212944,-778653631,2831,0:30:16.210000,"(datetime.datetime(2026, 9, 29, 15, 43, 2, 169000),)",2a3c600a
408210249,-778648623,2825,0:30:16.220000,"(datetime.datetime(2026, 9, 29, 15, 43, 2, 177000),)",2a3c600d
408213029,-778653785,2831,0:30:16.260000,"(datetime.datetime(2026, 9, 29, 15, 43, 2, 212000),)",2a3c600a
408210342,-778648781,2825,0:30:16.260000,"(datetime.datetime(2026, 9, 29, 15, 43, 2, 220000),)",2a3c600d
408213114,-778653930,2830,0:30:16.270000,"(datetime.datetime(2026, 9, 29, 15, 43, 2, 227000),)",2a3c600a
408210427,-778648950,2824,0:30:16.280000,"(datetime.datetime(2026, 9, 29, 15, 43, 2, 236000),)",2a3c600d
408213200,-778654084,2831,0:30:16.320000,"(datetime.datetime(2026, 9, 29, 15, 43, 2, 277000),)",2a3c600a
408210521,-778649114,2823,0:30:16.330000,"(datetime.datetime(2026, 9, 29, 15, 43, 2, 286000),)",2a3c600d
408210608,-778649271,2823,0:30:16.340000,"(datetime.datetime(2026, 9, 29, 15, 43, 2, 295000),)",2a3c600d
408213287,-778654235,2831,0:30:16.380000,"(datetime.datetime(2026, 9, 29, 15, 43, 2, 334000),)",2a3c600a
408213373,-778654386,2830,0:30:16.390000,"(datetime.datetime(2026, 9, 29, 15, 43, 2, 342000),)",2a3c600a
408210697,-778649424,2823,0:30:16.400000,"(datetime.datetime(2026, 9, 29, 15, 43, 2, 355000),)",2a3c600d
408213462,-778654536,2830,0:30:16.430000,"(datetime.datetime(2026, 9, 29, 15, 43, 2, 387000),)",2a3c600a
408210789,-778649576,2822,0:30:16.440000,"(datetime.datetime(2026, 9, 29, 15, 43, 2, 395000),)",2a3c600d
408210892,-778649729,2823,0:30:16.490000,"(datetime.datetime(2026, 9, 29, 15, 43, 2, 442000),)",2a3c600d
408213546,-778654693,2829,0:30:16.500000,"(datetime.datetime(2026, 9, 29, 15, 43, 2, 452000),)",2a3c600a
408210984,-778649881,2822,0:30:16.510000,"(datetime.datetime(2026, 9, 29, 15, 43, 2, 461000),)",2a3c600d
408213633,-778654843,2830,0:30:16.510000,"(datetime.datetime(2026, 9, 29, 15, 43, 2, 469000),)",2a3c600a
408211075,-778650033,2822,0:30:16.520000,"(datetime.datetime(2026, 9, 29, 15, 43, 2, 478000),)",2a3c600d
408213718,-778654997,2830,0:30:16.560000,"(datetime.datetime(2026, 9, 29, 15, 43, 2, 516000),)",2a3c600a
408211163,-778650193,2822,0:30:16.590000,"(datetime.datetime(2026, 9, 29, 15, 43, 2, 545000),)",2a3c600d
408211255,-778650348,2821,0:30:16.630000,"(datetime.datetime(2026, 9, 29, 15, 43, 2, 581000),)",2a3c600d
408213810,-778655143,2828,0:30:16.660000,"(datetime.datetime(2026, 9, 29, 15, 43, 2, 613000),)",2a3c600a
408211341,-778650508,2821,0:30:16.720000,"(datetime.datetime(2026, 9, 29, 15, 43, 2, 679000),)",2a3c600d
408213891,-778655298,2830,0:30:16.740000,"(datetime.datetime(2026, 9, 29, 15, 43, 2, 696000),)",2a3c600a
408211431,-778650659,2819,0:30:16.830000,"(datetime.datetime(2026, 9, 29, 15, 43, 2, 781000),)",2a3c600d
408213981,-778655452,2829,0:30:16.850000,"(datetime.datetime(2026, 9, 29, 15, 43, 2, 802000),)",2a3c600a
408211521,-778650811,2820,0:30:16.920000,"(datetime.datetime(2026, 9, 29, 15, 43, 2, 880000),)",2a3c600d
408214074,-778655601,2828,0:30:16.940000,"(datetime.datetime(2026, 9, 29, 15, 43, 2, 898000),)",2a3c600a
408211611,-778650963,2819,0:30:17.030000,"(datetime.datetime(2026, 9, 29, 15, 43, 2, 988000),)",2a3c600d
408214162,-778655752,2828,0:30:17.060000,"(datetime.datetime(2026, 9, 29, 15, 43, 3, 17000),)",2a3c600a
408211700,-778651115,2819,0:30:17.120000,"(datetime.datetime(2026, 9, 29, 15, 43, 3, 80000),)",2a3c600d
408214250,-778655898,2827,0:30:17.140000,"(datetime.datetime(2026, 9, 29, 15, 43, 3, 96000),)",2a3c600a
408211782,-778651278,2818,0:30:17.220000,"(datetime.datetime(2026, 9, 29, 15, 43, 3, 180000),)",2a3c600d
408214337,-778656056,2828,0:30:17.250000,"(datetime.datetime(2026, 9, 29, 15, 43, 3, 204000),)",2a3c600a
408211868,-778651432,2818,0:30:17.320000,"(datetime.datetime(2026, 9, 29, 15, 43, 3, 280000),)",2a3c600d
408214424,-778656205,2827,0:30:17.340000,"(datetime.datetime(2026, 9, 29, 15, 43, 3, 296000),)",2a3c600a
408211956,-778651581,2817,0:30:17.430000,"(datetime.datetime(2026, 9, 29, 15, 43, 3, 382000),)",2a3c600d
408214513,-778656357,2826,0:30:17.500000,"(datetime.datetime(2026, 9, 29, 15, 43, 3, 452000),)",2a3c600a
408212041,-778651736,2817,0:30:17.520000,"(datetime.datetime(2026, 9, 29, 15, 43, 3, 479000),)",2a3c600d
408214605,-778656510,2826,0:30:17.540000,"(datetime.datetime(2026, 9, 29, 15, 43, 3, 497000),)",2a3c600a
408214698,-778656661,2826,0:30:17.550000,"(datetime.datetime(2026, 9, 29, 15, 43, 3, 508000),)",2a3c600a
408212127,-778651886,2816,0:30:17.620000,"(datetime.datetime(2026, 9, 29, 15, 43, 3, 580000),)",2a3c600d
408214788,-778656808,2826,0:30:17.650000,"(datetime.datetime(2026, 9, 29, 15, 43, 3, 602000),)",2a3c600a
408212213,-778652037,2816,0:30:17.720000,"(datetime.datetime(2026, 9, 29, 15, 43, 3, 680000),)",2a3c600d
408214879,-778656956,2825,0:30:17.750000,"(datetime.datetime(2026, 9, 29, 15, 43, 3, 705000),)",2a3c600a
408212299,-778652189,2815,0:30:17.820000,"(datetime.datetime(2026, 9, 29, 15, 43, 3, 779000),)",2a3c600d
408212383,-778652336,2815,0:30:17.930000,"(datetime.datetime(2026, 9, 29, 15, 43, 3, 881000),)",2a3c600d
408214968,-778657113,2825,0:30:17.950000,"(datetime.datetime(2026, 9, 29, 15, 43, 3, 905000),)",2a3c600a
408215055,-778657264,2825,0:30:17.970000,"(datetime.datetime(2026, 9, 29, 15, 43, 3, 923000),)",2a3c600a
408212469,-778652484,2815,0:30:18.020000,"(datetime.datetime(2026, 9, 29, 15, 43, 3, 979000),)",2a3c600d
408215142,-778657414,2826,0:30:18.040000,"(datetime.datetime(2026, 9, 29, 15, 43, 4),)",2a3c600a
408212552,-778652635,2815,0:30:18.130000,"(datetime.datetime(2026, 9, 29, 15, 43, 4, 81000),)",2a3c600d
408215232,-778657567,2825,0:30:18.150000,"(datetime.datetime(2026, 9, 29, 15, 43, 4, 106000),)",2a3c600a
408212641,-778652783,2815,0:30:18.230000,"(datetime.datetime(2026, 9, 29, 15, 43, 4, 181000),)",2a3c600d
408212729,-778652925,2814,0:30:18.320000,"(datetime.datetime(2026, 9, 29, 15, 43, 4, 280000),)",2a3c600d
408215322,-778657717,2825,0:30:18.350000,"(datetime.datetime(2026, 9, 29, 15, 43, 4, 301000),)",2a3c600a
408212808,-778653078,2813,0:30:18.430000,"(datetime.datetime(2026, 9, 29, 15, 43, 4, 381000),)",2a3c600d
408215406,-778657870,2825,0:30:18.450000,"(datetime.datetime(2026, 9, 29, 15, 43, 4, 400000),)",2a3c600a
408212893,-778653220,2813,0:30:18.530000,"(datetime.datetime(2026, 9, 29, 15, 43, 4, 490000),)",2a3c600d
408215499,-778658018,2825,0:30:18.550000,"(datetime.datetime(2026, 9, 29, 15, 43, 4, 509000),)",2a3c600a
408215594,-778658165,2823,0:30:18.560000,"(datetime.datetime(2026, 9, 29, 15, 43, 4, 518000),)",2a3c600a
408212979,-778653362,2813,0:30:18.620000,"(datetime.datetime(2026, 9, 29, 15, 43, 4, 580000),)",2a3c600d
408213058,-778653513,2813,0:30:18.730000,"(datetime.datetime(2026, 9, 29, 15, 43, 4, 680000),)",2a3c600d
408215681,-778658320,2823,0:30:18.740000,"(datetime.datetime(2026, 9, 29, 15, 43, 4, 699000),)",2a3c600a
408215770,-778658469,2823,0:30:18.760000,"(datetime.datetime(2026, 9, 29, 15, 43, 4, 712000),)",2a3c600a
408213144,-778653660,2812,0:30:18.820000,"(datetime.datetime(2026, 9, 29, 15, 43, 4, 779000),)",2a3c600d
408215857,-778658617,2823,0:30:18.850000,"(datetime.datetime(2026, 9, 29, 15, 43, 4, 808000),)",2a3c600a
408213229,-778653803,2812,0:30:18.930000,"(datetime.datetime(2026, 9, 29, 15, 43, 4, 880000),)",2a3c600d
408215947,-778658771,2822,0:30:18.940000,"(datetime.datetime(2026, 9, 29, 15, 43, 4, 900000),)",2a3c600a
408213314,-778653948,2812,0:30:19.030000,"(datetime.datetime(2026, 9, 29, 15, 43, 4, 982000),)",2a3c600d
408216037,-778658911,2823,0:30:19.050000,"(datetime.datetime(2026, 9, 29, 15, 43, 5, 2000),)",2a3c600a
408213395,-778654093,2812,0:30:19.120000,"(datetime.datetime(2026, 9, 29, 15, 43, 5, 79000),)",2a3c600d
408216125,-778659061,2822,0:30:19.150000,"(datetime.datetime(2026, 9, 29, 15, 43, 5, 106000),)",2a3c600a
408213494,-778654234,2812,0:30:19.220000,"(datetime.datetime(2026, 9, 29, 15, 43, 5, 180000),)",2a3c600d
408213577,-778654375,2812,0:30:19.330000,"(datetime.datetime(2026, 9, 29, 15, 43, 5, 290000),)",2a3c600d
408216214,-778659207,2822,0:30:19.350000,"(datetime.datetime(2026, 9, 29, 15, 43, 5, 308000),)",2a3c600a
408216296,-778659367,2823,0:30:19.360000,"(datetime.datetime(2026, 9, 29, 15, 43, 5, 317000),)",2a3c600a
408213660,-778654523,2812,0:30:19.430000,"(datetime.datetime(2026, 9, 29, 15, 43, 5, 380000),)",2a3c600d
408213741,-778654661,2812,0:30:19.530000,"(datetime.datetime(2026, 9, 29, 15, 43, 5, 481000),)",2a3c600d
408216389,-778659499,2821,0:30:19.550000,"(datetime.datetime(2026, 9, 29, 15, 43, 5, 510000),)",2a3c600a
408213830,-778654795,2812,0:30:19.620000,"(datetime.datetime(2026, 9, 29, 15, 43, 5, 579000),)",2a3c600d
408216472,-778659653,2821,0:30:19.650000,"(datetime.datetime(2026, 9, 29, 15, 43, 5, 602000),)",2a3c600a
408216559,-778659799,2821,0:30:19.670000,"(datetime.datetime(2026, 9, 29, 15, 43, 5, 623000),)",2a3c600a
408213910,-778654941,2811,0:30:19.720000,"(datetime.datetime(2026, 9, 29, 15, 43, 5, 680000),)",2a3c600d
408216650,-778659934,2821,0:30:19.760000,"(datetime.datetime(2026, 9, 29, 15, 43, 5, 711000),)",2a3c600a
408213990,-778655088,2811,0:30:19.830000,"(datetime.datetime(2026, 9, 29, 15, 43, 5, 781000),)",2a3c600d
408216734,-778660075,2820,0:30:19.860000,"(datetime.datetime(2026, 9, 29, 15, 43, 5, 811000),)",2a3c600a
408214080,-778655227,2810,0:30:19.930000,"(datetime.datetime(2026, 9, 29, 15, 43, 5, 881000),)",2a3c600d
408216819,-778660214,2820,0:30:19.960000,"(datetime.datetime(2026, 9, 29, 15, 43, 5, 911000),)",2a3c600a
408214163,-778655364,2811,0:30:20.020000,"(datetime.datetime(2026, 9, 29, 15, 43, 5, 980000),)",2a3c600d
408216901,-778660356,2820,0:30:20.060000,"(datetime.datetime(2026, 9, 29, 15, 43, 6, 18000),)",2a3c600a
408214245,-778655506,2811,0:30:20.120000,"(datetime.datetime(2026, 9, 29, 15, 43, 6, 79000),)",2a3c600d
408216990,-778660490,2819,0:30:20.160000,"(datetime.datetime(2026, 9, 29, 15, 43, 6, 112000),)",2a3c600a
408214330,-778655646,2811,0:30:20.220000,"(datetime.datetime(2026, 9, 29, 15, 43, 6, 180000),)",2a3c600d
408217071,-778660630,2819,0:30:20.260000,"(datetime.datetime(2026, 9, 29, 15, 43, 6, 213000),)",2a3c600a
408214413,-778655783,2810,0:30:20.320000,"(datetime.datetime(2026, 9, 29, 15, 43, 6, 279000),)",2a3c600d
408217153,-778660762,2819,0:30:20.360000,"(datetime.datetime(2026, 9, 29, 15, 43, 6, 312000),)",2a3c600a
408214493,-778655925,2810,0:30:20.420000,"(datetime.datetime(2026, 9, 29, 15, 43, 6, 380000),)",2a3c600d
408217235,-778660895,2818,0:30:20.460000,"(datetime.datetime(2026, 9, 29, 15, 43, 6, 412000),)",2a3c600a
408214575,-778656063,2810,0:30:20.530000,"(datetime.datetime(2026, 9, 29, 15, 43, 6, 482000),)",2a3c600d
408217317,-778661030,2818,0:30:20.560000,"(datetime.datetime(2026, 9, 29, 15, 43, 6, 513000),)",2a3c600a
408214658,-778656202,2810,0:30:20.640000,"(datetime.datetime(2026, 9, 29, 15, 43, 6, 593000),)",2a3c600d
408217401,-778661161,2818,0:30:20.660000,"(datetime.datetime(2026, 9, 29, 15, 43, 6, 611000),)",2a3c600a
408214743,-778656333,2809,0:30:20.730000,"(datetime.datetime(2026, 9, 29, 15, 43, 6, 680000),)",2a3c600d
408217481,-778661299,2818,0:30:20.760000,"(datetime.datetime(2026, 9, 29, 15, 43, 6, 710000),)",2a3c600a
408214813,-778656477,2808,0:30:20.820000,"(datetime.datetime(2026, 9, 29, 15, 43, 6, 780000),)",2a3c600d
408217562,-778661429,2818,0:30:20.860000,"(datetime.datetime(2026, 9, 29, 15, 43, 6, 812000),)",2a3c600a
408214896,-778656615,2808,0:30:20.920000,"(datetime.datetime(2026, 9, 29, 15, 43, 6, 880000),)",2a3c600d
408217644,-778661560,2818,0:30:20.970000,"(datetime.datetime(2026, 9, 29, 15, 43, 6, 923000),)",2a3c600a
408214978,-778656752,2809,0:30:21.020000,"(datetime.datetime(2026, 9, 29, 15, 43, 6, 979000),)",2a3c600d
408217723,-778661694,2818,0:30:21.060000,"(datetime.datetime(2026, 9, 29, 15, 43, 7, 13000),)",2a3c600a
408215057,-778656887,2809,0:30:21.120000,"(datetime.datetime(2026, 9, 29, 15, 43, 7, 79000),)",2a3c600d
408217804,-778661815,2817,0:30:21.170000,"(datetime.datetime(2026, 9, 29, 15, 43, 7, 120000),)",2a3c600a
408215150,-778657025,2808,0:30:21.220000,"(datetime.datetime(2026, 9, 29, 15, 43, 7, 180000),)",2a3c600d
408217887,-778661947,2816,0:30:21.260000,"(datetime.datetime(2026, 9, 29, 15, 43, 7, 212000),)",2a3c600a
408215230,-778657151,2808,0:30:21.320000,"(datetime.datetime(2026, 9, 29, 15, 43, 7, 279000),)",2a3c600d
408217963,-778662073,2816,0:30:21.360000,"(datetime.datetime(2026, 9, 29, 15, 43, 7, 312000),)",2a3c600a
408215307,-778657294,2808,0:30:21.420000,"(datetime.datetime(2026, 9, 29, 15, 43, 7, 379000),)",2a3c600d
408218044,-778662197,2816,0:30:21.460000,"(datetime.datetime(2026, 9, 29, 15, 43, 7, 412000),)",2a3c600a
408215395,-778657428,2808,0:30:21.540000,"(datetime.datetime(2026, 9, 29, 15, 43, 7, 493000),)",2a3c600d
408218197,-778662446,2816,0:30:21.570000,"(datetime.datetime(2026, 9, 29, 15, 43, 7, 527000),)",2a3c600a
408215471,-778657562,2807,0:30:21.620000,"(datetime.datetime(2026, 9, 29, 15, 43, 7, 580000),)",2a3c600d
408218276,-778662575,2816,0:30:21.660000,"(datetime.datetime(2026, 9, 29, 15, 43, 7, 620000),)",2a3c600a
408215553,-778657692,2808,0:30:21.720000,"(datetime.datetime(2026, 9, 29, 15, 43, 7, 679000),)",2a3c600d
408218276,-778662575,2816,0:30:21.760000,"(datetime.datetime(2026, 9, 29, 15, 43, 7, 716000),)",2a3c600a
408215632,-778657827,2808,0:30:21.820000,"(datetime.datetime(2026, 9, 29, 15, 43, 7, 779000),)",2a3c600d
408218351,-778662696,2815,0:30:21.860000,"(datetime.datetime(2026, 9, 29, 15, 43, 7, 818000),)",2a3c600a
408215711,-778657957,2807,0:30:21.920000,"(datetime.datetime(2026, 9, 29, 15, 43, 7, 879000),)",2a3c600d
408218429,-778662822,2815,0:30:21.960000,"(datetime.datetime(2026, 9, 29, 15, 43, 7, 916000),)",2a3c600a
408215790,-778658090,2807,0:30:22.020000,"(datetime.datetime(2026, 9, 29, 15, 43, 7, 980000),)",2a3c600d
408218508,-778662941,2815,0:30:22.060000,"(datetime.datetime(2026, 9, 29, 15, 43, 8, 19000),)",2a3c600a
408215867,-778658218,2807,0:30:22.120000,"(datetime.datetime(2026, 9, 29, 15, 43, 8, 80000),)",2a3c600d
408218584,-778663069,2815,0:30:22.160000,"(datetime.datetime(2026, 9, 29, 15, 43, 8, 119000),)",2a3c600a
408215954,-778658356,2805,0:30:22.220000,"(datetime.datetime(2026, 9, 29, 15, 43, 8, 179000),)",2a3c600d
408218667,-778663190,2814,0:30:22.260000,"(datetime.datetime(2026, 9, 29, 15, 43, 8, 217000),)",2a3c600a
408216034,-778658490,2804,0:30:22.320000,"(datetime.datetime(2026, 9, 29, 15, 43, 8, 279000),)",2a3c600d
408218741,-778663312,2814,0:30:22.360000,"(datetime.datetime(2026, 9, 29, 15, 43, 8, 318000),)",2a3c600a
408216112,-778658621,2804,0:30:22.400000,"(datetime.datetime(2026, 9, 29, 15, 43, 8, 359000),)",2a3c600d
408218822,-778663436,2814,0:30:22.460000,"(datetime.datetime(2026, 9, 29, 15, 43, 8, 418000),)",2a3c600a
408216187,-778658759,2804,0:30:22.510000,"(datetime.datetime(2026, 9, 29, 15, 43, 8, 468000),)",2a3c600d
408218973,-778663682,2813,0:30:22.560000,"(datetime.datetime(2026, 9, 29, 15, 43, 8, 519000),)",2a3c600a
408216265,-778658890,2804,0:30:22.600000,"(datetime.datetime(2026, 9, 29, 15, 43, 8, 559000),)",2a3c600d
408218973,-778663682,2813,0:30:22.670000,"(datetime.datetime(2026, 9, 29, 15, 43, 8, 626000),)",2a3c600a
408216343,-778659017,2804,0:30:22.700000,"(datetime.datetime(2026, 9, 29, 15, 43, 8, 659000),)",2a3c600d
408219050,-778663805,2814,0:30:22.760000,"(datetime.datetime(2026, 9, 29, 15, 43, 8, 717000),)",2a3c600a
408216423,-778659153,2803,0:30:22.800000,"(datetime.datetime(2026, 9, 29, 15, 43, 8, 758000),)",2a3c600d
408219126,-778663926,2813,0:30:22.860000,"(datetime.datetime(2026, 9, 29, 15, 43, 8, 817000),)",2a3c600a
408216502,-778659276,2803,0:30:22.900000,"(datetime.datetime(2026, 9, 29, 15, 43, 8, 859000),)",2a3c600d
408219203,-778664049,2813,0:30:22.960000,"(datetime.datetime(2026, 9, 29, 15, 43, 8, 917000),)",2a3c600a
408216586,-778659403,2802,0:30:23,"(datetime.datetime(2026, 9, 29, 15, 43, 8, 959000),)",2a3c600d
408219280,-778664169,2813,0:30:23.060000,"(datetime.datetime(2026, 9, 29, 15, 43, 9, 16000),)",2a3c600a
408216663,-778659532,2802,0:30:23.100000,"(datetime.datetime(2026, 9, 29, 15, 43, 9, 58000),)",2a3c600d
408219356,-778664290,2813,0:30:23.160000,"(datetime.datetime(2026, 9, 29, 15, 43, 9, 117000),)",2a3c600a
408216741,-778659665,2802,0:30:23.200000,"(datetime.datetime(2026, 9, 29, 15, 43, 9, 159000),)",2a3c600d
408219438,-778664411,2812,0:30:23.260000,"(datetime.datetime(2026, 9, 29, 15, 43, 9, 218000),)",2a3c600a
408216823,-778659790,2802,0:30:23.300000,"(datetime.datetime(2026, 9, 29, 15, 43, 9, 258000),)",2a3c600d
408219590,-778664655,2812,0:30:23.360000,"(datetime.datetime(2026, 9, 29, 15, 43, 9, 317000),)",2a3c600a
408216896,-778659923,2801,0:30:23.410000,"(datetime.datetime(2026, 9, 29, 15, 43, 9, 367000),)",2a3c600d
408219669,-778664775,2811,0:30:23.470000,"(datetime.datetime(2026, 9, 29, 15, 43, 9, 423000),)",2a3c600a
408216977,-778660044,2801,0:30:23.500000,"(datetime.datetime(2026, 9, 29, 15, 43, 9, 458000),)",2a3c600d
408219745,-778664896,2811,0:30:23.570000,"(datetime.datetime(2026, 9, 29, 15, 43, 9, 524000),)",2a3c600a
408217056,-778660178,2802,0:30:23.600000,"(datetime.datetime(2026, 9, 29, 15, 43, 9, 559000),)",2a3c600d
408219822,-778665018,2811,0:30:23.680000,"(datetime.datetime(2026, 9, 29, 15, 43, 9, 636000),)",2a3c600a
408217135,-778660305,2801,0:30:23.700000,"(datetime.datetime(2026, 9, 29, 15, 43, 9, 660000),)",2a3c600d
408219822,-778665018,2811,0:30:23.770000,"(datetime.datetime(2026, 9, 29, 15, 43, 9, 723000),)",2a3c600a
408217209,-778660431,2800,0:30:23.800000,"(datetime.datetime(2026, 9, 29, 15, 43, 9, 759000),)",2a3c600d
408219899,-778665139,2811,0:30:23.870000,"(datetime.datetime(2026, 9, 29, 15, 43, 9, 824000),)",2a3c600a
408217293,-778660553,2800,0:30:23.910000,"(datetime.datetime(2026, 9, 29, 15, 43, 9, 862000),)",2a3c600d
408219977,-778665260,2811,0:30:23.970000,"(datetime.datetime(2026, 9, 29, 15, 43, 9, 924000),)",2a3c600a
408217372,-778660678,2800,0:30:24,"(datetime.datetime(2026, 9, 29, 15, 43, 9, 959000),)",2a3c600d
408220055,-778665379,2811,0:30:24.070000,"(datetime.datetime(2026, 9, 29, 15, 43, 10, 24000),)",2a3c600a
408217449,-778660806,2800,0:30:24.110000,"(datetime.datetime(2026, 9, 29, 15, 43, 10, 68000),)",2a3c600d
408220133,-778665504,2811,0:30:24.170000,"(datetime.datetime(2026, 9, 29, 15, 43, 10, 124000),)",2a3c600a
408217530,-778660934,2799,0:30:24.200000,"(datetime.datetime(2026, 9, 29, 15, 43, 10, 159000),)",2a3c600d
408220213,-778665628,2811,0:30:24.270000,"(datetime.datetime(2026, 9, 29, 15, 43, 10, 224000),)",2a3c600a
408217608,-778661061,2799,0:30:24.290000,"(datetime.datetime(2026, 9, 29, 15, 43, 10, 242000),)",2a3c600d
408220287,-778665746,2811,0:30:24.370000,"(datetime.datetime(2026, 9, 29, 15, 43, 10, 326000),)",2a3c600a
408217683,-778661186,2799,0:30:24.390000,"(datetime.datetime(2026, 9, 29, 15, 43, 10, 344000),)",2a3c600d
408220364,-778665870,2811,0:30:24.470000,"(datetime.datetime(2026, 9, 29, 15, 43, 10, 423000),)",2a3c600a
408217767,-778661301,2799,0:30:24.500000,"(datetime.datetime(2026, 9, 29, 15, 43, 10, 451000),)",2a3c600d
408220442,-778665993,2811,0:30:24.570000,"(datetime.datetime(2026, 9, 29, 15, 43, 10, 523000),)",2a3c600a
408217842,-778661430,2799,0:30:24.590000,"(datetime.datetime(2026, 9, 29, 15, 43, 10, 542000),)",2a3c600d
408220520,-778666112,2811,0:30:24.670000,"(datetime.datetime(2026, 9, 29, 15, 43, 10, 624000),)",2a3c600a
408217920,-778661553,2798,0:30:24.690000,"(datetime.datetime(2026, 9, 29, 15, 43, 10, 641000),)",2a3c600d
408220597,-778666238,2811,0:30:24.770000,"(datetime.datetime(2026, 9, 29, 15, 43, 10, 724000),)",2a3c600a
408217996,-778661680,2798,0:30:24.800000,"(datetime.datetime(2026, 9, 29, 15, 43, 10, 754000),)",2a3c600d
408220677,-778666360,2810,0:30:24.870000,"(datetime.datetime(2026, 9, 29, 15, 43, 10, 824000),)",2a3c600a
408220755,-778666482,2810,0:30:24.970000,"(datetime.datetime(2026, 9, 29, 15, 43, 10, 925000),)",2a3c600a
408218075,-778661801,2798,0:30:25,"(datetime.datetime(2026, 9, 29, 15, 43, 10, 952000),)",2a3c600d
408218148,-778661924,2798,0:30:25.010000,"(datetime.datetime(2026, 9, 29, 15, 43, 10, 963000),)",2a3c600d
408220832,-778666607,2811,0:30:25.070000,"(datetime.datetime(2026, 9, 29, 15, 43, 11, 23000),)",2a3c600a
408220911,-778666730,2810,0:30:25.180000,"(datetime.datetime(2026, 9, 29, 15, 43, 11, 132000),)",2a3c600a
408218228,-778662042,2798,0:30:25.210000,"(datetime.datetime(2026, 9, 29, 15, 43, 11, 161000),)",2a3c600d
408220992,-778666851,2810,0:30:25.270000,"(datetime.datetime(2026, 9, 29, 15, 43, 11, 223000),)",2a3c600a
408218303,-778662172,2798,0:30:25.290000,"(datetime.datetime(2026, 9, 29, 15, 43, 11, 243000),)",2a3c600d
408218376,-778662298,2798,0:30:25.340000,"(datetime.datetime(2026, 9, 29, 15, 43, 11, 293000),)",2a3c600d
408221071,-778666976,2810,0:30:25.370000,"(datetime.datetime(2026, 9, 29, 15, 43, 11, 327000),)",2a3c600a
408218449,-778662424,2798,0:30:25.400000,"(datetime.datetime(2026, 9, 29, 15, 43, 11, 353000),)",2a3c600d
408221147,-778667098,2810,0:30:25.470000,"(datetime.datetime(2026, 9, 29, 15, 43, 11, 423000),)",2a3c600a
408221227,-778667222,2809,0:30:25.570000,"(datetime.datetime(2026, 9, 29, 15, 43, 11, 523000),)",2a3c600a
408218531,-778662544,2798,0:30:25.590000,"(datetime.datetime(2026, 9, 29, 15, 43, 11, 542000),)",2a3c600d
408218603,-778662670,2798,0:30:25.600000,"(datetime.datetime(2026, 9, 29, 15, 43, 11, 556000),)",2a3c600d
408221306,-778667345,2809,0:30:25.670000,"(datetime.datetime(2026, 9, 29, 15, 43, 11, 623000),)",2a3c600a
408218681,-778662786,2797,0:30:25.700000,"(datetime.datetime(2026, 9, 29, 15, 43, 11, 659000),)",2a3c600d
408221389,-778667473,2810,0:30:25.770000,"(datetime.datetime(2026, 9, 29, 15, 43, 11, 724000),)",2a3c600a
408218754,-778662907,2797,0:30:25.800000,"(datetime.datetime(2026, 9, 29, 15, 43, 11, 752000),)",2a3c600d
408221547,-778667722,2810,0:30:25.870000,"(datetime.datetime(2026, 9, 29, 15, 43, 11, 824000),)",2a3c600a
408221628,-778667847,2810,0:30:25.970000,"(datetime.datetime(2026, 9, 29, 15, 43, 11, 925000),)",2a3c600a
408218831,-778663030,2797,0:30:25.990000,"(datetime.datetime(2026, 9, 29, 15, 43, 11, 942000),)",2a3c600d
408218904,-778663153,2797,0:30:26.010000,"(datetime.datetime(2026, 9, 29, 15, 43, 11, 961000),)",2a3c600d
408221708,-778667971,2810,0:30:26.070000,"(datetime.datetime(2026, 9, 29, 15, 43, 12, 23000),)",2a3c600a
408218983,-778663270,2797,0:30:26.090000,"(datetime.datetime(2026, 9, 29, 15, 43, 12, 43000),)",2a3c600d
408221784,-778668098,2810,0:30:26.170000,"(datetime.datetime(2026, 9, 29, 15, 43, 12, 124000),)",2a3c600a
408219062,-778663390,2796,0:30:26.190000,"(datetime.datetime(2026, 9, 29, 15, 43, 12, 146000),)",2a3c600d
408221867,-778668225,2809,0:30:26.270000,"(datetime.datetime(2026, 9, 29, 15, 43, 12, 223000),)",2a3c600a
408219137,-778663508,2796,0:30:26.290000,"(datetime.datetime(2026, 9, 29, 15, 43, 12, 241000),)",2a3c600d
408221947,-778668349,2809,0:30:26.370000,"(datetime.datetime(2026, 9, 29, 15, 43, 12, 324000),)",2a3c600a
408219210,-778663630,2796,0:30:26.390000,"(datetime.datetime(2026, 9, 29, 15, 43, 12, 343000),)",2a3c600d
408222030,-778668474,2809,0:30:26.490000,"(datetime.datetime(2026, 9, 29, 15, 43, 12, 442000),)",2a3c600a
408219283,-778663750,2796,0:30:26.510000,"(datetime.datetime(2026, 9, 29, 15, 43, 12, 461000),)",2a3c600d
408222112,-778668598,2809,0:30:26.570000,"(datetime.datetime(2026, 9, 29, 15, 43, 12, 528000),)",2a3c600a
408219358,-778663869,2796,0:30:26.590000,"(datetime.datetime(2026, 9, 29, 15, 43, 12, 543000),)",2a3c600d
408222194,-778668721,2809,0:30:26.680000,"(datetime.datetime(2026, 9, 29, 15, 43, 12, 633000),)",2a3c600a
408219433,-778663988,2796,0:30:26.700000,"(datetime.datetime(2026, 9, 29, 15, 43, 12, 656000),)",2a3c600d
408222194,-778668721,2809,0:30:26.780000,"(datetime.datetime(2026, 9, 29, 15, 43, 12, 734000),)",2a3c600a
408219506,-778664109,2795,0:30:26.790000,"(datetime.datetime(2026, 9, 29, 15, 43, 12, 750000),)",2a3c600d
408222277,-778668846,2809,0:30:26.880000,"(datetime.datetime(2026, 9, 29, 15, 43, 12, 831000),)",2a3c600a
408219581,-778664228,2796,0:30:26.900000,"(datetime.datetime(2026, 9, 29, 15, 43, 12, 858000),)",2a3c600d
408222362,-778668971,2809,0:30:26.980000,"(datetime.datetime(2026, 9, 29, 15, 43, 12, 934000),)",2a3c600a
408219653,-778664352,2795,0:30:27,"(datetime.datetime(2026, 9, 29, 15, 43, 12, 954000),)",2a3c600d
408222444,-778669094,2810,0:30:27.080000,"(datetime.datetime(2026, 9, 29, 15, 43, 13, 36000),)",2a3c600a
408219730,-778664471,2795,0:30:27.090000,"(datetime.datetime(2026, 9, 29, 15, 43, 13, 46000),)",2a3c600d
408222529,-778669219,2809,0:30:27.170000,"(datetime.datetime(2026, 9, 29, 15, 43, 13, 128000),)",2a3c600a
408219807,-778664591,2794,0:30:27.190000,"(datetime.datetime(2026, 9, 29, 15, 43, 13, 149000),)",2a3c600d
408222614,-778669343,2809,0:30:27.270000,"(datetime.datetime(2026, 9, 29, 15, 43, 13, 224000),)",2a3c600a
408219879,-778664713,2794,0:30:27.300000,"(datetime.datetime(2026, 9, 29, 15, 43, 13, 252000),)",2a3c600d
408222700,-778669463,2809,0:30:27.370000,"(datetime.datetime(2026, 9, 29, 15, 43, 13, 323000),)",2a3c600a
408219957,-778664830,2793,0:30:27.400000,"(datetime.datetime(2026, 9, 29, 15, 43, 13, 359000),)",2a3c600d
408222783,-778669586,2809,0:30:27.490000,"(datetime.datetime(2026, 9, 29, 15, 43, 13, 446000),)",2a3c600a
408220030,-778664951,2794,0:30:27.510000,"(datetime.datetime(2026, 9, 29, 15, 43, 13, 468000),)",2a3c600d
408222870,-778669711,2810,0:30:27.570000,"(datetime.datetime(2026, 9, 29, 15, 43, 13, 523000),)",2a3c600a
408220105,-778665070,2794,0:30:27.590000,"(datetime.datetime(2026, 9, 29, 15, 43, 13, 549000),)",2a3c600d
408222955,-778669831,2809,0:30:27.670000,"(datetime.datetime(2026, 9, 29, 15, 43, 13, 624000),)",2a3c600a
408220181,-778665192,2794,0:30:27.700000,"(datetime.datetime(2026, 9, 29, 15, 43, 13, 651000),)",2a3c600d
408223042,-778669956,2810,0:30:27.770000,"(datetime.datetime(2026, 9, 29, 15, 43, 13, 723000),)",2a3c600a
408220255,-778665310,2794,0:30:27.790000,"(datetime.datetime(2026, 9, 29, 15, 43, 13, 744000),)",2a3c600d
408223125,-778670077,2810,0:30:27.870000,"(datetime.datetime(2026, 9, 29, 15, 43, 13, 823000),)",2a3c600a
408220329,-778665433,2794,0:30:27.890000,"(datetime.datetime(2026, 9, 29, 15, 43, 13, 845000),)",2a3c600d
408223216,-778670201,2810,0:30:28.280000,"(datetime.datetime(2026, 9, 29, 15, 43, 14, 231000),)",2a3c600a
408220406,-778665553,2794,0:30:28.360000,"(datetime.datetime(2026, 9, 29, 15, 43, 14, 319000),)",2a3c600d
408223302,-778670321,2810,0:30:28.430000,"(datetime.datetime(2026, 9, 29, 15, 43, 14, 386000),)",2a3c600a
408220479,-778665669,2794,0:30:28.560000,"(datetime.datetime(2026, 9, 29, 15, 43, 14, 519000),)",2a3c600d
408223390,-778670448,2810,0:30:28.630000,"(datetime.datetime(2026, 9, 29, 15, 43, 14, 580000),)",2a3c600a
408220558,-778665788,2793,0:30:28.720000,"(datetime.datetime(2026, 9, 29, 15, 43, 14, 674000),)",2a3c600d
408223480,-778670569,2811,0:30:28.800000,"(datetime.datetime(2026, 9, 29, 15, 43, 14, 754000),)",2a3c600a
408220631,-778665907,2793,0:30:28.870000,"(datetime.datetime(2026, 9, 29, 15, 43, 14, 824000),)",2a3c600d
408223569,-778670692,2811,0:30:28.920000,"(datetime.datetime(2026, 9, 29, 15, 43, 14, 871000),)",2a3c600a
408220707,-778666024,2793,0:30:29.010000,"(datetime.datetime(2026, 9, 29, 15, 43, 14, 966000),)",2a3c600d
408223659,-778670814,2811,0:30:29.070000,"(datetime.datetime(2026, 9, 29, 15, 43, 15, 25000),)",2a3c600a
408220782,-778666145,2793,0:30:29.120000,"(datetime.datetime(2026, 9, 29, 15, 43, 15, 72000),)",2a3c600d
408223749,-778670936,2811,0:30:29.210000,"(datetime.datetime(2026, 9, 29, 15, 43, 15, 167000),)",2a3c600a
408220855,-778666260,2793,0:30:29.260000,"(datetime.datetime(2026, 9, 29, 15, 43, 15, 215000),)",2a3c600d
408223837,-778671056,2811,0:30:29.280000,"(datetime.datetime(2026, 9, 29, 15, 43, 15, 236000),)",2a3c600a
408220930,-778666377,2793,0:30:29.330000,"(datetime.datetime(2026, 9, 29, 15, 43, 15, 289000),)",2a3c600d
408223928,-778671178,2811,0:30:29.420000,"(datetime.datetime(2026, 9, 29, 15, 43, 15, 372000),)",2a3c600a
408221002,-778666491,2794,0:30:29.550000,"(datetime.datetime(2026, 9, 29, 15, 43, 15, 502000),)",2a3c600d
408224018,-778671302,2811,0:30:29.640000,"(datetime.datetime(2026, 9, 29, 15, 43, 15, 599000),)",2a3c600a
408221077,-778666614,2793,0:30:29.730000,"(datetime.datetime(2026, 9, 29, 15, 43, 15, 683000),)",2a3c600d
408224109,-778671424,2811,0:30:29.850000,"(datetime.datetime(2026, 9, 29, 15, 43, 15, 805000),)",2a3c600a
408221152,-778666729,2793,0:30:29.930000,"(datetime.datetime(2026, 9, 29, 15, 43, 15, 886000),)",2a3c600d
408224200,-778671542,2812,0:30:29.960000,"(datetime.datetime(2026, 9, 29, 15, 43, 15, 911000),)",2a3c600a
408221224,-778666846,2793,0:30:29.960000,"(datetime.datetime(2026, 9, 29, 15, 43, 15, 920000),)",2a3c600d
408224291,-778671662,2812,0:30:30.030000,"(datetime.datetime(2026, 9, 29, 15, 43, 15, 987000),)",2a3c600a
408221296,-778666961,2793,0:30:30.130000,"(datetime.datetime(2026, 9, 29, 15, 43, 16, 90000),)",2a3c600d
408224381,-778671783,2811,0:30:30.240000,"(datetime.datetime(2026, 9, 29, 15, 43, 16, 194000),)",2a3c600a
408221371,-778667074,2793,0:30:30.340000,"(datetime.datetime(2026, 9, 29, 15, 43, 16, 296000),)",2a3c600d
408224476,-778671903,2812,0:30:30.530000,"(datetime.datetime(2026, 9, 29, 15, 43, 16, 482000),)",2a3c600a
408221445,-778667191,2793,0:30:30.590000,"(datetime.datetime(2026, 9, 29, 15, 43, 16, 542000),)",2a3c600d
408224569,-778672022,2812,0:30:30.650000,"(datetime.datetime(2026, 9, 29, 15, 43, 16, 601000),)",2a3c600a
408221517,-778667301,2793,0:30:30.750000,"(datetime.datetime(2026, 9, 29, 15, 43, 16, 704000),)",2a3c600d
408224664,-778672143,2812,0:30:30.850000,"(datetime.datetime(2026, 9, 29, 15, 43, 16, 806000),)",2a3c600a
408221592,-778667419,2793,0:30:30.870000,"(datetime.datetime(2026, 9, 29, 15, 43, 16, 827000),)",2a3c600d
408224760,-778672260,2812,0:30:30.880000,"(datetime.datetime(2026, 9, 29, 15, 43, 16, 839000),)",2a3c600a
408221665,-778667528,2793,0:30:30.890000,"(datetime.datetime(2026, 9, 29, 15, 43, 16, 848000),)",2a3c600d
408224852,-778672378,2812,0:30:30.930000,"(datetime.datetime(2026, 9, 29, 15, 43, 16, 883000),)",2a3c600a
408221738,-778667643,2793,0:30:30.940000,"(datetime.datetime(2026, 9, 29, 15, 43, 16, 893000),)",2a3c600d
408224945,-778672496,2813,0:30:30.950000,"(datetime.datetime(2026, 9, 29, 15, 43, 16, 902000),)",2a3c600a
408221811,-778667757,2793,0:30:30.990000,"(datetime.datetime(2026, 9, 29, 15, 43, 16, 942000),)",2a3c600d
408225040,-778672616,2813,0:30:31,"(datetime.datetime(2026, 9, 29, 15, 43, 16, 951000),)",2a3c600a
408221885,-778667870,2793,0:30:31,"(datetime.datetime(2026, 9, 29, 15, 43, 16, 960000),)",2a3c600d
408225137,-778672740,2813,0:30:31.010000,"(datetime.datetime(2026, 9, 29, 15, 43, 16, 969000),)",2a3c600a
408221958,-778667977,2793,0:30:31.070000,"(datetime.datetime(2026, 9, 29, 15, 43, 17, 21000),)",2a3c600d
408225234,-778672858,2813,0:30:31.080000,"(datetime.datetime(2026, 9, 29, 15, 43, 17, 38000),)",2a3c600a
408222028,-778668106,2790,0:30:31.130000,"(datetime.datetime(2026, 9, 29, 15, 43, 17, 81000),)",2a3c600d
408225329,-778672980,2813,0:30:31.140000,"(datetime.datetime(2026, 9, 29, 15, 43, 17, 98000),)",2a3c600a
408222103,-778668213,2791,0:30:31.180000,"(datetime.datetime(2026, 9, 29, 15, 43, 17, 139000),)",2a3c600d
408225427,-778673103,2813,0:30:31.200000,"(datetime.datetime(2026, 9, 29, 15, 43, 17, 152000),)",2a3c600a
408222179,-778668326,2791,0:30:31.210000,"(datetime.datetime(2026, 9, 29, 15, 43, 17, 169000),)",2a3c600d
408225527,-778673219,2813,0:30:31.240000,"(datetime.datetime(2026, 9, 29, 15, 43, 17, 194000),)",2a3c600a
408222252,-778668435,2791,0:30:31.250000,"(datetime.datetime(2026, 9, 29, 15, 43, 17, 203000),)",2a3c600d
408225625,-778673337,2813,0:30:31.260000,"(datetime.datetime(2026, 9, 29, 15, 43, 17, 212000),)",2a3c600a
408222328,-778668547,2791,0:30:31.270000,"(datetime.datetime(2026, 9, 29, 15, 43, 17, 222000),)",2a3c600d
408225728,-778673450,2813,0:30:31.310000,"(datetime.datetime(2026, 9, 29, 15, 43, 17, 261000),)",2a3c600a
408222402,-778668658,2791,0:30:31.320000,"(datetime.datetime(2026, 9, 29, 15, 43, 17, 270000),)",2a3c600d
408225827,-778673573,2812,0:30:31.320000,"(datetime.datetime(2026, 9, 29, 15, 43, 17, 279000),)",2a3c600a
408222479,-778668768,2791,0:30:31.370000,"(datetime.datetime(2026, 9, 29, 15, 43, 17, 327000),)",2a3c600d
408225929,-778673690,2813,0:30:31.380000,"(datetime.datetime(2026, 9, 29, 15, 43, 17, 338000),)",2a3c600a
408222555,-778668880,2791,0:30:31.390000,"(datetime.datetime(2026, 9, 29, 15, 43, 17, 350000),)",2a3c600d
408226030,-778673810,2812,0:30:31.430000,"(datetime.datetime(2026, 9, 29, 15, 43, 17, 382000),)",2a3c600a
408222632,-778668985,2791,0:30:31.440000,"(datetime.datetime(2026, 9, 29, 15, 43, 17, 392000),)",2a3c600d
408226131,-778673926,2813,0:30:31.450000,"(datetime.datetime(2026, 9, 29, 15, 43, 17, 404000),)",2a3c600a
408222632,-778668985,2791,0:30:31.490000,"(datetime.datetime(2026, 9, 29, 15, 43, 17, 442000),)",2a3c600d
408226232,-778674043,2813,0:30:31.500000,"(datetime.datetime(2026, 9, 29, 15, 43, 17, 452000),)",2a3c600a
408222706,-778669099,2791,0:30:31.510000,"(datetime.datetime(2026, 9, 29, 15, 43, 17, 461000),)",2a3c600d
408226331,-778674157,2813,0:30:31.550000,"(datetime.datetime(2026, 9, 29, 15, 43, 17, 501000),)",2a3c600a
408222784,-778669210,2791,0:30:31.560000,"(datetime.datetime(2026, 9, 29, 15, 43, 17, 516000),)",2a3c600d
408226437,-778674277,2813,0:30:31.600000,"(datetime.datetime(2026, 9, 29, 15, 43, 17, 556000),)",2a3c600a
408222860,-778669318,2791,0:30:31.610000,"(datetime.datetime(2026, 9, 29, 15, 43, 17, 569000),)",2a3c600d
408226542,-778674395,2813,0:30:31.630000,"(datetime.datetime(2026, 9, 29, 15, 43, 17, 582000),)",2a3c600a
408222936,-778669425,2791,0:30:31.660000,"(datetime.datetime(2026, 9, 29, 15, 43, 17, 617000),)",2a3c600d
408226647,-778674511,2813,0:30:31.680000,"(datetime.datetime(2026, 9, 29, 15, 43, 17, 631000),)",2a3c600a
408223015,-778669539,2791,0:30:31.710000,"(datetime.datetime(2026, 9, 29, 15, 43, 17, 668000),)",2a3c600d
408226751,-778674628,2813,0:30:31.720000,"(datetime.datetime(2026, 9, 29, 15, 43, 17, 678000),)",2a3c600a
408223093,-778669649,2790,0:30:31.730000,"(datetime.datetime(2026, 9, 29, 15, 43, 17, 688000),)",2a3c600d
408226858,-778674750,2813,0:30:31.780000,"(datetime.datetime(2026, 9, 29, 15, 43, 17, 736000),)",2a3c600a
408223171,-778669761,2790,0:30:31.790000,"(datetime.datetime(2026, 9, 29, 15, 43, 17, 749000),)",2a3c600d
408226963,-778674867,2813,0:30:31.870000,"(datetime.datetime(2026, 9, 29, 15, 43, 17, 824000),)",2a3c600a
408223250,-778669870,2791,0:30:31.890000,"(datetime.datetime(2026, 9, 29, 15, 43, 17, 843000),)",2a3c600d
408227066,-778674986,2813,0:30:31.970000,"(datetime.datetime(2026, 9, 29, 15, 43, 17, 928000),)",2a3c600a
408223330,-778669979,2790,0:30:31.990000,"(datetime.datetime(2026, 9, 29, 15, 43, 17, 944000),)",2a3c600d
408227176,-778675108,2814,0:30:32.070000,"(datetime.datetime(2026, 9, 29, 15, 43, 18, 25000),)",2a3c600a
408223408,-778670090,2791,0:30:32.090000,"(datetime.datetime(2026, 9, 29, 15, 43, 18, 43000),)",2a3c600d
408227281,-778675228,2813,0:30:32.170000,"(datetime.datetime(2026, 9, 29, 15, 43, 18, 125000),)",2a3c600a
408223487,-778670200,2791,0:30:32.190000,"(datetime.datetime(2026, 9, 29, 15, 43, 18, 146000),)",2a3c600d
408227388,-778675348,2814,0:30:32.270000,"(datetime.datetime(2026, 9, 29, 15, 43, 18, 225000),)",2a3c600a
408223572,-778670305,2792,0:30:32.300000,"(datetime.datetime(2026, 9, 29, 15, 43, 18, 251000),)",2a3c600d
408227497,-778675470,2814,0:30:32.370000,"(datetime.datetime(2026, 9, 29, 15, 43, 18, 324000),)",2a3c600a
408223655,-778670417,2791,0:30:32.390000,"(datetime.datetime(2026, 9, 29, 15, 43, 18, 341000),)",2a3c600d
408227602,-778675591,2814,0:30:32.470000,"(datetime.datetime(2026, 9, 29, 15, 43, 18, 423000),)",2a3c600a
408223735,-778670530,2791,0:30:32.490000,"(datetime.datetime(2026, 9, 29, 15, 43, 18, 441000),)",2a3c600d
408227708,-778675712,2814,0:30:32.570000,"(datetime.datetime(2026, 9, 29, 15, 43, 18, 525000),)",2a3c600a
408223818,-778670638,2792,0:30:32.590000,"(datetime.datetime(2026, 9, 29, 15, 43, 18, 545000),)",2a3c600d
408227819,-778675831,2814,0:30:32.670000,"(datetime.datetime(2026, 9, 29, 15, 43, 18, 624000),)",2a3c600a
408223899,-778670749,2792,0:30:32.690000,"(datetime.datetime(2026, 9, 29, 15, 43, 18, 641000),)",2a3c600d
408227931,-778675949,2813,0:30:32.770000,"(datetime.datetime(2026, 9, 29, 15, 43, 18, 724000),)",2a3c600a
408223982,-778670858,2791,0:30:32.790000,"(datetime.datetime(2026, 9, 29, 15, 43, 18, 744000),)",2a3c600d
408228042,-778676059,2812,0:30:32.870000,"(datetime.datetime(2026, 9, 29, 15, 43, 18, 826000),)",2a3c600a
408224065,-778670968,2791,0:30:32.890000,"(datetime.datetime(2026, 9, 29, 15, 43, 18, 848000),)",2a3c600d
408228161,-778676175,2811,0:30:32.970000,"(datetime.datetime(2026, 9, 29, 15, 43, 18, 924000),)",2a3c600a
408224152,-778671074,2792,0:30:32.990000,"(datetime.datetime(2026, 9, 29, 15, 43, 18, 948000),)",2a3c600d
408228273,-778676282,2811,0:30:33.070000,"(datetime.datetime(2026, 9, 29, 15, 43, 19, 30000),)",2a3c600a
408224235,-778671188,2792,0:30:33.100000,"(datetime.datetime(2026, 9, 29, 15, 43, 19, 51000),)",2a3c600d
408228387,-778676400,2811,0:30:33.170000,"(datetime.datetime(2026, 9, 29, 15, 43, 19, 123000),)",2a3c600a
408224321,-778671295,2792,0:30:33.180000,"(datetime.datetime(2026, 9, 29, 15, 43, 19, 139000),)",2a3c600d
408228503,-778676527,2818,0:30:33.270000,"(datetime.datetime(2026, 9, 29, 15, 43, 19, 224000),)",2a3c600a
408224408,-778671404,2791,0:30:33.290000,"(datetime.datetime(2026, 9, 29, 15, 43, 19, 245000),)",2a3c600d
408228613,-778676646,2818,0:30:33.370000,"(datetime.datetime(2026, 9, 29, 15, 43, 19, 324000),)",2a3c600a
408224495,-778671516,2792,0:30:33.410000,"(datetime.datetime(2026, 9, 29, 15, 43, 19, 361000),)",2a3c600d
408228727,-778676763,2818,0:30:33.470000,"(datetime.datetime(2026, 9, 29, 15, 43, 19, 424000),)",2a3c600a
408224583,-778671624,2792,0:30:33.490000,"(datetime.datetime(2026, 9, 29, 15, 43, 19, 449000),)",2a3c600d
408228845,-778676878,2818,0:30:33.570000,"(datetime.datetime(2026, 9, 29, 15, 43, 19, 524000),)",2a3c600a
408224672,-778671734,2792,0:30:33.600000,"(datetime.datetime(2026, 9, 29, 15, 43, 19, 551000),)",2a3c600d
408228958,-778676997,2818,0:30:33.670000,"(datetime.datetime(2026, 9, 29, 15, 43, 19, 623000),)",2a3c600a
408224759,-778671850,2791,0:30:33.680000,"(datetime.datetime(2026, 9, 29, 15, 43, 19, 638000),)",2a3c600d
408229071,-778677114,2818,0:30:33.770000,"(datetime.datetime(2026, 9, 29, 15, 43, 19, 724000),)",2a3c600a
408224848,-778671959,2791,0:30:33.800000,"(datetime.datetime(2026, 9, 29, 15, 43, 19, 753000),)",2a3c600d
408229185,-778677233,2818,0:30:33.870000,"(datetime.datetime(2026, 9, 29, 15, 43, 19, 825000),)",2a3c600a
408224937,-778672073,2792,0:30:33.890000,"(datetime.datetime(2026, 9, 29, 15, 43, 19, 849000),)",2a3c600d
408229299,-778677351,2818,0:30:33.970000,"(datetime.datetime(2026, 9, 29, 15, 43, 19, 924000),)",2a3c600a
408225024,-778672184,2791,0:30:34,"(datetime.datetime(2026, 9, 29, 15, 43, 19, 951000),)",2a3c600d
408229412,-778677468,2818,0:30:34.070000,"(datetime.datetime(2026, 9, 29, 15, 43, 20, 24000),)",2a3c600a
408225116,-778672297,2791,0:30:34.090000,"(datetime.datetime(2026, 9, 29, 15, 43, 20, 42000),)",2a3c600d
408229526,-778677587,2818,0:30:34.170000,"(datetime.datetime(2026, 9, 29, 15, 43, 20, 124000),)",2a3c600a
408225206,-778672410,2791,0:30:34.190000,"(datetime.datetime(2026, 9, 29, 15, 43, 20, 149000),)",2a3c600d
408229668,-778677729,2818,0:30:34.220000,"(datetime.datetime(2026, 9, 29, 15, 43, 20, 171000),)",2a3c600a
408225295,-778672524,2792,0:30:34.270000,"(datetime.datetime(2026, 9, 29, 15, 43, 20, 229000),)",2a3c600d
408229789,-778677842,2819,0:30:34.320000,"(datetime.datetime(2026, 9, 29, 15, 43, 20, 271000),)",2a3c600a
408225393,-778672632,2792,0:30:34.370000,"(datetime.datetime(2026, 9, 29, 15, 43, 20, 330000),)",2a3c600d
408229927,-778677951,2820,0:30:34.430000,"(datetime.datetime(2026, 9, 29, 15, 43, 20, 382000),)",2a3c600a
408225485,-778672748,2792,0:30:34.470000,"(datetime.datetime(2026, 9, 29, 15, 43, 20, 430000),)",2a3c600d
408230065,-778678077,2821,0:30:34.520000,"(datetime.datetime(2026, 9, 29, 15, 43, 20, 472000),)",2a3c600a
408225576,-778672864,2792,0:30:34.580000,"(datetime.datetime(2026, 9, 29, 15, 43, 20, 531000),)",2a3c600d
408230200,-778678193,2820,0:30:34.620000,"(datetime.datetime(2026, 9, 29, 15, 43, 20, 572000),)",2a3c600a
408225670,-778672977,2792,0:30:34.680000,"(datetime.datetime(2026, 9, 29, 15, 43, 20, 632000),)",2a3c600d
408230328,-778678312,2820,0:30:34.720000,"(datetime.datetime(2026, 9, 29, 15, 43, 20, 673000),)",2a3c600a
408225764,-778673090,2792,0:30:34.780000,"(datetime.datetime(2026, 9, 29, 15, 43, 20, 735000),)",2a3c600d
408230456,-778678432,2820,0:30:34.820000,"(datetime.datetime(2026, 9, 29, 15, 43, 20, 774000),)",2a3c600a
408225860,-778673206,2792,0:30:34.880000,"(datetime.datetime(2026, 9, 29, 15, 43, 20, 831000),)",2a3c600d
408230574,-778678579,2820,0:30:34.920000,"(datetime.datetime(2026, 9, 29, 15, 43, 20, 874000),)",2a3c600a
408225955,-778673322,2792,0:30:34.970000,"(datetime.datetime(2026, 9, 29, 15, 43, 20, 930000),)",2a3c600d
408230697,-778678708,2820,0:30:35.020000,"(datetime.datetime(2026, 9, 29, 15, 43, 20, 972000),)",2a3c600a
408226051,-778673437,2792,0:30:35.070000,"(datetime.datetime(2026, 9, 29, 15, 43, 21, 29000),)",2a3c600d
408230822,-778678839,2820,0:30:35.120000,"(datetime.datetime(2026, 9, 29, 15, 43, 21, 71000),)",2a3c600a
408226146,-778673553,2793,0:30:35.180000,"(datetime.datetime(2026, 9, 29, 15, 43, 21, 132000),)",2a3c600d
408230881,-778678955,2818,0:30:35.220000,"(datetime.datetime(2026, 9, 29, 15, 43, 21, 171000),)",2a3c600a
408226247,-778673666,2792,0:30:35.270000,"(datetime.datetime(2026, 9, 29, 15, 43, 21, 229000),)",2a3c600d
408231019,-778679073,2818,0:30:35.320000,"(datetime.datetime(2026, 9, 29, 15, 43, 21, 272000),)",2a3c600a
408226344,-778673786,2792,0:30:35.380000,"(datetime.datetime(2026, 9, 29, 15, 43, 21, 330000),)",2a3c600d
408231141,-778679198,2818,0:30:35.440000,"(datetime.datetime(2026, 9, 29, 15, 43, 21, 396000),)",2a3c600a
408226444,-778673902,2792,0:30:35.480000,"(datetime.datetime(2026, 9, 29, 15, 43, 21, 432000),)",2a3c600d
408231266,-778679324,2818,0:30:35.520000,"(datetime.datetime(2026, 9, 29, 15, 43, 21, 472000),)",2a3c600a
408226540,-778674022,2792,0:30:35.580000,"(datetime.datetime(2026, 9, 29, 15, 43, 21, 539000),)",2a3c600d
408231392,-778679450,2818,0:30:35.620000,"(datetime.datetime(2026, 9, 29, 15, 43, 21, 571000),)",2a3c600a
408226641,-778674137,2792,0:30:35.680000,"(datetime.datetime(2026, 9, 29, 15, 43, 21, 630000),)",2a3c600d
408231515,-778679574,2818,0:30:35.720000,"(datetime.datetime(2026, 9, 29, 15, 43, 21, 671000),)",2a3c600a
408226742,-778674256,2792,0:30:35.770000,"(datetime.datetime(2026, 9, 29, 15, 43, 21, 730000),)",2a3c600d
408231640,-778679701,2818,0:30:35.820000,"(datetime.datetime(2026, 9, 29, 15, 43, 21, 780000),)",2a3c600a
408226841,-778674369,2792,0:30:35.880000,"(datetime.datetime(2026, 9, 29, 15, 43, 21, 830000),)",2a3c600d
408231765,-778679827,2818,0:30:35.920000,"(datetime.datetime(2026, 9, 29, 15, 43, 21, 871000),)",2a3c600a
408226943,-778674489,2792,0:30:35.980000,"(datetime.datetime(2026, 9, 29, 15, 43, 21, 931000),)",2a3c600d
408231890,-778679953,2819,0:30:36.020000,"(datetime.datetime(2026, 9, 29, 15, 43, 21, 972000),)",2a3c600a
408227042,-778674603,2792,0:30:36.080000,"(datetime.datetime(2026, 9, 29, 15, 43, 22, 30000),)",2a3c600d
408232017,-778680081,2819,0:30:36.120000,"(datetime.datetime(2026, 9, 29, 15, 43, 22, 72000),)",2a3c600a
408227145,-778674719,2792,0:30:36.180000,"(datetime.datetime(2026, 9, 29, 15, 43, 22, 133000),)",2a3c600d
408232090,-778680239,2819,0:30:36.220000,"(datetime.datetime(2026, 9, 29, 15, 43, 22, 172000),)",2a3c600a
408227239,-778674839,2793,0:30:36.270000,"(datetime.datetime(2026, 9, 29, 15, 43, 22, 230000),)",2a3c600d
408232245,-778680284,2818,0:30:36.320000,"(datetime.datetime(2026, 9, 29, 15, 43, 22, 272000),)",2a3c600a
408227340,-778674953,2793,0:30:36.370000,"(datetime.datetime(2026, 9, 29, 15, 43, 22, 329000),)",2a3c600d
408232375,-778680392,2818,0:30:36.420000,"(datetime.datetime(2026, 9, 29, 15, 43, 22, 371000),)",2a3c600a
408227443,-778675068,2793,0:30:36.480000,"(datetime.datetime(2026, 9, 29, 15, 43, 22, 430000),)",2a3c600d
408232502,-778680507,2818,0:30:36.520000,"(datetime.datetime(2026, 9, 29, 15, 43, 22, 472000),)",2a3c600a
408227544,-778675179,2794,0:30:36.570000,"(datetime.datetime(2026, 9, 29, 15, 43, 22, 530000),)",2a3c600d
408232630,-778680621,2818,0:30:36.620000,"(datetime.datetime(2026, 9, 29, 15, 43, 22, 574000),)",2a3c600a
408227650,-778675294,2794,0:30:36.680000,"(datetime.datetime(2026, 9, 29, 15, 43, 22, 639000),)",2a3c600d
408232758,-778680735,2818,0:30:36.720000,"(datetime.datetime(2026, 9, 29, 15, 43, 22, 672000),)",2a3c600a
408227754,-778675410,2794,0:30:36.780000,"(datetime.datetime(2026, 9, 29, 15, 43, 22, 730000),)",2a3c600d
408232886,-778680848,2818,0:30:36.820000,"(datetime.datetime(2026, 9, 29, 15, 43, 22, 771000),)",2a3c600a
408227860,-778675528,2794,0:30:36.870000,"(datetime.datetime(2026, 9, 29, 15, 43, 22, 829000),)",2a3c600d
408233014,-778680962,2818,0:30:36.920000,"(datetime.datetime(2026, 9, 29, 15, 43, 22, 871000),)",2a3c600a
408227963,-778675644,2794,0:30:36.970000,"(datetime.datetime(2026, 9, 29, 15, 43, 22, 930000),)",2a3c600d
408233140,-778681074,2818,0:30:37.020000,"(datetime.datetime(2026, 9, 29, 15, 43, 22, 972000),)",2a3c600a
408228068,-778675756,2793,0:30:37.080000,"(datetime.datetime(2026, 9, 29, 15, 43, 23, 33000),)",2a3c600d
408233269,-778681187,2818,0:30:37.120000,"(datetime.datetime(2026, 9, 29, 15, 43, 23, 71000),)",2a3c600a
408228181,-778675861,2793,0:30:37.180000,"(datetime.datetime(2026, 9, 29, 15, 43, 23, 130000),)",2a3c600d
408233426,-778681281,2822,0:30:37.220000,"(datetime.datetime(2026, 9, 29, 15, 43, 23, 174000),)",2a3c600a
408228280,-778675973,2791,0:30:37.270000,"(datetime.datetime(2026, 9, 29, 15, 43, 23, 230000),)",2a3c600d
408233555,-778681393,2821,0:30:37.320000,"(datetime.datetime(2026, 9, 29, 15, 43, 23, 276000),)",2a3c600a
408228390,-778676090,2791,0:30:37.380000,"(datetime.datetime(2026, 9, 29, 15, 43, 23, 333000),)",2a3c600d
408233686,-778681506,2822,0:30:37.420000,"(datetime.datetime(2026, 9, 29, 15, 43, 23, 371000),)",2a3c600a
408228498,-778676207,2791,0:30:37.470000,"(datetime.datetime(2026, 9, 29, 15, 43, 23, 430000),)",2a3c600d
408233815,-778681618,2822,0:30:37.510000,"(datetime.datetime(2026, 9, 29, 15, 43, 23, 460000),)",2a3c600a
408228606,-778676330,2791,0:30:37.580000,"(datetime.datetime(2026, 9, 29, 15, 43, 23, 530000),)",2a3c600d
408233945,-778681730,2822,0:30:37.610000,"(datetime.datetime(2026, 9, 29, 15, 43, 23, 569000),)",2a3c600a
408228710,-778676448,2791,0:30:37.670000,"(datetime.datetime(2026, 9, 29, 15, 43, 23, 630000),)",2a3c600d
408234077,-778681841,2823,0:30:37.710000,"(datetime.datetime(2026, 9, 29, 15, 43, 23, 662000),)",2a3c600a
408228819,-778676570,2791,0:30:37.770000,"(datetime.datetime(2026, 9, 29, 15, 43, 23, 729000),)",2a3c600d
408234207,-778681953,2823,0:30:37.800000,"(datetime.datetime(2026, 9, 29, 15, 43, 23, 760000),)",2a3c600a
408228925,-778676683,2791,0:30:37.870000,"(datetime.datetime(2026, 9, 29, 15, 43, 23, 830000),)",2a3c600d
408234339,-778682064,2823,0:30:37.920000,"(datetime.datetime(2026, 9, 29, 15, 43, 23, 872000),)",2a3c600a
408229036,-778676807,2791,0:30:37.970000,"(datetime.datetime(2026, 9, 29, 15, 43, 23, 929000),)",2a3c600d
408234471,-778682178,2824,0:30:38.010000,"(datetime.datetime(2026, 9, 29, 15, 43, 23, 961000),)",2a3c600a
408229144,-778676925,2791,0:30:38.070000,"(datetime.datetime(2026, 9, 29, 15, 43, 24, 30000),)",2a3c600d
408234601,-778682285,2824,0:30:38.100000,"(datetime.datetime(2026, 9, 29, 15, 43, 24, 60000),)",2a3c600a
408229252,-778677044,2791,0:30:38.180000,"(datetime.datetime(2026, 9, 29, 15, 43, 24, 134000),)",2a3c600d
408234730,-778682401,2825,0:30:38.200000,"(datetime.datetime(2026, 9, 29, 15, 43, 24, 159000),)",2a3c600a
408229396,-778677116,2793,0:30:38.280000,"(datetime.datetime(2026, 9, 29, 15, 43, 24, 230000),)",2a3c600d
408234861,-778682512,2825,0:30:38.300000,"(datetime.datetime(2026, 9, 29, 15, 43, 24, 260000),)",2a3c600a
408229509,-778677228,2793,0:30:38.370000,"(datetime.datetime(2026, 9, 29, 15, 43, 24, 330000),)",2a3c600d
408234993,-778682623,2825,0:30:38.410000,"(datetime.datetime(2026, 9, 29, 15, 43, 24, 360000),)",2a3c600a
408229621,-778677348,2793,0:30:38.480000,"(datetime.datetime(2026, 9, 29, 15, 43, 24, 430000),)",2a3c600d
408235122,-778682734,2825,0:30:38.500000,"(datetime.datetime(2026, 9, 29, 15, 43, 24, 459000),)",2a3c600a
408229733,-778677464,2793,0:30:38.570000,"(datetime.datetime(2026, 9, 29, 15, 43, 24, 530000),)",2a3c600d
408235254,-778682843,2825,0:30:38.610000,"(datetime.datetime(2026, 9, 29, 15, 43, 24, 561000),)",2a3c600a
408229848,-778677576,2793,0:30:38.690000,"(datetime.datetime(2026, 9, 29, 15, 43, 24, 645000),)",2a3c600d
408235385,-778682956,2825,0:30:38.710000,"(datetime.datetime(2026, 9, 29, 15, 43, 24, 662000),)",2a3c600a
408229960,-778677668,2793,0:30:38.770000,"(datetime.datetime(2026, 9, 29, 15, 43, 24, 729000),)",2a3c600d
408235514,-778683066,2826,0:30:38.800000,"(datetime.datetime(2026, 9, 29, 15, 43, 24, 759000),)",2a3c600a
408230073,-778677774,2793,0:30:38.870000,"(datetime.datetime(2026, 9, 29, 15, 43, 24, 829000),)",2a3c600d
408235646,-778683176,2826,0:30:38.900000,"(datetime.datetime(2026, 9, 29, 15, 43, 24, 860000),)",2a3c600a
408230186,-778677880,2794,0:30:38.980000,"(datetime.datetime(2026, 9, 29, 15, 43, 24, 931000),)",2a3c600d
408235777,-778683288,2827,0:30:39,"(datetime.datetime(2026, 9, 29, 15, 43, 24, 960000),)",2a3c600a
408230294,-778677991,2793,0:30:39.080000,"(datetime.datetime(2026, 9, 29, 15, 43, 25, 31000),)",2a3c600d
408235909,-778683398,2827,0:30:39.110000,"(datetime.datetime(2026, 9, 29, 15, 43, 25, 63000),)",2a3c600a
408230407,-778678098,2793,0:30:39.170000,"(datetime.datetime(2026, 9, 29, 15, 43, 25, 129000),)",2a3c600d
408236034,-778683499,2827,0:30:39.200000,"(datetime.datetime(2026, 9, 29, 15, 43, 25, 159000),)",2a3c600a
408230517,-778678282,2791,0:30:39.270000,"(datetime.datetime(2026, 9, 29, 15, 43, 25, 230000),)",2a3c600d
408236166,-778683610,2827,0:30:39.300000,"(datetime.datetime(2026, 9, 29, 15, 43, 25, 259000),)",2a3c600a
408230629,-778678413,2791,0:30:39.370000,"(datetime.datetime(2026, 9, 29, 15, 43, 25, 329000),)",2a3c600d
408236297,-778683717,2828,0:30:39.400000,"(datetime.datetime(2026, 9, 29, 15, 43, 25, 360000),)",2a3c600a
408230741,-778678535,2792,0:30:39.470000,"(datetime.datetime(2026, 9, 29, 15, 43, 25, 430000),)",2a3c600d
408230853,-778678656,2792,0:30:39.490000,"(datetime.datetime(2026, 9, 29, 15, 43, 25, 442000),)",2a3c600d
408236427,-778683831,2828,0:30:39.500000,"(datetime.datetime(2026, 9, 29, 15, 43, 25, 459000),)",2a3c600a
408230961,-778678785,2793,0:30:39.580000,"(datetime.datetime(2026, 9, 29, 15, 43, 25, 537000),)",2a3c600d
408236559,-778683941,2828,0:30:39.600000,"(datetime.datetime(2026, 9, 29, 15, 43, 25, 559000),)",2a3c600a
408231073,-778678910,2793,0:30:39.680000,"(datetime.datetime(2026, 9, 29, 15, 43, 25, 632000),)",2a3c600d
408236691,-778684050,2828,0:30:39.700000,"(datetime.datetime(2026, 9, 29, 15, 43, 25, 659000),)",2a3c600a
408231175,-778679057,2794,0:30:39.780000,"(datetime.datetime(2026, 9, 29, 15, 43, 25, 733000),)",2a3c600d
408236823,-778684160,2829,0:30:39.800000,"(datetime.datetime(2026, 9, 29, 15, 43, 25, 759000),)",2a3c600a
408231284,-778679186,2794,0:30:39.880000,"(datetime.datetime(2026, 9, 29, 15, 43, 25, 831000),)",2a3c600d
408236953,-778684268,2829,0:30:39.900000,"(datetime.datetime(2026, 9, 29, 15, 43, 25, 860000),)",2a3c600a
408231404,-778679310,2793,0:30:39.980000,"(datetime.datetime(2026, 9, 29, 15, 43, 25, 933000),)",2a3c600d
408237084,-778684379,2828,0:30:40.010000,"(datetime.datetime(2026, 9, 29, 15, 43, 25, 960000),)",2a3c600a
408231529,-778679421,2792,0:30:40.080000,"(datetime.datetime(2026, 9, 29, 15, 43, 26, 35000),)",2a3c600d
408237214,-778684487,2829,0:30:40.100000,"(datetime.datetime(2026, 9, 29, 15, 43, 26, 60000),)",2a3c600a
408231699,-778679454,2793,0:30:40.180000,"(datetime.datetime(2026, 9, 29, 15, 43, 26, 132000),)",2a3c600d
408237339,-778684592,2829,0:30:40.200000,"(datetime.datetime(2026, 9, 29, 15, 43, 26, 159000),)",2a3c600a
408231822,-778679571,2793,0:30:40.280000,"(datetime.datetime(2026, 9, 29, 15, 43, 26, 232000),)",2a3c600d
408237472,-778684701,2829,0:30:40.310000,"(datetime.datetime(2026, 9, 29, 15, 43, 26, 269000),)",2a3c600a
408231944,-778679686,2793,0:30:40.380000,"(datetime.datetime(2026, 9, 29, 15, 43, 26, 332000),)",2a3c600d
408237602,-778684812,2830,0:30:40.410000,"(datetime.datetime(2026, 9, 29, 15, 43, 26, 361000),)",2a3c600a
408231944,-778679686,2793,0:30:40.480000,"(datetime.datetime(2026, 9, 29, 15, 43, 26, 432000),)",2a3c600d
408237734,-778684921,2830,0:30:40.500000,"(datetime.datetime(2026, 9, 29, 15, 43, 26, 459000),)",2a3c600a
408232066,-778679801,2793,0:30:40.580000,"(datetime.datetime(2026, 9, 29, 15, 43, 26, 531000),)",2a3c600d
408237866,-778685030,2830,0:30:40.600000,"(datetime.datetime(2026, 9, 29, 15, 43, 26, 559000),)",2a3c600a
408232187,-778679916,2793,0:30:40.680000,"(datetime.datetime(2026, 9, 29, 15, 43, 26, 631000),)",2a3c600d
408237866,-778685030,2830,0:30:40.710000,"(datetime.datetime(2026, 9, 29, 15, 43, 26, 660000),)",2a3c600a
408232308,-778680029,2793,0:30:40.780000,"(datetime.datetime(2026, 9, 29, 15, 43, 26, 732000),)",2a3c600d
408237998,-778685140,2830,0:30:40.800000,"(datetime.datetime(2026, 9, 29, 15, 43, 26, 759000),)",2a3c600a
408232429,-778680143,2793,0:30:40.880000,"(datetime.datetime(2026, 9, 29, 15, 43, 26, 832000),)",2a3c600d
408238128,-778685249,2830,0:30:40.910000,"(datetime.datetime(2026, 9, 29, 15, 43, 26, 869000),)",2a3c600a
408232549,-778680256,2793,0:30:40.980000,"(datetime.datetime(2026, 9, 29, 15, 43, 26, 932000),)",2a3c600d
408238261,-778685357,2831,0:30:41.010000,"(datetime.datetime(2026, 9, 29, 15, 43, 26, 965000),)",2a3c600a
408232671,-778680370,2793,0:30:41.080000,"(datetime.datetime(2026, 9, 29, 15, 43, 27, 39000),)",2a3c600d
408238394,-778685468,2831,0:30:41.100000,"(datetime.datetime(2026, 9, 29, 15, 43, 27, 59000),)",2a3c600a
408232793,-778680485,2793,0:30:41.180000,"(datetime.datetime(2026, 9, 29, 15, 43, 27, 131000),)",2a3c600d
408238523,-778685577,2831,0:30:41.200000,"(datetime.datetime(2026, 9, 29, 15, 43, 27, 159000),)",2a3c600a
408232940,-778680542,2798,0:30:41.280000,"(datetime.datetime(2026, 9, 29, 15, 43, 27, 232000),)",2a3c600d
408238654,-778685669,2830,0:30:41.300000,"(datetime.datetime(2026, 9, 29, 15, 43, 27, 260000),)",2a3c600a
408233064,-778680646,2798,0:30:41.380000,"(datetime.datetime(2026, 9, 29, 15, 43, 27, 332000),)",2a3c600d
408238787,-778685778,2830,0:30:41.400000,"(datetime.datetime(2026, 9, 29, 15, 43, 27, 359000),)",2a3c600a
408233189,-778680755,2798,0:30:41.480000,"(datetime.datetime(2026, 9, 29, 15, 43, 27, 431000),)",2a3c600d
408238919,-778685889,2831,0:30:41.500000,"(datetime.datetime(2026, 9, 29, 15, 43, 27, 460000),)",2a3c600a
408233309,-778680862,2798,0:30:41.580000,"(datetime.datetime(2026, 9, 29, 15, 43, 27, 531000),)",2a3c600d
408239050,-778685997,2831,0:30:41.600000,"(datetime.datetime(2026, 9, 29, 15, 43, 27, 559000),)",2a3c600a
408233435,-778680969,2798,0:30:41.680000,"(datetime.datetime(2026, 9, 29, 15, 43, 27, 632000),)",2a3c600d
408239184,-778686108,2831,0:30:41.700000,"(datetime.datetime(2026, 9, 29, 15, 43, 27, 660000),)",2a3c600a
408233558,-778681076,2798,0:30:41.780000,"(datetime.datetime(2026, 9, 29, 15, 43, 27, 736000),)",2a3c600d
408239317,-778686219,2831,0:30:41.800000,"(datetime.datetime(2026, 9, 29, 15, 43, 27, 760000),)",2a3c600a
408233681,-778681183,2799,0:30:41.880000,"(datetime.datetime(2026, 9, 29, 15, 43, 27, 831000),)",2a3c600d
408239447,-778686331,2831,0:30:41.900000,"(datetime.datetime(2026, 9, 29, 15, 43, 27, 860000),)",2a3c600a
408233805,-778681289,2799,0:30:41.980000,"(datetime.datetime(2026, 9, 29, 15, 43, 27, 931000),)",2a3c600d
408239580,-778686442,2831,0:30:42,"(datetime.datetime(2026, 9, 29, 15, 43, 27, 960000),)",2a3c600a
408233929,-778681396,2799,0:30:42.080000,"(datetime.datetime(2026, 9, 29, 15, 43, 28, 32000),)",2a3c600d
408239710,-778686553,2832,0:30:42.100000,"(datetime.datetime(2026, 9, 29, 15, 43, 28, 59000),)",2a3c600a
408234054,-778681501,2799,0:30:42.180000,"(datetime.datetime(2026, 9, 29, 15, 43, 28, 131000),)",2a3c600d
408239840,-778686663,2832,0:30:42.210000,"(datetime.datetime(2026, 9, 29, 15, 43, 28, 160000),)",2a3c600a
408234175,-778681607,2800,0:30:42.280000,"(datetime.datetime(2026, 9, 29, 15, 43, 28, 232000),)",2a3c600d
408239973,-778686772,2832,0:30:42.310000,"(datetime.datetime(2026, 9, 29, 15, 43, 28, 263000),)",2a3c600a
408234298,-778681710,2800,0:30:42.380000,"(datetime.datetime(2026, 9, 29, 15, 43, 28, 332000),)",2a3c600d
408240105,-778686884,2832,0:30:42.400000,"(datetime.datetime(2026, 9, 29, 15, 43, 28, 359000),)",2a3c600a
408234422,-778681818,2800,0:30:42.480000,"(datetime.datetime(2026, 9, 29, 15, 43, 28, 432000),)",2a3c600d
408240239,-778686998,2832,0:30:42.500000,"(datetime.datetime(2026, 9, 29, 15, 43, 28, 459000),)",2a3c600a
408234546,-778681921,2801,0:30:42.580000,"(datetime.datetime(2026, 9, 29, 15, 43, 28, 532000),)",2a3c600d
408240371,-778687112,2833,0:30:42.600000,"(datetime.datetime(2026, 9, 29, 15, 43, 28, 559000),)",2a3c600a
408234670,-778682025,2800,0:30:42.680000,"(datetime.datetime(2026, 9, 29, 15, 43, 28, 631000),)",2a3c600d
408240504,-778687222,2832,0:30:42.700000,"(datetime.datetime(2026, 9, 29, 15, 43, 28, 660000),)",2a3c600a
408234794,-778682130,2801,0:30:42.780000,"(datetime.datetime(2026, 9, 29, 15, 43, 28, 731000),)",2a3c600d
408240636,-778687340,2833,0:30:42.800000,"(datetime.datetime(2026, 9, 29, 15, 43, 28, 759000),)",2a3c600a
408234919,-778682237,2801,0:30:42.880000,"(datetime.datetime(2026, 9, 29, 15, 43, 28, 831000),)",2a3c600d
408240767,-778687452,2833,0:30:43.020000,"(datetime.datetime(2026, 9, 29, 15, 43, 28, 977000),)",2a3c600a
408235040,-778682342,2801,0:30:43.240000,"(datetime.datetime(2026, 9, 29, 15, 43, 29, 199000),)",2a3c600d
408240898,-778687575,2834,0:30:43.380000,"(datetime.datetime(2026, 9, 29, 15, 43, 29, 337000),)",2a3c600a
408235163,-778682447,2801,0:30:43.470000,"(datetime.datetime(2026, 9, 29, 15, 43, 29, 426000),)",2a3c600d
408241034,-778687678,2834,0:30:43.670000,"(datetime.datetime(2026, 9, 29, 15, 43, 29, 625000),)",2a3c600a
408235286,-778682551,2801,0:30:43.770000,"(datetime.datetime(2026, 9, 29, 15, 43, 29, 722000),)",2a3c600d
408241164,-778687802,2835,0:30:43.920000,"(datetime.datetime(2026, 9, 29, 15, 43, 29, 873000),)",2a3c600a
408235407,-778682656,2802,0:30:43.950000,"(datetime.datetime(2026, 9, 29, 15, 43, 29, 908000),)",2a3c600d
408241295,-778687922,2834,0:30:44.030000,"(datetime.datetime(2026, 9, 29, 15, 43, 29, 986000),)",2a3c600a
408235528,-778682760,2802,0:30:44.120000,"(datetime.datetime(2026, 9, 29, 15, 43, 30, 77000),)",2a3c600d
408241430,-778688035,2834,0:30:44.160000,"(datetime.datetime(2026, 9, 29, 15, 43, 30, 120000),)",2a3c600a
408235653,-778682860,2803,0:30:44.230000,"(datetime.datetime(2026, 9, 29, 15, 43, 30, 182000),)",2a3c600d
408241561,-778688151,2834,0:30:44.260000,"(datetime.datetime(2026, 9, 29, 15, 43, 30, 218000),)",2a3c600a
408235773,-778682967,2803,0:30:44.370000,"(datetime.datetime(2026, 9, 29, 15, 43, 30, 324000),)",2a3c600d
408241693,-778688268,2835,0:30:44.570000,"(datetime.datetime(2026, 9, 29, 15, 43, 30, 527000),)",2a3c600a
408235895,-778683070,2803,0:30:44.650000,"(datetime.datetime(2026, 9, 29, 15, 43, 30, 601000),)",2a3c600d
408241824,-778688381,2835,0:30:44.670000,"(datetime.datetime(2026, 9, 29, 15, 43, 30, 626000),)",2a3c600a
408236017,-778683174,2804,0:30:44.780000,"(datetime.datetime(2026, 9, 29, 15, 43, 30, 733000),)",2a3c600d
408241956,-778688495,2835,0:30:44.880000,"(datetime.datetime(2026, 9, 29, 15, 43, 30, 834000),)",2a3c600a
408236138,-778683278,2804,0:30:44.980000,"(datetime.datetime(2026, 9, 29, 15, 43, 30, 940000),)",2a3c600d
408242086,-778688608,2835,0:30:45.090000,"(datetime.datetime(2026, 9, 29, 15, 43, 31, 50000),)",2a3c600a
408236260,-778683380,2804,0:30:45.200000,"(datetime.datetime(2026, 9, 29, 15, 43, 31, 154000),)",2a3c600d
408242221,-778688722,2835,0:30:45.290000,"(datetime.datetime(2026, 9, 29, 15, 43, 31, 249000),)",2a3c600a
408236380,-778683483,2805,0:30:45.390000,"(datetime.datetime(2026, 9, 29, 15, 43, 31, 348000),)",2a3c600d
408242351,-778688844,2836,0:30:45.590000,"(datetime.datetime(2026, 9, 29, 15, 43, 31, 550000),)",2a3c600a
408236503,-778683588,2805,0:30:45.650000,"(datetime.datetime(2026, 9, 29, 15, 43, 31, 604000),)",2a3c600d
408242483,-778688961,2837,0:30:45.700000,"(datetime.datetime(2026, 9, 29, 15, 43, 31, 654000),)",2a3c600a
408236622,-778683691,2806,0:30:45.810000,"(datetime.datetime(2026, 9, 29, 15, 43, 31, 763000),)",2a3c600d
408242609,-778689079,2837,0:30:45.830000,"(datetime.datetime(2026, 9, 29, 15, 43, 31, 790000),)",2a3c600a
408236741,-778683795,2806,0:30:45.850000,"(datetime.datetime(2026, 9, 29, 15, 43, 31, 801000),)",2a3c600d
408242737,-778689192,2837,0:30:45.860000,"(datetime.datetime(2026, 9, 29, 15, 43, 31, 811000),)",2a3c600a
408236861,-778683898,2806,0:30:45.900000,"(datetime.datetime(2026, 9, 29, 15, 43, 31, 853000),)",2a3c600d
408242871,-778689303,2837,0:30:45.910000,"(datetime.datetime(2026, 9, 29, 15, 43, 31, 863000),)",2a3c600a
408236984,-778684001,2806,0:30:45.920000,"(datetime.datetime(2026, 9, 29, 15, 43, 31, 878000),)",2a3c600d
408243001,-778689418,2837,0:30:45.960000,"(datetime.datetime(2026, 9, 29, 15, 43, 31, 914000),)",2a3c600a
408237107,-778684104,2807,0:30:45.970000,"(datetime.datetime(2026, 9, 29, 15, 43, 31, 925000),)",2a3c600d
408243134,-778689530,2837,0:30:45.980000,"(datetime.datetime(2026, 9, 29, 15, 43, 31, 935000),)",2a3c600a
408237229,-778684208,2807,0:30:46.030000,"(datetime.datetime(2026, 9, 29, 15, 43, 31, 984000),)",2a3c600d
408243266,-778689643,2837,0:30:46.040000,"(datetime.datetime(2026, 9, 29, 15, 43, 31, 995000),)",2a3c600a
408237354,-778684310,2807,0:30:46.050000,"(datetime.datetime(2026, 9, 29, 15, 43, 32, 8000),)",2a3c600d
408243394,-778689757,2837,0:30:46.100000,"(datetime.datetime(2026, 9, 29, 15, 43, 32, 53000),)",2a3c600a
408237476,-778684416,2807,0:30:46.110000,"(datetime.datetime(2026, 9, 29, 15, 43, 32, 62000),)",2a3c600d
408243524,-778689871,2837,0:30:46.120000,"(datetime.datetime(2026, 9, 29, 15, 43, 32, 74000),)",2a3c600a
408237597,-778684523,2807,0:30:46.160000,"(datetime.datetime(2026, 9, 29, 15, 43, 32, 113000),)",2a3c600d
408243653,-778689985,2838,0:30:46.170000,"(datetime.datetime(2026, 9, 29, 15, 43, 32, 124000),)",2a3c600a
408237718,-778684628,2807,0:30:46.180000,"(datetime.datetime(2026, 9, 29, 15, 43, 32, 134000),)",2a3c600d
408243780,-778690102,2838,0:30:46.230000,"(datetime.datetime(2026, 9, 29, 15, 43, 32, 184000),)",2a3c600a
408237835,-778684733,2808,0:30:46.240000,"(datetime.datetime(2026, 9, 29, 15, 43, 32, 199000),)",2a3c600d
408243911,-778690221,2838,0:30:46.280000,"(datetime.datetime(2026, 9, 29, 15, 43, 32, 231000),)",2a3c600a
408237956,-778684838,2808,0:30:46.290000,"(datetime.datetime(2026, 9, 29, 15, 43, 32, 241000),)",2a3c600d
408244042,-778690331,2839,0:30:46.300000,"(datetime.datetime(2026, 9, 29, 15, 43, 32, 251000),)",2a3c600a
408238081,-778684940,2808,0:30:46.350000,"(datetime.datetime(2026, 9, 29, 15, 43, 32, 301000),)",2a3c600d
408244172,-778690449,2839,0:30:46.360000,"(datetime.datetime(2026, 9, 29, 15, 43, 32, 317000),)",2a3c600a
408238205,-778685047,2808,0:30:46.410000,"(datetime.datetime(2026, 9, 29, 15, 43, 32, 366000),)",2a3c600d
408244300,-778690564,2840,0:30:46.420000,"(datetime.datetime(2026, 9, 29, 15, 43, 32, 378000),)",2a3c600a
408238331,-778685150,2809,0:30:46.430000,"(datetime.datetime(2026, 9, 29, 15, 43, 32, 388000),)",2a3c600d
408244427,-778690677,2840,0:30:46.530000,"(datetime.datetime(2026, 9, 29, 15, 43, 32, 482000),)",2a3c600a
408238457,-778685256,2809,0:30:46.550000,"(datetime.datetime(2026, 9, 29, 15, 43, 32, 502000),)",2a3c600d
408244557,-778690791,2840,0:30:46.560000,"(datetime.datetime(2026, 9, 29, 15, 43, 32, 520000),)",2a3c600a
408238582,-778685361,2809,0:30:46.580000,"(datetime.datetime(2026, 9, 29, 15, 43, 32, 537000),)",2a3c600d
408244681,-778690904,2841,0:30:46.620000,"(datetime.datetime(2026, 9, 29, 15, 43, 32, 571000),)",2a3c600a
408238710,-778685468,2809,0:30:46.630000,"(datetime.datetime(2026, 9, 29, 15, 43, 32, 586000),)",2a3c600d
408244809,-778691023,2841,0:30:46.640000,"(datetime.datetime(2026, 9, 29, 15, 43, 32, 598000),)",2a3c600a
408238836,-778685573,2809,0:30:46.690000,"(datetime.datetime(2026, 9, 29, 15, 43, 32, 643000),)",2a3c600d
408244934,-778691134,2842,0:30:46.700000,"(datetime.datetime(2026, 9, 29, 15, 43, 32, 659000),)",2a3c600a
408238962,-778685682,2809,0:30:46.730000,"(datetime.datetime(2026, 9, 29, 15, 43, 32, 685000),)",2a3c600d
408245061,-778691244,2841,0:30:46.740000,"(datetime.datetime(2026, 9, 29, 15, 43, 32, 698000),)",2a3c600a
408239083,-778685791,2811,0:30:46.750000,"(datetime.datetime(2026, 9, 29, 15, 43, 32, 708000),)",2a3c600d
408245185,-778691355,2841,0:30:46.800000,"(datetime.datetime(2026, 9, 29, 15, 43, 32, 751000),)",2a3c600a
408239213,-778685900,2811,0:30:46.810000,"(datetime.datetime(2026, 9, 29, 15, 43, 32, 763000),)",2a3c600d
408245311,-778691467,2841,0:30:46.820000,"(datetime.datetime(2026, 9, 29, 15, 43, 32, 773000),)",2a3c600a
408239340,-778686007,2811,0:30:46.860000,"(datetime.datetime(2026, 9, 29, 15, 43, 32, 816000),)",2a3c600d
408245433,-778691582,2842,0:30:46.870000,"(datetime.datetime(2026, 9, 29, 15, 43, 32, 827000),)",2a3c600a
408239469,-778686121,2811,0:30:46.890000,"(datetime.datetime(2026, 9, 29, 15, 43, 32, 843000),)",2a3c600d
408245556,-778691698,2843,0:30:46.920000,"(datetime.datetime(2026, 9, 29, 15, 43, 32, 878000),)",2a3c600a
408239600,-778686230,2811,0:30:46.930000,"(datetime.datetime(2026, 9, 29, 15, 43, 32, 888000),)",2a3c600d
408245682,-778691813,2843,0:30:46.950000,"(datetime.datetime(2026, 9, 29, 15, 43, 32, 901000),)",2a3c600a
408239727,-778686341,2812,0:30:46.980000,"(datetime.datetime(2026, 9, 29, 15, 43, 32, 939000),)",2a3c600d
408245806,-778691929,2843,0:30:46.990000,"(datetime.datetime(2026, 9, 29, 15, 43, 32, 950000),)",2a3c600a
408239858,-778686452,2812,0:30:47.010000,"(datetime.datetime(2026, 9, 29, 15, 43, 32, 961000),)",2a3c600d
408245927,-778692045,2844,0:30:47.060000,"(datetime.datetime(2026, 9, 29, 15, 43, 33, 11000),)",2a3c600a
408239989,-778686564,2812,0:30:47.070000,"(datetime.datetime(2026, 9, 29, 15, 43, 33, 21000),)",2a3c600d
408246057,-778692161,2844,0:30:47.080000,"(datetime.datetime(2026, 9, 29, 15, 43, 33, 31000),)",2a3c600a
408240120,-778686669,2812,0:30:47.120000,"(datetime.datetime(2026, 9, 29, 15, 43, 33, 74000),)",2a3c600d
408246184,-778692272,2844,0:30:47.130000,"(datetime.datetime(2026, 9, 29, 15, 43, 33, 85000),)",2a3c600a
408240246,-778686788,2812,0:30:47.140000,"(datetime.datetime(2026, 9, 29, 15, 43, 33, 95000),)",2a3c600d
408246310,-778692383,2844,0:30:47.180000,"(datetime.datetime(2026, 9, 29, 15, 43, 33, 135000),)",2a3c600a
408240377,-778686901,2812,0:30:47.190000,"(datetime.datetime(2026, 9, 29, 15, 43, 33, 146000),)",2a3c600d
408246431,-778692505,2845,0:30:47.250000,"(datetime.datetime(2026, 9, 29, 15, 43, 33, 208000),)",2a3c600a
408240513,-778687008,2812,0:30:47.280000,"(datetime.datetime(2026, 9, 29, 15, 43, 33, 239000),)",2a3c600d
408246551,-778692630,2846,0:30:47.340000,"(datetime.datetime(2026, 9, 29, 15, 43, 33, 293000),)",2a3c600a
408240644,-778687118,2812,0:30:47.380000,"(datetime.datetime(2026, 9, 29, 15, 43, 33, 339000),)",2a3c600d
408246679,-778692746,2847,0:30:47.440000,"(datetime.datetime(2026, 9, 29, 15, 43, 33, 393000),)",2a3c600a
408240776,-778687228,2812,0:30:47.490000,"(datetime.datetime(2026, 9, 29, 15, 43, 33, 442000),)",2a3c600d
408246806,-778692856,2846,0:30:47.540000,"(datetime.datetime(2026, 9, 29, 15, 43, 33, 493000),)",2a3c600a
408240902,-778687350,2813,0:30:47.580000,"(datetime.datetime(2026, 9, 29, 15, 43, 33, 540000),)",2a3c600d
408246930,-778692967,2846,0:30:47.640000,"(datetime.datetime(2026, 9, 29, 15, 43, 33, 595000),)",2a3c600a
408241036,-778687456,2813,0:30:47.680000,"(datetime.datetime(2026, 9, 29, 15, 43, 33, 640000),)",2a3c600d
408247058,-778693084,2846,0:30:47.740000,"(datetime.datetime(2026, 9, 29, 15, 43, 33, 694000),)",2a3c600a
408241163,-778687579,2813,0:30:47.780000,"(datetime.datetime(2026, 9, 29, 15, 43, 33, 739000),)",2a3c600d
408247181,-778693198,2847,0:30:47.840000,"(datetime.datetime(2026, 9, 29, 15, 43, 33, 793000),)",2a3c600a
408241298,-778687686,2813,0:30:47.890000,"(datetime.datetime(2026, 9, 29, 15, 43, 33, 843000),)",2a3c600d
408247310,-778693305,2845,0:30:47.940000,"(datetime.datetime(2026, 9, 29, 15, 43, 33, 894000),)",2a3c600a
408241426,-778687806,2813,0:30:47.990000,"(datetime.datetime(2026, 9, 29, 15, 43, 33, 941000),)",2a3c600d
408247429,-778693424,2847,0:30:48.040000,"(datetime.datetime(2026, 9, 29, 15, 43, 33, 993000),)",2a3c600a
408241558,-778687918,2814,0:30:48.090000,"(datetime.datetime(2026, 9, 29, 15, 43, 34, 42000),)",2a3c600d
408247557,-778693535,2847,0:30:48.140000,"(datetime.datetime(2026, 9, 29, 15, 43, 34, 93000),)",2a3c600a
408241687,-778688026,2814,0:30:48.190000,"(datetime.datetime(2026, 9, 29, 15, 43, 34, 141000),)",2a3c600d
408247676,-778693657,2847,0:30:48.240000,"(datetime.datetime(2026, 9, 29, 15, 43, 34, 193000),)",2a3c600a
408241687,-778688026,2814,0:30:48.290000,"(datetime.datetime(2026, 9, 29, 15, 43, 34, 241000),)",2a3c600d
408247794,-778693773,2848,0:30:48.340000,"(datetime.datetime(2026, 9, 29, 15, 43, 34, 294000),)",2a3c600a
408241822,-778688140,2814,0:30:48.380000,"(datetime.datetime(2026, 9, 29, 15, 43, 34, 340000),)",2a3c600d
408247919,-778693886,2848,0:30:48.440000,"(datetime.datetime(2026, 9, 29, 15, 43, 34, 394000),)",2a3c600a
408242087,-778688369,2815,0:30:48.480000,"(datetime.datetime(2026, 9, 29, 15, 43, 34, 440000),)",2a3c600d
408248039,-778694010,2849,0:30:48.540000,"(datetime.datetime(2026, 9, 29, 15, 43, 34, 495000),)",2a3c600a
408242221,-778688485,2816,0:30:48.590000,"(datetime.datetime(2026, 9, 29, 15, 43, 34, 541000),)",2a3c600d
408248160,-778694124,2849,0:30:48.640000,"(datetime.datetime(2026, 9, 29, 15, 43, 34, 596000),)",2a3c600a
408242348,-778688610,2816,0:30:48.690000,"(datetime.datetime(2026, 9, 29, 15, 43, 34, 643000),)",2a3c600d
408248285,-778694236,2849,0:30:48.750000,"(datetime.datetime(2026, 9, 29, 15, 43, 34, 700000),)",2a3c600a
408242476,-778688729,2816,0:30:48.780000,"(datetime.datetime(2026, 9, 29, 15, 43, 34, 740000),)",2a3c600d
408248403,-778694350,2848,0:30:48.840000,"(datetime.datetime(2026, 9, 29, 15, 43, 34, 794000),)",2a3c600a
408242610,-778688845,2816,0:30:48.880000,"(datetime.datetime(2026, 9, 29, 15, 43, 34, 840000),)",2a3c600d
408248523,-778694474,2849,0:30:48.940000,"(datetime.datetime(2026, 9, 29, 15, 43, 34, 894000),)",2a3c600a
408242744,-778688961,2817,0:30:48.980000,"(datetime.datetime(2026, 9, 29, 15, 43, 34, 940000),)",2a3c600d
408248648,-778694584,2848,0:30:49.040000,"(datetime.datetime(2026, 9, 29, 15, 43, 34, 995000),)",2a3c600a
408242879,-778689068,2816,0:30:49.090000,"(datetime.datetime(2026, 9, 29, 15, 43, 35, 44000),)",2a3c600d
408248762,-778694701,2848,0:30:49.140000,"(datetime.datetime(2026, 9, 29, 15, 43, 35, 94000),)",2a3c600a
408243009,-778689178,2816,0:30:49.180000,"(datetime.datetime(2026, 9, 29, 15, 43, 35, 140000),)",2a3c600d
408248881,-778694814,2847,0:30:49.240000,"(datetime.datetime(2026, 9, 29, 15, 43, 35, 194000),)",2a3c600a
408243142,-778689301,2817,0:30:49.280000,"(datetime.datetime(2026, 9, 29, 15, 43, 35, 240000),)",2a3c600d
408249006,-778694931,2847,0:30:49.340000,"(datetime.datetime(2026, 9, 29, 15, 43, 35, 294000),)",2a3c600a
408243275,-778689414,2817,0:30:49.380000,"(datetime.datetime(2026, 9, 29, 15, 43, 35, 340000),)",2a3c600d
408249124,-778695049,2847,0:30:49.440000,"(datetime.datetime(2026, 9, 29, 15, 43, 35, 394000),)",2a3c600a
408243408,-778689527,2816,0:30:49.480000,"(datetime.datetime(2026, 9, 29, 15, 43, 35, 440000),)",2a3c600d
408249240,-778695175,2849,0:30:49.540000,"(datetime.datetime(2026, 9, 29, 15, 43, 35, 494000),)",2a3c600a
408243543,-778689648,2817,0:30:49.570000,"(datetime.datetime(2026, 9, 29, 15, 43, 35, 524000),)",2a3c600d
408249358,-778695291,2849,0:30:49.620000,"(datetime.datetime(2026, 9, 29, 15, 43, 35, 574000),)",2a3c600a
408243674,-778689766,2817,0:30:49.670000,"(datetime.datetime(2026, 9, 29, 15, 43, 35, 623000),)",2a3c600d
408249474,-778695406,2849,0:30:49.740000,"(datetime.datetime(2026, 9, 29, 15, 43, 35, 692000),)",2a3c600a
408243813,-778689889,2818,0:30:49.780000,"(datetime.datetime(2026, 9, 29, 15, 43, 35, 734000),)",2a3c600d
408249589,-778695523,2849,0:30:49.820000,"(datetime.datetime(2026, 9, 29, 15, 43, 35, 774000),)",2a3c600a
408243944,-778690010,2818,0:30:49.870000,"(datetime.datetime(2026, 9, 29, 15, 43, 35, 825000),)",2a3c600d
408249703,-778695645,2850,0:30:49.920000,"(datetime.datetime(2026, 9, 29, 15, 43, 35, 876000),)",2a3c600a
408243944,-778690010,2818,0:30:49.970000,"(datetime.datetime(2026, 9, 29, 15, 43, 35, 927000),)",2a3c600d
408249816,-778695763,2850,0:30:50.020000,"(datetime.datetime(2026, 9, 29, 15, 43, 35, 977000),)",2a3c600a
408244080,-778690135,2818,0:30:50.070000,"(datetime.datetime(2026, 9, 29, 15, 43, 36, 25000),)",2a3c600d
408249937,-778695879,2849,0:30:50.130000,"(datetime.datetime(2026, 9, 29, 15, 43, 36, 86000),)",2a3c600a
408244228,-778690238,2820,0:30:50.170000,"(datetime.datetime(2026, 9, 29, 15, 43, 36, 124000),)",2a3c600d
408250050,-778696005,2850,0:30:50.230000,"(datetime.datetime(2026, 9, 29, 15, 43, 36, 181000),)",2a3c600a
408244494,-778690467,2819,0:30:50.270000,"(datetime.datetime(2026, 9, 29, 15, 43, 36, 223000),)",2a3c600d
408250164,-778696124,2851,0:30:50.330000,"(datetime.datetime(2026, 9, 29, 15, 43, 36, 287000),)",2a3c600a
408244494,-778690467,2819,0:30:50.370000,"(datetime.datetime(2026, 9, 29, 15, 43, 36, 324000),)",2a3c600d
408250279,-778696245,2851,0:30:50.440000,"(datetime.datetime(2026, 9, 29, 15, 43, 36, 399000),)",2a3c600a
408244765,-778690714,2820,0:30:50.470000,"(datetime.datetime(2026, 9, 29, 15, 43, 36, 423000),)",2a3c600d
408250398,-778696362,2851,0:30:50.540000,"(datetime.datetime(2026, 9, 29, 15, 43, 36, 491000),)",2a3c600a
408244908,-778690831,2820,0:30:50.570000,"(datetime.datetime(2026, 9, 29, 15, 43, 36, 524000),)",2a3c600d
408244908,-778690831,2820,0:30:50.670000,"(datetime.datetime(2026, 9, 29, 15, 43, 36, 624000),)",2a3c600d
408250513,-778696482,2851,0:30:50.730000,"(datetime.datetime(2026, 9, 29, 15, 43, 36, 681000),)",2a3c600a
408245178,-778691085,2821,0:30:50.770000,"(datetime.datetime(2026, 9, 29, 15, 43, 36, 721000),)",2a3c600d
408250627,-778696605,2852,0:30:50.830000,"(datetime.datetime(2026, 9, 29, 15, 43, 36, 781000),)",2a3c600a
408245318,-778691200,2821,0:30:50.870000,"(datetime.datetime(2026, 9, 29, 15, 43, 36, 821000),)",2a3c600d
408250732,-778696731,2852,0:30:50.930000,"(datetime.datetime(2026, 9, 29, 15, 43, 36, 881000),)",2a3c600a
408245453,-778691323,2822,0:30:50.970000,"(datetime.datetime(2026, 9, 29, 15, 43, 36, 921000),)",2a3c600d
408250848,-778696855,2853,0:30:51.030000,"(datetime.datetime(2026, 9, 29, 15, 43, 36, 981000),)",2a3c600a
408245594,-778691439,2822,0:30:51.070000,"(datetime.datetime(2026, 9, 29, 15, 43, 37, 24000),)",2a3c600d
408250964,-778696974,2851,0:30:51.130000,"(datetime.datetime(2026, 9, 29, 15, 43, 37, 87000),)",2a3c600a
408245729,-778691540,2822,0:30:51.170000,"(datetime.datetime(2026, 9, 29, 15, 43, 37, 122000),)",2a3c600d
408251078,-778697096,2852,0:30:51.230000,"(datetime.datetime(2026, 9, 29, 15, 43, 37, 181000),)",2a3c600a
408245874,-778691666,2823,0:30:51.270000,"(datetime.datetime(2026, 9, 29, 15, 43, 37, 222000),)",2a3c600d
408251177,-778697236,2851,0:30:51.330000,"(datetime.datetime(2026, 9, 29, 15, 43, 37, 282000),)",2a3c600a
408246005,-778691797,2822,0:30:51.370000,"(datetime.datetime(2026, 9, 29, 15, 43, 37, 322000),)",2a3c600d
408251286,-778697365,2851,0:30:51.430000,"(datetime.datetime(2026, 9, 29, 15, 43, 37, 382000),)",2a3c600a
408246147,-778691918,2824,0:30:51.470000,"(datetime.datetime(2026, 9, 29, 15, 43, 37, 422000),)",2a3c600d
408251404,-778697474,2849,0:30:51.530000,"(datetime.datetime(2026, 9, 29, 15, 43, 37, 481000),)",2a3c600a
408246284,-778692033,2823,0:30:51.570000,"(datetime.datetime(2026, 9, 29, 15, 43, 37, 523000),)",2a3c600d
408251518,-778697599,2849,0:30:51.630000,"(datetime.datetime(2026, 9, 29, 15, 43, 37, 582000),)",2a3c600a
408246420,-778692147,2824,0:30:51.670000,"(datetime.datetime(2026, 9, 29, 15, 43, 37, 621000),)",2a3c600d
408251626,-778697727,2850,0:30:51.730000,"(datetime.datetime(2026, 9, 29, 15, 43, 37, 682000),)",2a3c600a
408246552,-778692274,2824,0:30:51.770000,"(datetime.datetime(2026, 9, 29, 15, 43, 37, 722000),)",2a3c600d
408251734,-778697860,2850,0:30:51.830000,"(datetime.datetime(2026, 9, 29, 15, 43, 37, 782000),)",2a3c600a
408246690,-778692396,2824,0:30:51.870000,"(datetime.datetime(2026, 9, 29, 15, 43, 37, 822000),)",2a3c600d
408251846,-778697986,2850,0:30:51.930000,"(datetime.datetime(2026, 9, 29, 15, 43, 37, 882000),)",2a3c600a
408246823,-778692523,2824,0:30:51.970000,"(datetime.datetime(2026, 9, 29, 15, 43, 37, 922000),)",2a3c600d
408251960,-778698118,2850,0:30:52.030000,"(datetime.datetime(2026, 9, 29, 15, 43, 37, 985000),)",2a3c600a
408246956,-778692645,2824,0:30:52.070000,"(datetime.datetime(2026, 9, 29, 15, 43, 38, 21000),)",2a3c600d
408252055,-778698262,2850,0:30:52.130000,"(datetime.datetime(2026, 9, 29, 15, 43, 38, 82000),)",2a3c600a
408247100,-778692769,2824,0:30:52.170000,"(datetime.datetime(2026, 9, 29, 15, 43, 38, 124000),)",2a3c600d
408252168,-778698389,2851,0:30:52.230000,"(datetime.datetime(2026, 9, 29, 15, 43, 38, 182000),)",2a3c600a
408247226,-778692894,2824,0:30:52.270000,"(datetime.datetime(2026, 9, 29, 15, 43, 38, 228000),)",2a3c600d
408252285,-778698490,2850,0:30:52.330000,"(datetime.datetime(2026, 9, 29, 15, 43, 38, 282000),)",2a3c600a
408247362,-778693013,2824,0:30:52.370000,"(datetime.datetime(2026, 9, 29, 15, 43, 38, 321000),)",2a3c600d
408252393,-778698629,2851,0:30:52.430000,"(datetime.datetime(2026, 9, 29, 15, 43, 38, 385000),)",2a3c600a
408247497,-778693137,2825,0:30:52.480000,"(datetime.datetime(2026, 9, 29, 15, 43, 38, 432000),)",2a3c600d
408252504,-778698762,2851,0:30:52.530000,"(datetime.datetime(2026, 9, 29, 15, 43, 38, 481000),)",2a3c600a
408247631,-778693265,2825,0:30:52.580000,"(datetime.datetime(2026, 9, 29, 15, 43, 38, 535000),)",2a3c600d
408252610,-778698901,2852,0:30:52.630000,"(datetime.datetime(2026, 9, 29, 15, 43, 38, 582000),)",2a3c600a
408247763,-778693384,2824,0:30:52.670000,"(datetime.datetime(2026, 9, 29, 15, 43, 38, 624000),)",2a3c600d
408252718,-778699026,2851,0:30:52.730000,"(datetime.datetime(2026, 9, 29, 15, 43, 38, 681000),)",2a3c600a
408247895,-778693508,2824,0:30:52.770000,"(datetime.datetime(2026, 9, 29, 15, 43, 38, 723000),)",2a3c600d
408252827,-778699158,2851,0:30:52.830000,"(datetime.datetime(2026, 9, 29, 15, 43, 38, 780000),)",2a3c600a
408252930,-778699293,2851,0:30:52.840000,"(datetime.datetime(2026, 9, 29, 15, 43, 38, 797000),)",2a3c600a
408248029,-778693640,2824,0:30:52.870000,"(datetime.datetime(2026, 9, 29, 15, 43, 38, 820000),)",2a3c600d
408248160,-778693763,2824,0:30:52.970000,"(datetime.datetime(2026, 9, 29, 15, 43, 38, 922000),)",2a3c600d
408253042,-778699424,2851,0:30:53.030000,"(datetime.datetime(2026, 9, 29, 15, 43, 38, 981000),)",2a3c600a
408248297,-778693885,2823,0:30:53.070000,"(datetime.datetime(2026, 9, 29, 15, 43, 39, 21000),)",2a3c600d
408253146,-778699559,2851,0:30:53.130000,"(datetime.datetime(2026, 9, 29, 15, 43, 39, 82000),)",2a3c600a
408248430,-778694022,2824,0:30:53.170000,"(datetime.datetime(2026, 9, 29, 15, 43, 39, 122000),)",2a3c600d
408253253,-778699691,2852,0:30:53.230000,"(datetime.datetime(2026, 9, 29, 15, 43, 39, 181000),)",2a3c600a
408248563,-778694147,2825,0:30:53.270000,"(datetime.datetime(2026, 9, 29, 15, 43, 39, 222000),)",2a3c600d
408253357,-778699828,2853,0:30:53.330000,"(datetime.datetime(2026, 9, 29, 15, 43, 39, 287000),)",2a3c600a
408248693,-778694279,2825,0:30:53.370000,"(datetime.datetime(2026, 9, 29, 15, 43, 39, 321000),)",2a3c600d
408253458,-778699967,2853,0:30:53.430000,"(datetime.datetime(2026, 9, 29, 15, 43, 39, 382000),)",2a3c600a
408248826,-778694404,2824,0:30:53.470000,"(datetime.datetime(2026, 9, 29, 15, 43, 39, 422000),)",2a3c600d
408253568,-778700099,2854,0:30:53.530000,"(datetime.datetime(2026, 9, 29, 15, 43, 39, 482000),)",2a3c600a
408248826,-778694404,2824,0:30:53.570000,"(datetime.datetime(2026, 9, 29, 15, 43, 39, 522000),)",2a3c600d
408253670,-778700234,2854,0:30:53.630000,"(datetime.datetime(2026, 9, 29, 15, 43, 39, 582000),)",2a3c600a
408249091,-778694674,2825,0:30:53.670000,"(datetime.datetime(2026, 9, 29, 15, 43, 39, 623000),)",2a3c600d
408253770,-778700376,2854,0:30:53.730000,"(datetime.datetime(2026, 9, 29, 15, 43, 39, 681000),)",2a3c600a
408249224,-778694807,2826,0:30:53.760000,"(datetime.datetime(2026, 9, 29, 15, 43, 39, 719000),)",2a3c600d
408253873,-778700517,2855,0:30:53.830000,"(datetime.datetime(2026, 9, 29, 15, 43, 39, 782000),)",2a3c600a
408249351,-778694952,2827,0:30:53.860000,"(datetime.datetime(2026, 9, 29, 15, 43, 39, 819000),)",2a3c600d
408253974,-778700648,2855,0:30:53.930000,"(datetime.datetime(2026, 9, 29, 15, 43, 39, 881000),)",2a3c600a
408249485,-778695088,2827,0:30:53.980000,"(datetime.datetime(2026, 9, 29, 15, 43, 39, 932000),)",2a3c600d
408254072,-778700785,2854,0:30:54.030000,"(datetime.datetime(2026, 9, 29, 15, 43, 39, 982000),)",2a3c600a
408249619,-778695215,2826,0:30:54.070000,"(datetime.datetime(2026, 9, 29, 15, 43, 40, 21000),)",2a3c600d
408254170,-778700925,2856,0:30:54.130000,"(datetime.datetime(2026, 9, 29, 15, 43, 40, 83000),)",2a3c600a
408249748,-778695347,2826,0:30:54.160000,"(datetime.datetime(2026, 9, 29, 15, 43, 40, 120000),)",2a3c600d
408254275,-778701061,2856,0:30:54.230000,"(datetime.datetime(2026, 9, 29, 15, 43, 40, 181000),)",2a3c600a
408249748,-778695347,2826,0:30:54.260000,"(datetime.datetime(2026, 9, 29, 15, 43, 40, 220000),)",2a3c600d
408254378,-778701190,2857,0:30:54.330000,"(datetime.datetime(2026, 9, 29, 15, 43, 40, 282000),)",2a3c600a
408249881,-778695484,2827,0:30:54.360000,"(datetime.datetime(2026, 9, 29, 15, 43, 40, 319000),)",2a3c600d
408254469,-778701333,2857,0:30:54.430000,"(datetime.datetime(2026, 9, 29, 15, 43, 40, 382000),)",2a3c600a
408250016,-778695619,2827,0:30:54.460000,"(datetime.datetime(2026, 9, 29, 15, 43, 40, 420000),)",2a3c600d
408254569,-778701464,2857,0:30:54.530000,"(datetime.datetime(2026, 9, 29, 15, 43, 40, 481000),)",2a3c600a
408250148,-778695753,2827,0:30:54.560000,"(datetime.datetime(2026, 9, 29, 15, 43, 40, 520000),)",2a3c600d
408254665,-778701599,2857,0:30:54.630000,"(datetime.datetime(2026, 9, 29, 15, 43, 40, 582000),)",2a3c600a
408250279,-778695886,2827,0:30:54.660000,"(datetime.datetime(2026, 9, 29, 15, 43, 40, 619000),)",2a3c600d
408254764,-778701735,2857,0:30:54.730000,"(datetime.datetime(2026, 9, 29, 15, 43, 40, 683000),)",2a3c600a
408250406,-778696031,2827,0:30:54.770000,"(datetime.datetime(2026, 9, 29, 15, 43, 40, 730000),)",2a3c600d
408254853,-778701873,2858,0:30:54.830000,"(datetime.datetime(2026, 9, 29, 15, 43, 40, 789000),)",2a3c600a
408254953,-778702012,2858,0:30:54.860000,"(datetime.datetime(2026, 9, 29, 15, 43, 40, 812000),)",2a3c600a
408250529,-778696180,2829,0:30:54.870000,"(datetime.datetime(2026, 9, 29, 15, 43, 40, 826000),)",2a3c600d
408255044,-778702150,2858,0:30:54.940000,"(datetime.datetime(2026, 9, 29, 15, 43, 40, 892000),)",2a3c600a
408250663,-778696319,2829,0:30:54.970000,"(datetime.datetime(2026, 9, 29, 15, 43, 40, 925000),)",2a3c600d
408250794,-778696461,2830,0:30:55.060000,"(datetime.datetime(2026, 9, 29, 15, 43, 41, 20000),)",2a3c600d
408255143,-778702284,2860,0:30:55.130000,"(datetime.datetime(2026, 9, 29, 15, 43, 41, 81000),)",2a3c600a
408250918,-778696601,2830,0:30:55.160000,"(datetime.datetime(2026, 9, 29, 15, 43, 41, 119000),)",2a3c600d
408255236,-778702425,2860,0:30:55.230000,"(datetime.datetime(2026, 9, 29, 15, 43, 41, 181000),)",2a3c600a
408251045,-778696751,2830,0:30:55.270000,"(datetime.datetime(2026, 9, 29, 15, 43, 41, 220000),)",2a3c600d
408255330,-778702576,2862,0:30:55.330000,"(datetime.datetime(2026, 9, 29, 15, 43, 41, 281000),)",2a3c600a
408251176,-778696888,2830,0:30:55.360000,"(datetime.datetime(2026, 9, 29, 15, 43, 41, 320000),)",2a3c600d
408255406,-778702717,2862,0:30:55.430000,"(datetime.datetime(2026, 9, 29, 15, 43, 41, 382000),)",2a3c600a
408255508,-778702854,2862,0:30:55.450000,"(datetime.datetime(2026, 9, 29, 15, 43, 41, 410000),)",2a3c600a
408251304,-778697028,2830,0:30:55.470000,"(datetime.datetime(2026, 9, 29, 15, 43, 41, 427000),)",2a3c600d
408251426,-778697181,2830,0:30:55.560000,"(datetime.datetime(2026, 9, 29, 15, 43, 41, 520000),)",2a3c600d
408255596,-778702993,2862,0:30:55.630000,"(datetime.datetime(2026, 9, 29, 15, 43, 41, 582000),)",2a3c600a
408255684,-778703136,2862,0:30:55.650000,"(datetime.datetime(2026, 9, 29, 15, 43, 41, 605000),)",2a3c600a
408251557,-778697322,2830,0:30:55.660000,"(datetime.datetime(2026, 9, 29, 15, 43, 41, 620000),)",2a3c600d
408255776,-778703276,2862,0:30:55.730000,"(datetime.datetime(2026, 9, 29, 15, 43, 41, 690000),)",2a3c600a
408251681,-778697466,2831,0:30:55.770000,"(datetime.datetime(2026, 9, 29, 15, 43, 41, 729000),)",2a3c600d
408255860,-778703424,2862,0:30:55.830000,"(datetime.datetime(2026, 9, 29, 15, 43, 41, 782000),)",2a3c600a
408251799,-778697619,2831,0:30:55.860000,"(datetime.datetime(2026, 9, 29, 15, 43, 41, 819000),)",2a3c600d
408255949,-778703565,2862,0:30:55.930000,"(datetime.datetime(2026, 9, 29, 15, 43, 41, 887000),)",2a3c600a
408251929,-778697758,2831,0:30:55.960000,"(datetime.datetime(2026, 9, 29, 15, 43, 41, 918000),)",2a3c600d
408256042,-778703704,2863,0:30:56.030000,"(datetime.datetime(2026, 9, 29, 15, 43, 41, 990000),)",2a3c600a
408252050,-778697919,2831,0:30:56.070000,"(datetime.datetime(2026, 9, 29, 15, 43, 42, 22000),)",2a3c600d
408252172,-778698067,2832,0:30:56.160000,"(datetime.datetime(2026, 9, 29, 15, 43, 42, 119000),)",2a3c600d
408256134,-778703840,2863,0:30:56.230000,"(datetime.datetime(2026, 9, 29, 15, 43, 42, 182000),)",2a3c600a
408256252,-778703937,2863,0:30:56.250000,"(datetime.datetime(2026, 9, 29, 15, 43, 42, 208000),)",2a3c600a
408252305,-778698216,2835,0:30:56.270000,"(datetime.datetime(2026, 9, 29, 15, 43, 42, 230000),)",2a3c600d
408252426,-778698365,2834,0:30:56.370000,"(datetime.datetime(2026, 9, 29, 15, 43, 42, 323000),)",2a3c600d
408256321,-778704102,2862,0:30:56.430000,"(datetime.datetime(2026, 9, 29, 15, 43, 42, 382000),)",2a3c600a
408256416,-778704235,2863,0:30:56.450000,"(datetime.datetime(2026, 9, 29, 15, 43, 42, 406000),)",2a3c600a
408252547,-778698507,2834,0:30:56.470000,"(datetime.datetime(2026, 9, 29, 15, 43, 42, 430000),)",2a3c600d
408256506,-778704378,2863,0:30:56.530000,"(datetime.datetime(2026, 9, 29, 15, 43, 42, 487000),)",2a3c600a
408252673,-778698653,2833,0:30:56.560000,"(datetime.datetime(2026, 9, 29, 15, 43, 42, 520000),)",2a3c600d
408256596,-778704521,2863,0:30:56.630000,"(datetime.datetime(2026, 9, 29, 15, 43, 42, 583000),)",2a3c600a
408252792,-778698807,2833,0:30:56.660000,"(datetime.datetime(2026, 9, 29, 15, 43, 42, 620000),)",2a3c600d
408256683,-778704664,2865,0:30:56.740000,"(datetime.datetime(2026, 9, 29, 15, 43, 42, 695000),)",2a3c600a
408252912,-778698955,2834,0:30:56.760000,"(datetime.datetime(2026, 9, 29, 15, 43, 42, 720000),)",2a3c600d
408256775,-778704811,2865,0:30:56.830000,"(datetime.datetime(2026, 9, 29, 15, 43, 42, 783000),)",2a3c600a
408253038,-778699105,2836,0:30:56.860000,"(datetime.datetime(2026, 9, 29, 15, 43, 42, 820000),)",2a3c600d
408256866,-778704950,2865,0:30:56.930000,"(datetime.datetime(2026, 9, 29, 15, 43, 42, 881000),)",2a3c600a
408253153,-778699262,2836,0:30:56.960000,"(datetime.datetime(2026, 9, 29, 15, 43, 42, 920000),)",2a3c600d
408256961,-778705086,2866,0:30:57.030000,"(datetime.datetime(2026, 9, 29, 15, 43, 42, 982000),)",2a3c600a
408253270,-778699421,2837,0:30:57.060000,"(datetime.datetime(2026, 9, 29, 15, 43, 43, 20000),)",2a3c600d
408257041,-778705239,2865,0:30:57.130000,"(datetime.datetime(2026, 9, 29, 15, 43, 43, 82000),)",2a3c600a
408253391,-778699560,2836,0:30:57.170000,"(datetime.datetime(2026, 9, 29, 15, 43, 43, 126000),)",2a3c600d
408257146,-778705357,2866,0:30:57.230000,"(datetime.datetime(2026, 9, 29, 15, 43, 43, 182000),)",2a3c600a
408253513,-778699717,2837,0:30:57.260000,"(datetime.datetime(2026, 9, 29, 15, 43, 43, 219000),)",2a3c600d
408257234,-778705501,2866,0:30:57.320000,"(datetime.datetime(2026, 9, 29, 15, 43, 43, 274000),)",2a3c600a
408253631,-778699867,2837,0:30:57.360000,"(datetime.datetime(2026, 9, 29, 15, 43, 43, 320000),)",2a3c600d
408257329,-778705644,2867,0:30:57.420000,"(datetime.datetime(2026, 9, 29, 15, 43, 43, 374000),)",2a3c600a
408253746,-778700027,2838,0:30:57.460000,"(datetime.datetime(2026, 9, 29, 15, 43, 43, 420000),)",2a3c600d
408257413,-778705792,2867,0:30:57.520000,"(datetime.datetime(2026, 9, 29, 15, 43, 43, 474000),)",2a3c600a
408253863,-778700184,2838,0:30:57.560000,"(datetime.datetime(2026, 9, 29, 15, 43, 43, 519000),)",2a3c600d
408257506,-778705936,2866,0:30:57.630000,"(datetime.datetime(2026, 9, 29, 15, 43, 43, 585000),)",2a3c600a
408253982,-778700326,2837,0:30:57.660000,"(datetime.datetime(2026, 9, 29, 15, 43, 43, 620000),)",2a3c600d
408257594,-778706078,2867,0:30:57.720000,"(datetime.datetime(2026, 9, 29, 15, 43, 43, 675000),)",2a3c600a
408254101,-778700476,2837,0:30:57.760000,"(datetime.datetime(2026, 9, 29, 15, 43, 43, 719000),)",2a3c600d
408257681,-778706223,2867,0:30:57.820000,"(datetime.datetime(2026, 9, 29, 15, 43, 43, 774000),)",2a3c600a
408254211,-778700635,2837,0:30:57.860000,"(datetime.datetime(2026, 9, 29, 15, 43, 43, 819000),)",2a3c600d
408257766,-778706372,2867,0:30:58.180000,"(datetime.datetime(2026, 9, 29, 15, 43, 44, 133000),)",2a3c600a
408254322,-778700797,2839,0:30:58.330000,"(datetime.datetime(2026, 9, 29, 15, 43, 44, 287000),)",2a3c600d
408257868,-778706503,2867,0:30:58.440000,"(datetime.datetime(2026, 9, 29, 15, 43, 44, 392000),)",2a3c600a
408254441,-778700951,2839,0:30:58.620000,"(datetime.datetime(2026, 9, 29, 15, 43, 44, 573000),)",2a3c600d
408257960,-778706648,2868,0:30:58.710000,"(datetime.datetime(2026, 9, 29, 15, 43, 44, 664000),)",2a3c600a
408254546,-778701111,2840,0:30:58.820000,"(datetime.datetime(2026, 9, 29, 15, 43, 44, 771000),)",2a3c600d
408258044,-778706793,2868,0:30:58.950000,"(datetime.datetime(2026, 9, 29, 15, 43, 44, 908000),)",2a3c600a
408254660,-778701257,2839,0:30:59.020000,"(datetime.datetime(2026, 9, 29, 15, 43, 44, 973000),)",2a3c600d
408258136,-778706947,2869,0:30:59.100000,"(datetime.datetime(2026, 9, 29, 15, 43, 45, 57000),)",2a3c600a
408254773,-778701423,2839,0:30:59.180000,"(datetime.datetime(2026, 9, 29, 15, 43, 45, 133000),)",2a3c600d
408258231,-778707084,2869,0:30:59.220000,"(datetime.datetime(2026, 9, 29, 15, 43, 45, 180000),)",2a3c600a
408254885,-778701579,2840,0:30:59.320000,"(datetime.datetime(2026, 9, 29, 15, 43, 45, 272000),)",2a3c600d
408258323,-778707227,2869,0:30:59.420000,"(datetime.datetime(2026, 9, 29, 15, 43, 45, 375000),)",2a3c600a
408255002,-778701725,2840,0:30:59.520000,"(datetime.datetime(2026, 9, 29, 15, 43, 45, 479000),)",2a3c600d
408258415,-778707374,2870,0:30:59.630000,"(datetime.datetime(2026, 9, 29, 15, 43, 45, 584000),)",2a3c600a
408255116,-778701885,2841,0:30:59.690000,"(datetime.datetime(2026, 9, 29, 15, 43, 45, 644000),)",2a3c600d
408258501,-778707531,2870,0:30:59.730000,"(datetime.datetime(2026, 9, 29, 15, 43, 45, 682000),)",2a3c600a
408255230,-778702027,2841,0:30:59.840000,"(datetime.datetime(2026, 9, 29, 15, 43, 45, 791000),)",2a3c600d
408258588,-778707680,2869,0:30:59.930000,"(datetime.datetime(2026, 9, 29, 15, 43, 45, 886000),)",2a3c600a
408255341,-778702181,2841,0:31:00.050000,"(datetime.datetime(2026, 9, 29, 15, 43, 46, 4000),)",2a3c600d
408258681,-778707831,2869,0:31:00.140000,"(datetime.datetime(2026, 9, 29, 15, 43, 46, 95000),)",2a3c600a
408255453,-778702339,2842,0:31:00.210000,"(datetime.datetime(2026, 9, 29, 15, 43, 46, 168000),)",2a3c600d
408258760,-778707984,2869,0:31:00.240000,"(datetime.datetime(2026, 9, 29, 15, 43, 46, 194000),)",2a3c600a
408255562,-778702496,2842,0:31:00.350000,"(datetime.datetime(2026, 9, 29, 15, 43, 46, 307000),)",2a3c600d
408258849,-778708140,2869,0:31:00.420000,"(datetime.datetime(2026, 9, 29, 15, 43, 46, 372000),)",2a3c600a
408255672,-778702651,2843,0:31:00.470000,"(datetime.datetime(2026, 9, 29, 15, 43, 46, 428000),)",2a3c600d
408258944,-778708276,2869,0:31:00.570000,"(datetime.datetime(2026, 9, 29, 15, 43, 46, 527000),)",2a3c600a
408255785,-778702815,2844,0:31:00.650000,"(datetime.datetime(2026, 9, 29, 15, 43, 46, 606000),)",2a3c600d
408259035,-778708428,2870,0:31:00.780000,"(datetime.datetime(2026, 9, 29, 15, 43, 46, 731000),)",2a3c600a
408255892,-778702971,2845,0:31:00.790000,"(datetime.datetime(2026, 9, 29, 15, 43, 46, 746000),)",2a3c600d
408259125,-778708577,2871,0:31:00.800000,"(datetime.datetime(2026, 9, 29, 15, 43, 46, 757000),)",2a3c600a
408256001,-778703130,2845,0:31:00.830000,"(datetime.datetime(2026, 9, 29, 15, 43, 46, 789000),)",2a3c600d
408259209,-778708729,2872,0:31:00.850000,"(datetime.datetime(2026, 9, 29, 15, 43, 46, 800000),)",2a3c600a
408256112,-778703285,2845,0:31:00.860000,"(datetime.datetime(2026, 9, 29, 15, 43, 46, 811000),)",2a3c600d
408259301,-778708886,2872,0:31:00.910000,"(datetime.datetime(2026, 9, 29, 15, 43, 46, 868000),)",2a3c600a
408256216,-778703443,2845,0:31:00.930000,"(datetime.datetime(2026, 9, 29, 15, 43, 46, 883000),)",2a3c600d
408259388,-778709040,2872,0:31:00.940000,"(datetime.datetime(2026, 9, 29, 15, 43, 46, 894000),)",2a3c600a
408256320,-778703613,2845,0:31:00.980000,"(datetime.datetime(2026, 9, 29, 15, 43, 46, 940000),)",2a3c600d
408259480,-778709191,2872,0:31:01,"(datetime.datetime(2026, 9, 29, 15, 43, 46, 952000),)",2a3c600a
408256422,-778703775,2846,0:31:01.010000,"(datetime.datetime(2026, 9, 29, 15, 43, 46, 962000),)",2a3c600d
408259576,-778709337,2871,0:31:01.060000,"(datetime.datetime(2026, 9, 29, 15, 43, 47, 12000),)",2a3c600a
408256529,-778703940,2846,0:31:01.070000,"(datetime.datetime(2026, 9, 29, 15, 43, 47, 24000),)",2a3c600d
408259656,-778709501,2871,0:31:01.080000,"(datetime.datetime(2026, 9, 29, 15, 43, 47, 34000),)",2a3c600a
408256650,-778704090,2847,0:31:01.120000,"(datetime.datetime(2026, 9, 29, 15, 43, 47, 80000),)",2a3c600d
408259742,-778709656,2871,0:31:01.140000,"(datetime.datetime(2026, 9, 29, 15, 43, 47, 94000),)",2a3c600a
408256756,-778704247,2847,0:31:01.180000,"(datetime.datetime(2026, 9, 29, 15, 43, 47, 140000),)",2a3c600d
408259833,-778709815,2872,0:31:01.200000,"(datetime.datetime(2026, 9, 29, 15, 43, 47, 156000),)",2a3c600a
408256861,-778704412,2847,0:31:01.240000,"(datetime.datetime(2026, 9, 29, 15, 43, 47, 191000),)",2a3c600d
408259909,-778709986,2874,0:31:01.250000,"(datetime.datetime(2026, 9, 29, 15, 43, 47, 201000),)",2a3c600a
408256969,-778704570,2846,0:31:01.260000,"(datetime.datetime(2026, 9, 29, 15, 43, 47, 212000),)",2a3c600d
408259994,-778710139,2873,0:31:01.300000,"(datetime.datetime(2026, 9, 29, 15, 43, 47, 259000),)",2a3c600a
408257083,-778704733,2847,0:31:01.320000,"(datetime.datetime(2026, 9, 29, 15, 43, 47, 271000),)",2a3c600d
408260094,-778710295,2874,0:31:01.330000,"(datetime.datetime(2026, 9, 29, 15, 43, 47, 284000),)",2a3c600a
408257191,-778704890,2847,0:31:01.370000,"(datetime.datetime(2026, 9, 29, 15, 43, 47, 329000),)",2a3c600d
408260178,-778710459,2874,0:31:01.390000,"(datetime.datetime(2026, 9, 29, 15, 43, 47, 344000),)",2a3c600a
408257296,-778705058,2847,0:31:01.430000,"(datetime.datetime(2026, 9, 29, 15, 43, 47, 384000),)",2a3c600d
408260277,-778710616,2875,0:31:01.440000,"(datetime.datetime(2026, 9, 29, 15, 43, 47, 397000),)",2a3c600a
408257408,-778705218,2847,0:31:01.520000,"(datetime.datetime(2026, 9, 29, 15, 43, 47, 473000),)",2a3c600d
408260355,-778710788,2875,0:31:01.550000,"(datetime.datetime(2026, 9, 29, 15, 43, 47, 508000),)",2a3c600a
408257514,-778705377,2847,0:31:01.580000,"(datetime.datetime(2026, 9, 29, 15, 43, 47, 532000),)",2a3c600d
408260439,-778710954,2875,0:31:01.600000,"(datetime.datetime(2026, 9, 29, 15, 43, 47, 558000),)",2a3c600a
408257620,-778705546,2848,0:31:01.610000,"(datetime.datetime(2026, 9, 29, 15, 43, 47, 569000),)",2a3c600d
408260532,-778711107,2875,0:31:01.620000,"(datetime.datetime(2026, 9, 29, 15, 43, 47, 580000),)",2a3c600a
408257727,-778705706,2849,0:31:01.670000,"(datetime.datetime(2026, 9, 29, 15, 43, 47, 627000),)",2a3c600d
408260615,-778711276,2875,0:31:01.680000,"(datetime.datetime(2026, 9, 29, 15, 43, 47, 638000),)",2a3c600a
408257836,-778705867,2849,0:31:01.690000,"(datetime.datetime(2026, 9, 29, 15, 43, 47, 649000),)",2a3c600d
408260700,-778711436,2875,0:31:01.750000,"(datetime.datetime(2026, 9, 29, 15, 43, 47, 703000),)",2a3c600a
408257936,-778706033,2850,0:31:01.760000,"(datetime.datetime(2026, 9, 29, 15, 43, 47, 716000),)",2a3c600d
408260784,-778711604,2876,0:31:01.770000,"(datetime.datetime(2026, 9, 29, 15, 43, 47, 727000),)",2a3c600a
408258041,-778706200,2850,0:31:01.820000,"(datetime.datetime(2026, 9, 29, 15, 43, 47, 770000),)",2a3c600d
408260863,-778711776,2877,0:31:01.830000,"(datetime.datetime(2026, 9, 29, 15, 43, 47, 786000),)",2a3c600a
408258141,-778706371,2849,0:31:01.840000,"(datetime.datetime(2026, 9, 29, 15, 43, 47, 798000),)",2a3c600d
408260949,-778711942,2877,0:31:01.890000,"(datetime.datetime(2026, 9, 29, 15, 43, 47, 842000),)",2a3c600a
408258242,-778706543,2850,0:31:01.900000,"(datetime.datetime(2026, 9, 29, 15, 43, 47, 856000),)",2a3c600d
408261018,-778712114,2879,0:31:01.910000,"(datetime.datetime(2026, 9, 29, 15, 43, 47, 868000),)",2a3c600a
408258341,-778706715,2851,0:31:01.960000,"(datetime.datetime(2026, 9, 29, 15, 43, 47, 911000),)",2a3c600d
408261103,-778712292,2880,0:31:01.970000,"(datetime.datetime(2026, 9, 29, 15, 43, 47, 922000),)",2a3c600a
408258444,-778706883,2850,0:31:01.980000,"(datetime.datetime(2026, 9, 29, 15, 43, 47, 935000),)",2a3c600d
408261194,-778712461,2881,0:31:02.020000,"(datetime.datetime(2026, 9, 29, 15, 43, 47, 977000),)",2a3c600a
408258550,-778707052,2851,0:31:02.040000,"(datetime.datetime(2026, 9, 29, 15, 43, 47, 995000),)",2a3c600d
408261272,-778712632,2881,0:31:02.070000,"(datetime.datetime(2026, 9, 29, 15, 43, 48, 27000),)",2a3c600a
408258652,-778707221,2850,0:31:02.090000,"(datetime.datetime(2026, 9, 29, 15, 43, 48, 41000),)",2a3c600d
408261350,-778712808,2881,0:31:02.100000,"(datetime.datetime(2026, 9, 29, 15, 43, 48, 55000),)",2a3c600a
408258750,-778707393,2850,0:31:02.140000,"(datetime.datetime(2026, 9, 29, 15, 43, 48, 94000),)",2a3c600d
408261440,-778712980,2882,0:31:02.150000,"(datetime.datetime(2026, 9, 29, 15, 43, 48, 106000),)",2a3c600a
408258859,-778707558,2851,0:31:02.170000,"(datetime.datetime(2026, 9, 29, 15, 43, 48, 121000),)",2a3c600d
408261539,-778713145,2882,0:31:02.220000,"(datetime.datetime(2026, 9, 29, 15, 43, 48, 173000),)",2a3c600a
408258965,-778707724,2852,0:31:02.260000,"(datetime.datetime(2026, 9, 29, 15, 43, 48, 219000),)",2a3c600d
408261613,-778713318,2882,0:31:02.320000,"(datetime.datetime(2026, 9, 29, 15, 43, 48, 275000),)",2a3c600a
408259061,-778707896,2852,0:31:02.360000,"(datetime.datetime(2026, 9, 29, 15, 43, 48, 319000),)",2a3c600d
408261710,-778713490,2883,0:31:02.420000,"(datetime.datetime(2026, 9, 29, 15, 43, 48, 374000),)",2a3c600a
408259161,-778708064,2853,0:31:02.460000,"(datetime.datetime(2026, 9, 29, 15, 43, 48, 420000),)",2a3c600d
408261795,-778713658,2883,0:31:02.520000,"(datetime.datetime(2026, 9, 29, 15, 43, 48, 473000),)",2a3c600a
408259256,-778708237,2853,0:31:02.570000,"(datetime.datetime(2026, 9, 29, 15, 43, 48, 521000),)",2a3c600d
408261875,-778713840,2882,0:31:02.620000,"(datetime.datetime(2026, 9, 29, 15, 43, 48, 573000),)",2a3c600a
408259359,-778708406,2853,0:31:02.660000,"(datetime.datetime(2026, 9, 29, 15, 43, 48, 619000),)",2a3c600d
408261958,-778714011,2882,0:31:02.720000,"(datetime.datetime(2026, 9, 29, 15, 43, 48, 673000),)",2a3c600a
408259457,-778708584,2853,0:31:02.760000,"(datetime.datetime(2026, 9, 29, 15, 43, 48, 720000),)",2a3c600d
408262042,-778714183,2882,0:31:02.820000,"(datetime.datetime(2026, 9, 29, 15, 43, 48, 774000),)",2a3c600a
408259551,-778708753,2853,0:31:02.860000,"(datetime.datetime(2026, 9, 29, 15, 43, 48, 820000),)",2a3c600d
408262122,-778714355,2882,0:31:02.920000,"(datetime.datetime(2026, 9, 29, 15, 43, 48, 877000),)",2a3c600a
408259646,-778708935,2853,0:31:02.960000,"(datetime.datetime(2026, 9, 29, 15, 43, 48, 920000),)",2a3c600d
408262206,-778714536,2884,0:31:03.020000,"(datetime.datetime(2026, 9, 29, 15, 43, 48, 978000),)",2a3c600a
408259750,-778709096,2854,0:31:03.060000,"(datetime.datetime(2026, 9, 29, 15, 43, 49, 20000),)",2a3c600d
408262286,-778714714,2884,0:31:03.130000,"(datetime.datetime(2026, 9, 29, 15, 43, 49, 81000),)",2a3c600a
408259847,-778709260,2854,0:31:03.160000,"(datetime.datetime(2026, 9, 29, 15, 43, 49, 119000),)",2a3c600d
408262365,-778714890,2886,0:31:03.220000,"(datetime.datetime(2026, 9, 29, 15, 43, 49, 173000),)",2a3c600a
408259938,-778709434,2854,0:31:03.270000,"(datetime.datetime(2026, 9, 29, 15, 43, 49, 225000),)",2a3c600d
408262455,-778715069,2887,0:31:03.320000,"(datetime.datetime(2026, 9, 29, 15, 43, 49, 273000),)",2a3c600a
408260030,-778709601,2854,0:31:03.360000,"(datetime.datetime(2026, 9, 29, 15, 43, 49, 320000),)",2a3c600d
408262533,-778715249,2886,0:31:03.420000,"(datetime.datetime(2026, 9, 29, 15, 43, 49, 373000),)",2a3c600a
408260121,-778709774,2854,0:31:03.460000,"(datetime.datetime(2026, 9, 29, 15, 43, 49, 419000),)",2a3c600d
408262617,-778715431,2887,0:31:03.520000,"(datetime.datetime(2026, 9, 29, 15, 43, 49, 473000),)",2a3c600a
408260219,-778709936,2855,0:31:03.560000,"(datetime.datetime(2026, 9, 29, 15, 43, 49, 519000),)",2a3c600d
408262696,-778715610,2887,0:31:03.620000,"(datetime.datetime(2026, 9, 29, 15, 43, 49, 573000),)",2a3c600a
408260312,-778710111,2855,0:31:03.660000,"(datetime.datetime(2026, 9, 29, 15, 43, 49, 620000),)",2a3c600d
408262778,-778715786,2887,0:31:03.720000,"(datetime.datetime(2026, 9, 29, 15, 43, 49, 674000),)",2a3c600a
408260400,-778710286,2855,0:31:03.760000,"(datetime.datetime(2026, 9, 29, 15, 43, 49, 720000),)",2a3c600d
408262854,-778715969,2888,0:31:03.820000,"(datetime.datetime(2026, 9, 29, 15, 43, 49, 775000),)",2a3c600a
408260492,-778710452,2856,0:31:03.860000,"(datetime.datetime(2026, 9, 29, 15, 43, 49, 819000),)",2a3c600d
408262936,-778716141,2888,0:31:03.920000,"(datetime.datetime(2026, 9, 29, 15, 43, 49, 873000),)",2a3c600a
408260577,-778710628,2856,0:31:03.960000,"(datetime.datetime(2026, 9, 29, 15, 43, 49, 920000),)",2a3c600d
408263015,-778716324,2890,0:31:04.020000,"(datetime.datetime(2026, 9, 29, 15, 43, 49, 973000),)",2a3c600a
408260674,-778710789,2856,0:31:04.060000,"(datetime.datetime(2026, 9, 29, 15, 43, 50, 19000),)",2a3c600d
408263092,-778716500,2890,0:31:04.120000,"(datetime.datetime(2026, 9, 29, 15, 43, 50, 73000),)",2a3c600a
408260756,-778710961,2856,0:31:04.160000,"(datetime.datetime(2026, 9, 29, 15, 43, 50, 120000),)",2a3c600d
408263171,-778716670,2891,0:31:04.220000,"(datetime.datetime(2026, 9, 29, 15, 43, 50, 173000),)",2a3c600a
408260846,-778711129,2857,0:31:04.270000,"(datetime.datetime(2026, 9, 29, 15, 43, 50, 222000),)",2a3c600d
408263237,-778716859,2892,0:31:04.320000,"(datetime.datetime(2026, 9, 29, 15, 43, 50, 275000),)",2a3c600a
408260935,-778711289,2857,0:31:04.360000,"(datetime.datetime(2026, 9, 29, 15, 43, 50, 319000),)",2a3c600d
408263312,-778717036,2892,0:31:04.420000,"(datetime.datetime(2026, 9, 29, 15, 43, 50, 374000),)",2a3c600a
408261021,-778711458,2857,0:31:04.460000,"(datetime.datetime(2026, 9, 29, 15, 43, 50, 420000),)",2a3c600d
408263397,-778717215,2892,0:31:04.520000,"(datetime.datetime(2026, 9, 29, 15, 43, 50, 476000),)",2a3c600a
408261112,-778711631,2857,0:31:04.560000,"(datetime.datetime(2026, 9, 29, 15, 43, 50, 520000),)",2a3c600d
408263487,-778717381,2894,0:31:04.620000,"(datetime.datetime(2026, 9, 29, 15, 43, 50, 580000),)",2a3c600a
408261193,-778711799,2857,0:31:04.670000,"(datetime.datetime(2026, 9, 29, 15, 43, 50, 623000),)",2a3c600d
408263554,-778717567,2895,0:31:04.720000,"(datetime.datetime(2026, 9, 29, 15, 43, 50, 674000),)",2a3c600a
408261281,-778711966,2857,0:31:04.760000,"(datetime.datetime(2026, 9, 29, 15, 43, 50, 720000),)",2a3c600d
408263632,-778717740,2895,0:31:04.820000,"(datetime.datetime(2026, 9, 29, 15, 43, 50, 775000),)",2a3c600a
408261356,-778712140,2858,0:31:04.870000,"(datetime.datetime(2026, 9, 29, 15, 43, 50, 823000),)",2a3c600d
408263710,-778717918,2896,0:31:04.920000,"(datetime.datetime(2026, 9, 29, 15, 43, 50, 873000),)",2a3c600a
408261447,-778712300,2859,0:31:04.960000,"(datetime.datetime(2026, 9, 29, 15, 43, 50, 919000),)",2a3c600d
408263792,-778718085,2896,0:31:05.020000,"(datetime.datetime(2026, 9, 29, 15, 43, 50, 974000),)",2a3c600a
408261523,-778712468,2859,0:31:05.060000,"(datetime.datetime(2026, 9, 29, 15, 43, 51, 20000),)",2a3c600d
408263871,-778718248,2895,0:31:05.120000,"(datetime.datetime(2026, 9, 29, 15, 43, 51, 74000),)",2a3c600a
408261606,-778712645,2859,0:31:05.160000,"(datetime.datetime(2026, 9, 29, 15, 43, 51, 119000),)",2a3c600d
408263948,-778718423,2896,0:31:05.220000,"(datetime.datetime(2026, 9, 29, 15, 43, 51, 173000),)",2a3c600a
408261691,-778712823,2858,0:31:05.260000,"(datetime.datetime(2026, 9, 29, 15, 43, 51, 220000),)",2a3c600d
408264030,-778718598,2896,0:31:05.320000,"(datetime.datetime(2026, 9, 29, 15, 43, 51, 274000),)",2a3c600a
408261767,-778712985,2860,0:31:05.370000,"(datetime.datetime(2026, 9, 29, 15, 43, 51, 322000),)",2a3c600d
408264106,-778718771,2897,0:31:05.420000,"(datetime.datetime(2026, 9, 29, 15, 43, 51, 373000),)",2a3c600a
408261835,-778713155,2859,0:31:05.460000,"(datetime.datetime(2026, 9, 29, 15, 43, 51, 419000),)",2a3c600d
408264181,-778718942,2897,0:31:05.520000,"(datetime.datetime(2026, 9, 29, 15, 43, 51, 473000),)",2a3c600a
408261914,-778713326,2860,0:31:05.560000,"(datetime.datetime(2026, 9, 29, 15, 43, 51, 520000),)",2a3c600d
408264255,-778719116,2898,0:31:05.620000,"(datetime.datetime(2026, 9, 29, 15, 43, 51, 573000),)",2a3c600a
408261995,-778713493,2859,0:31:05.670000,"(datetime.datetime(2026, 9, 29, 15, 43, 51, 625000),)",2a3c600d
408264318,-778719294,2899,0:31:05.720000,"(datetime.datetime(2026, 9, 29, 15, 43, 51, 673000),)",2a3c600a
408262079,-778713662,2859,0:31:05.760000,"(datetime.datetime(2026, 9, 29, 15, 43, 51, 720000),)",2a3c600d
408264393,-778719466,2900,0:31:05.820000,"(datetime.datetime(2026, 9, 29, 15, 43, 51, 776000),)",2a3c600a
408262163,-778713821,2859,0:31:05.860000,"(datetime.datetime(2026, 9, 29, 15, 43, 51, 820000),)",2a3c600d
408264471,-778719631,2901,0:31:05.920000,"(datetime.datetime(2026, 9, 29, 15, 43, 51, 874000),)",2a3c600a
408262230,-778713995,2860,0:31:05.960000,"(datetime.datetime(2026, 9, 29, 15, 43, 51, 920000),)",2a3c600d
408264551,-778719797,2902,0:31:06.020000,"(datetime.datetime(2026, 9, 29, 15, 43, 51, 974000),)",2a3c600a
408262311,-778714168,2860,0:31:06.060000,"(datetime.datetime(2026, 9, 29, 15, 43, 52, 19000),)",2a3c600d
408264626,-778719961,2901,0:31:06.120000,"(datetime.datetime(2026, 9, 29, 15, 43, 52, 74000),)",2a3c600a
408262391,-778714333,2860,0:31:06.160000,"(datetime.datetime(2026, 9, 29, 15, 43, 52, 120000),)",2a3c600d
408264694,-778720140,2903,0:31:06.220000,"(datetime.datetime(2026, 9, 29, 15, 43, 52, 174000),)",2a3c600a
408262470,-778714500,2861,0:31:06.260000,"(datetime.datetime(2026, 9, 29, 15, 43, 52, 219000),)",2a3c600d
408264769,-778720301,2903,0:31:06.320000,"(datetime.datetime(2026, 9, 29, 15, 43, 52, 274000),)",2a3c600a
408262544,-778714664,2860,0:31:06.370000,"(datetime.datetime(2026, 9, 29, 15, 43, 52, 324000),)",2a3c600d
408264853,-778720453,2903,0:31:06.420000,"(datetime.datetime(2026, 9, 29, 15, 43, 52, 377000),)",2a3c600a
408262621,-778714837,2860,0:31:06.460000,"(datetime.datetime(2026, 9, 29, 15, 43, 52, 419000),)",2a3c600d
408264925,-778720634,2904,0:31:06.520000,"(datetime.datetime(2026, 9, 29, 15, 43, 52, 475000),)",2a3c600a
408262694,-778714997,2861,0:31:06.570000,"(datetime.datetime(2026, 9, 29, 15, 43, 52, 521000),)",2a3c600d
408264993,-778720787,2905,0:31:06.590000,"(datetime.datetime(2026, 9, 29, 15, 43, 52, 542000),)",2a3c600a
408262765,-778715173,2861,0:31:06.660000,"(datetime.datetime(2026, 9, 29, 15, 43, 52, 619000),)",2a3c600d
408265060,-778720958,2906,0:31:06.680000,"(datetime.datetime(2026, 9, 29, 15, 43, 52, 640000),)",2a3c600a
408262841,-778715341,2861,0:31:06.770000,"(datetime.datetime(2026, 9, 29, 15, 43, 52, 720000),)",2a3c600d
408265134,-778721126,2906,0:31:06.780000,"(datetime.datetime(2026, 9, 29, 15, 43, 52, 739000),)",2a3c600a
408262911,-778715512,2862,0:31:06.870000,"(datetime.datetime(2026, 9, 29, 15, 43, 52, 824000),)",2a3c600d
408265211,-778721285,2907,0:31:06.890000,"(datetime.datetime(2026, 9, 29, 15, 43, 52, 846000),)",2a3c600a
408262981,-778715673,2862,0:31:06.960000,"(datetime.datetime(2026, 9, 29, 15, 43, 52, 920000),)",2a3c600d
408265286,-778721443,2905,0:31:06.980000,"(datetime.datetime(2026, 9, 29, 15, 43, 52, 936000),)",2a3c600a
408263061,-778715831,2864,0:31:07.060000,"(datetime.datetime(2026, 9, 29, 15, 43, 53, 19000),)",2a3c600d
408265358,-778721607,2905,0:31:07.080000,"(datetime.datetime(2026, 9, 29, 15, 43, 53, 34000),)",2a3c600a
408263138,-778715995,2865,0:31:07.160000,"(datetime.datetime(2026, 9, 29, 15, 43, 53, 120000),)",2a3c600d
408265435,-778721769,2906,0:31:07.190000,"(datetime.datetime(2026, 9, 29, 15, 43, 53, 144000),)",2a3c600a
408263202,-778716161,2866,0:31:07.260000,"(datetime.datetime(2026, 9, 29, 15, 43, 53, 219000),)",2a3c600d
408265504,-778721927,2906,0:31:07.290000,"(datetime.datetime(2026, 9, 29, 15, 43, 53, 242000),)",2a3c600a
408263272,-778716329,2867,0:31:07.360000,"(datetime.datetime(2026, 9, 29, 15, 43, 53, 320000),)",2a3c600d
408265574,-778722091,2907,0:31:07.390000,"(datetime.datetime(2026, 9, 29, 15, 43, 53, 342000),)",2a3c600a
408263345,-778716496,2867,0:31:07.460000,"(datetime.datetime(2026, 9, 29, 15, 43, 53, 419000),)",2a3c600d
408265650,-778722251,2909,0:31:07.540000,"(datetime.datetime(2026, 9, 29, 15, 43, 53, 492000),)",2a3c600a
408263422,-778716667,2868,0:31:07.570000,"(datetime.datetime(2026, 9, 29, 15, 43, 53, 525000),)",2a3c600d
408265725,-778722402,2909,0:31:07.590000,"(datetime.datetime(2026, 9, 29, 15, 43, 53, 544000),)",2a3c600a
408263495,-778716835,2868,0:31:07.660000,"(datetime.datetime(2026, 9, 29, 15, 43, 53, 620000),)",2a3c600d
408265796,-778722562,2909,0:31:07.690000,"(datetime.datetime(2026, 9, 29, 15, 43, 53, 646000),)",2a3c600a
408263560,-778717012,2868,0:31:07.770000,"(datetime.datetime(2026, 9, 29, 15, 43, 53, 723000),)",2a3c600d
408265871,-778722716,2910,0:31:07.800000,"(datetime.datetime(2026, 9, 29, 15, 43, 53, 750000),)",2a3c600a
408263645,-778717172,2868,0:31:07.860000,"(datetime.datetime(2026, 9, 29, 15, 43, 53, 819000),)",2a3c600d
408265940,-778722874,2910,0:31:07.890000,"(datetime.datetime(2026, 9, 29, 15, 43, 53, 842000),)",2a3c600a
408263714,-778717341,2869,0:31:07.960000,"(datetime.datetime(2026, 9, 29, 15, 43, 53, 919000),)",2a3c600d
408266006,-778723032,2910,0:31:08,"(datetime.datetime(2026, 9, 29, 15, 43, 53, 952000),)",2a3c600a
408263795,-778717503,2869,0:31:08.060000,"(datetime.datetime(2026, 9, 29, 15, 43, 54, 19000),)",2a3c600d
408266074,-778723189,2910,0:31:08.090000,"(datetime.datetime(2026, 9, 29, 15, 43, 54, 43000),)",2a3c600a
408263865,-778717675,2869,0:31:08.160000,"(datetime.datetime(2026, 9, 29, 15, 43, 54, 120000),)",2a3c600d
408266146,-778723348,2911,0:31:08.190000,"(datetime.datetime(2026, 9, 29, 15, 43, 54, 145000),)",2a3c600a
408263938,-778717851,2870,0:31:08.260000,"(datetime.datetime(2026, 9, 29, 15, 43, 54, 220000),)",2a3c600d
408266212,-778723506,2911,0:31:08.290000,"(datetime.datetime(2026, 9, 29, 15, 43, 54, 247000),)",2a3c600a
408264028,-778718011,2869,0:31:08.360000,"(datetime.datetime(2026, 9, 29, 15, 43, 54, 319000),)",2a3c600d
408266275,-778723669,2913,0:31:08.390000,"(datetime.datetime(2026, 9, 29, 15, 43, 54, 342000),)",2a3c600a
408264107,-778718179,2868,0:31:08.470000,"(datetime.datetime(2026, 9, 29, 15, 43, 54, 421000),)",2a3c600d
408266343,-778723834,2914,0:31:08.540000,"(datetime.datetime(2026, 9, 29, 15, 43, 54, 492000),)",2a3c600a
408264187,-778718352,2869,0:31:08.570000,"(datetime.datetime(2026, 9, 29, 15, 43, 54, 525000),)",2a3c600d
408264259,-778718517,2870,0:31:08.620000,"(datetime.datetime(2026, 9, 29, 15, 43, 54, 571000),)",2a3c600d
408266413,-778723995,2915,0:31:08.630000,"(datetime.datetime(2026, 9, 29, 15, 43, 54, 587000),)",2a3c600a
408264345,-778718678,2870,0:31:08.680000,"(datetime.datetime(2026, 9, 29, 15, 43, 54, 633000),)",2a3c600d
408266483,-778724154,2915,0:31:08.690000,"(datetime.datetime(2026, 9, 29, 15, 43, 54, 645000),)",2a3c600a
408264414,-778718857,2869,0:31:08.760000,"(datetime.datetime(2026, 9, 29, 15, 43, 54, 719000),)",2a3c600d
408266555,-778724310,2916,0:31:08.790000,"(datetime.datetime(2026, 9, 29, 15, 43, 54, 742000),)",2a3c600a
408264496,-778719020,2870,0:31:08.880000,"(datetime.datetime(2026, 9, 29, 15, 43, 54, 830000),)",2a3c600d
408266620,-778724469,2917,0:31:08.900000,"(datetime.datetime(2026, 9, 29, 15, 43, 54, 854000),)",2a3c600a
408264575,-778719194,2871,0:31:08.970000,"(datetime.datetime(2026, 9, 29, 15, 43, 54, 928000),)",2a3c600d
408266697,-778724624,2918,0:31:08.990000,"(datetime.datetime(2026, 9, 29, 15, 43, 54, 949000),)",2a3c600a
408264653,-778719363,2871,0:31:09.070000,"(datetime.datetime(2026, 9, 29, 15, 43, 55, 28000),)",2a3c600d
408266758,-778724784,2919,0:31:09.090000,"(datetime.datetime(2026, 9, 29, 15, 43, 55, 42000),)",2a3c600a
408264744,-778719523,2871,0:31:09.170000,"(datetime.datetime(2026, 9, 29, 15, 43, 55, 129000),)",2a3c600d
408266858,-778724916,2914,0:31:09.200000,"(datetime.datetime(2026, 9, 29, 15, 43, 55, 152000),)",2a3c600a
408264822,-778719690,2871,0:31:09.280000,"(datetime.datetime(2026, 9, 29, 15, 43, 55, 240000),)",2a3c600d
408266919,-778725079,2914,0:31:09.300000,"(datetime.datetime(2026, 9, 29, 15, 43, 55, 258000),)",2a3c600a
408264891,-778719864,2872,0:31:09.390000,"(datetime.datetime(2026, 9, 29, 15, 43, 55, 342000),)",2a3c600d
408266994,-778725230,2915,0:31:09.410000,"(datetime.datetime(2026, 9, 29, 15, 43, 55, 362000),)",2a3c600a
408264971,-778720028,2873,0:31:09.480000,"(datetime.datetime(2026, 9, 29, 15, 43, 55, 431000),)",2a3c600d
408267071,-778725384,2915,0:31:09.500000,"(datetime.datetime(2026, 9, 29, 15, 43, 55, 452000),)",2a3c600a
408265046,-778720201,2873,0:31:09.580000,"(datetime.datetime(2026, 9, 29, 15, 43, 55, 532000),)",2a3c600d
408267136,-778725542,2915,0:31:09.590000,"(datetime.datetime(2026, 9, 29, 15, 43, 55, 546000),)",2a3c600a
408265122,-778720373,2874,0:31:09.690000,"(datetime.datetime(2026, 9, 29, 15, 43, 55, 641000),)",2a3c600d
408267218,-778725697,2915,0:31:09.710000,"(datetime.datetime(2026, 9, 29, 15, 43, 55, 669000),)",2a3c600a
408265204,-778720540,2875,0:31:09.770000,"(datetime.datetime(2026, 9, 29, 15, 43, 55, 730000),)",2a3c600d
408267289,-778725854,2916,0:31:09.800000,"(datetime.datetime(2026, 9, 29, 15, 43, 55, 752000),)",2a3c600a
408265280,-778720703,2874,0:31:09.880000,"(datetime.datetime(2026, 9, 29, 15, 43, 55, 831000),)",2a3c600d
408267356,-778726013,2917,0:31:09.900000,"(datetime.datetime(2026, 9, 29, 15, 43, 55, 857000),)",2a3c600a
408265357,-778720877,2875,0:31:09.980000,"(datetime.datetime(2026, 9, 29, 15, 43, 55, 931000),)",2a3c600d
408267436,-778726156,2915,0:31:10,"(datetime.datetime(2026, 9, 29, 15, 43, 55, 951000),)",2a3c600a
408265432,-778721050,2875,0:31:10.080000,"(datetime.datetime(2026, 9, 29, 15, 43, 56, 31000),)",2a3c600d
408267513,-778726312,2915,0:31:10.100000,"(datetime.datetime(2026, 9, 29, 15, 43, 56, 55000),)",2a3c600a
408265514,-778721211,2876,0:31:10.180000,"(datetime.datetime(2026, 9, 29, 15, 43, 56, 131000),)",2a3c600d
408267581,-778726467,2916,0:31:10.200000,"(datetime.datetime(2026, 9, 29, 15, 43, 56, 151000),)",2a3c600a
408265596,-778721377,2876,0:31:10.280000,"(datetime.datetime(2026, 9, 29, 15, 43, 56, 230000),)",2a3c600d
408267655,-778726621,2916,0:31:10.290000,"(datetime.datetime(2026, 9, 29, 15, 43, 56, 250000),)",2a3c600a
408265668,-778721544,2876,0:31:10.380000,"(datetime.datetime(2026, 9, 29, 15, 43, 56, 337000),)",2a3c600d
408267655,-778726621,2916,0:31:10.410000,"(datetime.datetime(2026, 9, 29, 15, 43, 56, 366000),)",2a3c600a
408265739,-778721716,2877,0:31:10.470000,"(datetime.datetime(2026, 9, 29, 15, 43, 56, 430000),)",2a3c600d
408267798,-778726939,2916,0:31:10.540000,"(datetime.datetime(2026, 9, 29, 15, 43, 56, 492000),)",2a3c600a
408265821,-778721885,2877,0:31:10.580000,"(datetime.datetime(2026, 9, 29, 15, 43, 56, 532000),)",2a3c600d
408267798,-778726939,2916,0:31:10.610000,"(datetime.datetime(2026, 9, 29, 15, 43, 56, 566000),)",2a3c600a
408265887,-778722055,2878,0:31:10.680000,"(datetime.datetime(2026, 9, 29, 15, 43, 56, 630000),)",2a3c600d
408267862,-778727109,2919,0:31:10.690000,"(datetime.datetime(2026, 9, 29, 15, 43, 56, 642000),)",2a3c600a
408265958,-778722228,2878,0:31:10.780000,"(datetime.datetime(2026, 9, 29, 15, 43, 56, 731000),)",2a3c600d
408267932,-778727268,2920,0:31:10.800000,"(datetime.datetime(2026, 9, 29, 15, 43, 56, 754000),)",2a3c600a
408266030,-778722391,2880,0:31:10.880000,"(datetime.datetime(2026, 9, 29, 15, 43, 56, 833000),)",2a3c600d
408268006,-778727427,2921,0:31:10.890000,"(datetime.datetime(2026, 9, 29, 15, 43, 56, 849000),)",2a3c600a
408266030,-778722391,2880,0:31:10.980000,"(datetime.datetime(2026, 9, 29, 15, 43, 56, 931000),)",2a3c600d
408268089,-778727579,2919,0:31:11.010000,"(datetime.datetime(2026, 9, 29, 15, 43, 56, 964000),)",2a3c600a
408266102,-778722565,2880,0:31:11.080000,"(datetime.datetime(2026, 9, 29, 15, 43, 57, 30000),)",2a3c600d
408268154,-778727737,2921,0:31:11.100000,"(datetime.datetime(2026, 9, 29, 15, 43, 57, 51000),)",2a3c600a
408266182,-778722730,2880,0:31:11.180000,"(datetime.datetime(2026, 9, 29, 15, 43, 57, 133000),)",2a3c600d
408268225,-778727898,2921,0:31:11.200000,"(datetime.datetime(2026, 9, 29, 15, 43, 57, 157000),)",2a3c600a
408266264,-778722892,2881,0:31:11.280000,"(datetime.datetime(2026, 9, 29, 15, 43, 57, 231000),)",2a3c600d
408268294,-778728061,2924,0:31:11.300000,"(datetime.datetime(2026, 9, 29, 15, 43, 57, 255000),)",2a3c600a
408266334,-778723057,2881,0:31:11.380000,"(datetime.datetime(2026, 9, 29, 15, 43, 57, 331000),)",2a3c600d
408268373,-778728219,2924,0:31:11.410000,"(datetime.datetime(2026, 9, 29, 15, 43, 57, 360000),)",2a3c600a
408266411,-778723228,2882,0:31:11.490000,"(datetime.datetime(2026, 9, 29, 15, 43, 57, 440000),)",2a3c600d
408268441,-778728381,2925,0:31:11.540000,"(datetime.datetime(2026, 9, 29, 15, 43, 57, 492000),)",2a3c600a
408266485,-778723392,2882,0:31:11.580000,"(datetime.datetime(2026, 9, 29, 15, 43, 57, 532000),)",2a3c600d
408268517,-778728540,2925,0:31:11.590000,"(datetime.datetime(2026, 9, 29, 15, 43, 57, 545000),)",2a3c600a
408266557,-778723560,2882,0:31:11.680000,"(datetime.datetime(2026, 9, 29, 15, 43, 57, 631000),)",2a3c600d
408268583,-778728701,2926,0:31:11.700000,"(datetime.datetime(2026, 9, 29, 15, 43, 57, 655000),)",2a3c600a
408266637,-778723725,2882,0:31:11.780000,"(datetime.datetime(2026, 9, 29, 15, 43, 57, 730000),)",2a3c600d
408268660,-778728859,2925,0:31:11.790000,"(datetime.datetime(2026, 9, 29, 15, 43, 57, 746000),)",2a3c600a
408266711,-778723891,2883,0:31:11.880000,"(datetime.datetime(2026, 9, 29, 15, 43, 57, 831000),)",2a3c600d
408268728,-778729018,2926,0:31:11.900000,"(datetime.datetime(2026, 9, 29, 15, 43, 57, 855000),)",2a3c600a
408266785,-778724053,2884,0:31:11.980000,"(datetime.datetime(2026, 9, 29, 15, 43, 57, 931000),)",2a3c600d
408268819,-778729167,2925,0:31:11.990000,"(datetime.datetime(2026, 9, 29, 15, 43, 57, 949000),)",2a3c600a
408266866,-778724212,2884,0:31:12.080000,"(datetime.datetime(2026, 9, 29, 15, 43, 58, 30000),)",2a3c600d
408268887,-778729326,2925,0:31:12.100000,"(datetime.datetime(2026, 9, 29, 15, 43, 58, 53000),)",2a3c600a
408266942,-778724372,2885,0:31:12.180000,"(datetime.datetime(2026, 9, 29, 15, 43, 58, 131000),)",2a3c600d
408268967,-778729484,2925,0:31:12.190000,"(datetime.datetime(2026, 9, 29, 15, 43, 58, 144000),)",2a3c600a
408267018,-778724533,2887,0:31:12.280000,"(datetime.datetime(2026, 9, 29, 15, 43, 58, 236000),)",2a3c600d
408269030,-778729651,2927,0:31:12.300000,"(datetime.datetime(2026, 9, 29, 15, 43, 58, 259000),)",2a3c600a
408267098,-778724695,2886,0:31:12.370000,"(datetime.datetime(2026, 9, 29, 15, 43, 58, 330000),)",2a3c600d
408269103,-778729809,2927,0:31:12.390000,"(datetime.datetime(2026, 9, 29, 15, 43, 58, 346000),)",2a3c600a
408267149,-778724872,2888,0:31:12.480000,"(datetime.datetime(2026, 9, 29, 15, 43, 58, 432000),)",2a3c600d
408269177,-778729974,2928,0:31:12.550000,"(datetime.datetime(2026, 9, 29, 15, 43, 58, 502000),)",2a3c600a
408267224,-778725035,2888,0:31:12.570000,"(datetime.datetime(2026, 9, 29, 15, 43, 58, 530000),)",2a3c600d
408269250,-778730134,2928,0:31:12.600000,"(datetime.datetime(2026, 9, 29, 15, 43, 58, 557000),)",2a3c600a
408267289,-778725197,2889,0:31:12.680000,"(datetime.datetime(2026, 9, 29, 15, 43, 58, 631000),)",2a3c600d
408269323,-778730298,2927,0:31:12.690000,"(datetime.datetime(2026, 9, 29, 15, 43, 58, 648000),)",2a3c600a
408267364,-778725357,2889,0:31:12.780000,"(datetime.datetime(2026, 9, 29, 15, 43, 58, 731000),)",2a3c600d
408269396,-778730455,2928,0:31:12.790000,"(datetime.datetime(2026, 9, 29, 15, 43, 58, 749000),)",2a3c600a
408267432,-778725515,2890,0:31:12.880000,"(datetime.datetime(2026, 9, 29, 15, 43, 58, 830000),)",2a3c600d
408269465,-778730625,2928,0:31:12.890000,"(datetime.datetime(2026, 9, 29, 15, 43, 58, 845000),)",2a3c600a
408269535,-778730784,2929,0:31:13.060000,"(datetime.datetime(2026, 9, 29, 15, 43, 59, 20000),)",2a3c600a
408267519,-778725655,2891,0:31:13.170000,"(datetime.datetime(2026, 9, 29, 15, 43, 59, 123000),)",2a3c600d
408269615,-778730946,2929,0:31:13.280000,"(datetime.datetime(2026, 9, 29, 15, 43, 59, 231000),)",2a3c600a
408267588,-778725821,2892,0:31:13.350000,"(datetime.datetime(2026, 9, 29, 15, 43, 59, 305000),)",2a3c600d
408269686,-778731118,2929,0:31:13.410000,"(datetime.datetime(2026, 9, 29, 15, 43, 59, 369000),)",2a3c600a
408267659,-778725978,2891,0:31:13.540000,"(datetime.datetime(2026, 9, 29, 15, 43, 59, 493000),)",2a3c600d
408269752,-778731283,2932,0:31:13.760000,"(datetime.datetime(2026, 9, 29, 15, 43, 59, 714000),)",2a3c600a
408267736,-778726122,2893,0:31:13.950000,"(datetime.datetime(2026, 9, 29, 15, 43, 59, 903000),)",2a3c600d
408269826,-778731447,2932,0:31:14.080000,"(datetime.datetime(2026, 9, 29, 15, 44, 0, 36000),)",2a3c600a
408267815,-778726272,2893,0:31:14.130000,"(datetime.datetime(2026, 9, 29, 15, 44, 0, 86000),)",2a3c600d
408269902,-778731608,2934,0:31:14.170000,"(datetime.datetime(2026, 9, 29, 15, 44, 0, 126000),)",2a3c600a
408267882,-778726428,2894,0:31:14.340000,"(datetime.datetime(2026, 9, 29, 15, 44, 0, 292000),)",2a3c600d
408269978,-778731777,2935,0:31:14.400000,"(datetime.datetime(2026, 9, 29, 15, 44, 0, 353000),)",2a3c600a
408267945,-778726589,2894,0:31:14.480000,"(datetime.datetime(2026, 9, 29, 15, 44, 0, 437000),)",2a3c600d
408268015,-778726744,2894,0:31:14.560000,"(datetime.datetime(2026, 9, 29, 15, 44, 0, 513000),)",2a3c600d
408270049,-778731937,2935,0:31:14.700000,"(datetime.datetime(2026, 9, 29, 15, 44, 0, 652000),)",2a3c600a
408268090,-778726900,2895,0:31:14.840000,"(datetime.datetime(2026, 9, 29, 15, 44, 0, 799000),)",2a3c600d
408270122,-778732095,2936,0:31:14.880000,"(datetime.datetime(2026, 9, 29, 15, 44, 0, 837000),)",2a3c600a
408268152,-778727053,2896,0:31:15,"(datetime.datetime(2026, 9, 29, 15, 44, 0, 958000),)",2a3c600d
408270204,-778732260,2935,0:31:15.100000,"(datetime.datetime(2026, 9, 29, 15, 44, 1, 51000),)",2a3c600a
408268223,-778727200,2896,0:31:15.200000,"(datetime.datetime(2026, 9, 29, 15, 44, 1, 155000),)",2a3c600d
408270276,-778732417,2935,0:31:15.300000,"(datetime.datetime(2026, 9, 29, 15, 44, 1, 257000),)",2a3c600a
408268292,-778727352,2897,0:31:15.410000,"(datetime.datetime(2026, 9, 29, 15, 44, 1, 368000),)",2a3c600d
408268362,-778727500,2898,0:31:15.580000,"(datetime.datetime(2026, 9, 29, 15, 44, 1, 539000),)",2a3c600d
408270343,-778732585,2936,0:31:15.650000,"(datetime.datetime(2026, 9, 29, 15, 44, 1, 608000),)",2a3c600a
408270420,-778732747,2936,0:31:15.710000,"(datetime.datetime(2026, 9, 29, 15, 44, 1, 662000),)",2a3c600a
408268433,-778727652,2898,0:31:15.830000,"(datetime.datetime(2026, 9, 29, 15, 44, 1, 786000),)",2a3c600d
408270497,-778732907,2936,0:31:15.910000,"(datetime.datetime(2026, 9, 29, 15, 44, 1, 863000),)",2a3c600a
408268497,-778727808,2898,0:31:16.030000,"(datetime.datetime(2026, 9, 29, 15, 44, 1, 983000),)",2a3c600d
408270571,-778733073,2936,0:31:16.160000,"(datetime.datetime(2026, 9, 29, 15, 44, 2, 118000),)",2a3c600a
408268572,-778727953,2898,0:31:16.180000,"(datetime.datetime(2026, 9, 29, 15, 44, 2, 136000),)",2a3c600d
408270635,-778733230,2937,0:31:16.210000,"(datetime.datetime(2026, 9, 29, 15, 44, 2, 169000),)",2a3c600a
408268649,-778728103,2898,0:31:16.230000,"(datetime.datetime(2026, 9, 29, 15, 44, 2, 181000),)",2a3c600d
408270709,-778733387,2937,0:31:16.240000,"(datetime.datetime(2026, 9, 29, 15, 44, 2, 193000),)",2a3c600a
408268711,-778728254,2898,0:31:16.280000,"(datetime.datetime(2026, 9, 29, 15, 44, 2, 237000),)",2a3c600d
408270781,-778733567,2937,0:31:16.290000,"(datetime.datetime(2026, 9, 29, 15, 44, 2, 249000),)",2a3c600a
408268777,-778728410,2899,0:31:16.310000,"(datetime.datetime(2026, 9, 29, 15, 44, 2, 261000),)",2a3c600d
408270851,-778733728,2938,0:31:16.350000,"(datetime.datetime(2026, 9, 29, 15, 44, 2, 307000),)",2a3c600a
408268835,-778728561,2899,0:31:16.360000,"(datetime.datetime(2026, 9, 29, 15, 44, 2, 319000),)",2a3c600d
408270921,-778733892,2939,0:31:16.380000,"(datetime.datetime(2026, 9, 29, 15, 44, 2, 331000),)",2a3c600a
408268916,-778728706,2900,0:31:16.420000,"(datetime.datetime(2026, 9, 29, 15, 44, 2, 380000),)",2a3c600d
408271000,-778734064,2939,0:31:16.440000,"(datetime.datetime(2026, 9, 29, 15, 44, 2, 393000),)",2a3c600a
408268979,-778728856,2899,0:31:16.450000,"(datetime.datetime(2026, 9, 29, 15, 44, 2, 408000),)",2a3c600d
408271069,-778734230,2940,0:31:16.510000,"(datetime.datetime(2026, 9, 29, 15, 44, 2, 467000),)",2a3c600a
408269050,-778729006,2900,0:31:16.550000,"(datetime.datetime(2026, 9, 29, 15, 44, 2, 508000),)",2a3c600d
408271145,-778734391,2940,0:31:16.570000,"(datetime.datetime(2026, 9, 29, 15, 44, 2, 523000),)",2a3c600a
408269124,-778729145,2902,0:31:16.580000,"(datetime.datetime(2026, 9, 29, 15, 44, 2, 535000),)",2a3c600d
408271213,-778734550,2940,0:31:16.620000,"(datetime.datetime(2026, 9, 29, 15, 44, 2, 575000),)",2a3c600a
408269179,-778729304,2902,0:31:16.630000,"(datetime.datetime(2026, 9, 29, 15, 44, 2, 587000),)",2a3c600d
408271298,-778734713,2942,0:31:16.640000,"(datetime.datetime(2026, 9, 29, 15, 44, 2, 600000),)",2a3c600a
408269246,-778729453,2903,0:31:16.690000,"(datetime.datetime(2026, 9, 29, 15, 44, 2, 648000),)",2a3c600d
408271376,-778734882,2941,0:31:16.700000,"(datetime.datetime(2026, 9, 29, 15, 44, 2, 660000),)",2a3c600a
408269317,-778729597,2903,0:31:16.720000,"(datetime.datetime(2026, 9, 29, 15, 44, 2, 672000),)",2a3c600d
408271443,-778735036,2943,0:31:16.760000,"(datetime.datetime(2026, 9, 29, 15, 44, 2, 720000),)",2a3c600a
408269382,-778729746,2904,0:31:16.780000,"(datetime.datetime(2026, 9, 29, 15, 44, 2, 733000),)",2a3c600d
408271516,-778735199,2943,0:31:16.790000,"(datetime.datetime(2026, 9, 29, 15, 44, 2, 745000),)",2a3c600a
408269446,-778729900,2904,0:31:16.840000,"(datetime.datetime(2026, 9, 29, 15, 44, 2, 796000),)",2a3c600d
408271584,-778735373,2945,0:31:16.860000,"(datetime.datetime(2026, 9, 29, 15, 44, 2, 813000),)",2a3c600a
408269506,-778730048,2905,0:31:16.900000,"(datetime.datetime(2026, 9, 29, 15, 44, 2, 857000),)",2a3c600d
408271664,-778735526,2945,0:31:16.920000,"(datetime.datetime(2026, 9, 29, 15, 44, 2, 870000),)",2a3c600a
408269579,-778730193,2906,0:31:16.980000,"(datetime.datetime(2026, 9, 29, 15, 44, 2, 935000),)",2a3c600d
408271735,-778735690,2945,0:31:16.990000,"(datetime.datetime(2026, 9, 29, 15, 44, 2, 948000),)",2a3c600a
408269642,-778730339,2907,0:31:17.010000,"(datetime.datetime(2026, 9, 29, 15, 44, 2, 961000),)",2a3c600d
408271796,-778735856,2946,0:31:17.050000,"(datetime.datetime(2026, 9, 29, 15, 44, 3, 7000),)",2a3c600a
408269721,-778730487,2908,0:31:17.070000,"(datetime.datetime(2026, 9, 29, 15, 44, 3, 21000),)",2a3c600d
408271878,-778736008,2947,0:31:17.110000,"(datetime.datetime(2026, 9, 29, 15, 44, 3, 63000),)",2a3c600a
408269783,-778730630,2909,0:31:17.120000,"(datetime.datetime(2026, 9, 29, 15, 44, 3, 77000),)",2a3c600d
408271942,-778736166,2946,0:31:17.140000,"(datetime.datetime(2026, 9, 29, 15, 44, 3, 91000),)",2a3c600a
408269846,-778730777,2909,0:31:17.180000,"(datetime.datetime(2026, 9, 29, 15, 44, 3, 135000),)",2a3c600d
408272014,-778736324,2946,0:31:17.190000,"(datetime.datetime(2026, 9, 29, 15, 44, 3, 148000),)",2a3c600a
408269914,-778730930,2910,0:31:17.200000,"(datetime.datetime(2026, 9, 29, 15, 44, 3, 160000),)",2a3c600d
408272088,-778736478,2947,0:31:17.250000,"(datetime.datetime(2026, 9, 29, 15, 44, 3, 205000),)",2a3c600a
408269980,-778731073,2910,0:31:17.260000,"(datetime.datetime(2026, 9, 29, 15, 44, 3, 217000),)",2a3c600d
408272160,-778736634,2948,0:31:17.270000,"(datetime.datetime(2026, 9, 29, 15, 44, 3, 229000),)",2a3c600a
408270038,-778731222,2911,0:31:17.330000,"(datetime.datetime(2026, 9, 29, 15, 44, 3, 287000),)",2a3c600d
408272224,-778736805,2948,0:31:17.350000,"(datetime.datetime(2026, 9, 29, 15, 44, 3, 300000),)",2a3c600a
408270109,-778731369,2912,0:31:17.360000,"(datetime.datetime(2026, 9, 29, 15, 44, 3, 313000),)",2a3c600d
408272298,-778736959,2950,0:31:17.410000,"(datetime.datetime(2026, 9, 29, 15, 44, 3, 360000),)",2a3c600a
408270173,-778731514,2913,0:31:17.420000,"(datetime.datetime(2026, 9, 29, 15, 44, 3, 374000),)",2a3c600d
408272365,-778737111,2951,0:31:17.430000,"(datetime.datetime(2026, 9, 29, 15, 44, 3, 386000),)",2a3c600a
408270241,-778731663,2913,0:31:17.480000,"(datetime.datetime(2026, 9, 29, 15, 44, 3, 437000),)",2a3c600d
408272440,-778737272,2951,0:31:17.500000,"(datetime.datetime(2026, 9, 29, 15, 44, 3, 451000),)",2a3c600a
408270309,-778731805,2913,0:31:17.510000,"(datetime.datetime(2026, 9, 29, 15, 44, 3, 467000),)",2a3c600d
408272503,-778737433,2952,0:31:17.550000,"(datetime.datetime(2026, 9, 29, 15, 44, 3, 506000),)",2a3c600a
408270374,-778731953,2914,0:31:17.570000,"(datetime.datetime(2026, 9, 29, 15, 44, 3, 525000),)",2a3c600d
408272576,-778737586,2953,0:31:17.620000,"(datetime.datetime(2026, 9, 29, 15, 44, 3, 575000),)",2a3c600a
408270444,-778732100,2912,0:31:17.640000,"(datetime.datetime(2026, 9, 29, 15, 44, 3, 591000),)",2a3c600d
408272650,-778737749,2954,0:31:17.680000,"(datetime.datetime(2026, 9, 29, 15, 44, 3, 636000),)",2a3c600a
408270507,-778732251,2913,0:31:17.700000,"(datetime.datetime(2026, 9, 29, 15, 44, 3, 652000),)",2a3c600d
408272713,-778737905,2955,0:31:17.740000,"(datetime.datetime(2026, 9, 29, 15, 44, 3, 698000),)",2a3c600a
408270574,-778732392,2915,0:31:17.760000,"(datetime.datetime(2026, 9, 29, 15, 44, 3, 711000),)",2a3c600d
408272781,-778738056,2957,0:31:17.770000,"(datetime.datetime(2026, 9, 29, 15, 44, 3, 723000),)",2a3c600a
408270639,-778732539,2915,0:31:17.810000,"(datetime.datetime(2026, 9, 29, 15, 44, 3, 767000),)",2a3c600d
408272851,-778738212,2958,0:31:17.830000,"(datetime.datetime(2026, 9, 29, 15, 44, 3, 780000),)",2a3c600a
408270708,-778732688,2915,0:31:17.840000,"(datetime.datetime(2026, 9, 29, 15, 44, 3, 793000),)",2a3c600d
408272922,-778738364,2958,0:31:17.890000,"(datetime.datetime(2026, 9, 29, 15, 44, 3, 847000),)",2a3c600a
408270765,-778732830,2916,0:31:17.900000,"(datetime.datetime(2026, 9, 29, 15, 44, 3, 860000),)",2a3c600d
408272978,-778738535,2959,0:31:17.920000,"(datetime.datetime(2026, 9, 29, 15, 44, 3, 872000),)",2a3c600a
408270836,-778732982,2916,0:31:17.970000,"(datetime.datetime(2026, 9, 29, 15, 44, 3, 928000),)",2a3c600d
408273047,-778738694,2958,0:31:17.990000,"(datetime.datetime(2026, 9, 29, 15, 44, 3, 942000),)",2a3c600a
408270904,-778733122,2918,0:31:18,"(datetime.datetime(2026, 9, 29, 15, 44, 3, 954000),)",2a3c600d
408273124,-778738848,2959,0:31:18.050000,"(datetime.datetime(2026, 9, 29, 15, 44, 4, 1000),)",2a3c600a
408270966,-778733266,2919,0:31:18.060000,"(datetime.datetime(2026, 9, 29, 15, 44, 4, 13000),)",2a3c600d
408273185,-778739001,2960,0:31:18.070000,"(datetime.datetime(2026, 9, 29, 15, 44, 4, 26000),)",2a3c600a
408271029,-778733418,2919,0:31:18.120000,"(datetime.datetime(2026, 9, 29, 15, 44, 4, 73000),)",2a3c600d
408273257,-778739155,2961,0:31:18.150000,"(datetime.datetime(2026, 9, 29, 15, 44, 4, 103000),)",2a3c600a
408271098,-778733564,2920,0:31:18.210000,"(datetime.datetime(2026, 9, 29, 15, 44, 4, 168000),)",2a3c600d
408273336,-778739279,2955,0:31:18.230000,"(datetime.datetime(2026, 9, 29, 15, 44, 4, 190000),)",2a3c600a
408271163,-778733718,2919,0:31:18.320000,"(datetime.datetime(2026, 9, 29, 15, 44, 4, 276000),)",2a3c600d
408273411,-778739437,2955,0:31:18.350000,"(datetime.datetime(2026, 9, 29, 15, 44, 4, 300000),)",2a3c600a
408271228,-778733869,2921,0:31:18.410000,"(datetime.datetime(2026, 9, 29, 15, 44, 4, 369000),)",2a3c600d
408273472,-778739586,2954,0:31:18.430000,"(datetime.datetime(2026, 9, 29, 15, 44, 4, 389000),)",2a3c600a
408271300,-778734011,2921,0:31:18.510000,"(datetime.datetime(2026, 9, 29, 15, 44, 4, 468000),)",2a3c600d
408273539,-778739755,2955,0:31:18.530000,"(datetime.datetime(2026, 9, 29, 15, 44, 4, 489000),)",2a3c600a
408271361,-778734162,2922,0:31:18.610000,"(datetime.datetime(2026, 9, 29, 15, 44, 4, 568000),)",2a3c600d
408273607,-778739908,2955,0:31:18.630000,"(datetime.datetime(2026, 9, 29, 15, 44, 4, 589000),)",2a3c600a
408271438,-778734302,2922,0:31:18.710000,"(datetime.datetime(2026, 9, 29, 15, 44, 4, 669000),)",2a3c600d
408273680,-778740066,2955,0:31:18.730000,"(datetime.datetime(2026, 9, 29, 15, 44, 4, 690000),)",2a3c600a
408271506,-778734450,2922,0:31:18.810000,"(datetime.datetime(2026, 9, 29, 15, 44, 4, 768000),)",2a3c600d
408273751,-778740216,2955,0:31:18.830000,"(datetime.datetime(2026, 9, 29, 15, 44, 4, 789000),)",2a3c600a
408271572,-778734600,2922,0:31:18.910000,"(datetime.datetime(2026, 9, 29, 15, 44, 4, 869000),)",2a3c600d
408273803,-778740380,2955,0:31:18.940000,"(datetime.datetime(2026, 9, 29, 15, 44, 4, 893000),)",2a3c600a
408271636,-778734741,2923,0:31:19.010000,"(datetime.datetime(2026, 9, 29, 15, 44, 4, 969000),)",2a3c600d
408273876,-778740532,2956,0:31:19.030000,"(datetime.datetime(2026, 9, 29, 15, 44, 4, 990000),)",2a3c600a
408271697,-778734897,2923,0:31:19.120000,"(datetime.datetime(2026, 9, 29, 15, 44, 5, 72000),)",2a3c600d
408273928,-778740700,2958,0:31:19.140000,"(datetime.datetime(2026, 9, 29, 15, 44, 5, 92000),)",2a3c600a
408271763,-778735033,2925,0:31:19.170000,"(datetime.datetime(2026, 9, 29, 15, 44, 5, 130000),)",2a3c600d
408274004,-778740844,2960,0:31:19.230000,"(datetime.datetime(2026, 9, 29, 15, 44, 5, 189000),)",2a3c600a
408271830,-778735183,2926,0:31:19.270000,"(datetime.datetime(2026, 9, 29, 15, 44, 5, 230000),)",2a3c600d
408274083,-778740997,2958,0:31:19.330000,"(datetime.datetime(2026, 9, 29, 15, 44, 5, 290000),)",2a3c600a
408271896,-778735333,2926,0:31:19.380000,"(datetime.datetime(2026, 9, 29, 15, 44, 5, 333000),)",2a3c600d
408274154,-778741157,2959,0:31:19.430000,"(datetime.datetime(2026, 9, 29, 15, 44, 5, 390000),)",2a3c600a
408271961,-778735487,2926,0:31:19.470000,"(datetime.datetime(2026, 9, 29, 15, 44, 5, 429000),)",2a3c600d
408274229,-778741314,2959,0:31:19.540000,"(datetime.datetime(2026, 9, 29, 15, 44, 5, 495000),)",2a3c600a
408272028,-778735630,2926,0:31:19.580000,"(datetime.datetime(2026, 9, 29, 15, 44, 5, 532000),)",2a3c600d
408274296,-778741471,2959,0:31:19.630000,"(datetime.datetime(2026, 9, 29, 15, 44, 5, 590000),)",2a3c600a
408272091,-778735764,2927,0:31:19.690000,"(datetime.datetime(2026, 9, 29, 15, 44, 5, 645000),)",2a3c600d
408274359,-778741624,2960,0:31:19.730000,"(datetime.datetime(2026, 9, 29, 15, 44, 5, 689000),)",2a3c600a
408272158,-778735914,2928,0:31:19.770000,"(datetime.datetime(2026, 9, 29, 15, 44, 5, 729000),)",2a3c600d
408274431,-778741781,2960,0:31:19.830000,"(datetime.datetime(2026, 9, 29, 15, 44, 5, 789000),)",2a3c600a
408272227,-778736069,2928,0:31:19.880000,"(datetime.datetime(2026, 9, 29, 15, 44, 5, 832000),)",2a3c600d
408274502,-778741938,2961,0:31:19.930000,"(datetime.datetime(2026, 9, 29, 15, 44, 5, 889000),)",2a3c600a
408272297,-778736218,2928,0:31:19.970000,"(datetime.datetime(2026, 9, 29, 15, 44, 5, 930000),)",2a3c600d
408274566,-778742099,2961,0:31:20.030000,"(datetime.datetime(2026, 9, 29, 15, 44, 5, 990000),)",2a3c600a
408272356,-778736364,2930,0:31:20.080000,"(datetime.datetime(2026, 9, 29, 15, 44, 6, 31000),)",2a3c600d
408274642,-778742253,2962,0:31:20.130000,"(datetime.datetime(2026, 9, 29, 15, 44, 6, 90000),)",2a3c600a
408272356,-778736364,2930,0:31:20.180000,"(datetime.datetime(2026, 9, 29, 15, 44, 6, 131000),)",2a3c600d
408274705,-778742412,2963,0:31:20.230000,"(datetime.datetime(2026, 9, 29, 15, 44, 6, 190000),)",2a3c600a
408272433,-778736520,2929,0:31:20.280000,"(datetime.datetime(2026, 9, 29, 15, 44, 6, 232000),)",2a3c600d
408274777,-778742565,2963,0:31:20.330000,"(datetime.datetime(2026, 9, 29, 15, 44, 6, 290000),)",2a3c600a
408272503,-778736651,2931,0:31:20.380000,"(datetime.datetime(2026, 9, 29, 15, 44, 6, 330000),)",2a3c600d
408274842,-778742726,2964,0:31:20.430000,"(datetime.datetime(2026, 9, 29, 15, 44, 6, 390000),)",2a3c600a
408272569,-778736799,2931,0:31:20.480000,"(datetime.datetime(2026, 9, 29, 15, 44, 6, 431000),)",2a3c600d
408274920,-778742884,2966,0:31:20.530000,"(datetime.datetime(2026, 9, 29, 15, 44, 6, 490000),)",2a3c600a
408272633,-778736948,2931,0:31:20.570000,"(datetime.datetime(2026, 9, 29, 15, 44, 6, 530000),)",2a3c600d
408274988,-778743039,2966,0:31:20.640000,"(datetime.datetime(2026, 9, 29, 15, 44, 6, 592000),)",2a3c600a
408272706,-778737099,2932,0:31:20.670000,"(datetime.datetime(2026, 9, 29, 15, 44, 6, 630000),)",2a3c600d
408275052,-778743189,2965,0:31:20.740000,"(datetime.datetime(2026, 9, 29, 15, 44, 6, 696000),)",2a3c600a
408272764,-778737263,2932,0:31:20.770000,"(datetime.datetime(2026, 9, 29, 15, 44, 6, 730000),)",2a3c600d
408275120,-778743347,2966,0:31:20.830000,"(datetime.datetime(2026, 9, 29, 15, 44, 6, 790000),)",2a3c600a
408272822,-778737409,2933,0:31:20.870000,"(datetime.datetime(2026, 9, 29, 15, 44, 6, 829000),)",2a3c600d
408275188,-778743504,2966,0:31:20.930000,"(datetime.datetime(2026, 9, 29, 15, 44, 6, 889000),)",2a3c600a
408272879,-778737562,2933,0:31:20.970000,"(datetime.datetime(2026, 9, 29, 15, 44, 6, 930000),)",2a3c600d
408275257,-778743652,2967,0:31:21.030000,"(datetime.datetime(2026, 9, 29, 15, 44, 6, 989000),)",2a3c600a
408272952,-778737713,2933,0:31:21.080000,"(datetime.datetime(2026, 9, 29, 15, 44, 7, 31000),)",2a3c600d
408275322,-778743810,2967,0:31:21.130000,"(datetime.datetime(2026, 9, 29, 15, 44, 7, 90000),)",2a3c600a
408273010,-778737863,2934,0:31:21.180000,"(datetime.datetime(2026, 9, 29, 15, 44, 7, 132000),)",2a3c600d
408275416,-778743933,2965,0:31:21.230000,"(datetime.datetime(2026, 9, 29, 15, 44, 7, 189000),)",2a3c600a
408273098,-778737978,2937,0:31:21.270000,"(datetime.datetime(2026, 9, 29, 15, 44, 7, 229000),)",2a3c600d
408275491,-778744082,2965,0:31:21.340000,"(datetime.datetime(2026, 9, 29, 15, 44, 7, 292000),)",2a3c600a
408273150,-778738143,2936,0:31:21.370000,"(datetime.datetime(2026, 9, 29, 15, 44, 7, 329000),)",2a3c600d
408275556,-778744237,2965,0:31:21.430000,"(datetime.datetime(2026, 9, 29, 15, 44, 7, 390000),)",2a3c600a
408273223,-778738288,2937,0:31:21.480000,"(datetime.datetime(2026, 9, 29, 15, 44, 7, 433000),)",2a3c600d
408275629,-778744384,2965,0:31:21.530000,"(datetime.datetime(2026, 9, 29, 15, 44, 7, 489000),)",2a3c600a
408273290,-778738440,2936,0:31:21.570000,"(datetime.datetime(2026, 9, 29, 15, 44, 7, 529000),)",2a3c600d
408275693,-778744539,2966,0:31:21.640000,"(datetime.datetime(2026, 9, 29, 15, 44, 7, 594000),)",2a3c600a
408273357,-778738588,2937,0:31:21.670000,"(datetime.datetime(2026, 9, 29, 15, 44, 7, 630000),)",2a3c600d
408275764,-778744692,2966,0:31:21.730000,"(datetime.datetime(2026, 9, 29, 15, 44, 7, 690000),)",2a3c600a
408273418,-778738738,2938,0:31:21.780000,"(datetime.datetime(2026, 9, 29, 15, 44, 7, 731000),)",2a3c600d
408275813,-778744851,2967,0:31:21.830000,"(datetime.datetime(2026, 9, 29, 15, 44, 7, 789000),)",2a3c600a
408273488,-778738891,2938,0:31:21.880000,"(datetime.datetime(2026, 9, 29, 15, 44, 7, 837000),)",2a3c600d
408275897,-778744984,2966,0:31:21.930000,"(datetime.datetime(2026, 9, 29, 15, 44, 7, 890000),)",2a3c600a
408273562,-778739029,2941,0:31:21.980000,"(datetime.datetime(2026, 9, 29, 15, 44, 7, 931000),)",2a3c600d
408275961,-778745138,2966,0:31:22.030000,"(datetime.datetime(2026, 9, 29, 15, 44, 7, 990000),)",2a3c600a
408273638,-778739162,2942,0:31:22.070000,"(datetime.datetime(2026, 9, 29, 15, 44, 8, 29000),)",2a3c600d
408276050,-778745272,2965,0:31:22.140000,"(datetime.datetime(2026, 9, 29, 15, 44, 8, 91000),)",2a3c600a
408273693,-778739324,2943,0:31:22.170000,"(datetime.datetime(2026, 9, 29, 15, 44, 8, 130000),)",2a3c600d
408276103,-778745438,2968,0:31:22.230000,"(datetime.datetime(2026, 9, 29, 15, 44, 8, 189000),)",2a3c600a
408273769,-778739471,2942,0:31:22.270000,"(datetime.datetime(2026, 9, 29, 15, 44, 8, 230000),)",2a3c600d
408276169,-778745586,2968,0:31:22.330000,"(datetime.datetime(2026, 9, 29, 15, 44, 8, 288000),)",2a3c600a
408273833,-778739621,2942,0:31:22.370000,"(datetime.datetime(2026, 9, 29, 15, 44, 8, 329000),)",2a3c600d
408276225,-778745741,2971,0:31:22.430000,"(datetime.datetime(2026, 9, 29, 15, 44, 8, 390000),)",2a3c600a
408273894,-778739765,2944,0:31:22.480000,"(datetime.datetime(2026, 9, 29, 15, 44, 8, 430000),)",2a3c600d
408276288,-778745898,2972,0:31:22.540000,"(datetime.datetime(2026, 9, 29, 15, 44, 8, 491000),)",2a3c600a
408273954,-778739915,2945,0:31:22.570000,"(datetime.datetime(2026, 9, 29, 15, 44, 8, 529000),)",2a3c600d
408276359,-778746029,2970,0:31:22.640000,"(datetime.datetime(2026, 9, 29, 15, 44, 8, 593000),)",2a3c600a
408274030,-778740072,2945,0:31:22.680000,"(datetime.datetime(2026, 9, 29, 15, 44, 8, 634000),)",2a3c600d
408276422,-778746179,2970,0:31:22.730000,"(datetime.datetime(2026, 9, 29, 15, 44, 8, 689000),)",2a3c600a
408274098,-778740220,2945,0:31:22.770000,"(datetime.datetime(2026, 9, 29, 15, 44, 8, 729000),)",2a3c600d
408276486,-778746330,2970,0:31:22.850000,"(datetime.datetime(2026, 9, 29, 15, 44, 8, 803000),)",2a3c600a
408274164,-778740366,2946,0:31:22.870000,"(datetime.datetime(2026, 9, 29, 15, 44, 8, 829000),)",2a3c600d
408276561,-778746475,2971,0:31:22.930000,"(datetime.datetime(2026, 9, 29, 15, 44, 8, 890000),)",2a3c600a
408274220,-778740536,2945,0:31:22.970000,"(datetime.datetime(2026, 9, 29, 15, 44, 8, 930000),)",2a3c600d
408276626,-778746626,2971,0:31:22.990000,"(datetime.datetime(2026, 9, 29, 15, 44, 8, 945000),)",2a3c600a
408274281,-778740690,2946,0:31:23.070000,"(datetime.datetime(2026, 9, 29, 15, 44, 9, 30000),)",2a3c600d
408276709,-778746767,2971,0:31:23.100000,"(datetime.datetime(2026, 9, 29, 15, 44, 9, 51000),)",2a3c600a
408274358,-778740837,2947,0:31:23.180000,"(datetime.datetime(2026, 9, 29, 15, 44, 9, 135000),)",2a3c600d
408276758,-778746940,2975,0:31:23.210000,"(datetime.datetime(2026, 9, 29, 15, 44, 9, 161000),)",2a3c600a
408274430,-778740978,2948,0:31:23.270000,"(datetime.datetime(2026, 9, 29, 15, 44, 9, 230000),)",2a3c600d
408276821,-778747088,2974,0:31:23.290000,"(datetime.datetime(2026, 9, 29, 15, 44, 9, 248000),)",2a3c600a
408274483,-778741138,2949,0:31:23.370000,"(datetime.datetime(2026, 9, 29, 15, 44, 9, 330000),)",2a3c600d
408276888,-778747236,2974,0:31:23.400000,"(datetime.datetime(2026, 9, 29, 15, 44, 9, 358000),)",2a3c600a
408274552,-778741290,2949,0:31:23.470000,"(datetime.datetime(2026, 9, 29, 15, 44, 9, 430000),)",2a3c600d
408276954,-778747384,2974,0:31:23.500000,"(datetime.datetime(2026, 9, 29, 15, 44, 9, 451000),)",2a3c600a
408274613,-778741457,2950,0:31:23.570000,"(datetime.datetime(2026, 9, 29, 15, 44, 9, 530000),)",2a3c600d
408277021,-778747534,2976,0:31:23.600000,"(datetime.datetime(2026, 9, 29, 15, 44, 9, 556000),)",2a3c600a
408274678,-778741610,2951,0:31:23.670000,"(datetime.datetime(2026, 9, 29, 15, 44, 9, 630000),)",2a3c600d
408277083,-778747684,2976,0:31:23.700000,"(datetime.datetime(2026, 9, 29, 15, 44, 9, 652000),)",2a3c600a
408274756,-778741754,2951,0:31:23.780000,"(datetime.datetime(2026, 9, 29, 15, 44, 9, 732000),)",2a3c600d
408277143,-778747833,2976,0:31:23.800000,"(datetime.datetime(2026, 9, 29, 15, 44, 9, 760000),)",2a3c600a
408274819,-778741912,2951,0:31:23.870000,"(datetime.datetime(2026, 9, 29, 15, 44, 9, 830000),)",2a3c600d
408277199,-778747985,2976,0:31:23.890000,"(datetime.datetime(2026, 9, 29, 15, 44, 9, 846000),)",2a3c600a
408274884,-778742066,2951,0:31:23.980000,"(datetime.datetime(2026, 9, 29, 15, 44, 9, 930000),)",2a3c600d
408277264,-778748140,2976,0:31:24,"(datetime.datetime(2026, 9, 29, 15, 44, 9, 955000),)",2a3c600a
408274956,-778742229,2951,0:31:24.080000,"(datetime.datetime(2026, 9, 29, 15, 44, 10, 36000),)",2a3c600d
408277338,-778748286,2977,0:31:24.100000,"(datetime.datetime(2026, 9, 29, 15, 44, 10, 56000),)",2a3c600a
408275023,-778742386,2951,0:31:24.170000,"(datetime.datetime(2026, 9, 29, 15, 44, 10, 129000),)",2a3c600d
408277404,-778748420,2973,0:31:24.190000,"(datetime.datetime(2026, 9, 29, 15, 44, 10, 147000),)",2a3c600a
408275101,-778742525,2952,0:31:24.280000,"(datetime.datetime(2026, 9, 29, 15, 44, 10, 231000),)",2a3c600d
408277470,-778748560,2974,0:31:24.300000,"(datetime.datetime(2026, 9, 29, 15, 44, 10, 259000),)",2a3c600a
408275157,-778742681,2954,0:31:24.370000,"(datetime.datetime(2026, 9, 29, 15, 44, 10, 329000),)",2a3c600d
408277540,-778748713,2975,0:31:24.400000,"(datetime.datetime(2026, 9, 29, 15, 44, 10, 350000),)",2a3c600a
408275234,-778742843,2953,0:31:24.480000,"(datetime.datetime(2026, 9, 29, 15, 44, 10, 435000),)",2a3c600d
408277611,-778748860,2975,0:31:24.500000,"(datetime.datetime(2026, 9, 29, 15, 44, 10, 460000),)",2a3c600a
408275305,-778743003,2954,0:31:24.570000,"(datetime.datetime(2026, 9, 29, 15, 44, 10, 530000),)",2a3c600d
408277698,-778748999,2976,0:31:24.590000,"(datetime.datetime(2026, 9, 29, 15, 44, 10, 548000),)",2a3c600a
408275381,-778743152,2955,0:31:24.670000,"(datetime.datetime(2026, 9, 29, 15, 44, 10, 630000),)",2a3c600d
408277767,-778749145,2976,0:31:24.700000,"(datetime.datetime(2026, 9, 29, 15, 44, 10, 655000),)",2a3c600a
408275441,-778743315,2954,0:31:24.770000,"(datetime.datetime(2026, 9, 29, 15, 44, 10, 730000),)",2a3c600d
408277833,-778749295,2977,0:31:24.790000,"(datetime.datetime(2026, 9, 29, 15, 44, 10, 746000),)",2a3c600a
408275510,-778743469,2955,0:31:24.870000,"(datetime.datetime(2026, 9, 29, 15, 44, 10, 830000),)",2a3c600d
408277902,-778749443,2977,0:31:24.900000,"(datetime.datetime(2026, 9, 29, 15, 44, 10, 855000),)",2a3c600a
408275580,-778743622,2957,0:31:24.970000,"(datetime.datetime(2026, 9, 29, 15, 44, 10, 929000),)",2a3c600d
408277969,-778749598,2979,0:31:24.990000,"(datetime.datetime(2026, 9, 29, 15, 44, 10, 948000),)",2a3c600a
408275650,-778743781,2957,0:31:25.080000,"(datetime.datetime(2026, 9, 29, 15, 44, 11, 32000),)",2a3c600d
408278035,-778749747,2979,0:31:25.100000,"(datetime.datetime(2026, 9, 29, 15, 44, 11, 54000),)",2a3c600a
408275759,-778743918,2958,0:31:25.170000,"(datetime.datetime(2026, 9, 29, 15, 44, 11, 129000),)",2a3c600d
408278101,-778749908,2981,0:31:25.190000,"(datetime.datetime(2026, 9, 29, 15, 44, 11, 147000),)",2a3c600a
408275821,-778744081,2959,0:31:25.280000,"(datetime.datetime(2026, 9, 29, 15, 44, 11, 231000),)",2a3c600d
408278101,-778749908,2981,0:31:25.300000,"(datetime.datetime(2026, 9, 29, 15, 44, 11, 255000),)",2a3c600a
408275892,-778744262,2958,0:31:25.370000,"(datetime.datetime(2026, 9, 29, 15, 44, 11, 330000),)",2a3c600d
408278185,-778750041,2980,0:31:25.400000,"(datetime.datetime(2026, 9, 29, 15, 44, 11, 358000),)",2a3c600a
408275953,-778744428,2959,0:31:25.480000,"(datetime.datetime(2026, 9, 29, 15, 44, 11, 438000),)",2a3c600d
408278259,-778750185,2979,0:31:25.510000,"(datetime.datetime(2026, 9, 29, 15, 44, 11, 463000),)",2a3c600a
408276029,-778744587,2959,0:31:25.570000,"(datetime.datetime(2026, 9, 29, 15, 44, 11, 530000),)",2a3c600d
408278325,-778750342,2980,0:31:25.600000,"(datetime.datetime(2026, 9, 29, 15, 44, 11, 551000),)",2a3c600a
408278395,-778750489,2980,0:31:25.660000,"(datetime.datetime(2026, 9, 29, 15, 44, 11, 614000),)",2a3c600a
408276109,-778744736,2959,0:31:25.670000,"(datetime.datetime(2026, 9, 29, 15, 44, 11, 630000),)",2a3c600d
408278463,-778750637,2981,0:31:25.760000,"(datetime.datetime(2026, 9, 29, 15, 44, 11, 714000),)",2a3c600a
408276187,-778744891,2960,0:31:25.780000,"(datetime.datetime(2026, 9, 29, 15, 44, 11, 739000),)",2a3c600d
408278536,-778750785,2981,0:31:25.860000,"(datetime.datetime(2026, 9, 29, 15, 44, 11, 814000),)",2a3c600a
408276262,-778745050,2960,0:31:25.880000,"(datetime.datetime(2026, 9, 29, 15, 44, 11, 833000),)",2a3c600d
408278610,-778750929,2981,0:31:25.970000,"(datetime.datetime(2026, 9, 29, 15, 44, 11, 924000),)",2a3c600a
408276331,-778745219,2960,0:31:25.990000,"(datetime.datetime(2026, 9, 29, 15, 44, 11, 943000),)",2a3c600d
408276403,-778745377,2960,0:31:26.020000,"(datetime.datetime(2026, 9, 29, 15, 44, 11, 978000),)",2a3c600d
408278681,-778751078,2981,0:31:26.060000,"(datetime.datetime(2026, 9, 29, 15, 44, 12, 17000),)",2a3c600a
408278751,-778751227,2981,0:31:26.160000,"(datetime.datetime(2026, 9, 29, 15, 44, 12, 114000),)",2a3c600a
408276476,-778745544,2961,0:31:26.190000,"(datetime.datetime(2026, 9, 29, 15, 44, 12, 148000),)",2a3c600d
408278824,-778751379,2982,0:31:26.260000,"(datetime.datetime(2026, 9, 29, 15, 44, 12, 214000),)",2a3c600a
408276455,-778745751,2965,0:31:26.280000,"(datetime.datetime(2026, 9, 29, 15, 44, 12, 238000),)",2a3c600d
408276511,-778745920,2965,0:31:26.310000,"(datetime.datetime(2026, 9, 29, 15, 44, 12, 262000),)",2a3c600d
408278898,-778751518,2983,0:31:26.360000,"(datetime.datetime(2026, 9, 29, 15, 44, 12, 314000),)",2a3c600a
408276569,-778746076,2966,0:31:26.390000,"(datetime.datetime(2026, 9, 29, 15, 44, 12, 343000),)",2a3c600d
408278958,-778751659,2981,0:31:26.460000,"(datetime.datetime(2026, 9, 29, 15, 44, 12, 413000),)",2a3c600a
408276663,-778746216,2968,0:31:26.490000,"(datetime.datetime(2026, 9, 29, 15, 44, 12, 446000),)",2a3c600d
408279030,-778751812,2983,0:31:26.560000,"(datetime.datetime(2026, 9, 29, 15, 44, 12, 513000),)",2a3c600a
408279101,-778751954,2983,0:31:26.670000,"(datetime.datetime(2026, 9, 29, 15, 44, 12, 622000),)",2a3c600a
408276728,-778746378,2969,0:31:26.690000,"(datetime.datetime(2026, 9, 29, 15, 44, 12, 646000),)",2a3c600d
408276791,-778746535,2969,0:31:26.720000,"(datetime.datetime(2026, 9, 29, 15, 44, 12, 680000),)",2a3c600d
408279174,-778752099,2983,0:31:26.760000,"(datetime.datetime(2026, 9, 29, 15, 44, 12, 713000),)",2a3c600a
408279241,-778752243,2985,0:31:26.860000,"(datetime.datetime(2026, 9, 29, 15, 44, 12, 814000),)",2a3c600a
408276856,-778746703,2970,0:31:26.880000,"(datetime.datetime(2026, 9, 29, 15, 44, 12, 837000),)",2a3c600d
408279310,-778752391,2985,0:31:26.960000,"(datetime.datetime(2026, 9, 29, 15, 44, 12, 915000),)",2a3c600a
408276907,-778746863,2970,0:31:26.980000,"(datetime.datetime(2026, 9, 29, 15, 44, 12, 939000),)",2a3c600d
408279372,-778752538,2986,0:31:27.060000,"(datetime.datetime(2026, 9, 29, 15, 44, 13, 13000),)",2a3c600a
408276969,-778747018,2970,0:31:27.080000,"(datetime.datetime(2026, 9, 29, 15, 44, 13, 35000),)",2a3c600d
408279444,-778752683,2987,0:31:27.170000,"(datetime.datetime(2026, 9, 29, 15, 44, 13, 124000),)",2a3c600a
408277064,-778747161,2970,0:31:27.200000,"(datetime.datetime(2026, 9, 29, 15, 44, 13, 154000),)",2a3c600d
408279525,-778752823,2987,0:31:27.260000,"(datetime.datetime(2026, 9, 29, 15, 44, 13, 214000),)",2a3c600a
408277143,-778747313,2970,0:31:27.280000,"(datetime.datetime(2026, 9, 29, 15, 44, 13, 232000),)",2a3c600d
408277199,-778747467,2970,0:31:27.290000,"(datetime.datetime(2026, 9, 29, 15, 44, 13, 246000),)",2a3c600d
408279599,-778752968,2990,0:31:27.360000,"(datetime.datetime(2026, 9, 29, 15, 44, 13, 313000),)",2a3c600a
408277270,-778747612,2970,0:31:27.390000,"(datetime.datetime(2026, 9, 29, 15, 44, 13, 349000),)",2a3c600d
408279667,-778753110,2990,0:31:27.460000,"(datetime.datetime(2026, 9, 29, 15, 44, 13, 415000),)",2a3c600a
408277334,-778747767,2971,0:31:27.480000,"(datetime.datetime(2026, 9, 29, 15, 44, 13, 437000),)",2a3c600d
408279746,-778753259,2992,0:31:27.560000,"(datetime.datetime(2026, 9, 29, 15, 44, 13, 513000),)",2a3c600a
408277394,-778747915,2971,0:31:27.570000,"(datetime.datetime(2026, 9, 29, 15, 44, 13, 530000),)",2a3c600d
408279809,-778753403,2991,0:31:27.660000,"(datetime.datetime(2026, 9, 29, 15, 44, 13, 616000),)",2a3c600a
408277456,-778748074,2971,0:31:27.690000,"(datetime.datetime(2026, 9, 29, 15, 44, 13, 647000),)",2a3c600d
408279881,-778753552,2991,0:31:27.760000,"(datetime.datetime(2026, 9, 29, 15, 44, 13, 713000),)",2a3c600a
408277515,-778748223,2971,0:31:27.780000,"(datetime.datetime(2026, 9, 29, 15, 44, 13, 731000),)",2a3c600d
408279945,-778753698,2992,0:31:27.860000,"(datetime.datetime(2026, 9, 29, 15, 44, 13, 817000),)",2a3c600a
408277585,-778748373,2971,0:31:27.880000,"(datetime.datetime(2026, 9, 29, 15, 44, 13, 837000),)",2a3c600d
408280020,-778753841,2992,0:31:28.280000,"(datetime.datetime(2026, 9, 29, 15, 44, 14, 239000),)",2a3c600a
408277656,-778748515,2972,0:31:28.440000,"(datetime.datetime(2026, 9, 29, 15, 44, 14, 399000),)",2a3c600d
408280086,-778753984,2989,0:31:28.630000,"(datetime.datetime(2026, 9, 29, 15, 44, 14, 588000),)",2a3c600a
408277719,-778748666,2973,0:31:28.720000,"(datetime.datetime(2026, 9, 29, 15, 44, 14, 679000),)",2a3c600d
408280166,-778754126,2989,0:31:28.860000,"(datetime.datetime(2026, 9, 29, 15, 44, 14, 812000),)",2a3c600a
408277797,-778748798,2972,0:31:28.920000,"(datetime.datetime(2026, 9, 29, 15, 44, 14, 876000),)",2a3c600d
408280244,-778754270,2989,0:31:29.040000,"(datetime.datetime(2026, 9, 29, 15, 44, 14, 995000),)",2a3c600a
408277863,-778748943,2972,0:31:29.180000,"(datetime.datetime(2026, 9, 29, 15, 44, 15, 133000),)",2a3c600d
408280316,-778754434,2991,0:31:29.240000,"(datetime.datetime(2026, 9, 29, 15, 44, 15, 192000),)",2a3c600a
408277936,-778749080,2972,0:31:29.250000,"(datetime.datetime(2026, 9, 29, 15, 44, 15, 206000),)",2a3c600d
408280389,-778754583,2992,0:31:29.320000,"(datetime.datetime(2026, 9, 29, 15, 44, 15, 274000),)",2a3c600a
408277996,-778749223,2974,0:31:29.450000,"(datetime.datetime(2026, 9, 29, 15, 44, 15, 401000),)",2a3c600d
408280460,-778754738,2992,0:31:29.630000,"(datetime.datetime(2026, 9, 29, 15, 44, 15, 584000),)",2a3c600a
408277996,-778749223,2974,0:31:29.740000,"(datetime.datetime(2026, 9, 29, 15, 44, 15, 697000),)",2a3c600d
408280525,-778754878,2993,0:31:29.840000,"(datetime.datetime(2026, 9, 29, 15, 44, 15, 797000),)",2a3c600a
408278071,-778749361,2974,0:31:29.950000,"(datetime.datetime(2026, 9, 29, 15, 44, 15, 901000),)",2a3c600d
408280601,-778755027,2994,0:31:30.090000,"(datetime.datetime(2026, 9, 29, 15, 44, 16, 47000),)",2a3c600a
408278139,-778749503,2974,0:31:30.150000,"(datetime.datetime(2026, 9, 29, 15, 44, 16, 104000),)",2a3c600d
408280672,-778755181,2994,0:31:30.300000,"(datetime.datetime(2026, 9, 29, 15, 44, 16, 251000),)",2a3c600a
408278203,-778749642,2975,0:31:30.360000,"(datetime.datetime(2026, 9, 29, 15, 44, 16, 313000),)",2a3c600d
408280749,-778755333,2994,0:31:30.450000,"(datetime.datetime(2026, 9, 29, 15, 44, 16, 403000),)",2a3c600a
408278270,-778749776,2976,0:31:30.650000,"(datetime.datetime(2026, 9, 29, 15, 44, 16, 606000),)",2a3c600d
408280817,-778755485,2994,0:31:30.760000,"(datetime.datetime(2026, 9, 29, 15, 44, 16, 715000),)",2a3c600a
408278338,-778749921,2976,0:31:30.770000,"(datetime.datetime(2026, 9, 29, 15, 44, 16, 730000),)",2a3c600d
408280888,-778755635,2995,0:31:30.820000,"(datetime.datetime(2026, 9, 29, 15, 44, 16, 778000),)",2a3c600a
408278404,-778750053,2978,0:31:30.840000,"(datetime.datetime(2026, 9, 29, 15, 44, 16, 792000),)",2a3c600d
408280970,-778755784,2996,0:31:30.850000,"(datetime.datetime(2026, 9, 29, 15, 44, 16, 806000),)",2a3c600a
408278530,-778750349,2980,0:31:30.890000,"(datetime.datetime(2026, 9, 29, 15, 44, 16, 847000),)",2a3c600d
408281036,-778755934,2997,0:31:30.910000,"(datetime.datetime(2026, 9, 29, 15, 44, 16, 868000),)",2a3c600a
408278607,-778750486,2979,0:31:30.950000,"(datetime.datetime(2026, 9, 29, 15, 44, 16, 905000),)",2a3c600d
408281111,-778756088,2996,0:31:30.960000,"(datetime.datetime(2026, 9, 29, 15, 44, 16, 919000),)",2a3c600a
408278676,-778750627,2979,0:31:31.010000,"(datetime.datetime(2026, 9, 29, 15, 44, 16, 967000),)",2a3c600d
408281182,-778756235,2997,0:31:31.030000,"(datetime.datetime(2026, 9, 29, 15, 44, 16, 982000),)",2a3c600a
408278727,-778750780,2980,0:31:31.070000,"(datetime.datetime(2026, 9, 29, 15, 44, 17, 27000),)",2a3c600d
408281255,-778756403,2999,0:31:31.090000,"(datetime.datetime(2026, 9, 29, 15, 44, 17, 41000),)",2a3c600a
408278804,-778750920,2980,0:31:31.100000,"(datetime.datetime(2026, 9, 29, 15, 44, 17, 54000),)",2a3c600d
408281327,-778756546,2998,0:31:31.150000,"(datetime.datetime(2026, 9, 29, 15, 44, 17, 101000),)",2a3c600a
408278880,-778751055,2981,0:31:31.160000,"(datetime.datetime(2026, 9, 29, 15, 44, 17, 117000),)",2a3c600d
408281397,-778756703,2999,0:31:31.210000,"(datetime.datetime(2026, 9, 29, 15, 44, 17, 170000),)",2a3c600a
408278946,-778751191,2981,0:31:31.230000,"(datetime.datetime(2026, 9, 29, 15, 44, 17, 185000),)",2a3c600d
408281467,-778756853,2999,0:31:31.290000,"(datetime.datetime(2026, 9, 29, 15, 44, 17, 240000),)",2a3c600a
408279003,-778751342,2982,0:31:31.310000,"(datetime.datetime(2026, 9, 29, 15, 44, 17, 261000),)",2a3c600d
408281537,-778757015,3001,0:31:31.340000,"(datetime.datetime(2026, 9, 29, 15, 44, 17, 300000),)",2a3c600a
408279003,-778751342,2982,0:31:31.370000,"(datetime.datetime(2026, 9, 29, 15, 44, 17, 328000),)",2a3c600d
408281610,-778757173,3001,0:31:31.400000,"(datetime.datetime(2026, 9, 29, 15, 44, 17, 358000),)",2a3c600a
408279076,-778751479,2983,0:31:31.420000,"(datetime.datetime(2026, 9, 29, 15, 44, 17, 371000),)",2a3c600d
408281691,-778757328,3002,0:31:31.430000,"(datetime.datetime(2026, 9, 29, 15, 44, 17, 385000),)",2a3c600a
408279150,-778751614,2984,0:31:31.480000,"(datetime.datetime(2026, 9, 29, 15, 44, 17, 431000),)",2a3c600d
408281757,-778757488,3002,0:31:31.490000,"(datetime.datetime(2026, 9, 29, 15, 44, 17, 445000),)",2a3c600a
408279222,-778751752,2984,0:31:31.500000,"(datetime.datetime(2026, 9, 29, 15, 44, 17, 459000),)",2a3c600d
408281838,-778757635,3002,0:31:31.550000,"(datetime.datetime(2026, 9, 29, 15, 44, 17, 504000),)",2a3c600a
408279290,-778751893,2985,0:31:31.560000,"(datetime.datetime(2026, 9, 29, 15, 44, 17, 518000),)",2a3c600d
408281909,-778757791,3001,0:31:31.580000,"(datetime.datetime(2026, 9, 29, 15, 44, 17, 532000),)",2a3c600a
408279355,-778752038,2985,0:31:31.630000,"(datetime.datetime(2026, 9, 29, 15, 44, 17, 587000),)",2a3c600d
408281976,-778757953,3004,0:31:31.650000,"(datetime.datetime(2026, 9, 29, 15, 44, 17, 603000),)",2a3c600a
408279427,-778752178,2986,0:31:31.700000,"(datetime.datetime(2026, 9, 29, 15, 44, 17, 652000),)",2a3c600d
408282055,-778758108,3004,0:31:31.710000,"(datetime.datetime(2026, 9, 29, 15, 44, 17, 668000),)",2a3c600a
408279491,-778752330,2986,0:31:31.770000,"(datetime.datetime(2026, 9, 29, 15, 44, 17, 724000),)",2a3c600d
408282128,-778758262,3003,0:31:31.790000,"(datetime.datetime(2026, 9, 29, 15, 44, 17, 745000),)",2a3c600a
408279564,-778752462,2986,0:31:31.830000,"(datetime.datetime(2026, 9, 29, 15, 44, 17, 782000),)",2a3c600d
408282200,-778758418,3003,0:31:31.850000,"(datetime.datetime(2026, 9, 29, 15, 44, 17, 802000),)",2a3c600a
408279639,-778752605,2987,0:31:31.880000,"(datetime.datetime(2026, 9, 29, 15, 44, 17, 839000),)",2a3c600d
408282274,-778758580,3005,0:31:31.900000,"(datetime.datetime(2026, 9, 29, 15, 44, 17, 856000),)",2a3c600a
408279705,-778752744,2986,0:31:31.950000,"(datetime.datetime(2026, 9, 29, 15, 44, 17, 907000),)",2a3c600d
408282350,-778758738,3005,0:31:31.980000,"(datetime.datetime(2026, 9, 29, 15, 44, 17, 932000),)",2a3c600a
408279775,-778752888,2987,0:31:32,"(datetime.datetime(2026, 9, 29, 15, 44, 17, 960000),)",2a3c600d
408282426,-778758899,3007,0:31:32.020000,"(datetime.datetime(2026, 9, 29, 15, 44, 17, 974000),)",2a3c600a
408279844,-778753033,2987,0:31:32.030000,"(datetime.datetime(2026, 9, 29, 15, 44, 17, 987000),)",2a3c600d
408282499,-778759055,3008,0:31:32.080000,"(datetime.datetime(2026, 9, 29, 15, 44, 18, 36000),)",2a3c600a
408279905,-778753172,2987,0:31:32.100000,"(datetime.datetime(2026, 9, 29, 15, 44, 18, 58000),)",2a3c600d
408282569,-778759213,3008,0:31:32.150000,"(datetime.datetime(2026, 9, 29, 15, 44, 18, 105000),)",2a3c600a
408279973,-778753310,2988,0:31:32.170000,"(datetime.datetime(2026, 9, 29, 15, 44, 18, 122000),)",2a3c600d
408282647,-778759376,3007,0:31:32.210000,"(datetime.datetime(2026, 9, 29, 15, 44, 18, 166000),)",2a3c600a
408280037,-778753457,2988,0:31:32.230000,"(datetime.datetime(2026, 9, 29, 15, 44, 18, 181000),)",2a3c600d
408282723,-778759536,3009,0:31:32.280000,"(datetime.datetime(2026, 9, 29, 15, 44, 18, 235000),)",2a3c600a
408280108,-778753592,2989,0:31:32.300000,"(datetime.datetime(2026, 9, 29, 15, 44, 18, 251000),)",2a3c600d
408282799,-778759699,3009,0:31:32.340000,"(datetime.datetime(2026, 9, 29, 15, 44, 18, 297000),)",2a3c600a
408280174,-778753733,2990,0:31:32.360000,"(datetime.datetime(2026, 9, 29, 15, 44, 18, 311000),)",2a3c600d
408282875,-778759849,3008,0:31:32.370000,"(datetime.datetime(2026, 9, 29, 15, 44, 18, 327000),)",2a3c600a
408280236,-778753875,2990,0:31:32.420000,"(datetime.datetime(2026, 9, 29, 15, 44, 18, 376000),)",2a3c600d
408282950,-778760020,3009,0:31:32.430000,"(datetime.datetime(2026, 9, 29, 15, 44, 18, 390000),)",2a3c600a
408280315,-778754013,2990,0:31:32.450000,"(datetime.datetime(2026, 9, 29, 15, 44, 18, 403000),)",2a3c600d
408283022,-778760187,3009,0:31:32.510000,"(datetime.datetime(2026, 9, 29, 15, 44, 18, 465000),)",2a3c600a
408280379,-778754157,2990,0:31:32.540000,"(datetime.datetime(2026, 9, 29, 15, 44, 18, 491000),)",2a3c600d
408283101,-778760348,3010,0:31:32.570000,"(datetime.datetime(2026, 9, 29, 15, 44, 18, 524000),)",2a3c600a
408280441,-778754303,2991,0:31:32.580000,"(datetime.datetime(2026, 9, 29, 15, 44, 18, 539000),)",2a3c600d
408283180,-778760510,3011,0:31:32.640000,"(datetime.datetime(2026, 9, 29, 15, 44, 18, 599000),)",2a3c600a
408280507,-778754440,2992,0:31:32.660000,"(datetime.datetime(2026, 9, 29, 15, 44, 18, 613000),)",2a3c600d
408283258,-778760681,3011,0:31:32.670000,"(datetime.datetime(2026, 9, 29, 15, 44, 18, 627000),)",2a3c600a
408280578,-778754583,2993,0:31:32.720000,"(datetime.datetime(2026, 9, 29, 15, 44, 18, 676000),)",2a3c600d
408283334,-778760848,3012,0:31:32.740000,"(datetime.datetime(2026, 9, 29, 15, 44, 18, 691000),)",2a3c600a
408280643,-778754729,2993,0:31:32.790000,"(datetime.datetime(2026, 9, 29, 15, 44, 18, 740000),)",2a3c600d
408283409,-778761012,3011,0:31:32.800000,"(datetime.datetime(2026, 9, 29, 15, 44, 18, 754000),)",2a3c600a
408280710,-778754874,2994,0:31:32.840000,"(datetime.datetime(2026, 9, 29, 15, 44, 18, 799000),)",2a3c600d
408283484,-778761181,3011,0:31:32.860000,"(datetime.datetime(2026, 9, 29, 15, 44, 18, 814000),)",2a3c600a
408280778,-778755026,2994,0:31:32.910000,"(datetime.datetime(2026, 9, 29, 15, 44, 18, 866000),)",2a3c600d
408283562,-778761349,3012,0:31:32.920000,"(datetime.datetime(2026, 9, 29, 15, 44, 18, 880000),)",2a3c600a
408280850,-778755174,2994,0:31:32.940000,"(datetime.datetime(2026, 9, 29, 15, 44, 18, 894000),)",2a3c600d
408283641,-778761520,3012,0:31:32.980000,"(datetime.datetime(2026, 9, 29, 15, 44, 18, 938000),)",2a3c600a
408280911,-778755324,2994,0:31:33,"(datetime.datetime(2026, 9, 29, 15, 44, 18, 951000),)",2a3c600d
408283715,-778761693,3012,0:31:33.010000,"(datetime.datetime(2026, 9, 29, 15, 44, 18, 967000),)",2a3c600a
408280981,-778755472,2995,0:31:33.060000,"(datetime.datetime(2026, 9, 29, 15, 44, 19, 12000),)",2a3c600d
408283786,-778761869,3016,0:31:33.070000,"(datetime.datetime(2026, 9, 29, 15, 44, 19, 26000),)",2a3c600a
408281055,-778755620,2995,0:31:33.080000,"(datetime.datetime(2026, 9, 29, 15, 44, 19, 39000),)",2a3c600d
408283865,-778762040,3017,0:31:33.140000,"(datetime.datetime(2026, 9, 29, 15, 44, 19, 97000),)",2a3c600a
408281119,-778755777,2996,0:31:33.160000,"(datetime.datetime(2026, 9, 29, 15, 44, 19, 114000),)",2a3c600d
408283943,-778762216,3017,0:31:33.240000,"(datetime.datetime(2026, 9, 29, 15, 44, 19, 200000),)",2a3c600a
408281194,-778755917,2997,0:31:33.270000,"(datetime.datetime(2026, 9, 29, 15, 44, 19, 224000),)",2a3c600d
408284026,-778762384,3016,0:31:33.330000,"(datetime.datetime(2026, 9, 29, 15, 44, 19, 290000),)",2a3c600a
408281267,-778756074,2997,0:31:33.360000,"(datetime.datetime(2026, 9, 29, 15, 44, 19, 311000),)",2a3c600d
408284102,-778762552,3017,0:31:33.440000,"(datetime.datetime(2026, 9, 29, 15, 44, 19, 392000),)",2a3c600a
408281338,-778756230,2998,0:31:33.460000,"(datetime.datetime(2026, 9, 29, 15, 44, 19, 412000),)",2a3c600d
408284186,-778762727,3017,0:31:33.540000,"(datetime.datetime(2026, 9, 29, 15, 44, 19, 492000),)",2a3c600a
408281408,-778756380,2999,0:31:33.560000,"(datetime.datetime(2026, 9, 29, 15, 44, 19, 513000),)",2a3c600d
408284264,-778762901,3017,0:31:33.630000,"(datetime.datetime(2026, 9, 29, 15, 44, 19, 589000),)",2a3c600a
408281477,-778756539,2999,0:31:33.660000,"(datetime.datetime(2026, 9, 29, 15, 44, 19, 616000),)",2a3c600d
408284350,-778763069,3017,0:31:33.740000,"(datetime.datetime(2026, 9, 29, 15, 44, 19, 691000),)",2a3c600a
408281549,-778756702,2999,0:31:33.760000,"(datetime.datetime(2026, 9, 29, 15, 44, 19, 718000),)",2a3c600d
408284430,-778763242,3016,0:31:33.840000,"(datetime.datetime(2026, 9, 29, 15, 44, 19, 793000),)",2a3c600a
408281624,-778756853,3000,0:31:33.870000,"(datetime.datetime(2026, 9, 29, 15, 44, 19, 823000),)",2a3c600d
408284511,-778763421,3016,0:31:33.930000,"(datetime.datetime(2026, 9, 29, 15, 44, 19, 889000),)",2a3c600a
408281697,-778757012,2999,0:31:33.960000,"(datetime.datetime(2026, 9, 29, 15, 44, 19, 920000),)",2a3c600d
408284594,-778763592,3016,0:31:34.050000,"(datetime.datetime(2026, 9, 29, 15, 44, 20, 6000),)",2a3c600a
408281764,-778757175,3000,0:31:34.070000,"(datetime.datetime(2026, 9, 29, 15, 44, 20, 29000),)",2a3c600d
408284677,-778763765,3016,0:31:34.130000,"(datetime.datetime(2026, 9, 29, 15, 44, 20, 89000),)",2a3c600a
408281829,-778757334,3001,0:31:34.160000,"(datetime.datetime(2026, 9, 29, 15, 44, 20, 115000),)",2a3c600d
408284752,-778763948,3016,0:31:34.240000,"(datetime.datetime(2026, 9, 29, 15, 44, 20, 193000),)",2a3c600a
408281907,-778757486,3001,0:31:34.260000,"(datetime.datetime(2026, 9, 29, 15, 44, 20, 219000),)",2a3c600d
408284832,-778764133,3016,0:31:34.340000,"(datetime.datetime(2026, 9, 29, 15, 44, 20, 290000),)",2a3c600a
408281977,-778757645,3001,0:31:34.360000,"(datetime.datetime(2026, 9, 29, 15, 44, 20, 313000),)",2a3c600d
408284920,-778764306,3017,0:31:34.430000,"(datetime.datetime(2026, 9, 29, 15, 44, 20, 390000),)",2a3c600a
408282050,-778757810,3001,0:31:34.460000,"(datetime.datetime(2026, 9, 29, 15, 44, 20, 414000),)",2a3c600d
408285010,-778764485,3016,0:31:34.530000,"(datetime.datetime(2026, 9, 29, 15, 44, 20, 490000),)",2a3c600a
408282127,-778757964,3003,0:31:34.560000,"(datetime.datetime(2026, 9, 29, 15, 44, 20, 511000),)",2a3c600d
408285091,-778764657,3016,0:31:34.630000,"(datetime.datetime(2026, 9, 29, 15, 44, 20, 590000),)",2a3c600a
408282200,-778758123,3002,0:31:34.660000,"(datetime.datetime(2026, 9, 29, 15, 44, 20, 619000),)",2a3c600d
408285165,-778764848,3017,0:31:34.730000,"(datetime.datetime(2026, 9, 29, 15, 44, 20, 690000),)",2a3c600a
408282279,-778758282,3003,0:31:34.760000,"(datetime.datetime(2026, 9, 29, 15, 44, 20, 712000),)",2a3c600d
408285257,-778765025,3016,0:31:34.840000,"(datetime.datetime(2026, 9, 29, 15, 44, 20, 791000),)",2a3c600a
408282350,-778758445,3003,0:31:34.870000,"(datetime.datetime(2026, 9, 29, 15, 44, 20, 827000),)",2a3c600d
408285332,-778765212,3018,0:31:34.930000,"(datetime.datetime(2026, 9, 29, 15, 44, 20, 890000),)",2a3c600a
408282421,-778758609,3004,0:31:34.970000,"(datetime.datetime(2026, 9, 29, 15, 44, 20, 925000),)",2a3c600d
408285424,-778765382,3017,0:31:35.030000,"(datetime.datetime(2026, 9, 29, 15, 44, 20, 990000),)",2a3c600a
408282497,-778758776,3003,0:31:35.060000,"(datetime.datetime(2026, 9, 29, 15, 44, 21, 13000),)",2a3c600d
408285507,-778765562,3017,0:31:35.130000,"(datetime.datetime(2026, 9, 29, 15, 44, 21, 90000),)",2a3c600a
408282571,-778758932,3004,0:31:35.160000,"(datetime.datetime(2026, 9, 29, 15, 44, 21, 118000),)",2a3c600d
408285590,-778765737,3018,0:31:35.240000,"(datetime.datetime(2026, 9, 29, 15, 44, 21, 191000),)",2a3c600a
408282652,-778759091,3004,0:31:35.260000,"(datetime.datetime(2026, 9, 29, 15, 44, 21, 211000),)",2a3c600d
408285671,-778765915,3016,0:31:35.340000,"(datetime.datetime(2026, 9, 29, 15, 44, 21, 291000),)",2a3c600a
408282722,-778759258,3004,0:31:35.360000,"(datetime.datetime(2026, 9, 29, 15, 44, 21, 311000),)",2a3c600d
408285764,-778766094,3016,0:31:35.440000,"(datetime.datetime(2026, 9, 29, 15, 44, 21, 392000),)",2a3c600a
408282796,-778759419,3004,0:31:35.470000,"(datetime.datetime(2026, 9, 29, 15, 44, 21, 423000),)",2a3c600d
408285853,-778766269,3015,0:31:35.540000,"(datetime.datetime(2026, 9, 29, 15, 44, 21, 500000),)",2a3c600a
408282874,-778759581,3005,0:31:35.570000,"(datetime.datetime(2026, 9, 29, 15, 44, 21, 525000),)",2a3c600d
408285950,-778766441,3016,0:31:35.630000,"(datetime.datetime(2026, 9, 29, 15, 44, 21, 589000),)",2a3c600a
408282942,-778759744,3005,0:31:35.660000,"(datetime.datetime(2026, 9, 29, 15, 44, 21, 611000),)",2a3c600d
408286033,-778766626,3016,0:31:35.730000,"(datetime.datetime(2026, 9, 29, 15, 44, 21, 689000),)",2a3c600a
408283025,-778759906,3005,0:31:35.760000,"(datetime.datetime(2026, 9, 29, 15, 44, 21, 712000),)",2a3c600d
408286122,-778766808,3016,0:31:35.830000,"(datetime.datetime(2026, 9, 29, 15, 44, 21, 790000),)",2a3c600a
408283099,-778760062,3006,0:31:35.860000,"(datetime.datetime(2026, 9, 29, 15, 44, 21, 817000),)",2a3c600d
408286222,-778766984,3016,0:31:35.930000,"(datetime.datetime(2026, 9, 29, 15, 44, 21, 890000),)",2a3c600a
408283170,-778760232,3007,0:31:35.970000,"(datetime.datetime(2026, 9, 29, 15, 44, 21, 921000),)",2a3c600d
408286314,-778767161,3016,0:31:36.030000,"(datetime.datetime(2026, 9, 29, 15, 44, 21, 990000),)",2a3c600a
408283242,-778760397,3007,0:31:36.060000,"(datetime.datetime(2026, 9, 29, 15, 44, 22, 17000),)",2a3c600d
408286409,-778767338,3016,0:31:36.130000,"(datetime.datetime(2026, 9, 29, 15, 44, 22, 90000),)",2a3c600a
408283317,-778760559,3007,0:31:36.170000,"(datetime.datetime(2026, 9, 29, 15, 44, 22, 125000),)",2a3c600d
408286498,-778767518,3015,0:31:36.240000,"(datetime.datetime(2026, 9, 29, 15, 44, 22, 193000),)",2a3c600a
408283391,-778760728,3008,0:31:36.260000,"(datetime.datetime(2026, 9, 29, 15, 44, 22, 219000),)",2a3c600d
408286591,-778767701,3015,0:31:36.330000,"(datetime.datetime(2026, 9, 29, 15, 44, 22, 290000),)",2a3c600a
408283470,-778760877,3008,0:31:36.360000,"(datetime.datetime(2026, 9, 29, 15, 44, 22, 310000),)",2a3c600d
408286691,-778767880,3015,0:31:36.430000,"(datetime.datetime(2026, 9, 29, 15, 44, 22, 390000),)",2a3c600a
408283554,-778761043,3007,0:31:36.460000,"(datetime.datetime(2026, 9, 29, 15, 44, 22, 418000),)",2a3c600d
408286785,-778768062,3014,0:31:36.540000,"(datetime.datetime(2026, 9, 29, 15, 44, 22, 493000),)",2a3c600a
408283624,-778761203,3007,0:31:36.560000,"(datetime.datetime(2026, 9, 29, 15, 44, 22, 511000),)",2a3c600d
408286883,-778768244,3015,0:31:36.640000,"(datetime.datetime(2026, 9, 29, 15, 44, 22, 591000),)",2a3c600a
408283703,-778761369,3007,0:31:36.660000,"(datetime.datetime(2026, 9, 29, 15, 44, 22, 612000),)",2a3c600d
408286982,-778768422,3013,0:31:36.730000,"(datetime.datetime(2026, 9, 29, 15, 44, 22, 689000),)",2a3c600a
408283779,-778761529,3007,0:31:36.760000,"(datetime.datetime(2026, 9, 29, 15, 44, 22, 711000),)",2a3c600d
408287080,-778768607,3014,0:31:36.850000,"(datetime.datetime(2026, 9, 29, 15, 44, 22, 801000),)",2a3c600a
408283851,-778761697,3007,0:31:36.870000,"(datetime.datetime(2026, 9, 29, 15, 44, 22, 825000),)",2a3c600d
408287182,-778768791,3013,0:31:36.930000,"(datetime.datetime(2026, 9, 29, 15, 44, 22, 890000),)",2a3c600a
408283929,-778761857,3006,0:31:36.960000,"(datetime.datetime(2026, 9, 29, 15, 44, 22, 913000),)",2a3c600d
408287286,-778768963,3012,0:31:37.030000,"(datetime.datetime(2026, 9, 29, 15, 44, 22, 990000),)",2a3c600a
408284011,-778762011,3007,0:31:37.060000,"(datetime.datetime(2026, 9, 29, 15, 44, 23, 11000),)",2a3c600d
408287389,-778769147,3012,0:31:37.140000,"(datetime.datetime(2026, 9, 29, 15, 44, 23, 92000),)",2a3c600a
408284086,-778762174,3008,0:31:37.160000,"(datetime.datetime(2026, 9, 29, 15, 44, 23, 111000),)",2a3c600d
408287488,-778769332,3011,0:31:37.230000,"(datetime.datetime(2026, 9, 29, 15, 44, 23, 189000),)",2a3c600a
408284171,-778762333,3008,0:31:37.260000,"(datetime.datetime(2026, 9, 29, 15, 44, 23, 211000),)",2a3c600d
408287597,-778769519,3010,0:31:37.330000,"(datetime.datetime(2026, 9, 29, 15, 44, 23, 290000),)",2a3c600a
408284247,-778762496,3007,0:31:37.360000,"(datetime.datetime(2026, 9, 29, 15, 44, 23, 311000),)",2a3c600d
408287706,-778769699,3009,0:31:37.440000,"(datetime.datetime(2026, 9, 29, 15, 44, 23, 392000),)",2a3c600a
408284324,-778762660,3008,0:31:37.460000,"(datetime.datetime(2026, 9, 29, 15, 44, 23, 416000),)",2a3c600d
408287810,-778769885,3010,0:31:37.540000,"(datetime.datetime(2026, 9, 29, 15, 44, 23, 498000),)",2a3c600a
408284400,-778762824,3008,0:31:37.560000,"(datetime.datetime(2026, 9, 29, 15, 44, 23, 516000),)",2a3c600d
408287919,-778770068,3009,0:31:37.640000,"(datetime.datetime(2026, 9, 29, 15, 44, 23, 591000),)",2a3c600a
408284476,-778762986,3008,0:31:37.660000,"(datetime.datetime(2026, 9, 29, 15, 44, 23, 617000),)",2a3c600d
408288027,-778770253,3010,0:31:37.740000,"(datetime.datetime(2026, 9, 29, 15, 44, 23, 692000),)",2a3c600a
408284555,-778763150,3008,0:31:37.760000,"(datetime.datetime(2026, 9, 29, 15, 44, 23, 715000),)",2a3c600d
408288135,-778770438,3009,0:31:37.830000,"(datetime.datetime(2026, 9, 29, 15, 44, 23, 790000),)",2a3c600a
408284631,-778763317,3008,0:31:37.860000,"(datetime.datetime(2026, 9, 29, 15, 44, 23, 811000),)",2a3c600d
408288248,-778770622,3009,0:31:37.940000,"(datetime.datetime(2026, 9, 29, 15, 44, 23, 891000),)",2a3c600a
408284711,-778763479,3008,0:31:37.960000,"(datetime.datetime(2026, 9, 29, 15, 44, 23, 917000),)",2a3c600d
408288360,-778770809,3009,0:31:38.040000,"(datetime.datetime(2026, 9, 29, 15, 44, 23, 992000),)",2a3c600a
408284787,-778763638,3009,0:31:38.060000,"(datetime.datetime(2026, 9, 29, 15, 44, 24, 13000),)",2a3c600d
408288471,-778770993,3008,0:31:38.140000,"(datetime.datetime(2026, 9, 29, 15, 44, 24, 91000),)",2a3c600a
408284864,-778763810,3008,0:31:38.160000,"(datetime.datetime(2026, 9, 29, 15, 44, 24, 118000),)",2a3c600d
408288579,-778771177,3008,0:31:38.230000,"(datetime.datetime(2026, 9, 29, 15, 44, 24, 190000),)",2a3c600a
408284950,-778763969,3009,0:31:38.260000,"(datetime.datetime(2026, 9, 29, 15, 44, 24, 217000),)",2a3c600d
408288699,-778771370,3008,0:31:38.340000,"(datetime.datetime(2026, 9, 29, 15, 44, 24, 290000),)",2a3c600a
408285037,-778764123,3009,0:31:38.360000,"(datetime.datetime(2026, 9, 29, 15, 44, 24, 312000),)",2a3c600d
408288814,-778771553,3008,0:31:38.440000,"(datetime.datetime(2026, 9, 29, 15, 44, 24, 391000),)",2a3c600a
408285115,-778764287,3009,0:31:38.460000,"(datetime.datetime(2026, 9, 29, 15, 44, 24, 418000),)",2a3c600d
408288930,-778771734,3007,0:31:38.540000,"(datetime.datetime(2026, 9, 29, 15, 44, 24, 491000),)",2a3c600a
408285195,-778764448,3009,0:31:38.560000,"(datetime.datetime(2026, 9, 29, 15, 44, 24, 512000),)",2a3c600d
408289048,-778771928,3007,0:31:38.630000,"(datetime.datetime(2026, 9, 29, 15, 44, 24, 590000),)",2a3c600a
408285280,-778764608,3008,0:31:38.660000,"(datetime.datetime(2026, 9, 29, 15, 44, 24, 617000),)",2a3c600d
408289166,-778772105,3005,0:31:38.740000,"(datetime.datetime(2026, 9, 29, 15, 44, 24, 691000),)",2a3c600a
408285361,-778764776,3008,0:31:38.760000,"(datetime.datetime(2026, 9, 29, 15, 44, 24, 717000),)",2a3c600d
408289280,-778772290,3005,0:31:38.840000,"(datetime.datetime(2026, 9, 29, 15, 44, 24, 798000),)",2a3c600a
408285449,-778764934,3008,0:31:38.860000,"(datetime.datetime(2026, 9, 29, 15, 44, 24, 815000),)",2a3c600d
408289397,-778772479,3005,0:31:38.930000,"(datetime.datetime(2026, 9, 29, 15, 44, 24, 889000),)",2a3c600a
408285531,-778765099,3008,0:31:38.960000,"(datetime.datetime(2026, 9, 29, 15, 44, 24, 911000),)",2a3c600d
408289514,-778772667,3004,0:31:39.030000,"(datetime.datetime(2026, 9, 29, 15, 44, 24, 989000),)",2a3c600a
408285604,-778765269,3008,0:31:39.060000,"(datetime.datetime(2026, 9, 29, 15, 44, 25, 11000),)",2a3c600d
408289640,-778772853,3002,0:31:39.130000,"(datetime.datetime(2026, 9, 29, 15, 44, 25, 90000),)",2a3c600a
408285689,-778765431,3007,0:31:39.160000,"(datetime.datetime(2026, 9, 29, 15, 44, 25, 111000),)",2a3c600d
408289757,-778773043,3004,0:31:39.250000,"(datetime.datetime(2026, 9, 29, 15, 44, 25, 208000),)",2a3c600a
408285777,-778765583,3008,0:31:39.290000,"(datetime.datetime(2026, 9, 29, 15, 44, 25, 244000),)",2a3c600d
408289882,-778773228,3002,0:31:39.350000,"(datetime.datetime(2026, 9, 29, 15, 44, 25, 303000),)",2a3c600a
408285858,-778765754,3008,0:31:39.360000,"(datetime.datetime(2026, 9, 29, 15, 44, 25, 318000),)",2a3c600d
408290003,-778773421,3003,0:31:39.430000,"(datetime.datetime(2026, 9, 29, 15, 44, 25, 390000),)",2a3c600a
408285947,-778765908,3007,0:31:39.480000,"(datetime.datetime(2026, 9, 29, 15, 44, 25, 431000),)",2a3c600d
408290122,-778773606,3003,0:31:39.530000,"(datetime.datetime(2026, 9, 29, 15, 44, 25, 489000),)",2a3c600a
408286033,-778766072,3007,0:31:39.570000,"(datetime.datetime(2026, 9, 29, 15, 44, 25, 526000),)",2a3c600d
408290247,-778773804,3004,0:31:39.640000,"(datetime.datetime(2026, 9, 29, 15, 44, 25, 591000),)",2a3c600a
408286118,-778766231,3007,0:31:39.660000,"(datetime.datetime(2026, 9, 29, 15, 44, 25, 611000),)",2a3c600d
408290370,-778773994,3002,0:31:39.740000,"(datetime.datetime(2026, 9, 29, 15, 44, 25, 693000),)",2a3c600a
408286203,-778766395,3006,0:31:39.760000,"(datetime.datetime(2026, 9, 29, 15, 44, 25, 718000),)",2a3c600d
408290492,-778774181,3002,0:31:39.830000,"(datetime.datetime(2026, 9, 29, 15, 44, 25, 789000),)",2a3c600a
408286290,-778766563,3007,0:31:39.860000,"(datetime.datetime(2026, 9, 29, 15, 44, 25, 811000),)",2a3c600d
408290616,-778774378,3003,0:31:39.940000,"(datetime.datetime(2026, 9, 29, 15, 44, 25, 891000),)",2a3c600a
408286376,-778766721,3007,0:31:39.960000,"(datetime.datetime(2026, 9, 29, 15, 44, 25, 916000),)",2a3c600d
408290743,-778774565,3002,0:31:40.030000,"(datetime.datetime(2026, 9, 29, 15, 44, 25, 989000),)",2a3c600a
408286472,-778766878,3005,0:31:40.060000,"(datetime.datetime(2026, 9, 29, 15, 44, 26, 13000),)",2a3c600d
408290870,-778774751,3002,0:31:40.140000,"(datetime.datetime(2026, 9, 29, 15, 44, 26, 91000),)",2a3c600a
408286552,-778767043,3005,0:31:40.160000,"(datetime.datetime(2026, 9, 29, 15, 44, 26, 117000),)",2a3c600d
408290994,-778774946,3002,0:31:40.240000,"(datetime.datetime(2026, 9, 29, 15, 44, 26, 191000),)",2a3c600a
408286641,-778767209,3005,0:31:40.260000,"(datetime.datetime(2026, 9, 29, 15, 44, 26, 219000),)",2a3c600d
408291127,-778775139,3001,0:31:40.330000,"(datetime.datetime(2026, 9, 29, 15, 44, 26, 290000),)",2a3c600a
408286728,-778767369,3005,0:31:40.370000,"(datetime.datetime(2026, 9, 29, 15, 44, 26, 324000),)",2a3c600d
408291255,-778775327,3002,0:31:40.440000,"(datetime.datetime(2026, 9, 29, 15, 44, 26, 392000),)",2a3c600a
408286817,-778767533,3005,0:31:40.460000,"(datetime.datetime(2026, 9, 29, 15, 44, 26, 411000),)",2a3c600d
408291380,-778775516,3001,0:31:40.530000,"(datetime.datetime(2026, 9, 29, 15, 44, 26, 490000),)",2a3c600a
408286911,-778767694,3004,0:31:40.560000,"(datetime.datetime(2026, 9, 29, 15, 44, 26, 513000),)",2a3c600d
408291511,-778775713,3000,0:31:40.640000,"(datetime.datetime(2026, 9, 29, 15, 44, 26, 591000),)",2a3c600a
408286997,-778767861,3003,0:31:40.660000,"(datetime.datetime(2026, 9, 29, 15, 44, 26, 614000),)",2a3c600d
408291638,-778775898,3001,0:31:40.730000,"(datetime.datetime(2026, 9, 29, 15, 44, 26, 690000),)",2a3c600a
408287086,-778768024,3002,0:31:40.770000,"(datetime.datetime(2026, 9, 29, 15, 44, 26, 721000),)",2a3c600d
408291771,-778776090,3001,0:31:40.830000,"(datetime.datetime(2026, 9, 29, 15, 44, 26, 788000),)",2a3c600a
408287182,-778768180,3002,0:31:40.860000,"(datetime.datetime(2026, 9, 29, 15, 44, 26, 812000),)",2a3c600d
408291902,-778776282,3001,0:31:40.940000,"(datetime.datetime(2026, 9, 29, 15, 44, 26, 898000),)",2a3c600a
408287276,-778768343,3002,0:31:40.970000,"(datetime.datetime(2026, 9, 29, 15, 44, 26, 923000),)",2a3c600d
408292029,-778776481,3002,0:31:41.040000,"(datetime.datetime(2026, 9, 29, 15, 44, 26, 991000),)",2a3c600a
408287364,-778768518,3001,0:31:41.060000,"(datetime.datetime(2026, 9, 29, 15, 44, 27, 12000),)",2a3c600d
408292162,-778776672,3002,0:31:41.140000,"(datetime.datetime(2026, 9, 29, 15, 44, 27, 91000),)",2a3c600a
408287460,-778768677,3001,0:31:41.160000,"(datetime.datetime(2026, 9, 29, 15, 44, 27, 114000),)",2a3c600d
408292296,-778776870,3002,0:31:41.240000,"(datetime.datetime(2026, 9, 29, 15, 44, 27, 191000),)",2a3c600a
408287557,-778768832,3001,0:31:41.260000,"(datetime.datetime(2026, 9, 29, 15, 44, 27, 213000),)",2a3c600d
408292431,-778777062,3002,0:31:41.340000,"(datetime.datetime(2026, 9, 29, 15, 44, 27, 292000),)",2a3c600a
408287655,-778768995,3000,0:31:41.360000,"(datetime.datetime(2026, 9, 29, 15, 44, 27, 318000),)",2a3c600d
408292570,-778777247,3001,0:31:41.440000,"(datetime.datetime(2026, 9, 29, 15, 44, 27, 391000),)",2a3c600a
408287748,-778769160,3000,0:31:41.460000,"(datetime.datetime(2026, 9, 29, 15, 44, 27, 411000),)",2a3c600d
408292705,-778777441,3001,0:31:41.530000,"(datetime.datetime(2026, 9, 29, 15, 44, 27, 490000),)",2a3c600a
408287849,-778769322,2999,0:31:41.570000,"(datetime.datetime(2026, 9, 29, 15, 44, 27, 523000),)",2a3c600d
408292842,-778777634,3001,0:31:41.630000,"(datetime.datetime(2026, 9, 29, 15, 44, 27, 589000),)",2a3c600a
408287947,-778769484,2998,0:31:41.660000,"(datetime.datetime(2026, 9, 29, 15, 44, 27, 618000),)",2a3c600d
408288043,-778769650,2997,0:31:41.680000,"(datetime.datetime(2026, 9, 29, 15, 44, 27, 638000),)",2a3c600d
408292979,-778777825,3002,0:31:41.740000,"(datetime.datetime(2026, 9, 29, 15, 44, 27, 696000),)",2a3c600a
408288043,-778769650,2997,0:31:41.760000,"(datetime.datetime(2026, 9, 29, 15, 44, 27, 717000),)",2a3c600d
408293115,-778778018,3002,0:31:41.830000,"(datetime.datetime(2026, 9, 29, 15, 44, 27, 790000),)",2a3c600a
408288138,-778769815,2997,0:31:41.860000,"(datetime.datetime(2026, 9, 29, 15, 44, 27, 815000),)",2a3c600d
408293253,-778778211,3002,0:31:41.940000,"(datetime.datetime(2026, 9, 29, 15, 44, 27, 890000),)",2a3c600a
408288333,-778770146,2997,0:31:41.960000,"(datetime.datetime(2026, 9, 29, 15, 44, 27, 918000),)",2a3c600d
408293387,-778778409,3003,0:31:42.040000,"(datetime.datetime(2026, 9, 29, 15, 44, 27, 993000),)",2a3c600a
408288435,-778770307,2997,0:31:42.060000,"(datetime.datetime(2026, 9, 29, 15, 44, 28, 20000),)",2a3c600d
408293529,-778778603,3003,0:31:42.130000,"(datetime.datetime(2026, 9, 29, 15, 44, 28, 89000),)",2a3c600a
408288435,-778770307,2997,0:31:42.160000,"(datetime.datetime(2026, 9, 29, 15, 44, 28, 118000),)",2a3c600d
408293667,-778778791,3004,0:31:42.240000,"(datetime.datetime(2026, 9, 29, 15, 44, 28, 190000),)",2a3c600a
408288535,-778770474,2995,0:31:42.260000,"(datetime.datetime(2026, 9, 29, 15, 44, 28, 218000),)",2a3c600d
408293800,-778778994,3004,0:31:42.330000,"(datetime.datetime(2026, 9, 29, 15, 44, 28, 290000),)",2a3c600a
408288636,-778770642,2996,0:31:42.370000,"(datetime.datetime(2026, 9, 29, 15, 44, 28, 329000),)",2a3c600d
408293949,-778779180,3005,0:31:42.430000,"(datetime.datetime(2026, 9, 29, 15, 44, 28, 390000),)",2a3c600a
408288832,-778770968,2996,0:31:42.460000,"(datetime.datetime(2026, 9, 29, 15, 44, 28, 418000),)",2a3c600d
408294088,-778779367,3005,0:31:42.530000,"(datetime.datetime(2026, 9, 29, 15, 44, 28, 490000),)",2a3c600a
408288932,-778771131,2996,0:31:42.570000,"(datetime.datetime(2026, 9, 29, 15, 44, 28, 529000),)",2a3c600d
408294225,-778779567,3005,0:31:42.650000,"(datetime.datetime(2026, 9, 29, 15, 44, 28, 601000),)",2a3c600a
408289038,-778771298,2994,0:31:42.670000,"(datetime.datetime(2026, 9, 29, 15, 44, 28, 620000),)",2a3c600d
408294370,-778779753,3006,0:31:42.730000,"(datetime.datetime(2026, 9, 29, 15, 44, 28, 690000),)",2a3c600a
408289139,-778771465,2994,0:31:42.780000,"(datetime.datetime(2026, 9, 29, 15, 44, 28, 733000),)",2a3c600d
408294507,-778779946,3006,0:31:42.830000,"(datetime.datetime(2026, 9, 29, 15, 44, 28, 790000),)",2a3c600a
408289242,-778771634,2994,0:31:42.870000,"(datetime.datetime(2026, 9, 29, 15, 44, 28, 827000),)",2a3c600d
408294653,-778780136,3006,0:31:43.230000,"(datetime.datetime(2026, 9, 29, 15, 44, 29, 189000),)",2a3c600a
408289345,-778771797,2994,0:31:43.310000,"(datetime.datetime(2026, 9, 29, 15, 44, 29, 264000),)",2a3c600d
408294794,-778780329,3007,0:31:43.390000,"(datetime.datetime(2026, 9, 29, 15, 44, 29, 349000),)",2a3c600a
408289447,-778771964,2993,0:31:43.480000,"(datetime.datetime(2026, 9, 29, 15, 44, 29, 433000),)",2a3c600d
408294938,-778780523,3008,0:31:43.670000,"(datetime.datetime(2026, 9, 29, 15, 44, 29, 628000),)",2a3c600a
408289554,-778772124,2994,0:31:43.810000,"(datetime.datetime(2026, 9, 29, 15, 44, 29, 764000),)",2a3c600d
408295082,-778780717,3010,0:31:43.870000,"(datetime.datetime(2026, 9, 29, 15, 44, 29, 825000),)",2a3c600a
408289656,-778772292,2993,0:31:43.990000,"(datetime.datetime(2026, 9, 29, 15, 44, 29, 944000),)",2a3c600d
408295224,-778780911,3010,0:31:44.080000,"(datetime.datetime(2026, 9, 29, 15, 44, 30, 31000),)",2a3c600a
408289761,-778772455,2993,0:31:44.150000,"(datetime.datetime(2026, 9, 29, 15, 44, 30, 107000),)",2a3c600d
408295367,-778781106,3010,0:31:44.190000,"(datetime.datetime(2026, 9, 29, 15, 44, 30, 144000),)",2a3c600a
408289868,-778772623,2992,0:31:44.210000,"(datetime.datetime(2026, 9, 29, 15, 44, 30, 166000),)",2a3c600d
408295509,-778781302,3011,0:31:44.290000,"(datetime.datetime(2026, 9, 29, 15, 44, 30, 244000),)",2a3c600a
408289972,-778772793,2992,0:31:44.370000,"(datetime.datetime(2026, 9, 29, 15, 44, 30, 329000),)",2a3c600d
408295652,-778781500,3012,0:31:44.490000,"(datetime.datetime(2026, 9, 29, 15, 44, 30, 441000),)",2a3c600a
408290077,-778772961,2992,0:31:44.670000,"(datetime.datetime(2026, 9, 29, 15, 44, 30, 620000),)",2a3c600d
408295798,-778781693,3012,0:31:44.740000,"(datetime.datetime(2026, 9, 29, 15, 44, 30, 692000),)",2a3c600a
408290180,-778773128,2992,0:31:44.790000,"(datetime.datetime(2026, 9, 29, 15, 44, 30, 748000),)",2a3c600d
408295945,-778781886,3012,0:31:44.880000,"(datetime.datetime(2026, 9, 29, 15, 44, 30, 832000),)",2a3c600a
408290180,-778773128,2992,0:31:44.960000,"(datetime.datetime(2026, 9, 29, 15, 44, 30, 912000),)",2a3c600d
408296085,-778782084,3013,0:31:45.010000,"(datetime.datetime(2026, 9, 29, 15, 44, 30, 962000),)",2a3c600a
408290392,-778773458,2992,0:31:45.080000,"(datetime.datetime(2026, 9, 29, 15, 44, 31, 35000),)",2a3c600d
408296230,-778782275,3014,0:31:45.200000,"(datetime.datetime(2026, 9, 29, 15, 44, 31, 156000),)",2a3c600a
408290496,-778773626,2992,0:31:45.270000,"(datetime.datetime(2026, 9, 29, 15, 44, 31, 228000),)",2a3c600d
408296378,-778782462,3014,0:31:45.340000,"(datetime.datetime(2026, 9, 29, 15, 44, 31, 292000),)",2a3c600a
408290496,-778773626,2992,0:31:45.400000,"(datetime.datetime(2026, 9, 29, 15, 44, 31, 360000),)",2a3c600d
408296522,-778782660,3016,0:31:45.480000,"(datetime.datetime(2026, 9, 29, 15, 44, 31, 436000),)",2a3c600a
408290604,-778773789,2992,0:31:45.600000,"(datetime.datetime(2026, 9, 29, 15, 44, 31, 557000),)",2a3c600d
408296676,-778782842,3017,0:31:45.690000,"(datetime.datetime(2026, 9, 29, 15, 44, 31, 647000),)",2a3c600a
408290707,-778773960,2992,0:31:45.710000,"(datetime.datetime(2026, 9, 29, 15, 44, 31, 663000),)",2a3c600d
408296816,-778783042,3016,0:31:45.720000,"(datetime.datetime(2026, 9, 29, 15, 44, 31, 678000),)",2a3c600a
408290814,-778774127,2992,0:31:45.770000,"(datetime.datetime(2026, 9, 29, 15, 44, 31, 730000),)",2a3c600d
408296960,-778783243,3017,0:31:45.790000,"(datetime.datetime(2026, 9, 29, 15, 44, 31, 745000),)",2a3c600a
408290926,-778774287,2992,0:31:45.850000,"(datetime.datetime(2026, 9, 29, 15, 44, 31, 807000),)",2a3c600d
408297105,-778783435,3017,0:31:45.870000,"(datetime.datetime(2026, 9, 29, 15, 44, 31, 822000),)",2a3c600a
408291035,-778774452,2992,0:31:45.920000,"(datetime.datetime(2026, 9, 29, 15, 44, 31, 875000),)",2a3c600d
408297248,-778783631,3018,0:31:45.940000,"(datetime.datetime(2026, 9, 29, 15, 44, 31, 891000),)",2a3c600a
408291150,-778774619,2992,0:31:45.980000,"(datetime.datetime(2026, 9, 29, 15, 44, 31, 936000),)",2a3c600d
408297389,-778783838,3020,0:31:46,"(datetime.datetime(2026, 9, 29, 15, 44, 31, 953000),)",2a3c600a
408291261,-778774778,2992,0:31:46.050000,"(datetime.datetime(2026, 9, 29, 15, 44, 32, 6000),)",2a3c600d
408297535,-778784036,3021,0:31:46.060000,"(datetime.datetime(2026, 9, 29, 15, 44, 32, 20000),)",2a3c600a
408291373,-778774944,2992,0:31:46.080000,"(datetime.datetime(2026, 9, 29, 15, 44, 32, 37000),)",2a3c600d
408297683,-778784232,3021,0:31:46.130000,"(datetime.datetime(2026, 9, 29, 15, 44, 32, 87000),)",2a3c600a
408291479,-778775115,2992,0:31:46.150000,"(datetime.datetime(2026, 9, 29, 15, 44, 32, 104000),)",2a3c600d
408297683,-778784232,3021,0:31:46.190000,"(datetime.datetime(2026, 9, 29, 15, 44, 32, 150000),)",2a3c600a
408291593,-778775276,2991,0:31:46.210000,"(datetime.datetime(2026, 9, 29, 15, 44, 32, 165000),)",2a3c600d
408297970,-778784631,3023,0:31:46.260000,"(datetime.datetime(2026, 9, 29, 15, 44, 32, 218000),)",2a3c600a
408291823,-778775594,2991,0:31:46.280000,"(datetime.datetime(2026, 9, 29, 15, 44, 32, 235000),)",2a3c600d
408298117,-778784828,3024,0:31:46.320000,"(datetime.datetime(2026, 9, 29, 15, 44, 32, 279000),)",2a3c600a
408291938,-778775753,2991,0:31:46.340000,"(datetime.datetime(2026, 9, 29, 15, 44, 32, 295000),)",2a3c600d
408298265,-778785018,3025,0:31:46.390000,"(datetime.datetime(2026, 9, 29, 15, 44, 32, 344000),)",2a3c600a
408292056,-778775922,2991,0:31:46.410000,"(datetime.datetime(2026, 9, 29, 15, 44, 32, 363000),)",2a3c600d
408298414,-778785222,3025,0:31:46.450000,"(datetime.datetime(2026, 9, 29, 15, 44, 32, 404000),)",2a3c600a
408292175,-778776080,2991,0:31:46.460000,"(datetime.datetime(2026, 9, 29, 15, 44, 32, 418000),)",2a3c600d
408298414,-778785222,3025,0:31:46.480000,"(datetime.datetime(2026, 9, 29, 15, 44, 32, 433000),)",2a3c600a
408292287,-778776246,2991,0:31:46.550000,"(datetime.datetime(2026, 9, 29, 15, 44, 32, 503000),)",2a3c600d
408298692,-778785633,3025,0:31:46.590000,"(datetime.datetime(2026, 9, 29, 15, 44, 32, 541000),)",2a3c600a
408292403,-778776410,2990,0:31:46.600000,"(datetime.datetime(2026, 9, 29, 15, 44, 32, 557000),)",2a3c600d
408298838,-778785835,3026,0:31:46.670000,"(datetime.datetime(2026, 9, 29, 15, 44, 32, 629000),)",2a3c600a
408292518,-778776580,2990,0:31:46.690000,"(datetime.datetime(2026, 9, 29, 15, 44, 32, 646000),)",2a3c600d
408298838,-778785835,3026,0:31:46.720000,"(datetime.datetime(2026, 9, 29, 15, 44, 32, 677000),)",2a3c600a
408292638,-778776738,2990,0:31:46.740000,"(datetime.datetime(2026, 9, 29, 15, 44, 32, 691000),)",2a3c600d
408298985,-778786029,3026,0:31:46.790000,"(datetime.datetime(2026, 9, 29, 15, 44, 32, 743000),)",2a3c600a
408292755,-778776903,2990,0:31:46.800000,"(datetime.datetime(2026, 9, 29, 15, 44, 32, 758000),)",2a3c600d
408299134,-778786225,3026,0:31:46.870000,"(datetime.datetime(2026, 9, 29, 15, 44, 32, 821000),)",2a3c600a
408292872,-778777062,2990,0:31:46.880000,"(datetime.datetime(2026, 9, 29, 15, 44, 32, 837000),)",2a3c600d
408299282,-778786419,3027,0:31:46.920000,"(datetime.datetime(2026, 9, 29, 15, 44, 32, 877000),)",2a3c600a
408292993,-778777223,2990,0:31:46.940000,"(datetime.datetime(2026, 9, 29, 15, 44, 32, 894000),)",2a3c600d
408299427,-778786629,3030,0:31:46.990000,"(datetime.datetime(2026, 9, 29, 15, 44, 32, 949000),)",2a3c600a
408293111,-778777383,2990,0:31:47.010000,"(datetime.datetime(2026, 9, 29, 15, 44, 32, 966000),)",2a3c600d
408299565,-778786837,3030,0:31:47.060000,"(datetime.datetime(2026, 9, 29, 15, 44, 33, 12000),)",2a3c600a
408293111,-778777383,2990,0:31:47.070000,"(datetime.datetime(2026, 9, 29, 15, 44, 33, 27000),)",2a3c600d
408299710,-778787039,3031,0:31:47.120000,"(datetime.datetime(2026, 9, 29, 15, 44, 33, 78000),)",2a3c600a
408293233,-778777552,2991,0:31:47.140000,"(datetime.datetime(2026, 9, 29, 15, 44, 33, 97000),)",2a3c600d
408299852,-778787240,3030,0:31:47.180000,"(datetime.datetime(2026, 9, 29, 15, 44, 33, 138000),)",2a3c600a
408293355,-778777718,2991,0:31:47.200000,"(datetime.datetime(2026, 9, 29, 15, 44, 33, 153000),)",2a3c600d
408300001,-778787440,3032,0:31:47.250000,"(datetime.datetime(2026, 9, 29, 15, 44, 33, 205000),)",2a3c600a
408293476,-778777882,2991,0:31:47.270000,"(datetime.datetime(2026, 9, 29, 15, 44, 33, 221000),)",2a3c600d
408300146,-778787639,3033,0:31:47.320000,"(datetime.datetime(2026, 9, 29, 15, 44, 33, 272000),)",2a3c600a
408293592,-778778053,2991,0:31:47.330000,"(datetime.datetime(2026, 9, 29, 15, 44, 33, 288000),)",2a3c600d
408300292,-778787838,3034,0:31:47.390000,"(datetime.datetime(2026, 9, 29, 15, 44, 33, 341000),)",2a3c600a
408293716,-778778216,2992,0:31:47.410000,"(datetime.datetime(2026, 9, 29, 15, 44, 33, 363000),)",2a3c600d
408300438,-778788039,3035,0:31:47.450000,"(datetime.datetime(2026, 9, 29, 15, 44, 33, 409000),)",2a3c600a
408293837,-778778381,2992,0:31:47.470000,"(datetime.datetime(2026, 9, 29, 15, 44, 33, 424000),)",2a3c600d
408300584,-778788241,3036,0:31:47.480000,"(datetime.datetime(2026, 9, 29, 15, 44, 33, 438000),)",2a3c600a
408293949,-778778556,2993,0:31:47.580000,"(datetime.datetime(2026, 9, 29, 15, 44, 33, 531000),)",2a3c600d
408300729,-778788439,3036,0:31:47.600000,"(datetime.datetime(2026, 9, 29, 15, 44, 33, 553000),)",2a3c600a
408294204,-778778879,2993,0:31:47.620000,"(datetime.datetime(2026, 9, 29, 15, 44, 33, 573000),)",2a3c600d
408300865,-778788634,3036,0:31:47.660000,"(datetime.datetime(2026, 9, 29, 15, 44, 33, 620000),)",2a3c600a
408294317,-778779053,2993,0:31:47.680000,"(datetime.datetime(2026, 9, 29, 15, 44, 33, 638000),)",2a3c600d
408301010,-778788835,3038,0:31:47.730000,"(datetime.datetime(2026, 9, 29, 15, 44, 33, 685000),)",2a3c600a
408301158,-778789035,3039,0:31:47.740000,"(datetime.datetime(2026, 9, 29, 15, 44, 33, 700000),)",2a3c600a
408294443,-778779219,2994,0:31:47.790000,"(datetime.datetime(2026, 9, 29, 15, 44, 33, 747000),)",2a3c600d
408294566,-778779381,2994,0:31:47.810000,"(datetime.datetime(2026, 9, 29, 15, 44, 33, 763000),)",2a3c600d
408301296,-778789244,3040,0:31:47.860000,"(datetime.datetime(2026, 9, 29, 15, 44, 33, 812000),)",2a3c600a
408301433,-778789451,3041,0:31:47.870000,"(datetime.datetime(2026, 9, 29, 15, 44, 33, 827000),)",2a3c600a
408294687,-778779552,2994,0:31:47.930000,"(datetime.datetime(2026, 9, 29, 15, 44, 33, 881000),)",2a3c600d
408301574,-778789645,3042,0:31:47.950000,"(datetime.datetime(2026, 9, 29, 15, 44, 33, 902000),)",2a3c600a
408294813,-778779715,2995,0:31:47.980000,"(datetime.datetime(2026, 9, 29, 15, 44, 33, 940000),)",2a3c600d
408301712,-778789847,3043,0:31:48,"(datetime.datetime(2026, 9, 29, 15, 44, 33, 955000),)",2a3c600a
408294938,-778779876,2995,0:31:48.050000,"(datetime.datetime(2026, 9, 29, 15, 44, 34, 5000),)",2a3c600d
408301853,-778790037,3043,0:31:48.060000,"(datetime.datetime(2026, 9, 29, 15, 44, 34, 20000),)",2a3c600a
408295062,-778780044,2996,0:31:48.120000,"(datetime.datetime(2026, 9, 29, 15, 44, 34, 72000),)",2a3c600d
408301988,-778790249,3044,0:31:48.130000,"(datetime.datetime(2026, 9, 29, 15, 44, 34, 87000),)",2a3c600a
408295182,-778780213,2996,0:31:48.180000,"(datetime.datetime(2026, 9, 29, 15, 44, 34, 138000),)",2a3c600d
408302131,-778790442,3045,0:31:48.200000,"(datetime.datetime(2026, 9, 29, 15, 44, 34, 153000),)",2a3c600a
408295310,-778780378,2997,0:31:48.250000,"(datetime.datetime(2026, 9, 29, 15, 44, 34, 204000),)",2a3c600d
408302263,-778790641,3045,0:31:48.260000,"(datetime.datetime(2026, 9, 29, 15, 44, 34, 219000),)",2a3c600a
408295435,-778780550,2998,0:31:48.320000,"(datetime.datetime(2026, 9, 29, 15, 44, 34, 271000),)",2a3c600d
408302407,-778790837,3046,0:31:48.360000,"(datetime.datetime(2026, 9, 29, 15, 44, 34, 317000),)",2a3c600a
408295555,-778780718,2998,0:31:48.400000,"(datetime.datetime(2026, 9, 29, 15, 44, 34, 357000),)",2a3c600d
408302540,-778791039,3048,0:31:48.440000,"(datetime.datetime(2026, 9, 29, 15, 44, 34, 398000),)",2a3c600a
408295555,-778780718,2998,0:31:48.470000,"(datetime.datetime(2026, 9, 29, 15, 44, 34, 421000),)",2a3c600d
408302679,-778791237,3049,0:31:48.530000,"(datetime.datetime(2026, 9, 29, 15, 44, 34, 490000),)",2a3c600a
408295798,-778781067,3000,0:31:48.570000,"(datetime.datetime(2026, 9, 29, 15, 44, 34, 521000),)",2a3c600d
408302814,-778791433,3049,0:31:48.640000,"(datetime.datetime(2026, 9, 29, 15, 44, 34, 595000),)",2a3c600a
408295798,-778781067,3000,0:31:48.670000,"(datetime.datetime(2026, 9, 29, 15, 44, 34, 623000),)",2a3c600d
408302950,-778791628,3049,0:31:48.730000,"(datetime.datetime(2026, 9, 29, 15, 44, 34, 690000),)",2a3c600a
408295928,-778781223,3001,0:31:48.770000,"(datetime.datetime(2026, 9, 29, 15, 44, 34, 724000),)",2a3c600d
408303086,-778791828,3050,0:31:48.830000,"(datetime.datetime(2026, 9, 29, 15, 44, 34, 789000),)",2a3c600a
408296049,-778781394,3001,0:31:48.870000,"(datetime.datetime(2026, 9, 29, 15, 44, 34, 821000),)",2a3c600d
408303215,-778792026,3050,0:31:48.930000,"(datetime.datetime(2026, 9, 29, 15, 44, 34, 890000),)",2a3c600a
408296175,-778781563,3001,0:31:48.970000,"(datetime.datetime(2026, 9, 29, 15, 44, 34, 921000),)",2a3c600d
408303361,-778792208,3051,0:31:49.040000,"(datetime.datetime(2026, 9, 29, 15, 44, 34, 997000),)",2a3c600a
408296297,-778781730,3001,0:31:49.070000,"(datetime.datetime(2026, 9, 29, 15, 44, 35, 21000),)",2a3c600d
408303498,-778792399,3052,0:31:49.130000,"(datetime.datetime(2026, 9, 29, 15, 44, 35, 90000),)",2a3c600a
408296418,-778781902,3002,0:31:49.170000,"(datetime.datetime(2026, 9, 29, 15, 44, 35, 122000),)",2a3c600d
408303625,-778792604,3054,0:31:49.240000,"(datetime.datetime(2026, 9, 29, 15, 44, 35, 197000),)",2a3c600a
408296541,-778782072,3002,0:31:49.280000,"(datetime.datetime(2026, 9, 29, 15, 44, 35, 240000),)",2a3c600d
408303760,-778792798,3055,0:31:49.330000,"(datetime.datetime(2026, 9, 29, 15, 44, 35, 289000),)",2a3c600a
408296661,-778782251,3003,0:31:49.370000,"(datetime.datetime(2026, 9, 29, 15, 44, 35, 321000),)",2a3c600d
408303892,-778792987,3055,0:31:49.430000,"(datetime.datetime(2026, 9, 29, 15, 44, 35, 390000),)",2a3c600a
408296782,-778782414,3003,0:31:49.470000,"(datetime.datetime(2026, 9, 29, 15, 44, 35, 426000),)",2a3c600d
408304030,-778793190,3056,0:31:49.570000,"(datetime.datetime(2026, 9, 29, 15, 44, 35, 523000),)",2a3c600a
408296915,-778782581,3004,0:31:49.590000,"(datetime.datetime(2026, 9, 29, 15, 44, 35, 547000),)",2a3c600d
408304155,-778793395,3058,0:31:49.640000,"(datetime.datetime(2026, 9, 29, 15, 44, 35, 591000),)",2a3c600a
408297035,-778782752,3004,0:31:49.670000,"(datetime.datetime(2026, 9, 29, 15, 44, 35, 625000),)",2a3c600d
408304282,-778793594,3058,0:31:49.730000,"(datetime.datetime(2026, 9, 29, 15, 44, 35, 689000),)",2a3c600a
408297158,-778782928,3005,0:31:49.770000,"(datetime.datetime(2026, 9, 29, 15, 44, 35, 722000),)",2a3c600d
408304415,-778793790,3058,0:31:49.840000,"(datetime.datetime(2026, 9, 29, 15, 44, 35, 793000),)",2a3c600a
408297282,-778783091,3005,0:31:49.870000,"(datetime.datetime(2026, 9, 29, 15, 44, 35, 821000),)",2a3c600d
408304547,-778793982,3058,0:31:49.940000,"(datetime.datetime(2026, 9, 29, 15, 44, 35, 891000),)",2a3c600a
408297407,-778783259,3005,0:31:49.980000,"(datetime.datetime(2026, 9, 29, 15, 44, 35, 933000),)",2a3c600d
408304679,-778794173,3059,0:31:50.030000,"(datetime.datetime(2026, 9, 29, 15, 44, 35, 989000),)",2a3c600a
408297529,-778783427,3006,0:31:50.070000,"(datetime.datetime(2026, 9, 29, 15, 44, 36, 21000),)",2a3c600d
408304810,-778794363,3059,0:31:50.130000,"(datetime.datetime(2026, 9, 29, 15, 44, 36, 89000),)",2a3c600a
408297653,-778783598,3006,0:31:50.170000,"(datetime.datetime(2026, 9, 29, 15, 44, 36, 121000),)",2a3c600d
408304934,-778794557,3059,0:31:50.240000,"(datetime.datetime(2026, 9, 29, 15, 44, 36, 194000),)",2a3c600a
408297779,-778783763,3007,0:31:50.280000,"(datetime.datetime(2026, 9, 29, 15, 44, 36, 231000),)",2a3c600d
408305063,-778794746,3060,0:31:50.330000,"(datetime.datetime(2026, 9, 29, 15, 44, 36, 289000),)",2a3c600a
408297902,-778783926,3008,0:31:50.370000,"(datetime.datetime(2026, 9, 29, 15, 44, 36, 322000),)",2a3c600d
408305193,-778794932,3059,0:31:50.440000,"(datetime.datetime(2026, 9, 29, 15, 44, 36, 390000),)",2a3c600a
408298016,-778784103,3008,0:31:50.470000,"(datetime.datetime(2026, 9, 29, 15, 44, 36, 426000),)",2a3c600d
408305320,-778795132,3060,0:31:50.570000,"(datetime.datetime(2026, 9, 29, 15, 44, 36, 521000),)",2a3c600a
408298138,-778784270,3009,0:31:50.590000,"(datetime.datetime(2026, 9, 29, 15, 44, 36, 545000),)",2a3c600d
408305452,-778795325,3061,0:31:50.630000,"(datetime.datetime(2026, 9, 29, 15, 44, 36, 588000),)",2a3c600a
408298267,-778784433,3009,0:31:50.670000,"(datetime.datetime(2026, 9, 29, 15, 44, 36, 621000),)",2a3c600d
408305577,-778795521,3062,0:31:50.730000,"(datetime.datetime(2026, 9, 29, 15, 44, 36, 690000),)",2a3c600a
408298384,-778784603,3010,0:31:50.770000,"(datetime.datetime(2026, 9, 29, 15, 44, 36, 722000),)",2a3c600d
408305712,-778795706,3062,0:31:50.830000,"(datetime.datetime(2026, 9, 29, 15, 44, 36, 790000),)",2a3c600a
408298508,-778784774,3011,0:31:50.870000,"(datetime.datetime(2026, 9, 29, 15, 44, 36, 822000),)",2a3c600d
408305843,-778795896,3062,0:31:50.930000,"(datetime.datetime(2026, 9, 29, 15, 44, 36, 890000),)",2a3c600a
408298622,-778784945,3011,0:31:50.970000,"(datetime.datetime(2026, 9, 29, 15, 44, 36, 921000),)",2a3c600d
408305968,-778796092,3062,0:31:51.040000,"(datetime.datetime(2026, 9, 29, 15, 44, 36, 995000),)",2a3c600a
408298747,-778785105,3011,0:31:51.070000,"(datetime.datetime(2026, 9, 29, 15, 44, 37, 25000),)",2a3c600d
408306096,-778796281,3063,0:31:51.130000,"(datetime.datetime(2026, 9, 29, 15, 44, 37, 90000),)",2a3c600a
408298864,-778785274,3012,0:31:51.170000,"(datetime.datetime(2026, 9, 29, 15, 44, 37, 130000),)",2a3c600d
408306222,-778796460,3061,0:31:51.230000,"(datetime.datetime(2026, 9, 29, 15, 44, 37, 189000),)",2a3c600a
408298993,-778785429,3012,0:31:51.270000,"(datetime.datetime(2026, 9, 29, 15, 44, 37, 222000),)",2a3c600d
408306353,-778796649,3061,0:31:51.330000,"(datetime.datetime(2026, 9, 29, 15, 44, 37, 290000),)",2a3c600a
408299111,-778785601,3012,0:31:51.370000,"(datetime.datetime(2026, 9, 29, 15, 44, 37, 326000),)",2a3c600d
408306476,-778796838,3062,0:31:51.430000,"(datetime.datetime(2026, 9, 29, 15, 44, 37, 390000),)",2a3c600a
408299233,-778785759,3013,0:31:51.470000,"(datetime.datetime(2026, 9, 29, 15, 44, 37, 430000),)",2a3c600d
408306603,-778797029,3062,0:31:51.570000,"(datetime.datetime(2026, 9, 29, 15, 44, 37, 521000),)",2a3c600a
408299355,-778785918,3014,0:31:51.590000,"(datetime.datetime(2026, 9, 29, 15, 44, 37, 546000),)",2a3c600d
408306733,-778797214,3063,0:31:51.630000,"(datetime.datetime(2026, 9, 29, 15, 44, 37, 589000),)",2a3c600a
408299475,-778786082,3014,0:31:51.680000,"(datetime.datetime(2026, 9, 29, 15, 44, 37, 636000),)",2a3c600d
408306852,-778797406,3063,0:31:51.730000,"(datetime.datetime(2026, 9, 29, 15, 44, 37, 689000),)",2a3c600a
408299597,-778786249,3014,0:31:51.770000,"(datetime.datetime(2026, 9, 29, 15, 44, 37, 721000),)",2a3c600d
408306988,-778797592,3065,0:31:51.830000,"(datetime.datetime(2026, 9, 29, 15, 44, 37, 789000),)",2a3c600a
408299716,-778786409,3015,0:31:51.870000,"(datetime.datetime(2026, 9, 29, 15, 44, 37, 821000),)",2a3c600d
408307108,-778797784,3067,0:31:51.930000,"(datetime.datetime(2026, 9, 29, 15, 44, 37, 889000),)",2a3c600a
408299838,-778786571,3015,0:31:51.970000,"(datetime.datetime(2026, 9, 29, 15, 44, 37, 924000),)",2a3c600d
408307230,-778797974,3067,0:31:52.040000,"(datetime.datetime(2026, 9, 29, 15, 44, 37, 991000),)",2a3c600a
408299959,-778786732,3016,0:31:52.070000,"(datetime.datetime(2026, 9, 29, 15, 44, 38, 21000),)",2a3c600d
408307357,-778798160,3067,0:31:52.130000,"(datetime.datetime(2026, 9, 29, 15, 44, 38, 89000),)",2a3c600a
408300074,-778786903,3016,0:31:52.170000,"(datetime.datetime(2026, 9, 29, 15, 44, 38, 121000),)",2a3c600d
408307488,-778798354,3070,0:31:52.230000,"(datetime.datetime(2026, 9, 29, 15, 44, 38, 190000),)",2a3c600a
408300194,-778787070,3017,0:31:52.280000,"(datetime.datetime(2026, 9, 29, 15, 44, 38, 233000),)",2a3c600d
408307613,-778798545,3070,0:31:52.340000,"(datetime.datetime(2026, 9, 29, 15, 44, 38, 294000),)",2a3c600a
408300310,-778787240,3017,0:31:52.380000,"(datetime.datetime(2026, 9, 29, 15, 44, 38, 338000),)",2a3c600d
408307740,-778798728,3072,0:31:52.440000,"(datetime.datetime(2026, 9, 29, 15, 44, 38, 391000),)",2a3c600a
408300429,-778787398,3018,0:31:52.470000,"(datetime.datetime(2026, 9, 29, 15, 44, 38, 421000),)",2a3c600d
408307865,-778798917,3072,0:31:52.570000,"(datetime.datetime(2026, 9, 29, 15, 44, 38, 521000),)",2a3c600a
408300543,-778787573,3018,0:31:52.600000,"(datetime.datetime(2026, 9, 29, 15, 44, 38, 553000),)",2a3c600d
408307979,-778799102,3070,0:31:52.630000,"(datetime.datetime(2026, 9, 29, 15, 44, 38, 589000),)",2a3c600a
408300668,-778787734,3019,0:31:52.670000,"(datetime.datetime(2026, 9, 29, 15, 44, 38, 622000),)",2a3c600d
408308100,-778799291,3071,0:31:52.730000,"(datetime.datetime(2026, 9, 29, 15, 44, 38, 689000),)",2a3c600a
408300789,-778787896,3020,0:31:52.770000,"(datetime.datetime(2026, 9, 29, 15, 44, 38, 722000),)",2a3c600d
408308219,-778799481,3071,0:31:52.830000,"(datetime.datetime(2026, 9, 29, 15, 44, 38, 789000),)",2a3c600a
408300898,-778788075,3019,0:31:52.870000,"(datetime.datetime(2026, 9, 29, 15, 44, 38, 822000),)",2a3c600d
408308351,-778799657,3072,0:31:52.930000,"(datetime.datetime(2026, 9, 29, 15, 44, 38, 890000),)",2a3c600a
408301018,-778788242,3020,0:31:52.980000,"(datetime.datetime(2026, 9, 29, 15, 44, 38, 931000),)",2a3c600d
408308475,-778799846,3075,0:31:53.030000,"(datetime.datetime(2026, 9, 29, 15, 44, 38, 990000),)",2a3c600a
408301134,-778788412,3020,0:31:53.070000,"(datetime.datetime(2026, 9, 29, 15, 44, 39, 21000),)",2a3c600d
408308598,-778800037,3075,0:31:53.140000,"(datetime.datetime(2026, 9, 29, 15, 44, 39, 99000),)",2a3c600a
408301258,-778788567,3021,0:31:53.170000,"(datetime.datetime(2026, 9, 29, 15, 44, 39, 122000),)",2a3c600d
408308717,-778800228,3077,0:31:53.240000,"(datetime.datetime(2026, 9, 29, 15, 44, 39, 191000),)",2a3c600a
408301369,-778788744,3021,0:31:53.270000,"(datetime.datetime(2026, 9, 29, 15, 44, 39, 220000),)",2a3c600d
408308848,-778800403,3077,0:31:53.330000,"(datetime.datetime(2026, 9, 29, 15, 44, 39, 290000),)",2a3c600a
408301487,-778788900,3021,0:31:53.370000,"(datetime.datetime(2026, 9, 29, 15, 44, 39, 321000),)",2a3c600d
408308958,-778800590,3076,0:31:53.430000,"(datetime.datetime(2026, 9, 29, 15, 44, 39, 390000),)",2a3c600a
408301593,-778789082,3022,0:31:53.470000,"(datetime.datetime(2026, 9, 29, 15, 44, 39, 425000),)",2a3c600d
408309071,-778800779,3077,0:31:53.530000,"(datetime.datetime(2026, 9, 29, 15, 44, 39, 489000),)",2a3c600a
408301705,-778789246,3022,0:31:53.570000,"(datetime.datetime(2026, 9, 29, 15, 44, 39, 522000),)",2a3c600d
408309192,-778800964,3077,0:31:53.630000,"(datetime.datetime(2026, 9, 29, 15, 44, 39, 590000),)",2a3c600a
408301821,-778789416,3023,0:31:53.670000,"(datetime.datetime(2026, 9, 29, 15, 44, 39, 621000),)",2a3c600d
408309311,-778801150,3078,0:31:53.730000,"(datetime.datetime(2026, 9, 29, 15, 44, 39, 689000),)",2a3c600a
408301934,-778789577,3024,0:31:53.770000,"(datetime.datetime(2026, 9, 29, 15, 44, 39, 722000),)",2a3c600d
408309430,-778801337,3079,0:31:53.840000,"(datetime.datetime(2026, 9, 29, 15, 44, 39, 796000),)",2a3c600a
408302057,-778789736,3024,0:31:53.870000,"(datetime.datetime(2026, 9, 29, 15, 44, 39, 824000),)",2a3c600d
408309557,-778801512,3080,0:31:53.930000,"(datetime.datetime(2026, 9, 29, 15, 44, 39, 889000),)",2a3c600a
408302171,-778789902,3024,0:31:53.970000,"(datetime.datetime(2026, 9, 29, 15, 44, 39, 928000),)",2a3c600d
408309678,-778801695,3081,0:31:54.030000,"(datetime.datetime(2026, 9, 29, 15, 44, 39, 990000),)",2a3c600a
408302290,-778790060,3025,0:31:54.070000,"(datetime.datetime(2026, 9, 29, 15, 44, 40, 20000),)",2a3c600d
408309796,-778801869,3081,0:31:54.140000,"(datetime.datetime(2026, 9, 29, 15, 44, 40, 90000),)",2a3c600a
408302402,-778790218,3026,0:31:54.170000,"(datetime.datetime(2026, 9, 29, 15, 44, 40, 122000),)",2a3c600d
408309926,-778802042,3081,0:31:54.230000,"(datetime.datetime(2026, 9, 29, 15, 44, 40, 189000),)",2a3c600a
408302507,-778790404,3026,0:31:54.270000,"(datetime.datetime(2026, 9, 29, 15, 44, 40, 221000),)",2a3c600d
408310041,-778802228,3081,0:31:54.330000,"(datetime.datetime(2026, 9, 29, 15, 44, 40, 290000),)",2a3c600a
408302617,-778790568,3026,0:31:54.370000,"(datetime.datetime(2026, 9, 29, 15, 44, 40, 322000),)",2a3c600d
408310158,-778802402,3082,0:31:54.440000,"(datetime.datetime(2026, 9, 29, 15, 44, 40, 390000),)",2a3c600a
408302733,-778790725,3027,0:31:54.470000,"(datetime.datetime(2026, 9, 29, 15, 44, 40, 426000),)",2a3c600d
408310279,-778802582,3082,0:31:54.530000,"(datetime.datetime(2026, 9, 29, 15, 44, 40, 490000),)",2a3c600a
408302839,-778790892,3027,0:31:54.570000,"(datetime.datetime(2026, 9, 29, 15, 44, 40, 521000),)",2a3c600d
408310401,-778802758,3082,0:31:54.630000,"(datetime.datetime(2026, 9, 29, 15, 44, 40, 590000),)",2a3c600a
408302945,-778791065,3028,0:31:54.670000,"(datetime.datetime(2026, 9, 29, 15, 44, 40, 622000),)",2a3c600d
408310523,-778802935,3082,0:31:54.730000,"(datetime.datetime(2026, 9, 29, 15, 44, 40, 690000),)",2a3c600a
408303054,-778791229,3029,0:31:54.770000,"(datetime.datetime(2026, 9, 29, 15, 44, 40, 723000),)",2a3c600d
408310648,-778803112,3083,0:31:54.840000,"(datetime.datetime(2026, 9, 29, 15, 44, 40, 792000),)",2a3c600a
408303166,-778791385,3028,0:31:54.870000,"(datetime.datetime(2026, 9, 29, 15, 44, 40, 823000),)",2a3c600d
408310760,-778803294,3082,0:31:54.930000,"(datetime.datetime(2026, 9, 29, 15, 44, 40, 890000),)",2a3c600a
408303275,-778791549,3029,0:31:54.970000,"(datetime.datetime(2026, 9, 29, 15, 44, 40, 921000),)",2a3c600d
408310883,-778803464,3082,0:31:55.030000,"(datetime.datetime(2026, 9, 29, 15, 44, 40, 990000),)",2a3c600a
408303384,-778791710,3029,0:31:55.070000,"(datetime.datetime(2026, 9, 29, 15, 44, 41, 30000),)",2a3c600d
408310998,-778803649,3084,0:31:55.130000,"(datetime.datetime(2026, 9, 29, 15, 44, 41, 90000),)",2a3c600a
408303495,-778791872,3030,0:31:55.170000,"(datetime.datetime(2026, 9, 29, 15, 44, 41, 122000),)",2a3c600d
408311111,-778803822,3083,0:31:55.240000,"(datetime.datetime(2026, 9, 29, 15, 44, 41, 190000),)",2a3c600a
408303609,-778792028,3030,0:31:55.270000,"(datetime.datetime(2026, 9, 29, 15, 44, 41, 221000),)",2a3c600d
408311222,-778804012,3084,0:31:55.340000,"(datetime.datetime(2026, 9, 29, 15, 44, 41, 299000),)",2a3c600a
408303721,-778792178,3031,0:31:55.370000,"(datetime.datetime(2026, 9, 29, 15, 44, 41, 321000),)",2a3c600d
408311347,-778804180,3084,0:31:55.430000,"(datetime.datetime(2026, 9, 29, 15, 44, 41, 390000),)",2a3c600a
408303832,-778792342,3032,0:31:55.470000,"(datetime.datetime(2026, 9, 29, 15, 44, 41, 421000),)",2a3c600d
408311465,-778804353,3083,0:31:55.530000,"(datetime.datetime(2026, 9, 29, 15, 44, 41, 490000),)",2a3c600a
408303929,-778792511,3032,0:31:55.570000,"(datetime.datetime(2026, 9, 29, 15, 44, 41, 523000),)",2a3c600d
408311580,-778804543,3085,0:31:55.630000,"(datetime.datetime(2026, 9, 29, 15, 44, 41, 590000),)",2a3c600a
408304038,-778792676,3033,0:31:55.670000,"(datetime.datetime(2026, 9, 29, 15, 44, 41, 621000),)",2a3c600d
408311698,-778804720,3086,0:31:55.730000,"(datetime.datetime(2026, 9, 29, 15, 44, 41, 690000),)",2a3c600a
408304143,-778792837,3033,0:31:55.770000,"(datetime.datetime(2026, 9, 29, 15, 44, 41, 721000),)",2a3c600d
408311826,-778804887,3086,0:31:55.830000,"(datetime.datetime(2026, 9, 29, 15, 44, 41, 790000),)",2a3c600a
408304254,-778792989,3034,0:31:55.870000,"(datetime.datetime(2026, 9, 29, 15, 44, 41, 821000),)",2a3c600d
408311940,-778805062,3086,0:31:55.930000,"(datetime.datetime(2026, 9, 29, 15, 44, 41, 889000),)",2a3c600a
408304362,-778793148,3034,0:31:55.970000,"(datetime.datetime(2026, 9, 29, 15, 44, 41, 922000),)",2a3c600d
408312049,-778805251,3086,0:31:56.030000,"(datetime.datetime(2026, 9, 29, 15, 44, 41, 990000),)",2a3c600a
408304474,-778793300,3034,0:31:56.070000,"(datetime.datetime(2026, 9, 29, 15, 44, 42, 24000),)",2a3c600d
408312165,-778805424,3086,0:31:56.130000,"(datetime.datetime(2026, 9, 29, 15, 44, 42, 90000),)",2a3c600a
408304578,-778793455,3035,0:31:56.180000,"(datetime.datetime(2026, 9, 29, 15, 44, 42, 132000),)",2a3c600d
408312277,-778805585,3088,0:31:56.230000,"(datetime.datetime(2026, 9, 29, 15, 44, 42, 189000),)",2a3c600a
408304680,-778793626,3035,0:31:56.270000,"(datetime.datetime(2026, 9, 29, 15, 44, 42, 221000),)",2a3c600d
408312396,-778805756,3089,0:31:56.350000,"(datetime.datetime(2026, 9, 29, 15, 44, 42, 303000),)",2a3c600a
408304789,-778793778,3036,0:31:56.370000,"(datetime.datetime(2026, 9, 29, 15, 44, 42, 327000),)",2a3c600d
408312508,-778805915,3090,0:31:56.430000,"(datetime.datetime(2026, 9, 29, 15, 44, 42, 390000),)",2a3c600a
408304895,-778793933,3037,0:31:56.470000,"(datetime.datetime(2026, 9, 29, 15, 44, 42, 422000),)",2a3c600d
408312603,-778806082,3087,0:31:56.540000,"(datetime.datetime(2026, 9, 29, 15, 44, 42, 491000),)",2a3c600a
408305012,-778794074,3038,0:31:56.570000,"(datetime.datetime(2026, 9, 29, 15, 44, 42, 521000),)",2a3c600d
408312713,-778806240,3087,0:31:56.630000,"(datetime.datetime(2026, 9, 29, 15, 44, 42, 589000),)",2a3c600a
408305107,-778794249,3038,0:31:56.670000,"(datetime.datetime(2026, 9, 29, 15, 44, 42, 621000),)",2a3c600d
408312820,-778806399,3087,0:31:56.740000,"(datetime.datetime(2026, 9, 29, 15, 44, 42, 696000),)",2a3c600a
408305207,-778794411,3038,0:31:56.770000,"(datetime.datetime(2026, 9, 29, 15, 44, 42, 721000),)",2a3c600d
408312925,-778806547,3087,0:31:56.830000,"(datetime.datetime(2026, 9, 29, 15, 44, 42, 790000),)",2a3c600a
408305314,-778794561,3038,0:31:56.880000,"(datetime.datetime(2026, 9, 29, 15, 44, 42, 832000),)",2a3c600d
408313026,-778806697,3088,0:31:56.930000,"(datetime.datetime(2026, 9, 29, 15, 44, 42, 889000),)",2a3c600a
408305422,-778794717,3038,0:31:56.950000,"(datetime.datetime(2026, 9, 29, 15, 44, 42, 910000),)",2a3c600d
408313126,-778806846,3089,0:31:57.030000,"(datetime.datetime(2026, 9, 29, 15, 44, 42, 989000),)",2a3c600a
408305522,-778794876,3038,0:31:57.050000,"(datetime.datetime(2026, 9, 29, 15, 44, 43, 9000),)",2a3c600d
408313224,-778806998,3089,0:31:57.130000,"(datetime.datetime(2026, 9, 29, 15, 44, 43, 90000),)",2a3c600a
408305626,-778795034,3038,0:31:57.160000,"(datetime.datetime(2026, 9, 29, 15, 44, 43, 113000),)",2a3c600d
408313315,-778807155,3090,0:31:57.230000,"(datetime.datetime(2026, 9, 29, 15, 44, 43, 190000),)",2a3c600a
408305741,-778795188,3038,0:31:57.260000,"(datetime.datetime(2026, 9, 29, 15, 44, 43, 218000),)",2a3c600d
408313407,-778807297,3090,0:31:57.330000,"(datetime.datetime(2026, 9, 29, 15, 44, 43, 289000),)",2a3c600a
408305844,-778795339,3038,0:31:57.370000,"(datetime.datetime(2026, 9, 29, 15, 44, 43, 322000),)",2a3c600d
408313504,-778807429,3090,0:31:57.430000,"(datetime.datetime(2026, 9, 29, 15, 44, 43, 390000),)",2a3c600a
408305956,-778795486,3039,0:31:57.450000,"(datetime.datetime(2026, 9, 29, 15, 44, 43, 408000),)",2a3c600d
408313595,-778807552,3090,0:31:57.530000,"(datetime.datetime(2026, 9, 29, 15, 44, 43, 488000),)",2a3c600a
408313595,-778807552,3090,0:31:57.550000,"(datetime.datetime(2026, 9, 29, 15, 44, 43, 505000),)",2a3c600a
408306051,-778795654,3040,0:31:57.560000,"(datetime.datetime(2026, 9, 29, 15, 44, 43, 520000),)",2a3c600d
408313685,-778807690,3091,0:31:57.640000,"(datetime.datetime(2026, 9, 29, 15, 44, 43, 591000),)",2a3c600a
408306155,-778795810,3040,0:31:57.680000,"(datetime.datetime(2026, 9, 29, 15, 44, 43, 634000),)",2a3c600d
408313775,-778807814,3090,0:31:57.740000,"(datetime.datetime(2026, 9, 29, 15, 44, 43, 697000),)",2a3c600a
408306261,-778795966,3041,0:31:57.780000,"(datetime.datetime(2026, 9, 29, 15, 44, 43, 740000),)",2a3c600d
408313863,-778807939,3089,0:31:57.830000,"(datetime.datetime(2026, 9, 29, 15, 44, 43, 789000),)",2a3c600a
408306371,-778796116,3042,0:31:57.860000,"(datetime.datetime(2026, 9, 29, 15, 44, 43, 814000),)",2a3c600d
408313941,-778808058,3088,0:31:58.180000,"(datetime.datetime(2026, 9, 29, 15, 44, 44, 140000),)",2a3c600a
408306474,-778796278,3041,0:31:58.340000,"(datetime.datetime(2026, 9, 29, 15, 44, 44, 298000),)",2a3c600d
408314023,-778808178,3088,0:31:58.430000,"(datetime.datetime(2026, 9, 29, 15, 44, 44, 384000),)",2a3c600a
408306581,-778796428,3042,0:31:58.530000,"(datetime.datetime(2026, 9, 29, 15, 44, 44, 489000),)",2a3c600d
408314105,-778808297,3089,0:31:58.630000,"(datetime.datetime(2026, 9, 29, 15, 44, 44, 589000),)",2a3c600a
408306686,-778796583,3043,0:31:58.760000,"(datetime.datetime(2026, 9, 29, 15, 44, 44, 712000),)",2a3c600d
408314188,-778808414,3089,0:31:58.840000,"(datetime.datetime(2026, 9, 29, 15, 44, 44, 797000),)",2a3c600a
408306792,-778796738,3043,0:31:58.940000,"(datetime.datetime(2026, 9, 29, 15, 44, 44, 894000),)",2a3c600d
408314269,-778808518,3089,0:31:59.030000,"(datetime.datetime(2026, 9, 29, 15, 44, 44, 989000),)",2a3c600a
408306888,-778796902,3044,0:31:59.200000,"(datetime.datetime(2026, 9, 29, 15, 44, 45, 153000),)",2a3c600d
408314334,-778808620,3087,0:31:59.230000,"(datetime.datetime(2026, 9, 29, 15, 44, 45, 183000),)",2a3c600a
408306989,-778797056,3044,0:31:59.340000,"(datetime.datetime(2026, 9, 29, 15, 44, 45, 299000),)",2a3c600d
408314334,-778808620,3087,0:31:59.420000,"(datetime.datetime(2026, 9, 29, 15, 44, 45, 378000),)",2a3c600a
408307092,-778797219,3045,0:31:59.590000,"(datetime.datetime(2026, 9, 29, 15, 44, 45, 548000),)",2a3c600d
408314410,-778808726,3087,0:31:59.640000,"(datetime.datetime(2026, 9, 29, 15, 44, 45, 593000),)",2a3c600a
408307195,-778797378,3045,0:31:59.710000,"(datetime.datetime(2026, 9, 29, 15, 44, 45, 660000),)",2a3c600d
408314481,-778808826,3086,0:31:59.850000,"(datetime.datetime(2026, 9, 29, 15, 44, 45, 801000),)",2a3c600a
408307297,-778797533,3046,0:31:59.950000,"(datetime.datetime(2026, 9, 29, 15, 44, 45, 906000),)",2a3c600d
408314550,-778808935,3086,0:32:00.100000,"(datetime.datetime(2026, 9, 29, 15, 44, 46, 60000),)",2a3c600a
408307397,-778797689,3047,0:32:00.150000,"(datetime.datetime(2026, 9, 29, 15, 44, 46, 109000),)",2a3c600d
408314621,-778809029,3086,0:32:00.260000,"(datetime.datetime(2026, 9, 29, 15, 44, 46, 210000),)",2a3c600a
408307497,-778797854,3047,0:32:00.350000,"(datetime.datetime(2026, 9, 29, 15, 44, 46, 303000),)",2a3c600d
408314684,-778809135,3085,0:32:00.460000,"(datetime.datetime(2026, 9, 29, 15, 44, 46, 419000),)",2a3c600a
408307599,-778798010,3047,0:32:00.550000,"(datetime.datetime(2026, 9, 29, 15, 44, 46, 507000),)",2a3c600d
408314749,-778809223,3085,0:32:00.630000,"(datetime.datetime(2026, 9, 29, 15, 44, 46, 588000),)",2a3c600a
408307700,-778798172,3047,0:32:00.680000,"(datetime.datetime(2026, 9, 29, 15, 44, 46, 631000),)",2a3c600d
408314826,-778809317,3086,0:32:00.690000,"(datetime.datetime(2026, 9, 29, 15, 44, 46, 648000),)",2a3c600a
408307806,-778798323,3048,0:32:00.740000,"(datetime.datetime(2026, 9, 29, 15, 44, 46, 692000),)",2a3c600d
408314897,-778809422,3085,0:32:00.750000,"(datetime.datetime(2026, 9, 29, 15, 44, 46, 709000),)",2a3c600a
408307905,-778798478,3048,0:32:00.810000,"(datetime.datetime(2026, 9, 29, 15, 44, 46, 762000),)",2a3c600d
408314963,-778809504,3085,0:32:00.820000,"(datetime.datetime(2026, 9, 29, 15, 44, 46, 779000),)",2a3c600a
408308001,-778798642,3049,0:32:00.870000,"(datetime.datetime(2026, 9, 29, 15, 44, 46, 828000),)",2a3c600d
408315015,-778809599,3086,0:32:00.890000,"(datetime.datetime(2026, 9, 29, 15, 44, 46, 843000),)",2a3c600a
408308114,-778798783,3048,0:32:00.940000,"(datetime.datetime(2026, 9, 29, 15, 44, 46, 895000),)",2a3c600d
408315081,-778809682,3086,0:32:00.960000,"(datetime.datetime(2026, 9, 29, 15, 44, 46, 917000),)",2a3c600a
408308215,-778798943,3049,0:32:01.010000,"(datetime.datetime(2026, 9, 29, 15, 44, 46, 968000),)",2a3c600d
408315143,-778809772,3086,0:32:01.030000,"(datetime.datetime(2026, 9, 29, 15, 44, 46, 983000),)",2a3c600a
408308319,-778799097,3051,0:32:01.080000,"(datetime.datetime(2026, 9, 29, 15, 44, 47, 32000),)",2a3c600d
408315196,-778809850,3086,0:32:01.100000,"(datetime.datetime(2026, 9, 29, 15, 44, 47, 53000),)",2a3c600a
408308420,-778799254,3051,0:32:01.140000,"(datetime.datetime(2026, 9, 29, 15, 44, 47, 94000),)",2a3c600d
408315255,-778809936,3087,0:32:01.160000,"(datetime.datetime(2026, 9, 29, 15, 44, 47, 112000),)",2a3c600a
408308523,-778799408,3051,0:32:01.210000,"(datetime.datetime(2026, 9, 29, 15, 44, 47, 162000),)",2a3c600d
408315313,-778810015,3087,0:32:01.220000,"(datetime.datetime(2026, 9, 29, 15, 44, 47, 180000),)",2a3c600a
408308638,-778799554,3053,0:32:01.270000,"(datetime.datetime(2026, 9, 29, 15, 44, 47, 224000),)",2a3c600d
408315360,-778810082,3085,0:32:01.290000,"(datetime.datetime(2026, 9, 29, 15, 44, 47, 244000),)",2a3c600a
408308740,-778799710,3053,0:32:01.330000,"(datetime.datetime(2026, 9, 29, 15, 44, 47, 289000),)",2a3c600d
408315465,-778810240,3084,0:32:01.350000,"(datetime.datetime(2026, 9, 29, 15, 44, 47, 304000),)",2a3c600a
408308853,-778799857,3053,0:32:01.400000,"(datetime.datetime(2026, 9, 29, 15, 44, 47, 354000),)",2a3c600d
408315519,-778810313,3084,0:32:01.410000,"(datetime.datetime(2026, 9, 29, 15, 44, 47, 369000),)",2a3c600a
408308950,-778800017,3054,0:32:01.460000,"(datetime.datetime(2026, 9, 29, 15, 44, 47, 419000),)",2a3c600d
408315566,-778810383,3084,0:32:01.480000,"(datetime.datetime(2026, 9, 29, 15, 44, 47, 436000),)",2a3c600a
408309043,-778800181,3054,0:32:01.530000,"(datetime.datetime(2026, 9, 29, 15, 44, 47, 484000),)",2a3c600d
408315608,-778810460,3083,0:32:01.570000,"(datetime.datetime(2026, 9, 29, 15, 44, 47, 523000),)",2a3c600a
408309145,-778800330,3054,0:32:01.600000,"(datetime.datetime(2026, 9, 29, 15, 44, 47, 551000),)",2a3c600d
408315661,-778810531,3083,0:32:01.610000,"(datetime.datetime(2026, 9, 29, 15, 44, 47, 569000),)",2a3c600a
408309248,-778800482,3055,0:32:01.660000,"(datetime.datetime(2026, 9, 29, 15, 44, 47, 616000),)",2a3c600d
408315714,-778810595,3084,0:32:01.680000,"(datetime.datetime(2026, 9, 29, 15, 44, 47, 635000),)",2a3c600a
408309341,-778800643,3056,0:32:01.740000,"(datetime.datetime(2026, 9, 29, 15, 44, 47, 698000),)",2a3c600d
408315770,-778810661,3083,0:32:01.800000,"(datetime.datetime(2026, 9, 29, 15, 44, 47, 755000),)",2a3c600a
408309451,-778800785,3056,0:32:01.850000,"(datetime.datetime(2026, 9, 29, 15, 44, 47, 802000),)",2a3c600d
408315817,-778810742,3083,0:32:01.870000,"(datetime.datetime(2026, 9, 29, 15, 44, 47, 820000),)",2a3c600a
408309545,-778800948,3056,0:32:01.920000,"(datetime.datetime(2026, 9, 29, 15, 44, 47, 872000),)",2a3c600d
408315872,-778810814,3083,0:32:01.940000,"(datetime.datetime(2026, 9, 29, 15, 44, 47, 891000),)",2a3c600a
408309644,-778801107,3056,0:32:01.980000,"(datetime.datetime(2026, 9, 29, 15, 44, 47, 936000),)",2a3c600d
408315920,-778810880,3083,0:32:02,"(datetime.datetime(2026, 9, 29, 15, 44, 47, 953000),)",2a3c600a
408309742,-778801253,3057,0:32:02.050000,"(datetime.datetime(2026, 9, 29, 15, 44, 48, 1000),)",2a3c600d
408315966,-778810970,3082,0:32:02.060000,"(datetime.datetime(2026, 9, 29, 15, 44, 48, 17000),)",2a3c600a
408309849,-778801402,3057,0:32:02.110000,"(datetime.datetime(2026, 9, 29, 15, 44, 48, 67000),)",2a3c600d
408316012,-778811042,3082,0:32:02.130000,"(datetime.datetime(2026, 9, 29, 15, 44, 48, 83000),)",2a3c600a
408309945,-778801545,3057,0:32:02.180000,"(datetime.datetime(2026, 9, 29, 15, 44, 48, 132000),)",2a3c600d
408316057,-778811118,3083,0:32:02.200000,"(datetime.datetime(2026, 9, 29, 15, 44, 48, 159000),)",2a3c600a
408310042,-778801698,3058,0:32:02.250000,"(datetime.datetime(2026, 9, 29, 15, 44, 48, 206000),)",2a3c600d
408316106,-778811193,3083,0:32:02.270000,"(datetime.datetime(2026, 9, 29, 15, 44, 48, 221000),)",2a3c600a
408310140,-778801849,3058,0:32:02.320000,"(datetime.datetime(2026, 9, 29, 15, 44, 48, 275000),)",2a3c600d
408316153,-778811275,3082,0:32:02.340000,"(datetime.datetime(2026, 9, 29, 15, 44, 48, 290000),)",2a3c600a
408310229,-778802002,3058,0:32:02.380000,"(datetime.datetime(2026, 9, 29, 15, 44, 48, 339000),)",2a3c600d
408316198,-778811342,3082,0:32:02.400000,"(datetime.datetime(2026, 9, 29, 15, 44, 48, 355000),)",2a3c600a
408310330,-778802145,3059,0:32:02.450000,"(datetime.datetime(2026, 9, 29, 15, 44, 48, 405000),)",2a3c600d
408316260,-778811412,3083,0:32:02.470000,"(datetime.datetime(2026, 9, 29, 15, 44, 48, 420000),)",2a3c600a
408310426,-778802296,3059,0:32:02.520000,"(datetime.datetime(2026, 9, 29, 15, 44, 48, 472000),)",2a3c600d
408316310,-778811484,3083,0:32:02.530000,"(datetime.datetime(2026, 9, 29, 15, 44, 48, 489000),)",2a3c600a
408310536,-778802430,3059,0:32:02.590000,"(datetime.datetime(2026, 9, 29, 15, 44, 48, 548000),)",2a3c600d
408316310,-778811484,3083,0:32:02.610000,"(datetime.datetime(2026, 9, 29, 15, 44, 48, 564000),)",2a3c600a
408310633,-778802583,3059,0:32:02.670000,"(datetime.datetime(2026, 9, 29, 15, 44, 48, 621000),)",2a3c600d
408316362,-778811560,3083,0:32:02.680000,"(datetime.datetime(2026, 9, 29, 15, 44, 48, 637000),)",2a3c600a
408310725,-778802729,3059,0:32:02.730000,"(datetime.datetime(2026, 9, 29, 15, 44, 48, 686000),)",2a3c600d
408316480,-778811710,3082,0:32:02.750000,"(datetime.datetime(2026, 9, 29, 15, 44, 48, 702000),)",2a3c600a
408310823,-778802876,3060,0:32:02.800000,"(datetime.datetime(2026, 9, 29, 15, 44, 48, 754000),)",2a3c600d
408316536,-778811783,3082,0:32:02.810000,"(datetime.datetime(2026, 9, 29, 15, 44, 48, 770000),)",2a3c600a
408310924,-778803018,3059,0:32:02.870000,"(datetime.datetime(2026, 9, 29, 15, 44, 48, 829000),)",2a3c600d
408316592,-778811854,3082,0:32:02.890000,"(datetime.datetime(2026, 9, 29, 15, 44, 48, 844000),)",2a3c600a
408311020,-778803167,3059,0:32:02.940000,"(datetime.datetime(2026, 9, 29, 15, 44, 48, 895000),)",2a3c600d
408316653,-778811926,3081,0:32:02.960000,"(datetime.datetime(2026, 9, 29, 15, 44, 48, 914000),)",2a3c600a
408311114,-778803314,3059,0:32:03.010000,"(datetime.datetime(2026, 9, 29, 15, 44, 48, 969000),)",2a3c600d
408316702,-778812012,3081,0:32:03.030000,"(datetime.datetime(2026, 9, 29, 15, 44, 48, 985000),)",2a3c600a
408311207,-778803463,3060,0:32:03.070000,"(datetime.datetime(2026, 9, 29, 15, 44, 49, 28000),)",2a3c600d
408316764,-778812095,3082,0:32:03.100000,"(datetime.datetime(2026, 9, 29, 15, 44, 49, 51000),)",2a3c600a
408311302,-778803605,3061,0:32:03.140000,"(datetime.datetime(2026, 9, 29, 15, 44, 49, 98000),)",2a3c600d
408316821,-778812175,3082,0:32:03.160000,"(datetime.datetime(2026, 9, 29, 15, 44, 49, 115000),)",2a3c600a
408311394,-778803759,3060,0:32:03.220000,"(datetime.datetime(2026, 9, 29, 15, 44, 49, 172000),)",2a3c600d
408316821,-778812175,3082,0:32:03.230000,"(datetime.datetime(2026, 9, 29, 15, 44, 49, 188000),)",2a3c600a
408311490,-778803903,3060,0:32:03.290000,"(datetime.datetime(2026, 9, 29, 15, 44, 49, 241000),)",2a3c600d
408316880,-778812261,3082,0:32:03.310000,"(datetime.datetime(2026, 9, 29, 15, 44, 49, 260000),)",2a3c600a
408311597,-778804026,3061,0:32:03.350000,"(datetime.datetime(2026, 9, 29, 15, 44, 49, 306000),)",2a3c600d
408316940,-778812336,3082,0:32:03.370000,"(datetime.datetime(2026, 9, 29, 15, 44, 49, 322000),)",2a3c600a
408311690,-778804176,3061,0:32:03.430000,"(datetime.datetime(2026, 9, 29, 15, 44, 49, 386000),)",2a3c600d
408316994,-778812426,3083,0:32:03.450000,"(datetime.datetime(2026, 9, 29, 15, 44, 49, 404000),)",2a3c600a
408311784,-778804314,3061,0:32:03.490000,"(datetime.datetime(2026, 9, 29, 15, 44, 49, 450000),)",2a3c600d
408317058,-778812511,3082,0:32:03.510000,"(datetime.datetime(2026, 9, 29, 15, 44, 49, 469000),)",2a3c600a
408311867,-778804470,3061,0:32:03.570000,"(datetime.datetime(2026, 9, 29, 15, 44, 49, 524000),)",2a3c600d
408317115,-778812602,3081,0:32:03.590000,"(datetime.datetime(2026, 9, 29, 15, 44, 49, 541000),)",2a3c600a
408311956,-778804610,3060,0:32:03.640000,"(datetime.datetime(2026, 9, 29, 15, 44, 49, 594000),)",2a3c600d
408317178,-778812687,3081,0:32:03.660000,"(datetime.datetime(2026, 9, 29, 15, 44, 49, 614000),)",2a3c600a
408312044,-778804740,3061,0:32:03.710000,"(datetime.datetime(2026, 9, 29, 15, 44, 49, 663000),)",2a3c600d
408317239,-778812771,3081,0:32:03.720000,"(datetime.datetime(2026, 9, 29, 15, 44, 49, 679000),)",2a3c600a
408312127,-778804872,3061,0:32:03.770000,"(datetime.datetime(2026, 9, 29, 15, 44, 49, 728000),)",2a3c600d
408317298,-778812858,3082,0:32:03.790000,"(datetime.datetime(2026, 9, 29, 15, 44, 49, 744000),)",2a3c600a
408312225,-778804988,3061,0:32:03.840000,"(datetime.datetime(2026, 9, 29, 15, 44, 49, 795000),)",2a3c600d
408317365,-778812949,3081,0:32:03.860000,"(datetime.datetime(2026, 9, 29, 15, 44, 49, 811000),)",2a3c600a
408312309,-778805116,3061,0:32:03.910000,"(datetime.datetime(2026, 9, 29, 15, 44, 49, 861000),)",2a3c600d
408317421,-778813029,3082,0:32:03.930000,"(datetime.datetime(2026, 9, 29, 15, 44, 49, 885000),)",2a3c600a
408312386,-778805254,3062,0:32:03.970000,"(datetime.datetime(2026, 9, 29, 15, 44, 49, 930000),)",2a3c600d
408317484,-778813121,3082,0:32:03.990000,"(datetime.datetime(2026, 9, 29, 15, 44, 49, 946000),)",2a3c600a
408312467,-778805377,3062,0:32:04.040000,"(datetime.datetime(2026, 9, 29, 15, 44, 49, 996000),)",2a3c600d
408317550,-778813213,3082,0:32:04.070000,"(datetime.datetime(2026, 9, 29, 15, 44, 50, 22000),)",2a3c600a
408312546,-778805505,3063,0:32:04.100000,"(datetime.datetime(2026, 9, 29, 15, 44, 50, 60000),)",2a3c600d
408317615,-778813299,3083,0:32:04.170000,"(datetime.datetime(2026, 9, 29, 15, 44, 50, 121000),)",2a3c600a
408312629,-778805627,3063,0:32:04.200000,"(datetime.datetime(2026, 9, 29, 15, 44, 50, 154000),)",2a3c600d
408317668,-778813389,3082,0:32:04.270000,"(datetime.datetime(2026, 9, 29, 15, 44, 50, 222000),)",2a3c600a
408312714,-778805739,3063,0:32:04.300000,"(datetime.datetime(2026, 9, 29, 15, 44, 50, 254000),)",2a3c600d
408317727,-778813482,3080,0:32:04.370000,"(datetime.datetime(2026, 9, 29, 15, 44, 50, 321000),)",2a3c600a
408312802,-778805843,3064,0:32:04.400000,"(datetime.datetime(2026, 9, 29, 15, 44, 50, 355000),)",2a3c600d
408317862,-778813665,3080,0:32:04.470000,"(datetime.datetime(2026, 9, 29, 15, 44, 50, 422000),)",2a3c600a
408312877,-778805953,3064,0:32:04.500000,"(datetime.datetime(2026, 9, 29, 15, 44, 50, 454000),)",2a3c600d
408317862,-778813665,3080,0:32:04.570000,"(datetime.datetime(2026, 9, 29, 15, 44, 50, 521000),)",2a3c600a
408312957,-778806064,3064,0:32:04.590000,"(datetime.datetime(2026, 9, 29, 15, 44, 50, 546000),)",2a3c600d
408317996,-778813857,3080,0:32:04.680000,"(datetime.datetime(2026, 9, 29, 15, 44, 50, 634000),)",2a3c600a
408313028,-778806183,3064,0:32:04.700000,"(datetime.datetime(2026, 9, 29, 15, 44, 50, 658000),)",2a3c600d
408318060,-778813951,3079,0:32:04.770000,"(datetime.datetime(2026, 9, 29, 15, 44, 50, 725000),)",2a3c600a
408313101,-778806293,3064,0:32:04.790000,"(datetime.datetime(2026, 9, 29, 15, 44, 50, 748000),)",2a3c600d
408318131,-778814045,3080,0:32:04.870000,"(datetime.datetime(2026, 9, 29, 15, 44, 50, 821000),)",2a3c600a
408313164,-778806413,3064,0:32:04.890000,"(datetime.datetime(2026, 9, 29, 15, 44, 50, 845000),)",2a3c600d
408318199,-778814147,3080,0:32:04.970000,"(datetime.datetime(2026, 9, 29, 15, 44, 50, 922000),)",2a3c600a
408313238,-778806512,3064,0:32:04.990000,"(datetime.datetime(2026, 9, 29, 15, 44, 50, 949000),)",2a3c600d
408318199,-778814147,3080,0:32:05.070000,"(datetime.datetime(2026, 9, 29, 15, 44, 51, 23000),)",2a3c600a
408313313,-778806612,3065,0:32:05.100000,"(datetime.datetime(2026, 9, 29, 15, 44, 51, 51000),)",2a3c600d
408318267,-778814242,3081,0:32:05.170000,"(datetime.datetime(2026, 9, 29, 15, 44, 51, 122000),)",2a3c600a
408313388,-778806717,3066,0:32:05.200000,"(datetime.datetime(2026, 9, 29, 15, 44, 51, 152000),)",2a3c600d
408318332,-778814346,3081,0:32:05.270000,"(datetime.datetime(2026, 9, 29, 15, 44, 51, 223000),)",2a3c600a
408313452,-778806809,3065,0:32:05.300000,"(datetime.datetime(2026, 9, 29, 15, 44, 51, 251000),)",2a3c600d
408318401,-778814444,3082,0:32:05.360000,"(datetime.datetime(2026, 9, 29, 15, 44, 51, 311000),)",2a3c600a
408313522,-778806904,3066,0:32:05.390000,"(datetime.datetime(2026, 9, 29, 15, 44, 51, 346000),)",2a3c600d
408318473,-778814546,3081,0:32:05.460000,"(datetime.datetime(2026, 9, 29, 15, 44, 51, 411000),)",2a3c600a
408313589,-778807004,3066,0:32:05.490000,"(datetime.datetime(2026, 9, 29, 15, 44, 51, 446000),)",2a3c600d
408318544,-778814646,3082,0:32:05.560000,"(datetime.datetime(2026, 9, 29, 15, 44, 51, 511000),)",2a3c600a
408313660,-778807101,3065,0:32:05.600000,"(datetime.datetime(2026, 9, 29, 15, 44, 51, 551000),)",2a3c600d
408318617,-778814748,3082,0:32:05.660000,"(datetime.datetime(2026, 9, 29, 15, 44, 51, 617000),)",2a3c600a
408313722,-778807195,3066,0:32:05.700000,"(datetime.datetime(2026, 9, 29, 15, 44, 51, 651000),)",2a3c600d
408318687,-778814851,3083,0:32:05.760000,"(datetime.datetime(2026, 9, 29, 15, 44, 51, 714000),)",2a3c600a
408313783,-778807305,3065,0:32:05.800000,"(datetime.datetime(2026, 9, 29, 15, 44, 51, 756000),)",2a3c600d
408318760,-778814954,3081,0:32:05.870000,"(datetime.datetime(2026, 9, 29, 15, 44, 51, 825000),)",2a3c600a
408313848,-778807399,3065,0:32:05.890000,"(datetime.datetime(2026, 9, 29, 15, 44, 51, 846000),)",2a3c600d
408318830,-778815054,3081,0:32:05.960000,"(datetime.datetime(2026, 9, 29, 15, 44, 51, 911000),)",2a3c600a
408313911,-778807490,3065,0:32:05.990000,"(datetime.datetime(2026, 9, 29, 15, 44, 51, 946000),)",2a3c600d
408318904,-778815158,3081,0:32:06.060000,"(datetime.datetime(2026, 9, 29, 15, 44, 52, 11000),)",2a3c600a
408313975,-778807581,3065,0:32:06.090000,"(datetime.datetime(2026, 9, 29, 15, 44, 52, 46000),)",2a3c600d
408318981,-778815261,3083,0:32:06.160000,"(datetime.datetime(2026, 9, 29, 15, 44, 52, 116000),)",2a3c600a
408314048,-778807677,3066,0:32:06.200000,"(datetime.datetime(2026, 9, 29, 15, 44, 52, 158000),)",2a3c600d
408319058,-778815358,3084,0:32:06.260000,"(datetime.datetime(2026, 9, 29, 15, 44, 52, 212000),)",2a3c600a
408314109,-778807760,3066,0:32:06.290000,"(datetime.datetime(2026, 9, 29, 15, 44, 52, 245000),)",2a3c600d
408319135,-778815468,3083,0:32:06.360000,"(datetime.datetime(2026, 9, 29, 15, 44, 52, 311000),)",2a3c600a
408314174,-778807850,3066,0:32:06.390000,"(datetime.datetime(2026, 9, 29, 15, 44, 52, 346000),)",2a3c600d
408319209,-778815571,3082,0:32:06.460000,"(datetime.datetime(2026, 9, 29, 15, 44, 52, 416000),)",2a3c600a
408314248,-778807927,3067,0:32:06.500000,"(datetime.datetime(2026, 9, 29, 15, 44, 52, 453000),)",2a3c600d
408319284,-778815683,3083,0:32:06.560000,"(datetime.datetime(2026, 9, 29, 15, 44, 52, 511000),)",2a3c600a
408314304,-778808020,3066,0:32:06.590000,"(datetime.datetime(2026, 9, 29, 15, 44, 52, 546000),)",2a3c600d
408319358,-778815796,3083,0:32:06.660000,"(datetime.datetime(2026, 9, 29, 15, 44, 52, 612000),)",2a3c600a
408314371,-778808109,3066,0:32:06.690000,"(datetime.datetime(2026, 9, 29, 15, 44, 52, 646000),)",2a3c600d
408319434,-778815908,3084,0:32:06.760000,"(datetime.datetime(2026, 9, 29, 15, 44, 52, 712000),)",2a3c600a
408314433,-778808199,3066,0:32:06.790000,"(datetime.datetime(2026, 9, 29, 15, 44, 52, 745000),)",2a3c600d
408319511,-778816014,3084,0:32:06.860000,"(datetime.datetime(2026, 9, 29, 15, 44, 52, 812000),)",2a3c600a
408314496,-778808280,3066,0:32:06.890000,"(datetime.datetime(2026, 9, 29, 15, 44, 52, 845000),)",2a3c600d
408319592,-778816117,3084,0:32:06.960000,"(datetime.datetime(2026, 9, 29, 15, 44, 52, 912000),)",2a3c600a
408314557,-778808370,3066,0:32:06.990000,"(datetime.datetime(2026, 9, 29, 15, 44, 52, 945000),)",2a3c600d
408319667,-778816233,3083,0:32:07.060000,"(datetime.datetime(2026, 9, 29, 15, 44, 53, 13000),)",2a3c600a
408314595,-778808485,3065,0:32:07.090000,"(datetime.datetime(2026, 9, 29, 15, 44, 53, 46000),)",2a3c600d
408319746,-778816343,3083,0:32:07.160000,"(datetime.datetime(2026, 9, 29, 15, 44, 53, 112000),)",2a3c600a
408314657,-778808586,3065,0:32:07.200000,"(datetime.datetime(2026, 9, 29, 15, 44, 53, 157000),)",2a3c600d
408319828,-778816443,3084,0:32:07.260000,"(datetime.datetime(2026, 9, 29, 15, 44, 53, 211000),)",2a3c600a
408314712,-778808675,3064,0:32:07.300000,"(datetime.datetime(2026, 9, 29, 15, 44, 53, 258000),)",2a3c600d
408319908,-778816553,3083,0:32:07.360000,"(datetime.datetime(2026, 9, 29, 15, 44, 53, 317000),)",2a3c600a
408314776,-778808755,3065,0:32:07.390000,"(datetime.datetime(2026, 9, 29, 15, 44, 53, 347000),)",2a3c600d
408319983,-778816675,3084,0:32:07.460000,"(datetime.datetime(2026, 9, 29, 15, 44, 53, 412000),)",2a3c600a
408314832,-778808850,3065,0:32:07.510000,"(datetime.datetime(2026, 9, 29, 15, 44, 53, 462000),)",2a3c600d
408320060,-778816790,3085,0:32:07.560000,"(datetime.datetime(2026, 9, 29, 15, 44, 53, 511000),)",2a3c600a
408314897,-778808923,3065,0:32:07.590000,"(datetime.datetime(2026, 9, 29, 15, 44, 53, 546000),)",2a3c600d
408320144,-778816902,3085,0:32:07.660000,"(datetime.datetime(2026, 9, 29, 15, 44, 53, 612000),)",2a3c600a
408314953,-778809011,3064,0:32:07.690000,"(datetime.datetime(2026, 9, 29, 15, 44, 53, 645000),)",2a3c600d
408320228,-778817022,3085,0:32:07.760000,"(datetime.datetime(2026, 9, 29, 15, 44, 53, 711000),)",2a3c600a
408315010,-778809101,3064,0:32:07.790000,"(datetime.datetime(2026, 9, 29, 15, 44, 53, 745000),)",2a3c600d
408320301,-778817139,3085,0:32:07.860000,"(datetime.datetime(2026, 9, 29, 15, 44, 53, 812000),)",2a3c600a
408315074,-778809171,3065,0:32:07.890000,"(datetime.datetime(2026, 9, 29, 15, 44, 53, 846000),)",2a3c600d
408320390,-778817249,3085,0:32:07.960000,"(datetime.datetime(2026, 9, 29, 15, 44, 53, 914000),)",2a3c600a
408315135,-778809258,3065,0:32:07.990000,"(datetime.datetime(2026, 9, 29, 15, 44, 53, 945000),)",2a3c600d
408320474,-778817365,3084,0:32:08.060000,"(datetime.datetime(2026, 9, 29, 15, 44, 54, 12000),)",2a3c600a
408315196,-778809339,3065,0:32:08.090000,"(datetime.datetime(2026, 9, 29, 15, 44, 54, 48000),)",2a3c600d
408320557,-778817477,3084,0:32:08.160000,"(datetime.datetime(2026, 9, 29, 15, 44, 54, 112000),)",2a3c600a
408315245,-778809433,3064,0:32:08.190000,"(datetime.datetime(2026, 9, 29, 15, 44, 54, 149000),)",2a3c600d
408320644,-778817589,3085,0:32:08.260000,"(datetime.datetime(2026, 9, 29, 15, 44, 54, 212000),)",2a3c600a
408315313,-778809501,3064,0:32:08.290000,"(datetime.datetime(2026, 9, 29, 15, 44, 54, 248000),)",2a3c600d
408320728,-778817720,3087,0:32:08.360000,"(datetime.datetime(2026, 9, 29, 15, 44, 54, 312000),)",2a3c600a
408315374,-778809579,3064,0:32:08.390000,"(datetime.datetime(2026, 9, 29, 15, 44, 54, 349000),)",2a3c600d
408320816,-778817833,3087,0:32:08.460000,"(datetime.datetime(2026, 9, 29, 15, 44, 54, 413000),)",2a3c600a
408315425,-778809656,3064,0:32:08.490000,"(datetime.datetime(2026, 9, 29, 15, 44, 54, 448000),)",2a3c600d
408320895,-778817953,3087,0:32:08.560000,"(datetime.datetime(2026, 9, 29, 15, 44, 54, 513000),)",2a3c600a
408315483,-778809725,3064,0:32:08.600000,"(datetime.datetime(2026, 9, 29, 15, 44, 54, 554000),)",2a3c600d
408320979,-778818070,3087,0:32:08.660000,"(datetime.datetime(2026, 9, 29, 15, 44, 54, 615000),)",2a3c600a
408315532,-778809804,3064,0:32:08.700000,"(datetime.datetime(2026, 9, 29, 15, 44, 54, 653000),)",2a3c600d
408321064,-778818188,3087,0:32:08.760000,"(datetime.datetime(2026, 9, 29, 15, 44, 54, 719000),)",2a3c600a
408315585,-778809874,3065,0:32:08.790000,"(datetime.datetime(2026, 9, 29, 15, 44, 54, 748000),)",2a3c600d
408321152,-778818310,3088,0:32:08.860000,"(datetime.datetime(2026, 9, 29, 15, 44, 54, 812000),)",2a3c600a
408315637,-778809948,3065,0:32:08.890000,"(datetime.datetime(2026, 9, 29, 15, 44, 54, 849000),)",2a3c600d
408321240,-778818434,3089,0:32:08.960000,"(datetime.datetime(2026, 9, 29, 15, 44, 54, 912000),)",2a3c600a
408315689,-778810017,3065,0:32:09,"(datetime.datetime(2026, 9, 29, 15, 44, 54, 953000),)",2a3c600d
408321323,-778818554,3089,0:32:09.060000,"(datetime.datetime(2026, 9, 29, 15, 44, 55, 12000),)",2a3c600a
408315742,-778810082,3065,0:32:09.110000,"(datetime.datetime(2026, 9, 29, 15, 44, 55, 66000),)",2a3c600d
408321409,-778818683,3090,0:32:09.160000,"(datetime.datetime(2026, 9, 29, 15, 44, 55, 112000),)",2a3c600a
408321493,-778818808,3091,0:32:09.260000,"(datetime.datetime(2026, 9, 29, 15, 44, 55, 213000),)",2a3c600a
408315793,-778810162,3065,0:32:09.290000,"(datetime.datetime(2026, 9, 29, 15, 44, 55, 248000),)",2a3c600d
408315838,-778810221,3065,0:32:09.330000,"(datetime.datetime(2026, 9, 29, 15, 44, 55, 283000),)",2a3c600d
408321579,-778818936,3091,0:32:09.360000,"(datetime.datetime(2026, 9, 29, 15, 44, 55, 312000),)",2a3c600a
408315862,-778810302,3064,0:32:09.400000,"(datetime.datetime(2026, 9, 29, 15, 44, 55, 351000),)",2a3c600d
408321670,-778819047,3090,0:32:09.460000,"(datetime.datetime(2026, 9, 29, 15, 44, 55, 413000),)",2a3c600a
408315907,-778810373,3064,0:32:09.500000,"(datetime.datetime(2026, 9, 29, 15, 44, 55, 451000),)",2a3c600d
408321757,-778819168,3091,0:32:09.560000,"(datetime.datetime(2026, 9, 29, 15, 44, 55, 512000),)",2a3c600a
408315951,-778810432,3064,0:32:09.600000,"(datetime.datetime(2026, 9, 29, 15, 44, 55, 557000),)",2a3c600d
408321844,-778819294,3091,0:32:09.660000,"(datetime.datetime(2026, 9, 29, 15, 44, 55, 612000),)",2a3c600a
408315992,-778810502,3065,0:32:09.700000,"(datetime.datetime(2026, 9, 29, 15, 44, 55, 650000),)",2a3c600d
408321933,-778819414,3092,0:32:09.760000,"(datetime.datetime(2026, 9, 29, 15, 44, 55, 713000),)",2a3c600a
408316031,-778810569,3064,0:32:09.790000,"(datetime.datetime(2026, 9, 29, 15, 44, 55, 749000),)",2a3c600d
408322017,-778819526,3091,0:32:09.840000,"(datetime.datetime(2026, 9, 29, 15, 44, 55, 798000),)",2a3c600a
408316083,-778810616,3064,0:32:09.890000,"(datetime.datetime(2026, 9, 29, 15, 44, 55, 848000),)",2a3c600d
408322104,-778819641,3091,0:32:09.930000,"(datetime.datetime(2026, 9, 29, 15, 44, 55, 890000),)",2a3c600a
408316128,-778810676,3064,0:32:09.990000,"(datetime.datetime(2026, 9, 29, 15, 44, 55, 949000),)",2a3c600d
408322189,-778819762,3091,0:32:10.040000,"(datetime.datetime(2026, 9, 29, 15, 44, 55, 999000),)",2a3c600a
408316169,-778810733,3065,0:32:10.100000,"(datetime.datetime(2026, 9, 29, 15, 44, 56, 51000),)",2a3c600d
408322276,-778819877,3092,0:32:10.140000,"(datetime.datetime(2026, 9, 29, 15, 44, 56, 92000),)",2a3c600a
408316210,-778810807,3066,0:32:10.200000,"(datetime.datetime(2026, 9, 29, 15, 44, 56, 151000),)",2a3c600d
408322361,-778819986,3092,0:32:10.230000,"(datetime.datetime(2026, 9, 29, 15, 44, 56, 190000),)",2a3c600a
408316250,-778810864,3065,0:32:10.290000,"(datetime.datetime(2026, 9, 29, 15, 44, 56, 248000),)",2a3c600d
408322445,-778820115,3093,0:32:10.330000,"(datetime.datetime(2026, 9, 29, 15, 44, 56, 290000),)",2a3c600a
408316289,-778810918,3065,0:32:10.390000,"(datetime.datetime(2026, 9, 29, 15, 44, 56, 347000),)",2a3c600d
408322529,-778820239,3094,0:32:10.430000,"(datetime.datetime(2026, 9, 29, 15, 44, 56, 389000),)",2a3c600a
408316330,-778810972,3066,0:32:10.490000,"(datetime.datetime(2026, 9, 29, 15, 44, 56, 449000),)",2a3c600d
408322619,-778820347,3094,0:32:10.530000,"(datetime.datetime(2026, 9, 29, 15, 44, 56, 490000),)",2a3c600a
408316368,-778811034,3065,0:32:10.590000,"(datetime.datetime(2026, 9, 29, 15, 44, 56, 548000),)",2a3c600d
408322705,-778820467,3094,0:32:10.630000,"(datetime.datetime(2026, 9, 29, 15, 44, 56, 589000),)",2a3c600a
408316403,-778811092,3065,0:32:10.690000,"(datetime.datetime(2026, 9, 29, 15, 44, 56, 649000),)",2a3c600d
408322793,-778820581,3095,0:32:10.740000,"(datetime.datetime(2026, 9, 29, 15, 44, 56, 692000),)",2a3c600a
408316441,-778811146,3065,0:32:10.790000,"(datetime.datetime(2026, 9, 29, 15, 44, 56, 748000),)",2a3c600d
408322877,-778820696,3094,0:32:10.830000,"(datetime.datetime(2026, 9, 29, 15, 44, 56, 789000),)",2a3c600a
408316478,-778811195,3065,0:32:10.890000,"(datetime.datetime(2026, 9, 29, 15, 44, 56, 849000),)",2a3c600d
408322958,-778820808,3094,0:32:10.930000,"(datetime.datetime(2026, 9, 29, 15, 44, 56, 889000),)",2a3c600a
408316514,-778811248,3065,0:32:11,"(datetime.datetime(2026, 9, 29, 15, 44, 56, 951000),)",2a3c600d
408323033,-778820937,3096,0:32:11.030000,"(datetime.datetime(2026, 9, 29, 15, 44, 56, 990000),)",2a3c600a
408316550,-778811298,3065,0:32:11.100000,"(datetime.datetime(2026, 9, 29, 15, 44, 57, 52000),)",2a3c600d
408323112,-778821061,3096,0:32:11.130000,"(datetime.datetime(2026, 9, 29, 15, 44, 57, 90000),)",2a3c600a
408316584,-778811356,3065,0:32:11.190000,"(datetime.datetime(2026, 9, 29, 15, 44, 57, 149000),)",2a3c600d
408323194,-778821171,3099,0:32:11.240000,"(datetime.datetime(2026, 9, 29, 15, 44, 57, 192000),)",2a3c600a
408316616,-778811403,3065,0:32:11.290000,"(datetime.datetime(2026, 9, 29, 15, 44, 57, 248000),)",2a3c600d
408323265,-778821277,3098,0:32:11.340000,"(datetime.datetime(2026, 9, 29, 15, 44, 57, 290000),)",2a3c600a
408316650,-778811452,3066,0:32:11.390000,"(datetime.datetime(2026, 9, 29, 15, 44, 57, 348000),)",2a3c600d
408323347,-778821387,3098,0:32:11.440000,"(datetime.datetime(2026, 9, 29, 15, 44, 57, 397000),)",2a3c600a
408316681,-778811497,3066,0:32:11.490000,"(datetime.datetime(2026, 9, 29, 15, 44, 57, 448000),)",2a3c600d
408323424,-778821500,3100,0:32:11.540000,"(datetime.datetime(2026, 9, 29, 15, 44, 57, 492000),)",2a3c600a
408316704,-778811545,3066,0:32:11.590000,"(datetime.datetime(2026, 9, 29, 15, 44, 57, 548000),)",2a3c600d
408323498,-778821608,3101,0:32:11.630000,"(datetime.datetime(2026, 9, 29, 15, 44, 57, 589000),)",2a3c600a
408316734,-778811581,3066,0:32:11.690000,"(datetime.datetime(2026, 9, 29, 15, 44, 57, 648000),)",2a3c600d
408323579,-778821706,3101,0:32:11.740000,"(datetime.datetime(2026, 9, 29, 15, 44, 57, 690000),)",2a3c600a
408316763,-778811628,3066,0:32:11.790000,"(datetime.datetime(2026, 9, 29, 15, 44, 57, 749000),)",2a3c600d
408323650,-778821802,3101,0:32:11.840000,"(datetime.datetime(2026, 9, 29, 15, 44, 57, 792000),)",2a3c600a
408316789,-778811652,3066,0:32:11.890000,"(datetime.datetime(2026, 9, 29, 15, 44, 57, 849000),)",2a3c600d
408323729,-778821899,3101,0:32:11.940000,"(datetime.datetime(2026, 9, 29, 15, 44, 57, 895000),)",2a3c600a
408316813,-778811698,3066,0:32:11.990000,"(datetime.datetime(2026, 9, 29, 15, 44, 57, 950000),)",2a3c600d
408323796,-778822007,3102,0:32:12.040000,"(datetime.datetime(2026, 9, 29, 15, 44, 57, 996000),)",2a3c600a
408316839,-778811736,3066,0:32:12.090000,"(datetime.datetime(2026, 9, 29, 15, 44, 58, 48000),)",2a3c600d
408323868,-778822107,3102,0:32:12.140000,"(datetime.datetime(2026, 9, 29, 15, 44, 58, 92000),)",2a3c600a
408316874,-778811764,3066,0:32:12.190000,"(datetime.datetime(2026, 9, 29, 15, 44, 58, 148000),)",2a3c600d
408323939,-778822213,3104,0:32:12.240000,"(datetime.datetime(2026, 9, 29, 15, 44, 58, 195000),)",2a3c600a
408316904,-778811790,3066,0:32:12.290000,"(datetime.datetime(2026, 9, 29, 15, 44, 58, 249000),)",2a3c600d
408324007,-778822298,3104,0:32:12.340000,"(datetime.datetime(2026, 9, 29, 15, 44, 58, 290000),)",2a3c600a
408316929,-778811827,3066,0:32:12.390000,"(datetime.datetime(2026, 9, 29, 15, 44, 58, 348000),)",2a3c600d
408324074,-778822391,3105,0:32:12.430000,"(datetime.datetime(2026, 9, 29, 15, 44, 58, 389000),)",2a3c600a
408316950,-778811868,3066,0:32:12.490000,"(datetime.datetime(2026, 9, 29, 15, 44, 58, 449000),)",2a3c600d
408324139,-778822483,3106,0:32:12.540000,"(datetime.datetime(2026, 9, 29, 15, 44, 58, 490000),)",2a3c600a
408316976,-778811900,3066,0:32:12.600000,"(datetime.datetime(2026, 9, 29, 15, 44, 58, 554000),)",2a3c600d
408324208,-778822571,3106,0:32:12.640000,"(datetime.datetime(2026, 9, 29, 15, 44, 58, 596000),)",2a3c600a
408317002,-778811931,3066,0:32:12.690000,"(datetime.datetime(2026, 9, 29, 15, 44, 58, 648000),)",2a3c600d
408324278,-778822659,3107,0:32:12.740000,"(datetime.datetime(2026, 9, 29, 15, 44, 58, 691000),)",2a3c600a
408317024,-778811969,3066,0:32:12.790000,"(datetime.datetime(2026, 9, 29, 15, 44, 58, 749000),)",2a3c600d
408324341,-778822745,3108,0:32:12.840000,"(datetime.datetime(2026, 9, 29, 15, 44, 58, 793000),)",2a3c600a
408317044,-778812012,3066,0:32:12.890000,"(datetime.datetime(2026, 9, 29, 15, 44, 58, 848000),)",2a3c600d
408324405,-778822828,3109,0:32:12.930000,"(datetime.datetime(2026, 9, 29, 15, 44, 58, 889000),)",2a3c600a
408317066,-778812056,3066,0:32:13.140000,"(datetime.datetime(2026, 9, 29, 15, 44, 59, 90000),)",2a3c600d
408324466,-778822913,3108,0:32:13.420000,"(datetime.datetime(2026, 9, 29, 15, 44, 59, 374000),)",2a3c600a
408317092,-778812083,3066,0:32:13.500000,"(datetime.datetime(2026, 9, 29, 15, 44, 59, 456000),)",2a3c600d
408324528,-778822993,3109,0:32:13.690000,"(datetime.datetime(2026, 9, 29, 15, 44, 59, 644000),)",2a3c600a
408317122,-778812115,3066,0:32:13.780000,"(datetime.datetime(2026, 9, 29, 15, 44, 59, 735000),)",2a3c600d
408324588,-778823085,3110,0:32:13.910000,"(datetime.datetime(2026, 9, 29, 15, 44, 59, 868000),)",2a3c600a
408317144,-778812150,3067,0:32:14.040000,"(datetime.datetime(2026, 9, 29, 15, 44, 59, 991000),)",2a3c600d
408324647,-778823157,3111,0:32:14.100000,"(datetime.datetime(2026, 9, 29, 15, 45, 0, 50000),)",2a3c600a
408317166,-778812185,3066,0:32:14.170000,"(datetime.datetime(2026, 9, 29, 15, 45, 0, 122000),)",2a3c600d
408324707,-778823229,3111,0:32:14.250000,"(datetime.datetime(2026, 9, 29, 15, 45, 0, 205000),)",2a3c600a
408317166,-778812185,3066,0:32:14.290000,"(datetime.datetime(2026, 9, 29, 15, 45, 0, 247000),)",2a3c600d
408324765,-778823300,3111,0:32:14.360000,"(datetime.datetime(2026, 9, 29, 15, 45, 0, 311000),)",2a3c600a
408317192,-778812219,3066,0:32:14.390000,"(datetime.datetime(2026, 9, 29, 15, 45, 0, 345000),)",2a3c600d
408324830,-778823380,3113,0:32:14.490000,"(datetime.datetime(2026, 9, 29, 15, 45, 0, 447000),)",2a3c600a
408317220,-778812254,3066,0:32:14.610000,"(datetime.datetime(2026, 9, 29, 15, 45, 0, 563000),)",2a3c600d
408324877,-778823453,3114,0:32:14.750000,"(datetime.datetime(2026, 9, 29, 15, 45, 0, 704000),)",2a3c600a
408317246,-778812295,3067,0:32:14.800000,"(datetime.datetime(2026, 9, 29, 15, 45, 0, 753000),)",2a3c600d
408324931,-778823518,3112,0:32:14.910000,"(datetime.datetime(2026, 9, 29, 15, 45, 0, 864000),)",2a3c600a
408317273,-778812336,3067,0:32:14.990000,"(datetime.datetime(2026, 9, 29, 15, 45, 0, 942000),)",2a3c600d
408324984,-778823586,3112,0:32:15.110000,"(datetime.datetime(2026, 9, 29, 15, 45, 1, 66000),)",2a3c600a
408317302,-778812380,3067,0:32:15.190000,"(datetime.datetime(2026, 9, 29, 15, 45, 1, 145000),)",2a3c600d
408325037,-778823661,3114,0:32:15.310000,"(datetime.datetime(2026, 9, 29, 15, 45, 1, 266000),)",2a3c600a
408317334,-778812423,3066,0:32:15.390000,"(datetime.datetime(2026, 9, 29, 15, 45, 1, 342000),)",2a3c600d
408325090,-778823728,3115,0:32:15.530000,"(datetime.datetime(2026, 9, 29, 15, 45, 1, 481000),)",2a3c600a
408317401,-778812506,3068,0:32:15.670000,"(datetime.datetime(2026, 9, 29, 15, 45, 1, 628000),)",2a3c600d
408325149,-778823799,3116,0:32:15.720000,"(datetime.datetime(2026, 9, 29, 15, 45, 1, 671000),)",2a3c600a
408317434,-778812554,3068,0:32:15.780000,"(datetime.datetime(2026, 9, 29, 15, 45, 1, 733000),)",2a3c600d
408325194,-778823866,3116,0:32:15.800000,"(datetime.datetime(2026, 9, 29, 15, 45, 1, 752000),)",2a3c600a
408317470,-778812606,3068,0:32:15.840000,"(datetime.datetime(2026, 9, 29, 15, 45, 1, 795000),)",2a3c600d
408325242,-778823926,3116,0:32:15.860000,"(datetime.datetime(2026, 9, 29, 15, 45, 1, 814000),)",2a3c600a
408317508,-778812657,3068,0:32:15.910000,"(datetime.datetime(2026, 9, 29, 15, 45, 1, 864000),)",2a3c600d
408325291,-778824001,3117,0:32:15.930000,"(datetime.datetime(2026, 9, 29, 15, 45, 1, 881000),)",2a3c600a
408317544,-778812714,3069,0:32:15.980000,"(datetime.datetime(2026, 9, 29, 15, 45, 1, 937000),)",2a3c600d
408325336,-778824061,3118,0:32:16,"(datetime.datetime(2026, 9, 29, 15, 45, 1, 954000),)",2a3c600a
408317582,-778812769,3068,0:32:16.050000,"(datetime.datetime(2026, 9, 29, 15, 45, 2, 8000),)",2a3c600d
408325385,-778824115,3118,0:32:16.070000,"(datetime.datetime(2026, 9, 29, 15, 45, 2, 27000),)",2a3c600a
408317582,-778812769,3068,0:32:16.130000,"(datetime.datetime(2026, 9, 29, 15, 45, 2, 85000),)",2a3c600d
408325430,-778824182,3120,0:32:16.150000,"(datetime.datetime(2026, 9, 29, 15, 45, 2, 103000),)",2a3c600a
408317669,-778812885,3070,0:32:16.200000,"(datetime.datetime(2026, 9, 29, 15, 45, 2, 160000),)",2a3c600d
408325477,-778824243,3120,0:32:16.220000,"(datetime.datetime(2026, 9, 29, 15, 45, 2, 178000),)",2a3c600a
408317714,-778812949,3070,0:32:16.270000,"(datetime.datetime(2026, 9, 29, 15, 45, 2, 229000),)",2a3c600d
408325520,-778824302,3121,0:32:16.300000,"(datetime.datetime(2026, 9, 29, 15, 45, 2, 251000),)",2a3c600a
408317757,-778813014,3069,0:32:16.350000,"(datetime.datetime(2026, 9, 29, 15, 45, 2, 304000),)",2a3c600d
408325568,-778824361,3121,0:32:16.370000,"(datetime.datetime(2026, 9, 29, 15, 45, 2, 321000),)",2a3c600a
408317807,-778813062,3070,0:32:16.420000,"(datetime.datetime(2026, 9, 29, 15, 45, 2, 375000),)",2a3c600d
408325630,-778824425,3121,0:32:16.440000,"(datetime.datetime(2026, 9, 29, 15, 45, 2, 393000),)",2a3c600a
408317807,-778813062,3070,0:32:16.490000,"(datetime.datetime(2026, 9, 29, 15, 45, 2, 448000),)",2a3c600d
408325668,-778824478,3121,0:32:16.510000,"(datetime.datetime(2026, 9, 29, 15, 45, 2, 466000),)",2a3c600a
408317861,-778813134,3070,0:32:16.600000,"(datetime.datetime(2026, 9, 29, 15, 45, 2, 550000),)",2a3c600d
408325720,-778824529,3121,0:32:16.630000,"(datetime.datetime(2026, 9, 29, 15, 45, 2, 584000),)",2a3c600a
408317907,-778813199,3071,0:32:16.650000,"(datetime.datetime(2026, 9, 29, 15, 45, 2, 602000),)",2a3c600d
408325763,-778824585,3120,0:32:16.710000,"(datetime.datetime(2026, 9, 29, 15, 45, 2, 664000),)",2a3c600a
408317954,-778813273,3071,0:32:16.750000,"(datetime.datetime(2026, 9, 29, 15, 45, 2, 709000),)",2a3c600d
408325805,-778824638,3120,0:32:16.770000,"(datetime.datetime(2026, 9, 29, 15, 45, 2, 729000),)",2a3c600a
408318007,-778813345,3071,0:32:16.820000,"(datetime.datetime(2026, 9, 29, 15, 45, 2, 776000),)",2a3c600d
408325850,-778824692,3121,0:32:16.840000,"(datetime.datetime(2026, 9, 29, 15, 45, 2, 794000),)",2a3c600a
408318059,-778813426,3070,0:32:16.890000,"(datetime.datetime(2026, 9, 29, 15, 45, 2, 848000),)",2a3c600d
408325897,-778824744,3122,0:32:16.920000,"(datetime.datetime(2026, 9, 29, 15, 45, 2, 873000),)",2a3c600a
408318115,-778813499,3070,0:32:16.960000,"(datetime.datetime(2026, 9, 29, 15, 45, 2, 913000),)",2a3c600d
408325933,-778824806,3124,0:32:16.980000,"(datetime.datetime(2026, 9, 29, 15, 45, 2, 932000),)",2a3c600a
408318168,-778813579,3070,0:32:17.030000,"(datetime.datetime(2026, 9, 29, 15, 45, 2, 985000),)",2a3c600d
408325979,-778824853,3124,0:32:17.050000,"(datetime.datetime(2026, 9, 29, 15, 45, 3, 5000),)",2a3c600a
408318282,-778813742,3070,0:32:17.110000,"(datetime.datetime(2026, 9, 29, 15, 45, 3, 63000),)",2a3c600d
408326025,-778824897,3123,0:32:17.120000,"(datetime.datetime(2026, 9, 29, 15, 45, 3, 80000),)",2a3c600a
408318282,-778813742,3070,0:32:17.170000,"(datetime.datetime(2026, 9, 29, 15, 45, 3, 124000),)",2a3c600d
408326077,-778824957,3125,0:32:17.200000,"(datetime.datetime(2026, 9, 29, 15, 45, 3, 158000),)",2a3c600a
408318345,-778813807,3070,0:32:17.240000,"(datetime.datetime(2026, 9, 29, 15, 45, 3, 195000),)",2a3c600d
408326113,-778825009,3125,0:32:17.260000,"(datetime.datetime(2026, 9, 29, 15, 45, 3, 214000),)",2a3c600a
408318408,-778813904,3071,0:32:17.310000,"(datetime.datetime(2026, 9, 29, 15, 45, 3, 263000),)",2a3c600d
408326156,-778825062,3126,0:32:17.330000,"(datetime.datetime(2026, 9, 29, 15, 45, 3, 281000),)",2a3c600a
408318468,-778813992,3071,0:32:17.380000,"(datetime.datetime(2026, 9, 29, 15, 45, 3, 335000),)",2a3c600d
408326202,-778825112,3126,0:32:17.410000,"(datetime.datetime(2026, 9, 29, 15, 45, 3, 365000),)",2a3c600a
408318531,-778814082,3071,0:32:17.440000,"(datetime.datetime(2026, 9, 29, 15, 45, 3, 399000),)",2a3c600d
408326246,-778825163,3126,0:32:17.460000,"(datetime.datetime(2026, 9, 29, 15, 45, 3, 420000),)",2a3c600a
408326286,-778825217,3127,0:32:17.510000,"(datetime.datetime(2026, 9, 29, 15, 45, 3, 467000),)",2a3c600a
408318596,-778814174,3071,0:32:17.530000,"(datetime.datetime(2026, 9, 29, 15, 45, 3, 489000),)",2a3c600d
408318736,-778814356,3071,0:32:17.590000,"(datetime.datetime(2026, 9, 29, 15, 45, 3, 547000),)",2a3c600d
408326337,-778825265,3126,0:32:17.610000,"(datetime.datetime(2026, 9, 29, 15, 45, 3, 566000),)",2a3c600a
408318736,-778814356,3071,0:32:17.650000,"(datetime.datetime(2026, 9, 29, 15, 45, 3, 606000),)",2a3c600d
408326381,-778825314,3127,0:32:17.670000,"(datetime.datetime(2026, 9, 29, 15, 45, 3, 627000),)",2a3c600a
408318804,-778814456,3071,0:32:17.730000,"(datetime.datetime(2026, 9, 29, 15, 45, 3, 683000),)",2a3c600d
408326425,-778825364,3127,0:32:17.750000,"(datetime.datetime(2026, 9, 29, 15, 45, 3, 703000),)",2a3c600a
408318870,-778814553,3071,0:32:17.810000,"(datetime.datetime(2026, 9, 29, 15, 45, 3, 769000),)",2a3c600d
408326469,-778825414,3128,0:32:17.870000,"(datetime.datetime(2026, 9, 29, 15, 45, 3, 822000),)",2a3c600a
408318941,-778814657,3071,0:32:17.880000,"(datetime.datetime(2026, 9, 29, 15, 45, 3, 839000),)",2a3c600d
408326515,-778825466,3129,0:32:17.940000,"(datetime.datetime(2026, 9, 29, 15, 45, 3, 895000),)",2a3c600a
408319009,-778814738,3072,0:32:17.960000,"(datetime.datetime(2026, 9, 29, 15, 45, 3, 913000),)",2a3c600d
408326559,-778825514,3129,0:32:18.010000,"(datetime.datetime(2026, 9, 29, 15, 45, 3, 968000),)",2a3c600a
408319086,-778814842,3072,0:32:18.030000,"(datetime.datetime(2026, 9, 29, 15, 45, 3, 988000),)",2a3c600d
408326610,-778825560,3129,0:32:18.090000,"(datetime.datetime(2026, 9, 29, 15, 45, 4, 49000),)",2a3c600a
408319229,-778815050,3072,0:32:18.150000,"(datetime.datetime(2026, 9, 29, 15, 45, 4, 103000),)",2a3c600d
408326654,-778825613,3130,0:32:18.170000,"(datetime.datetime(2026, 9, 29, 15, 45, 4, 123000),)",2a3c600a
408319229,-778815050,3072,0:32:18.240000,"(datetime.datetime(2026, 9, 29, 15, 45, 4, 192000),)",2a3c600d
408326702,-778825661,3130,0:32:18.260000,"(datetime.datetime(2026, 9, 29, 15, 45, 4, 213000),)",2a3c600a
408319306,-778815151,3072,0:32:18.300000,"(datetime.datetime(2026, 9, 29, 15, 45, 4, 257000),)",2a3c600d
408326754,-778825712,3130,0:32:18.320000,"(datetime.datetime(2026, 9, 29, 15, 45, 4, 274000),)",2a3c600a
408319381,-778815258,3072,0:32:18.370000,"(datetime.datetime(2026, 9, 29, 15, 45, 4, 328000),)",2a3c600d
408326803,-778825765,3131,0:32:18.390000,"(datetime.datetime(2026, 9, 29, 15, 45, 4, 346000),)",2a3c600a
408319456,-778815367,3072,0:32:18.440000,"(datetime.datetime(2026, 9, 29, 15, 45, 4, 400000),)",2a3c600d
408326853,-778825811,3131,0:32:18.460000,"(datetime.datetime(2026, 9, 29, 15, 45, 4, 419000),)",2a3c600a
408319529,-778815481,3072,0:32:18.520000,"(datetime.datetime(2026, 9, 29, 15, 45, 4, 471000),)",2a3c600d
408326901,-778825865,3131,0:32:18.530000,"(datetime.datetime(2026, 9, 29, 15, 45, 4, 487000),)",2a3c600a
408319614,-778815581,3073,0:32:18.600000,"(datetime.datetime(2026, 9, 29, 15, 45, 4, 553000),)",2a3c600d
408326953,-778825924,3133,0:32:18.650000,"(datetime.datetime(2026, 9, 29, 15, 45, 4, 605000),)",2a3c600a
408319693,-778815691,3072,0:32:18.670000,"(datetime.datetime(2026, 9, 29, 15, 45, 4, 624000),)",2a3c600d
408327009,-778825960,3134,0:32:18.720000,"(datetime.datetime(2026, 9, 29, 15, 45, 4, 674000),)",2a3c600a
408319764,-778815799,3071,0:32:18.740000,"(datetime.datetime(2026, 9, 29, 15, 45, 4, 692000),)",2a3c600d
408327064,-778826014,3135,0:32:18.790000,"(datetime.datetime(2026, 9, 29, 15, 45, 4, 749000),)",2a3c600a
408319855,-778815908,3073,0:32:18.810000,"(datetime.datetime(2026, 9, 29, 15, 45, 4, 768000),)",2a3c600d
408327117,-778826066,3135,0:32:18.860000,"(datetime.datetime(2026, 9, 29, 15, 45, 4, 818000),)",2a3c600a
408319931,-778816023,3073,0:32:18.880000,"(datetime.datetime(2026, 9, 29, 15, 45, 4, 835000),)",2a3c600d
408327172,-778826113,3135,0:32:18.930000,"(datetime.datetime(2026, 9, 29, 15, 45, 4, 886000),)",2a3c600a
408320016,-778816136,3073,0:32:18.950000,"(datetime.datetime(2026, 9, 29, 15, 45, 4, 903000),)",2a3c600d
408327226,-778826162,3136,0:32:19.010000,"(datetime.datetime(2026, 9, 29, 15, 45, 4, 966000),)",2a3c600a
408320092,-778816258,3073,0:32:19.030000,"(datetime.datetime(2026, 9, 29, 15, 45, 4, 984000),)",2a3c600d
408327285,-778826208,3137,0:32:19.090000,"(datetime.datetime(2026, 9, 29, 15, 45, 5, 45000),)",2a3c600a
408320187,-778816364,3073,0:32:19.110000,"(datetime.datetime(2026, 9, 29, 15, 45, 5, 63000),)",2a3c600d
408327339,-778826256,3137,0:32:19.180000,"(datetime.datetime(2026, 9, 29, 15, 45, 5, 134000),)",2a3c600a
408320267,-778816494,3073,0:32:19.200000,"(datetime.datetime(2026, 9, 29, 15, 45, 5, 157000),)",2a3c600d
408327396,-778826307,3138,0:32:19.250000,"(datetime.datetime(2026, 9, 29, 15, 45, 5, 205000),)",2a3c600a
408320352,-778816612,3073,0:32:19.270000,"(datetime.datetime(2026, 9, 29, 15, 45, 5, 221000),)",2a3c600d
408327452,-778826352,3140,0:32:19.320000,"(datetime.datetime(2026, 9, 29, 15, 45, 5, 278000),)",2a3c600a
408320440,-778816724,3074,0:32:19.350000,"(datetime.datetime(2026, 9, 29, 15, 45, 5, 303000),)",2a3c600d
408327513,-778826401,3140,0:32:19.390000,"(datetime.datetime(2026, 9, 29, 15, 45, 5, 343000),)",2a3c600a
408320530,-778816846,3073,0:32:19.410000,"(datetime.datetime(2026, 9, 29, 15, 45, 5, 361000),)",2a3c600d
408327569,-778826440,3142,0:32:19.450000,"(datetime.datetime(2026, 9, 29, 15, 45, 5, 410000),)",2a3c600a
408320613,-778816954,3074,0:32:19.480000,"(datetime.datetime(2026, 9, 29, 15, 45, 5, 433000),)",2a3c600d
408327630,-778826490,3143,0:32:19.530000,"(datetime.datetime(2026, 9, 29, 15, 45, 5, 484000),)",2a3c600a
408320706,-778817085,3074,0:32:19.550000,"(datetime.datetime(2026, 9, 29, 15, 45, 5, 501000),)",2a3c600d
408327690,-778826540,3143,0:32:19.600000,"(datetime.datetime(2026, 9, 29, 15, 45, 5, 553000),)",2a3c600a
408320796,-778817210,3075,0:32:19.620000,"(datetime.datetime(2026, 9, 29, 15, 45, 5, 578000),)",2a3c600d
408327753,-778826581,3144,0:32:19.670000,"(datetime.datetime(2026, 9, 29, 15, 45, 5, 625000),)",2a3c600a
408320888,-778817327,3075,0:32:19.690000,"(datetime.datetime(2026, 9, 29, 15, 45, 5, 645000),)",2a3c600d
408327817,-778826627,3144,0:32:19.750000,"(datetime.datetime(2026, 9, 29, 15, 45, 5, 702000),)",2a3c600a
408327872,-778826671,3146,0:32:19.760000,"(datetime.datetime(2026, 9, 29, 15, 45, 5, 719000),)",2a3c600a
408320982,-778817451,3075,0:32:19.820000,"(datetime.datetime(2026, 9, 29, 15, 45, 5, 773000),)",2a3c600d
408321073,-778817581,3074,0:32:19.840000,"(datetime.datetime(2026, 9, 29, 15, 45, 5, 796000),)",2a3c600d
408327930,-778826713,3147,0:32:19.890000,"(datetime.datetime(2026, 9, 29, 15, 45, 5, 842000),)",2a3c600a
408321167,-778817708,3074,0:32:19.900000,"(datetime.datetime(2026, 9, 29, 15, 45, 5, 859000),)",2a3c600d
408327992,-778826756,3148,0:32:19.960000,"(datetime.datetime(2026, 9, 29, 15, 45, 5, 911000),)",2a3c600a
408321262,-778817835,3074,0:32:19.990000,"(datetime.datetime(2026, 9, 29, 15, 45, 5, 948000),)",2a3c600d
408328055,-778826800,3148,0:32:20.030000,"(datetime.datetime(2026, 9, 29, 15, 45, 5, 986000),)",2a3c600a
408321360,-778817953,3074,0:32:20.090000,"(datetime.datetime(2026, 9, 29, 15, 45, 6, 48000),)",2a3c600d
408328117,-778826839,3149,0:32:20.150000,"(datetime.datetime(2026, 9, 29, 15, 45, 6, 100000),)",2a3c600a
408321453,-778818085,3075,0:32:20.190000,"(datetime.datetime(2026, 9, 29, 15, 45, 6, 149000),)",2a3c600d
408328182,-778826881,3149,0:32:20.210000,"(datetime.datetime(2026, 9, 29, 15, 45, 6, 170000),)",2a3c600a
408321541,-778818217,3076,0:32:20.290000,"(datetime.datetime(2026, 9, 29, 15, 45, 6, 249000),)",2a3c600d
408328246,-778826917,3150,0:32:20.330000,"(datetime.datetime(2026, 9, 29, 15, 45, 6, 284000),)",2a3c600a
408321639,-778818339,3077,0:32:20.390000,"(datetime.datetime(2026, 9, 29, 15, 45, 6, 348000),)",2a3c600d
408328309,-778826954,3151,0:32:20.410000,"(datetime.datetime(2026, 9, 29, 15, 45, 6, 366000),)",2a3c600a
408321730,-778818474,3077,0:32:20.500000,"(datetime.datetime(2026, 9, 29, 15, 45, 6, 450000),)",2a3c600d
408328376,-778826994,3152,0:32:20.520000,"(datetime.datetime(2026, 9, 29, 15, 45, 6, 476000),)",2a3c600a
408321829,-778818609,3077,0:32:20.600000,"(datetime.datetime(2026, 9, 29, 15, 45, 6, 553000),)",2a3c600d
408328442,-778827030,3153,0:32:20.630000,"(datetime.datetime(2026, 9, 29, 15, 45, 6, 582000),)",2a3c600a
408321934,-778818728,3077,0:32:20.690000,"(datetime.datetime(2026, 9, 29, 15, 45, 6, 648000),)",2a3c600d
408328511,-778827063,3153,0:32:20.730000,"(datetime.datetime(2026, 9, 29, 15, 45, 6, 687000),)",2a3c600a
408322026,-778818867,3078,0:32:20.790000,"(datetime.datetime(2026, 9, 29, 15, 45, 6, 749000),)",2a3c600d
408328575,-778827098,3155,0:32:20.820000,"(datetime.datetime(2026, 9, 29, 15, 45, 6, 774000),)",2a3c600a
408322120,-778819002,3077,0:32:20.900000,"(datetime.datetime(2026, 9, 29, 15, 45, 6, 850000),)",2a3c600d
408328647,-778827124,3155,0:32:20.910000,"(datetime.datetime(2026, 9, 29, 15, 45, 6, 869000),)",2a3c600a
408322215,-778819141,3077,0:32:20.990000,"(datetime.datetime(2026, 9, 29, 15, 45, 6, 949000),)",2a3c600d
408328715,-778827155,3156,0:32:21.030000,"(datetime.datetime(2026, 9, 29, 15, 45, 6, 981000),)",2a3c600a
408322318,-778819260,3078,0:32:21.090000,"(datetime.datetime(2026, 9, 29, 15, 45, 7, 48000),)",2a3c600d
408328786,-778827185,3156,0:32:21.110000,"(datetime.datetime(2026, 9, 29, 15, 45, 7, 65000),)",2a3c600a
408322414,-778819393,3078,0:32:21.190000,"(datetime.datetime(2026, 9, 29, 15, 45, 7, 148000),)",2a3c600d
408328839,-778827221,3158,0:32:21.220000,"(datetime.datetime(2026, 9, 29, 15, 45, 7, 178000),)",2a3c600a
408322515,-778819520,3078,0:32:21.290000,"(datetime.datetime(2026, 9, 29, 15, 45, 7, 249000),)",2a3c600d
408328910,-778827245,3159,0:32:21.330000,"(datetime.datetime(2026, 9, 29, 15, 45, 7, 283000),)",2a3c600a
408322613,-778819657,3079,0:32:21.390000,"(datetime.datetime(2026, 9, 29, 15, 45, 7, 350000),)",2a3c600d
408328979,-778827270,3160,0:32:21.430000,"(datetime.datetime(2026, 9, 29, 15, 45, 7, 387000),)",2a3c600a
408322709,-778819792,3079,0:32:21.490000,"(datetime.datetime(2026, 9, 29, 15, 45, 7, 449000),)",2a3c600d
408329050,-778827295,3159,0:32:21.510000,"(datetime.datetime(2026, 9, 29, 15, 45, 7, 467000),)",2a3c600a
408322808,-778819927,3079,0:32:21.590000,"(datetime.datetime(2026, 9, 29, 15, 45, 7, 549000),)",2a3c600d
408329121,-778827319,3160,0:32:21.610000,"(datetime.datetime(2026, 9, 29, 15, 45, 7, 567000),)",2a3c600a
408322905,-778820060,3080,0:32:21.690000,"(datetime.datetime(2026, 9, 29, 15, 45, 7, 649000),)",2a3c600d
408329187,-778827339,3161,0:32:21.720000,"(datetime.datetime(2026, 9, 29, 15, 45, 7, 679000),)",2a3c600a
408329257,-778827362,3162,0:32:21.800000,"(datetime.datetime(2026, 9, 29, 15, 45, 7, 754000),)",2a3c600a
408322997,-778820195,3080,0:32:21.820000,"(datetime.datetime(2026, 9, 29, 15, 45, 7, 780000),)",2a3c600d
408323097,-778820327,3081,0:32:21.890000,"(datetime.datetime(2026, 9, 29, 15, 45, 7, 848000),)",2a3c600d
408329331,-778827373,3164,0:32:21.910000,"(datetime.datetime(2026, 9, 29, 15, 45, 7, 866000),)",2a3c600a
408323194,-778820461,3081,0:32:22,"(datetime.datetime(2026, 9, 29, 15, 45, 7, 952000),)",2a3c600d
408329408,-778827392,3165,0:32:22.020000,"(datetime.datetime(2026, 9, 29, 15, 45, 7, 973000),)",2a3c600a
408323286,-778820603,3081,0:32:22.100000,"(datetime.datetime(2026, 9, 29, 15, 45, 8, 52000),)",2a3c600d
408329474,-778827404,3166,0:32:22.120000,"(datetime.datetime(2026, 9, 29, 15, 45, 8, 80000),)",2a3c600a
408323385,-778820732,3082,0:32:22.190000,"(datetime.datetime(2026, 9, 29, 15, 45, 8, 148000),)",2a3c600d
408329544,-778827425,3166,0:32:22.230000,"(datetime.datetime(2026, 9, 29, 15, 45, 8, 188000),)",2a3c600a
408323484,-778820863,3083,0:32:22.300000,"(datetime.datetime(2026, 9, 29, 15, 45, 8, 254000),)",2a3c600d
408329616,-778827443,3166,0:32:22.320000,"(datetime.datetime(2026, 9, 29, 15, 45, 8, 277000),)",2a3c600a
408329690,-778827440,3168,0:32:22.400000,"(datetime.datetime(2026, 9, 29, 15, 45, 8, 354000),)",2a3c600a
408323577,-778821003,3083,0:32:22.420000,"(datetime.datetime(2026, 9, 29, 15, 45, 8, 372000),)",2a3c600d
408323674,-778821135,3084,0:32:22.490000,"(datetime.datetime(2026, 9, 29, 15, 45, 8, 448000),)",2a3c600d
408329765,-778827451,3169,0:32:22.520000,"(datetime.datetime(2026, 9, 29, 15, 45, 8, 476000),)",2a3c600a
408323766,-778821268,3085,0:32:22.590000,"(datetime.datetime(2026, 9, 29, 15, 45, 8, 549000),)",2a3c600d
408329840,-778827453,3171,0:32:22.620000,"(datetime.datetime(2026, 9, 29, 15, 45, 8, 578000),)",2a3c600a
408323858,-778821410,3085,0:32:22.690000,"(datetime.datetime(2026, 9, 29, 15, 45, 8, 648000),)",2a3c600d
408329915,-778827466,3172,0:32:22.720000,"(datetime.datetime(2026, 9, 29, 15, 45, 8, 677000),)",2a3c600a
408323961,-778821532,3086,0:32:22.790000,"(datetime.datetime(2026, 9, 29, 15, 45, 8, 748000),)",2a3c600d
408329991,-778827472,3172,0:32:22.810000,"(datetime.datetime(2026, 9, 29, 15, 45, 8, 767000),)",2a3c600a
408324055,-778821667,3087,0:32:22.900000,"(datetime.datetime(2026, 9, 29, 15, 45, 8, 851000),)",2a3c600d
408330060,-778827468,3174,0:32:22.920000,"(datetime.datetime(2026, 9, 29, 15, 45, 8, 872000),)",2a3c600a
408324155,-778821789,3088,0:32:23,"(datetime.datetime(2026, 9, 29, 15, 45, 8, 951000),)",2a3c600d
408330135,-778827471,3175,0:32:23.020000,"(datetime.datetime(2026, 9, 29, 15, 45, 8, 972000),)",2a3c600a
408324245,-778821933,3089,0:32:23.090000,"(datetime.datetime(2026, 9, 29, 15, 45, 9, 49000),)",2a3c600d
408330203,-778827467,3176,0:32:23.120000,"(datetime.datetime(2026, 9, 29, 15, 45, 9, 80000),)",2a3c600a
408324344,-778822064,3090,0:32:23.190000,"(datetime.datetime(2026, 9, 29, 15, 45, 9, 149000),)",2a3c600d
408330274,-778827472,3176,0:32:23.210000,"(datetime.datetime(2026, 9, 29, 15, 45, 9, 167000),)",2a3c600a
408324431,-778822211,3091,0:32:23.290000,"(datetime.datetime(2026, 9, 29, 15, 45, 9, 249000),)",2a3c600d
408330353,-778827467,3176,0:32:23.310000,"(datetime.datetime(2026, 9, 29, 15, 45, 9, 267000),)",2a3c600a
408324521,-778822345,3092,0:32:23.390000,"(datetime.datetime(2026, 9, 29, 15, 45, 9, 348000),)",2a3c600d
408330421,-778827462,3177,0:32:23.410000,"(datetime.datetime(2026, 9, 29, 15, 45, 9, 370000),)",2a3c600a
408324625,-778822471,3093,0:32:23.500000,"(datetime.datetime(2026, 9, 29, 15, 45, 9, 451000),)",2a3c600d
408330421,-778827462,3177,0:32:23.520000,"(datetime.datetime(2026, 9, 29, 15, 45, 9, 473000),)",2a3c600a
408324723,-778822605,3093,0:32:23.600000,"(datetime.datetime(2026, 9, 29, 15, 45, 9, 550000),)",2a3c600d
408330571,-778827454,3179,0:32:23.610000,"(datetime.datetime(2026, 9, 29, 15, 45, 9, 568000),)",2a3c600a
408324821,-778822733,3095,0:32:23.690000,"(datetime.datetime(2026, 9, 29, 15, 45, 9, 649000),)",2a3c600d
408330645,-778827440,3179,0:32:23.720000,"(datetime.datetime(2026, 9, 29, 15, 45, 9, 675000),)",2a3c600a
408324916,-778822866,3095,0:32:23.800000,"(datetime.datetime(2026, 9, 29, 15, 45, 9, 751000),)",2a3c600d
408330718,-778827429,3181,0:32:23.830000,"(datetime.datetime(2026, 9, 29, 15, 45, 9, 781000),)",2a3c600a
408325006,-778823010,3096,0:32:23.890000,"(datetime.datetime(2026, 9, 29, 15, 45, 9, 849000),)",2a3c600d
408330790,-778827419,3181,0:32:23.930000,"(datetime.datetime(2026, 9, 29, 15, 45, 9, 884000),)",2a3c600a
408325111,-778823134,3097,0:32:23.990000,"(datetime.datetime(2026, 9, 29, 15, 45, 9, 950000),)",2a3c600d
408330866,-778827403,3182,0:32:24.010000,"(datetime.datetime(2026, 9, 29, 15, 45, 9, 967000),)",2a3c600a
408325206,-778823267,3098,0:32:24.100000,"(datetime.datetime(2026, 9, 29, 15, 45, 10, 52000),)",2a3c600d
408330938,-778827383,3183,0:32:24.120000,"(datetime.datetime(2026, 9, 29, 15, 45, 10, 78000),)",2a3c600a
408325307,-778823399,3099,0:32:24.190000,"(datetime.datetime(2026, 9, 29, 15, 45, 10, 149000),)",2a3c600d
408331020,-778827374,3183,0:32:24.240000,"(datetime.datetime(2026, 9, 29, 15, 45, 10, 195000),)",2a3c600a
408325401,-778823547,3100,0:32:24.290000,"(datetime.datetime(2026, 9, 29, 15, 45, 10, 248000),)",2a3c600d
408331095,-778827343,3183,0:32:24.340000,"(datetime.datetime(2026, 9, 29, 15, 45, 10, 297000),)",2a3c600a
408325499,-778823678,3101,0:32:24.390000,"(datetime.datetime(2026, 9, 29, 15, 45, 10, 348000),)",2a3c600d
408331095,-778827343,3183,0:32:24.420000,"(datetime.datetime(2026, 9, 29, 15, 45, 10, 370000),)",2a3c600a
408325600,-778823804,3101,0:32:24.490000,"(datetime.datetime(2026, 9, 29, 15, 45, 10, 448000),)",2a3c600d
408331167,-778827325,3184,0:32:24.510000,"(datetime.datetime(2026, 9, 29, 15, 45, 10, 467000),)",2a3c600a
408325698,-778823939,3103,0:32:24.600000,"(datetime.datetime(2026, 9, 29, 15, 45, 10, 555000),)",2a3c600d
408331245,-778827306,3185,0:32:24.620000,"(datetime.datetime(2026, 9, 29, 15, 45, 10, 573000),)",2a3c600a
408325799,-778824066,3104,0:32:24.690000,"(datetime.datetime(2026, 9, 29, 15, 45, 10, 649000),)",2a3c600d
408331318,-778827290,3186,0:32:24.720000,"(datetime.datetime(2026, 9, 29, 15, 45, 10, 671000),)",2a3c600a
408325903,-778824192,3105,0:32:24.800000,"(datetime.datetime(2026, 9, 29, 15, 45, 10, 754000),)",2a3c600d
408331393,-778827270,3186,0:32:24.830000,"(datetime.datetime(2026, 9, 29, 15, 45, 10, 784000),)",2a3c600a
408326005,-778824326,3106,0:32:24.890000,"(datetime.datetime(2026, 9, 29, 15, 45, 10, 849000),)",2a3c600d
408331465,-778827245,3187,0:32:24.930000,"(datetime.datetime(2026, 9, 29, 15, 45, 10, 885000),)",2a3c600a
408326110,-778824453,3107,0:32:24.990000,"(datetime.datetime(2026, 9, 29, 15, 45, 10, 948000),)",2a3c600d
408331537,-778827214,3188,0:32:25.010000,"(datetime.datetime(2026, 9, 29, 15, 45, 10, 967000),)",2a3c600a
408331614,-778827196,3188,0:32:25.100000,"(datetime.datetime(2026, 9, 29, 15, 45, 11, 52000),)",2a3c600a
408326214,-778824586,3108,0:32:25.130000,"(datetime.datetime(2026, 9, 29, 15, 45, 11, 81000),)",2a3c600d
408326316,-778824710,3108,0:32:25.190000,"(datetime.datetime(2026, 9, 29, 15, 45, 11, 149000),)",2a3c600d
408331689,-778827163,3188,0:32:25.210000,"(datetime.datetime(2026, 9, 29, 15, 45, 11, 167000),)",2a3c600a
408326420,-778824849,3109,0:32:25.290000,"(datetime.datetime(2026, 9, 29, 15, 45, 11, 248000),)",2a3c600d
408331758,-778827129,3192,0:32:25.310000,"(datetime.datetime(2026, 9, 29, 15, 45, 11, 268000),)",2a3c600a
408326535,-778824965,3111,0:32:25.390000,"(datetime.datetime(2026, 9, 29, 15, 45, 11, 349000),)",2a3c600d
408331829,-778827095,3193,0:32:25.430000,"(datetime.datetime(2026, 9, 29, 15, 45, 11, 390000),)",2a3c600a
408326641,-778825085,3112,0:32:25.490000,"(datetime.datetime(2026, 9, 29, 15, 45, 11, 448000),)",2a3c600d
408331905,-778827070,3192,0:32:25.540000,"(datetime.datetime(2026, 9, 29, 15, 45, 11, 491000),)",2a3c600a
408326753,-778825203,3113,0:32:25.590000,"(datetime.datetime(2026, 9, 29, 15, 45, 11, 549000),)",2a3c600d
408331976,-778827035,3194,0:32:25.610000,"(datetime.datetime(2026, 9, 29, 15, 45, 11, 568000),)",2a3c600a
408326862,-778825320,3114,0:32:25.690000,"(datetime.datetime(2026, 9, 29, 15, 45, 11, 648000),)",2a3c600d
408332049,-778827002,3193,0:32:25.710000,"(datetime.datetime(2026, 9, 29, 15, 45, 11, 667000),)",2a3c600a
408326971,-778825439,3115,0:32:25.790000,"(datetime.datetime(2026, 9, 29, 15, 45, 11, 749000),)",2a3c600d
408332123,-778826959,3194,0:32:25.830000,"(datetime.datetime(2026, 9, 29, 15, 45, 11, 788000),)",2a3c600a
408327087,-778825546,3116,0:32:25.890000,"(datetime.datetime(2026, 9, 29, 15, 45, 11, 849000),)",2a3c600d
408332193,-778826928,3196,0:32:25.920000,"(datetime.datetime(2026, 9, 29, 15, 45, 11, 879000),)",2a3c600a
408327200,-778825655,3117,0:32:25.990000,"(datetime.datetime(2026, 9, 29, 15, 45, 11, 949000),)",2a3c600d
408332263,-778826881,3198,0:32:26.020000,"(datetime.datetime(2026, 9, 29, 15, 45, 11, 977000),)",2a3c600a
408327318,-778825756,3118,0:32:26.090000,"(datetime.datetime(2026, 9, 29, 15, 45, 12, 48000),)",2a3c600d
408332336,-778826843,3199,0:32:26.110000,"(datetime.datetime(2026, 9, 29, 15, 45, 12, 66000),)",2a3c600a
408327428,-778825866,3118,0:32:26.190000,"(datetime.datetime(2026, 9, 29, 15, 45, 12, 149000),)",2a3c600d
408332408,-778826801,3200,0:32:26.230000,"(datetime.datetime(2026, 9, 29, 15, 45, 12, 182000),)",2a3c600a
408327545,-778825964,3120,0:32:26.290000,"(datetime.datetime(2026, 9, 29, 15, 45, 12, 248000),)",2a3c600d
408332484,-778826773,3197,0:32:26.330000,"(datetime.datetime(2026, 9, 29, 15, 45, 12, 285000),)",2a3c600a
408327665,-778826054,3122,0:32:26.390000,"(datetime.datetime(2026, 9, 29, 15, 45, 12, 349000),)",2a3c600d
408332556,-778826732,3198,0:32:26.410000,"(datetime.datetime(2026, 9, 29, 15, 45, 12, 366000),)",2a3c600a
408332625,-778826684,3199,0:32:26.500000,"(datetime.datetime(2026, 9, 29, 15, 45, 12, 453000),)",2a3c600a
408327778,-778826146,3123,0:32:26.520000,"(datetime.datetime(2026, 9, 29, 15, 45, 12, 480000),)",2a3c600d
408327894,-778826243,3124,0:32:26.590000,"(datetime.datetime(2026, 9, 29, 15, 45, 12, 550000),)",2a3c600d
408332694,-778826633,3200,0:32:26.630000,"(datetime.datetime(2026, 9, 29, 15, 45, 12, 586000),)",2a3c600a
408328016,-778826320,3125,0:32:26.690000,"(datetime.datetime(2026, 9, 29, 15, 45, 12, 649000),)",2a3c600d
408332766,-778826584,3200,0:32:26.710000,"(datetime.datetime(2026, 9, 29, 15, 45, 12, 668000),)",2a3c600a
408328137,-778826395,3127,0:32:26.790000,"(datetime.datetime(2026, 9, 29, 15, 45, 12, 749000),)",2a3c600d
408332833,-778826534,3200,0:32:26.810000,"(datetime.datetime(2026, 9, 29, 15, 45, 12, 769000),)",2a3c600a
408328257,-778826472,3128,0:32:26.900000,"(datetime.datetime(2026, 9, 29, 15, 45, 12, 851000),)",2a3c600d
408332906,-778826486,3200,0:32:26.930000,"(datetime.datetime(2026, 9, 29, 15, 45, 12, 883000),)",2a3c600a
408328378,-778826540,3130,0:32:26.990000,"(datetime.datetime(2026, 9, 29, 15, 45, 12, 949000),)",2a3c600d
408332974,-778826433,3201,0:32:27.040000,"(datetime.datetime(2026, 9, 29, 15, 45, 12, 992000),)",2a3c600a
408328501,-778826600,3132,0:32:27.090000,"(datetime.datetime(2026, 9, 29, 15, 45, 13, 48000),)",2a3c600d
408333044,-778826385,3201,0:32:27.110000,"(datetime.datetime(2026, 9, 29, 15, 45, 13, 69000),)",2a3c600a
408328624,-778826669,3132,0:32:27.200000,"(datetime.datetime(2026, 9, 29, 15, 45, 13, 150000),)",2a3c600d
408333116,-778826331,3202,0:32:27.220000,"(datetime.datetime(2026, 9, 29, 15, 45, 13, 176000),)",2a3c600a
408328743,-778826739,3134,0:32:27.300000,"(datetime.datetime(2026, 9, 29, 15, 45, 13, 254000),)",2a3c600d
408333183,-778826282,3204,0:32:27.330000,"(datetime.datetime(2026, 9, 29, 15, 45, 13, 283000),)",2a3c600a
408328870,-778826783,3135,0:32:27.390000,"(datetime.datetime(2026, 9, 29, 15, 45, 13, 350000),)",2a3c600d
408333252,-778826218,3205,0:32:27.430000,"(datetime.datetime(2026, 9, 29, 15, 45, 13, 385000),)",2a3c600a
408328993,-778826827,3137,0:32:27.500000,"(datetime.datetime(2026, 9, 29, 15, 45, 13, 452000),)",2a3c600d
408333321,-778826159,3205,0:32:27.520000,"(datetime.datetime(2026, 9, 29, 15, 45, 13, 472000),)",2a3c600a
408329115,-778826879,3138,0:32:27.590000,"(datetime.datetime(2026, 9, 29, 15, 45, 13, 548000),)",2a3c600d
408333390,-778826100,3205,0:32:27.620000,"(datetime.datetime(2026, 9, 29, 15, 45, 13, 574000),)",2a3c600a
408329241,-778826929,3139,0:32:27.690000,"(datetime.datetime(2026, 9, 29, 15, 45, 13, 649000),)",2a3c600d
408333451,-778826036,3205,0:32:27.710000,"(datetime.datetime(2026, 9, 29, 15, 45, 13, 668000),)",2a3c600a
408329363,-778826957,3141,0:32:27.790000,"(datetime.datetime(2026, 9, 29, 15, 45, 13, 749000),)",2a3c600d
408333518,-778825972,3206,0:32:27.820000,"(datetime.datetime(2026, 9, 29, 15, 45, 13, 779000),)",2a3c600a
408329487,-778826997,3142,0:32:28.040000,"(datetime.datetime(2026, 9, 29, 15, 45, 13, 996000),)",2a3c600d
408333588,-778825908,3207,0:32:28.150000,"(datetime.datetime(2026, 9, 29, 15, 45, 14, 106000),)",2a3c600a
408329616,-778827018,3145,0:32:28.230000,"(datetime.datetime(2026, 9, 29, 15, 45, 14, 187000),)",2a3c600d
408333655,-778825842,3207,0:32:28.300000,"(datetime.datetime(2026, 9, 29, 15, 45, 14, 256000),)",2a3c600a
408329740,-778827042,3146,0:32:28.340000,"(datetime.datetime(2026, 9, 29, 15, 45, 14, 299000),)",2a3c600d
408333716,-778825773,3207,0:32:28.500000,"(datetime.datetime(2026, 9, 29, 15, 45, 14, 450000),)",2a3c600a
408329866,-778827064,3147,0:32:28.900000,"(datetime.datetime(2026, 9, 29, 15, 45, 14, 860000),)",2a3c600d
408333776,-778825700,3208,0:32:29.080000,"(datetime.datetime(2026, 9, 29, 15, 45, 15, 40000),)",2a3c600a
408329995,-778827096,3148,0:32:29.130000,"(datetime.datetime(2026, 9, 29, 15, 45, 15, 85000),)",2a3c600d
408333849,-778825630,3209,0:32:29.240000,"(datetime.datetime(2026, 9, 29, 15, 45, 15, 192000),)",2a3c600a
408330127,-778827098,3149,0:32:29.360000,"(datetime.datetime(2026, 9, 29, 15, 45, 15, 310000),)",2a3c600d
408333917,-778825560,3210,0:32:29.450000,"(datetime.datetime(2026, 9, 29, 15, 45, 15, 408000),)",2a3c600a
408333975,-778825479,3210,0:32:29.490000,"(datetime.datetime(2026, 9, 29, 15, 45, 15, 449000),)",2a3c600a
408330253,-778827118,3151,0:32:29.540000,"(datetime.datetime(2026, 9, 29, 15, 45, 15, 491000),)",2a3c600d
408330381,-778827124,3152,0:32:29.720000,"(datetime.datetime(2026, 9, 29, 15, 45, 15, 677000),)",2a3c600d
408334037,-778825406,3210,0:32:29.790000,"(datetime.datetime(2026, 9, 29, 15, 45, 15, 745000),)",2a3c600a
408334100,-778825333,3211,0:32:29.860000,"(datetime.datetime(2026, 9, 29, 15, 45, 15, 812000),)",2a3c600a
408330503,-778827124,3154,0:32:30.010000,"(datetime.datetime(2026, 9, 29, 15, 45, 15, 968000),)",2a3c600d
408334168,-778825255,3212,0:32:30.050000,"(datetime.datetime(2026, 9, 29, 15, 45, 16, 10000),)",2a3c600a
408330625,-778827103,3154,0:32:30.160000,"(datetime.datetime(2026, 9, 29, 15, 45, 16, 118000),)",2a3c600d
408334228,-778825176,3212,0:32:30.310000,"(datetime.datetime(2026, 9, 29, 15, 45, 16, 264000),)",2a3c600a
408330750,-778827102,3157,0:32:30.360000,"(datetime.datetime(2026, 9, 29, 15, 45, 16, 314000),)",2a3c600d
408334286,-778825094,3213,0:32:30.470000,"(datetime.datetime(2026, 9, 29, 15, 45, 16, 422000),)",2a3c600a
408330872,-778827081,3158,0:32:30.660000,"(datetime.datetime(2026, 9, 29, 15, 45, 16, 613000),)",2a3c600d
408334349,-778825020,3213,0:32:30.760000,"(datetime.datetime(2026, 9, 29, 15, 45, 16, 715000),)",2a3c600a
408330996,-778827064,3159,0:32:30.920000,"(datetime.datetime(2026, 9, 29, 15, 45, 16, 875000),)",2a3c600d
408334416,-778824936,3214,0:32:30.980000,"(datetime.datetime(2026, 9, 29, 15, 45, 16, 939000),)",2a3c600a
408331117,-778827042,3160,0:32:31.080000,"(datetime.datetime(2026, 9, 29, 15, 45, 17, 35000),)",2a3c600d
408334474,-778824856,3216,0:32:31.130000,"(datetime.datetime(2026, 9, 29, 15, 45, 17, 86000),)",2a3c600a
408331237,-778827025,3162,0:32:31.180000,"(datetime.datetime(2026, 9, 29, 15, 45, 17, 132000),)",2a3c600d
408334539,-778824766,3216,0:32:31.210000,"(datetime.datetime(2026, 9, 29, 15, 45, 17, 165000),)",2a3c600a
408331357,-778826981,3163,0:32:31.250000,"(datetime.datetime(2026, 9, 29, 15, 45, 17, 208000),)",2a3c600d
408334602,-778824683,3217,0:32:31.270000,"(datetime.datetime(2026, 9, 29, 15, 45, 17, 228000),)",2a3c600a
408331482,-778826960,3165,0:32:31.330000,"(datetime.datetime(2026, 9, 29, 15, 45, 17, 284000),)",2a3c600d
408334662,-778824594,3218,0:32:31.350000,"(datetime.datetime(2026, 9, 29, 15, 45, 17, 305000),)",2a3c600a
408331603,-778826927,3166,0:32:31.400000,"(datetime.datetime(2026, 9, 29, 15, 45, 17, 355000),)",2a3c600d
408334722,-778824505,3219,0:32:31.420000,"(datetime.datetime(2026, 9, 29, 15, 45, 17, 373000),)",2a3c600a
408331724,-778826894,3167,0:32:31.470000,"(datetime.datetime(2026, 9, 29, 15, 45, 17, 428000),)",2a3c600d
408334784,-778824419,3219,0:32:31.490000,"(datetime.datetime(2026, 9, 29, 15, 45, 17, 446000),)",2a3c600a
408331842,-778826851,3168,0:32:31.540000,"(datetime.datetime(2026, 9, 29, 15, 45, 17, 497000),)",2a3c600d
408334843,-778824332,3220,0:32:31.560000,"(datetime.datetime(2026, 9, 29, 15, 45, 17, 518000),)",2a3c600a
408331964,-778826806,3168,0:32:31.620000,"(datetime.datetime(2026, 9, 29, 15, 45, 17, 573000),)",2a3c600d
408334905,-778824237,3219,0:32:31.640000,"(datetime.datetime(2026, 9, 29, 15, 45, 17, 594000),)",2a3c600a
408332082,-778826761,3170,0:32:31.690000,"(datetime.datetime(2026, 9, 29, 15, 45, 17, 642000),)",2a3c600d
408334966,-778824147,3220,0:32:31.700000,"(datetime.datetime(2026, 9, 29, 15, 45, 17, 660000),)",2a3c600a
408332203,-778826707,3171,0:32:31.760000,"(datetime.datetime(2026, 9, 29, 15, 45, 17, 716000),)",2a3c600d
408335031,-778824050,3221,0:32:31.780000,"(datetime.datetime(2026, 9, 29, 15, 45, 17, 734000),)",2a3c600a
408335096,-778823958,3221,0:32:31.840000,"(datetime.datetime(2026, 9, 29, 15, 45, 17, 791000),)",2a3c600a
408332320,-778826656,3173,0:32:31.860000,"(datetime.datetime(2026, 9, 29, 15, 45, 17, 815000),)",2a3c600d
408332438,-778826616,3174,0:32:31.900000,"(datetime.datetime(2026, 9, 29, 15, 45, 17, 860000),)",2a3c600d
408335159,-778823861,3223,0:32:31.920000,"(datetime.datetime(2026, 9, 29, 15, 45, 17, 878000),)",2a3c600a
408332558,-778826565,3175,0:32:31.980000,"(datetime.datetime(2026, 9, 29, 15, 45, 17, 933000),)",2a3c600d
408335220,-778823763,3224,0:32:32,"(datetime.datetime(2026, 9, 29, 15, 45, 17, 952000),)",2a3c600a
408332671,-778826480,3176,0:32:32.060000,"(datetime.datetime(2026, 9, 29, 15, 45, 18, 14000),)",2a3c600d
408335287,-778823667,3225,0:32:32.080000,"(datetime.datetime(2026, 9, 29, 15, 45, 18, 32000),)",2a3c600a
408332790,-778826421,3178,0:32:32.140000,"(datetime.datetime(2026, 9, 29, 15, 45, 18, 94000),)",2a3c600d
408335350,-778823578,3225,0:32:32.160000,"(datetime.datetime(2026, 9, 29, 15, 45, 18, 112000),)",2a3c600a
408332906,-778826342,3178,0:32:32.220000,"(datetime.datetime(2026, 9, 29, 15, 45, 18, 171000),)",2a3c600d
408335414,-778823476,3227,0:32:32.230000,"(datetime.datetime(2026, 9, 29, 15, 45, 18, 189000),)",2a3c600a
408333019,-778826266,3179,0:32:32.300000,"(datetime.datetime(2026, 9, 29, 15, 45, 18, 251000),)",2a3c600d
408335481,-778823380,3227,0:32:32.310000,"(datetime.datetime(2026, 9, 29, 15, 45, 18, 269000),)",2a3c600a
408333133,-778826195,3180,0:32:32.380000,"(datetime.datetime(2026, 9, 29, 15, 45, 18, 334000),)",2a3c600d
408335545,-778823279,3228,0:32:32.410000,"(datetime.datetime(2026, 9, 29, 15, 45, 18, 364000),)",2a3c600a
408333243,-778826099,3182,0:32:32.450000,"(datetime.datetime(2026, 9, 29, 15, 45, 18, 406000),)",2a3c600d
408335605,-778823176,3229,0:32:32.470000,"(datetime.datetime(2026, 9, 29, 15, 45, 18, 425000),)",2a3c600a
408333353,-778826015,3183,0:32:32.530000,"(datetime.datetime(2026, 9, 29, 15, 45, 18, 480000),)",2a3c600d
408335676,-778823075,3229,0:32:32.540000,"(datetime.datetime(2026, 9, 29, 15, 45, 18, 499000),)",2a3c600a
408333463,-778825918,3184,0:32:32.600000,"(datetime.datetime(2026, 9, 29, 15, 45, 18, 556000),)",2a3c600d
408335676,-778823075,3229,0:32:32.620000,"(datetime.datetime(2026, 9, 29, 15, 45, 18, 574000),)",2a3c600a
408333570,-778825842,3186,0:32:32.690000,"(datetime.datetime(2026, 9, 29, 15, 45, 18, 645000),)",2a3c600d
408335741,-778822972,3230,0:32:32.720000,"(datetime.datetime(2026, 9, 29, 15, 45, 18, 679000),)",2a3c600a
408333677,-778825738,3187,0:32:32.760000,"(datetime.datetime(2026, 9, 29, 15, 45, 18, 720000),)",2a3c600d
408335806,-778822869,3231,0:32:32.790000,"(datetime.datetime(2026, 9, 29, 15, 45, 18, 745000),)",2a3c600a
408333779,-778825639,3188,0:32:32.840000,"(datetime.datetime(2026, 9, 29, 15, 45, 18, 796000),)",2a3c600d
408335875,-778822764,3231,0:32:32.870000,"(datetime.datetime(2026, 9, 29, 15, 45, 18, 821000),)",2a3c600a
408335941,-778822662,3232,0:32:32.910000,"(datetime.datetime(2026, 9, 29, 15, 45, 18, 863000),)",2a3c600a
408333880,-778825532,3188,0:32:32.930000,"(datetime.datetime(2026, 9, 29, 15, 45, 18, 884000),)",2a3c600d
408333981,-778825428,3189,0:32:32.980000,"(datetime.datetime(2026, 9, 29, 15, 45, 18, 937000),)",2a3c600d
408336004,-778822549,3233,0:32:33,"(datetime.datetime(2026, 9, 29, 15, 45, 18, 958000),)",2a3c600a
408336071,-778822449,3233,0:32:33.050000,"(datetime.datetime(2026, 9, 29, 15, 45, 19, 9000),)",2a3c600a
408334078,-778825330,3190,0:32:33.070000,"(datetime.datetime(2026, 9, 29, 15, 45, 19, 27000),)",2a3c600d
408336139,-778822340,3234,0:32:33.120000,"(datetime.datetime(2026, 9, 29, 15, 45, 19, 78000),)",2a3c600a
408334177,-778825208,3190,0:32:33.140000,"(datetime.datetime(2026, 9, 29, 15, 45, 19, 98000),)",2a3c600d
408336204,-778822237,3235,0:32:33.190000,"(datetime.datetime(2026, 9, 29, 15, 45, 19, 150000),)",2a3c600a
408334273,-778825096,3191,0:32:33.220000,"(datetime.datetime(2026, 9, 29, 15, 45, 19, 177000),)",2a3c600d
408336273,-778822133,3235,0:32:33.270000,"(datetime.datetime(2026, 9, 29, 15, 45, 19, 222000),)",2a3c600a
408334369,-778824982,3192,0:32:33.290000,"(datetime.datetime(2026, 9, 29, 15, 45, 19, 241000),)",2a3c600d
408336338,-778822024,3236,0:32:33.350000,"(datetime.datetime(2026, 9, 29, 15, 45, 19, 308000),)",2a3c600a
408334466,-778824858,3193,0:32:33.410000,"(datetime.datetime(2026, 9, 29, 15, 45, 19, 362000),)",2a3c600d
408336410,-778821918,3238,0:32:33.430000,"(datetime.datetime(2026, 9, 29, 15, 45, 19, 383000),)",2a3c600a
408334558,-778824760,3194,0:32:33.470000,"(datetime.datetime(2026, 9, 29, 15, 45, 19, 426000),)",2a3c600d
408336481,-778821802,3237,0:32:33.490000,"(datetime.datetime(2026, 9, 29, 15, 45, 19, 444000),)",2a3c600a
408334648,-778824632,3195,0:32:33.540000,"(datetime.datetime(2026, 9, 29, 15, 45, 19, 498000),)",2a3c600d
408336548,-778821689,3238,0:32:33.560000,"(datetime.datetime(2026, 9, 29, 15, 45, 19, 517000),)",2a3c600a
408334741,-778824510,3196,0:32:33.610000,"(datetime.datetime(2026, 9, 29, 15, 45, 19, 569000),)",2a3c600d
408336617,-778821577,3238,0:32:33.630000,"(datetime.datetime(2026, 9, 29, 15, 45, 19, 588000),)",2a3c600a
408334831,-778824381,3197,0:32:33.690000,"(datetime.datetime(2026, 9, 29, 15, 45, 19, 643000),)",2a3c600d
408336687,-778821465,3239,0:32:33.710000,"(datetime.datetime(2026, 9, 29, 15, 45, 19, 661000),)",2a3c600a
408334923,-778824260,3199,0:32:33.770000,"(datetime.datetime(2026, 9, 29, 15, 45, 19, 722000),)",2a3c600d
408336759,-778821357,3240,0:32:33.820000,"(datetime.datetime(2026, 9, 29, 15, 45, 19, 772000),)",2a3c600a
408335010,-778824127,3200,0:32:33.830000,"(datetime.datetime(2026, 9, 29, 15, 45, 19, 789000),)",2a3c600d
408336827,-778821242,3241,0:32:33.890000,"(datetime.datetime(2026, 9, 29, 15, 45, 19, 842000),)",2a3c600a
408335097,-778824004,3199,0:32:33.910000,"(datetime.datetime(2026, 9, 29, 15, 45, 19, 863000),)",2a3c600d
408336902,-778821128,3241,0:32:33.960000,"(datetime.datetime(2026, 9, 29, 15, 45, 19, 916000),)",2a3c600a
408335186,-778823873,3200,0:32:33.980000,"(datetime.datetime(2026, 9, 29, 15, 45, 19, 937000),)",2a3c600d
408336973,-778821012,3242,0:32:34.040000,"(datetime.datetime(2026, 9, 29, 15, 45, 19, 995000),)",2a3c600a
408335270,-778823739,3201,0:32:34.060000,"(datetime.datetime(2026, 9, 29, 15, 45, 20, 13000),)",2a3c600d
408337044,-778820899,3242,0:32:34.120000,"(datetime.datetime(2026, 9, 29, 15, 45, 20, 79000),)",2a3c600a
408335356,-778823604,3202,0:32:34.140000,"(datetime.datetime(2026, 9, 29, 15, 45, 20, 97000),)",2a3c600d
408337112,-778820780,3243,0:32:34.200000,"(datetime.datetime(2026, 9, 29, 15, 45, 20, 156000),)",2a3c600a
408335437,-778823489,3202,0:32:34.220000,"(datetime.datetime(2026, 9, 29, 15, 45, 20, 180000),)",2a3c600d
408337187,-778820661,3244,0:32:34.270000,"(datetime.datetime(2026, 9, 29, 15, 45, 20, 225000),)",2a3c600a
408335521,-778823347,3203,0:32:34.290000,"(datetime.datetime(2026, 9, 29, 15, 45, 20, 245000),)",2a3c600d
408337259,-778820546,3244,0:32:34.340000,"(datetime.datetime(2026, 9, 29, 15, 45, 20, 300000),)",2a3c600a
408335606,-778823210,3204,0:32:34.360000,"(datetime.datetime(2026, 9, 29, 15, 45, 20, 319000),)",2a3c600d
408337331,-778820429,3246,0:32:34.420000,"(datetime.datetime(2026, 9, 29, 15, 45, 20, 371000),)",2a3c600a
408335695,-778823076,3205,0:32:34.440000,"(datetime.datetime(2026, 9, 29, 15, 45, 20, 394000),)",2a3c600d
408337409,-778820309,3246,0:32:34.500000,"(datetime.datetime(2026, 9, 29, 15, 45, 20, 455000),)",2a3c600a
408335777,-778822931,3206,0:32:34.570000,"(datetime.datetime(2026, 9, 29, 15, 45, 20, 522000),)",2a3c600d
408335866,-778822794,3207,0:32:34.630000,"(datetime.datetime(2026, 9, 29, 15, 45, 20, 582000),)",2a3c600d
408337479,-778820194,3246,0:32:34.650000,"(datetime.datetime(2026, 9, 29, 15, 45, 20, 601000),)",2a3c600a
408335954,-778822655,3207,0:32:34.680000,"(datetime.datetime(2026, 9, 29, 15, 45, 20, 636000),)",2a3c600d
408337555,-778820075,3247,0:32:34.700000,"(datetime.datetime(2026, 9, 29, 15, 45, 20, 655000),)",2a3c600a
408336041,-778822508,3209,0:32:34.760000,"(datetime.datetime(2026, 9, 29, 15, 45, 20, 720000),)",2a3c600d
408337624,-778819955,3248,0:32:34.780000,"(datetime.datetime(2026, 9, 29, 15, 45, 20, 738000),)",2a3c600a
408336132,-778822370,3209,0:32:34.840000,"(datetime.datetime(2026, 9, 29, 15, 45, 20, 791000),)",2a3c600d
408337702,-778819833,3249,0:32:34.850000,"(datetime.datetime(2026, 9, 29, 15, 45, 20, 810000),)",2a3c600a
408336217,-778822221,3211,0:32:34.910000,"(datetime.datetime(2026, 9, 29, 15, 45, 20, 863000),)",2a3c600d
408337765,-778819698,3248,0:32:34.930000,"(datetime.datetime(2026, 9, 29, 15, 45, 20, 881000),)",2a3c600a
408336306,-778822097,3211,0:32:34.990000,"(datetime.datetime(2026, 9, 29, 15, 45, 20, 944000),)",2a3c600d
408337843,-778819581,3249,0:32:35.010000,"(datetime.datetime(2026, 9, 29, 15, 45, 20, 969000),)",2a3c600a
408336394,-778821952,3212,0:32:35.060000,"(datetime.datetime(2026, 9, 29, 15, 45, 21, 10000),)",2a3c600d
408337928,-778819466,3251,0:32:35.070000,"(datetime.datetime(2026, 9, 29, 15, 45, 21, 29000),)",2a3c600a
408336487,-778821816,3213,0:32:35.130000,"(datetime.datetime(2026, 9, 29, 15, 45, 21, 81000),)",2a3c600d
408338001,-778819341,3251,0:32:35.140000,"(datetime.datetime(2026, 9, 29, 15, 45, 21, 99000),)",2a3c600a
408336576,-778821668,3213,0:32:35.200000,"(datetime.datetime(2026, 9, 29, 15, 45, 21, 155000),)",2a3c600d
408338083,-778819223,3251,0:32:35.220000,"(datetime.datetime(2026, 9, 29, 15, 45, 21, 174000),)",2a3c600a
408336663,-778821522,3214,0:32:35.270000,"(datetime.datetime(2026, 9, 29, 15, 45, 21, 230000),)",2a3c600d
408338153,-778819091,3251,0:32:35.300000,"(datetime.datetime(2026, 9, 29, 15, 45, 21, 252000),)",2a3c600a
408336753,-778821377,3215,0:32:35.340000,"(datetime.datetime(2026, 9, 29, 15, 45, 21, 298000),)",2a3c600d
408338218,-778818962,3252,0:32:35.360000,"(datetime.datetime(2026, 9, 29, 15, 45, 21, 316000),)",2a3c600a
408336843,-778821236,3216,0:32:35.430000,"(datetime.datetime(2026, 9, 29, 15, 45, 21, 381000),)",2a3c600d
408338302,-778818843,3252,0:32:35.440000,"(datetime.datetime(2026, 9, 29, 15, 45, 21, 399000),)",2a3c600a
408336928,-778821091,3217,0:32:35.500000,"(datetime.datetime(2026, 9, 29, 15, 45, 21, 455000),)",2a3c600d
408338382,-778818717,3252,0:32:35.520000,"(datetime.datetime(2026, 9, 29, 15, 45, 21, 474000),)",2a3c600a
408337017,-778820951,3219,0:32:35.620000,"(datetime.datetime(2026, 9, 29, 15, 45, 21, 572000),)",2a3c600d
408338454,-778818589,3253,0:32:35.650000,"(datetime.datetime(2026, 9, 29, 15, 45, 21, 604000),)",2a3c600a
408337108,-778820811,3220,0:32:35.670000,"(datetime.datetime(2026, 9, 29, 15, 45, 21, 621000),)",2a3c600d
408338531,-778818459,3254,0:32:35.720000,"(datetime.datetime(2026, 9, 29, 15, 45, 21, 674000),)",2a3c600a
408337194,-778820677,3219,0:32:35.740000,"(datetime.datetime(2026, 9, 29, 15, 45, 21, 693000),)",2a3c600d
408338615,-778818330,3255,0:32:35.790000,"(datetime.datetime(2026, 9, 29, 15, 45, 21, 747000),)",2a3c600a
408337283,-778820536,3220,0:32:35.810000,"(datetime.datetime(2026, 9, 29, 15, 45, 21, 769000),)",2a3c600d
408338694,-778818206,3256,0:32:35.860000,"(datetime.datetime(2026, 9, 29, 15, 45, 21, 818000),)",2a3c600a
408337370,-778820389,3220,0:32:35.880000,"(datetime.datetime(2026, 9, 29, 15, 45, 21, 836000),)",2a3c600d
408338775,-778818080,3256,0:32:35.940000,"(datetime.datetime(2026, 9, 29, 15, 45, 21, 895000),)",2a3c600a
408337456,-778820252,3222,0:32:35.960000,"(datetime.datetime(2026, 9, 29, 15, 45, 21, 913000),)",2a3c600d
408338854,-778817950,3257,0:32:36.010000,"(datetime.datetime(2026, 9, 29, 15, 45, 21, 966000),)",2a3c600a
408337542,-778820111,3223,0:32:36.040000,"(datetime.datetime(2026, 9, 29, 15, 45, 21, 996000),)",2a3c600d
408338933,-778817820,3257,0:32:36.080000,"(datetime.datetime(2026, 9, 29, 15, 45, 22, 37000),)",2a3c600a
408337631,-778819971,3223,0:32:36.100000,"(datetime.datetime(2026, 9, 29, 15, 45, 22, 54000),)",2a3c600d
408339013,-778817687,3257,0:32:36.150000,"(datetime.datetime(2026, 9, 29, 15, 45, 22, 107000),)",2a3c600a
408337717,-778819833,3225,0:32:36.170000,"(datetime.datetime(2026, 9, 29, 15, 45, 22, 126000),)",2a3c600d
408339081,-778817552,3258,0:32:36.230000,"(datetime.datetime(2026, 9, 29, 15, 45, 22, 185000),)",2a3c600a
408337807,-778819690,3224,0:32:36.250000,"(datetime.datetime(2026, 9, 29, 15, 45, 22, 207000),)",2a3c600d
408339163,-778817416,3258,0:32:36.300000,"(datetime.datetime(2026, 9, 29, 15, 45, 22, 257000),)",2a3c600a
408337900,-778819552,3225,0:32:36.320000,"(datetime.datetime(2026, 9, 29, 15, 45, 22, 275000),)",2a3c600d
408339239,-778817286,3259,0:32:36.390000,"(datetime.datetime(2026, 9, 29, 15, 45, 22, 342000),)",2a3c600a
408337975,-778819401,3226,0:32:36.440000,"(datetime.datetime(2026, 9, 29, 15, 45, 22, 395000),)",2a3c600d
408339315,-778817146,3257,0:32:36.470000,"(datetime.datetime(2026, 9, 29, 15, 45, 22, 422000),)",2a3c600a
408338061,-778819272,3225,0:32:36.500000,"(datetime.datetime(2026, 9, 29, 15, 45, 22, 460000),)",2a3c600d
408339406,-778817019,3260,0:32:36.530000,"(datetime.datetime(2026, 9, 29, 15, 45, 22, 488000),)",2a3c600a
408338150,-778819132,3226,0:32:36.630000,"(datetime.datetime(2026, 9, 29, 15, 45, 22, 590000),)",2a3c600d
408339492,-778816882,3261,0:32:36.660000,"(datetime.datetime(2026, 9, 29, 15, 45, 22, 616000),)",2a3c600a
408338242,-778818997,3227,0:32:36.690000,"(datetime.datetime(2026, 9, 29, 15, 45, 22, 642000),)",2a3c600d
408339581,-778816756,3261,0:32:36.700000,"(datetime.datetime(2026, 9, 29, 15, 45, 22, 660000),)",2a3c600a
408338333,-778818848,3227,0:32:36.770000,"(datetime.datetime(2026, 9, 29, 15, 45, 22, 730000),)",2a3c600d
408339666,-778816624,3262,0:32:36.790000,"(datetime.datetime(2026, 9, 29, 15, 45, 22, 748000),)",2a3c600a
408338405,-778818703,3230,0:32:36.850000,"(datetime.datetime(2026, 9, 29, 15, 45, 22, 807000),)",2a3c600d
408339734,-778816484,3264,0:32:36.870000,"(datetime.datetime(2026, 9, 29, 15, 45, 22, 826000),)",2a3c600a
408338489,-778818563,3231,0:32:36.930000,"(datetime.datetime(2026, 9, 29, 15, 45, 22, 883000),)",2a3c600d
408339826,-778816348,3264,0:32:36.950000,"(datetime.datetime(2026, 9, 29, 15, 45, 22, 901000),)",2a3c600a
408338588,-778818424,3233,0:32:37,"(datetime.datetime(2026, 9, 29, 15, 45, 22, 955000),)",2a3c600d
408339917,-778816219,3264,0:32:37.020000,"(datetime.datetime(2026, 9, 29, 15, 45, 22, 974000),)",2a3c600a
408338677,-778818280,3233,0:32:37.090000,"(datetime.datetime(2026, 9, 29, 15, 45, 23, 49000),)",2a3c600d
408340001,-778816087,3265,0:32:37.110000,"(datetime.datetime(2026, 9, 29, 15, 45, 23, 68000),)",2a3c600a
408338762,-778818134,3234,0:32:37.170000,"(datetime.datetime(2026, 9, 29, 15, 45, 23, 124000),)",2a3c600d
408340083,-778815946,3266,0:32:37.200000,"(datetime.datetime(2026, 9, 29, 15, 45, 23, 151000),)",2a3c600a
408338837,-778817981,3234,0:32:37.240000,"(datetime.datetime(2026, 9, 29, 15, 45, 23, 195000),)",2a3c600d
408340163,-778815798,3268,0:32:37.260000,"(datetime.datetime(2026, 9, 29, 15, 45, 23, 218000),)",2a3c600a
408338940,-778817856,3236,0:32:37.310000,"(datetime.datetime(2026, 9, 29, 15, 45, 23, 269000),)",2a3c600d
408340254,-778815655,3269,0:32:37.330000,"(datetime.datetime(2026, 9, 29, 15, 45, 23, 289000),)",2a3c600a
408339025,-778817720,3237,0:32:37.380000,"(datetime.datetime(2026, 9, 29, 15, 45, 23, 337000),)",2a3c600d
408340333,-778815515,3269,0:32:37.400000,"(datetime.datetime(2026, 9, 29, 15, 45, 23, 357000),)",2a3c600a
408339108,-778817567,3237,0:32:37.460000,"(datetime.datetime(2026, 9, 29, 15, 45, 23, 416000),)",2a3c600d
408340422,-778815379,3270,0:32:37.480000,"(datetime.datetime(2026, 9, 29, 15, 45, 23, 435000),)",2a3c600a
408339199,-778817422,3237,0:32:37.540000,"(datetime.datetime(2026, 9, 29, 15, 45, 23, 500000),)",2a3c600d
408340511,-778815242,3271,0:32:37.570000,"(datetime.datetime(2026, 9, 29, 15, 45, 23, 527000),)",2a3c600a
408339279,-778817285,3239,0:32:37.640000,"(datetime.datetime(2026, 9, 29, 15, 45, 23, 591000),)",2a3c600d
408340598,-778815102,3271,0:32:37.690000,"(datetime.datetime(2026, 9, 29, 15, 45, 23, 646000),)",2a3c600a
408339362,-778817139,3238,0:32:37.740000,"(datetime.datetime(2026, 9, 29, 15, 45, 23, 691000),)",2a3c600d
408340692,-778814963,3272,0:32:37.770000,"(datetime.datetime(2026, 9, 29, 15, 45, 23, 721000),)",2a3c600a
408339450,-778816994,3239,0:32:37.840000,"(datetime.datetime(2026, 9, 29, 15, 45, 23, 795000),)",2a3c600d
408340777,-778814822,3272,0:32:37.870000,"(datetime.datetime(2026, 9, 29, 15, 45, 23, 829000),)",2a3c600a
408339539,-778816856,3239,0:32:37.930000,"(datetime.datetime(2026, 9, 29, 15, 45, 23, 890000),)",2a3c600d
408340859,-778814675,3273,0:32:37.950000,"(datetime.datetime(2026, 9, 29, 15, 45, 23, 909000),)",2a3c600a
408339637,-778816725,3241,0:32:38.030000,"(datetime.datetime(2026, 9, 29, 15, 45, 23, 990000),)",2a3c600d
408340944,-778814533,3274,0:32:38.050000,"(datetime.datetime(2026, 9, 29, 15, 45, 24, 10000),)",2a3c600a
408339717,-778816581,3241,0:32:38.140000,"(datetime.datetime(2026, 9, 29, 15, 45, 24, 91000),)",2a3c600d
408341041,-778814404,3275,0:32:38.180000,"(datetime.datetime(2026, 9, 29, 15, 45, 24, 133000),)",2a3c600a
408339806,-778816460,3242,0:32:38.240000,"(datetime.datetime(2026, 9, 29, 15, 45, 24, 191000),)",2a3c600d
408341118,-778814249,3273,0:32:38.290000,"(datetime.datetime(2026, 9, 29, 15, 45, 24, 242000),)",2a3c600a
408339894,-778816314,3243,0:32:38.330000,"(datetime.datetime(2026, 9, 29, 15, 45, 24, 290000),)",2a3c600d
408341220,-778814106,3274,0:32:38.360000,"(datetime.datetime(2026, 9, 29, 15, 45, 24, 311000),)",2a3c600a
408339987,-778816178,3245,0:32:38.440000,"(datetime.datetime(2026, 9, 29, 15, 45, 24, 391000),)",2a3c600d
408341314,-778813970,3274,0:32:38.470000,"(datetime.datetime(2026, 9, 29, 15, 45, 24, 422000),)",2a3c600a
408340076,-778816039,3246,0:32:38.540000,"(datetime.datetime(2026, 9, 29, 15, 45, 24, 491000),)",2a3c600d
408341400,-778813817,3277,0:32:38.560000,"(datetime.datetime(2026, 9, 29, 15, 45, 24, 512000),)",2a3c600a
408340164,-778815898,3247,0:32:38.640000,"(datetime.datetime(2026, 9, 29, 15, 45, 24, 598000),)",2a3c600d
408341489,-778813670,3276,0:32:38.660000,"(datetime.datetime(2026, 9, 29, 15, 45, 24, 619000),)",2a3c600a
408340260,-778815760,3248,0:32:38.740000,"(datetime.datetime(2026, 9, 29, 15, 45, 24, 693000),)",2a3c600d
408341583,-778813527,3278,0:32:38.760000,"(datetime.datetime(2026, 9, 29, 15, 45, 24, 711000),)",2a3c600a
408340341,-778815610,3249,0:32:38.830000,"(datetime.datetime(2026, 9, 29, 15, 45, 24, 790000),)",2a3c600d
408341674,-778813389,3278,0:32:38.850000,"(datetime.datetime(2026, 9, 29, 15, 45, 24, 810000),)",2a3c600a
408340430,-778815469,3249,0:32:38.940000,"(datetime.datetime(2026, 9, 29, 15, 45, 24, 890000),)",2a3c600d
408341764,-778813245,3279,0:32:38.970000,"(datetime.datetime(2026, 9, 29, 15, 45, 24, 920000),)",2a3c600a
408340513,-778815328,3249,0:32:39.040000,"(datetime.datetime(2026, 9, 29, 15, 45, 24, 991000),)",2a3c600d
408341856,-778813104,3280,0:32:39.070000,"(datetime.datetime(2026, 9, 29, 15, 45, 25, 20000),)",2a3c600a
408340615,-778815186,3249,0:32:39.130000,"(datetime.datetime(2026, 9, 29, 15, 45, 25, 90000),)",2a3c600d
408341954,-778812966,3281,0:32:39.150000,"(datetime.datetime(2026, 9, 29, 15, 45, 25, 110000),)",2a3c600a
408340696,-778815040,3248,0:32:39.230000,"(datetime.datetime(2026, 9, 29, 15, 45, 25, 190000),)",2a3c600d
408342040,-778812809,3283,0:32:39.260000,"(datetime.datetime(2026, 9, 29, 15, 45, 25, 220000),)",2a3c600a
408340791,-778814885,3248,0:32:39.340000,"(datetime.datetime(2026, 9, 29, 15, 45, 25, 291000),)",2a3c600d
408342115,-778812649,3280,0:32:39.360000,"(datetime.datetime(2026, 9, 29, 15, 45, 25, 316000),)",2a3c600a
408340892,-778814749,3248,0:32:39.440000,"(datetime.datetime(2026, 9, 29, 15, 45, 25, 392000),)",2a3c600d
408342204,-778812512,3282,0:32:39.460000,"(datetime.datetime(2026, 9, 29, 15, 45, 25, 411000),)",2a3c600a
408340980,-778814598,3249,0:32:39.540000,"(datetime.datetime(2026, 9, 29, 15, 45, 25, 491000),)",2a3c600d
408342294,-778812372,3282,0:32:39.560000,"(datetime.datetime(2026, 9, 29, 15, 45, 25, 517000),)",2a3c600a
408341072,-778814443,3250,0:32:39.640000,"(datetime.datetime(2026, 9, 29, 15, 45, 25, 591000),)",2a3c600d
408342391,-778812225,3283,0:32:39.670000,"(datetime.datetime(2026, 9, 29, 15, 45, 25, 621000),)",2a3c600a
408341179,-778814308,3250,0:32:39.730000,"(datetime.datetime(2026, 9, 29, 15, 45, 25, 690000),)",2a3c600d
408342481,-778812081,3283,0:32:39.750000,"(datetime.datetime(2026, 9, 29, 15, 45, 25, 709000),)",2a3c600a
408341270,-778814164,3251,0:32:39.830000,"(datetime.datetime(2026, 9, 29, 15, 45, 25, 790000),)",2a3c600d
408342598,-778811961,3284,0:32:39.850000,"(datetime.datetime(2026, 9, 29, 15, 45, 25, 810000),)",2a3c600a
408341363,-778814018,3252,0:32:39.940000,"(datetime.datetime(2026, 9, 29, 15, 45, 25, 890000),)",2a3c600d
408342693,-778811823,3284,0:32:39.960000,"(datetime.datetime(2026, 9, 29, 15, 45, 25, 920000),)",2a3c600a
408341460,-778813870,3254,0:32:40.040000,"(datetime.datetime(2026, 9, 29, 15, 45, 25, 991000),)",2a3c600d
408342789,-778811679,3286,0:32:40.060000,"(datetime.datetime(2026, 9, 29, 15, 45, 26, 20000),)",2a3c600a
408341549,-778813716,3254,0:32:40.140000,"(datetime.datetime(2026, 9, 29, 15, 45, 26, 96000),)",2a3c600d
408342887,-778811538,3288,0:32:40.180000,"(datetime.datetime(2026, 9, 29, 15, 45, 26, 131000),)",2a3c600a
408341626,-778813568,3255,0:32:40.230000,"(datetime.datetime(2026, 9, 29, 15, 45, 26, 190000),)",2a3c600d
408342976,-778811395,3290,0:32:40.250000,"(datetime.datetime(2026, 9, 29, 15, 45, 26, 208000),)",2a3c600a
408341723,-778813430,3254,0:32:40.340000,"(datetime.datetime(2026, 9, 29, 15, 45, 26, 291000),)",2a3c600d
408343073,-778811257,3292,0:32:40.360000,"(datetime.datetime(2026, 9, 29, 15, 45, 26, 314000),)",2a3c600a
408341818,-778813277,3254,0:32:40.430000,"(datetime.datetime(2026, 9, 29, 15, 45, 26, 390000),)",2a3c600d
408343156,-778811095,3292,0:32:40.470000,"(datetime.datetime(2026, 9, 29, 15, 45, 26, 428000),)",2a3c600a
408341903,-778813131,3254,0:32:40.530000,"(datetime.datetime(2026, 9, 29, 15, 45, 26, 489000),)",2a3c600d
408343247,-778810968,3294,0:32:40.580000,"(datetime.datetime(2026, 9, 29, 15, 45, 26, 534000),)",2a3c600a
408341987,-778812975,3255,0:32:40.640000,"(datetime.datetime(2026, 9, 29, 15, 45, 26, 590000),)",2a3c600d
408343341,-778810818,3295,0:32:40.660000,"(datetime.datetime(2026, 9, 29, 15, 45, 26, 616000),)",2a3c600a
408342090,-778812827,3256,0:32:40.730000,"(datetime.datetime(2026, 9, 29, 15, 45, 26, 690000),)",2a3c600d
408343431,-778810672,3295,0:32:40.780000,"(datetime.datetime(2026, 9, 29, 15, 45, 26, 734000),)",2a3c600a
408342180,-778812680,3257,0:32:40.840000,"(datetime.datetime(2026, 9, 29, 15, 45, 26, 790000),)",2a3c600d
408343533,-778810544,3294,0:32:40.860000,"(datetime.datetime(2026, 9, 29, 15, 45, 26, 811000),)",2a3c600a
408342267,-778812527,3257,0:32:40.930000,"(datetime.datetime(2026, 9, 29, 15, 45, 26, 890000),)",2a3c600d
408343617,-778810388,3295,0:32:40.960000,"(datetime.datetime(2026, 9, 29, 15, 45, 26, 917000),)",2a3c600a
408342357,-778812382,3257,0:32:41.040000,"(datetime.datetime(2026, 9, 29, 15, 45, 26, 992000),)",2a3c600d
408343706,-778810244,3295,0:32:41.060000,"(datetime.datetime(2026, 9, 29, 15, 45, 27, 11000),)",2a3c600a
408342452,-778812236,3258,0:32:41.140000,"(datetime.datetime(2026, 9, 29, 15, 45, 27, 92000),)",2a3c600d
408343790,-778810090,3295,0:32:41.160000,"(datetime.datetime(2026, 9, 29, 15, 45, 27, 111000),)",2a3c600a
408342543,-778812111,3258,0:32:41.240000,"(datetime.datetime(2026, 9, 29, 15, 45, 27, 191000),)",2a3c600d
408343882,-778809931,3295,0:32:41.270000,"(datetime.datetime(2026, 9, 29, 15, 45, 27, 223000),)",2a3c600a
408342643,-778811962,3257,0:32:41.340000,"(datetime.datetime(2026, 9, 29, 15, 45, 27, 291000),)",2a3c600d
408343972,-778809787,3295,0:32:41.380000,"(datetime.datetime(2026, 9, 29, 15, 45, 27, 331000),)",2a3c600a
408342735,-778811815,3257,0:32:41.440000,"(datetime.datetime(2026, 9, 29, 15, 45, 27, 391000),)",2a3c600d
408344067,-778809645,3295,0:32:41.480000,"(datetime.datetime(2026, 9, 29, 15, 45, 27, 440000),)",2a3c600a
408342814,-778811660,3258,0:32:41.540000,"(datetime.datetime(2026, 9, 29, 15, 45, 27, 491000),)",2a3c600d
408344166,-778809513,3295,0:32:41.560000,"(datetime.datetime(2026, 9, 29, 15, 45, 27, 511000),)",2a3c600a
408342903,-778811509,3258,0:32:41.640000,"(datetime.datetime(2026, 9, 29, 15, 45, 27, 591000),)",2a3c600d
408344253,-778809356,3296,0:32:41.670000,"(datetime.datetime(2026, 9, 29, 15, 45, 27, 623000),)",2a3c600a
408342992,-778811356,3258,0:32:41.740000,"(datetime.datetime(2026, 9, 29, 15, 45, 27, 699000),)",2a3c600d
408344349,-778809216,3296,0:32:41.770000,"(datetime.datetime(2026, 9, 29, 15, 45, 27, 729000),)",2a3c600a
408343081,-778811220,3258,0:32:41.840000,"(datetime.datetime(2026, 9, 29, 15, 45, 27, 800000),)",2a3c600d
408344427,-778809060,3294,0:32:41.870000,"(datetime.datetime(2026, 9, 29, 15, 45, 27, 824000),)",2a3c600a
408343167,-778811071,3258,0:32:41.940000,"(datetime.datetime(2026, 9, 29, 15, 45, 27, 891000),)",2a3c600d
408344517,-778808910,3294,0:32:41.970000,"(datetime.datetime(2026, 9, 29, 15, 45, 27, 923000),)",2a3c600a
408343262,-778810917,3258,0:32:42.040000,"(datetime.datetime(2026, 9, 29, 15, 45, 27, 990000),)",2a3c600d
408344609,-778808764,3295,0:32:42.060000,"(datetime.datetime(2026, 9, 29, 15, 45, 28, 10000),)",2a3c600a
408343341,-778810749,3260,0:32:42.140000,"(datetime.datetime(2026, 9, 29, 15, 45, 28, 91000),)",2a3c600d
408344692,-778808605,3294,0:32:42.150000,"(datetime.datetime(2026, 9, 29, 15, 45, 28, 110000),)",2a3c600a
408343462,-778810639,3262,0:32:42.240000,"(datetime.datetime(2026, 9, 29, 15, 45, 28, 191000),)",2a3c600d
408344785,-778808442,3294,0:32:42.260000,"(datetime.datetime(2026, 9, 29, 15, 45, 28, 211000),)",2a3c600a
408343564,-778810510,3264,0:32:42.330000,"(datetime.datetime(2026, 9, 29, 15, 45, 28, 289000),)",2a3c600d
408344878,-778808292,3294,0:32:42.360000,"(datetime.datetime(2026, 9, 29, 15, 45, 28, 314000),)",2a3c600a
408343654,-778810373,3264,0:32:42.440000,"(datetime.datetime(2026, 9, 29, 15, 45, 28, 391000),)",2a3c600d
408344979,-778808148,3295,0:32:42.450000,"(datetime.datetime(2026, 9, 29, 15, 45, 28, 410000),)",2a3c600a
408343750,-778810228,3264,0:32:42.540000,"(datetime.datetime(2026, 9, 29, 15, 45, 28, 490000),)",2a3c600d
408345063,-778807993,3295,0:32:42.560000,"(datetime.datetime(2026, 9, 29, 15, 45, 28, 519000),)",2a3c600a
408343843,-778810076,3265,0:32:42.640000,"(datetime.datetime(2026, 9, 29, 15, 45, 28, 593000),)",2a3c600d
408345153,-778807846,3294,0:32:42.680000,"(datetime.datetime(2026, 9, 29, 15, 45, 28, 640000),)",2a3c600a
408343929,-778809938,3266,0:32:42.730000,"(datetime.datetime(2026, 9, 29, 15, 45, 28, 690000),)",2a3c600d
408345241,-778807690,3296,0:32:42.760000,"(datetime.datetime(2026, 9, 29, 15, 45, 28, 717000),)",2a3c600a
408344023,-778809788,3266,0:32:42.830000,"(datetime.datetime(2026, 9, 29, 15, 45, 28, 789000),)",2a3c600d
408345332,-778807540,3296,0:32:42.850000,"(datetime.datetime(2026, 9, 29, 15, 45, 28, 809000),)",2a3c600a
408344113,-778809643,3266,0:32:43.240000,"(datetime.datetime(2026, 9, 29, 15, 45, 29, 197000),)",2a3c600d
408345423,-778807387,3296,0:32:43.400000,"(datetime.datetime(2026, 9, 29, 15, 45, 29, 358000),)",2a3c600a
408344202,-778809506,3267,0:32:43.530000,"(datetime.datetime(2026, 9, 29, 15, 45, 29, 483000),)",2a3c600d
408345521,-778807242,3296,0:32:43.590000,"(datetime.datetime(2026, 9, 29, 15, 45, 29, 545000),)",2a3c600a
408344296,-778809353,3267,0:32:43.750000,"(datetime.datetime(2026, 9, 29, 15, 45, 29, 710000),)",2a3c600d
408345607,-778807080,3296,0:32:43.890000,"(datetime.datetime(2026, 9, 29, 15, 45, 29, 848000),)",2a3c600a
408344375,-778809216,3270,0:32:44,"(datetime.datetime(2026, 9, 29, 15, 45, 29, 951000),)",2a3c600d
408345700,-778806919,3296,0:32:44.140000,"(datetime.datetime(2026, 9, 29, 15, 45, 30, 96000),)",2a3c600a
408344469,-778809076,3269,0:32:44.190000,"(datetime.datetime(2026, 9, 29, 15, 45, 30, 149000),)",2a3c600d
408345790,-778806766,3296,0:32:44.250000,"(datetime.datetime(2026, 9, 29, 15, 45, 30, 208000),)",2a3c600a
408344556,-778808914,3268,0:32:44.300000,"(datetime.datetime(2026, 9, 29, 15, 45, 30, 257000),)",2a3c600d
408345882,-778806609,3297,0:32:44.390000,"(datetime.datetime(2026, 9, 29, 15, 45, 30, 344000),)",2a3c600a
408344647,-778808769,3268,0:32:44.550000,"(datetime.datetime(2026, 9, 29, 15, 45, 30, 506000),)",2a3c600d
408345972,-778806456,3298,0:32:44.670000,"(datetime.datetime(2026, 9, 29, 15, 45, 30, 628000),)",2a3c600a
408344736,-778808624,3269,0:32:44.750000,"(datetime.datetime(2026, 9, 29, 15, 45, 30, 701000),)",2a3c600d
408346067,-778806310,3299,0:32:44.790000,"(datetime.datetime(2026, 9, 29, 15, 45, 30, 747000),)",2a3c600a
408344822,-778808472,3268,0:32:44.910000,"(datetime.datetime(2026, 9, 29, 15, 45, 30, 865000),)",2a3c600d
408346159,-778806155,3298,0:32:45.020000,"(datetime.datetime(2026, 9, 29, 15, 45, 30, 973000),)",2a3c600a
408344916,-778808321,3269,0:32:45.200000,"(datetime.datetime(2026, 9, 29, 15, 45, 31, 156000),)",2a3c600d
408346249,-778805998,3298,0:32:45.360000,"(datetime.datetime(2026, 9, 29, 15, 45, 31, 313000),)",2a3c600a
408344999,-778808170,3267,0:32:45.410000,"(datetime.datetime(2026, 9, 29, 15, 45, 31, 368000),)",2a3c600d
408346339,-778805847,3298,0:32:45.530000,"(datetime.datetime(2026, 9, 29, 15, 45, 31, 481000),)",2a3c600a
408345084,-778808026,3268,0:32:45.660000,"(datetime.datetime(2026, 9, 29, 15, 45, 31, 617000),)",2a3c600d
408346437,-778805703,3298,0:32:45.690000,"(datetime.datetime(2026, 9, 29, 15, 45, 31, 645000),)",2a3c600a
408345176,-778807876,3268,0:32:45.710000,"(datetime.datetime(2026, 9, 29, 15, 45, 31, 664000),)",2a3c600d
408346525,-778805540,3298,0:32:45.760000,"(datetime.datetime(2026, 9, 29, 15, 45, 31, 711000),)",2a3c600a
408345253,-778807735,3268,0:32:45.780000,"(datetime.datetime(2026, 9, 29, 15, 45, 31, 738000),)",2a3c600d
408346629,-778805384,3298,0:32:45.830000,"(datetime.datetime(2026, 9, 29, 15, 45, 31, 786000),)",2a3c600a
408345347,-778807584,3270,0:32:45.850000,"(datetime.datetime(2026, 9, 29, 15, 45, 31, 806000),)",2a3c600d
408346722,-778805228,3298,0:32:45.910000,"(datetime.datetime(2026, 9, 29, 15, 45, 31, 863000),)",2a3c600a
408345443,-778807442,3270,0:32:45.930000,"(datetime.datetime(2026, 9, 29, 15, 45, 31, 881000),)",2a3c600d
408346817,-778805074,3299,0:32:45.990000,"(datetime.datetime(2026, 9, 29, 15, 45, 31, 946000),)",2a3c600a
408345535,-778807296,3270,0:32:46.010000,"(datetime.datetime(2026, 9, 29, 15, 45, 31, 965000),)",2a3c600d
408346906,-778804921,3297,0:32:46.070000,"(datetime.datetime(2026, 9, 29, 15, 45, 32, 22000),)",2a3c600a
408345626,-778807149,3270,0:32:46.090000,"(datetime.datetime(2026, 9, 29, 15, 45, 32, 41000),)",2a3c600d
408347001,-778804765,3298,0:32:46.150000,"(datetime.datetime(2026, 9, 29, 15, 45, 32, 108000),)",2a3c600a
408345718,-778807001,3271,0:32:46.180000,"(datetime.datetime(2026, 9, 29, 15, 45, 32, 132000),)",2a3c600d
408347101,-778804606,3299,0:32:46.230000,"(datetime.datetime(2026, 9, 29, 15, 45, 32, 181000),)",2a3c600a
408345811,-778806849,3271,0:32:46.240000,"(datetime.datetime(2026, 9, 29, 15, 45, 32, 200000),)",2a3c600d
408347196,-778804457,3299,0:32:46.300000,"(datetime.datetime(2026, 9, 29, 15, 45, 32, 256000),)",2a3c600a
408345901,-778806693,3272,0:32:46.320000,"(datetime.datetime(2026, 9, 29, 15, 45, 32, 275000),)",2a3c600d
408347290,-778804301,3299,0:32:46.370000,"(datetime.datetime(2026, 9, 29, 15, 45, 32, 328000),)",2a3c600a
408345990,-778806548,3271,0:32:46.390000,"(datetime.datetime(2026, 9, 29, 15, 45, 32, 348000),)",2a3c600d
408347290,-778804301,3299,0:32:46.460000,"(datetime.datetime(2026, 9, 29, 15, 45, 32, 411000),)",2a3c600a
408346079,-778806395,3271,0:32:46.470000,"(datetime.datetime(2026, 9, 29, 15, 45, 32, 429000),)",2a3c600d
408347388,-778804146,3299,0:32:46.530000,"(datetime.datetime(2026, 9, 29, 15, 45, 32, 488000),)",2a3c600a
408346167,-778806268,3271,0:32:46.560000,"(datetime.datetime(2026, 9, 29, 15, 45, 32, 518000),)",2a3c600d
408347582,-778803828,3300,0:32:46.630000,"(datetime.datetime(2026, 9, 29, 15, 45, 32, 590000),)",2a3c600a
408346260,-778806122,3271,0:32:46.680000,"(datetime.datetime(2026, 9, 29, 15, 45, 32, 631000),)",2a3c600d
408347582,-778803828,3300,0:32:46.690000,"(datetime.datetime(2026, 9, 29, 15, 45, 32, 650000),)",2a3c600a
408347677,-778803673,3300,0:32:46.750000,"(datetime.datetime(2026, 9, 29, 15, 45, 32, 704000),)",2a3c600a
408346353,-778805974,3272,0:32:46.770000,"(datetime.datetime(2026, 9, 29, 15, 45, 32, 729000),)",2a3c600d
408347769,-778803515,3300,0:32:46.820000,"(datetime.datetime(2026, 9, 29, 15, 45, 32, 780000),)",2a3c600a
408346442,-778805826,3272,0:32:46.840000,"(datetime.datetime(2026, 9, 29, 15, 45, 32, 798000),)",2a3c600d
408347868,-778803358,3300,0:32:46.900000,"(datetime.datetime(2026, 9, 29, 15, 45, 32, 853000),)",2a3c600a
408346535,-778805683,3272,0:32:46.920000,"(datetime.datetime(2026, 9, 29, 15, 45, 32, 880000),)",2a3c600d
408347962,-778803204,3301,0:32:46.970000,"(datetime.datetime(2026, 9, 29, 15, 45, 32, 925000),)",2a3c600a
408346629,-778805527,3273,0:32:46.990000,"(datetime.datetime(2026, 9, 29, 15, 45, 32, 947000),)",2a3c600d
408348059,-778803048,3301,0:32:47.040000,"(datetime.datetime(2026, 9, 29, 15, 45, 32, 998000),)",2a3c600a
408346727,-778805387,3273,0:32:47.060000,"(datetime.datetime(2026, 9, 29, 15, 45, 33, 17000),)",2a3c600d
408348151,-778802890,3301,0:32:47.120000,"(datetime.datetime(2026, 9, 29, 15, 45, 33, 74000),)",2a3c600a
408346818,-778805235,3272,0:32:47.140000,"(datetime.datetime(2026, 9, 29, 15, 45, 33, 96000),)",2a3c600d
408348247,-778802730,3300,0:32:47.200000,"(datetime.datetime(2026, 9, 29, 15, 45, 33, 155000),)",2a3c600a
408346914,-778805082,3272,0:32:47.220000,"(datetime.datetime(2026, 9, 29, 15, 45, 33, 175000),)",2a3c600d
408348344,-778802575,3300,0:32:47.280000,"(datetime.datetime(2026, 9, 29, 15, 45, 33, 231000),)",2a3c600a
408347004,-778804930,3272,0:32:47.300000,"(datetime.datetime(2026, 9, 29, 15, 45, 33, 254000),)",2a3c600d
408348451,-778802418,3302,0:32:47.350000,"(datetime.datetime(2026, 9, 29, 15, 45, 33, 310000),)",2a3c600a
408347084,-778804787,3272,0:32:47.370000,"(datetime.datetime(2026, 9, 29, 15, 45, 33, 329000),)",2a3c600d
408348558,-778802258,3299,0:32:47.430000,"(datetime.datetime(2026, 9, 29, 15, 45, 33, 381000),)",2a3c600a
408347180,-778804633,3271,0:32:47.450000,"(datetime.datetime(2026, 9, 29, 15, 45, 33, 401000),)",2a3c600d
408348650,-778802098,3299,0:32:47.500000,"(datetime.datetime(2026, 9, 29, 15, 45, 33, 456000),)",2a3c600a
408347272,-778804486,3272,0:32:47.520000,"(datetime.datetime(2026, 9, 29, 15, 45, 33, 476000),)",2a3c600d
408348749,-778801938,3299,0:32:47.580000,"(datetime.datetime(2026, 9, 29, 15, 45, 33, 534000),)",2a3c600a
408347366,-778804334,3272,0:32:47.640000,"(datetime.datetime(2026, 9, 29, 15, 45, 33, 592000),)",2a3c600d
408348858,-778801781,3298,0:32:47.660000,"(datetime.datetime(2026, 9, 29, 15, 45, 33, 616000),)",2a3c600a
408347467,-778804191,3272,0:32:47.680000,"(datetime.datetime(2026, 9, 29, 15, 45, 33, 639000),)",2a3c600d
408348949,-778801616,3298,0:32:47.730000,"(datetime.datetime(2026, 9, 29, 15, 45, 33, 688000),)",2a3c600a
408347561,-778804037,3273,0:32:47.750000,"(datetime.datetime(2026, 9, 29, 15, 45, 33, 707000),)",2a3c600d
408349049,-778801458,3298,0:32:47.800000,"(datetime.datetime(2026, 9, 29, 15, 45, 33, 759000),)",2a3c600a
408347654,-778803888,3272,0:32:47.820000,"(datetime.datetime(2026, 9, 29, 15, 45, 33, 780000),)",2a3c600d
408349149,-778801290,3298,0:32:47.880000,"(datetime.datetime(2026, 9, 29, 15, 45, 33, 835000),)",2a3c600a
408347746,-778803729,3272,0:32:47.900000,"(datetime.datetime(2026, 9, 29, 15, 45, 33, 854000),)",2a3c600d
408349249,-778801135,3297,0:32:47.960000,"(datetime.datetime(2026, 9, 29, 15, 45, 33, 917000),)",2a3c600a
408347847,-778803588,3272,0:32:47.980000,"(datetime.datetime(2026, 9, 29, 15, 45, 33, 937000),)",2a3c600d
408349341,-778800967,3297,0:32:48.050000,"(datetime.datetime(2026, 9, 29, 15, 45, 34, 5000),)",2a3c600a
408347940,-778803430,3273,0:32:48.100000,"(datetime.datetime(2026, 9, 29, 15, 45, 34, 55000),)",2a3c600d
408349444,-778800807,3296,0:32:48.120000,"(datetime.datetime(2026, 9, 29, 15, 45, 34, 75000),)",2a3c600a
408348027,-778803279,3272,0:32:48.170000,"(datetime.datetime(2026, 9, 29, 15, 45, 34, 125000),)",2a3c600d
408349543,-778800639,3295,0:32:48.190000,"(datetime.datetime(2026, 9, 29, 15, 45, 34, 143000),)",2a3c600a
408348131,-778803138,3272,0:32:48.240000,"(datetime.datetime(2026, 9, 29, 15, 45, 34, 200000),)",2a3c600d
408349646,-778800465,3295,0:32:48.260000,"(datetime.datetime(2026, 9, 29, 15, 45, 34, 219000),)",2a3c600a
408348223,-778802979,3273,0:32:48.330000,"(datetime.datetime(2026, 9, 29, 15, 45, 34, 287000),)",2a3c600d
408349750,-778800305,3295,0:32:48.380000,"(datetime.datetime(2026, 9, 29, 15, 45, 34, 335000),)",2a3c600a
408348313,-778802824,3273,0:32:48.400000,"(datetime.datetime(2026, 9, 29, 15, 45, 34, 355000),)",2a3c600d
408349848,-778800137,3294,0:32:48.460000,"(datetime.datetime(2026, 9, 29, 15, 45, 34, 413000),)",2a3c600a
408348409,-778802667,3273,0:32:48.480000,"(datetime.datetime(2026, 9, 29, 15, 45, 34, 431000),)",2a3c600d
408349946,-778799972,3294,0:32:48.530000,"(datetime.datetime(2026, 9, 29, 15, 45, 34, 489000),)",2a3c600a
408348500,-778802515,3272,0:32:48.550000,"(datetime.datetime(2026, 9, 29, 15, 45, 34, 508000),)",2a3c600d
408350049,-778799811,3294,0:32:48.630000,"(datetime.datetime(2026, 9, 29, 15, 45, 34, 590000),)",2a3c600a
408348593,-778802354,3271,0:32:48.680000,"(datetime.datetime(2026, 9, 29, 15, 45, 34, 635000),)",2a3c600d
408350149,-778799639,3293,0:32:48.700000,"(datetime.datetime(2026, 9, 29, 15, 45, 34, 653000),)",2a3c600a
408348676,-778802198,3270,0:32:48.750000,"(datetime.datetime(2026, 9, 29, 15, 45, 34, 710000),)",2a3c600d
408350252,-778799470,3292,0:32:48.770000,"(datetime.datetime(2026, 9, 29, 15, 45, 34, 730000),)",2a3c600a
408348774,-778802040,3270,0:32:48.830000,"(datetime.datetime(2026, 9, 29, 15, 45, 34, 788000),)",2a3c600d
408350351,-778799301,3291,0:32:48.850000,"(datetime.datetime(2026, 9, 29, 15, 45, 34, 807000),)",2a3c600a
408348868,-778801885,3269,0:32:48.910000,"(datetime.datetime(2026, 9, 29, 15, 45, 34, 866000),)",2a3c600d
408350455,-778799134,3291,0:32:48.930000,"(datetime.datetime(2026, 9, 29, 15, 45, 34, 886000),)",2a3c600a
408348962,-778801735,3270,0:32:48.990000,"(datetime.datetime(2026, 9, 29, 15, 45, 34, 945000),)",2a3c600d
408350554,-778798954,3293,0:32:49.010000,"(datetime.datetime(2026, 9, 29, 15, 45, 34, 966000),)",2a3c600a
408349054,-778801578,3270,0:32:49.070000,"(datetime.datetime(2026, 9, 29, 15, 45, 35, 22000),)",2a3c600d
408350658,-778798789,3293,0:32:49.090000,"(datetime.datetime(2026, 9, 29, 15, 45, 35, 41000),)",2a3c600a
408349154,-778801420,3269,0:32:49.140000,"(datetime.datetime(2026, 9, 29, 15, 45, 35, 99000),)",2a3c600d
408350761,-778798622,3293,0:32:49.170000,"(datetime.datetime(2026, 9, 29, 15, 45, 35, 128000),)",2a3c600a
408349247,-778801257,3270,0:32:49.220000,"(datetime.datetime(2026, 9, 29, 15, 45, 35, 171000),)",2a3c600d
408350863,-778798455,3293,0:32:49.230000,"(datetime.datetime(2026, 9, 29, 15, 45, 35, 189000),)",2a3c600a
408349344,-778801103,3269,0:32:49.290000,"(datetime.datetime(2026, 9, 29, 15, 45, 35, 248000),)",2a3c600d
408350966,-778798287,3294,0:32:49.310000,"(datetime.datetime(2026, 9, 29, 15, 45, 35, 267000),)",2a3c600a
408349435,-778800948,3269,0:32:49.360000,"(datetime.datetime(2026, 9, 29, 15, 45, 35, 318000),)",2a3c600d
408351069,-778798120,3294,0:32:49.380000,"(datetime.datetime(2026, 9, 29, 15, 45, 35, 336000),)",2a3c600a
408349532,-778800785,3268,0:32:49.440000,"(datetime.datetime(2026, 9, 29, 15, 45, 35, 396000),)",2a3c600d
408351174,-778797951,3294,0:32:49.460000,"(datetime.datetime(2026, 9, 29, 15, 45, 35, 415000),)",2a3c600a
408349627,-778800631,3267,0:32:49.520000,"(datetime.datetime(2026, 9, 29, 15, 45, 35, 480000),)",2a3c600d
408351278,-778797784,3294,0:32:49.550000,"(datetime.datetime(2026, 9, 29, 15, 45, 35, 502000),)",2a3c600a
408349723,-778800463,3266,0:32:49.640000,"(datetime.datetime(2026, 9, 29, 15, 45, 35, 592000),)",2a3c600d
408351379,-778797610,3294,0:32:49.670000,"(datetime.datetime(2026, 9, 29, 15, 45, 35, 620000),)",2a3c600a
408349821,-778800307,3266,0:32:49.680000,"(datetime.datetime(2026, 9, 29, 15, 45, 35, 639000),)",2a3c600d
408351476,-778797437,3294,0:32:49.730000,"(datetime.datetime(2026, 9, 29, 15, 45, 35, 688000),)",2a3c600a
408349911,-778800147,3267,0:32:49.760000,"(datetime.datetime(2026, 9, 29, 15, 45, 35, 713000),)",2a3c600d
408351585,-778797271,3295,0:32:49.810000,"(datetime.datetime(2026, 9, 29, 15, 45, 35, 767000),)",2a3c600a
408350006,-778799984,3267,0:32:49.870000,"(datetime.datetime(2026, 9, 29, 15, 45, 35, 828000),)",2a3c600d
408351689,-778797098,3295,0:32:49.900000,"(datetime.datetime(2026, 9, 29, 15, 45, 35, 851000),)",2a3c600a
408350101,-778799821,3266,0:32:49.940000,"(datetime.datetime(2026, 9, 29, 15, 45, 35, 891000),)",2a3c600d
408351790,-778796924,3295,0:32:49.950000,"(datetime.datetime(2026, 9, 29, 15, 45, 35, 909000),)",2a3c600a
408350197,-778799661,3266,0:32:50.020000,"(datetime.datetime(2026, 9, 29, 15, 45, 35, 971000),)",2a3c600d
408351896,-778796749,3296,0:32:50.070000,"(datetime.datetime(2026, 9, 29, 15, 45, 36, 26000),)",2a3c600a
408350296,-778799498,3265,0:32:50.090000,"(datetime.datetime(2026, 9, 29, 15, 45, 36, 49000),)",2a3c600d
408352001,-778796576,3295,0:32:50.140000,"(datetime.datetime(2026, 9, 29, 15, 45, 36, 98000),)",2a3c600a
408350399,-778799337,3265,0:32:50.160000,"(datetime.datetime(2026, 9, 29, 15, 45, 36, 118000),)",2a3c600d
408352104,-778796404,3296,0:32:50.220000,"(datetime.datetime(2026, 9, 29, 15, 45, 36, 172000),)",2a3c600a
408350495,-778799168,3264,0:32:50.240000,"(datetime.datetime(2026, 9, 29, 15, 45, 36, 192000),)",2a3c600d
408352206,-778796230,3297,0:32:50.290000,"(datetime.datetime(2026, 9, 29, 15, 45, 36, 248000),)",2a3c600a
408350591,-778799001,3264,0:32:50.310000,"(datetime.datetime(2026, 9, 29, 15, 45, 36, 268000),)",2a3c600d
408352310,-778796052,3297,0:32:50.360000,"(datetime.datetime(2026, 9, 29, 15, 45, 36, 319000),)",2a3c600a
408352417,-778795874,3297,0:32:50.380000,"(datetime.datetime(2026, 9, 29, 15, 45, 36, 339000),)",2a3c600a
408350689,-778798839,3264,0:32:50.440000,"(datetime.datetime(2026, 9, 29, 15, 45, 36, 400000),)",2a3c600d
408352521,-778795705,3298,0:32:50.470000,"(datetime.datetime(2026, 9, 29, 15, 45, 36, 421000),)",2a3c600a
408350795,-778798678,3265,0:32:50.530000,"(datetime.datetime(2026, 9, 29, 15, 45, 36, 481000),)",2a3c600d
408352627,-778795515,3298,0:32:50.550000,"(datetime.datetime(2026, 9, 29, 15, 45, 36, 504000),)",2a3c600a
408350896,-778798528,3265,0:32:50.630000,"(datetime.datetime(2026, 9, 29, 15, 45, 36, 586000),)",2a3c600d
408352731,-778795333,3298,0:32:50.660000,"(datetime.datetime(2026, 9, 29, 15, 45, 36, 617000),)",2a3c600a
408350992,-778798353,3265,0:32:50.680000,"(datetime.datetime(2026, 9, 29, 15, 45, 36, 636000),)",2a3c600d
408352837,-778795162,3298,0:32:50.740000,"(datetime.datetime(2026, 9, 29, 15, 45, 36, 691000),)",2a3c600a
408351098,-778798188,3265,0:32:50.750000,"(datetime.datetime(2026, 9, 29, 15, 45, 36, 710000),)",2a3c600d
408352945,-778794986,3299,0:32:50.820000,"(datetime.datetime(2026, 9, 29, 15, 45, 36, 771000),)",2a3c600a
408351194,-778798020,3265,0:32:50.840000,"(datetime.datetime(2026, 9, 29, 15, 45, 36, 791000),)",2a3c600d
408353051,-778794823,3299,0:32:50.890000,"(datetime.datetime(2026, 9, 29, 15, 45, 36, 849000),)",2a3c600a
408351292,-778797852,3265,0:32:50.910000,"(datetime.datetime(2026, 9, 29, 15, 45, 36, 868000),)",2a3c600d
408353157,-778794645,3299,0:32:50.970000,"(datetime.datetime(2026, 9, 29, 15, 45, 36, 924000),)",2a3c600a
408351399,-778797684,3266,0:32:50.990000,"(datetime.datetime(2026, 9, 29, 15, 45, 36, 944000),)",2a3c600d
408353261,-778794461,3299,0:32:51.040000,"(datetime.datetime(2026, 9, 29, 15, 45, 36, 999000),)",2a3c600a
408351501,-778797514,3266,0:32:51.060000,"(datetime.datetime(2026, 9, 29, 15, 45, 37, 18000),)",2a3c600d
408353368,-778794286,3300,0:32:51.120000,"(datetime.datetime(2026, 9, 29, 15, 45, 37, 74000),)",2a3c600a
408351609,-778797351,3266,0:32:51.140000,"(datetime.datetime(2026, 9, 29, 15, 45, 37, 93000),)",2a3c600d
408353497,-778794118,3301,0:32:51.190000,"(datetime.datetime(2026, 9, 29, 15, 45, 37, 148000),)",2a3c600a
408351711,-778797183,3267,0:32:51.210000,"(datetime.datetime(2026, 9, 29, 15, 45, 37, 168000),)",2a3c600d
408353601,-778793939,3302,0:32:51.270000,"(datetime.datetime(2026, 9, 29, 15, 45, 37, 223000),)",2a3c600a
408351813,-778797014,3268,0:32:51.290000,"(datetime.datetime(2026, 9, 29, 15, 45, 37, 242000),)",2a3c600d
408353700,-778793751,3304,0:32:51.340000,"(datetime.datetime(2026, 9, 29, 15, 45, 37, 298000),)",2a3c600a
408351918,-778796842,3267,0:32:51.360000,"(datetime.datetime(2026, 9, 29, 15, 45, 37, 318000),)",2a3c600d
408353806,-778793570,3304,0:32:51.430000,"(datetime.datetime(2026, 9, 29, 15, 45, 37, 381000),)",2a3c600a
408352023,-778796673,3268,0:32:51.450000,"(datetime.datetime(2026, 9, 29, 15, 45, 37, 403000),)",2a3c600d
408353912,-778793386,3304,0:32:51.500000,"(datetime.datetime(2026, 9, 29, 15, 45, 37, 459000),)",2a3c600a
408352135,-778796502,3268,0:32:51.520000,"(datetime.datetime(2026, 9, 29, 15, 45, 37, 479000),)",2a3c600d
408354019,-778793206,3304,0:32:51.590000,"(datetime.datetime(2026, 9, 29, 15, 45, 37, 541000),)",2a3c600a
408352242,-778796330,3268,0:32:51.630000,"(datetime.datetime(2026, 9, 29, 15, 45, 37, 586000),)",2a3c600d
408354125,-778793027,3305,0:32:51.660000,"(datetime.datetime(2026, 9, 29, 15, 45, 37, 616000),)",2a3c600a
408352348,-778796153,3268,0:32:51.680000,"(datetime.datetime(2026, 9, 29, 15, 45, 37, 636000),)",2a3c600d
408354233,-778792847,3305,0:32:51.740000,"(datetime.datetime(2026, 9, 29, 15, 45, 37, 693000),)",2a3c600a
408352459,-778795986,3269,0:32:51.760000,"(datetime.datetime(2026, 9, 29, 15, 45, 37, 713000),)",2a3c600d
408352566,-778795807,3269,0:32:51.840000,"(datetime.datetime(2026, 9, 29, 15, 45, 37, 791000),)",2a3c600d
408354344,-778792668,3305,0:32:51.880000,"(datetime.datetime(2026, 9, 29, 15, 45, 37, 831000),)",2a3c600a
408354456,-778792490,3306,0:32:51.930000,"(datetime.datetime(2026, 9, 29, 15, 45, 37, 886000),)",2a3c600a
408352671,-778795634,3270,0:32:51.950000,"(datetime.datetime(2026, 9, 29, 15, 45, 37, 906000),)",2a3c600d
408354570,-778792314,3307,0:32:52.030000,"(datetime.datetime(2026, 9, 29, 15, 45, 37, 988000),)",2a3c600a
408352781,-778795457,3270,0:32:52.070000,"(datetime.datetime(2026, 9, 29, 15, 45, 38, 21000),)",2a3c600d
408354684,-778792137,3308,0:32:52.130000,"(datetime.datetime(2026, 9, 29, 15, 45, 38, 86000),)",2a3c600a
408352887,-778795278,3270,0:32:52.160000,"(datetime.datetime(2026, 9, 29, 15, 45, 38, 116000),)",2a3c600d
408354794,-778791953,3309,0:32:52.230000,"(datetime.datetime(2026, 9, 29, 15, 45, 38, 186000),)",2a3c600a
408352995,-778795113,3269,0:32:52.250000,"(datetime.datetime(2026, 9, 29, 15, 45, 38, 205000),)",2a3c600d
408354906,-778791773,3311,0:32:52.330000,"(datetime.datetime(2026, 9, 29, 15, 45, 38, 286000),)",2a3c600a
408353110,-778794948,3269,0:32:52.360000,"(datetime.datetime(2026, 9, 29, 15, 45, 38, 318000),)",2a3c600d
408355018,-778791591,3311,0:32:52.430000,"(datetime.datetime(2026, 9, 29, 15, 45, 38, 387000),)",2a3c600a
408353219,-778794774,3270,0:32:52.460000,"(datetime.datetime(2026, 9, 29, 15, 45, 38, 418000),)",2a3c600d
408355133,-778791411,3312,0:32:52.530000,"(datetime.datetime(2026, 9, 29, 15, 45, 38, 486000),)",2a3c600a
408353329,-778794598,3270,0:32:52.550000,"(datetime.datetime(2026, 9, 29, 15, 45, 38, 507000),)",2a3c600d
408355238,-778791230,3313,0:32:52.630000,"(datetime.datetime(2026, 9, 29, 15, 45, 38, 586000),)",2a3c600a
408353435,-778794417,3272,0:32:52.660000,"(datetime.datetime(2026, 9, 29, 15, 45, 38, 615000),)",2a3c600d
408355351,-778791049,3314,0:32:52.730000,"(datetime.datetime(2026, 9, 29, 15, 45, 38, 688000),)",2a3c600a
408353547,-778794236,3273,0:32:52.760000,"(datetime.datetime(2026, 9, 29, 15, 45, 38, 711000),)",2a3c600d
408355461,-778790870,3314,0:32:52.830000,"(datetime.datetime(2026, 9, 29, 15, 45, 38, 786000),)",2a3c600a
408353654,-778794063,3273,0:32:52.850000,"(datetime.datetime(2026, 9, 29, 15, 45, 38, 807000),)",2a3c600d
408355574,-778790691,3316,0:32:52.930000,"(datetime.datetime(2026, 9, 29, 15, 45, 38, 887000),)",2a3c600a
408353769,-778793890,3274,0:32:52.960000,"(datetime.datetime(2026, 9, 29, 15, 45, 38, 914000),)",2a3c600d
408355683,-778790507,3318,0:32:53.030000,"(datetime.datetime(2026, 9, 29, 15, 45, 38, 987000),)",2a3c600a
408353881,-778793709,3275,0:32:53.070000,"(datetime.datetime(2026, 9, 29, 15, 45, 39, 25000),)",2a3c600d
408355791,-778790324,3318,0:32:53.130000,"(datetime.datetime(2026, 9, 29, 15, 45, 39, 86000),)",2a3c600a
408353988,-778793533,3275,0:32:53.150000,"(datetime.datetime(2026, 9, 29, 15, 45, 39, 109000),)",2a3c600d
408355907,-778790141,3319,0:32:53.230000,"(datetime.datetime(2026, 9, 29, 15, 45, 39, 188000),)",2a3c600a
408354085,-778793363,3276,0:32:53.260000,"(datetime.datetime(2026, 9, 29, 15, 45, 39, 212000),)",2a3c600d
408356022,-778789963,3320,0:32:53.330000,"(datetime.datetime(2026, 9, 29, 15, 45, 39, 286000),)",2a3c600a
408354196,-778793181,3277,0:32:53.350000,"(datetime.datetime(2026, 9, 29, 15, 45, 39, 305000),)",2a3c600d
408356129,-778789785,3321,0:32:53.430000,"(datetime.datetime(2026, 9, 29, 15, 45, 39, 387000),)",2a3c600a
408354314,-778793004,3277,0:32:53.450000,"(datetime.datetime(2026, 9, 29, 15, 45, 39, 406000),)",2a3c600d
408356245,-778789600,3324,0:32:53.530000,"(datetime.datetime(2026, 9, 29, 15, 45, 39, 487000),)",2a3c600a
408354426,-778792828,3279,0:32:53.570000,"(datetime.datetime(2026, 9, 29, 15, 45, 39, 529000),)",2a3c600d
408356354,-778789416,3324,0:32:53.630000,"(datetime.datetime(2026, 9, 29, 15, 45, 39, 589000),)",2a3c600a
408354537,-778792648,3279,0:32:53.680000,"(datetime.datetime(2026, 9, 29, 15, 45, 39, 635000),)",2a3c600d
408356465,-778789237,3325,0:32:53.730000,"(datetime.datetime(2026, 9, 29, 15, 45, 39, 688000),)",2a3c600a
408354639,-778792456,3279,0:32:53.760000,"(datetime.datetime(2026, 9, 29, 15, 45, 39, 712000),)",2a3c600d
408356575,-778789056,3325,0:32:53.830000,"(datetime.datetime(2026, 9, 29, 15, 45, 39, 786000),)",2a3c600a
408354749,-778792273,3280,0:32:53.860000,"(datetime.datetime(2026, 9, 29, 15, 45, 39, 812000),)",2a3c600d
408356684,-778788871,3327,0:32:53.930000,"(datetime.datetime(2026, 9, 29, 15, 45, 39, 886000),)",2a3c600a
408354863,-778792095,3280,0:32:53.960000,"(datetime.datetime(2026, 9, 29, 15, 45, 39, 912000),)",2a3c600d
408356797,-778788690,3327,0:32:54.010000,"(datetime.datetime(2026, 9, 29, 15, 45, 39, 969000),)",2a3c600a
408354977,-778791913,3281,0:32:54.040000,"(datetime.datetime(2026, 9, 29, 15, 45, 39, 991000),)",2a3c600d
408356904,-778788504,3329,0:32:54.110000,"(datetime.datetime(2026, 9, 29, 15, 45, 40, 68000),)",2a3c600a
408355084,-778791737,3282,0:32:54.140000,"(datetime.datetime(2026, 9, 29, 15, 45, 40, 91000),)",2a3c600d
408357020,-778788321,3330,0:32:54.210000,"(datetime.datetime(2026, 9, 29, 15, 45, 40, 168000),)",2a3c600a
408355193,-778791553,3283,0:32:54.240000,"(datetime.datetime(2026, 9, 29, 15, 45, 40, 190000),)",2a3c600d
408357133,-778788140,3331,0:32:54.310000,"(datetime.datetime(2026, 9, 29, 15, 45, 40, 269000),)",2a3c600a
408355297,-778791370,3285,0:32:54.370000,"(datetime.datetime(2026, 9, 29, 15, 45, 40, 330000),)",2a3c600d
408357242,-778787952,3333,0:32:54.420000,"(datetime.datetime(2026, 9, 29, 15, 45, 40, 375000),)",2a3c600a
408355406,-778791181,3286,0:32:54.440000,"(datetime.datetime(2026, 9, 29, 15, 45, 40, 399000),)",2a3c600d
408357353,-778787765,3332,0:32:54.510000,"(datetime.datetime(2026, 9, 29, 15, 45, 40, 468000),)",2a3c600a
408355516,-778791001,3286,0:32:54.550000,"(datetime.datetime(2026, 9, 29, 15, 45, 40, 507000),)",2a3c600d
408357464,-778787587,3333,0:32:54.620000,"(datetime.datetime(2026, 9, 29, 15, 45, 40, 572000),)",2a3c600a
408355638,-778790825,3286,0:32:54.640000,"(datetime.datetime(2026, 9, 29, 15, 45, 40, 593000),)",2a3c600d
408357573,-778787406,3334,0:32:54.720000,"(datetime.datetime(2026, 9, 29, 15, 45, 40, 680000),)",2a3c600a
408355747,-778790647,3286,0:32:54.750000,"(datetime.datetime(2026, 9, 29, 15, 45, 40, 701000),)",2a3c600d
408357691,-778787223,3334,0:32:54.820000,"(datetime.datetime(2026, 9, 29, 15, 45, 40, 776000),)",2a3c600a
408355856,-778790460,3289,0:32:54.850000,"(datetime.datetime(2026, 9, 29, 15, 45, 40, 802000),)",2a3c600d
408357803,-778787040,3335,0:32:54.920000,"(datetime.datetime(2026, 9, 29, 15, 45, 40, 873000),)",2a3c600a
408355969,-778790283,3288,0:32:54.950000,"(datetime.datetime(2026, 9, 29, 15, 45, 40, 910000),)",2a3c600d
408357914,-778786857,3336,0:32:55.020000,"(datetime.datetime(2026, 9, 29, 15, 45, 40, 973000),)",2a3c600a
408356072,-778790099,3289,0:32:55.070000,"(datetime.datetime(2026, 9, 29, 15, 45, 41, 27000),)",2a3c600d
408358024,-778786671,3336,0:32:55.120000,"(datetime.datetime(2026, 9, 29, 15, 45, 41, 76000),)",2a3c600a
408356192,-778789920,3291,0:32:55.140000,"(datetime.datetime(2026, 9, 29, 15, 45, 41, 96000),)",2a3c600d
408358147,-778786485,3337,0:32:55.220000,"(datetime.datetime(2026, 9, 29, 15, 45, 41, 178000),)",2a3c600a
408356303,-778789742,3291,0:32:55.250000,"(datetime.datetime(2026, 9, 29, 15, 45, 41, 207000),)",2a3c600d
408358261,-778786302,3339,0:32:55.320000,"(datetime.datetime(2026, 9, 29, 15, 45, 41, 274000),)",2a3c600a
408356412,-778789563,3292,0:32:55.340000,"(datetime.datetime(2026, 9, 29, 15, 45, 41, 295000),)",2a3c600d
408358373,-778786116,3340,0:32:55.420000,"(datetime.datetime(2026, 9, 29, 15, 45, 41, 373000),)",2a3c600a
408356521,-778789378,3294,0:32:55.440000,"(datetime.datetime(2026, 9, 29, 15, 45, 41, 398000),)",2a3c600d
408356637,-778789200,3294,0:32:55.500000,"(datetime.datetime(2026, 9, 29, 15, 45, 41, 452000),)",2a3c600d
408358488,-778785936,3340,0:32:55.520000,"(datetime.datetime(2026, 9, 29, 15, 45, 41, 473000),)",2a3c600a
408356745,-778789016,3296,0:32:55.600000,"(datetime.datetime(2026, 9, 29, 15, 45, 41, 552000),)",2a3c600d
408358600,-778785751,3340,0:32:55.620000,"(datetime.datetime(2026, 9, 29, 15, 45, 41, 575000),)",2a3c600a
408356858,-778788837,3297,0:32:55.700000,"(datetime.datetime(2026, 9, 29, 15, 45, 41, 653000),)",2a3c600d
408358714,-778785568,3341,0:32:55.730000,"(datetime.datetime(2026, 9, 29, 15, 45, 41, 684000),)",2a3c600a
408356966,-778788651,3298,0:32:55.800000,"(datetime.datetime(2026, 9, 29, 15, 45, 41, 753000),)",2a3c600d
408358833,-778785385,3341,0:32:55.840000,"(datetime.datetime(2026, 9, 29, 15, 45, 41, 797000),)",2a3c600a
408357078,-778788473,3299,0:32:55.900000,"(datetime.datetime(2026, 9, 29, 15, 45, 41, 858000),)",2a3c600d
408358943,-778785200,3342,0:32:55.920000,"(datetime.datetime(2026, 9, 29, 15, 45, 41, 878000),)",2a3c600a
408357187,-778788293,3300,0:32:56,"(datetime.datetime(2026, 9, 29, 15, 45, 41, 953000),)",2a3c600d
408359059,-778785018,3342,0:32:56.020000,"(datetime.datetime(2026, 9, 29, 15, 45, 41, 973000),)",2a3c600a
408357301,-778788118,3301,0:32:56.100000,"(datetime.datetime(2026, 9, 29, 15, 45, 42, 52000),)",2a3c600d
408359174,-778784834,3342,0:32:56.120000,"(datetime.datetime(2026, 9, 29, 15, 45, 42, 78000),)",2a3c600a
408357404,-778787936,3301,0:32:56.200000,"(datetime.datetime(2026, 9, 29, 15, 45, 42, 156000),)",2a3c600d
408359289,-778784642,3343,0:32:56.220000,"(datetime.datetime(2026, 9, 29, 15, 45, 42, 180000),)",2a3c600a
408357512,-778787749,3303,0:32:56.300000,"(datetime.datetime(2026, 9, 29, 15, 45, 42, 252000),)",2a3c600d
408359404,-778784459,3343,0:32:56.320000,"(datetime.datetime(2026, 9, 29, 15, 45, 42, 278000),)",2a3c600a
408357625,-778787573,3303,0:32:56.410000,"(datetime.datetime(2026, 9, 29, 15, 45, 42, 368000),)",2a3c600d
408359520,-778784276,3344,0:32:56.440000,"(datetime.datetime(2026, 9, 29, 15, 45, 42, 391000),)",2a3c600a
408357736,-778787394,3304,0:32:56.500000,"(datetime.datetime(2026, 9, 29, 15, 45, 42, 452000),)",2a3c600d
408359633,-778784086,3344,0:32:56.520000,"(datetime.datetime(2026, 9, 29, 15, 45, 42, 473000),)",2a3c600a
408357846,-778787214,3305,0:32:56.600000,"(datetime.datetime(2026, 9, 29, 15, 45, 42, 553000),)",2a3c600d
408359750,-778783900,3344,0:32:56.630000,"(datetime.datetime(2026, 9, 29, 15, 45, 42, 584000),)",2a3c600a
408357957,-778787034,3305,0:32:56.700000,"(datetime.datetime(2026, 9, 29, 15, 45, 42, 656000),)",2a3c600d
408359865,-778783715,3343,0:32:56.740000,"(datetime.datetime(2026, 9, 29, 15, 45, 42, 699000),)",2a3c600a
408358067,-778786856,3306,0:32:56.800000,"(datetime.datetime(2026, 9, 29, 15, 45, 42, 752000),)",2a3c600d
408359978,-778783531,3344,0:32:56.820000,"(datetime.datetime(2026, 9, 29, 15, 45, 42, 773000),)",2a3c600a
408358173,-778786672,3307,0:32:56.880000,"(datetime.datetime(2026, 9, 29, 15, 45, 42, 833000),)",2a3c600d
408360097,-778783341,3343,0:32:56.920000,"(datetime.datetime(2026, 9, 29, 15, 45, 42, 873000),)",2a3c600a
408358286,-778786495,3307,0:32:56.990000,"(datetime.datetime(2026, 9, 29, 15, 45, 42, 943000),)",2a3c600d
408360211,-778783151,3343,0:32:57.020000,"(datetime.datetime(2026, 9, 29, 15, 45, 42, 975000),)",2a3c600a
408358400,-778786315,3307,0:32:57.080000,"(datetime.datetime(2026, 9, 29, 15, 45, 43, 33000),)",2a3c600d
408360330,-778782967,3343,0:32:57.120000,"(datetime.datetime(2026, 9, 29, 15, 45, 43, 79000),)",2a3c600a
408358507,-778786135,3309,0:32:57.180000,"(datetime.datetime(2026, 9, 29, 15, 45, 43, 132000),)",2a3c600d
408360447,-778782778,3344,0:32:57.220000,"(datetime.datetime(2026, 9, 29, 15, 45, 43, 177000),)",2a3c600a
408358616,-778785955,3309,0:32:57.280000,"(datetime.datetime(2026, 9, 29, 15, 45, 43, 231000),)",2a3c600d
408360566,-778782589,3344,0:32:57.320000,"(datetime.datetime(2026, 9, 29, 15, 45, 43, 273000),)",2a3c600a
408358616,-778785955,3309,0:32:57.380000,"(datetime.datetime(2026, 9, 29, 15, 45, 43, 333000),)",2a3c600d
408360682,-778782399,3344,0:32:57.420000,"(datetime.datetime(2026, 9, 29, 15, 45, 43, 377000),)",2a3c600a
408358725,-778785775,3310,0:32:57.480000,"(datetime.datetime(2026, 9, 29, 15, 45, 43, 432000),)",2a3c600d
408360801,-778782211,3345,0:32:57.520000,"(datetime.datetime(2026, 9, 29, 15, 45, 43, 476000),)",2a3c600a
408358838,-778785595,3310,0:32:57.580000,"(datetime.datetime(2026, 9, 29, 15, 45, 43, 534000),)",2a3c600d
408360916,-778782017,3346,0:32:57.630000,"(datetime.datetime(2026, 9, 29, 15, 45, 43, 584000),)",2a3c600a
408358947,-778785414,3311,0:32:57.680000,"(datetime.datetime(2026, 9, 29, 15, 45, 43, 636000),)",2a3c600d
408361032,-778781824,3345,0:32:57.720000,"(datetime.datetime(2026, 9, 29, 15, 45, 43, 680000),)",2a3c600a
408359061,-778785236,3311,0:32:57.780000,"(datetime.datetime(2026, 9, 29, 15, 45, 43, 733000),)",2a3c600d
408361149,-778781633,3345,0:32:57.820000,"(datetime.datetime(2026, 9, 29, 15, 45, 43, 773000),)",2a3c600a
408359172,-778785056,3311,0:32:58.290000,"(datetime.datetime(2026, 9, 29, 15, 45, 44, 249000),)",2a3c600d
408361265,-778781443,3346,0:32:58.380000,"(datetime.datetime(2026, 9, 29, 15, 45, 44, 332000),)",2a3c600a
408359279,-778784871,3311,0:32:58.440000,"(datetime.datetime(2026, 9, 29, 15, 45, 44, 391000),)",2a3c600d
408361384,-778781255,3346,0:32:58.540000,"(datetime.datetime(2026, 9, 29, 15, 45, 44, 496000),)",2a3c600a
408359393,-778784700,3312,0:32:58.690000,"(datetime.datetime(2026, 9, 29, 15, 45, 44, 643000),)",2a3c600d
408361503,-778781061,3346,0:32:58.840000,"(datetime.datetime(2026, 9, 29, 15, 45, 44, 793000),)",2a3c600a
408359507,-778784514,3312,0:32:58.950000,"(datetime.datetime(2026, 9, 29, 15, 45, 44, 901000),)",2a3c600d
408361623,-778780861,3347,0:32:59.090000,"(datetime.datetime(2026, 9, 29, 15, 45, 45, 42000),)",2a3c600a
408359616,-778784343,3313,0:32:59.160000,"(datetime.datetime(2026, 9, 29, 15, 45, 45, 116000),)",2a3c600d
408361739,-778780668,3347,0:32:59.250000,"(datetime.datetime(2026, 9, 29, 15, 45, 45, 204000),)",2a3c600a
408359727,-778784161,3313,0:32:59.330000,"(datetime.datetime(2026, 9, 29, 15, 45, 45, 286000),)",2a3c600d
408361857,-778780475,3347,0:32:59.450000,"(datetime.datetime(2026, 9, 29, 15, 45, 45, 402000),)",2a3c600a
408359836,-778783975,3312,0:32:59.590000,"(datetime.datetime(2026, 9, 29, 15, 45, 45, 544000),)",2a3c600d
408361976,-778780280,3347,0:32:59.740000,"(datetime.datetime(2026, 9, 29, 15, 45, 45, 695000),)",2a3c600a
408359947,-778783793,3313,0:32:59.860000,"(datetime.datetime(2026, 9, 29, 15, 45, 45, 817000),)",2a3c600d
408362094,-778780087,3347,0:33:00,"(datetime.datetime(2026, 9, 29, 15, 45, 45, 958000),)",2a3c600a
408360058,-778783611,3313,0:33:00.050000,"(datetime.datetime(2026, 9, 29, 15, 45, 46, 7000),)",2a3c600d
408362212,-778779891,3348,0:33:00.170000,"(datetime.datetime(2026, 9, 29, 15, 45, 46, 125000),)",2a3c600a
408360171,-778783428,3313,0:33:00.260000,"(datetime.datetime(2026, 9, 29, 15, 45, 46, 213000),)",2a3c600d
408362331,-778779699,3348,0:33:00.350000,"(datetime.datetime(2026, 9, 29, 15, 45, 46, 309000),)",2a3c600a
408360284,-778783247,3313,0:33:00.450000,"(datetime.datetime(2026, 9, 29, 15, 45, 46, 405000),)",2a3c600d
408362451,-778779500,3348,0:33:00.520000,"(datetime.datetime(2026, 9, 29, 15, 45, 46, 478000),)",2a3c600a
408360394,-778783062,3314,0:33:00.580000,"(datetime.datetime(2026, 9, 29, 15, 45, 46, 538000),)",2a3c600d
408362568,-778779304,3348,0:33:00.650000,"(datetime.datetime(2026, 9, 29, 15, 45, 46, 607000),)",2a3c600a
408360505,-778782876,3313,0:33:00.670000,"(datetime.datetime(2026, 9, 29, 15, 45, 46, 627000),)",2a3c600d
408362686,-778779108,3348,0:33:00.730000,"(datetime.datetime(2026, 9, 29, 15, 45, 46, 686000),)",2a3c600a
408360620,-778782691,3314,0:33:00.750000,"(datetime.datetime(2026, 9, 29, 15, 45, 46, 708000),)",2a3c600d
408362813,-778778906,3349,0:33:00.800000,"(datetime.datetime(2026, 9, 29, 15, 45, 46, 760000),)",2a3c600a
408360731,-778782510,3314,0:33:00.830000,"(datetime.datetime(2026, 9, 29, 15, 45, 46, 781000),)",2a3c600d
408362934,-778778708,3349,0:33:00.890000,"(datetime.datetime(2026, 9, 29, 15, 45, 46, 843000),)",2a3c600a
408360843,-778782322,3314,0:33:00.910000,"(datetime.datetime(2026, 9, 29, 15, 45, 46, 865000),)",2a3c600d
408363052,-778778511,3350,0:33:00.970000,"(datetime.datetime(2026, 9, 29, 15, 45, 46, 921000),)",2a3c600a
408360952,-778782135,3313,0:33:00.990000,"(datetime.datetime(2026, 9, 29, 15, 45, 46, 941000),)",2a3c600d
408363174,-778778313,3349,0:33:01.040000,"(datetime.datetime(2026, 9, 29, 15, 45, 46, 993000),)",2a3c600a
408361066,-778781953,3314,0:33:01.060000,"(datetime.datetime(2026, 9, 29, 15, 45, 47, 12000),)",2a3c600d
408363292,-778778111,3350,0:33:01.110000,"(datetime.datetime(2026, 9, 29, 15, 45, 47, 68000),)",2a3c600a
408361176,-778781767,3314,0:33:01.140000,"(datetime.datetime(2026, 9, 29, 15, 45, 47, 90000),)",2a3c600d
408363412,-778777914,3350,0:33:01.190000,"(datetime.datetime(2026, 9, 29, 15, 45, 47, 143000),)",2a3c600a
408361292,-778781581,3315,0:33:01.210000,"(datetime.datetime(2026, 9, 29, 15, 45, 47, 169000),)",2a3c600d
408363534,-778777714,3349,0:33:01.270000,"(datetime.datetime(2026, 9, 29, 15, 45, 47, 224000),)",2a3c600a
408361404,-778781395,3315,0:33:01.300000,"(datetime.datetime(2026, 9, 29, 15, 45, 47, 251000),)",2a3c600d
408363653,-778777515,3349,0:33:01.350000,"(datetime.datetime(2026, 9, 29, 15, 45, 47, 306000),)",2a3c600a
408361516,-778781211,3315,0:33:01.410000,"(datetime.datetime(2026, 9, 29, 15, 45, 47, 366000),)",2a3c600d
408363774,-778777315,3350,0:33:01.470000,"(datetime.datetime(2026, 9, 29, 15, 45, 47, 421000),)",2a3c600a
408361626,-778781022,3315,0:33:01.510000,"(datetime.datetime(2026, 9, 29, 15, 45, 47, 470000),)",2a3c600d
408363892,-778777118,3350,0:33:01.540000,"(datetime.datetime(2026, 9, 29, 15, 45, 47, 491000),)",2a3c600a
408361740,-778780836,3316,0:33:01.600000,"(datetime.datetime(2026, 9, 29, 15, 45, 47, 552000),)",2a3c600d
408364013,-778776913,3350,0:33:01.650000,"(datetime.datetime(2026, 9, 29, 15, 45, 47, 601000),)",2a3c600a
408361857,-778780654,3316,0:33:01.680000,"(datetime.datetime(2026, 9, 29, 15, 45, 47, 633000),)",2a3c600d
408364131,-778776713,3351,0:33:01.700000,"(datetime.datetime(2026, 9, 29, 15, 45, 47, 655000),)",2a3c600a
408361967,-778780467,3316,0:33:01.760000,"(datetime.datetime(2026, 9, 29, 15, 45, 47, 716000),)",2a3c600d
408364254,-778776514,3351,0:33:01.780000,"(datetime.datetime(2026, 9, 29, 15, 45, 47, 736000),)",2a3c600a
408362083,-778780279,3316,0:33:01.860000,"(datetime.datetime(2026, 9, 29, 15, 45, 47, 812000),)",2a3c600d
408364375,-778776323,3351,0:33:01.880000,"(datetime.datetime(2026, 9, 29, 15, 45, 47, 834000),)",2a3c600a
408362193,-778780091,3316,0:33:01.930000,"(datetime.datetime(2026, 9, 29, 15, 45, 47, 890000),)",2a3c600d
408364493,-778776125,3351,0:33:01.960000,"(datetime.datetime(2026, 9, 29, 15, 45, 47, 911000),)",2a3c600a
408362307,-778779903,3317,0:33:02.020000,"(datetime.datetime(2026, 9, 29, 15, 45, 47, 971000),)",2a3c600d
408364610,-778775925,3351,0:33:02.040000,"(datetime.datetime(2026, 9, 29, 15, 45, 47, 990000),)",2a3c600a
408362419,-778779716,3316,0:33:02.090000,"(datetime.datetime(2026, 9, 29, 15, 45, 48, 49000),)",2a3c600d
408364730,-778775729,3351,0:33:02.110000,"(datetime.datetime(2026, 9, 29, 15, 45, 48, 70000),)",2a3c600a
408362534,-778779525,3316,0:33:02.170000,"(datetime.datetime(2026, 9, 29, 15, 45, 48, 129000),)",2a3c600d
408364846,-778775533,3351,0:33:02.200000,"(datetime.datetime(2026, 9, 29, 15, 45, 48, 151000),)",2a3c600a
408362648,-778779340,3316,0:33:02.260000,"(datetime.datetime(2026, 9, 29, 15, 45, 48, 212000),)",2a3c600d
408364964,-778775338,3351,0:33:02.280000,"(datetime.datetime(2026, 9, 29, 15, 45, 48, 233000),)",2a3c600a
408362762,-778779150,3317,0:33:02.340000,"(datetime.datetime(2026, 9, 29, 15, 45, 48, 295000),)",2a3c600d
408365081,-778775141,3351,0:33:02.360000,"(datetime.datetime(2026, 9, 29, 15, 45, 48, 315000),)",2a3c600a
408362873,-778778963,3317,0:33:02.420000,"(datetime.datetime(2026, 9, 29, 15, 45, 48, 377000),)",2a3c600d
408365201,-778774941,3352,0:33:02.440000,"(datetime.datetime(2026, 9, 29, 15, 45, 48, 397000),)",2a3c600a
408362989,-778778777,3317,0:33:02.510000,"(datetime.datetime(2026, 9, 29, 15, 45, 48, 465000),)",2a3c600d
408365317,-778774749,3352,0:33:02.530000,"(datetime.datetime(2026, 9, 29, 15, 45, 48, 487000),)",2a3c600a
408363104,-778778585,3317,0:33:02.590000,"(datetime.datetime(2026, 9, 29, 15, 45, 48, 549000),)",2a3c600d
408365435,-778774552,3353,0:33:02.650000,"(datetime.datetime(2026, 9, 29, 15, 45, 48, 603000),)",2a3c600a
408363218,-778778397,3317,0:33:02.680000,"(datetime.datetime(2026, 9, 29, 15, 45, 48, 639000),)",2a3c600d
408365549,-778774355,3353,0:33:02.710000,"(datetime.datetime(2026, 9, 29, 15, 45, 48, 661000),)",2a3c600a
408363330,-778778205,3317,0:33:02.780000,"(datetime.datetime(2026, 9, 29, 15, 45, 48, 731000),)",2a3c600d
408365669,-778774164,3354,0:33:02.800000,"(datetime.datetime(2026, 9, 29, 15, 45, 48, 754000),)",2a3c600a
408363446,-778778017,3318,0:33:02.850000,"(datetime.datetime(2026, 9, 29, 15, 45, 48, 808000),)",2a3c600d
408365780,-778773964,3354,0:33:02.870000,"(datetime.datetime(2026, 9, 29, 15, 45, 48, 829000),)",2a3c600a
408363558,-778777826,3317,0:33:02.930000,"(datetime.datetime(2026, 9, 29, 15, 45, 48, 887000),)",2a3c600d
408365894,-778773771,3354,0:33:02.950000,"(datetime.datetime(2026, 9, 29, 15, 45, 48, 908000),)",2a3c600a
408363675,-778777635,3317,0:33:03.010000,"(datetime.datetime(2026, 9, 29, 15, 45, 48, 961000),)",2a3c600d
408366011,-778773580,3355,0:33:03.030000,"(datetime.datetime(2026, 9, 29, 15, 45, 48, 982000),)",2a3c600a
408363788,-778777445,3317,0:33:03.090000,"(datetime.datetime(2026, 9, 29, 15, 45, 49, 44000),)",2a3c600d
408366129,-778773389,3355,0:33:03.110000,"(datetime.datetime(2026, 9, 29, 15, 45, 49, 66000),)",2a3c600a
408363902,-778777255,3318,0:33:03.170000,"(datetime.datetime(2026, 9, 29, 15, 45, 49, 126000),)",2a3c600d
408366129,-778773389,3355,0:33:03.200000,"(datetime.datetime(2026, 9, 29, 15, 45, 49, 151000),)",2a3c600a
408364014,-778777063,3318,0:33:03.250000,"(datetime.datetime(2026, 9, 29, 15, 45, 49, 204000),)",2a3c600d
408366359,-778772999,3356,0:33:03.280000,"(datetime.datetime(2026, 9, 29, 15, 45, 49, 236000),)",2a3c600a
408364130,-778776882,3318,0:33:03.320000,"(datetime.datetime(2026, 9, 29, 15, 45, 49, 278000),)",2a3c600d
408366467,-778772807,3356,0:33:03.340000,"(datetime.datetime(2026, 9, 29, 15, 45, 49, 298000),)",2a3c600a
408364245,-778776689,3318,0:33:03.400000,"(datetime.datetime(2026, 9, 29, 15, 45, 49, 356000),)",2a3c600d
408366582,-778772607,3356,0:33:03.420000,"(datetime.datetime(2026, 9, 29, 15, 45, 49, 378000),)",2a3c600a
408364358,-778776498,3318,0:33:03.490000,"(datetime.datetime(2026, 9, 29, 15, 45, 49, 443000),)",2a3c600d
408366695,-778772416,3356,0:33:03.540000,"(datetime.datetime(2026, 9, 29, 15, 45, 49, 493000),)",2a3c600a
408364473,-778776307,3318,0:33:03.570000,"(datetime.datetime(2026, 9, 29, 15, 45, 49, 521000),)",2a3c600d
408366810,-778772225,3356,0:33:03.610000,"(datetime.datetime(2026, 9, 29, 15, 45, 49, 563000),)",2a3c600a
408364589,-778776114,3318,0:33:03.650000,"(datetime.datetime(2026, 9, 29, 15, 45, 49, 604000),)",2a3c600d
408366925,-778772029,3356,0:33:03.690000,"(datetime.datetime(2026, 9, 29, 15, 45, 49, 642000),)",2a3c600a
408364703,-778775923,3318,0:33:03.710000,"(datetime.datetime(2026, 9, 29, 15, 45, 49, 662000),)",2a3c600d
408367041,-778771840,3357,0:33:03.760000,"(datetime.datetime(2026, 9, 29, 15, 45, 49, 719000),)",2a3c600a
408364816,-778775728,3318,0:33:03.790000,"(datetime.datetime(2026, 9, 29, 15, 45, 49, 741000),)",2a3c600d
408367159,-778771644,3357,0:33:03.850000,"(datetime.datetime(2026, 9, 29, 15, 45, 49, 807000),)",2a3c600a
408364932,-778775538,3319,0:33:03.870000,"(datetime.datetime(2026, 9, 29, 15, 45, 49, 828000),)",2a3c600d
408367272,-778771451,3357,0:33:03.930000,"(datetime.datetime(2026, 9, 29, 15, 45, 49, 881000),)",2a3c600a
408365048,-778775346,3319,0:33:03.950000,"(datetime.datetime(2026, 9, 29, 15, 45, 49, 901000),)",2a3c600d
408367386,-778771254,3357,0:33:04.010000,"(datetime.datetime(2026, 9, 29, 15, 45, 49, 963000),)",2a3c600a
408365161,-778775157,3319,0:33:04.030000,"(datetime.datetime(2026, 9, 29, 15, 45, 49, 983000),)",2a3c600d
408367500,-778771051,3358,0:33:04.090000,"(datetime.datetime(2026, 9, 29, 15, 45, 50, 41000),)",2a3c600a
408365273,-778774965,3319,0:33:04.110000,"(datetime.datetime(2026, 9, 29, 15, 45, 50, 62000),)",2a3c600d
408367616,-778770855,3358,0:33:04.170000,"(datetime.datetime(2026, 9, 29, 15, 45, 50, 122000),)",2a3c600a
408365391,-778774770,3320,0:33:04.190000,"(datetime.datetime(2026, 9, 29, 15, 45, 50, 142000),)",2a3c600d
408367722,-778770657,3358,0:33:04.250000,"(datetime.datetime(2026, 9, 29, 15, 45, 50, 208000),)",2a3c600a
408365504,-778774575,3319,0:33:04.270000,"(datetime.datetime(2026, 9, 29, 15, 45, 50, 230000),)",2a3c600d
408367839,-778770459,3358,0:33:04.340000,"(datetime.datetime(2026, 9, 29, 15, 45, 50, 294000),)",2a3c600a
408365621,-778774387,3320,0:33:04.360000,"(datetime.datetime(2026, 9, 29, 15, 45, 50, 315000),)",2a3c600d
408367953,-778770270,3356,0:33:04.420000,"(datetime.datetime(2026, 9, 29, 15, 45, 50, 378000),)",2a3c600a
408365734,-778774189,3320,0:33:04.450000,"(datetime.datetime(2026, 9, 29, 15, 45, 50, 401000),)",2a3c600d
408368067,-778770066,3357,0:33:04.500000,"(datetime.datetime(2026, 9, 29, 15, 45, 50, 453000),)",2a3c600a
408365849,-778773999,3321,0:33:04.520000,"(datetime.datetime(2026, 9, 29, 15, 45, 50, 474000),)",2a3c600d
408368178,-778769870,3357,0:33:04.570000,"(datetime.datetime(2026, 9, 29, 15, 45, 50, 528000),)",2a3c600a
408365961,-778773807,3321,0:33:04.590000,"(datetime.datetime(2026, 9, 29, 15, 45, 50, 548000),)",2a3c600d
408368291,-778769672,3356,0:33:04.660000,"(datetime.datetime(2026, 9, 29, 15, 45, 50, 613000),)",2a3c600a
408366078,-778773612,3321,0:33:04.720000,"(datetime.datetime(2026, 9, 29, 15, 45, 50, 677000),)",2a3c600d
408368404,-778769475,3357,0:33:04.800000,"(datetime.datetime(2026, 9, 29, 15, 45, 50, 751000),)",2a3c600a
408366190,-778773412,3321,0:33:04.850000,"(datetime.datetime(2026, 9, 29, 15, 45, 50, 808000),)",2a3c600d
408368519,-778769275,3356,0:33:04.900000,"(datetime.datetime(2026, 9, 29, 15, 45, 50, 858000),)",2a3c600a
408366305,-778773226,3322,0:33:04.920000,"(datetime.datetime(2026, 9, 29, 15, 45, 50, 879000),)",2a3c600d
408368632,-778769079,3356,0:33:04.980000,"(datetime.datetime(2026, 9, 29, 15, 45, 50, 934000),)",2a3c600a
408366417,-778773027,3322,0:33:05,"(datetime.datetime(2026, 9, 29, 15, 45, 50, 954000),)",2a3c600d
408368748,-778768878,3357,0:33:05.050000,"(datetime.datetime(2026, 9, 29, 15, 45, 51, 7000),)",2a3c600a
408366532,-778772827,3322,0:33:05.070000,"(datetime.datetime(2026, 9, 29, 15, 45, 51, 28000),)",2a3c600d
408368861,-778768683,3357,0:33:05.130000,"(datetime.datetime(2026, 9, 29, 15, 45, 51, 81000),)",2a3c600a
408366648,-778772640,3322,0:33:05.150000,"(datetime.datetime(2026, 9, 29, 15, 45, 51, 101000),)",2a3c600d
408368974,-778768479,3357,0:33:05.200000,"(datetime.datetime(2026, 9, 29, 15, 45, 51, 158000),)",2a3c600a
408366760,-778772457,3323,0:33:05.220000,"(datetime.datetime(2026, 9, 29, 15, 45, 51, 178000),)",2a3c600d
408369087,-778768280,3357,0:33:05.280000,"(datetime.datetime(2026, 9, 29, 15, 45, 51, 235000),)",2a3c600a
408366874,-778772255,3324,0:33:05.300000,"(datetime.datetime(2026, 9, 29, 15, 45, 51, 258000),)",2a3c600d
408369201,-778768086,3357,0:33:05.360000,"(datetime.datetime(2026, 9, 29, 15, 45, 51, 311000),)",2a3c600a
408366988,-778772063,3324,0:33:05.380000,"(datetime.datetime(2026, 9, 29, 15, 45, 51, 331000),)",2a3c600d
408369317,-778767881,3357,0:33:05.430000,"(datetime.datetime(2026, 9, 29, 15, 45, 51, 389000),)",2a3c600a
408367097,-778771849,3323,0:33:05.450000,"(datetime.datetime(2026, 9, 29, 15, 45, 51, 409000),)",2a3c600d
408369427,-778767680,3357,0:33:05.510000,"(datetime.datetime(2026, 9, 29, 15, 45, 51, 467000),)",2a3c600a
408367213,-778771656,3323,0:33:05.540000,"(datetime.datetime(2026, 9, 29, 15, 45, 51, 492000),)",2a3c600d
408369539,-778767479,3357,0:33:05.590000,"(datetime.datetime(2026, 9, 29, 15, 45, 51, 548000),)",2a3c600a
408367328,-778771464,3325,0:33:05.660000,"(datetime.datetime(2026, 9, 29, 15, 45, 51, 611000),)",2a3c600d
408369656,-778767280,3358,0:33:05.680000,"(datetime.datetime(2026, 9, 29, 15, 45, 51, 633000),)",2a3c600a
408367440,-778771264,3325,0:33:05.700000,"(datetime.datetime(2026, 9, 29, 15, 45, 51, 654000),)",2a3c600d
408369767,-778767076,3358,0:33:05.750000,"(datetime.datetime(2026, 9, 29, 15, 45, 51, 707000),)",2a3c600a
408367543,-778771062,3325,0:33:05.770000,"(datetime.datetime(2026, 9, 29, 15, 45, 51, 728000),)",2a3c600d
408369877,-778766870,3357,0:33:05.840000,"(datetime.datetime(2026, 9, 29, 15, 45, 51, 791000),)",2a3c600a
408367662,-778770867,3326,0:33:05.860000,"(datetime.datetime(2026, 9, 29, 15, 45, 51, 812000),)",2a3c600d
408369992,-778766672,3357,0:33:05.920000,"(datetime.datetime(2026, 9, 29, 15, 45, 51, 872000),)",2a3c600a
408367771,-778770656,3324,0:33:05.940000,"(datetime.datetime(2026, 9, 29, 15, 45, 51, 892000),)",2a3c600d
408370108,-778766469,3357,0:33:06,"(datetime.datetime(2026, 9, 29, 15, 45, 51, 955000),)",2a3c600a
408367888,-778770461,3324,0:33:06.020000,"(datetime.datetime(2026, 9, 29, 15, 45, 51, 980000),)",2a3c600d
408370228,-778766265,3357,0:33:06.090000,"(datetime.datetime(2026, 9, 29, 15, 45, 52, 42000),)",2a3c600a
408368003,-778770260,3324,0:33:06.110000,"(datetime.datetime(2026, 9, 29, 15, 45, 52, 66000),)",2a3c600d
408370344,-778766070,3357,0:33:06.160000,"(datetime.datetime(2026, 9, 29, 15, 45, 52, 119000),)",2a3c600a
408368113,-778770062,3323,0:33:06.190000,"(datetime.datetime(2026, 9, 29, 15, 45, 52, 141000),)",2a3c600d
408370459,-778765868,3357,0:33:06.240000,"(datetime.datetime(2026, 9, 29, 15, 45, 52, 196000),)",2a3c600a
408368227,-778769863,3324,0:33:06.260000,"(datetime.datetime(2026, 9, 29, 15, 45, 52, 216000),)",2a3c600d
408370571,-778765665,3357,0:33:06.320000,"(datetime.datetime(2026, 9, 29, 15, 45, 52, 277000),)",2a3c600a
408368344,-778769661,3324,0:33:06.340000,"(datetime.datetime(2026, 9, 29, 15, 45, 52, 297000),)",2a3c600d
408370681,-778765458,3358,0:33:06.400000,"(datetime.datetime(2026, 9, 29, 15, 45, 52, 353000),)",2a3c600a
408368458,-778769465,3324,0:33:06.420000,"(datetime.datetime(2026, 9, 29, 15, 45, 52, 373000),)",2a3c600d
408370801,-778765267,3358,0:33:06.470000,"(datetime.datetime(2026, 9, 29, 15, 45, 52, 429000),)",2a3c600a
408368578,-778769267,3324,0:33:06.500000,"(datetime.datetime(2026, 9, 29, 15, 45, 52, 451000),)",2a3c600d
408370911,-778765066,3359,0:33:06.550000,"(datetime.datetime(2026, 9, 29, 15, 45, 52, 508000),)",2a3c600a
408368697,-778769070,3324,0:33:06.570000,"(datetime.datetime(2026, 9, 29, 15, 45, 52, 528000),)",2a3c600d
408371025,-778764853,3358,0:33:06.660000,"(datetime.datetime(2026, 9, 29, 15, 45, 52, 610000),)",2a3c600a
408368807,-778768860,3322,0:33:06.690000,"(datetime.datetime(2026, 9, 29, 15, 45, 52, 647000),)",2a3c600d
408371140,-778764649,3358,0:33:06.710000,"(datetime.datetime(2026, 9, 29, 15, 45, 52, 668000),)",2a3c600a
408368926,-778768664,3323,0:33:06.770000,"(datetime.datetime(2026, 9, 29, 15, 45, 52, 724000),)",2a3c600d
408371259,-778764452,3358,0:33:06.790000,"(datetime.datetime(2026, 9, 29, 15, 45, 52, 745000),)",2a3c600a
408369038,-778768462,3323,0:33:06.850000,"(datetime.datetime(2026, 9, 29, 15, 45, 52, 801000),)",2a3c600d
408371373,-778764249,3356,0:33:06.870000,"(datetime.datetime(2026, 9, 29, 15, 45, 52, 826000),)",2a3c600a
408369157,-778768266,3323,0:33:06.930000,"(datetime.datetime(2026, 9, 29, 15, 45, 52, 882000),)",2a3c600d
408371490,-778764038,3356,0:33:06.980000,"(datetime.datetime(2026, 9, 29, 15, 45, 52, 934000),)",2a3c600a
408369274,-778768062,3322,0:33:07,"(datetime.datetime(2026, 9, 29, 15, 45, 52, 954000),)",2a3c600d
408371607,-778763842,3356,0:33:07.050000,"(datetime.datetime(2026, 9, 29, 15, 45, 53, 9000),)",2a3c600a
408369390,-778767863,3322,0:33:07.080000,"(datetime.datetime(2026, 9, 29, 15, 45, 53, 32000),)",2a3c600d
408371720,-778763631,3355,0:33:07.130000,"(datetime.datetime(2026, 9, 29, 15, 45, 53, 90000),)",2a3c600a
408369509,-778767666,3322,0:33:07.160000,"(datetime.datetime(2026, 9, 29, 15, 45, 53, 111000),)",2a3c600d
408371720,-778763631,3355,0:33:07.210000,"(datetime.datetime(2026, 9, 29, 15, 45, 53, 168000),)",2a3c600a
408369624,-778767472,3323,0:33:07.230000,"(datetime.datetime(2026, 9, 29, 15, 45, 53, 189000),)",2a3c600d
408371833,-778763424,3356,0:33:07.290000,"(datetime.datetime(2026, 9, 29, 15, 45, 53, 245000),)",2a3c600a
408369738,-778767264,3322,0:33:07.310000,"(datetime.datetime(2026, 9, 29, 15, 45, 53, 265000),)",2a3c600d
408371949,-778763219,3356,0:33:07.370000,"(datetime.datetime(2026, 9, 29, 15, 45, 53, 322000),)",2a3c600a
408369846,-778767072,3324,0:33:07.390000,"(datetime.datetime(2026, 9, 29, 15, 45, 53, 343000),)",2a3c600d
408372064,-778763010,3357,0:33:07.450000,"(datetime.datetime(2026, 9, 29, 15, 45, 53, 403000),)",2a3c600a
408369967,-778766873,3324,0:33:07.470000,"(datetime.datetime(2026, 9, 29, 15, 45, 53, 425000),)",2a3c600d
408372188,-778762809,3357,0:33:07.530000,"(datetime.datetime(2026, 9, 29, 15, 45, 53, 483000),)",2a3c600a
408372306,-778762608,3356,0:33:07.580000,"(datetime.datetime(2026, 9, 29, 15, 45, 53, 539000),)",2a3c600a
408370086,-778766675,3324,0:33:07.650000,"(datetime.datetime(2026, 9, 29, 15, 45, 53, 603000),)",2a3c600d
408372427,-778762402,3356,0:33:07.700000,"(datetime.datetime(2026, 9, 29, 15, 45, 53, 650000),)",2a3c600a
408370200,-778766477,3325,0:33:07.720000,"(datetime.datetime(2026, 9, 29, 15, 45, 53, 672000),)",2a3c600d
408372548,-778762196,3356,0:33:07.770000,"(datetime.datetime(2026, 9, 29, 15, 45, 53, 729000),)",2a3c600a
408370321,-778766278,3324,0:33:07.800000,"(datetime.datetime(2026, 9, 29, 15, 45, 53, 750000),)",2a3c600d
408372672,-778761991,3355,0:33:07.860000,"(datetime.datetime(2026, 9, 29, 15, 45, 53, 812000),)",2a3c600a
408370433,-778766072,3324,0:33:07.880000,"(datetime.datetime(2026, 9, 29, 15, 45, 53, 833000),)",2a3c600d
408372792,-778761786,3354,0:33:07.940000,"(datetime.datetime(2026, 9, 29, 15, 45, 53, 892000),)",2a3c600a
408370539,-778765866,3323,0:33:07.980000,"(datetime.datetime(2026, 9, 29, 15, 45, 53, 940000),)",2a3c600d
408372909,-778761577,3354,0:33:08.010000,"(datetime.datetime(2026, 9, 29, 15, 45, 53, 961000),)",2a3c600a
408370658,-778765664,3323,0:33:08.060000,"(datetime.datetime(2026, 9, 29, 15, 45, 54, 18000),)",2a3c600d
408373027,-778761366,3353,0:33:08.080000,"(datetime.datetime(2026, 9, 29, 15, 45, 54, 37000),)",2a3c600a
408370772,-778765463,3323,0:33:08.140000,"(datetime.datetime(2026, 9, 29, 15, 45, 54, 94000),)",2a3c600d
408373142,-778761157,3353,0:33:08.160000,"(datetime.datetime(2026, 9, 29, 15, 45, 54, 114000),)",2a3c600a
408370884,-778765255,3322,0:33:08.220000,"(datetime.datetime(2026, 9, 29, 15, 45, 54, 177000),)",2a3c600d
408373253,-778760942,3353,0:33:08.250000,"(datetime.datetime(2026, 9, 29, 15, 45, 54, 202000),)",2a3c600a
408370996,-778765065,3322,0:33:08.290000,"(datetime.datetime(2026, 9, 29, 15, 45, 54, 250000),)",2a3c600d
408373379,-778760739,3353,0:33:08.360000,"(datetime.datetime(2026, 9, 29, 15, 45, 54, 311000),)",2a3c600a
408371114,-778764869,3323,0:33:08.380000,"(datetime.datetime(2026, 9, 29, 15, 45, 54, 334000),)",2a3c600d
408373489,-778760526,3352,0:33:08.450000,"(datetime.datetime(2026, 9, 29, 15, 45, 54, 402000),)",2a3c600a
408371227,-778764673,3322,0:33:08.470000,"(datetime.datetime(2026, 9, 29, 15, 45, 54, 427000),)",2a3c600d
408373608,-778760311,3352,0:33:08.550000,"(datetime.datetime(2026, 9, 29, 15, 45, 54, 502000),)",2a3c600a
408371343,-778764475,3321,0:33:08.570000,"(datetime.datetime(2026, 9, 29, 15, 45, 54, 529000),)",2a3c600d
408373734,-778760114,3352,0:33:08.650000,"(datetime.datetime(2026, 9, 29, 15, 45, 54, 603000),)",2a3c600a
408371455,-778764271,3322,0:33:08.680000,"(datetime.datetime(2026, 9, 29, 15, 45, 54, 636000),)",2a3c600d
408371569,-778764082,3321,0:33:08.740000,"(datetime.datetime(2026, 9, 29, 15, 45, 54, 692000),)",2a3c600d
408373859,-778759913,3352,0:33:08.770000,"(datetime.datetime(2026, 9, 29, 15, 45, 54, 726000),)",2a3c600a
408371684,-778763879,3321,0:33:08.840000,"(datetime.datetime(2026, 9, 29, 15, 45, 54, 799000),)",2a3c600d
408373983,-778759702,3352,0:33:08.870000,"(datetime.datetime(2026, 9, 29, 15, 45, 54, 821000),)",2a3c600a
408371799,-778763680,3321,0:33:08.940000,"(datetime.datetime(2026, 9, 29, 15, 45, 54, 892000),)",2a3c600d
408374107,-778759492,3351,0:33:08.980000,"(datetime.datetime(2026, 9, 29, 15, 45, 54, 931000),)",2a3c600a
408371914,-778763487,3320,0:33:09.040000,"(datetime.datetime(2026, 9, 29, 15, 45, 54, 992000),)",2a3c600d
408374231,-778759287,3350,0:33:09.060000,"(datetime.datetime(2026, 9, 29, 15, 45, 55, 20000),)",2a3c600a
408372035,-778763293,3320,0:33:09.140000,"(datetime.datetime(2026, 9, 29, 15, 45, 55, 94000),)",2a3c600d
408374349,-778759081,3349,0:33:09.180000,"(datetime.datetime(2026, 9, 29, 15, 45, 55, 139000),)",2a3c600a
408372150,-778763080,3319,0:33:09.240000,"(datetime.datetime(2026, 9, 29, 15, 45, 55, 193000),)",2a3c600d
408374477,-778758881,3349,0:33:09.260000,"(datetime.datetime(2026, 9, 29, 15, 45, 55, 213000),)",2a3c600a
408372262,-778762889,3319,0:33:09.340000,"(datetime.datetime(2026, 9, 29, 15, 45, 55, 294000),)",2a3c600d
408374600,-778758675,3348,0:33:09.360000,"(datetime.datetime(2026, 9, 29, 15, 45, 55, 316000),)",2a3c600a
408372375,-778762686,3319,0:33:09.440000,"(datetime.datetime(2026, 9, 29, 15, 45, 55, 392000),)",2a3c600d
408374719,-778758455,3348,0:33:09.460000,"(datetime.datetime(2026, 9, 29, 15, 45, 55, 416000),)",2a3c600a
408374838,-778758247,3347,0:33:09.530000,"(datetime.datetime(2026, 9, 29, 15, 45, 55, 484000),)",2a3c600a
408372491,-778762476,3319,0:33:09.560000,"(datetime.datetime(2026, 9, 29, 15, 45, 55, 518000),)",2a3c600d
408374960,-778758037,3347,0:33:09.620000,"(datetime.datetime(2026, 9, 29, 15, 45, 55, 575000),)",2a3c600a
408372596,-778762282,3317,0:33:09.650000,"(datetime.datetime(2026, 9, 29, 15, 45, 55, 603000),)",2a3c600d
408375091,-778757824,3348,0:33:09.720000,"(datetime.datetime(2026, 9, 29, 15, 45, 55, 675000),)",2a3c600a
408372710,-778762088,3316,0:33:09.770000,"(datetime.datetime(2026, 9, 29, 15, 45, 55, 725000),)",2a3c600d
408375207,-778757613,3347,0:33:09.820000,"(datetime.datetime(2026, 9, 29, 15, 45, 55, 774000),)",2a3c600a
408372842,-778761899,3316,0:33:09.860000,"(datetime.datetime(2026, 9, 29, 15, 45, 55, 812000),)",2a3c600d
408375326,-778757399,3345,0:33:09.920000,"(datetime.datetime(2026, 9, 29, 15, 45, 55, 874000),)",2a3c600a
408372956,-778761705,3316,0:33:09.950000,"(datetime.datetime(2026, 9, 29, 15, 45, 55, 902000),)",2a3c600d
408375460,-778757200,3344,0:33:10.030000,"(datetime.datetime(2026, 9, 29, 15, 45, 55, 984000),)",2a3c600a
408373081,-778761512,3314,0:33:10.060000,"(datetime.datetime(2026, 9, 29, 15, 45, 56, 16000),)",2a3c600d
408375585,-778756987,3343,0:33:10.140000,"(datetime.datetime(2026, 9, 29, 15, 45, 56, 96000),)",2a3c600a
408373200,-778761315,3314,0:33:10.160000,"(datetime.datetime(2026, 9, 29, 15, 45, 56, 119000),)",2a3c600d
408375707,-778756770,3342,0:33:10.220000,"(datetime.datetime(2026, 9, 29, 15, 45, 56, 176000),)",2a3c600a
408373294,-778761098,3315,0:33:10.270000,"(datetime.datetime(2026, 9, 29, 15, 45, 56, 221000),)",2a3c600d
408375826,-778756553,3341,0:33:10.320000,"(datetime.datetime(2026, 9, 29, 15, 45, 56, 277000),)",2a3c600a
408373397,-778760891,3314,0:33:10.350000,"(datetime.datetime(2026, 9, 29, 15, 45, 56, 306000),)",2a3c600d
408375953,-778756342,3341,0:33:10.420000,"(datetime.datetime(2026, 9, 29, 15, 45, 56, 374000),)",2a3c600a
408373495,-778760690,3311,0:33:10.450000,"(datetime.datetime(2026, 9, 29, 15, 45, 56, 402000),)",2a3c600d
408376080,-778756136,3341,0:33:10.520000,"(datetime.datetime(2026, 9, 29, 15, 45, 56, 475000),)",2a3c600a
408373612,-778760502,3311,0:33:10.560000,"(datetime.datetime(2026, 9, 29, 15, 45, 56, 513000),)",2a3c600d
408376206,-778755919,3341,0:33:10.620000,"(datetime.datetime(2026, 9, 29, 15, 45, 56, 574000),)",2a3c600a
408373729,-778760301,3311,0:33:10.640000,"(datetime.datetime(2026, 9, 29, 15, 45, 56, 596000),)",2a3c600d
408376328,-778755707,3340,0:33:10.720000,"(datetime.datetime(2026, 9, 29, 15, 45, 56, 674000),)",2a3c600a
408373848,-778760111,3310,0:33:10.750000,"(datetime.datetime(2026, 9, 29, 15, 45, 56, 701000),)",2a3c600d
408376454,-778755492,3339,0:33:10.820000,"(datetime.datetime(2026, 9, 29, 15, 45, 56, 774000),)",2a3c600a
408373965,-778759909,3310,0:33:10.840000,"(datetime.datetime(2026, 9, 29, 15, 45, 56, 797000),)",2a3c600d
408374072,-778759707,3309,0:33:10.920000,"(datetime.datetime(2026, 9, 29, 15, 45, 56, 874000),)",2a3c600d
408376578,-778755281,3338,0:33:10.950000,"(datetime.datetime(2026, 9, 29, 15, 45, 56, 903000),)",2a3c600a
408374185,-778759505,3309,0:33:11.020000,"(datetime.datetime(2026, 9, 29, 15, 45, 56, 972000),)",2a3c600d
408376704,-778755070,3338,0:33:11.040000,"(datetime.datetime(2026, 9, 29, 15, 45, 56, 994000),)",2a3c600a
408374294,-778759304,3308,0:33:11.120000,"(datetime.datetime(2026, 9, 29, 15, 45, 57, 71000),)",2a3c600d
408376826,-778754844,3337,0:33:11.150000,"(datetime.datetime(2026, 9, 29, 15, 45, 57, 100000),)",2a3c600a
408374420,-778759108,3310,0:33:11.220000,"(datetime.datetime(2026, 9, 29, 15, 45, 57, 171000),)",2a3c600d
408376958,-778754635,3338,0:33:11.240000,"(datetime.datetime(2026, 9, 29, 15, 45, 57, 192000),)",2a3c600a
408374536,-778758916,3310,0:33:11.320000,"(datetime.datetime(2026, 9, 29, 15, 45, 57, 271000),)",2a3c600d
408377086,-778754420,3337,0:33:11.360000,"(datetime.datetime(2026, 9, 29, 15, 45, 57, 313000),)",2a3c600a
408374645,-778758720,3308,0:33:11.420000,"(datetime.datetime(2026, 9, 29, 15, 45, 57, 375000),)",2a3c600d
408377212,-778754203,3337,0:33:11.440000,"(datetime.datetime(2026, 9, 29, 15, 45, 57, 397000),)",2a3c600a
408374740,-778758510,3309,0:33:11.520000,"(datetime.datetime(2026, 9, 29, 15, 45, 57, 472000),)",2a3c600d
408377338,-778753992,3336,0:33:11.550000,"(datetime.datetime(2026, 9, 29, 15, 45, 57, 508000),)",2a3c600a
408374853,-778758307,3308,0:33:11.630000,"(datetime.datetime(2026, 9, 29, 15, 45, 57, 584000),)",2a3c600d
408377464,-778753773,3335,0:33:11.650000,"(datetime.datetime(2026, 9, 29, 15, 45, 57, 610000),)",2a3c600a
408377590,-778753561,3334,0:33:11.720000,"(datetime.datetime(2026, 9, 29, 15, 45, 57, 675000),)",2a3c600a
408374964,-778758103,3308,0:33:11.760000,"(datetime.datetime(2026, 9, 29, 15, 45, 57, 716000),)",2a3c600d
408375088,-778757918,3307,0:33:11.830000,"(datetime.datetime(2026, 9, 29, 15, 45, 57, 788000),)",2a3c600d
408377716,-778753341,3333,0:33:11.860000,"(datetime.datetime(2026, 9, 29, 15, 45, 57, 811000),)",2a3c600a
408377841,-778753122,3333,0:33:11.920000,"(datetime.datetime(2026, 9, 29, 15, 45, 57, 874000),)",2a3c600a
408375203,-778757715,3307,0:33:11.950000,"(datetime.datetime(2026, 9, 29, 15, 45, 57, 907000),)",2a3c600d
408375322,-778757519,3306,0:33:12.020000,"(datetime.datetime(2026, 9, 29, 15, 45, 57, 971000),)",2a3c600d
408377968,-778752905,3333,0:33:12.040000,"(datetime.datetime(2026, 9, 29, 15, 45, 57, 992000),)",2a3c600a
408375440,-778757320,3306,0:33:12.120000,"(datetime.datetime(2026, 9, 29, 15, 45, 58, 72000),)",2a3c600d
408378098,-778752684,3332,0:33:12.150000,"(datetime.datetime(2026, 9, 29, 15, 45, 58, 104000),)",2a3c600a
408375558,-778757134,3304,0:33:12.220000,"(datetime.datetime(2026, 9, 29, 15, 45, 58, 171000),)",2a3c600d
408378229,-778752463,3332,0:33:12.240000,"(datetime.datetime(2026, 9, 29, 15, 45, 58, 194000),)",2a3c600a
408375679,-778756937,3304,0:33:12.320000,"(datetime.datetime(2026, 9, 29, 15, 45, 58, 272000),)",2a3c600d
408378355,-778752248,3331,0:33:12.360000,"(datetime.datetime(2026, 9, 29, 15, 45, 58, 311000),)",2a3c600a
408375793,-778756738,3303,0:33:12.420000,"(datetime.datetime(2026, 9, 29, 15, 45, 58, 371000),)",2a3c600d
408378484,-778752026,3330,0:33:12.440000,"(datetime.datetime(2026, 9, 29, 15, 45, 58, 393000),)",2a3c600a
408375904,-778756537,3302,0:33:12.520000,"(datetime.datetime(2026, 9, 29, 15, 45, 58, 473000),)",2a3c600d
408378609,-778751806,3330,0:33:12.540000,"(datetime.datetime(2026, 9, 29, 15, 45, 58, 500000),)",2a3c600a
408376025,-778756335,3302,0:33:12.620000,"(datetime.datetime(2026, 9, 29, 15, 45, 58, 577000),)",2a3c600d
408378737,-778751586,3328,0:33:12.640000,"(datetime.datetime(2026, 9, 29, 15, 45, 58, 598000),)",2a3c600a
408376143,-778756139,3302,0:33:12.720000,"(datetime.datetime(2026, 9, 29, 15, 45, 58, 673000),)",2a3c600d
408378864,-778751368,3328,0:33:12.750000,"(datetime.datetime(2026, 9, 29, 15, 45, 58, 704000),)",2a3c600a
408376259,-778755938,3301,0:33:12.820000,"(datetime.datetime(2026, 9, 29, 15, 45, 58, 772000),)",2a3c600d
408378993,-778751147,3327,0:33:12.850000,"(datetime.datetime(2026, 9, 29, 15, 45, 58, 804000),)",2a3c600a
408376374,-778755736,3300,0:33:13.150000,"(datetime.datetime(2026, 9, 29, 15, 45, 59, 101000),)",2a3c600d
408379118,-778750932,3327,0:33:13.230000,"(datetime.datetime(2026, 9, 29, 15, 45, 59, 181000),)",2a3c600a
408376497,-778755538,3300,0:33:13.310000,"(datetime.datetime(2026, 9, 29, 15, 45, 59, 260000),)",2a3c600d
408379248,-778750708,3326,0:33:13.390000,"(datetime.datetime(2026, 9, 29, 15, 45, 59, 342000),)",2a3c600a
408379372,-778750481,3325,0:33:13.530000,"(datetime.datetime(2026, 9, 29, 15, 45, 59, 488000),)",2a3c600a
408376610,-778755340,3299,0:33:13.580000,"(datetime.datetime(2026, 9, 29, 15, 45, 59, 535000),)",2a3c600d
408376730,-778755138,3299,0:33:13.670000,"(datetime.datetime(2026, 9, 29, 15, 45, 59, 623000),)",2a3c600d
408379496,-778750263,3324,0:33:13.800000,"(datetime.datetime(2026, 9, 29, 15, 45, 59, 751000),)",2a3c600a
408376846,-778754936,3298,0:33:13.920000,"(datetime.datetime(2026, 9, 29, 15, 45, 59, 872000),)",2a3c600d
408379620,-778750034,3324,0:33:14.030000,"(datetime.datetime(2026, 9, 29, 15, 45, 59, 989000),)",2a3c600a
408376963,-778754730,3297,0:33:14.090000,"(datetime.datetime(2026, 9, 29, 15, 46, 0, 43000),)",2a3c600d
408379750,-778749818,3324,0:33:14.150000,"(datetime.datetime(2026, 9, 29, 15, 46, 0, 108000),)",2a3c600a
408377087,-778754535,3297,0:33:14.220000,"(datetime.datetime(2026, 9, 29, 15, 46, 0, 173000),)",2a3c600d
408379877,-778749592,3323,0:33:14.240000,"(datetime.datetime(2026, 9, 29, 15, 46, 0, 196000),)",2a3c600a
408377201,-778754331,3296,0:33:14.330000,"(datetime.datetime(2026, 9, 29, 15, 46, 0, 290000),)",2a3c600d
408380005,-778749367,3323,0:33:14.390000,"(datetime.datetime(2026, 9, 29, 15, 46, 0, 350000),)",2a3c600a
408377321,-778754130,3297,0:33:14.500000,"(datetime.datetime(2026, 9, 29, 15, 46, 0, 458000),)",2a3c600d
408380141,-778749146,3322,0:33:14.610000,"(datetime.datetime(2026, 9, 29, 15, 46, 0, 561000),)",2a3c600a
408377439,-778753917,3296,0:33:14.780000,"(datetime.datetime(2026, 9, 29, 15, 46, 0, 733000),)",2a3c600d
408380269,-778748926,3321,0:33:14.900000,"(datetime.datetime(2026, 9, 29, 15, 46, 0, 858000),)",2a3c600a
408377557,-778753720,3295,0:33:14.950000,"(datetime.datetime(2026, 9, 29, 15, 46, 0, 904000),)",2a3c600d
408380397,-778748703,3321,0:33:14.970000,"(datetime.datetime(2026, 9, 29, 15, 46, 0, 925000),)",2a3c600a
408377676,-778753513,3294,0:33:15.030000,"(datetime.datetime(2026, 9, 29, 15, 46, 0, 986000),)",2a3c600d
408380525,-778748479,3321,0:33:15.060000,"(datetime.datetime(2026, 9, 29, 15, 46, 1, 10000),)",2a3c600a
408377796,-778753311,3295,0:33:15.120000,"(datetime.datetime(2026, 9, 29, 15, 46, 1, 73000),)",2a3c600d
408380660,-778748260,3320,0:33:15.210000,"(datetime.datetime(2026, 9, 29, 15, 46, 1, 167000),)",2a3c600a
408377910,-778753104,3293,0:33:15.370000,"(datetime.datetime(2026, 9, 29, 15, 46, 1, 321000),)",2a3c600d
408380792,-778748034,3319,0:33:15.430000,"(datetime.datetime(2026, 9, 29, 15, 46, 1, 385000),)",2a3c600a
408378027,-778752898,3293,0:33:15.530000,"(datetime.datetime(2026, 9, 29, 15, 46, 1, 482000),)",2a3c600d
408380923,-778747813,3318,0:33:15.710000,"(datetime.datetime(2026, 9, 29, 15, 46, 1, 670000),)",2a3c600a
408378149,-778752698,3293,0:33:15.760000,"(datetime.datetime(2026, 9, 29, 15, 46, 1, 714000),)",2a3c600d
408381055,-778747589,3319,0:33:15.810000,"(datetime.datetime(2026, 9, 29, 15, 46, 1, 766000),)",2a3c600a
408381190,-778747365,3318,0:33:15.860000,"(datetime.datetime(2026, 9, 29, 15, 46, 1, 816000),)",2a3c600a
408378267,-778752492,3292,0:33:15.890000,"(datetime.datetime(2026, 9, 29, 15, 46, 1, 842000),)",2a3c600d
408378384,-778752284,3291,0:33:15.950000,"(datetime.datetime(2026, 9, 29, 15, 46, 1, 908000),)",2a3c600d
408381317,-778747136,3317,0:33:16,"(datetime.datetime(2026, 9, 29, 15, 46, 1, 958000),)",2a3c600a
408378507,-778752075,3291,0:33:16.020000,"(datetime.datetime(2026, 9, 29, 15, 46, 1, 979000),)",2a3c600d
408381452,-778746914,3316,0:33:16.080000,"(datetime.datetime(2026, 9, 29, 15, 46, 2, 34000),)",2a3c600a
408378627,-778751871,3290,0:33:16.100000,"(datetime.datetime(2026, 9, 29, 15, 46, 2, 55000),)",2a3c600d
408381582,-778746688,3316,0:33:16.160000,"(datetime.datetime(2026, 9, 29, 15, 46, 2, 114000),)",2a3c600a
408378747,-778751660,3289,0:33:16.180000,"(datetime.datetime(2026, 9, 29, 15, 46, 2, 136000),)",2a3c600d
408381716,-778746461,3315,0:33:16.240000,"(datetime.datetime(2026, 9, 29, 15, 46, 2, 194000),)",2a3c600a
408378866,-778751459,3289,0:33:16.260000,"(datetime.datetime(2026, 9, 29, 15, 46, 2, 216000),)",2a3c600d
408381847,-778746235,3314,0:33:16.320000,"(datetime.datetime(2026, 9, 29, 15, 46, 2, 276000),)",2a3c600a
408381971,-778746000,3312,0:33:16.350000,"(datetime.datetime(2026, 9, 29, 15, 46, 2, 301000),)",2a3c600a
408378989,-778751255,3288,0:33:16.410000,"(datetime.datetime(2026, 9, 29, 15, 46, 2, 360000),)",2a3c600d
408379104,-778751052,3289,0:33:16.460000,"(datetime.datetime(2026, 9, 29, 15, 46, 2, 413000),)",2a3c600d
408382092,-778745791,3311,0:33:16.480000,"(datetime.datetime(2026, 9, 29, 15, 46, 2, 436000),)",2a3c600a
408379226,-778750841,3287,0:33:16.540000,"(datetime.datetime(2026, 9, 29, 15, 46, 2, 491000),)",2a3c600d
408382226,-778745558,3309,0:33:16.560000,"(datetime.datetime(2026, 9, 29, 15, 46, 2, 512000),)",2a3c600a
408379348,-778750635,3287,0:33:16.620000,"(datetime.datetime(2026, 9, 29, 15, 46, 2, 574000),)",2a3c600d
408382357,-778745334,3308,0:33:16.680000,"(datetime.datetime(2026, 9, 29, 15, 46, 2, 632000),)",2a3c600a
408379475,-778750437,3286,0:33:16.700000,"(datetime.datetime(2026, 9, 29, 15, 46, 2, 654000),)",2a3c600d
408382488,-778745102,3306,0:33:16.760000,"(datetime.datetime(2026, 9, 29, 15, 46, 2, 716000),)",2a3c600a
408379596,-778750227,3286,0:33:16.810000,"(datetime.datetime(2026, 9, 29, 15, 46, 2, 765000),)",2a3c600d
408382622,-778744877,3304,0:33:16.830000,"(datetime.datetime(2026, 9, 29, 15, 46, 2, 790000),)",2a3c600a
408379714,-778750016,3285,0:33:16.900000,"(datetime.datetime(2026, 9, 29, 15, 46, 2, 854000),)",2a3c600d
408382754,-778744642,3303,0:33:16.960000,"(datetime.datetime(2026, 9, 29, 15, 46, 2, 917000),)",2a3c600a
408379848,-778749808,3285,0:33:17,"(datetime.datetime(2026, 9, 29, 15, 46, 2, 950000),)",2a3c600d
408382885,-778744418,3302,0:33:17.030000,"(datetime.datetime(2026, 9, 29, 15, 46, 2, 983000),)",2a3c600a
408379971,-778749599,3284,0:33:17.050000,"(datetime.datetime(2026, 9, 29, 15, 46, 3, 4000),)",2a3c600d
408383022,-778744196,3302,0:33:17.110000,"(datetime.datetime(2026, 9, 29, 15, 46, 3, 65000),)",2a3c600a
408379971,-778749599,3284,0:33:17.130000,"(datetime.datetime(2026, 9, 29, 15, 46, 3, 86000),)",2a3c600d
408383141,-778743958,3300,0:33:17.190000,"(datetime.datetime(2026, 9, 29, 15, 46, 3, 150000),)",2a3c600a
408380091,-778749392,3283,0:33:17.220000,"(datetime.datetime(2026, 9, 29, 15, 46, 3, 171000),)",2a3c600d
408383268,-778743733,3300,0:33:17.280000,"(datetime.datetime(2026, 9, 29, 15, 46, 3, 235000),)",2a3c600a
408380214,-778749178,3283,0:33:17.330000,"(datetime.datetime(2026, 9, 29, 15, 46, 3, 290000),)",2a3c600d
408383418,-778743514,3303,0:33:17.360000,"(datetime.datetime(2026, 9, 29, 15, 46, 3, 311000),)",2a3c600a
408380341,-778748989,3283,0:33:17.420000,"(datetime.datetime(2026, 9, 29, 15, 46, 3, 374000),)",2a3c600d
408383554,-778743286,3301,0:33:17.500000,"(datetime.datetime(2026, 9, 29, 15, 46, 3, 453000),)",2a3c600a
408380460,-778748785,3283,0:33:17.540000,"(datetime.datetime(2026, 9, 29, 15, 46, 3, 500000),)",2a3c600d
408383682,-778743058,3300,0:33:17.570000,"(datetime.datetime(2026, 9, 29, 15, 46, 3, 522000),)",2a3c600a
408380585,-778748572,3283,0:33:17.680000,"(datetime.datetime(2026, 9, 29, 15, 46, 3, 633000),)",2a3c600d
408383814,-778742835,3299,0:33:17.700000,"(datetime.datetime(2026, 9, 29, 15, 46, 3, 655000),)",2a3c600a
408383943,-778742609,3299,0:33:17.720000,"(datetime.datetime(2026, 9, 29, 15, 46, 3, 676000),)",2a3c600a
408380714,-778748358,3282,0:33:17.780000,"(datetime.datetime(2026, 9, 29, 15, 46, 3, 734000),)",2a3c600d
408380840,-778748153,3281,0:33:17.800000,"(datetime.datetime(2026, 9, 29, 15, 46, 3, 756000),)",2a3c600d
408384082,-778742386,3298,0:33:17.860000,"(datetime.datetime(2026, 9, 29, 15, 46, 3, 815000),)",2a3c600a
408381081,-778747725,3279,0:33:17.880000,"(datetime.datetime(2026, 9, 29, 15, 46, 3, 837000),)",2a3c600d
408384211,-778742162,3298,0:33:17.950000,"(datetime.datetime(2026, 9, 29, 15, 46, 3, 910000),)",2a3c600a
408381202,-778747503,3277,0:33:17.980000,"(datetime.datetime(2026, 9, 29, 15, 46, 3, 932000),)",2a3c600d
408384345,-778741937,3298,0:33:18.040000,"(datetime.datetime(2026, 9, 29, 15, 46, 3, 997000),)",2a3c600a
408381328,-778747290,3276,0:33:18.060000,"(datetime.datetime(2026, 9, 29, 15, 46, 4, 18000),)",2a3c600d
408384483,-778741718,3297,0:33:18.130000,"(datetime.datetime(2026, 9, 29, 15, 46, 4, 84000),)",2a3c600a
408381448,-778747081,3275,0:33:18.200000,"(datetime.datetime(2026, 9, 29, 15, 46, 4, 153000),)",2a3c600d
408384613,-778741492,3296,0:33:18.220000,"(datetime.datetime(2026, 9, 29, 15, 46, 4, 175000),)",2a3c600a
408381448,-778747081,3275,0:33:18.280000,"(datetime.datetime(2026, 9, 29, 15, 46, 4, 230000),)",2a3c600d
408384730,-778741266,3294,0:33:18.330000,"(datetime.datetime(2026, 9, 29, 15, 46, 4, 284000),)",2a3c600a
408381573,-778746876,3274,0:33:18.350000,"(datetime.datetime(2026, 9, 29, 15, 46, 4, 306000),)",2a3c600d
408384865,-778741045,3294,0:33:18.410000,"(datetime.datetime(2026, 9, 29, 15, 46, 4, 361000),)",2a3c600a
408381697,-778746656,3274,0:33:18.480000,"(datetime.datetime(2026, 9, 29, 15, 46, 4, 432000),)",2a3c600d
408384997,-778740819,3294,0:33:18.500000,"(datetime.datetime(2026, 9, 29, 15, 46, 4, 454000),)",2a3c600a
408381833,-778746447,3273,0:33:18.540000,"(datetime.datetime(2026, 9, 29, 15, 46, 4, 499000),)",2a3c600d
408385129,-778740594,3292,0:33:18.560000,"(datetime.datetime(2026, 9, 29, 15, 46, 4, 520000),)",2a3c600a
408381950,-778746226,3271,0:33:18.680000,"(datetime.datetime(2026, 9, 29, 15, 46, 4, 632000),)",2a3c600d
408385259,-778740371,3291,0:33:18.700000,"(datetime.datetime(2026, 9, 29, 15, 46, 4, 657000),)",2a3c600a
408382076,-778746009,3269,0:33:18.750000,"(datetime.datetime(2026, 9, 29, 15, 46, 4, 708000),)",2a3c600d
408385401,-778740148,3292,0:33:18.770000,"(datetime.datetime(2026, 9, 29, 15, 46, 4, 730000),)",2a3c600a
408382201,-778745793,3269,0:33:18.830000,"(datetime.datetime(2026, 9, 29, 15, 46, 4, 785000),)",2a3c600d
408385526,-778739924,3290,0:33:18.850000,"(datetime.datetime(2026, 9, 29, 15, 46, 4, 808000),)",2a3c600a
408385658,-778739700,3290,0:33:18.920000,"(datetime.datetime(2026, 9, 29, 15, 46, 4, 879000),)",2a3c600a
408382324,-778745580,3268,0:33:18.990000,"(datetime.datetime(2026, 9, 29, 15, 46, 4, 941000),)",2a3c600d
408382453,-778745363,3267,0:33:19.040000,"(datetime.datetime(2026, 9, 29, 15, 46, 4, 997000),)",2a3c600d
408385790,-778739476,3289,0:33:19.060000,"(datetime.datetime(2026, 9, 29, 15, 46, 5, 19000),)",2a3c600a
408382579,-778745147,3267,0:33:19.130000,"(datetime.datetime(2026, 9, 29, 15, 46, 5, 81000),)",2a3c600d
408385927,-778739244,3288,0:33:19.150000,"(datetime.datetime(2026, 9, 29, 15, 46, 5, 104000),)",2a3c600a
408382703,-778744932,3265,0:33:19.210000,"(datetime.datetime(2026, 9, 29, 15, 46, 5, 168000),)",2a3c600d
408386062,-778739018,3287,0:33:19.240000,"(datetime.datetime(2026, 9, 29, 15, 46, 5, 191000),)",2a3c600a
408382831,-778744717,3266,0:33:19.290000,"(datetime.datetime(2026, 9, 29, 15, 46, 5, 247000),)",2a3c600d
408386206,-778738798,3287,0:33:19.310000,"(datetime.datetime(2026, 9, 29, 15, 46, 5, 267000),)",2a3c600a
408382962,-778744500,3266,0:33:19.380000,"(datetime.datetime(2026, 9, 29, 15, 46, 5, 335000),)",2a3c600d
408386338,-778738579,3286,0:33:19.400000,"(datetime.datetime(2026, 9, 29, 15, 46, 5, 357000),)",2a3c600a
408383083,-778744277,3266,0:33:19.480000,"(datetime.datetime(2026, 9, 29, 15, 46, 5, 431000),)",2a3c600d
408386472,-778738353,3285,0:33:19.500000,"(datetime.datetime(2026, 9, 29, 15, 46, 5, 453000),)",2a3c600a
408386603,-778738121,3285,0:33:19.560000,"(datetime.datetime(2026, 9, 29, 15, 46, 5, 518000),)",2a3c600a
408383215,-778744067,3266,0:33:19.620000,"(datetime.datetime(2026, 9, 29, 15, 46, 5, 580000),)",2a3c600d
408383338,-778743845,3264,0:33:19.690000,"(datetime.datetime(2026, 9, 29, 15, 46, 5, 642000),)",2a3c600d
408386740,-778737901,3284,0:33:19.750000,"(datetime.datetime(2026, 9, 29, 15, 46, 5, 701000),)",2a3c600a
408383459,-778743622,3263,0:33:19.770000,"(datetime.datetime(2026, 9, 29, 15, 46, 5, 724000),)",2a3c600d
408386872,-778737677,3284,0:33:19.830000,"(datetime.datetime(2026, 9, 29, 15, 46, 5, 789000),)",2a3c600a
408383589,-778743406,3261,0:33:19.850000,"(datetime.datetime(2026, 9, 29, 15, 46, 5, 810000),)",2a3c600d
408387009,-778737454,3284,0:33:19.930000,"(datetime.datetime(2026, 9, 29, 15, 46, 5, 885000),)",2a3c600a
408383710,-778743188,3259,0:33:19.950000,"(datetime.datetime(2026, 9, 29, 15, 46, 5, 908000),)",2a3c600d
408387144,-778737231,3283,0:33:20.010000,"(datetime.datetime(2026, 9, 29, 15, 46, 5, 963000),)",2a3c600a
408383836,-778742964,3259,0:33:20.030000,"(datetime.datetime(2026, 9, 29, 15, 46, 5, 984000),)",2a3c600d
408387283,-778737011,3282,0:33:20.090000,"(datetime.datetime(2026, 9, 29, 15, 46, 6, 42000),)",2a3c600a
408383964,-778742745,3258,0:33:20.110000,"(datetime.datetime(2026, 9, 29, 15, 46, 6, 66000),)",2a3c600d
408387422,-778736783,3280,0:33:20.170000,"(datetime.datetime(2026, 9, 29, 15, 46, 6, 120000),)",2a3c600a
408384102,-778742536,3257,0:33:20.190000,"(datetime.datetime(2026, 9, 29, 15, 46, 6, 141000),)",2a3c600d
408387552,-778736556,3280,0:33:20.260000,"(datetime.datetime(2026, 9, 29, 15, 46, 6, 211000),)",2a3c600a
408384222,-778742306,3257,0:33:20.300000,"(datetime.datetime(2026, 9, 29, 15, 46, 6, 260000),)",2a3c600d
408387552,-778736556,3280,0:33:20.330000,"(datetime.datetime(2026, 9, 29, 15, 46, 6, 281000),)",2a3c600a
408384357,-778742098,3256,0:33:20.380000,"(datetime.datetime(2026, 9, 29, 15, 46, 6, 338000),)",2a3c600d
408387684,-778736328,3280,0:33:20.400000,"(datetime.datetime(2026, 9, 29, 15, 46, 6, 359000),)",2a3c600a
408384487,-778741882,3256,0:33:20.470000,"(datetime.datetime(2026, 9, 29, 15, 46, 6, 420000),)",2a3c600d
408387955,-778735879,3278,0:33:20.490000,"(datetime.datetime(2026, 9, 29, 15, 46, 6, 443000),)",2a3c600a
408384615,-778741660,3256,0:33:20.550000,"(datetime.datetime(2026, 9, 29, 15, 46, 6, 503000),)",2a3c600d
408387955,-778735879,3278,0:33:20.620000,"(datetime.datetime(2026, 9, 29, 15, 46, 6, 574000),)",2a3c600a
408384745,-778741447,3256,0:33:20.650000,"(datetime.datetime(2026, 9, 29, 15, 46, 6, 602000),)",2a3c600d
408388091,-778735655,3277,0:33:20.680000,"(datetime.datetime(2026, 9, 29, 15, 46, 6, 634000),)",2a3c600a
408388224,-778735425,3276,0:33:20.700000,"(datetime.datetime(2026, 9, 29, 15, 46, 6, 659000),)",2a3c600a
408384875,-778741227,3255,0:33:20.770000,"(datetime.datetime(2026, 9, 29, 15, 46, 6, 723000),)",2a3c600d
408385003,-778741003,3251,0:33:20.790000,"(datetime.datetime(2026, 9, 29, 15, 46, 6, 745000),)",2a3c600d
408388362,-778735199,3275,0:33:20.850000,"(datetime.datetime(2026, 9, 29, 15, 46, 6, 807000),)",2a3c600a
408385137,-778740784,3251,0:33:20.870000,"(datetime.datetime(2026, 9, 29, 15, 46, 6, 829000),)",2a3c600d
408388496,-778734975,3275,0:33:20.940000,"(datetime.datetime(2026, 9, 29, 15, 46, 6, 892000),)",2a3c600a
408385256,-778740561,3250,0:33:20.990000,"(datetime.datetime(2026, 9, 29, 15, 46, 6, 949000),)",2a3c600d
408388633,-778734754,3274,0:33:21.020000,"(datetime.datetime(2026, 9, 29, 15, 46, 6, 973000),)",2a3c600a
408385383,-778740338,3252,0:33:21.070000,"(datetime.datetime(2026, 9, 29, 15, 46, 7, 24000),)",2a3c600d
408388772,-778734526,3273,0:33:21.120000,"(datetime.datetime(2026, 9, 29, 15, 46, 7, 76000),)",2a3c600a
408385508,-778740111,3249,0:33:21.140000,"(datetime.datetime(2026, 9, 29, 15, 46, 7, 99000),)",2a3c600d
408388906,-778734293,3273,0:33:21.210000,"(datetime.datetime(2026, 9, 29, 15, 46, 7, 168000),)",2a3c600a
408385636,-778739884,3249,0:33:21.260000,"(datetime.datetime(2026, 9, 29, 15, 46, 7, 219000),)",2a3c600d
408389040,-778734062,3272,0:33:21.280000,"(datetime.datetime(2026, 9, 29, 15, 46, 7, 240000),)",2a3c600a
408385769,-778739670,3248,0:33:21.340000,"(datetime.datetime(2026, 9, 29, 15, 46, 7, 298000),)",2a3c600d
408389169,-778733832,3270,0:33:21.360000,"(datetime.datetime(2026, 9, 29, 15, 46, 7, 320000),)",2a3c600a
408385900,-778739451,3247,0:33:21.430000,"(datetime.datetime(2026, 9, 29, 15, 46, 7, 386000),)",2a3c600d
408389304,-778733605,3270,0:33:21.480000,"(datetime.datetime(2026, 9, 29, 15, 46, 7, 437000),)",2a3c600a
408386046,-778739239,3245,0:33:21.500000,"(datetime.datetime(2026, 9, 29, 15, 46, 7, 458000),)",2a3c600d
408389438,-778733378,3270,0:33:21.570000,"(datetime.datetime(2026, 9, 29, 15, 46, 7, 524000),)",2a3c600a
408386175,-778739020,3244,0:33:21.620000,"(datetime.datetime(2026, 9, 29, 15, 46, 7, 577000),)",2a3c600d
408389574,-778733149,3269,0:33:21.650000,"(datetime.datetime(2026, 9, 29, 15, 46, 7, 602000),)",2a3c600a
408386289,-778738784,3245,0:33:21.710000,"(datetime.datetime(2026, 9, 29, 15, 46, 7, 669000),)",2a3c600d
408389711,-778732920,3268,0:33:21.740000,"(datetime.datetime(2026, 9, 29, 15, 46, 7, 691000),)",2a3c600a
408386417,-778738560,3244,0:33:21.790000,"(datetime.datetime(2026, 9, 29, 15, 46, 7, 745000),)",2a3c600d
408389845,-778732693,3267,0:33:21.810000,"(datetime.datetime(2026, 9, 29, 15, 46, 7, 766000),)",2a3c600a
408386547,-778738339,3244,0:33:21.870000,"(datetime.datetime(2026, 9, 29, 15, 46, 7, 826000),)",2a3c600d
408389981,-778732461,3266,0:33:21.890000,"(datetime.datetime(2026, 9, 29, 15, 46, 7, 848000),)",2a3c600a
408386673,-778738114,3243,0:33:21.950000,"(datetime.datetime(2026, 9, 29, 15, 46, 7, 907000),)",2a3c600d
408390110,-778732225,3265,0:33:21.970000,"(datetime.datetime(2026, 9, 29, 15, 46, 7, 929000),)",2a3c600a
408386802,-778737903,3241,0:33:22.040000,"(datetime.datetime(2026, 9, 29, 15, 46, 7, 997000),)",2a3c600d
408390248,-778731996,3264,0:33:22.060000,"(datetime.datetime(2026, 9, 29, 15, 46, 8, 18000),)",2a3c600a
408390381,-778731764,3264,0:33:22.120000,"(datetime.datetime(2026, 9, 29, 15, 46, 8, 78000),)",2a3c600a
408386938,-778737686,3240,0:33:22.150000,"(datetime.datetime(2026, 9, 29, 15, 46, 8, 102000),)",2a3c600d
408390516,-778731533,3263,0:33:22.210000,"(datetime.datetime(2026, 9, 29, 15, 46, 8, 161000),)",2a3c600a
408387060,-778737460,3239,0:33:22.230000,"(datetime.datetime(2026, 9, 29, 15, 46, 8, 182000),)",2a3c600d
408390651,-778731301,3262,0:33:22.290000,"(datetime.datetime(2026, 9, 29, 15, 46, 8, 247000),)",2a3c600a
408387189,-778737232,3238,0:33:22.310000,"(datetime.datetime(2026, 9, 29, 15, 46, 8, 268000),)",2a3c600d
408390785,-778731069,3261,0:33:22.370000,"(datetime.datetime(2026, 9, 29, 15, 46, 8, 326000),)",2a3c600a
408387325,-778737017,3239,0:33:22.390000,"(datetime.datetime(2026, 9, 29, 15, 46, 8, 347000),)",2a3c600d
408390919,-778730836,3260,0:33:22.460000,"(datetime.datetime(2026, 9, 29, 15, 46, 8, 420000),)",2a3c600a
408387457,-778736796,3239,0:33:22.480000,"(datetime.datetime(2026, 9, 29, 15, 46, 8, 440000),)",2a3c600d
408391054,-778730604,3259,0:33:22.540000,"(datetime.datetime(2026, 9, 29, 15, 46, 8, 498000),)",2a3c600a
408387583,-778736577,3238,0:33:22.560000,"(datetime.datetime(2026, 9, 29, 15, 46, 8, 520000),)",2a3c600d
408391187,-778730371,3259,0:33:22.630000,"(datetime.datetime(2026, 9, 29, 15, 46, 8, 585000),)",2a3c600a
408387720,-778736363,3237,0:33:22.650000,"(datetime.datetime(2026, 9, 29, 15, 46, 8, 606000),)",2a3c600d
408391322,-778730140,3257,0:33:22.710000,"(datetime.datetime(2026, 9, 29, 15, 46, 8, 668000),)",2a3c600a
408387850,-778736143,3236,0:33:22.740000,"(datetime.datetime(2026, 9, 29, 15, 46, 8, 693000),)",2a3c600d
408391460,-778729909,3256,0:33:22.800000,"(datetime.datetime(2026, 9, 29, 15, 46, 8, 752000),)",2a3c600a
408387975,-778735923,3234,0:33:22.820000,"(datetime.datetime(2026, 9, 29, 15, 46, 8, 778000),)",2a3c600d
408391593,-778729672,3256,0:33:22.880000,"(datetime.datetime(2026, 9, 29, 15, 46, 8, 830000),)",2a3c600a
408388102,-778735701,3233,0:33:22.900000,"(datetime.datetime(2026, 9, 29, 15, 46, 8, 854000),)",2a3c600d
408391729,-778729438,3255,0:33:22.960000,"(datetime.datetime(2026, 9, 29, 15, 46, 8, 912000),)",2a3c600a
408388232,-778735483,3233,0:33:22.980000,"(datetime.datetime(2026, 9, 29, 15, 46, 8, 934000),)",2a3c600d
408391866,-778729206,3253,0:33:23.040000,"(datetime.datetime(2026, 9, 29, 15, 46, 8, 998000),)",2a3c600a
408388356,-778735262,3231,0:33:23.060000,"(datetime.datetime(2026, 9, 29, 15, 46, 9, 19000),)",2a3c600d
408392001,-778728973,3253,0:33:23.120000,"(datetime.datetime(2026, 9, 29, 15, 46, 9, 78000),)",2a3c600a
408388487,-778735040,3230,0:33:23.140000,"(datetime.datetime(2026, 9, 29, 15, 46, 9, 99000),)",2a3c600d
408392136,-778728738,3252,0:33:23.210000,"(datetime.datetime(2026, 9, 29, 15, 46, 9, 163000),)",2a3c600a
408388619,-778734820,3230,0:33:23.230000,"(datetime.datetime(2026, 9, 29, 15, 46, 9, 185000),)",2a3c600d
408392271,-778728504,3251,0:33:23.290000,"(datetime.datetime(2026, 9, 29, 15, 46, 9, 245000),)",2a3c600a
408388744,-778734598,3229,0:33:23.310000,"(datetime.datetime(2026, 9, 29, 15, 46, 9, 266000),)",2a3c600d
408392408,-778728269,3250,0:33:23.370000,"(datetime.datetime(2026, 9, 29, 15, 46, 9, 324000),)",2a3c600a
408388867,-778734376,3229,0:33:23.390000,"(datetime.datetime(2026, 9, 29, 15, 46, 9, 345000),)",2a3c600d
408392544,-778728037,3249,0:33:23.450000,"(datetime.datetime(2026, 9, 29, 15, 46, 9, 407000),)",2a3c600a
408388998,-778734157,3228,0:33:23.470000,"(datetime.datetime(2026, 9, 29, 15, 46, 9, 427000),)",2a3c600d
408392681,-778727802,3248,0:33:23.540000,"(datetime.datetime(2026, 9, 29, 15, 46, 9, 494000),)",2a3c600a
408389124,-778733938,3227,0:33:23.560000,"(datetime.datetime(2026, 9, 29, 15, 46, 9, 518000),)",2a3c600d
408392820,-778727565,3247,0:33:23.630000,"(datetime.datetime(2026, 9, 29, 15, 46, 9, 582000),)",2a3c600a
408389254,-778733720,3226,0:33:23.650000,"(datetime.datetime(2026, 9, 29, 15, 46, 9, 606000),)",2a3c600d
408392956,-778727329,3246,0:33:23.710000,"(datetime.datetime(2026, 9, 29, 15, 46, 9, 669000),)",2a3c600a
408389379,-778733500,3226,0:33:23.770000,"(datetime.datetime(2026, 9, 29, 15, 46, 9, 720000),)",2a3c600d
408393093,-778727094,3246,0:33:23.800000,"(datetime.datetime(2026, 9, 29, 15, 46, 9, 750000),)",2a3c600a
408389509,-778733279,3225,0:33:23.850000,"(datetime.datetime(2026, 9, 29, 15, 46, 9, 802000),)",2a3c600d
408393231,-778726859,3244,0:33:23.870000,"(datetime.datetime(2026, 9, 29, 15, 46, 9, 824000),)",2a3c600a
408389639,-778733064,3225,0:33:23.930000,"(datetime.datetime(2026, 9, 29, 15, 46, 9, 881000),)",2a3c600d
408393370,-778726625,3243,0:33:23.950000,"(datetime.datetime(2026, 9, 29, 15, 46, 9, 904000),)",2a3c600a
408389772,-778732844,3224,0:33:24.010000,"(datetime.datetime(2026, 9, 29, 15, 46, 9, 962000),)",2a3c600d
408393505,-778726390,3243,0:33:24.030000,"(datetime.datetime(2026, 9, 29, 15, 46, 9, 986000),)",2a3c600a
408389893,-778732626,3223,0:33:24.090000,"(datetime.datetime(2026, 9, 29, 15, 46, 10, 42000),)",2a3c600d
408393645,-778726156,3241,0:33:24.110000,"(datetime.datetime(2026, 9, 29, 15, 46, 10, 66000),)",2a3c600a
408390020,-778732407,3221,0:33:24.170000,"(datetime.datetime(2026, 9, 29, 15, 46, 10, 124000),)",2a3c600d
408393782,-778725919,3240,0:33:24.190000,"(datetime.datetime(2026, 9, 29, 15, 46, 10, 147000),)",2a3c600a
408390151,-778732185,3222,0:33:24.250000,"(datetime.datetime(2026, 9, 29, 15, 46, 10, 204000),)",2a3c600d
408393919,-778725683,3239,0:33:24.270000,"(datetime.datetime(2026, 9, 29, 15, 46, 10, 226000),)",2a3c600a
408390275,-778731963,3221,0:33:24.340000,"(datetime.datetime(2026, 9, 29, 15, 46, 10, 291000),)",2a3c600d
408394056,-778725445,3239,0:33:24.360000,"(datetime.datetime(2026, 9, 29, 15, 46, 10, 313000),)",2a3c600a
408390403,-778731747,3220,0:33:24.420000,"(datetime.datetime(2026, 9, 29, 15, 46, 10, 376000),)",2a3c600d
408394197,-778725204,3238,0:33:24.500000,"(datetime.datetime(2026, 9, 29, 15, 46, 10, 459000),)",2a3c600a
408390536,-778731526,3219,0:33:24.530000,"(datetime.datetime(2026, 9, 29, 15, 46, 10, 481000),)",2a3c600d
408394336,-778724966,3236,0:33:24.570000,"(datetime.datetime(2026, 9, 29, 15, 46, 10, 526000),)",2a3c600a
408390662,-778731302,3218,0:33:24.590000,"(datetime.datetime(2026, 9, 29, 15, 46, 10, 549000),)",2a3c600d
408394472,-778724725,3235,0:33:24.650000,"(datetime.datetime(2026, 9, 29, 15, 46, 10, 603000),)",2a3c600a
408390788,-778731084,3217,0:33:24.710000,"(datetime.datetime(2026, 9, 29, 15, 46, 10, 662000),)",2a3c600d
408394610,-778724485,3234,0:33:24.730000,"(datetime.datetime(2026, 9, 29, 15, 46, 10, 684000),)",2a3c600a
408390918,-778730861,3216,0:33:24.790000,"(datetime.datetime(2026, 9, 29, 15, 46, 10, 742000),)",2a3c600d
408394746,-778724249,3234,0:33:24.810000,"(datetime.datetime(2026, 9, 29, 15, 46, 10, 763000),)",2a3c600a
408391045,-778730642,3216,0:33:24.870000,"(datetime.datetime(2026, 9, 29, 15, 46, 10, 823000),)",2a3c600d
408394885,-778724011,3233,0:33:24.890000,"(datetime.datetime(2026, 9, 29, 15, 46, 10, 845000),)",2a3c600a
408391173,-778730424,3215,0:33:24.950000,"(datetime.datetime(2026, 9, 29, 15, 46, 10, 905000),)",2a3c600d
408395022,-778723774,3232,0:33:24.970000,"(datetime.datetime(2026, 9, 29, 15, 46, 10, 926000),)",2a3c600a
408391300,-778730205,3214,0:33:25.040000,"(datetime.datetime(2026, 9, 29, 15, 46, 10, 991000),)",2a3c600d
408395160,-778723530,3230,0:33:25.090000,"(datetime.datetime(2026, 9, 29, 15, 46, 11, 41000),)",2a3c600a
408391430,-778729984,3214,0:33:25.120000,"(datetime.datetime(2026, 9, 29, 15, 46, 11, 72000),)",2a3c600d
408395297,-778723292,3229,0:33:25.170000,"(datetime.datetime(2026, 9, 29, 15, 46, 11, 130000),)",2a3c600a
408391555,-778729768,3213,0:33:25.220000,"(datetime.datetime(2026, 9, 29, 15, 46, 11, 179000),)",2a3c600d
408395435,-778723051,3228,0:33:25.250000,"(datetime.datetime(2026, 9, 29, 15, 46, 11, 202000),)",2a3c600a
408391686,-778729548,3212,0:33:25.300000,"(datetime.datetime(2026, 9, 29, 15, 46, 11, 259000),)",2a3c600d
408395569,-778722813,3227,0:33:25.330000,"(datetime.datetime(2026, 9, 29, 15, 46, 11, 281000),)",2a3c600a
408391809,-778729328,3211,0:33:25.380000,"(datetime.datetime(2026, 9, 29, 15, 46, 11, 339000),)",2a3c600d
408395706,-778722569,3226,0:33:25.410000,"(datetime.datetime(2026, 9, 29, 15, 46, 11, 362000),)",2a3c600a
408391938,-778729114,3211,0:33:25.470000,"(datetime.datetime(2026, 9, 29, 15, 46, 11, 420000),)",2a3c600d
408395843,-778722330,3224,0:33:25.490000,"(datetime.datetime(2026, 9, 29, 15, 46, 11, 442000),)",2a3c600a
408392069,-778728891,3210,0:33:25.550000,"(datetime.datetime(2026, 9, 29, 15, 46, 11, 505000),)",2a3c600d
408395979,-778722091,3224,0:33:25.610000,"(datetime.datetime(2026, 9, 29, 15, 46, 11, 566000),)",2a3c600a
408392195,-778728673,3209,0:33:25.630000,"(datetime.datetime(2026, 9, 29, 15, 46, 11, 588000),)",2a3c600d
408392324,-778728453,3208,0:33:25.690000,"(datetime.datetime(2026, 9, 29, 15, 46, 11, 647000),)",2a3c600d
408396113,-778721849,3222,0:33:25.710000,"(datetime.datetime(2026, 9, 29, 15, 46, 11, 669000),)",2a3c600a
408392451,-778728229,3207,0:33:25.770000,"(datetime.datetime(2026, 9, 29, 15, 46, 11, 729000),)",2a3c600d
408396251,-778721610,3221,0:33:25.800000,"(datetime.datetime(2026, 9, 29, 15, 46, 11, 751000),)",2a3c600a
408396388,-778721369,3220,0:33:25.860000,"(datetime.datetime(2026, 9, 29, 15, 46, 11, 810000),)",2a3c600a
408392580,-778728011,3206,0:33:25.880000,"(datetime.datetime(2026, 9, 29, 15, 46, 11, 832000),)",2a3c600d
408392708,-778727789,3205,0:33:25.950000,"(datetime.datetime(2026, 9, 29, 15, 46, 11, 901000),)",2a3c600d
408396526,-778721132,3218,0:33:25.990000,"(datetime.datetime(2026, 9, 29, 15, 46, 11, 948000),)",2a3c600a
408392836,-778727566,3204,0:33:26.020000,"(datetime.datetime(2026, 9, 29, 15, 46, 11, 977000),)",2a3c600d
408396661,-778720894,3217,0:33:26.070000,"(datetime.datetime(2026, 9, 29, 15, 46, 12, 29000),)",2a3c600a
408392963,-778727344,3203,0:33:26.120000,"(datetime.datetime(2026, 9, 29, 15, 46, 12, 77000),)",2a3c600d
408396797,-778720656,3216,0:33:26.150000,"(datetime.datetime(2026, 9, 29, 15, 46, 12, 109000),)",2a3c600a
408393094,-778727120,3203,0:33:26.220000,"(datetime.datetime(2026, 9, 29, 15, 46, 12, 178000),)",2a3c600d
408396938,-778720414,3215,0:33:26.250000,"(datetime.datetime(2026, 9, 29, 15, 46, 12, 200000),)",2a3c600a
408397072,-778720178,3214,0:33:26.300000,"(datetime.datetime(2026, 9, 29, 15, 46, 12, 260000),)",2a3c600a
408393223,-778726900,3202,0:33:26.350000,"(datetime.datetime(2026, 9, 29, 15, 46, 12, 309000),)",2a3c600d
408397208,-778719940,3212,0:33:26.410000,"(datetime.datetime(2026, 9, 29, 15, 46, 12, 365000),)",2a3c600a
408393354,-778726677,3201,0:33:26.430000,"(datetime.datetime(2026, 9, 29, 15, 46, 12, 389000),)",2a3c600d
408397344,-778719703,3211,0:33:26.510000,"(datetime.datetime(2026, 9, 29, 15, 46, 12, 461000),)",2a3c600a
408393482,-778726454,3200,0:33:26.530000,"(datetime.datetime(2026, 9, 29, 15, 46, 12, 483000),)",2a3c600d
408397478,-778719467,3210,0:33:26.610000,"(datetime.datetime(2026, 9, 29, 15, 46, 12, 561000),)",2a3c600a
408393614,-778726233,3199,0:33:26.640000,"(datetime.datetime(2026, 9, 29, 15, 46, 12, 593000),)",2a3c600d
408397617,-778719230,3209,0:33:26.720000,"(datetime.datetime(2026, 9, 29, 15, 46, 12, 674000),)",2a3c600a
408393742,-778726008,3198,0:33:26.770000,"(datetime.datetime(2026, 9, 29, 15, 46, 12, 723000),)",2a3c600d
408397749,-778718996,3208,0:33:26.810000,"(datetime.datetime(2026, 9, 29, 15, 46, 12, 762000),)",2a3c600a
408393873,-778725787,3197,0:33:26.840000,"(datetime.datetime(2026, 9, 29, 15, 46, 12, 793000),)",2a3c600d
408397884,-778718763,3206,0:33:26.900000,"(datetime.datetime(2026, 9, 29, 15, 46, 12, 860000),)",2a3c600a
408394002,-778725563,3196,0:33:26.950000,"(datetime.datetime(2026, 9, 29, 15, 46, 12, 909000),)",2a3c600d
408398018,-778718529,3206,0:33:27,"(datetime.datetime(2026, 9, 29, 15, 46, 12, 960000),)",2a3c600a
408394133,-778725339,3195,0:33:27.040000,"(datetime.datetime(2026, 9, 29, 15, 46, 12, 996000),)",2a3c600d
408398154,-778718296,3204,0:33:27.110000,"(datetime.datetime(2026, 9, 29, 15, 46, 13, 61000),)",2a3c600a
408394264,-778725114,3194,0:33:27.130000,"(datetime.datetime(2026, 9, 29, 15, 46, 13, 83000),)",2a3c600d
408398292,-778718059,3203,0:33:27.210000,"(datetime.datetime(2026, 9, 29, 15, 46, 13, 160000),)",2a3c600a
408394390,-778724891,3193,0:33:27.240000,"(datetime.datetime(2026, 9, 29, 15, 46, 13, 190000),)",2a3c600d
408398425,-778717827,3202,0:33:27.320000,"(datetime.datetime(2026, 9, 29, 15, 46, 13, 270000),)",2a3c600a
408394517,-778724666,3192,0:33:27.350000,"(datetime.datetime(2026, 9, 29, 15, 46, 13, 301000),)",2a3c600d
408398557,-778717595,3201,0:33:27.410000,"(datetime.datetime(2026, 9, 29, 15, 46, 13, 369000),)",2a3c600a
408394649,-778724440,3191,0:33:27.450000,"(datetime.datetime(2026, 9, 29, 15, 46, 13, 402000),)",2a3c600d
408398692,-778717363,3200,0:33:27.510000,"(datetime.datetime(2026, 9, 29, 15, 46, 13, 463000),)",2a3c600a
408394779,-778724213,3190,0:33:27.530000,"(datetime.datetime(2026, 9, 29, 15, 46, 13, 490000),)",2a3c600d
408398824,-778717130,3199,0:33:27.610000,"(datetime.datetime(2026, 9, 29, 15, 46, 13, 560000),)",2a3c600a
408394910,-778723990,3189,0:33:27.630000,"(datetime.datetime(2026, 9, 29, 15, 46, 13, 583000),)",2a3c600d
408398960,-778716899,3198,0:33:27.700000,"(datetime.datetime(2026, 9, 29, 15, 46, 13, 660000),)",2a3c600a
408395042,-778723764,3189,0:33:27.730000,"(datetime.datetime(2026, 9, 29, 15, 46, 13, 690000),)",2a3c600d
408399094,-778716671,3197,0:33:27.810000,"(datetime.datetime(2026, 9, 29, 15, 46, 13, 767000),)",2a3c600a
408395174,-778723538,3187,0:33:27.840000,"(datetime.datetime(2026, 9, 29, 15, 46, 13, 794000),)",2a3c600d
408399226,-778716440,3197,0:33:28.090000,"(datetime.datetime(2026, 9, 29, 15, 46, 14, 48000),)",2a3c600a
408395305,-778723314,3186,0:33:28.130000,"(datetime.datetime(2026, 9, 29, 15, 46, 14, 81000),)",2a3c600d
408399361,-778716212,3195,0:33:28.380000,"(datetime.datetime(2026, 9, 29, 15, 46, 14, 333000),)",2a3c600a
408395435,-778723087,3185,0:33:28.460000,"(datetime.datetime(2026, 9, 29, 15, 46, 14, 418000),)",2a3c600d
408399493,-778715983,3195,0:33:28.550000,"(datetime.datetime(2026, 9, 29, 15, 46, 14, 502000),)",2a3c600a
408395568,-778722859,3184,0:33:28.740000,"(datetime.datetime(2026, 9, 29, 15, 46, 14, 694000),)",2a3c600d
408399630,-778715756,3194,0:33:28.880000,"(datetime.datetime(2026, 9, 29, 15, 46, 14, 838000),)",2a3c600a
408395697,-778722634,3183,0:33:28.950000,"(datetime.datetime(2026, 9, 29, 15, 46, 14, 903000),)",2a3c600d
408399759,-778715533,3193,0:33:29.020000,"(datetime.datetime(2026, 9, 29, 15, 46, 14, 975000),)",2a3c600a
408395829,-778722408,3182,0:33:29.150000,"(datetime.datetime(2026, 9, 29, 15, 46, 15, 109000),)",2a3c600d
408399892,-778715301,3192,0:33:29.250000,"(datetime.datetime(2026, 9, 29, 15, 46, 15, 203000),)",2a3c600a
408395959,-778722181,3181,0:33:29.300000,"(datetime.datetime(2026, 9, 29, 15, 46, 15, 258000),)",2a3c600d
408400024,-778715075,3192,0:33:29.360000,"(datetime.datetime(2026, 9, 29, 15, 46, 15, 312000),)",2a3c600a
408396090,-778721954,3180,0:33:29.440000,"(datetime.datetime(2026, 9, 29, 15, 46, 15, 391000),)",2a3c600d
408400157,-778714846,3191,0:33:29.560000,"(datetime.datetime(2026, 9, 29, 15, 46, 15, 518000),)",2a3c600a
408396222,-778721726,3179,0:33:29.640000,"(datetime.datetime(2026, 9, 29, 15, 46, 15, 596000),)",2a3c600d
408400290,-778714622,3190,0:33:29.770000,"(datetime.datetime(2026, 9, 29, 15, 46, 15, 724000),)",2a3c600a
408396355,-778721501,3177,0:33:29.920000,"(datetime.datetime(2026, 9, 29, 15, 46, 15, 873000),)",2a3c600d
408396487,-778721276,3177,0:33:29.940000,"(datetime.datetime(2026, 9, 29, 15, 46, 15, 897000),)",2a3c600d
408400421,-778714394,3190,0:33:30.110000,"(datetime.datetime(2026, 9, 29, 15, 46, 16, 70000),)",2a3c600a
408400553,-778714172,3189,0:33:30.160000,"(datetime.datetime(2026, 9, 29, 15, 46, 16, 116000),)",2a3c600a
408396621,-778721050,3175,0:33:30.270000,"(datetime.datetime(2026, 9, 29, 15, 46, 16, 229000),)",2a3c600d
408400685,-778713946,3189,0:33:30.460000,"(datetime.datetime(2026, 9, 29, 15, 46, 16, 416000),)",2a3c600a
408396755,-778720824,3174,0:33:30.620000,"(datetime.datetime(2026, 9, 29, 15, 46, 16, 572000),)",2a3c600d
408400816,-778713719,3189,0:33:30.750000,"(datetime.datetime(2026, 9, 29, 15, 46, 16, 707000),)",2a3c600a
408396887,-778720601,3173,0:33:30.880000,"(datetime.datetime(2026, 9, 29, 15, 46, 16, 836000),)",2a3c600d
408400946,-778713500,3187,0:33:30.920000,"(datetime.datetime(2026, 9, 29, 15, 46, 16, 877000),)",2a3c600a
408397023,-778720367,3172,0:33:31,"(datetime.datetime(2026, 9, 29, 15, 46, 16, 956000),)",2a3c600d
408401077,-778713276,3187,0:33:31.020000,"(datetime.datetime(2026, 9, 29, 15, 46, 16, 978000),)",2a3c600a
408397153,-778720140,3171,0:33:31.080000,"(datetime.datetime(2026, 9, 29, 15, 46, 17, 32000),)",2a3c600d
408401208,-778713052,3186,0:33:31.120000,"(datetime.datetime(2026, 9, 29, 15, 46, 17, 80000),)",2a3c600a
408397286,-778719913,3170,0:33:31.150000,"(datetime.datetime(2026, 9, 29, 15, 46, 17, 104000),)",2a3c600d
408401337,-778712829,3186,0:33:31.210000,"(datetime.datetime(2026, 9, 29, 15, 46, 17, 164000),)",2a3c600a
408397420,-778719688,3169,0:33:31.230000,"(datetime.datetime(2026, 9, 29, 15, 46, 17, 186000),)",2a3c600d
408401466,-778712608,3186,0:33:31.290000,"(datetime.datetime(2026, 9, 29, 15, 46, 17, 246000),)",2a3c600a
408397552,-778719461,3168,0:33:31.310000,"(datetime.datetime(2026, 9, 29, 15, 46, 17, 270000),)",2a3c600d
408401598,-778712384,3185,0:33:31.380000,"(datetime.datetime(2026, 9, 29, 15, 46, 17, 336000),)",2a3c600a
408397686,-778719236,3166,0:33:31.460000,"(datetime.datetime(2026, 9, 29, 15, 46, 17, 418000),)",2a3c600d
408401728,-778712164,3185,0:33:31.490000,"(datetime.datetime(2026, 9, 29, 15, 46, 17, 442000),)",2a3c600a
408397818,-778719010,3165,0:33:31.530000,"(datetime.datetime(2026, 9, 29, 15, 46, 17, 483000),)",2a3c600d
408401855,-778711942,3185,0:33:31.560000,"(datetime.datetime(2026, 9, 29, 15, 46, 17, 511000),)",2a3c600a
408397950,-778718783,3164,0:33:31.610000,"(datetime.datetime(2026, 9, 29, 15, 46, 17, 569000),)",2a3c600d
408401986,-778711719,3184,0:33:31.640000,"(datetime.datetime(2026, 9, 29, 15, 46, 17, 591000),)",2a3c600a
408398082,-778718555,3163,0:33:31.700000,"(datetime.datetime(2026, 9, 29, 15, 46, 17, 652000),)",2a3c600d
408402114,-778711498,3184,0:33:31.790000,"(datetime.datetime(2026, 9, 29, 15, 46, 17, 743000),)",2a3c600a
408398216,-778718329,3162,0:33:31.820000,"(datetime.datetime(2026, 9, 29, 15, 46, 17, 776000),)",2a3c600d
408402243,-778711279,3184,0:33:31.840000,"(datetime.datetime(2026, 9, 29, 15, 46, 17, 800000),)",2a3c600a
408398340,-778718106,3160,0:33:31.910000,"(datetime.datetime(2026, 9, 29, 15, 46, 17, 861000),)",2a3c600d
408402372,-778711060,3184,0:33:31.930000,"(datetime.datetime(2026, 9, 29, 15, 46, 17, 882000),)",2a3c600a
408398472,-778717879,3159,0:33:31.990000,"(datetime.datetime(2026, 9, 29, 15, 46, 17, 950000),)",2a3c600d
408402501,-778710841,3184,0:33:32.020000,"(datetime.datetime(2026, 9, 29, 15, 46, 17, 971000),)",2a3c600a
408398607,-778717652,3158,0:33:32.080000,"(datetime.datetime(2026, 9, 29, 15, 46, 18, 34000),)",2a3c600d
408402627,-778710619,3184,0:33:32.100000,"(datetime.datetime(2026, 9, 29, 15, 46, 18, 57000),)",2a3c600a
408398739,-778717426,3157,0:33:32.170000,"(datetime.datetime(2026, 9, 29, 15, 46, 18, 124000),)",2a3c600d
408402754,-778710402,3184,0:33:32.190000,"(datetime.datetime(2026, 9, 29, 15, 46, 18, 150000),)",2a3c600a
408398872,-778717199,3156,0:33:32.250000,"(datetime.datetime(2026, 9, 29, 15, 46, 18, 208000),)",2a3c600d
408402881,-778710183,3185,0:33:32.280000,"(datetime.datetime(2026, 9, 29, 15, 46, 18, 230000),)",2a3c600a
408399002,-778716972,3155,0:33:32.340000,"(datetime.datetime(2026, 9, 29, 15, 46, 18, 298000),)",2a3c600d
408403008,-778709964,3185,0:33:32.370000,"(datetime.datetime(2026, 9, 29, 15, 46, 18, 321000),)",2a3c600a
408399139,-778716747,3154,0:33:32.430000,"(datetime.datetime(2026, 9, 29, 15, 46, 18, 385000),)",2a3c600d
408403136,-778709746,3186,0:33:32.450000,"(datetime.datetime(2026, 9, 29, 15, 46, 18, 406000),)",2a3c600a
408399269,-778716520,3154,0:33:32.510000,"(datetime.datetime(2026, 9, 29, 15, 46, 18, 465000),)",2a3c600d
408403262,-778709530,3186,0:33:32.530000,"(datetime.datetime(2026, 9, 29, 15, 46, 18, 487000),)",2a3c600a
408399404,-778716293,3153,0:33:32.600000,"(datetime.datetime(2026, 9, 29, 15, 46, 18, 552000),)",2a3c600d
408403388,-778709313,3187,0:33:32.630000,"(datetime.datetime(2026, 9, 29, 15, 46, 18, 582000),)",2a3c600a
408399537,-778716066,3152,0:33:32.700000,"(datetime.datetime(2026, 9, 29, 15, 46, 18, 652000),)",2a3c600d
408403515,-778709091,3187,0:33:32.740000,"(datetime.datetime(2026, 9, 29, 15, 46, 18, 696000),)",2a3c600a
408399669,-778715834,3152,0:33:32.770000,"(datetime.datetime(2026, 9, 29, 15, 46, 18, 723000),)",2a3c600d
408403641,-778708877,3187,0:33:32.830000,"(datetime.datetime(2026, 9, 29, 15, 46, 18, 788000),)",2a3c600a
408399797,-778715612,3151,0:33:32.880000,"(datetime.datetime(2026, 9, 29, 15, 46, 18, 838000),)",2a3c600d
408403767,-778708664,3187,0:33:32.900000,"(datetime.datetime(2026, 9, 29, 15, 46, 18, 859000),)",2a3c600a
408399931,-778715384,3150,0:33:32.960000,"(datetime.datetime(2026, 9, 29, 15, 46, 18, 920000),)",2a3c600d
408403894,-778708448,3188,0:33:32.990000,"(datetime.datetime(2026, 9, 29, 15, 46, 18, 943000),)",2a3c600a
408400062,-778715157,3150,0:33:33.050000,"(datetime.datetime(2026, 9, 29, 15, 46, 19, 4000),)",2a3c600d
408404018,-778708235,3187,0:33:33.080000,"(datetime.datetime(2026, 9, 29, 15, 46, 19, 32000),)",2a3c600a
408400195,-778714934,3149,0:33:33.130000,"(datetime.datetime(2026, 9, 29, 15, 46, 19, 84000),)",2a3c600d
408404145,-778708024,3188,0:33:33.150000,"(datetime.datetime(2026, 9, 29, 15, 46, 19, 106000),)",2a3c600a
408400329,-778714707,3148,0:33:33.210000,"(datetime.datetime(2026, 9, 29, 15, 46, 19, 166000),)",2a3c600d
408404271,-778707811,3188,0:33:33.230000,"(datetime.datetime(2026, 9, 29, 15, 46, 19, 189000),)",2a3c600a
408400460,-778714480,3147,0:33:33.300000,"(datetime.datetime(2026, 9, 29, 15, 46, 19, 251000),)",2a3c600d
408404394,-778707598,3188,0:33:33.320000,"(datetime.datetime(2026, 9, 29, 15, 46, 19, 279000),)",2a3c600a
408400590,-778714256,3147,0:33:33.380000,"(datetime.datetime(2026, 9, 29, 15, 46, 19, 333000),)",2a3c600d
408404520,-778707384,3189,0:33:33.400000,"(datetime.datetime(2026, 9, 29, 15, 46, 19, 357000),)",2a3c600a
408400722,-778714030,3147,0:33:33.460000,"(datetime.datetime(2026, 9, 29, 15, 46, 19, 417000),)",2a3c600d
408404646,-778707174,3189,0:33:33.480000,"(datetime.datetime(2026, 9, 29, 15, 46, 19, 440000),)",2a3c600a
408400852,-778713800,3146,0:33:33.550000,"(datetime.datetime(2026, 9, 29, 15, 46, 19, 505000),)",2a3c600d
408404776,-778706956,3190,0:33:33.570000,"(datetime.datetime(2026, 9, 29, 15, 46, 19, 529000),)",2a3c600a
408400982,-778713577,3145,0:33:33.630000,"(datetime.datetime(2026, 9, 29, 15, 46, 19, 590000),)",2a3c600d
408404901,-778706746,3190,0:33:33.700000,"(datetime.datetime(2026, 9, 29, 15, 46, 19, 652000),)",2a3c600a
408401112,-778713349,3145,0:33:33.720000,"(datetime.datetime(2026, 9, 29, 15, 46, 19, 674000),)",2a3c600d
408405026,-778706532,3191,0:33:33.740000,"(datetime.datetime(2026, 9, 29, 15, 46, 19, 698000),)",2a3c600a
408401243,-778713124,3145,0:33:33.800000,"(datetime.datetime(2026, 9, 29, 15, 46, 19, 756000),)",2a3c600d
408405151,-778706323,3190,0:33:33.870000,"(datetime.datetime(2026, 9, 29, 15, 46, 19, 821000),)",2a3c600a
408401374,-778712902,3145,0:33:33.910000,"(datetime.datetime(2026, 9, 29, 15, 46, 19, 870000),)",2a3c600d
408405274,-778706112,3190,0:33:33.940000,"(datetime.datetime(2026, 9, 29, 15, 46, 19, 893000),)",2a3c600a
408401507,-778712677,3144,0:33:34,"(datetime.datetime(2026, 9, 29, 15, 46, 19, 953000),)",2a3c600d
408405397,-778705901,3191,0:33:34.020000,"(datetime.datetime(2026, 9, 29, 15, 46, 19, 975000),)",2a3c600a
408401637,-778712453,3144,0:33:34.080000,"(datetime.datetime(2026, 9, 29, 15, 46, 20, 39000),)",2a3c600d
408405523,-778705692,3191,0:33:34.110000,"(datetime.datetime(2026, 9, 29, 15, 46, 20, 62000),)",2a3c600a
408401767,-778712229,3143,0:33:34.160000,"(datetime.datetime(2026, 9, 29, 15, 46, 20, 120000),)",2a3c600d
408405646,-778705482,3191,0:33:34.190000,"(datetime.datetime(2026, 9, 29, 15, 46, 20, 142000),)",2a3c600a
408401894,-778712005,3143,0:33:34.250000,"(datetime.datetime(2026, 9, 29, 15, 46, 20, 205000),)",2a3c600d
408405769,-778705272,3192,0:33:34.270000,"(datetime.datetime(2026, 9, 29, 15, 46, 20, 228000),)",2a3c600a
408402029,-778711780,3143,0:33:34.330000,"(datetime.datetime(2026, 9, 29, 15, 46, 20, 289000),)",2a3c600d
408405892,-778705062,3192,0:33:34.360000,"(datetime.datetime(2026, 9, 29, 15, 46, 20, 311000),)",2a3c600a
408402155,-778711558,3143,0:33:34.420000,"(datetime.datetime(2026, 9, 29, 15, 46, 20, 376000),)",2a3c600d
408406017,-778704852,3191,0:33:34.440000,"(datetime.datetime(2026, 9, 29, 15, 46, 20, 398000),)",2a3c600a
408402287,-778711332,3143,0:33:34.500000,"(datetime.datetime(2026, 9, 29, 15, 46, 20, 456000),)",2a3c600d
408406137,-778704646,3191,0:33:34.520000,"(datetime.datetime(2026, 9, 29, 15, 46, 20, 479000),)",2a3c600a
408402416,-778711110,3143,0:33:34.590000,"(datetime.datetime(2026, 9, 29, 15, 46, 20, 545000),)",2a3c600d
408406261,-778704435,3191,0:33:34.610000,"(datetime.datetime(2026, 9, 29, 15, 46, 20, 567000),)",2a3c600a
408402545,-778710884,3143,0:33:34.690000,"(datetime.datetime(2026, 9, 29, 15, 46, 20, 650000),)",2a3c600d
408406384,-778704225,3191,0:33:34.750000,"(datetime.datetime(2026, 9, 29, 15, 46, 20, 704000),)",2a3c600a
408402680,-778710665,3143,0:33:34.830000,"(datetime.datetime(2026, 9, 29, 15, 46, 20, 783000),)",2a3c600d
408406384,-778704225,3191,0:33:34.850000,"(datetime.datetime(2026, 9, 29, 15, 46, 20, 808000),)",2a3c600a
408402806,-778710436,3144,0:33:34.890000,"(datetime.datetime(2026, 9, 29, 15, 46, 20, 846000),)",2a3c600d
408406504,-778704017,3192,0:33:34.910000,"(datetime.datetime(2026, 9, 29, 15, 46, 20, 869000),)",2a3c600a
408402940,-778710215,3144,0:33:34.980000,"(datetime.datetime(2026, 9, 29, 15, 46, 20, 931000),)",2a3c600d
408406624,-778703808,3192,0:33:35,"(datetime.datetime(2026, 9, 29, 15, 46, 20, 953000),)",2a3c600a
408403068,-778709989,3145,0:33:35.070000,"(datetime.datetime(2026, 9, 29, 15, 46, 21, 21000),)",2a3c600d
408406745,-778703600,3193,0:33:35.090000,"(datetime.datetime(2026, 9, 29, 15, 46, 21, 45000),)",2a3c600a
408403198,-778709769,3145,0:33:35.160000,"(datetime.datetime(2026, 9, 29, 15, 46, 21, 113000),)",2a3c600d
408406867,-778703389,3194,0:33:35.210000,"(datetime.datetime(2026, 9, 29, 15, 46, 21, 164000),)",2a3c600a
408403331,-778709543,3146,0:33:35.230000,"(datetime.datetime(2026, 9, 29, 15, 46, 21, 187000),)",2a3c600d
408406989,-778703181,3194,0:33:35.290000,"(datetime.datetime(2026, 9, 29, 15, 46, 21, 247000),)",2a3c600a
408403463,-778709320,3146,0:33:35.320000,"(datetime.datetime(2026, 9, 29, 15, 46, 21, 271000),)",2a3c600d
408407110,-778702974,3194,0:33:35.380000,"(datetime.datetime(2026, 9, 29, 15, 46, 21, 333000),)",2a3c600a
408403592,-778709091,3146,0:33:35.450000,"(datetime.datetime(2026, 9, 29, 15, 46, 21, 408000),)",2a3c600d
408403725,-778708872,3146,0:33:35.490000,"(datetime.datetime(2026, 9, 29, 15, 46, 21, 442000),)",2a3c600d
408407229,-778702761,3194,0:33:35.520000,"(datetime.datetime(2026, 9, 29, 15, 46, 21, 477000),)",2a3c600a
408403855,-778708646,3146,0:33:35.540000,"(datetime.datetime(2026, 9, 29, 15, 46, 21, 500000),)",2a3c600d
408407351,-778702554,3195,0:33:35.610000,"(datetime.datetime(2026, 9, 29, 15, 46, 21, 567000),)",2a3c600a
408403986,-778708424,3146,0:33:35.690000,"(datetime.datetime(2026, 9, 29, 15, 46, 21, 650000),)",2a3c600d
408407471,-778702347,3195,0:33:35.740000,"(datetime.datetime(2026, 9, 29, 15, 46, 21, 696000),)",2a3c600a
408404113,-778708200,3147,0:33:35.760000,"(datetime.datetime(2026, 9, 29, 15, 46, 21, 718000),)",2a3c600d
408407590,-778702141,3197,0:33:35.840000,"(datetime.datetime(2026, 9, 29, 15, 46, 21, 791000),)",2a3c600a
408404249,-778707976,3147,0:33:35.890000,"(datetime.datetime(2026, 9, 29, 15, 46, 21, 849000),)",2a3c600d
408407709,-778701935,3197,0:33:35.960000,"(datetime.datetime(2026, 9, 29, 15, 46, 21, 914000),)",2a3c600a
408404378,-778707750,3147,0:33:35.980000,"(datetime.datetime(2026, 9, 29, 15, 46, 21, 939000),)",2a3c600d
408407829,-778701726,3198,0:33:36.030000,"(datetime.datetime(2026, 9, 29, 15, 46, 21, 985000),)",2a3c600a
408404509,-778707526,3148,0:33:36.060000,"(datetime.datetime(2026, 9, 29, 15, 46, 22, 11000),)",2a3c600d
408407944,-778701522,3199,0:33:36.110000,"(datetime.datetime(2026, 9, 29, 15, 46, 22, 69000),)",2a3c600a
408404642,-778707300,3148,0:33:36.150000,"(datetime.datetime(2026, 9, 29, 15, 46, 22, 101000),)",2a3c600d
408408064,-778701316,3200,0:33:36.190000,"(datetime.datetime(2026, 9, 29, 15, 46, 22, 148000),)",2a3c600a
408404774,-778707078,3149,0:33:36.220000,"(datetime.datetime(2026, 9, 29, 15, 46, 22, 172000),)",2a3c600d
408408180,-778701111,3201,0:33:36.270000,"(datetime.datetime(2026, 9, 29, 15, 46, 22, 230000),)",2a3c600a
408404904,-778706852,3149,0:33:36.300000,"(datetime.datetime(2026, 9, 29, 15, 46, 22, 252000),)",2a3c600d
408408297,-778700903,3202,0:33:36.360000,"(datetime.datetime(2026, 9, 29, 15, 46, 22, 312000),)",2a3c600a
408405036,-778706630,3149,0:33:36.380000,"(datetime.datetime(2026, 9, 29, 15, 46, 22, 336000),)",2a3c600d
408408419,-778700703,3203,0:33:36.440000,"(datetime.datetime(2026, 9, 29, 15, 46, 22, 396000),)",2a3c600a
408405167,-778706400,3149,0:33:36.460000,"(datetime.datetime(2026, 9, 29, 15, 46, 22, 417000),)",2a3c600d
408408536,-778700503,3204,0:33:36.520000,"(datetime.datetime(2026, 9, 29, 15, 46, 22, 479000),)",2a3c600a
408405299,-778706174,3150,0:33:36.550000,"(datetime.datetime(2026, 9, 29, 15, 46, 22, 501000),)",2a3c600d
408408654,-778700302,3205,0:33:36.610000,"(datetime.datetime(2026, 9, 29, 15, 46, 22, 563000),)",2a3c600a
408405430,-778705950,3149,0:33:36.630000,"(datetime.datetime(2026, 9, 29, 15, 46, 22, 586000),)",2a3c600d
408408776,-778700099,3206,0:33:36.690000,"(datetime.datetime(2026, 9, 29, 15, 46, 22, 643000),)",2a3c600a
408405559,-778705724,3150,0:33:36.710000,"(datetime.datetime(2026, 9, 29, 15, 46, 22, 666000),)",2a3c600d
408408891,-778699902,3207,0:33:36.770000,"(datetime.datetime(2026, 9, 29, 15, 46, 22, 725000),)",2a3c600a
408405694,-778705501,3150,0:33:36.790000,"(datetime.datetime(2026, 9, 29, 15, 46, 22, 748000),)",2a3c600d
408409007,-778699699,3208,0:33:36.860000,"(datetime.datetime(2026, 9, 29, 15, 46, 22, 819000),)",2a3c600a
408405823,-778705276,3151,0:33:36.890000,"(datetime.datetime(2026, 9, 29, 15, 46, 22, 842000),)",2a3c600d
408409124,-778699500,3209,0:33:36.950000,"(datetime.datetime(2026, 9, 29, 15, 46, 22, 904000),)",2a3c600a
408405954,-778705052,3151,0:33:36.970000,"(datetime.datetime(2026, 9, 29, 15, 46, 22, 927000),)",2a3c600d
408409240,-778699301,3210,0:33:37.040000,"(datetime.datetime(2026, 9, 29, 15, 46, 22, 991000),)",2a3c600a
408406086,-778704824,3151,0:33:37.060000,"(datetime.datetime(2026, 9, 29, 15, 46, 23, 14000),)",2a3c600d
408409356,-778699105,3211,0:33:37.120000,"(datetime.datetime(2026, 9, 29, 15, 46, 23, 75000),)",2a3c600a
408406216,-778704600,3152,0:33:37.140000,"(datetime.datetime(2026, 9, 29, 15, 46, 23, 97000),)",2a3c600d
408409472,-778698907,3212,0:33:37.210000,"(datetime.datetime(2026, 9, 29, 15, 46, 23, 165000),)",2a3c600a
408406346,-778704375,3152,0:33:37.260000,"(datetime.datetime(2026, 9, 29, 15, 46, 23, 213000),)",2a3c600d
408409588,-778698705,3213,0:33:37.280000,"(datetime.datetime(2026, 9, 29, 15, 46, 23, 238000),)",2a3c600a
408406477,-778704150,3152,0:33:37.340000,"(datetime.datetime(2026, 9, 29, 15, 46, 23, 299000),)",2a3c600d
408409704,-778698509,3215,0:33:37.370000,"(datetime.datetime(2026, 9, 29, 15, 46, 23, 321000),)",2a3c600a
408406608,-778703931,3153,0:33:37.430000,"(datetime.datetime(2026, 9, 29, 15, 46, 23, 385000),)",2a3c600d
408409820,-778698314,3216,0:33:37.450000,"(datetime.datetime(2026, 9, 29, 15, 46, 23, 408000),)",2a3c600a
408406741,-778703701,3153,0:33:37.520000,"(datetime.datetime(2026, 9, 29, 15, 46, 23, 474000),)",2a3c600d
408409936,-778698119,3217,0:33:37.570000,"(datetime.datetime(2026, 9, 29, 15, 46, 23, 525000),)",2a3c600a
408406869,-778703479,3154,0:33:37.590000,"(datetime.datetime(2026, 9, 29, 15, 46, 23, 550000),)",2a3c600d
408410051,-778697927,3218,0:33:37.650000,"(datetime.datetime(2026, 9, 29, 15, 46, 23, 607000),)",2a3c600a
408407003,-778703255,3155,0:33:37.680000,"(datetime.datetime(2026, 9, 29, 15, 46, 23, 638000),)",2a3c600d
408410167,-778697733,3219,0:33:37.740000,"(datetime.datetime(2026, 9, 29, 15, 46, 23, 691000),)",2a3c600a
408407132,-778703028,3155,0:33:37.760000,"(datetime.datetime(2026, 9, 29, 15, 46, 23, 713000),)",2a3c600d
408410283,-778697538,3220,0:33:37.820000,"(datetime.datetime(2026, 9, 29, 15, 46, 23, 776000),)",2a3c600a
408407262,-778702806,3155,0:33:37.840000,"(datetime.datetime(2026, 9, 29, 15, 46, 23, 799000),)",2a3c600d
408410398,-778697349,3220,0:33:37.920000,"(datetime.datetime(2026, 9, 29, 15, 46, 23, 874000),)",2a3c600a
408407393,-778702587,3156,0:33:37.940000,"(datetime.datetime(2026, 9, 29, 15, 46, 23, 897000),)",2a3c600d
408410514,-778697157,3221,0:33:38,"(datetime.datetime(2026, 9, 29, 15, 46, 23, 955000),)",2a3c600a
408407526,-778702361,3157,0:33:38.020000,"(datetime.datetime(2026, 9, 29, 15, 46, 23, 977000),)",2a3c600d
408410626,-778696963,3221,0:33:38.080000,"(datetime.datetime(2026, 9, 29, 15, 46, 24, 37000),)",2a3c600a
408407656,-778702139,3157,0:33:38.110000,"(datetime.datetime(2026, 9, 29, 15, 46, 24, 62000),)",2a3c600d
408410743,-778696768,3222,0:33:38.170000,"(datetime.datetime(2026, 9, 29, 15, 46, 24, 121000),)",2a3c600a
408407787,-778701920,3158,0:33:38.190000,"(datetime.datetime(2026, 9, 29, 15, 46, 24, 143000),)",2a3c600d
408410860,-778696583,3222,0:33:38.250000,"(datetime.datetime(2026, 9, 29, 15, 46, 24, 204000),)",2a3c600a
408407915,-778701701,3159,0:33:38.270000,"(datetime.datetime(2026, 9, 29, 15, 46, 24, 227000),)",2a3c600d
408410972,-778696388,3223,0:33:38.330000,"(datetime.datetime(2026, 9, 29, 15, 46, 24, 287000),)",2a3c600a
408408042,-778701478,3160,0:33:38.350000,"(datetime.datetime(2026, 9, 29, 15, 46, 24, 310000),)",2a3c600d
408411083,-778696201,3223,0:33:38.420000,"(datetime.datetime(2026, 9, 29, 15, 46, 24, 375000),)",2a3c600a
408408174,-778701260,3161,0:33:38.440000,"(datetime.datetime(2026, 9, 29, 15, 46, 24, 397000),)",2a3c600d
408411197,-778696009,3223,0:33:38.500000,"(datetime.datetime(2026, 9, 29, 15, 46, 24, 459000),)",2a3c600a
408408301,-778701040,3162,0:33:38.530000,"(datetime.datetime(2026, 9, 29, 15, 46, 24, 481000),)",2a3c600d
408411310,-778695818,3224,0:33:38.590000,"(datetime.datetime(2026, 9, 29, 15, 46, 24, 542000),)",2a3c600a
408408430,-778700823,3164,0:33:38.610000,"(datetime.datetime(2026, 9, 29, 15, 46, 24, 564000),)",2a3c600d
408411423,-778695630,3224,0:33:38.680000,"(datetime.datetime(2026, 9, 29, 15, 46, 24, 635000),)",2a3c600a
408408560,-778700604,3165,0:33:38.730000,"(datetime.datetime(2026, 9, 29, 15, 46, 24, 686000),)",2a3c600d
408411536,-778695439,3225,0:33:38.750000,"(datetime.datetime(2026, 9, 29, 15, 46, 24, 709000),)",2a3c600a
408408688,-778700389,3166,0:33:38.820000,"(datetime.datetime(2026, 9, 29, 15, 46, 24, 778000),)",2a3c600d
408411646,-778695249,3226,0:33:38.840000,"(datetime.datetime(2026, 9, 29, 15, 46, 24, 800000),)",2a3c600a
408408816,-778700170,3167,0:33:38.910000,"(datetime.datetime(2026, 9, 29, 15, 46, 24, 865000),)",2a3c600d
408411761,-778695061,3226,0:33:38.930000,"(datetime.datetime(2026, 9, 29, 15, 46, 24, 889000),)",2a3c600a
408408943,-778699956,3169,0:33:38.990000,"(datetime.datetime(2026, 9, 29, 15, 46, 24, 950000),)",2a3c600d
408411873,-778694861,3227,0:33:39.020000,"(datetime.datetime(2026, 9, 29, 15, 46, 24, 979000),)",2a3c600a
408409069,-778699740,3170,0:33:39.080000,"(datetime.datetime(2026, 9, 29, 15, 46, 25, 34000),)",2a3c600d
408411983,-778694672,3227,0:33:39.100000,"(datetime.datetime(2026, 9, 29, 15, 46, 25, 59000),)",2a3c600a
408409196,-778699525,3170,0:33:39.160000,"(datetime.datetime(2026, 9, 29, 15, 46, 25, 119000),)",2a3c600d
408412095,-778694484,3227,0:33:39.190000,"(datetime.datetime(2026, 9, 29, 15, 46, 25, 145000),)",2a3c600a
408409320,-778699312,3171,0:33:39.250000,"(datetime.datetime(2026, 9, 29, 15, 46, 25, 204000),)",2a3c600d
408412204,-778694293,3227,0:33:39.270000,"(datetime.datetime(2026, 9, 29, 15, 46, 25, 226000),)",2a3c600a
408409447,-778699099,3173,0:33:39.330000,"(datetime.datetime(2026, 9, 29, 15, 46, 25, 288000),)",2a3c600d
408412319,-778694109,3228,0:33:39.360000,"(datetime.datetime(2026, 9, 29, 15, 46, 25, 311000),)",2a3c600a
408412427,-778693918,3228,0:33:39.420000,"(datetime.datetime(2026, 9, 29, 15, 46, 25, 374000),)",2a3c600a
408409573,-778698887,3174,0:33:39.440000,"(datetime.datetime(2026, 9, 29, 15, 46, 25, 396000),)",2a3c600d
408412533,-778693728,3228,0:33:39.500000,"(datetime.datetime(2026, 9, 29, 15, 46, 25, 459000),)",2a3c600a
408409697,-778698674,3175,0:33:39.530000,"(datetime.datetime(2026, 9, 29, 15, 46, 25, 480000),)",2a3c600d
408412644,-778693540,3229,0:33:39.590000,"(datetime.datetime(2026, 9, 29, 15, 46, 25, 546000),)",2a3c600a
408409823,-778698467,3177,0:33:39.610000,"(datetime.datetime(2026, 9, 29, 15, 46, 25, 568000),)",2a3c600d
408412753,-778693350,3229,0:33:39.680000,"(datetime.datetime(2026, 9, 29, 15, 46, 25, 635000),)",2a3c600a
408409946,-778698256,3177,0:33:39.730000,"(datetime.datetime(2026, 9, 29, 15, 46, 25, 684000),)",2a3c600d
408412864,-778693162,3229,0:33:39.750000,"(datetime.datetime(2026, 9, 29, 15, 46, 25, 707000),)",2a3c600a
408410069,-778698041,3178,0:33:39.820000,"(datetime.datetime(2026, 9, 29, 15, 46, 25, 772000),)",2a3c600d
408412977,-778692968,3230,0:33:39.900000,"(datetime.datetime(2026, 9, 29, 15, 46, 25, 853000),)",2a3c600a
408410194,-778697836,3179,0:33:39.930000,"(datetime.datetime(2026, 9, 29, 15, 46, 25, 887000),)",2a3c600d
408413084,-778692780,3230,0:33:39.960000,"(datetime.datetime(2026, 9, 29, 15, 46, 25, 910000),)",2a3c600a
408410319,-778697627,3180,0:33:40.020000,"(datetime.datetime(2026, 9, 29, 15, 46, 25, 971000),)",2a3c600d
408413196,-778692596,3230,0:33:40.040000,"(datetime.datetime(2026, 9, 29, 15, 46, 25, 994000),)",2a3c600a
408410439,-778697416,3180,0:33:40.100000,"(datetime.datetime(2026, 9, 29, 15, 46, 26, 58000),)",2a3c600d
408413300,-778692404,3230,0:33:40.130000,"(datetime.datetime(2026, 9, 29, 15, 46, 26, 88000),)",2a3c600a
408410561,-778697211,3181,0:33:40.180000,"(datetime.datetime(2026, 9, 29, 15, 46, 26, 139000),)",2a3c600d
408413408,-778692216,3230,0:33:40.210000,"(datetime.datetime(2026, 9, 29, 15, 46, 26, 161000),)",2a3c600a
408410683,-778697004,3182,0:33:40.270000,"(datetime.datetime(2026, 9, 29, 15, 46, 26, 222000),)",2a3c600d
408413518,-778692029,3231,0:33:40.290000,"(datetime.datetime(2026, 9, 29, 15, 46, 26, 245000),)",2a3c600a
408410806,-778696800,3182,0:33:40.350000,"(datetime.datetime(2026, 9, 29, 15, 46, 26, 305000),)",2a3c600d
408413624,-778691843,3231,0:33:40.370000,"(datetime.datetime(2026, 9, 29, 15, 46, 26, 328000),)",2a3c600a
408410926,-778696588,3182,0:33:40.430000,"(datetime.datetime(2026, 9, 29, 15, 46, 26, 390000),)",2a3c600d
408413733,-778691655,3231,0:33:40.460000,"(datetime.datetime(2026, 9, 29, 15, 46, 26, 412000),)",2a3c600a
408411044,-778696383,3182,0:33:40.520000,"(datetime.datetime(2026, 9, 29, 15, 46, 26, 473000),)",2a3c600d
408413842,-778691468,3231,0:33:40.540000,"(datetime.datetime(2026, 9, 29, 15, 46, 26, 495000),)",2a3c600a
408411165,-778696183,3183,0:33:40.600000,"(datetime.datetime(2026, 9, 29, 15, 46, 26, 558000),)",2a3c600d
408413949,-778691281,3231,0:33:40.630000,"(datetime.datetime(2026, 9, 29, 15, 46, 26, 582000),)",2a3c600a
408411281,-778695968,3184,0:33:40.690000,"(datetime.datetime(2026, 9, 29, 15, 46, 26, 641000),)",2a3c600d
408414054,-778691095,3231,0:33:40.710000,"(datetime.datetime(2026, 9, 29, 15, 46, 26, 666000),)",2a3c600a
408411403,-778695767,3184,0:33:40.770000,"(datetime.datetime(2026, 9, 29, 15, 46, 26, 726000),)",2a3c600d
408414162,-778690911,3231,0:33:40.800000,"(datetime.datetime(2026, 9, 29, 15, 46, 26, 752000),)",2a3c600a
408411521,-778695567,3185,0:33:40.850000,"(datetime.datetime(2026, 9, 29, 15, 46, 26, 810000),)",2a3c600d
408414269,-778690726,3231,0:33:40.880000,"(datetime.datetime(2026, 9, 29, 15, 46, 26, 833000),)",2a3c600a
408411638,-778695362,3185,0:33:40.940000,"(datetime.datetime(2026, 9, 29, 15, 46, 26, 892000),)",2a3c600d
408414377,-778690539,3231,0:33:40.960000,"(datetime.datetime(2026, 9, 29, 15, 46, 26, 914000),)",2a3c600a
408411758,-778695162,3185,0:33:41.020000,"(datetime.datetime(2026, 9, 29, 15, 46, 26, 975000),)",2a3c600d
408414485,-778690358,3231,0:33:41.040000,"(datetime.datetime(2026, 9, 29, 15, 46, 26, 997000),)",2a3c600a
408411878,-778694960,3186,0:33:41.100000,"(datetime.datetime(2026, 9, 29, 15, 46, 27, 59000),)",2a3c600d
408414596,-778690172,3231,0:33:41.130000,"(datetime.datetime(2026, 9, 29, 15, 46, 27, 83000),)",2a3c600a
408411994,-778694760,3186,0:33:41.190000,"(datetime.datetime(2026, 9, 29, 15, 46, 27, 144000),)",2a3c600d
408414704,-778689986,3231,0:33:41.210000,"(datetime.datetime(2026, 9, 29, 15, 46, 27, 166000),)",2a3c600a
408412114,-778694561,3187,0:33:41.270000,"(datetime.datetime(2026, 9, 29, 15, 46, 27, 226000),)",2a3c600d
408414811,-778689802,3231,0:33:41.290000,"(datetime.datetime(2026, 9, 29, 15, 46, 27, 249000),)",2a3c600a
408412233,-778694366,3187,0:33:41.360000,"(datetime.datetime(2026, 9, 29, 15, 46, 27, 311000),)",2a3c600d
408414920,-778689617,3231,0:33:41.380000,"(datetime.datetime(2026, 9, 29, 15, 46, 27, 333000),)",2a3c600a
408412345,-778694159,3187,0:33:41.440000,"(datetime.datetime(2026, 9, 29, 15, 46, 27, 393000),)",2a3c600d
408415031,-778689431,3231,0:33:41.460000,"(datetime.datetime(2026, 9, 29, 15, 46, 27, 417000),)",2a3c600a
408412345,-778694159,3187,0:33:41.530000,"(datetime.datetime(2026, 9, 29, 15, 46, 27, 482000),)",2a3c600d
408415139,-778689240,3231,0:33:41.550000,"(datetime.datetime(2026, 9, 29, 15, 46, 27, 507000),)",2a3c600a
408412466,-778693960,3188,0:33:41.610000,"(datetime.datetime(2026, 9, 29, 15, 46, 27, 567000),)",2a3c600d
408415247,-778689055,3231,0:33:41.630000,"(datetime.datetime(2026, 9, 29, 15, 46, 27, 590000),)",2a3c600a
408412580,-778693763,3188,0:33:41.700000,"(datetime.datetime(2026, 9, 29, 15, 46, 27, 652000),)",2a3c600d
408415355,-778688872,3230,0:33:41.720000,"(datetime.datetime(2026, 9, 29, 15, 46, 27, 675000),)",2a3c600a
408412810,-778693364,3188,0:33:41.780000,"(datetime.datetime(2026, 9, 29, 15, 46, 27, 734000),)",2a3c600d
408415465,-778688688,3229,0:33:41.800000,"(datetime.datetime(2026, 9, 29, 15, 46, 27, 759000),)",2a3c600a
408412810,-778693364,3188,0:33:41.870000,"(datetime.datetime(2026, 9, 29, 15, 46, 27, 826000),)",2a3c600d
408415574,-778688502,3229,0:33:41.930000,"(datetime.datetime(2026, 9, 29, 15, 46, 27, 880000),)",2a3c600a
408412927,-778693169,3189,0:33:41.950000,"(datetime.datetime(2026, 9, 29, 15, 46, 27, 904000),)",2a3c600d
408415683,-778688318,3228,0:33:42.010000,"(datetime.datetime(2026, 9, 29, 15, 46, 27, 964000),)",2a3c600a
408413041,-778692971,3189,0:33:42.030000,"(datetime.datetime(2026, 9, 29, 15, 46, 27, 989000),)",2a3c600d
408415791,-778688134,3228,0:33:42.090000,"(datetime.datetime(2026, 9, 29, 15, 46, 28, 49000),)",2a3c600a
408413157,-778692775,3189,0:33:42.120000,"(datetime.datetime(2026, 9, 29, 15, 46, 28, 72000),)",2a3c600d
408415900,-778687951,3227,0:33:42.180000,"(datetime.datetime(2026, 9, 29, 15, 46, 28, 140000),)",2a3c600a
408413271,-778692576,3190,0:33:42.240000,"(datetime.datetime(2026, 9, 29, 15, 46, 28, 192000),)",2a3c600d
408416009,-778687762,3227,0:33:42.260000,"(datetime.datetime(2026, 9, 29, 15, 46, 28, 214000),)",2a3c600a
408413385,-778692379,3190,0:33:42.320000,"(datetime.datetime(2026, 9, 29, 15, 46, 28, 277000),)",2a3c600d
408416116,-778687577,3226,0:33:42.340000,"(datetime.datetime(2026, 9, 29, 15, 46, 28, 300000),)",2a3c600a
408413498,-778692185,3189,0:33:42.410000,"(datetime.datetime(2026, 9, 29, 15, 46, 28, 365000),)",2a3c600d
408416226,-778687386,3227,0:33:42.430000,"(datetime.datetime(2026, 9, 29, 15, 46, 28, 390000),)",2a3c600a
408413616,-778691989,3190,0:33:42.500000,"(datetime.datetime(2026, 9, 29, 15, 46, 28, 451000),)",2a3c600d
408416337,-778687198,3226,0:33:42.520000,"(datetime.datetime(2026, 9, 29, 15, 46, 28, 476000),)",2a3c600a
408413728,-778691795,3191,0:33:42.580000,"(datetime.datetime(2026, 9, 29, 15, 46, 28, 534000),)",2a3c600d
408416446,-778687010,3225,0:33:42.600000,"(datetime.datetime(2026, 9, 29, 15, 46, 28, 557000),)",2a3c600a
408413839,-778691600,3191,0:33:42.660000,"(datetime.datetime(2026, 9, 29, 15, 46, 28, 617000),)",2a3c600d
408416556,-778686825,3224,0:33:42.690000,"(datetime.datetime(2026, 9, 29, 15, 46, 28, 645000),)",2a3c600a
408413957,-778691409,3190,0:33:42.750000,"(datetime.datetime(2026, 9, 29, 15, 46, 28, 703000),)",2a3c600d
408416666,-778686638,3223,0:33:42.770000,"(datetime.datetime(2026, 9, 29, 15, 46, 28, 726000),)",2a3c600a
408414066,-778691213,3190,0:33:42.850000,"(datetime.datetime(2026, 9, 29, 15, 46, 28, 801000),)",2a3c600d
408416776,-778686448,3222,0:33:42.910000,"(datetime.datetime(2026, 9, 29, 15, 46, 28, 864000),)",2a3c600a
408414182,-778691021,3190,0:33:42.960000,"(datetime.datetime(2026, 9, 29, 15, 46, 28, 916000),)",2a3c600d
408416885,-778686259,3222,0:33:43.110000,"(datetime.datetime(2026, 9, 29, 15, 46, 29, 69000),)",2a3c600a
408414294,-778690830,3190,0:33:43.210000,"(datetime.datetime(2026, 9, 29, 15, 46, 29, 165000),)",2a3c600d
408416995,-778686070,3221,0:33:43.270000,"(datetime.datetime(2026, 9, 29, 15, 46, 29, 228000),)",2a3c600a
408414407,-778690638,3190,0:33:43.450000,"(datetime.datetime(2026, 9, 29, 15, 46, 29, 408000),)",2a3c600d
408417103,-778685883,3220,0:33:43.660000,"(datetime.datetime(2026, 9, 29, 15, 46, 29, 614000),)",2a3c600a
408414518,-778690443,3190,0:33:43.860000,"(datetime.datetime(2026, 9, 29, 15, 46, 29, 817000),)",2a3c600d
408417213,-778685697,3219,0:33:43.950000,"(datetime.datetime(2026, 9, 29, 15, 46, 29, 904000),)",2a3c600a
408414632,-778690253,3190,0:33:44.080000,"(datetime.datetime(2026, 9, 29, 15, 46, 30, 40000),)",2a3c600d
408417321,-778685507,3219,0:33:44.240000,"(datetime.datetime(2026, 9, 29, 15, 46, 30, 200000),)",2a3c600a
408414738,-778690057,3190,0:33:44.290000,"(datetime.datetime(2026, 9, 29, 15, 46, 30, 245000),)",2a3c600d
408417431,-778685315,3218,0:33:44.410000,"(datetime.datetime(2026, 9, 29, 15, 46, 30, 362000),)",2a3c600a
408414850,-778689867,3190,0:33:44.510000,"(datetime.datetime(2026, 9, 29, 15, 46, 30, 470000),)",2a3c600d
408417539,-778685126,3217,0:33:44.600000,"(datetime.datetime(2026, 9, 29, 15, 46, 30, 551000),)",2a3c600a
408414963,-778689676,3190,0:33:44.800000,"(datetime.datetime(2026, 9, 29, 15, 46, 30, 753000),)",2a3c600d
408417649,-778684935,3216,0:33:44.900000,"(datetime.datetime(2026, 9, 29, 15, 46, 30, 851000),)",2a3c600a
408415071,-778689486,3190,0:33:45.020000,"(datetime.datetime(2026, 9, 29, 15, 46, 30, 977000),)",2a3c600d
408417757,-778684743,3215,0:33:45.100000,"(datetime.datetime(2026, 9, 29, 15, 46, 31, 52000),)",2a3c600a
408415184,-778689294,3189,0:33:45.220000,"(datetime.datetime(2026, 9, 29, 15, 46, 31, 180000),)",2a3c600d
408417869,-778684551,3214,0:33:45.320000,"(datetime.datetime(2026, 9, 29, 15, 46, 31, 277000),)",2a3c600a
408415296,-778689105,3189,0:33:45.410000,"(datetime.datetime(2026, 9, 29, 15, 46, 31, 368000),)",2a3c600d
408417980,-778684357,3212,0:33:45.500000,"(datetime.datetime(2026, 9, 29, 15, 46, 31, 453000),)",2a3c600a
408415406,-778688913,3189,0:33:45.670000,"(datetime.datetime(2026, 9, 29, 15, 46, 31, 624000),)",2a3c600d
408418089,-778684168,3211,0:33:45.820000,"(datetime.datetime(2026, 9, 29, 15, 46, 31, 775000),)",2a3c600a
408415516,-778688725,3189,0:33:45.920000,"(datetime.datetime(2026, 9, 29, 15, 46, 31, 876000),)",2a3c600d
408418204,-778683976,3210,0:33:46.090000,"(datetime.datetime(2026, 9, 29, 15, 46, 32, 40000),)",2a3c600a
408415627,-778688534,3188,0:33:46.110000,"(datetime.datetime(2026, 9, 29, 15, 46, 32, 65000),)",2a3c600d
408418314,-778683781,3209,0:33:46.150000,"(datetime.datetime(2026, 9, 29, 15, 46, 32, 110000),)",2a3c600a
408415736,-778688341,3187,0:33:46.180000,"(datetime.datetime(2026, 9, 29, 15, 46, 32, 136000),)",2a3c600d
408418423,-778683587,3207,0:33:46.240000,"(datetime.datetime(2026, 9, 29, 15, 46, 32, 193000),)",2a3c600a
408415847,-778688148,3187,0:33:46.260000,"(datetime.datetime(2026, 9, 29, 15, 46, 32, 217000),)",2a3c600d
408418533,-778683394,3206,0:33:46.330000,"(datetime.datetime(2026, 9, 29, 15, 46, 32, 281000),)",2a3c600a
408415956,-778687956,3186,0:33:46.350000,"(datetime.datetime(2026, 9, 29, 15, 46, 32, 304000),)",2a3c600d
408418646,-778683200,3206,0:33:46.420000,"(datetime.datetime(2026, 9, 29, 15, 46, 32, 379000),)",2a3c600a
408416067,-778687765,3185,0:33:46.450000,"(datetime.datetime(2026, 9, 29, 15, 46, 32, 402000),)",2a3c600d
408418757,-778683006,3204,0:33:46.510000,"(datetime.datetime(2026, 9, 29, 15, 46, 32, 465000),)",2a3c600a
408416176,-778687576,3185,0:33:46.530000,"(datetime.datetime(2026, 9, 29, 15, 46, 32, 488000),)",2a3c600d
408418872,-778682811,3203,0:33:46.610000,"(datetime.datetime(2026, 9, 29, 15, 46, 32, 567000),)",2a3c600a
408416287,-778687384,3184,0:33:46.630000,"(datetime.datetime(2026, 9, 29, 15, 46, 32, 590000),)",2a3c600d
408418985,-778682617,3202,0:33:46.710000,"(datetime.datetime(2026, 9, 29, 15, 46, 32, 664000),)",2a3c600a
408416396,-778687195,3183,0:33:46.760000,"(datetime.datetime(2026, 9, 29, 15, 46, 32, 716000),)",2a3c600d
408419098,-778682422,3201,0:33:46.780000,"(datetime.datetime(2026, 9, 29, 15, 46, 32, 740000),)",2a3c600a
408416505,-778687002,3182,0:33:46.840000,"(datetime.datetime(2026, 9, 29, 15, 46, 32, 798000),)",2a3c600d
408419211,-778682226,3200,0:33:46.870000,"(datetime.datetime(2026, 9, 29, 15, 46, 32, 821000),)",2a3c600a
408416619,-778686814,3181,0:33:46.940000,"(datetime.datetime(2026, 9, 29, 15, 46, 32, 894000),)",2a3c600d
408419323,-778682030,3200,0:33:47,"(datetime.datetime(2026, 9, 29, 15, 46, 32, 960000),)",2a3c600a
408416727,-778686625,3181,0:33:47.050000,"(datetime.datetime(2026, 9, 29, 15, 46, 33, 10000),)",2a3c600d
408419438,-778681833,3199,0:33:47.080000,"(datetime.datetime(2026, 9, 29, 15, 46, 33, 34000),)",2a3c600a
408416835,-778686434,3179,0:33:47.140000,"(datetime.datetime(2026, 9, 29, 15, 46, 33, 94000),)",2a3c600d
408419548,-778681639,3197,0:33:47.160000,"(datetime.datetime(2026, 9, 29, 15, 46, 33, 118000),)",2a3c600a
408416950,-778686241,3179,0:33:47.240000,"(datetime.datetime(2026, 9, 29, 15, 46, 33, 194000),)",2a3c600d
408419662,-778681442,3196,0:33:47.290000,"(datetime.datetime(2026, 9, 29, 15, 46, 33, 249000),)",2a3c600a
408417061,-778686049,3178,0:33:47.340000,"(datetime.datetime(2026, 9, 29, 15, 46, 33, 300000),)",2a3c600d
408419774,-778681244,3195,0:33:47.370000,"(datetime.datetime(2026, 9, 29, 15, 46, 33, 323000),)",2a3c600a
408417172,-778685861,3177,0:33:47.430000,"(datetime.datetime(2026, 9, 29, 15, 46, 33, 389000),)",2a3c600d
408419889,-778681048,3195,0:33:47.460000,"(datetime.datetime(2026, 9, 29, 15, 46, 33, 412000),)",2a3c600a
408417280,-778685672,3176,0:33:47.520000,"(datetime.datetime(2026, 9, 29, 15, 46, 33, 472000),)",2a3c600d
408420006,-778680853,3194,0:33:47.540000,"(datetime.datetime(2026, 9, 29, 15, 46, 33, 495000),)",2a3c600a
408417391,-778685478,3176,0:33:47.610000,"(datetime.datetime(2026, 9, 29, 15, 46, 33, 567000),)",2a3c600d
408420122,-778680658,3193,0:33:47.640000,"(datetime.datetime(2026, 9, 29, 15, 46, 33, 591000),)",2a3c600a
408417501,-778685288,3175,0:33:47.710000,"(datetime.datetime(2026, 9, 29, 15, 46, 33, 661000),)",2a3c600d
408420235,-778680456,3193,0:33:47.730000,"(datetime.datetime(2026, 9, 29, 15, 46, 33, 684000),)",2a3c600a
408417614,-778685098,3174,0:33:47.790000,"(datetime.datetime(2026, 9, 29, 15, 46, 33, 747000),)",2a3c600d
408420352,-778680259,3192,0:33:47.820000,"(datetime.datetime(2026, 9, 29, 15, 46, 33, 771000),)",2a3c600a
408417721,-778684905,3173,0:33:47.890000,"(datetime.datetime(2026, 9, 29, 15, 46, 33, 842000),)",2a3c600d
408420465,-778680063,3192,0:33:47.940000,"(datetime.datetime(2026, 9, 29, 15, 46, 33, 900000),)",2a3c600a
408417830,-778684714,3172,0:33:47.970000,"(datetime.datetime(2026, 9, 29, 15, 46, 33, 924000),)",2a3c600d
408420581,-778679865,3192,0:33:48.030000,"(datetime.datetime(2026, 9, 29, 15, 46, 33, 985000),)",2a3c600a
408417943,-778684525,3171,0:33:48.090000,"(datetime.datetime(2026, 9, 29, 15, 46, 34, 46000),)",2a3c600d
408420695,-778679669,3191,0:33:48.120000,"(datetime.datetime(2026, 9, 29, 15, 46, 34, 71000),)",2a3c600a
408418055,-778684337,3170,0:33:48.170000,"(datetime.datetime(2026, 9, 29, 15, 46, 34, 128000),)",2a3c600d
408420810,-778679470,3190,0:33:48.230000,"(datetime.datetime(2026, 9, 29, 15, 46, 34, 190000),)",2a3c600a
408418163,-778684143,3168,0:33:48.260000,"(datetime.datetime(2026, 9, 29, 15, 46, 34, 212000),)",2a3c600d
408420926,-778679274,3190,0:33:48.320000,"(datetime.datetime(2026, 9, 29, 15, 46, 34, 272000),)",2a3c600a
408418275,-778683954,3166,0:33:48.370000,"(datetime.datetime(2026, 9, 29, 15, 46, 34, 325000),)",2a3c600d
408421042,-778679075,3190,0:33:48.390000,"(datetime.datetime(2026, 9, 29, 15, 46, 34, 349000),)",2a3c600a
408418385,-778683762,3165,0:33:48.470000,"(datetime.datetime(2026, 9, 29, 15, 46, 34, 424000),)",2a3c600d
408421159,-778678878,3190,0:33:48.520000,"(datetime.datetime(2026, 9, 29, 15, 46, 34, 474000),)",2a3c600a
408418495,-778683569,3164,0:33:48.540000,"(datetime.datetime(2026, 9, 29, 15, 46, 34, 498000),)",2a3c600d
408421273,-778678682,3190,0:33:48.610000,"(datetime.datetime(2026, 9, 29, 15, 46, 34, 560000),)",2a3c600a
408418606,-778683378,3163,0:33:48.630000,"(datetime.datetime(2026, 9, 29, 15, 46, 34, 584000),)",2a3c600d
408421392,-778678483,3189,0:33:48.710000,"(datetime.datetime(2026, 9, 29, 15, 46, 34, 661000),)",2a3c600a
408418718,-778683186,3162,0:33:48.770000,"(datetime.datetime(2026, 9, 29, 15, 46, 34, 721000),)",2a3c600d
408421507,-778678288,3189,0:33:48.820000,"(datetime.datetime(2026, 9, 29, 15, 46, 34, 777000),)",2a3c600a
408418832,-778682997,3160,0:33:48.890000,"(datetime.datetime(2026, 9, 29, 15, 46, 34, 845000),)",2a3c600d
408421625,-778678088,3189,0:33:48.910000,"(datetime.datetime(2026, 9, 29, 15, 46, 34, 869000),)",2a3c600a
408418942,-778682803,3159,0:33:48.980000,"(datetime.datetime(2026, 9, 29, 15, 46, 34, 931000),)",2a3c600d
408421739,-778677893,3188,0:33:49,"(datetime.datetime(2026, 9, 29, 15, 46, 34, 957000),)",2a3c600a
408419053,-778682610,3159,0:33:49.060000,"(datetime.datetime(2026, 9, 29, 15, 46, 35, 18000),)",2a3c600d
408421850,-778677695,3187,0:33:49.090000,"(datetime.datetime(2026, 9, 29, 15, 46, 35, 41000),)",2a3c600a
408419164,-778682413,3157,0:33:49.150000,"(datetime.datetime(2026, 9, 29, 15, 46, 35, 105000),)",2a3c600d
408421966,-778677498,3187,0:33:49.170000,"(datetime.datetime(2026, 9, 29, 15, 46, 35, 128000),)",2a3c600a
408419275,-778682218,3157,0:33:49.240000,"(datetime.datetime(2026, 9, 29, 15, 46, 35, 194000),)",2a3c600d
408422082,-778677300,3187,0:33:49.260000,"(datetime.datetime(2026, 9, 29, 15, 46, 35, 217000),)",2a3c600a
408419385,-778682025,3156,0:33:49.330000,"(datetime.datetime(2026, 9, 29, 15, 46, 35, 289000),)",2a3c600d
408422196,-778677104,3187,0:33:49.360000,"(datetime.datetime(2026, 9, 29, 15, 46, 35, 312000),)",2a3c600a
408419497,-778681832,3155,0:33:49.420000,"(datetime.datetime(2026, 9, 29, 15, 46, 35, 380000),)",2a3c600d
408422313,-778676905,3187,0:33:49.480000,"(datetime.datetime(2026, 9, 29, 15, 46, 35, 431000),)",2a3c600a
408419607,-778681639,3154,0:33:49.500000,"(datetime.datetime(2026, 9, 29, 15, 46, 35, 456000),)",2a3c600d
408422428,-778676704,3186,0:33:49.570000,"(datetime.datetime(2026, 9, 29, 15, 46, 35, 521000),)",2a3c600a
408419718,-778681447,3154,0:33:49.590000,"(datetime.datetime(2026, 9, 29, 15, 46, 35, 546000),)",2a3c600d
408422542,-778676506,3186,0:33:49.650000,"(datetime.datetime(2026, 9, 29, 15, 46, 35, 609000),)",2a3c600a
408419831,-778681254,3153,0:33:49.700000,"(datetime.datetime(2026, 9, 29, 15, 46, 35, 658000),)",2a3c600d
408422657,-778676308,3186,0:33:49.740000,"(datetime.datetime(2026, 9, 29, 15, 46, 35, 698000),)",2a3c600a
408419941,-778681060,3152,0:33:49.770000,"(datetime.datetime(2026, 9, 29, 15, 46, 35, 722000),)",2a3c600d
408422770,-778676108,3185,0:33:49.830000,"(datetime.datetime(2026, 9, 29, 15, 46, 35, 790000),)",2a3c600a
408420052,-778680866,3151,0:33:49.900000,"(datetime.datetime(2026, 9, 29, 15, 46, 35, 859000),)",2a3c600d
408422884,-778675905,3185,0:33:49.950000,"(datetime.datetime(2026, 9, 29, 15, 46, 35, 908000),)",2a3c600a
408420161,-778680672,3151,0:33:49.980000,"(datetime.datetime(2026, 9, 29, 15, 46, 35, 932000),)",2a3c600d
408423000,-778675705,3184,0:33:50.040000,"(datetime.datetime(2026, 9, 29, 15, 46, 35, 991000),)",2a3c600a
408420264,-778680474,3152,0:33:50.060000,"(datetime.datetime(2026, 9, 29, 15, 46, 36, 14000),)",2a3c600d
408423000,-778675705,3184,0:33:50.130000,"(datetime.datetime(2026, 9, 29, 15, 46, 36, 83000),)",2a3c600a
408420375,-778680280,3151,0:33:50.150000,"(datetime.datetime(2026, 9, 29, 15, 46, 36, 108000),)",2a3c600d
408423227,-778675302,3183,0:33:50.220000,"(datetime.datetime(2026, 9, 29, 15, 46, 36, 177000),)",2a3c600a
408420486,-778680089,3150,0:33:50.280000,"(datetime.datetime(2026, 9, 29, 15, 46, 36, 238000),)",2a3c600d
408423227,-778675302,3183,0:33:50.340000,"(datetime.datetime(2026, 9, 29, 15, 46, 36, 293000),)",2a3c600a
408420596,-778679895,3150,0:33:50.370000,"(datetime.datetime(2026, 9, 29, 15, 46, 36, 323000),)",2a3c600d
408423455,-778674902,3182,0:33:50.420000,"(datetime.datetime(2026, 9, 29, 15, 46, 36, 379000),)",2a3c600a
408420705,-778679701,3150,0:33:50.450000,"(datetime.datetime(2026, 9, 29, 15, 46, 36, 402000),)",2a3c600d
408423569,-778674700,3182,0:33:50.510000,"(datetime.datetime(2026, 9, 29, 15, 46, 36, 463000),)",2a3c600a
408420818,-778679511,3150,0:33:50.530000,"(datetime.datetime(2026, 9, 29, 15, 46, 36, 487000),)",2a3c600d
408423569,-778674700,3182,0:33:50.590000,"(datetime.datetime(2026, 9, 29, 15, 46, 36, 548000),)",2a3c600a
408420928,-778679316,3149,0:33:50.620000,"(datetime.datetime(2026, 9, 29, 15, 46, 36, 571000),)",2a3c600d
408423683,-778674501,3182,0:33:50.680000,"(datetime.datetime(2026, 9, 29, 15, 46, 36, 633000),)",2a3c600a
408421039,-778679123,3149,0:33:50.720000,"(datetime.datetime(2026, 9, 29, 15, 46, 36, 671000),)",2a3c600d
408423796,-778674297,3181,0:33:50.770000,"(datetime.datetime(2026, 9, 29, 15, 46, 36, 722000),)",2a3c600a
408421150,-778678928,3149,0:33:50.840000,"(datetime.datetime(2026, 9, 29, 15, 46, 36, 796000),)",2a3c600d
408423910,-778674097,3181,0:33:50.870000,"(datetime.datetime(2026, 9, 29, 15, 46, 36, 821000),)",2a3c600a
408421261,-778678732,3149,0:33:50.910000,"(datetime.datetime(2026, 9, 29, 15, 46, 36, 869000),)",2a3c600d
408424024,-778673892,3180,0:33:50.940000,"(datetime.datetime(2026, 9, 29, 15, 46, 36, 892000),)",2a3c600a
408421367,-778678536,3148,0:33:51.010000,"(datetime.datetime(2026, 9, 29, 15, 46, 36, 960000),)",2a3c600d
408424138,-778673690,3179,0:33:51.030000,"(datetime.datetime(2026, 9, 29, 15, 46, 36, 984000),)",2a3c600a
408421481,-778678342,3148,0:33:51.100000,"(datetime.datetime(2026, 9, 29, 15, 46, 37, 54000),)",2a3c600d
408424251,-778673486,3179,0:33:51.160000,"(datetime.datetime(2026, 9, 29, 15, 46, 37, 117000),)",2a3c600a
408421594,-778678148,3148,0:33:51.210000,"(datetime.datetime(2026, 9, 29, 15, 46, 37, 170000),)",2a3c600d
408424365,-778673283,3178,0:33:51.270000,"(datetime.datetime(2026, 9, 29, 15, 46, 37, 230000),)",2a3c600a
408421705,-778677953,3148,0:33:51.300000,"(datetime.datetime(2026, 9, 29, 15, 46, 37, 253000),)",2a3c600d
408424480,-778673080,3178,0:33:51.370000,"(datetime.datetime(2026, 9, 29, 15, 46, 37, 325000),)",2a3c600a
408421817,-778677757,3147,0:33:51.420000,"(datetime.datetime(2026, 9, 29, 15, 46, 37, 375000),)",2a3c600d
408424594,-778672876,3177,0:33:51.440000,"(datetime.datetime(2026, 9, 29, 15, 46, 37, 399000),)",2a3c600a
408421929,-778677563,3147,0:33:51.510000,"(datetime.datetime(2026, 9, 29, 15, 46, 37, 463000),)",2a3c600d
408424705,-778672673,3177,0:33:51.530000,"(datetime.datetime(2026, 9, 29, 15, 46, 37, 486000),)",2a3c600a
408422042,-778677366,3147,0:33:51.590000,"(datetime.datetime(2026, 9, 29, 15, 46, 37, 547000),)",2a3c600d
408424821,-778672464,3176,0:33:51.610000,"(datetime.datetime(2026, 9, 29, 15, 46, 37, 570000),)",2a3c600a
408422156,-778677168,3146,0:33:51.680000,"(datetime.datetime(2026, 9, 29, 15, 46, 37, 632000),)",2a3c600d
408424933,-778672261,3176,0:33:51.710000,"(datetime.datetime(2026, 9, 29, 15, 46, 37, 670000),)",2a3c600a
408422268,-778676975,3146,0:33:51.760000,"(datetime.datetime(2026, 9, 29, 15, 46, 37, 717000),)",2a3c600d
408425048,-778672056,3175,0:33:51.790000,"(datetime.datetime(2026, 9, 29, 15, 46, 37, 741000),)",2a3c600a
408422377,-778676773,3146,0:33:51.850000,"(datetime.datetime(2026, 9, 29, 15, 46, 37, 806000),)",2a3c600d
408425160,-778671848,3175,0:33:51.870000,"(datetime.datetime(2026, 9, 29, 15, 46, 37, 829000),)",2a3c600a
408422491,-778676576,3146,0:33:51.940000,"(datetime.datetime(2026, 9, 29, 15, 46, 37, 896000),)",2a3c600d
408425277,-778671641,3174,0:33:51.960000,"(datetime.datetime(2026, 9, 29, 15, 46, 37, 919000),)",2a3c600a
408422603,-778676377,3146,0:33:52.040000,"(datetime.datetime(2026, 9, 29, 15, 46, 37, 997000),)",2a3c600d
408425391,-778671433,3174,0:33:52.090000,"(datetime.datetime(2026, 9, 29, 15, 46, 38, 50000),)",2a3c600a
408422717,-778676178,3145,0:33:52.120000,"(datetime.datetime(2026, 9, 29, 15, 46, 38, 77000),)",2a3c600d
408425504,-778671225,3174,0:33:52.180000,"(datetime.datetime(2026, 9, 29, 15, 46, 38, 137000),)",2a3c600a
408422830,-778675980,3145,0:33:52.200000,"(datetime.datetime(2026, 9, 29, 15, 46, 38, 159000),)",2a3c600d
408425619,-778671022,3174,0:33:52.270000,"(datetime.datetime(2026, 9, 29, 15, 46, 38, 226000),)",2a3c600a
408422942,-778675783,3144,0:33:52.290000,"(datetime.datetime(2026, 9, 29, 15, 46, 38, 250000),)",2a3c600d
408425735,-778670811,3174,0:33:52.360000,"(datetime.datetime(2026, 9, 29, 15, 46, 38, 311000),)",2a3c600a
408423054,-778675581,3144,0:33:52.380000,"(datetime.datetime(2026, 9, 29, 15, 46, 38, 334000),)",2a3c600d
408425848,-778670609,3173,0:33:52.440000,"(datetime.datetime(2026, 9, 29, 15, 46, 38, 399000),)",2a3c600a
408423167,-778675382,3143,0:33:52.470000,"(datetime.datetime(2026, 9, 29, 15, 46, 38, 422000),)",2a3c600d
408425963,-778670400,3173,0:33:52.530000,"(datetime.datetime(2026, 9, 29, 15, 46, 38, 483000),)",2a3c600a
408423282,-778675181,3143,0:33:52.550000,"(datetime.datetime(2026, 9, 29, 15, 46, 38, 506000),)",2a3c600d
408426077,-778670193,3173,0:33:52.610000,"(datetime.datetime(2026, 9, 29, 15, 46, 38, 569000),)",2a3c600a
408423397,-778674984,3143,0:33:52.640000,"(datetime.datetime(2026, 9, 29, 15, 46, 38, 593000),)",2a3c600d
408426191,-778669984,3173,0:33:52.710000,"(datetime.datetime(2026, 9, 29, 15, 46, 38, 661000),)",2a3c600a
408423510,-778674780,3142,0:33:52.760000,"(datetime.datetime(2026, 9, 29, 15, 46, 38, 720000),)",2a3c600d
408426306,-778669775,3174,0:33:52.790000,"(datetime.datetime(2026, 9, 29, 15, 46, 38, 744000),)",2a3c600a
408423623,-778674578,3142,0:33:52.850000,"(datetime.datetime(2026, 9, 29, 15, 46, 38, 802000),)",2a3c600d
408426422,-778669569,3173,0:33:52.870000,"(datetime.datetime(2026, 9, 29, 15, 46, 38, 825000),)",2a3c600a
408423739,-778674374,3142,0:33:52.930000,"(datetime.datetime(2026, 9, 29, 15, 46, 38, 886000),)",2a3c600d
408426537,-778669359,3174,0:33:52.950000,"(datetime.datetime(2026, 9, 29, 15, 46, 38, 910000),)",2a3c600a
408423854,-778674175,3141,0:33:53.020000,"(datetime.datetime(2026, 9, 29, 15, 46, 38, 976000),)",2a3c600d
408426653,-778669154,3174,0:33:53.050000,"(datetime.datetime(2026, 9, 29, 15, 46, 39, 3000),)",2a3c600a
408423968,-778673974,3141,0:33:53.100000,"(datetime.datetime(2026, 9, 29, 15, 46, 39, 59000),)",2a3c600d
408426767,-778668946,3174,0:33:53.130000,"(datetime.datetime(2026, 9, 29, 15, 46, 39, 85000),)",2a3c600a
408424081,-778673768,3140,0:33:53.190000,"(datetime.datetime(2026, 9, 29, 15, 46, 39, 144000),)",2a3c600d
408426881,-778668736,3174,0:33:53.210000,"(datetime.datetime(2026, 9, 29, 15, 46, 39, 166000),)",2a3c600a
408424198,-778673568,3140,0:33:53.270000,"(datetime.datetime(2026, 9, 29, 15, 46, 39, 229000),)",2a3c600d
408426996,-778668528,3174,0:33:53.300000,"(datetime.datetime(2026, 9, 29, 15, 46, 39, 259000),)",2a3c600a
408424314,-778673368,3139,0:33:53.360000,"(datetime.datetime(2026, 9, 29, 15, 46, 39, 315000),)",2a3c600d
408427109,-778668319,3174,0:33:53.380000,"(datetime.datetime(2026, 9, 29, 15, 46, 39, 337000),)",2a3c600a
408424428,-778673163,3139,0:33:53.450000,"(datetime.datetime(2026, 9, 29, 15, 46, 39, 403000),)",2a3c600d
408427223,-778668111,3174,0:33:53.470000,"(datetime.datetime(2026, 9, 29, 15, 46, 39, 427000),)",2a3c600a
408424546,-778672962,3138,0:33:53.540000,"(datetime.datetime(2026, 9, 29, 15, 46, 39, 490000),)",2a3c600d
408427339,-778667906,3174,0:33:53.560000,"(datetime.datetime(2026, 9, 29, 15, 46, 39, 515000),)",2a3c600a
408424662,-778672759,3138,0:33:53.620000,"(datetime.datetime(2026, 9, 29, 15, 46, 39, 575000),)",2a3c600d
408427454,-778667696,3175,0:33:53.640000,"(datetime.datetime(2026, 9, 29, 15, 46, 39, 599000),)",2a3c600a
408424778,-778672551,3137,0:33:53.710000,"(datetime.datetime(2026, 9, 29, 15, 46, 39, 661000),)",2a3c600d
408427571,-778667490,3175,0:33:53.730000,"(datetime.datetime(2026, 9, 29, 15, 46, 39, 685000),)",2a3c600a
408424895,-778672347,3136,0:33:53.790000,"(datetime.datetime(2026, 9, 29, 15, 46, 39, 746000),)",2a3c600d
408427688,-778667284,3175,0:33:53.810000,"(datetime.datetime(2026, 9, 29, 15, 46, 39, 770000),)",2a3c600a
408425011,-778672145,3136,0:33:53.880000,"(datetime.datetime(2026, 9, 29, 15, 46, 39, 834000),)",2a3c600d
408427807,-778667077,3176,0:33:53.900000,"(datetime.datetime(2026, 9, 29, 15, 46, 39, 860000),)",2a3c600a
408425129,-778671938,3136,0:33:53.970000,"(datetime.datetime(2026, 9, 29, 15, 46, 39, 921000),)",2a3c600d
408427922,-778666873,3176,0:33:53.990000,"(datetime.datetime(2026, 9, 29, 15, 46, 39, 945000),)",2a3c600a
408425246,-778671732,3136,0:33:54.060000,"(datetime.datetime(2026, 9, 29, 15, 46, 40, 15000),)",2a3c600d
408428038,-778666670,3177,0:33:54.110000,"(datetime.datetime(2026, 9, 29, 15, 46, 40, 68000),)",2a3c600a
408425362,-778671526,3135,0:33:54.140000,"(datetime.datetime(2026, 9, 29, 15, 46, 40, 98000),)",2a3c600d
408428155,-778666464,3177,0:33:54.200000,"(datetime.datetime(2026, 9, 29, 15, 46, 40, 160000),)",2a3c600a
408425478,-778671318,3135,0:33:54.230000,"(datetime.datetime(2026, 9, 29, 15, 46, 40, 183000),)",2a3c600d
408428272,-778666256,3178,0:33:54.290000,"(datetime.datetime(2026, 9, 29, 15, 46, 40, 247000),)",2a3c600a
408425597,-778671112,3135,0:33:54.320000,"(datetime.datetime(2026, 9, 29, 15, 46, 40, 271000),)",2a3c600d
408428387,-778666053,3178,0:33:54.380000,"(datetime.datetime(2026, 9, 29, 15, 46, 40, 330000),)",2a3c600a
408425714,-778670906,3135,0:33:54.400000,"(datetime.datetime(2026, 9, 29, 15, 46, 40, 356000),)",2a3c600d
408428504,-778665849,3179,0:33:54.460000,"(datetime.datetime(2026, 9, 29, 15, 46, 40, 417000),)",2a3c600a
408425831,-778670697,3135,0:33:54.480000,"(datetime.datetime(2026, 9, 29, 15, 46, 40, 440000),)",2a3c600d
408428621,-778665645,3179,0:33:54.550000,"(datetime.datetime(2026, 9, 29, 15, 46, 40, 502000),)",2a3c600a
408425943,-778670489,3135,0:33:54.570000,"(datetime.datetime(2026, 9, 29, 15, 46, 40, 525000),)",2a3c600d
408428737,-778665438,3179,0:33:54.630000,"(datetime.datetime(2026, 9, 29, 15, 46, 40, 588000),)",2a3c600a
408426063,-778670278,3135,0:33:54.660000,"(datetime.datetime(2026, 9, 29, 15, 46, 40, 611000),)",2a3c600d
408428856,-778665234,3180,0:33:54.720000,"(datetime.datetime(2026, 9, 29, 15, 46, 40, 674000),)",2a3c600a
408426182,-778670073,3135,0:33:54.750000,"(datetime.datetime(2026, 9, 29, 15, 46, 40, 706000),)",2a3c600d
408428972,-778665032,3181,0:33:54.820000,"(datetime.datetime(2026, 9, 29, 15, 46, 40, 773000),)",2a3c600a
408426301,-778669865,3135,0:33:54.870000,"(datetime.datetime(2026, 9, 29, 15, 46, 40, 829000),)",2a3c600d
408429088,-778664828,3182,0:33:54.900000,"(datetime.datetime(2026, 9, 29, 15, 46, 40, 853000),)",2a3c600a
408426421,-778669658,3135,0:33:54.960000,"(datetime.datetime(2026, 9, 29, 15, 46, 40, 916000),)",2a3c600d
408429205,-778664625,3182,0:33:54.980000,"(datetime.datetime(2026, 9, 29, 15, 46, 40, 940000),)",2a3c600a
408426540,-778669448,3136,0:33:55.060000,"(datetime.datetime(2026, 9, 29, 15, 46, 41, 12000),)",2a3c600d
408429322,-778664423,3183,0:33:55.110000,"(datetime.datetime(2026, 9, 29, 15, 46, 41, 66000),)",2a3c600a
408426659,-778669242,3136,0:33:55.130000,"(datetime.datetime(2026, 9, 29, 15, 46, 41, 90000),)",2a3c600d
408429440,-778664220,3183,0:33:55.220000,"(datetime.datetime(2026, 9, 29, 15, 46, 41, 171000),)",2a3c600a
408426778,-778669032,3136,0:33:55.240000,"(datetime.datetime(2026, 9, 29, 15, 46, 41, 194000),)",2a3c600d
408429556,-778664016,3184,0:33:55.300000,"(datetime.datetime(2026, 9, 29, 15, 46, 41, 255000),)",2a3c600a
408426897,-778668820,3136,0:33:55.320000,"(datetime.datetime(2026, 9, 29, 15, 46, 41, 279000),)",2a3c600d
408429673,-778663816,3185,0:33:55.390000,"(datetime.datetime(2026, 9, 29, 15, 46, 41, 340000),)",2a3c600a
408427013,-778668613,3136,0:33:55.410000,"(datetime.datetime(2026, 9, 29, 15, 46, 41, 366000),)",2a3c600d
408429790,-778663614,3186,0:33:55.470000,"(datetime.datetime(2026, 9, 29, 15, 46, 41, 425000),)",2a3c600a
408427135,-778668402,3136,0:33:55.490000,"(datetime.datetime(2026, 9, 29, 15, 46, 41, 448000),)",2a3c600d
408429906,-778663406,3187,0:33:55.560000,"(datetime.datetime(2026, 9, 29, 15, 46, 41, 514000),)",2a3c600a
408427253,-778668189,3137,0:33:55.580000,"(datetime.datetime(2026, 9, 29, 15, 46, 41, 537000),)",2a3c600d
408430023,-778663201,3187,0:33:55.660000,"(datetime.datetime(2026, 9, 29, 15, 46, 41, 611000),)",2a3c600a
408427373,-778667979,3137,0:33:55.680000,"(datetime.datetime(2026, 9, 29, 15, 46, 41, 634000),)",2a3c600d
408430139,-778663001,3188,0:33:55.740000,"(datetime.datetime(2026, 9, 29, 15, 46, 41, 697000),)",2a3c600a
408427494,-778667773,3137,0:33:55.760000,"(datetime.datetime(2026, 9, 29, 15, 46, 41, 720000),)",2a3c600d
408430256,-778662798,3189,0:33:55.830000,"(datetime.datetime(2026, 9, 29, 15, 46, 41, 784000),)",2a3c600a
408427614,-778667563,3138,0:33:55.850000,"(datetime.datetime(2026, 9, 29, 15, 46, 41, 807000),)",2a3c600d
408430372,-778662594,3189,0:33:55.930000,"(datetime.datetime(2026, 9, 29, 15, 46, 41, 881000),)",2a3c600a
408427731,-778667351,3138,0:33:55.950000,"(datetime.datetime(2026, 9, 29, 15, 46, 41, 905000),)",2a3c600d
408430489,-778662393,3190,0:33:56.010000,"(datetime.datetime(2026, 9, 29, 15, 46, 41, 969000),)",2a3c600a
408427850,-778667143,3138,0:33:56.040000,"(datetime.datetime(2026, 9, 29, 15, 46, 41, 993000),)",2a3c600d
408430603,-778662191,3191,0:33:56.100000,"(datetime.datetime(2026, 9, 29, 15, 46, 42, 55000),)",2a3c600a
408427974,-778666933,3138,0:33:56.130000,"(datetime.datetime(2026, 9, 29, 15, 46, 42, 81000),)",2a3c600d
408430719,-778661987,3191,0:33:56.190000,"(datetime.datetime(2026, 9, 29, 15, 46, 42, 146000),)",2a3c600a
408428091,-778666721,3139,0:33:56.210000,"(datetime.datetime(2026, 9, 29, 15, 46, 42, 169000),)",2a3c600d
408430836,-778661785,3192,0:33:56.280000,"(datetime.datetime(2026, 9, 29, 15, 46, 42, 238000),)",2a3c600a
408428211,-778666509,3139,0:33:56.340000,"(datetime.datetime(2026, 9, 29, 15, 46, 42, 295000),)",2a3c600d
408430948,-778661583,3193,0:33:56.370000,"(datetime.datetime(2026, 9, 29, 15, 46, 42, 322000),)",2a3c600a
408428341,-778666305,3139,0:33:56.430000,"(datetime.datetime(2026, 9, 29, 15, 46, 42, 388000),)",2a3c600d
408431067,-778661376,3194,0:33:56.490000,"(datetime.datetime(2026, 9, 29, 15, 46, 42, 443000),)",2a3c600a
408428461,-778666092,3140,0:33:56.570000,"(datetime.datetime(2026, 9, 29, 15, 46, 42, 521000),)",2a3c600d
408431182,-778661169,3195,0:33:56.590000,"(datetime.datetime(2026, 9, 29, 15, 46, 42, 544000),)",2a3c600a
408428580,-778665882,3141,0:33:56.630000,"(datetime.datetime(2026, 9, 29, 15, 46, 42, 584000),)",2a3c600d
408431298,-778660967,3195,0:33:56.650000,"(datetime.datetime(2026, 9, 29, 15, 46, 42, 608000),)",2a3c600a
408428700,-778665673,3141,0:33:56.740000,"(datetime.datetime(2026, 9, 29, 15, 46, 42, 691000),)",2a3c600d
408431412,-778660762,3196,0:33:56.780000,"(datetime.datetime(2026, 9, 29, 15, 46, 42, 737000),)",2a3c600a
408428817,-778665459,3141,0:33:56.810000,"(datetime.datetime(2026, 9, 29, 15, 46, 42, 761000),)",2a3c600d
408431527,-778660561,3196,0:33:56.860000,"(datetime.datetime(2026, 9, 29, 15, 46, 42, 820000),)",2a3c600a
408428936,-778665248,3142,0:33:56.900000,"(datetime.datetime(2026, 9, 29, 15, 46, 42, 860000),)",2a3c600d
408431641,-778660355,3197,0:33:56.960000,"(datetime.datetime(2026, 9, 29, 15, 46, 42, 913000),)",2a3c600a
408429054,-778665037,3142,0:33:56.980000,"(datetime.datetime(2026, 9, 29, 15, 46, 42, 937000),)",2a3c600d
408431755,-778660153,3198,0:33:57.040000,"(datetime.datetime(2026, 9, 29, 15, 46, 42, 999000),)",2a3c600a
408429177,-778664827,3143,0:33:57.070000,"(datetime.datetime(2026, 9, 29, 15, 46, 43, 23000),)",2a3c600d
408431870,-778659951,3198,0:33:57.140000,"(datetime.datetime(2026, 9, 29, 15, 46, 43, 93000),)",2a3c600a
408429293,-778664615,3143,0:33:57.160000,"(datetime.datetime(2026, 9, 29, 15, 46, 43, 117000),)",2a3c600d
408431984,-778659747,3198,0:33:57.220000,"(datetime.datetime(2026, 9, 29, 15, 46, 43, 180000),)",2a3c600a
408429293,-778664615,3143,0:33:57.250000,"(datetime.datetime(2026, 9, 29, 15, 46, 43, 206000),)",2a3c600d
408432098,-778659545,3199,0:33:57.310000,"(datetime.datetime(2026, 9, 29, 15, 46, 43, 269000),)",2a3c600a
408429528,-778664194,3146,0:33:57.340000,"(datetime.datetime(2026, 9, 29, 15, 46, 43, 293000),)",2a3c600d
408432215,-778659341,3200,0:33:57.400000,"(datetime.datetime(2026, 9, 29, 15, 46, 43, 355000),)",2a3c600a
408429528,-778664194,3146,0:33:57.420000,"(datetime.datetime(2026, 9, 29, 15, 46, 43, 379000),)",2a3c600d
408432326,-778659137,3200,0:33:57.500000,"(datetime.datetime(2026, 9, 29, 15, 46, 43, 451000),)",2a3c600a
408429646,-778663984,3147,0:33:57.520000,"(datetime.datetime(2026, 9, 29, 15, 46, 43, 475000),)",2a3c600d
408432441,-778658935,3201,0:33:57.580000,"(datetime.datetime(2026, 9, 29, 15, 46, 43, 537000),)",2a3c600a
408429766,-778663774,3147,0:33:57.610000,"(datetime.datetime(2026, 9, 29, 15, 46, 43, 560000),)",2a3c600d
408432553,-778658732,3201,0:33:57.670000,"(datetime.datetime(2026, 9, 29, 15, 46, 43, 624000),)",2a3c600a
408429884,-778663562,3148,0:33:57.730000,"(datetime.datetime(2026, 9, 29, 15, 46, 43, 689000),)",2a3c600d
408432668,-778658529,3202,0:33:57.760000,"(datetime.datetime(2026, 9, 29, 15, 46, 43, 719000),)",2a3c600a
408430003,-778663350,3149,0:33:57.820000,"(datetime.datetime(2026, 9, 29, 15, 46, 43, 776000),)",2a3c600d
408432781,-778658325,3203,0:33:57.990000,"(datetime.datetime(2026, 9, 29, 15, 46, 43, 950000),)",2a3c600a
408430123,-778663139,3150,0:33:58.280000,"(datetime.datetime(2026, 9, 29, 15, 46, 44, 234000),)",2a3c600d
408432895,-778658121,3204,0:33:58.440000,"(datetime.datetime(2026, 9, 29, 15, 46, 44, 397000),)",2a3c600a
408430242,-778662928,3150,0:33:58.480000,"(datetime.datetime(2026, 9, 29, 15, 46, 44, 438000),)",2a3c600d
408433009,-778657918,3205,0:33:58.560000,"(datetime.datetime(2026, 9, 29, 15, 46, 44, 518000),)",2a3c600a
408430362,-778662720,3151,0:33:58.830000,"(datetime.datetime(2026, 9, 29, 15, 46, 44, 787000),)",2a3c600d
408433122,-778657711,3206,0:33:58.950000,"(datetime.datetime(2026, 9, 29, 15, 46, 44, 905000),)",2a3c600a
408430478,-778662506,3152,0:33:59.100000,"(datetime.datetime(2026, 9, 29, 15, 46, 45, 60000),)",2a3c600d
408433237,-778657506,3206,0:33:59.150000,"(datetime.datetime(2026, 9, 29, 15, 46, 45, 109000),)",2a3c600a
408430599,-778662297,3153,0:33:59.200000,"(datetime.datetime(2026, 9, 29, 15, 46, 45, 158000),)",2a3c600d
408433351,-778657298,3208,0:33:59.270000,"(datetime.datetime(2026, 9, 29, 15, 46, 45, 227000),)",2a3c600a
408430721,-778662088,3154,0:33:59.340000,"(datetime.datetime(2026, 9, 29, 15, 46, 45, 300000),)",2a3c600d
408433465,-778657094,3208,0:33:59.420000,"(datetime.datetime(2026, 9, 29, 15, 46, 45, 371000),)",2a3c600a
408430836,-778661874,3155,0:33:59.490000,"(datetime.datetime(2026, 9, 29, 15, 46, 45, 444000),)",2a3c600d
408433577,-778656886,3210,0:33:59.550000,"(datetime.datetime(2026, 9, 29, 15, 46, 45, 508000),)",2a3c600a
408430954,-778661663,3155,0:33:59.620000,"(datetime.datetime(2026, 9, 29, 15, 46, 45, 577000),)",2a3c600d
408433692,-778656681,3211,0:33:59.680000,"(datetime.datetime(2026, 9, 29, 15, 46, 45, 639000),)",2a3c600a
408431072,-778661451,3156,0:33:59.800000,"(datetime.datetime(2026, 9, 29, 15, 46, 45, 756000),)",2a3c600d
408433802,-778656473,3211,0:33:59.870000,"(datetime.datetime(2026, 9, 29, 15, 46, 45, 821000),)",2a3c600a
408431189,-778661240,3156,0:34:00.020000,"(datetime.datetime(2026, 9, 29, 15, 46, 45, 974000),)",2a3c600d
408433917,-778656269,3212,0:34:00.040000,"(datetime.datetime(2026, 9, 29, 15, 46, 45, 999000),)",2a3c600a
408431308,-778661028,3157,0:34:00.220000,"(datetime.datetime(2026, 9, 29, 15, 46, 46, 170000),)",2a3c600d
408434031,-778656062,3213,0:34:00.270000,"(datetime.datetime(2026, 9, 29, 15, 46, 46, 225000),)",2a3c600a
408431428,-778660817,3157,0:34:00.360000,"(datetime.datetime(2026, 9, 29, 15, 46, 46, 316000),)",2a3c600d
408434144,-778655854,3214,0:34:00.520000,"(datetime.datetime(2026, 9, 29, 15, 46, 46, 476000),)",2a3c600a
408431544,-778660604,3158,0:34:00.580000,"(datetime.datetime(2026, 9, 29, 15, 46, 46, 538000),)",2a3c600d
408434260,-778655649,3215,0:34:00.660000,"(datetime.datetime(2026, 9, 29, 15, 46, 46, 612000),)",2a3c600a
408431658,-778660402,3159,0:34:00.820000,"(datetime.datetime(2026, 9, 29, 15, 46, 46, 780000),)",2a3c600d
408434375,-778655444,3216,0:34:00.860000,"(datetime.datetime(2026, 9, 29, 15, 46, 46, 814000),)",2a3c600a
408431780,-778660187,3159,0:34:00.890000,"(datetime.datetime(2026, 9, 29, 15, 46, 46, 850000),)",2a3c600d
408434487,-778655232,3218,0:34:00.950000,"(datetime.datetime(2026, 9, 29, 15, 46, 46, 905000),)",2a3c600a
408431896,-778659981,3160,0:34:00.970000,"(datetime.datetime(2026, 9, 29, 15, 46, 46, 929000),)",2a3c600d
408434602,-778655026,3219,0:34:01.030000,"(datetime.datetime(2026, 9, 29, 15, 46, 46, 990000),)",2a3c600a
408432016,-778659767,3160,0:34:01.060000,"(datetime.datetime(2026, 9, 29, 15, 46, 47, 18000),)",2a3c600d
408434717,-778654819,3220,0:34:01.120000,"(datetime.datetime(2026, 9, 29, 15, 46, 47, 80000),)",2a3c600a
408432135,-778659556,3161,0:34:01.150000,"(datetime.datetime(2026, 9, 29, 15, 46, 47, 108000),)",2a3c600d
408434830,-778654612,3220,0:34:01.230000,"(datetime.datetime(2026, 9, 29, 15, 46, 47, 180000),)",2a3c600a
408432254,-778659347,3161,0:34:01.250000,"(datetime.datetime(2026, 9, 29, 15, 46, 47, 206000),)",2a3c600d
408434946,-778654409,3221,0:34:01.320000,"(datetime.datetime(2026, 9, 29, 15, 46, 47, 271000),)",2a3c600a
408432373,-778659134,3162,0:34:01.340000,"(datetime.datetime(2026, 9, 29, 15, 46, 47, 295000),)",2a3c600d
408435061,-778654202,3222,0:34:01.410000,"(datetime.datetime(2026, 9, 29, 15, 46, 47, 363000),)",2a3c600a
408432489,-778658925,3163,0:34:01.430000,"(datetime.datetime(2026, 9, 29, 15, 46, 47, 387000),)",2a3c600d
408435177,-778653997,3224,0:34:01.510000,"(datetime.datetime(2026, 9, 29, 15, 46, 47, 463000),)",2a3c600a
408432610,-778658715,3163,0:34:01.560000,"(datetime.datetime(2026, 9, 29, 15, 46, 47, 517000),)",2a3c600d
408435294,-778653791,3225,0:34:01.580000,"(datetime.datetime(2026, 9, 29, 15, 46, 47, 540000),)",2a3c600a
408432725,-778658508,3164,0:34:01.650000,"(datetime.datetime(2026, 9, 29, 15, 46, 47, 603000),)",2a3c600d
408435409,-778653588,3225,0:34:01.670000,"(datetime.datetime(2026, 9, 29, 15, 46, 47, 630000),)",2a3c600a
408432844,-778658297,3165,0:34:01.730000,"(datetime.datetime(2026, 9, 29, 15, 46, 47, 690000),)",2a3c600d
408435525,-778653379,3226,0:34:01.760000,"(datetime.datetime(2026, 9, 29, 15, 46, 47, 713000),)",2a3c600a
408432963,-778658088,3166,0:34:01.830000,"(datetime.datetime(2026, 9, 29, 15, 46, 47, 786000),)",2a3c600d
408435643,-778653175,3227,0:34:01.930000,"(datetime.datetime(2026, 9, 29, 15, 46, 47, 884000),)",2a3c600a
408433079,-778657875,3167,0:34:01.960000,"(datetime.datetime(2026, 9, 29, 15, 46, 47, 913000),)",2a3c600d
408435759,-778652967,3228,0:34:02.050000,"(datetime.datetime(2026, 9, 29, 15, 46, 48, 2000),)",2a3c600a
408433199,-778657667,3168,0:34:02.070000,"(datetime.datetime(2026, 9, 29, 15, 46, 48, 29000),)",2a3c600d
408435873,-778652763,3229,0:34:02.120000,"(datetime.datetime(2026, 9, 29, 15, 46, 48, 75000),)",2a3c600a
408433314,-778657453,3169,0:34:02.180000,"(datetime.datetime(2026, 9, 29, 15, 46, 48, 138000),)",2a3c600d
408435987,-778652556,3229,0:34:02.210000,"(datetime.datetime(2026, 9, 29, 15, 46, 48, 166000),)",2a3c600a
408433433,-778657247,3170,0:34:02.270000,"(datetime.datetime(2026, 9, 29, 15, 46, 48, 222000),)",2a3c600d
408436103,-778652347,3230,0:34:02.330000,"(datetime.datetime(2026, 9, 29, 15, 46, 48, 283000),)",2a3c600a
408433549,-778657035,3171,0:34:02.350000,"(datetime.datetime(2026, 9, 29, 15, 46, 48, 308000),)",2a3c600d
408436219,-778652144,3231,0:34:02.430000,"(datetime.datetime(2026, 9, 29, 15, 46, 48, 381000),)",2a3c600a
408433666,-778656829,3172,0:34:02.450000,"(datetime.datetime(2026, 9, 29, 15, 46, 48, 405000),)",2a3c600d
408436334,-778651934,3232,0:34:02.510000,"(datetime.datetime(2026, 9, 29, 15, 46, 48, 467000),)",2a3c600a
408433782,-778656614,3173,0:34:02.540000,"(datetime.datetime(2026, 9, 29, 15, 46, 48, 492000),)",2a3c600d
408436450,-778651729,3232,0:34:02.610000,"(datetime.datetime(2026, 9, 29, 15, 46, 48, 564000),)",2a3c600a
408433895,-778656406,3174,0:34:02.640000,"(datetime.datetime(2026, 9, 29, 15, 46, 48, 591000),)",2a3c600d
408436564,-778651522,3234,0:34:02.750000,"(datetime.datetime(2026, 9, 29, 15, 46, 48, 701000),)",2a3c600a
408434017,-778656199,3174,0:34:02.770000,"(datetime.datetime(2026, 9, 29, 15, 46, 48, 730000),)",2a3c600d
408436682,-778651321,3235,0:34:02.820000,"(datetime.datetime(2026, 9, 29, 15, 46, 48, 774000),)",2a3c600a
408434132,-778655994,3176,0:34:02.840000,"(datetime.datetime(2026, 9, 29, 15, 46, 48, 798000),)",2a3c600d
408436799,-778651105,3236,0:34:02.910000,"(datetime.datetime(2026, 9, 29, 15, 46, 48, 865000),)",2a3c600a
408434250,-778655781,3178,0:34:02.930000,"(datetime.datetime(2026, 9, 29, 15, 46, 48, 889000),)",2a3c600d
408436916,-778650900,3237,0:34:03.010000,"(datetime.datetime(2026, 9, 29, 15, 46, 48, 962000),)",2a3c600a
408434372,-778655575,3178,0:34:03.060000,"(datetime.datetime(2026, 9, 29, 15, 46, 49, 18000),)",2a3c600d
408437031,-778650694,3239,0:34:03.090000,"(datetime.datetime(2026, 9, 29, 15, 46, 49, 43000),)",2a3c600a
408434488,-778655369,3179,0:34:03.150000,"(datetime.datetime(2026, 9, 29, 15, 46, 49, 108000),)",2a3c600d
408437149,-778650487,3240,0:34:03.180000,"(datetime.datetime(2026, 9, 29, 15, 46, 49, 132000),)",2a3c600a
408434602,-778655159,3179,0:34:03.250000,"(datetime.datetime(2026, 9, 29, 15, 46, 49, 205000),)",2a3c600d
408437266,-778650281,3241,0:34:03.280000,"(datetime.datetime(2026, 9, 29, 15, 46, 49, 230000),)",2a3c600a
408434718,-778654949,3182,0:34:03.340000,"(datetime.datetime(2026, 9, 29, 15, 46, 49, 291000),)",2a3c600d
408437380,-778650073,3242,0:34:03.360000,"(datetime.datetime(2026, 9, 29, 15, 46, 49, 316000),)",2a3c600a
408434835,-778654741,3182,0:34:03.430000,"(datetime.datetime(2026, 9, 29, 15, 46, 49, 386000),)",2a3c600d
408437499,-778649866,3243,0:34:03.450000,"(datetime.datetime(2026, 9, 29, 15, 46, 49, 409000),)",2a3c600a
408434951,-778654535,3183,0:34:03.520000,"(datetime.datetime(2026, 9, 29, 15, 46, 49, 472000),)",2a3c600d
408437615,-778649661,3244,0:34:03.540000,"(datetime.datetime(2026, 9, 29, 15, 46, 49, 496000),)",2a3c600a
408435069,-778654328,3184,0:34:03.610000,"(datetime.datetime(2026, 9, 29, 15, 46, 49, 561000),)",2a3c600d
408437730,-778649457,3246,0:34:03.630000,"(datetime.datetime(2026, 9, 29, 15, 46, 49, 587000),)",2a3c600a
408435186,-778654123,3185,0:34:03.700000,"(datetime.datetime(2026, 9, 29, 15, 46, 49, 653000),)",2a3c600d
408437848,-778649246,3247,0:34:03.730000,"(datetime.datetime(2026, 9, 29, 15, 46, 49, 684000),)",2a3c600a
408435304,-778653919,3186,0:34:03.790000,"(datetime.datetime(2026, 9, 29, 15, 46, 49, 747000),)",2a3c600d
408437964,-778649041,3249,0:34:03.850000,"(datetime.datetime(2026, 9, 29, 15, 46, 49, 803000),)",2a3c600a
408435419,-778653708,3186,0:34:03.870000,"(datetime.datetime(2026, 9, 29, 15, 46, 49, 827000),)",2a3c600d
408438081,-778648843,3249,0:34:03.940000,"(datetime.datetime(2026, 9, 29, 15, 46, 49, 892000),)",2a3c600a
408435534,-778653502,3187,0:34:03.960000,"(datetime.datetime(2026, 9, 29, 15, 46, 49, 917000),)",2a3c600d
408438200,-778648632,3250,0:34:04.020000,"(datetime.datetime(2026, 9, 29, 15, 46, 49, 979000),)",2a3c600a
408435651,-778653296,3188,0:34:04.050000,"(datetime.datetime(2026, 9, 29, 15, 46, 50, 3000),)",2a3c600d
408438315,-778648429,3251,0:34:04.120000,"(datetime.datetime(2026, 9, 29, 15, 46, 50, 73000),)",2a3c600a
408435766,-778653091,3189,0:34:04.140000,"(datetime.datetime(2026, 9, 29, 15, 46, 50, 97000),)",2a3c600d
408438436,-778648226,3252,0:34:04.200000,"(datetime.datetime(2026, 9, 29, 15, 46, 50, 157000),)",2a3c600a
408435884,-778652883,3189,0:34:04.230000,"(datetime.datetime(2026, 9, 29, 15, 46, 50, 182000),)",2a3c600d
408438554,-778648016,3253,0:34:04.290000,"(datetime.datetime(2026, 9, 29, 15, 46, 50, 246000),)",2a3c600a
408436000,-778652676,3190,0:34:04.310000,"(datetime.datetime(2026, 9, 29, 15, 46, 50, 270000),)",2a3c600d
408438672,-778647811,3255,0:34:04.380000,"(datetime.datetime(2026, 9, 29, 15, 46, 50, 337000),)",2a3c600a
408436115,-778652471,3191,0:34:04.410000,"(datetime.datetime(2026, 9, 29, 15, 46, 50, 362000),)",2a3c600d
408438789,-778647606,3256,0:34:04.470000,"(datetime.datetime(2026, 9, 29, 15, 46, 50, 426000),)",2a3c600a
408436231,-778652265,3192,0:34:04.500000,"(datetime.datetime(2026, 9, 29, 15, 46, 50, 452000),)",2a3c600d
408438908,-778647401,3256,0:34:04.560000,"(datetime.datetime(2026, 9, 29, 15, 46, 50, 510000),)",2a3c600a
408436350,-778652062,3193,0:34:04.580000,"(datetime.datetime(2026, 9, 29, 15, 46, 50, 535000),)",2a3c600d
408439025,-778647195,3256,0:34:04.650000,"(datetime.datetime(2026, 9, 29, 15, 46, 50, 602000),)",2a3c600a
408436463,-778651856,3194,0:34:04.670000,"(datetime.datetime(2026, 9, 29, 15, 46, 50, 627000),)",2a3c600d
408439143,-778646985,3258,0:34:04.760000,"(datetime.datetime(2026, 9, 29, 15, 46, 50, 711000),)",2a3c600a
408436575,-778651643,3196,0:34:04.780000,"(datetime.datetime(2026, 9, 29, 15, 46, 50, 737000),)",2a3c600d
408439263,-778646779,3258,0:34:04.840000,"(datetime.datetime(2026, 9, 29, 15, 46, 50, 799000),)",2a3c600a
408436690,-778651438,3196,0:34:04.870000,"(datetime.datetime(2026, 9, 29, 15, 46, 50, 823000),)",2a3c600d
408439381,-778646571,3259,0:34:04.930000,"(datetime.datetime(2026, 9, 29, 15, 46, 50, 884000),)",2a3c600a
408436806,-778651235,3198,0:34:04.950000,"(datetime.datetime(2026, 9, 29, 15, 46, 50, 908000),)",2a3c600d
408439498,-778646364,3260,0:34:05.030000,"(datetime.datetime(2026, 9, 29, 15, 46, 50, 981000),)",2a3c600a
408436920,-778651029,3199,0:34:05.080000,"(datetime.datetime(2026, 9, 29, 15, 46, 51, 34000),)",2a3c600d
408439615,-778646158,3260,0:34:05.100000,"(datetime.datetime(2026, 9, 29, 15, 46, 51, 60000),)",2a3c600a
408437034,-778650824,3200,0:34:05.160000,"(datetime.datetime(2026, 9, 29, 15, 46, 51, 120000),)",2a3c600d
408439734,-778645950,3261,0:34:05.190000,"(datetime.datetime(2026, 9, 29, 15, 46, 51, 145000),)",2a3c600a
408437146,-778650618,3202,0:34:05.260000,"(datetime.datetime(2026, 9, 29, 15, 46, 51, 212000),)",2a3c600d
408439851,-778645741,3262,0:34:05.280000,"(datetime.datetime(2026, 9, 29, 15, 46, 51, 236000),)",2a3c600a
408437263,-778650415,3202,0:34:05.350000,"(datetime.datetime(2026, 9, 29, 15, 46, 51, 302000),)",2a3c600d
408439968,-778645534,3263,0:34:05.370000,"(datetime.datetime(2026, 9, 29, 15, 46, 51, 330000),)",2a3c600a
408437379,-778650211,3203,0:34:05.440000,"(datetime.datetime(2026, 9, 29, 15, 46, 51, 396000),)",2a3c600d
408440086,-778645324,3264,0:34:05.470000,"(datetime.datetime(2026, 9, 29, 15, 46, 51, 421000),)",2a3c600a
408437493,-778650007,3205,0:34:05.530000,"(datetime.datetime(2026, 9, 29, 15, 46, 51, 486000),)",2a3c600d
408440086,-778645324,3264,0:34:05.560000,"(datetime.datetime(2026, 9, 29, 15, 46, 51, 511000),)",2a3c600a
408437605,-778649806,3206,0:34:05.620000,"(datetime.datetime(2026, 9, 29, 15, 46, 51, 577000),)",2a3c600d
408440207,-778645116,3264,0:34:05.650000,"(datetime.datetime(2026, 9, 29, 15, 46, 51, 603000),)",2a3c600a
408437723,-778649599,3206,0:34:05.720000,"(datetime.datetime(2026, 9, 29, 15, 46, 51, 678000),)",2a3c600d
408440325,-778644904,3265,0:34:05.780000,"(datetime.datetime(2026, 9, 29, 15, 46, 51, 735000),)",2a3c600a
408437837,-778649397,3208,0:34:05.840000,"(datetime.datetime(2026, 9, 29, 15, 46, 51, 797000),)",2a3c600d
408440561,-778644485,3266,0:34:05.870000,"(datetime.datetime(2026, 9, 29, 15, 46, 51, 823000),)",2a3c600a
408437951,-778649196,3208,0:34:05.930000,"(datetime.datetime(2026, 9, 29, 15, 46, 51, 888000),)",2a3c600d
408440561,-778644485,3266,0:34:05.960000,"(datetime.datetime(2026, 9, 29, 15, 46, 51, 912000),)",2a3c600a
408438063,-778648993,3210,0:34:06.020000,"(datetime.datetime(2026, 9, 29, 15, 46, 51, 973000),)",2a3c600d
408440679,-778644275,3266,0:34:06.040000,"(datetime.datetime(2026, 9, 29, 15, 46, 51, 999000),)",2a3c600a
408438180,-778648792,3211,0:34:06.110000,"(datetime.datetime(2026, 9, 29, 15, 46, 52, 67000),)",2a3c600d
408440798,-778644066,3267,0:34:06.140000,"(datetime.datetime(2026, 9, 29, 15, 46, 52, 92000),)",2a3c600a
408438294,-778648589,3212,0:34:06.210000,"(datetime.datetime(2026, 9, 29, 15, 46, 52, 164000),)",2a3c600d
408441037,-778643645,3268,0:34:06.230000,"(datetime.datetime(2026, 9, 29, 15, 46, 52, 188000),)",2a3c600a
408438406,-778648385,3213,0:34:06.300000,"(datetime.datetime(2026, 9, 29, 15, 46, 52, 256000),)",2a3c600d
408441156,-778643435,3268,0:34:06.330000,"(datetime.datetime(2026, 9, 29, 15, 46, 52, 283000),)",2a3c600a
408438522,-778648184,3213,0:34:06.400000,"(datetime.datetime(2026, 9, 29, 15, 46, 52, 356000),)",2a3c600d
408441156,-778643435,3268,0:34:06.430000,"(datetime.datetime(2026, 9, 29, 15, 46, 52, 381000),)",2a3c600a
408438634,-778647980,3214,0:34:06.490000,"(datetime.datetime(2026, 9, 29, 15, 46, 52, 449000),)",2a3c600d
408441277,-778643223,3269,0:34:06.520000,"(datetime.datetime(2026, 9, 29, 15, 46, 52, 473000),)",2a3c600a
408438746,-778647777,3215,0:34:06.580000,"(datetime.datetime(2026, 9, 29, 15, 46, 52, 540000),)",2a3c600d
408441398,-778643012,3269,0:34:06.610000,"(datetime.datetime(2026, 9, 29, 15, 46, 52, 565000),)",2a3c600a
408438855,-778647568,3216,0:34:06.670000,"(datetime.datetime(2026, 9, 29, 15, 46, 52, 626000),)",2a3c600d
408441518,-778642798,3269,0:34:06.700000,"(datetime.datetime(2026, 9, 29, 15, 46, 52, 651000),)",2a3c600a
408438969,-778647366,3217,0:34:06.760000,"(datetime.datetime(2026, 9, 29, 15, 46, 52, 717000),)",2a3c600d
408441638,-778642589,3270,0:34:06.830000,"(datetime.datetime(2026, 9, 29, 15, 46, 52, 784000),)",2a3c600a
408439083,-778647168,3217,0:34:06.900000,"(datetime.datetime(2026, 9, 29, 15, 46, 52, 858000),)",2a3c600d
408441878,-778642167,3271,0:34:06.930000,"(datetime.datetime(2026, 9, 29, 15, 46, 52, 883000),)",2a3c600a
408439197,-778646970,3218,0:34:06.970000,"(datetime.datetime(2026, 9, 29, 15, 46, 52, 929000),)",2a3c600d
408442000,-778641955,3272,0:34:07.010000,"(datetime.datetime(2026, 9, 29, 15, 46, 52, 961000),)",2a3c600a
408439309,-778646765,3219,0:34:07.070000,"(datetime.datetime(2026, 9, 29, 15, 46, 53, 28000),)",2a3c600d
408442122,-778641744,3273,0:34:07.140000,"(datetime.datetime(2026, 9, 29, 15, 46, 53, 92000),)",2a3c600a
408439423,-778646564,3219,0:34:07.190000,"(datetime.datetime(2026, 9, 29, 15, 46, 53, 146000),)",2a3c600d
408442243,-778641533,3273,0:34:07.220000,"(datetime.datetime(2026, 9, 29, 15, 46, 53, 173000),)",2a3c600a
408439535,-778646362,3220,0:34:07.280000,"(datetime.datetime(2026, 9, 29, 15, 46, 53, 239000),)",2a3c600d
408442363,-778641325,3274,0:34:07.310000,"(datetime.datetime(2026, 9, 29, 15, 46, 53, 266000),)",2a3c600a
408439649,-778646161,3220,0:34:07.380000,"(datetime.datetime(2026, 9, 29, 15, 46, 53, 337000),)",2a3c600d
408442487,-778641111,3274,0:34:07.410000,"(datetime.datetime(2026, 9, 29, 15, 46, 53, 363000),)",2a3c600a
408439763,-778645961,3222,0:34:07.480000,"(datetime.datetime(2026, 9, 29, 15, 46, 53, 438000),)",2a3c600d
408442608,-778640898,3275,0:34:07.540000,"(datetime.datetime(2026, 9, 29, 15, 46, 53, 491000),)",2a3c600a
408439878,-778645761,3222,0:34:07.560000,"(datetime.datetime(2026, 9, 29, 15, 46, 53, 516000),)",2a3c600d
408442731,-778640681,3276,0:34:07.630000,"(datetime.datetime(2026, 9, 29, 15, 46, 53, 582000),)",2a3c600a
408439991,-778645559,3224,0:34:07.650000,"(datetime.datetime(2026, 9, 29, 15, 46, 53, 608000),)",2a3c600d
408442854,-778640468,3276,0:34:07.760000,"(datetime.datetime(2026, 9, 29, 15, 46, 53, 712000),)",2a3c600a
408440104,-778645356,3224,0:34:07.780000,"(datetime.datetime(2026, 9, 29, 15, 46, 53, 738000),)",2a3c600d
408442976,-778640257,3277,0:34:07.810000,"(datetime.datetime(2026, 9, 29, 15, 46, 53, 764000),)",2a3c600a
408440219,-778645160,3224,0:34:07.870000,"(datetime.datetime(2026, 9, 29, 15, 46, 53, 825000),)",2a3c600d
408442976,-778640257,3277,0:34:07.890000,"(datetime.datetime(2026, 9, 29, 15, 46, 53, 850000),)",2a3c600a
408440334,-778644958,3225,0:34:07.960000,"(datetime.datetime(2026, 9, 29, 15, 46, 53, 920000),)",2a3c600d
408443099,-778640042,3278,0:34:08.050000,"(datetime.datetime(2026, 9, 29, 15, 46, 54, 2000),)",2a3c600a
408440447,-778644756,3225,0:34:08.090000,"(datetime.datetime(2026, 9, 29, 15, 46, 54, 45000),)",2a3c600d
408443221,-778639830,3278,0:34:08.120000,"(datetime.datetime(2026, 9, 29, 15, 46, 54, 75000),)",2a3c600a
408440567,-778644555,3226,0:34:08.179000,"(datetime.datetime(2026, 9, 29, 15, 46, 54, 133000),)",2a3c600d
408443343,-778639616,3279,0:34:08.199000,"(datetime.datetime(2026, 9, 29, 15, 46, 54, 158000),)",2a3c600a
408440678,-778644352,3226,0:34:08.270000,"(datetime.datetime(2026, 9, 29, 15, 46, 54, 229000),)",2a3c600d
408443469,-778639403,3280,0:34:08.330000,"(datetime.datetime(2026, 9, 29, 15, 46, 54, 286000),)",2a3c600a
408440794,-778644151,3227,0:34:08.360000,"(datetime.datetime(2026, 9, 29, 15, 46, 54, 311000),)",2a3c600d
408443589,-778639187,3281,0:34:08.420000,"(datetime.datetime(2026, 9, 29, 15, 46, 54, 376000),)",2a3c600a
408440913,-778643948,3227,0:34:08.489000,"(datetime.datetime(2026, 9, 29, 15, 46, 54, 449000),)",2a3c600d
408443714,-778638973,3281,0:34:08.550000,"(datetime.datetime(2026, 9, 29, 15, 46, 54, 509000),)",2a3c600a
408441028,-778643747,3228,0:34:08.610000,"(datetime.datetime(2026, 9, 29, 15, 46, 54, 562000),)",2a3c600d
408443836,-778638757,3282,0:34:08.630000,"(datetime.datetime(2026, 9, 29, 15, 46, 54, 587000),)",2a3c600a
408441142,-778643543,3229,0:34:08.699000,"(datetime.datetime(2026, 9, 29, 15, 46, 54, 651000),)",2a3c600d
408443957,-778638533,3282,0:34:08.750000,"(datetime.datetime(2026, 9, 29, 15, 46, 54, 700000),)",2a3c600a
408441260,-778643338,3229,0:34:08.780000,"(datetime.datetime(2026, 9, 29, 15, 46, 54, 739000),)",2a3c600d
408444081,-778638323,3282,0:34:08.810000,"(datetime.datetime(2026, 9, 29, 15, 46, 54, 764000),)",2a3c600a
408441375,-778643131,3229,0:34:08.870000,"(datetime.datetime(2026, 9, 29, 15, 46, 54, 828000),)",2a3c600d
408444203,-778638105,3283,0:34:08.900000,"(datetime.datetime(2026, 9, 29, 15, 46, 54, 852000),)",2a3c600a
408441492,-778642933,3230,0:34:08.960000,"(datetime.datetime(2026, 9, 29, 15, 46, 54, 915000),)",2a3c600d
408444328,-778637887,3284,0:34:08.989000,"(datetime.datetime(2026, 9, 29, 15, 46, 54, 946000),)",2a3c600a
408441609,-778642728,3230,0:34:09.060000,"(datetime.datetime(2026, 9, 29, 15, 46, 55, 13000),)",2a3c600d
408444450,-778637671,3284,0:34:09.120000,"(datetime.datetime(2026, 9, 29, 15, 46, 55, 78000),)",2a3c600a
408441727,-778642524,3231,0:34:09.179000,"(datetime.datetime(2026, 9, 29, 15, 46, 55, 135000),)",2a3c600d
408444574,-778637456,3284,0:34:09.239000,"(datetime.datetime(2026, 9, 29, 15, 46, 55, 193000),)",2a3c600a
408441843,-778642320,3232,0:34:09.270000,"(datetime.datetime(2026, 9, 29, 15, 46, 55, 223000),)",2a3c600d
408444698,-778637239,3285,0:34:09.330000,"(datetime.datetime(2026, 9, 29, 15, 46, 55, 286000),)",2a3c600a
408441962,-778642117,3232,0:34:09.429000,"(datetime.datetime(2026, 9, 29, 15, 46, 55, 388000),)",2a3c600d
408444822,-778637020,3285,0:34:09.469000,"(datetime.datetime(2026, 9, 29, 15, 46, 55, 420000),)",2a3c600a
408442079,-778641914,3233,0:34:09.489000,"(datetime.datetime(2026, 9, 29, 15, 46, 55, 447000),)",2a3c600d
408444946,-778636801,3285,0:34:09.550000,"(datetime.datetime(2026, 9, 29, 15, 46, 55, 510000),)",2a3c600a
408442196,-778641708,3233,0:34:09.580000,"(datetime.datetime(2026, 9, 29, 15, 46, 55, 534000),)",2a3c600d
408445070,-778636582,3286,0:34:09.639000,"(datetime.datetime(2026, 9, 29, 15, 46, 55, 599000),)",2a3c600a
408442310,-778641496,3235,0:34:09.670000,"(datetime.datetime(2026, 9, 29, 15, 46, 55, 624000),)",2a3c600d
408445195,-778636360,3286,0:34:09.739000,"(datetime.datetime(2026, 9, 29, 15, 46, 55, 692000),)",2a3c600a
408442428,-778641291,3235,0:34:09.760000,"(datetime.datetime(2026, 9, 29, 15, 46, 55, 715000),)",2a3c600d
408445319,-778636140,3287,0:34:09.820000,"(datetime.datetime(2026, 9, 29, 15, 46, 55, 780000),)",2a3c600a
408442545,-778641086,3236,0:34:09.920000,"(datetime.datetime(2026, 9, 29, 15, 46, 55, 875000),)",2a3c600d
408445444,-778635922,3287,0:34:09.949000,"(datetime.datetime(2026, 9, 29, 15, 46, 55, 908000),)",2a3c600a
408442662,-778640881,3237,0:34:10.020000,"(datetime.datetime(2026, 9, 29, 15, 46, 55, 971000),)",2a3c600d
408445569,-778635701,3287,0:34:10.070000,"(datetime.datetime(2026, 9, 29, 15, 46, 56, 21000),)",2a3c600a
408442780,-778640675,3237,0:34:10.090000,"(datetime.datetime(2026, 9, 29, 15, 46, 56, 46000),)",2a3c600d
408445695,-778635482,3287,0:34:10.159000,"(datetime.datetime(2026, 9, 29, 15, 46, 56, 117000),)",2a3c600a
408442897,-778640469,3238,0:34:10.190000,"(datetime.datetime(2026, 9, 29, 15, 46, 56, 143000),)",2a3c600d
408445820,-778635262,3287,0:34:10.250000,"(datetime.datetime(2026, 9, 29, 15, 46, 56, 207000),)",2a3c600a
408443014,-778640262,3238,0:34:10.280000,"(datetime.datetime(2026, 9, 29, 15, 46, 56, 232000),)",2a3c600d
408445946,-778635043,3288,0:34:10.350000,"(datetime.datetime(2026, 9, 29, 15, 46, 56, 301000),)",2a3c600a
408443134,-778640055,3239,0:34:10.370000,"(datetime.datetime(2026, 9, 29, 15, 46, 56, 325000),)",2a3c600d
408446072,-778634821,3288,0:34:10.440000,"(datetime.datetime(2026, 9, 29, 15, 46, 56, 398000),)",2a3c600a
408443251,-778639848,3239,0:34:10.510000,"(datetime.datetime(2026, 9, 29, 15, 46, 56, 465000),)",2a3c600d
408446197,-778634602,3289,0:34:10.530000,"(datetime.datetime(2026, 9, 29, 15, 46, 56, 489000),)",2a3c600a
408443368,-778639641,3240,0:34:10.600000,"(datetime.datetime(2026, 9, 29, 15, 46, 56, 558000),)",2a3c600d
408446323,-778634380,3289,0:34:10.630000,"(datetime.datetime(2026, 9, 29, 15, 46, 56, 582000),)",2a3c600a
408443488,-778639440,3241,0:34:10.690000,"(datetime.datetime(2026, 9, 29, 15, 46, 56, 645000),)",2a3c600d
408446448,-778634158,3290,0:34:10.719000,"(datetime.datetime(2026, 9, 29, 15, 46, 56, 670000),)",2a3c600a
408443604,-778639229,3241,0:34:10.790000,"(datetime.datetime(2026, 9, 29, 15, 46, 56, 746000),)",2a3c600d
408446574,-778633937,3291,0:34:10.810000,"(datetime.datetime(2026, 9, 29, 15, 46, 56, 770000),)",2a3c600a
408443721,-778639017,3242,0:34:10.880000,"(datetime.datetime(2026, 9, 29, 15, 46, 56, 833000),)",2a3c600d
408446701,-778633718,3292,0:34:10.900000,"(datetime.datetime(2026, 9, 29, 15, 46, 56, 859000),)",2a3c600a
408443844,-778638814,3242,0:34:10.960000,"(datetime.datetime(2026, 9, 29, 15, 46, 56, 920000),)",2a3c600d
408446826,-778633499,3292,0:34:10.989000,"(datetime.datetime(2026, 9, 29, 15, 46, 56, 944000),)",2a3c600a
408443960,-778638604,3242,0:34:11.060000,"(datetime.datetime(2026, 9, 29, 15, 46, 57, 13000),)",2a3c600d
408446952,-778633280,3292,0:34:11.090000,"(datetime.datetime(2026, 9, 29, 15, 46, 57, 43000),)",2a3c600a
408444081,-778638398,3243,0:34:11.159000,"(datetime.datetime(2026, 9, 29, 15, 46, 57, 111000),)",2a3c600d
408447076,-778633059,3293,0:34:11.179000,"(datetime.datetime(2026, 9, 29, 15, 46, 57, 135000),)",2a3c600a
408444198,-778638188,3243,0:34:11.260000,"(datetime.datetime(2026, 9, 29, 15, 46, 57, 210000),)",2a3c600d
408447202,-778632844,3294,0:34:11.310000,"(datetime.datetime(2026, 9, 29, 15, 46, 57, 264000),)",2a3c600a
408444320,-778637986,3243,0:34:11.330000,"(datetime.datetime(2026, 9, 29, 15, 46, 57, 290000),)",2a3c600d
408447328,-778632625,3294,0:34:11.400000,"(datetime.datetime(2026, 9, 29, 15, 46, 57, 357000),)",2a3c600a
408444443,-778637778,3243,0:34:11.429000,"(datetime.datetime(2026, 9, 29, 15, 46, 57, 382000),)",2a3c600d
408447452,-778632406,3294,0:34:11.489000,"(datetime.datetime(2026, 9, 29, 15, 46, 57, 450000),)",2a3c600a
408444559,-778637566,3244,0:34:11.570000,"(datetime.datetime(2026, 9, 29, 15, 46, 57, 527000),)",2a3c600d
408447575,-778632190,3294,0:34:11.620000,"(datetime.datetime(2026, 9, 29, 15, 46, 57, 579000),)",2a3c600a
408444675,-778637353,3245,0:34:11.679000,"(datetime.datetime(2026, 9, 29, 15, 46, 57, 633000),)",2a3c600d
408447698,-778631971,3295,0:34:11.760000,"(datetime.datetime(2026, 9, 29, 15, 46, 57, 720000),)",2a3c600a
408444797,-778637141,3245,0:34:11.800000,"(datetime.datetime(2026, 9, 29, 15, 46, 57, 751000),)",2a3c600d
408447822,-778631752,3295,0:34:11.820000,"(datetime.datetime(2026, 9, 29, 15, 46, 57, 775000),)",2a3c600a
408444918,-778636933,3245,0:34:11.889000,"(datetime.datetime(2026, 9, 29, 15, 46, 57, 841000),)",2a3c600d
408447946,-778631538,3296,0:34:11.909000,"(datetime.datetime(2026, 9, 29, 15, 46, 57, 865000),)",2a3c600a
408445036,-778636721,3246,0:34:11.969000,"(datetime.datetime(2026, 9, 29, 15, 46, 57, 928000),)",2a3c600d
408448069,-778631322,3296,0:34:12,"(datetime.datetime(2026, 9, 29, 15, 46, 57, 954000),)",2a3c600a
408445157,-778636510,3246,0:34:12.070000,"(datetime.datetime(2026, 9, 29, 15, 46, 58, 25000),)",2a3c600d
408448193,-778631107,3296,0:34:12.130000,"(datetime.datetime(2026, 9, 29, 15, 46, 58, 86000),)",2a3c600a
408445278,-778636302,3246,0:34:12.190000,"(datetime.datetime(2026, 9, 29, 15, 46, 58, 146000),)",2a3c600d
408448318,-778630886,3297,0:34:12.270000,"(datetime.datetime(2026, 9, 29, 15, 46, 58, 227000),)",2a3c600a
408445395,-778636088,3246,0:34:12.310000,"(datetime.datetime(2026, 9, 29, 15, 46, 58, 267000),)",2a3c600d
408448442,-778630671,3297,0:34:12.340000,"(datetime.datetime(2026, 9, 29, 15, 46, 58, 293000),)",2a3c600a
408445519,-778635876,3247,0:34:12.409000,"(datetime.datetime(2026, 9, 29, 15, 46, 58, 369000),)",2a3c600d
408448566,-778630452,3297,0:34:12.469000,"(datetime.datetime(2026, 9, 29, 15, 46, 58, 426000),)",2a3c600a
408445640,-778635663,3247,0:34:12.500000,"(datetime.datetime(2026, 9, 29, 15, 46, 58, 455000),)",2a3c600d
408448690,-778630235,3298,0:34:12.560000,"(datetime.datetime(2026, 9, 29, 15, 46, 58, 519000),)",2a3c600a
408445761,-778635452,3247,0:34:12.590000,"(datetime.datetime(2026, 9, 29, 15, 46, 58, 543000),)",2a3c600d
408448814,-778630017,3298,0:34:12.650000,"(datetime.datetime(2026, 9, 29, 15, 46, 58, 606000),)",2a3c600a
408445877,-778635237,3249,0:34:12.670000,"(datetime.datetime(2026, 9, 29, 15, 46, 58, 630000),)",2a3c600d
408448941,-778629797,3298,0:34:12.739000,"(datetime.datetime(2026, 9, 29, 15, 46, 58, 699000),)",2a3c600a
408446000,-778635024,3249,0:34:12.820000,"(datetime.datetime(2026, 9, 29, 15, 46, 58, 774000),)",2a3c600d
408449064,-778629578,3299,0:34:12.850000,"(datetime.datetime(2026, 9, 29, 15, 46, 58, 805000),)",2a3c600a
408446122,-778634812,3250,0:34:12.989000,"(datetime.datetime(2026, 9, 29, 15, 46, 58, 949000),)",2a3c600d
408449189,-778629360,3299,0:34:13.150000,"(datetime.datetime(2026, 9, 29, 15, 46, 59, 102000),)",2a3c600a
408446244,-778634597,3250,0:34:13.230000,"(datetime.datetime(2026, 9, 29, 15, 46, 59, 180000),)",2a3c600d
408449315,-778629140,3299,0:34:13.300000,"(datetime.datetime(2026, 9, 29, 15, 46, 59, 257000),)",2a3c600a
408446362,-778634386,3250,0:34:13.389000,"(datetime.datetime(2026, 9, 29, 15, 46, 59, 349000),)",2a3c600d
408449441,-778628922,3299,0:34:13.510000,"(datetime.datetime(2026, 9, 29, 15, 46, 59, 467000),)",2a3c600a
408446483,-778634172,3251,0:34:13.590000,"(datetime.datetime(2026, 9, 29, 15, 46, 59, 544000),)",2a3c600d
408449565,-778628705,3299,0:34:13.670000,"(datetime.datetime(2026, 9, 29, 15, 46, 59, 628000),)",2a3c600a
408446605,-778633958,3252,0:34:13.860000,"(datetime.datetime(2026, 9, 29, 15, 46, 59, 818000),)",2a3c600d
408449692,-778628484,3299,0:34:13.949000,"(datetime.datetime(2026, 9, 29, 15, 46, 59, 901000),)",2a3c600a
408446727,-778633744,3252,0:34:13.989000,"(datetime.datetime(2026, 9, 29, 15, 46, 59, 945000),)",2a3c600d
408449816,-778628265,3299,0:34:14.060000,"(datetime.datetime(2026, 9, 29, 15, 47, 0, 11000),)",2a3c600a
408446851,-778633530,3253,0:34:14.150000,"(datetime.datetime(2026, 9, 29, 15, 47, 0, 107000),)",2a3c600d
408449941,-778628044,3299,0:34:14.199000,"(datetime.datetime(2026, 9, 29, 15, 47, 0, 151000),)",2a3c600a
408446970,-778633314,3253,0:34:14.290000,"(datetime.datetime(2026, 9, 29, 15, 47, 0, 243000),)",2a3c600d
408450067,-778627824,3299,0:34:14.449000,"(datetime.datetime(2026, 9, 29, 15, 47, 0, 404000),)",2a3c600a
408447094,-778633103,3254,0:34:14.510000,"(datetime.datetime(2026, 9, 29, 15, 47, 0, 465000),)",2a3c600d
408450190,-778627600,3299,0:34:14.580000,"(datetime.datetime(2026, 9, 29, 15, 47, 0, 540000),)",2a3c600a
408447217,-778632886,3254,0:34:14.770000,"(datetime.datetime(2026, 9, 29, 15, 47, 0, 730000),)",2a3c600d
408450316,-778627381,3299,0:34:14.820000,"(datetime.datetime(2026, 9, 29, 15, 47, 0, 772000),)",2a3c600a
408447337,-778632670,3254,0:34:14.900000,"(datetime.datetime(2026, 9, 29, 15, 47, 0, 857000),)",2a3c600d
408450444,-778627160,3299,0:34:15.020000,"(datetime.datetime(2026, 9, 29, 15, 47, 0, 980000),)",2a3c600a
408447460,-778632455,3255,0:34:15.170000,"(datetime.datetime(2026, 9, 29, 15, 47, 1, 130000),)",2a3c600d
408450570,-778626936,3299,0:34:15.280000,"(datetime.datetime(2026, 9, 29, 15, 47, 1, 235000),)",2a3c600a
408447583,-778632239,3255,0:34:15.330000,"(datetime.datetime(2026, 9, 29, 15, 47, 1, 283000),)",2a3c600d
408450695,-778626711,3300,0:34:15.449000,"(datetime.datetime(2026, 9, 29, 15, 47, 1, 408000),)",2a3c600a
408447705,-778632022,3255,0:34:15.530000,"(datetime.datetime(2026, 9, 29, 15, 47, 1, 488000),)",2a3c600d
408450822,-778626491,3299,0:34:15.600000,"(datetime.datetime(2026, 9, 29, 15, 47, 1, 554000),)",2a3c600a
408447828,-778631806,3256,0:34:15.659000,"(datetime.datetime(2026, 9, 29, 15, 47, 1, 620000),)",2a3c600d
408450948,-778626269,3299,0:34:15.739000,"(datetime.datetime(2026, 9, 29, 15, 47, 1, 700000),)",2a3c600a
408447950,-778631586,3257,0:34:15.800000,"(datetime.datetime(2026, 9, 29, 15, 47, 1, 753000),)",2a3c600d
408451075,-778626046,3300,0:34:15.850000,"(datetime.datetime(2026, 9, 29, 15, 47, 1, 808000),)",2a3c600a
408448071,-778631368,3257,0:34:15.880000,"(datetime.datetime(2026, 9, 29, 15, 47, 1, 835000),)",2a3c600d
408451200,-778625822,3300,0:34:15.949000,"(datetime.datetime(2026, 9, 29, 15, 47, 1, 902000),)",2a3c600a
408448196,-778631151,3257,0:34:15.969000,"(datetime.datetime(2026, 9, 29, 15, 47, 1, 927000),)",2a3c600d
408451327,-778625602,3300,0:34:16.040000,"(datetime.datetime(2026, 9, 29, 15, 47, 1, 995000),)",2a3c600a
408448318,-778630937,3258,0:34:16.070000,"(datetime.datetime(2026, 9, 29, 15, 47, 2, 20000),)",2a3c600d
408451455,-778625378,3301,0:34:16.130000,"(datetime.datetime(2026, 9, 29, 15, 47, 2, 87000),)",2a3c600a
408448441,-778630713,3258,0:34:16.159000,"(datetime.datetime(2026, 9, 29, 15, 47, 2, 113000),)",2a3c600d
408451580,-778625152,3301,0:34:16.219000,"(datetime.datetime(2026, 9, 29, 15, 47, 2, 180000),)",2a3c600a
408448563,-778630498,3258,0:34:16.250000,"(datetime.datetime(2026, 9, 29, 15, 47, 2, 206000),)",2a3c600d
408451707,-778624928,3301,0:34:16.320000,"(datetime.datetime(2026, 9, 29, 15, 47, 2, 277000),)",2a3c600a
408448692,-778630279,3259,0:34:16.389000,"(datetime.datetime(2026, 9, 29, 15, 47, 2, 345000),)",2a3c600d
408451834,-778624705,3301,0:34:16.449000,"(datetime.datetime(2026, 9, 29, 15, 47, 2, 406000),)",2a3c600a
408448816,-778630060,3259,0:34:16.510000,"(datetime.datetime(2026, 9, 29, 15, 47, 2, 470000),)",2a3c600d
408451963,-778624482,3301,0:34:16.540000,"(datetime.datetime(2026, 9, 29, 15, 47, 2, 495000),)",2a3c600a
408448940,-778629844,3259,0:34:16.620000,"(datetime.datetime(2026, 9, 29, 15, 47, 2, 571000),)",2a3c600d
408452090,-778624258,3301,0:34:16.670000,"(datetime.datetime(2026, 9, 29, 15, 47, 2, 630000),)",2a3c600a
408449065,-778629624,3259,0:34:16.739000,"(datetime.datetime(2026, 9, 29, 15, 47, 2, 699000),)",2a3c600d
408452218,-778624035,3301,0:34:16.800000,"(datetime.datetime(2026, 9, 29, 15, 47, 2, 753000),)",2a3c600a
408449192,-778629403,3259,0:34:16.820000,"(datetime.datetime(2026, 9, 29, 15, 47, 2, 778000),)",2a3c600d
408452349,-778623811,3301,0:34:16.909000,"(datetime.datetime(2026, 9, 29, 15, 47, 2, 861000),)",2a3c600a
408449317,-778629183,3260,0:34:16.929000,"(datetime.datetime(2026, 9, 29, 15, 47, 2, 886000),)",2a3c600d
408452480,-778623585,3301,0:34:16.989000,"(datetime.datetime(2026, 9, 29, 15, 47, 2, 950000),)",2a3c600a
408449444,-778628963,3260,0:34:17.090000,"(datetime.datetime(2026, 9, 29, 15, 47, 3, 45000),)",2a3c600d
408452608,-778623361,3301,0:34:17.110000,"(datetime.datetime(2026, 9, 29, 15, 47, 3, 70000),)",2a3c600a
408449568,-778628745,3259,0:34:17.159000,"(datetime.datetime(2026, 9, 29, 15, 47, 3, 113000),)",2a3c600d
408452734,-778623140,3301,0:34:17.179000,"(datetime.datetime(2026, 9, 29, 15, 47, 3, 138000),)",2a3c600a
408449694,-778628520,3259,0:34:17.250000,"(datetime.datetime(2026, 9, 29, 15, 47, 3, 209000),)",2a3c600d
408452863,-778622916,3300,0:34:17.280000,"(datetime.datetime(2026, 9, 29, 15, 47, 3, 234000),)",2a3c600a
408449822,-778628298,3259,0:34:17.350000,"(datetime.datetime(2026, 9, 29, 15, 47, 3, 309000),)",2a3c600d
408452994,-778622691,3300,0:34:17.380000,"(datetime.datetime(2026, 9, 29, 15, 47, 3, 334000),)",2a3c600a
408449950,-778628079,3259,0:34:17.449000,"(datetime.datetime(2026, 9, 29, 15, 47, 3, 405000),)",2a3c600d
408453125,-778622468,3300,0:34:17.469000,"(datetime.datetime(2026, 9, 29, 15, 47, 3, 430000),)",2a3c600a
408450075,-778627858,3260,0:34:17.540000,"(datetime.datetime(2026, 9, 29, 15, 47, 3, 496000),)",2a3c600d
408453257,-778622244,3301,0:34:17.570000,"(datetime.datetime(2026, 9, 29, 15, 47, 3, 521000),)",2a3c600a
408450203,-778627638,3259,0:34:17.639000,"(datetime.datetime(2026, 9, 29, 15, 47, 3, 594000),)",2a3c600d
408453388,-778622018,3301,0:34:17.670000,"(datetime.datetime(2026, 9, 29, 15, 47, 3, 621000),)",2a3c600a
408450332,-778627413,3260,0:34:17.739000,"(datetime.datetime(2026, 9, 29, 15, 47, 3, 699000),)",2a3c600d
408453520,-778621791,3301,0:34:17.800000,"(datetime.datetime(2026, 9, 29, 15, 47, 3, 751000),)",2a3c600a
408450460,-778627189,3259,0:34:17.820000,"(datetime.datetime(2026, 9, 29, 15, 47, 3, 777000),)",2a3c600d
408453651,-778621566,3301,0:34:17.889000,"(datetime.datetime(2026, 9, 29, 15, 47, 3, 845000),)",2a3c600a
408450584,-778626962,3260,0:34:17.949000,"(datetime.datetime(2026, 9, 29, 15, 47, 3, 901000),)",2a3c600d
408453783,-778621341,3301,0:34:17.969000,"(datetime.datetime(2026, 9, 29, 15, 47, 3, 926000),)",2a3c600a
408450711,-778626739,3260,0:34:18.040000,"(datetime.datetime(2026, 9, 29, 15, 47, 3, 993000),)",2a3c600d
408453916,-778621114,3301,0:34:18.060000,"(datetime.datetime(2026, 9, 29, 15, 47, 4, 16000),)",2a3c600a
408450837,-778626513,3261,0:34:18.130000,"(datetime.datetime(2026, 9, 29, 15, 47, 4, 83000),)",2a3c600d
408454047,-778620886,3302,0:34:18.150000,"(datetime.datetime(2026, 9, 29, 15, 47, 4, 109000),)",2a3c600a
408450966,-778626287,3260,0:34:18.219000,"(datetime.datetime(2026, 9, 29, 15, 47, 4, 176000),)",2a3c600d
408454179,-778620659,3302,0:34:18.250000,"(datetime.datetime(2026, 9, 29, 15, 47, 4, 202000),)",2a3c600a
408451096,-778626063,3261,0:34:18.320000,"(datetime.datetime(2026, 9, 29, 15, 47, 4, 271000),)",2a3c600d
408454312,-778620436,3302,0:34:18.340000,"(datetime.datetime(2026, 9, 29, 15, 47, 4, 296000),)",2a3c600a
408451227,-778625840,3261,0:34:18.409000,"(datetime.datetime(2026, 9, 29, 15, 47, 4, 366000),)",2a3c600d
408454442,-778620216,3302,0:34:18.440000,"(datetime.datetime(2026, 9, 29, 15, 47, 4, 392000),)",2a3c600a
408451354,-778625611,3261,0:34:18.500000,"(datetime.datetime(2026, 9, 29, 15, 47, 4, 454000),)",2a3c600d
408454572,-778619992,3302,0:34:18.590000,"(datetime.datetime(2026, 9, 29, 15, 47, 4, 542000),)",2a3c600a
408451483,-778625388,3262,0:34:18.610000,"(datetime.datetime(2026, 9, 29, 15, 47, 4, 568000),)",2a3c600d
408454703,-778619770,3303,0:34:18.659000,"(datetime.datetime(2026, 9, 29, 15, 47, 4, 616000),)",2a3c600a
408451615,-778625163,3261,0:34:18.690000,"(datetime.datetime(2026, 9, 29, 15, 47, 4, 643000),)",2a3c600d
408454833,-778619545,3303,0:34:18.750000,"(datetime.datetime(2026, 9, 29, 15, 47, 4, 709000),)",2a3c600a
408451742,-778624937,3261,0:34:18.780000,"(datetime.datetime(2026, 9, 29, 15, 47, 4, 734000),)",2a3c600d
408454963,-778619321,3304,0:34:18.840000,"(datetime.datetime(2026, 9, 29, 15, 47, 4, 799000),)",2a3c600a
408451874,-778624708,3262,0:34:18.870000,"(datetime.datetime(2026, 9, 29, 15, 47, 4, 825000),)",2a3c600d
408455094,-778619101,3304,0:34:18.940000,"(datetime.datetime(2026, 9, 29, 15, 47, 4, 893000),)",2a3c600a
408452005,-778624483,3261,0:34:18.960000,"(datetime.datetime(2026, 9, 29, 15, 47, 4, 918000),)",2a3c600d
408455222,-778618876,3305,0:34:19.030000,"(datetime.datetime(2026, 9, 29, 15, 47, 4, 983000),)",2a3c600a
408452133,-778624255,3262,0:34:19.060000,"(datetime.datetime(2026, 9, 29, 15, 47, 5, 10000),)",2a3c600d
408455352,-778618648,3305,0:34:19.120000,"(datetime.datetime(2026, 9, 29, 15, 47, 5, 73000),)",2a3c600a
408452264,-778624026,3262,0:34:19.139000,"(datetime.datetime(2026, 9, 29, 15, 47, 5, 99000),)",2a3c600d
408455479,-778618425,3305,0:34:19.210000,"(datetime.datetime(2026, 9, 29, 15, 47, 5, 164000),)",2a3c600a
408452395,-778623798,3262,0:34:19.230000,"(datetime.datetime(2026, 9, 29, 15, 47, 5, 190000),)",2a3c600d
408455611,-778618203,3306,0:34:19.300000,"(datetime.datetime(2026, 9, 29, 15, 47, 5, 259000),)",2a3c600a
408452527,-778623570,3262,0:34:19.330000,"(datetime.datetime(2026, 9, 29, 15, 47, 5, 283000),)",2a3c600d
408455738,-778617980,3306,0:34:19.400000,"(datetime.datetime(2026, 9, 29, 15, 47, 5, 352000),)",2a3c600a
408452659,-778623345,3262,0:34:19.420000,"(datetime.datetime(2026, 9, 29, 15, 47, 5, 379000),)",2a3c600d
408455867,-778617760,3307,0:34:19.489000,"(datetime.datetime(2026, 9, 29, 15, 47, 5, 442000),)",2a3c600a
408452791,-778623115,3262,0:34:19.510000,"(datetime.datetime(2026, 9, 29, 15, 47, 5, 467000),)",2a3c600d
408455997,-778617535,3307,0:34:19.580000,"(datetime.datetime(2026, 9, 29, 15, 47, 5, 535000),)",2a3c600a
408452924,-778622889,3262,0:34:19.600000,"(datetime.datetime(2026, 9, 29, 15, 47, 5, 560000),)",2a3c600d
408456122,-778617316,3307,0:34:19.670000,"(datetime.datetime(2026, 9, 29, 15, 47, 5, 626000),)",2a3c600a
408453053,-778622658,3262,0:34:19.699000,"(datetime.datetime(2026, 9, 29, 15, 47, 5, 655000),)",2a3c600d
408456251,-778617091,3308,0:34:19.760000,"(datetime.datetime(2026, 9, 29, 15, 47, 5, 716000),)",2a3c600a
408453185,-778622431,3262,0:34:19.830000,"(datetime.datetime(2026, 9, 29, 15, 47, 5, 784000),)",2a3c600d
408456379,-778616867,3308,0:34:19.880000,"(datetime.datetime(2026, 9, 29, 15, 47, 5, 835000),)",2a3c600a
408453322,-778622202,3262,0:34:19.900000,"(datetime.datetime(2026, 9, 29, 15, 47, 5, 860000),)",2a3c600d
408456509,-778616645,3308,0:34:19.969000,"(datetime.datetime(2026, 9, 29, 15, 47, 5, 926000),)",2a3c600a
408453322,-778622202,3262,0:34:20,"(datetime.datetime(2026, 9, 29, 15, 47, 5, 951000),)",2a3c600d
408456636,-778616420,3309,0:34:20.060000,"(datetime.datetime(2026, 9, 29, 15, 47, 6, 18000),)",2a3c600a
408453587,-778621746,3263,0:34:20.090000,"(datetime.datetime(2026, 9, 29, 15, 47, 6, 49000),)",2a3c600d
408456765,-778616197,3309,0:34:20.150000,"(datetime.datetime(2026, 9, 29, 15, 47, 6, 108000),)",2a3c600a
408453587,-778621746,3263,0:34:20.179000,"(datetime.datetime(2026, 9, 29, 15, 47, 6, 133000),)",2a3c600d
408456890,-778615969,3310,0:34:20.239000,"(datetime.datetime(2026, 9, 29, 15, 47, 6, 199000),)",2a3c600a
408453717,-778621516,3263,0:34:20.270000,"(datetime.datetime(2026, 9, 29, 15, 47, 6, 224000),)",2a3c600d
408457015,-778615745,3310,0:34:20.330000,"(datetime.datetime(2026, 9, 29, 15, 47, 6, 290000),)",2a3c600a
408453983,-778621057,3263,0:34:20.360000,"(datetime.datetime(2026, 9, 29, 15, 47, 6, 314000),)",2a3c600d
408457143,-778615524,3311,0:34:20.420000,"(datetime.datetime(2026, 9, 29, 15, 47, 6, 380000),)",2a3c600a
408453983,-778621057,3263,0:34:20.449000,"(datetime.datetime(2026, 9, 29, 15, 47, 6, 405000),)",2a3c600d
408457271,-778615300,3311,0:34:20.510000,"(datetime.datetime(2026, 9, 29, 15, 47, 6, 469000),)",2a3c600a
408454116,-778620826,3263,0:34:20.550000,"(datetime.datetime(2026, 9, 29, 15, 47, 6, 508000),)",2a3c600d
408457395,-778615075,3311,0:34:20.600000,"(datetime.datetime(2026, 9, 29, 15, 47, 6, 558000),)",2a3c600a
408454249,-778620594,3264,0:34:20.630000,"(datetime.datetime(2026, 9, 29, 15, 47, 6, 582000),)",2a3c600d
408457522,-778614853,3312,0:34:20.690000,"(datetime.datetime(2026, 9, 29, 15, 47, 6, 648000),)",2a3c600a
408454383,-778620365,3264,0:34:20.719000,"(datetime.datetime(2026, 9, 29, 15, 47, 6, 673000),)",2a3c600d
408457648,-778614630,3312,0:34:20.780000,"(datetime.datetime(2026, 9, 29, 15, 47, 6, 739000),)",2a3c600a
408454517,-778620136,3264,0:34:20.810000,"(datetime.datetime(2026, 9, 29, 15, 47, 6, 763000),)",2a3c600d
408457776,-778614404,3312,0:34:20.870000,"(datetime.datetime(2026, 9, 29, 15, 47, 6, 828000),)",2a3c600a
408454647,-778619904,3264,0:34:20.900000,"(datetime.datetime(2026, 9, 29, 15, 47, 6, 853000),)",2a3c600d
408457902,-778614181,3313,0:34:20.960000,"(datetime.datetime(2026, 9, 29, 15, 47, 6, 919000),)",2a3c600a
408454783,-778619672,3264,0:34:20.989000,"(datetime.datetime(2026, 9, 29, 15, 47, 6, 944000),)",2a3c600d
408458027,-778613958,3313,0:34:21.050000,"(datetime.datetime(2026, 9, 29, 15, 47, 7, 8000),)",2a3c600a
408454916,-778619439,3265,0:34:21.080000,"(datetime.datetime(2026, 9, 29, 15, 47, 7, 38000),)",2a3c600d
408458153,-778613737,3314,0:34:21.159000,"(datetime.datetime(2026, 9, 29, 15, 47, 7, 112000),)",2a3c600a
408455048,-778619210,3265,0:34:21.210000,"(datetime.datetime(2026, 9, 29, 15, 47, 7, 168000),)",2a3c600d
408458281,-778613511,3314,0:34:21.280000,"(datetime.datetime(2026, 9, 29, 15, 47, 7, 234000),)",2a3c600a
408455181,-778618977,3266,0:34:21.340000,"(datetime.datetime(2026, 9, 29, 15, 47, 7, 291000),)",2a3c600d
408458406,-778613290,3314,0:34:21.360000,"(datetime.datetime(2026, 9, 29, 15, 47, 7, 316000),)",2a3c600a
408455312,-778618746,3266,0:34:21.429000,"(datetime.datetime(2026, 9, 29, 15, 47, 7, 385000),)",2a3c600d
408458536,-778613065,3314,0:34:21.460000,"(datetime.datetime(2026, 9, 29, 15, 47, 7, 411000),)",2a3c600a
408455443,-778618509,3266,0:34:21.520000,"(datetime.datetime(2026, 9, 29, 15, 47, 7, 477000),)",2a3c600d
408458662,-778612839,3314,0:34:21.550000,"(datetime.datetime(2026, 9, 29, 15, 47, 7, 502000),)",2a3c600a
408455577,-778618278,3267,0:34:21.620000,"(datetime.datetime(2026, 9, 29, 15, 47, 7, 573000),)",2a3c600d
408458790,-778612618,3313,0:34:21.639000,"(datetime.datetime(2026, 9, 29, 15, 47, 7, 600000),)",2a3c600a
408455710,-778618047,3267,0:34:21.710000,"(datetime.datetime(2026, 9, 29, 15, 47, 7, 667000),)",2a3c600d
408458915,-778612397,3313,0:34:21.739000,"(datetime.datetime(2026, 9, 29, 15, 47, 7, 695000),)",2a3c600a
408455843,-778617818,3267,0:34:21.800000,"(datetime.datetime(2026, 9, 29, 15, 47, 7, 758000),)",2a3c600d
408459042,-778612168,3313,0:34:21.830000,"(datetime.datetime(2026, 9, 29, 15, 47, 7, 783000),)",2a3c600a
408455972,-778617581,3268,0:34:21.889000,"(datetime.datetime(2026, 9, 29, 15, 47, 7, 848000),)",2a3c600d
408459172,-778611941,3313,0:34:21.920000,"(datetime.datetime(2026, 9, 29, 15, 47, 7, 874000),)",2a3c600a
408456102,-778617352,3269,0:34:21.980000,"(datetime.datetime(2026, 9, 29, 15, 47, 7, 939000),)",2a3c600d
408459296,-778611714,3313,0:34:22.070000,"(datetime.datetime(2026, 9, 29, 15, 47, 8, 23000),)",2a3c600a
408456234,-778617121,3270,0:34:22.090000,"(datetime.datetime(2026, 9, 29, 15, 47, 8, 48000),)",2a3c600d
408459424,-778611494,3313,0:34:22.130000,"(datetime.datetime(2026, 9, 29, 15, 47, 8, 89000),)",2a3c600a
408456368,-778616890,3270,0:34:22.159000,"(datetime.datetime(2026, 9, 29, 15, 47, 8, 114000),)",2a3c600d
408459553,-778611272,3313,0:34:22.219000,"(datetime.datetime(2026, 9, 29, 15, 47, 8, 177000),)",2a3c600a
408456497,-778616657,3271,0:34:22.250000,"(datetime.datetime(2026, 9, 29, 15, 47, 8, 202000),)",2a3c600d
408459681,-778611048,3313,0:34:22.310000,"(datetime.datetime(2026, 9, 29, 15, 47, 8, 266000),)",2a3c600a
408456631,-778616427,3271,0:34:22.340000,"(datetime.datetime(2026, 9, 29, 15, 47, 8, 291000),)",2a3c600d
408459809,-778610823,3314,0:34:22.400000,"(datetime.datetime(2026, 9, 29, 15, 47, 8, 359000),)",2a3c600a
408456760,-778616193,3271,0:34:22.429000,"(datetime.datetime(2026, 9, 29, 15, 47, 8, 384000),)",2a3c600d
408459937,-778610598,3313,0:34:22.489000,"(datetime.datetime(2026, 9, 29, 15, 47, 8, 446000),)",2a3c600a
408456892,-778615962,3272,0:34:22.520000,"(datetime.datetime(2026, 9, 29, 15, 47, 8, 471000),)",2a3c600d
408460066,-778610375,3314,0:34:22.590000,"(datetime.datetime(2026, 9, 29, 15, 47, 8, 542000),)",2a3c600a
408457020,-778615732,3272,0:34:22.650000,"(datetime.datetime(2026, 9, 29, 15, 47, 8, 601000),)",2a3c600d
408460193,-778610152,3313,0:34:22.670000,"(datetime.datetime(2026, 9, 29, 15, 47, 8, 626000),)",2a3c600a
408457150,-778615500,3273,0:34:22.730000,"(datetime.datetime(2026, 9, 29, 15, 47, 8, 689000),)",2a3c600d
408460326,-778609929,3313,0:34:22.760000,"(datetime.datetime(2026, 9, 29, 15, 47, 8, 715000),)",2a3c600a
408457284,-778615269,3273,0:34:22.830000,"(datetime.datetime(2026, 9, 29, 15, 47, 8, 788000),)",2a3c600d
408460457,-778609707,3312,0:34:22.860000,"(datetime.datetime(2026, 9, 29, 15, 47, 8, 813000),)",2a3c600a
408457414,-778615038,3274,0:34:22.920000,"(datetime.datetime(2026, 9, 29, 15, 47, 8, 877000),)",2a3c600d
408460588,-778609485,3312,0:34:22.949000,"(datetime.datetime(2026, 9, 29, 15, 47, 8, 902000),)",2a3c600a
408457544,-778614808,3273,0:34:23.010000,"(datetime.datetime(2026, 9, 29, 15, 47, 8, 968000),)",2a3c600d
408460717,-778609258,3312,0:34:23.040000,"(datetime.datetime(2026, 9, 29, 15, 47, 8, 995000),)",2a3c600a
408457673,-778614578,3274,0:34:23.110000,"(datetime.datetime(2026, 9, 29, 15, 47, 9, 60000),)",2a3c600d
408460845,-778609034,3312,0:34:23.130000,"(datetime.datetime(2026, 9, 29, 15, 47, 9, 86000),)",2a3c600a
408457805,-778614349,3274,0:34:23.190000,"(datetime.datetime(2026, 9, 29, 15, 47, 9, 149000),)",2a3c600d
408460976,-778608809,3311,0:34:23.219000,"(datetime.datetime(2026, 9, 29, 15, 47, 9, 176000),)",2a3c600a
408457936,-778614118,3275,0:34:23.280000,"(datetime.datetime(2026, 9, 29, 15, 47, 9, 239000),)",2a3c600d
408461106,-778608584,3311,0:34:23.310000,"(datetime.datetime(2026, 9, 29, 15, 47, 9, 265000),)",2a3c600a
408458067,-778613888,3275,0:34:23.380000,"(datetime.datetime(2026, 9, 29, 15, 47, 9, 334000),)",2a3c600d
408461235,-778608361,3311,0:34:23.440000,"(datetime.datetime(2026, 9, 29, 15, 47, 9, 390000),)",2a3c600a
408458199,-778613661,3275,0:34:23.460000,"(datetime.datetime(2026, 9, 29, 15, 47, 9, 416000),)",2a3c600d
408461367,-778608138,3310,0:34:23.520000,"(datetime.datetime(2026, 9, 29, 15, 47, 9, 480000),)",2a3c600a
408458329,-778613433,3275,0:34:23.550000,"(datetime.datetime(2026, 9, 29, 15, 47, 9, 505000),)",2a3c600d
408461497,-778607909,3311,0:34:23.620000,"(datetime.datetime(2026, 9, 29, 15, 47, 9, 571000),)",2a3c600a
408458460,-778613209,3276,0:34:23.639000,"(datetime.datetime(2026, 9, 29, 15, 47, 9, 596000),)",2a3c600d
408461626,-778607686,3310,0:34:23.710000,"(datetime.datetime(2026, 9, 29, 15, 47, 9, 669000),)",2a3c600a
408458594,-778612977,3275,0:34:23.780000,"(datetime.datetime(2026, 9, 29, 15, 47, 9, 732000),)",2a3c600d
408458722,-778612746,3275,0:34:23.800000,"(datetime.datetime(2026, 9, 29, 15, 47, 9, 760000),)",2a3c600d
408461759,-778607459,3310,0:34:23.840000,"(datetime.datetime(2026, 9, 29, 15, 47, 9, 792000),)",2a3c600a
408458854,-778612521,3275,0:34:23.900000,"(datetime.datetime(2026, 9, 29, 15, 47, 9, 859000),)",2a3c600d
408461892,-778607235,3310,0:34:23.929000,"(datetime.datetime(2026, 9, 29, 15, 47, 9, 884000),)",2a3c600a
408458982,-778612289,3274,0:34:24,"(datetime.datetime(2026, 9, 29, 15, 47, 9, 951000),)",2a3c600d
408462019,-778607010,3310,0:34:24.090000,"(datetime.datetime(2026, 9, 29, 15, 47, 10, 45000),)",2a3c600a
408459114,-778612062,3274,0:34:24.120000,"(datetime.datetime(2026, 9, 29, 15, 47, 10, 74000),)",2a3c600d
408462149,-778606784,3310,0:34:24.150000,"(datetime.datetime(2026, 9, 29, 15, 47, 10, 102000),)",2a3c600a
408459245,-778611832,3275,0:34:24.239000,"(datetime.datetime(2026, 9, 29, 15, 47, 10, 194000),)",2a3c600d
408462279,-778606557,3310,0:34:24.300000,"(datetime.datetime(2026, 9, 29, 15, 47, 10, 252000),)",2a3c600a
408459375,-778611604,3275,0:34:24.350000,"(datetime.datetime(2026, 9, 29, 15, 47, 10, 310000),)",2a3c600d
408462411,-778606332,3311,0:34:24.380000,"(datetime.datetime(2026, 9, 29, 15, 47, 10, 336000),)",2a3c600a
408459507,-778611376,3274,0:34:24.449000,"(datetime.datetime(2026, 9, 29, 15, 47, 10, 405000),)",2a3c600d
408462538,-778606109,3311,0:34:24.480000,"(datetime.datetime(2026, 9, 29, 15, 47, 10, 430000),)",2a3c600a
408459637,-778611146,3274,0:34:24.540000,"(datetime.datetime(2026, 9, 29, 15, 47, 10, 500000),)",2a3c600d
408462670,-778605881,3311,0:34:24.600000,"(datetime.datetime(2026, 9, 29, 15, 47, 10, 557000),)",2a3c600a
408459769,-778610918,3274,0:34:24.699000,"(datetime.datetime(2026, 9, 29, 15, 47, 10, 657000),)",2a3c600d
408462800,-778605656,3311,0:34:24.730000,"(datetime.datetime(2026, 9, 29, 15, 47, 10, 690000),)",2a3c600a
408459898,-778610688,3274,0:34:24.790000,"(datetime.datetime(2026, 9, 29, 15, 47, 10, 742000),)",2a3c600d
408462932,-778605432,3312,0:34:24.830000,"(datetime.datetime(2026, 9, 29, 15, 47, 10, 786000),)",2a3c600a
408460027,-778610457,3275,0:34:24.860000,"(datetime.datetime(2026, 9, 29, 15, 47, 10, 812000),)",2a3c600d
408463061,-778605204,3312,0:34:24.920000,"(datetime.datetime(2026, 9, 29, 15, 47, 10, 878000),)",2a3c600a
408460157,-778610227,3275,0:34:25.010000,"(datetime.datetime(2026, 9, 29, 15, 47, 10, 962000),)",2a3c600d
408463190,-778604975,3312,0:34:25.060000,"(datetime.datetime(2026, 9, 29, 15, 47, 11, 11000),)",2a3c600a
408463320,-778604758,3312,0:34:25.080000,"(datetime.datetime(2026, 9, 29, 15, 47, 11, 37000),)",2a3c600a
408460292,-778609998,3274,0:34:25.139000,"(datetime.datetime(2026, 9, 29, 15, 47, 11, 94000),)",2a3c600d
408460424,-778609769,3274,0:34:25.219000,"(datetime.datetime(2026, 9, 29, 15, 47, 11, 174000),)",2a3c600d
408463450,-778604534,3312,0:34:25.239000,"(datetime.datetime(2026, 9, 29, 15, 47, 11, 200000),)",2a3c600a
408463581,-778604313,3313,0:34:25.310000,"(datetime.datetime(2026, 9, 29, 15, 47, 11, 262000),)",2a3c600a
408460556,-778609542,3274,0:34:25.330000,"(datetime.datetime(2026, 9, 29, 15, 47, 11, 289000),)",2a3c600d
408463710,-778604092,3314,0:34:25.400000,"(datetime.datetime(2026, 9, 29, 15, 47, 11, 358000),)",2a3c600a
408460688,-778609309,3273,0:34:25.429000,"(datetime.datetime(2026, 9, 29, 15, 47, 11, 385000),)",2a3c600d
408463838,-778603872,3314,0:34:25.489000,"(datetime.datetime(2026, 9, 29, 15, 47, 11, 450000),)",2a3c600a
408460819,-778609079,3273,0:34:25.520000,"(datetime.datetime(2026, 9, 29, 15, 47, 11, 475000),)",2a3c600d
408463972,-778603652,3315,0:34:25.580000,"(datetime.datetime(2026, 9, 29, 15, 47, 11, 540000),)",2a3c600a
408460950,-778608853,3273,0:34:25.610000,"(datetime.datetime(2026, 9, 29, 15, 47, 11, 566000),)",2a3c600d
408464101,-778603431,3316,0:34:25.679000,"(datetime.datetime(2026, 9, 29, 15, 47, 11, 631000),)",2a3c600a
408461083,-778608626,3273,0:34:25.699000,"(datetime.datetime(2026, 9, 29, 15, 47, 11, 656000),)",2a3c600d
408464231,-778603213,3316,0:34:25.790000,"(datetime.datetime(2026, 9, 29, 15, 47, 11, 742000),)",2a3c600a
408461215,-778608396,3272,0:34:25.830000,"(datetime.datetime(2026, 9, 29, 15, 47, 11, 789000),)",2a3c600d
408464364,-778602992,3316,0:34:25.860000,"(datetime.datetime(2026, 9, 29, 15, 47, 11, 814000),)",2a3c600a
408461347,-778608167,3273,0:34:25.920000,"(datetime.datetime(2026, 9, 29, 15, 47, 11, 878000),)",2a3c600d
408464494,-778602773,3317,0:34:25.989000,"(datetime.datetime(2026, 9, 29, 15, 47, 11, 945000),)",2a3c600a
408461478,-778607934,3272,0:34:26.020000,"(datetime.datetime(2026, 9, 29, 15, 47, 11, 978000),)",2a3c600d
408464619,-778602553,3317,0:34:26.080000,"(datetime.datetime(2026, 9, 29, 15, 47, 12, 36000),)",2a3c600a
408461611,-778607706,3272,0:34:26.110000,"(datetime.datetime(2026, 9, 29, 15, 47, 12, 62000),)",2a3c600d
408464753,-778602335,3317,0:34:26.170000,"(datetime.datetime(2026, 9, 29, 15, 47, 12, 127000),)",2a3c600a
408461742,-778607475,3272,0:34:26.250000,"(datetime.datetime(2026, 9, 29, 15, 47, 12, 201000),)",2a3c600d
408464881,-778602114,3318,0:34:26.270000,"(datetime.datetime(2026, 9, 29, 15, 47, 12, 230000),)",2a3c600a
408461872,-778607244,3272,0:34:26.320000,"(datetime.datetime(2026, 9, 29, 15, 47, 12, 279000),)",2a3c600d
408465013,-778601899,3318,0:34:26.409000,"(datetime.datetime(2026, 9, 29, 15, 47, 12, 366000),)",2a3c600a
408462003,-778607017,3272,0:34:26.449000,"(datetime.datetime(2026, 9, 29, 15, 47, 12, 405000),)",2a3c600d
408465142,-778601676,3319,0:34:26.540000,"(datetime.datetime(2026, 9, 29, 15, 47, 12, 492000),)",2a3c600a
408462136,-778606783,3272,0:34:26.560000,"(datetime.datetime(2026, 9, 29, 15, 47, 12, 520000),)",2a3c600d
408465275,-778601461,3319,0:34:26.610000,"(datetime.datetime(2026, 9, 29, 15, 47, 12, 563000),)",2a3c600a
408462270,-778606558,3273,0:34:26.639000,"(datetime.datetime(2026, 9, 29, 15, 47, 12, 590000),)",2a3c600d
408465404,-778601245,3319,0:34:26.699000,"(datetime.datetime(2026, 9, 29, 15, 47, 12, 659000),)",2a3c600a
408462399,-778606321,3273,0:34:26.790000,"(datetime.datetime(2026, 9, 29, 15, 47, 12, 745000),)",2a3c600d
408465535,-778601023,3320,0:34:26.820000,"(datetime.datetime(2026, 9, 29, 15, 47, 12, 778000),)",2a3c600a
408462533,-778606093,3273,0:34:26.860000,"(datetime.datetime(2026, 9, 29, 15, 47, 12, 812000),)",2a3c600d
408465663,-778600806,3321,0:34:26.880000,"(datetime.datetime(2026, 9, 29, 15, 47, 12, 836000),)",2a3c600a
408462669,-778605863,3273,0:34:26.949000,"(datetime.datetime(2026, 9, 29, 15, 47, 12, 910000),)",2a3c600d
408465797,-778600587,3320,0:34:27.010000,"(datetime.datetime(2026, 9, 29, 15, 47, 12, 968000),)",2a3c600a
408462805,-778605634,3273,0:34:27.100000,"(datetime.datetime(2026, 9, 29, 15, 47, 13, 53000),)",2a3c600d
408465926,-778600369,3320,0:34:27.120000,"(datetime.datetime(2026, 9, 29, 15, 47, 13, 79000),)",2a3c600a
408462933,-778605406,3274,0:34:27.170000,"(datetime.datetime(2026, 9, 29, 15, 47, 13, 123000),)",2a3c600d
408466057,-778600155,3320,0:34:27.190000,"(datetime.datetime(2026, 9, 29, 15, 47, 13, 147000),)",2a3c600a
408463065,-778605179,3274,0:34:27.250000,"(datetime.datetime(2026, 9, 29, 15, 47, 13, 210000),)",2a3c600d
408466189,-778599935,3321,0:34:27.280000,"(datetime.datetime(2026, 9, 29, 15, 47, 13, 236000),)",2a3c600a
408463199,-778604951,3275,0:34:27.350000,"(datetime.datetime(2026, 9, 29, 15, 47, 13, 301000),)",2a3c600d
408466321,-778599718,3320,0:34:27.370000,"(datetime.datetime(2026, 9, 29, 15, 47, 13, 327000),)",2a3c600a
408463331,-778604720,3275,0:34:27.440000,"(datetime.datetime(2026, 9, 29, 15, 47, 13, 400000),)",2a3c600d
408466453,-778599503,3321,0:34:27.469000,"(datetime.datetime(2026, 9, 29, 15, 47, 13, 425000),)",2a3c600a
408463463,-778604494,3276,0:34:27.540000,"(datetime.datetime(2026, 9, 29, 15, 47, 13, 491000),)",2a3c600d
408466582,-778599282,3321,0:34:27.560000,"(datetime.datetime(2026, 9, 29, 15, 47, 13, 517000),)",2a3c600a
408463595,-778604266,3276,0:34:27.630000,"(datetime.datetime(2026, 9, 29, 15, 47, 13, 582000),)",2a3c600d
408466716,-778599064,3321,0:34:27.650000,"(datetime.datetime(2026, 9, 29, 15, 47, 13, 607000),)",2a3c600a
408463727,-778604039,3277,0:34:27.719000,"(datetime.datetime(2026, 9, 29, 15, 47, 13, 676000),)",2a3c600d
408466846,-778598845,3321,0:34:27.790000,"(datetime.datetime(2026, 9, 29, 15, 47, 13, 742000),)",2a3c600a
408463856,-778603811,3278,0:34:27.810000,"(datetime.datetime(2026, 9, 29, 15, 47, 13, 768000),)",2a3c600d
408466980,-778598623,3322,0:34:27.880000,"(datetime.datetime(2026, 9, 29, 15, 47, 13, 834000),)",2a3c600a
408463988,-778603584,3278,0:34:27.960000,"(datetime.datetime(2026, 9, 29, 15, 47, 13, 913000),)",2a3c600d
408467113,-778598406,3322,0:34:28.130000,"(datetime.datetime(2026, 9, 29, 15, 47, 14, 84000),)",2a3c600a
408464253,-778603134,3279,0:34:28.170000,"(datetime.datetime(2026, 9, 29, 15, 47, 14, 128000),)",2a3c600d
408467248,-778598191,3322,0:34:28.300000,"(datetime.datetime(2026, 9, 29, 15, 47, 14, 257000),)",2a3c600a
408464253,-778603134,3279,0:34:28.389000,"(datetime.datetime(2026, 9, 29, 15, 47, 14, 346000),)",2a3c600d
408467380,-778597979,3323,0:34:28.460000,"(datetime.datetime(2026, 9, 29, 15, 47, 14, 412000),)",2a3c600a
408464385,-778602908,3280,0:34:28.580000,"(datetime.datetime(2026, 9, 29, 15, 47, 14, 540000),)",2a3c600d
408467515,-778597762,3323,0:34:28.650000,"(datetime.datetime(2026, 9, 29, 15, 47, 14, 607000),)",2a3c600a
408464516,-778602685,3280,0:34:28.800000,"(datetime.datetime(2026, 9, 29, 15, 47, 14, 756000),)",2a3c600d
408467650,-778597546,3323,0:34:28.949000,"(datetime.datetime(2026, 9, 29, 15, 47, 14, 907000),)",2a3c600a
408464781,-778602237,3281,0:34:29.020000,"(datetime.datetime(2026, 9, 29, 15, 47, 14, 977000),)",2a3c600d
408467783,-778597336,3324,0:34:29.100000,"(datetime.datetime(2026, 9, 29, 15, 47, 15, 57000),)",2a3c600a
408467918,-778597117,3324,0:34:29.190000,"(datetime.datetime(2026, 9, 29, 15, 47, 15, 142000),)",2a3c600a
408464912,-778602012,3281,0:34:29.239000,"(datetime.datetime(2026, 9, 29, 15, 47, 15, 197000),)",2a3c600d
408468051,-778596899,3324,0:34:29.300000,"(datetime.datetime(2026, 9, 29, 15, 47, 15, 259000),)",2a3c600a
408465045,-778601789,3282,0:34:29.360000,"(datetime.datetime(2026, 9, 29, 15, 47, 15, 313000),)",2a3c600d
408468182,-778596686,3325,0:34:29.440000,"(datetime.datetime(2026, 9, 29, 15, 47, 15, 398000),)",2a3c600a
408465176,-778601566,3282,0:34:29.570000,"(datetime.datetime(2026, 9, 29, 15, 47, 15, 524000),)",2a3c600d
408468315,-778596467,3326,0:34:29.670000,"(datetime.datetime(2026, 9, 29, 15, 47, 15, 621000),)",2a3c600a
408465303,-778601335,3283,0:34:29.850000,"(datetime.datetime(2026, 9, 29, 15, 47, 15, 808000),)",2a3c600d
408468449,-778596249,3326,0:34:30.030000,"(datetime.datetime(2026, 9, 29, 15, 47, 15, 985000),)",2a3c600a
408465303,-778601335,3283,0:34:30.120000,"(datetime.datetime(2026, 9, 29, 15, 47, 16, 71000),)",2a3c600d
408468582,-778596039,3327,0:34:30.179000,"(datetime.datetime(2026, 9, 29, 15, 47, 16, 133000),)",2a3c600a
408465567,-778600899,3284,0:34:30.340000,"(datetime.datetime(2026, 9, 29, 15, 47, 16, 296000),)",2a3c600d
408468717,-778595824,3327,0:34:30.389000,"(datetime.datetime(2026, 9, 29, 15, 47, 16, 341000),)",2a3c600a
408465701,-778600679,3284,0:34:30.480000,"(datetime.datetime(2026, 9, 29, 15, 47, 16, 434000),)",2a3c600d
408468854,-778595612,3327,0:34:30.590000,"(datetime.datetime(2026, 9, 29, 15, 47, 16, 547000),)",2a3c600a
408465837,-778600461,3284,0:34:30.730000,"(datetime.datetime(2026, 9, 29, 15, 47, 16, 681000),)",2a3c600d
408468988,-778595398,3327,0:34:30.800000,"(datetime.datetime(2026, 9, 29, 15, 47, 16, 753000),)",2a3c600a
408465968,-778600240,3284,0:34:30.850000,"(datetime.datetime(2026, 9, 29, 15, 47, 16, 805000),)",2a3c600d
408469122,-778595184,3328,0:34:30.880000,"(datetime.datetime(2026, 9, 29, 15, 47, 16, 832000),)",2a3c600a
408466101,-778600021,3285,0:34:30.940000,"(datetime.datetime(2026, 9, 29, 15, 47, 16, 898000),)",2a3c600d
408469254,-778594969,3328,0:34:31.030000,"(datetime.datetime(2026, 9, 29, 15, 47, 16, 990000),)",2a3c600a
408466236,-778599805,3285,0:34:31.060000,"(datetime.datetime(2026, 9, 29, 15, 47, 17, 17000),)",2a3c600d
408469387,-778594753,3329,0:34:31.110000,"(datetime.datetime(2026, 9, 29, 15, 47, 17, 68000),)",2a3c600a
408466369,-778599587,3285,0:34:31.170000,"(datetime.datetime(2026, 9, 29, 15, 47, 17, 123000),)",2a3c600d
408469522,-778594541,3329,0:34:31.190000,"(datetime.datetime(2026, 9, 29, 15, 47, 17, 149000),)",2a3c600a
408466502,-778599370,3285,0:34:31.260000,"(datetime.datetime(2026, 9, 29, 15, 47, 17, 218000),)",2a3c600d
408469659,-778594323,3329,0:34:31.290000,"(datetime.datetime(2026, 9, 29, 15, 47, 17, 244000),)",2a3c600a
408466639,-778599153,3285,0:34:31.350000,"(datetime.datetime(2026, 9, 29, 15, 47, 17, 309000),)",2a3c600d
408469796,-778594106,3331,0:34:31.380000,"(datetime.datetime(2026, 9, 29, 15, 47, 17, 335000),)",2a3c600a
408466773,-778598942,3285,0:34:31.449000,"(datetime.datetime(2026, 9, 29, 15, 47, 17, 407000),)",2a3c600d
408469929,-778593891,3331,0:34:31.540000,"(datetime.datetime(2026, 9, 29, 15, 47, 17, 493000),)",2a3c600a
408466906,-778598728,3286,0:34:31.570000,"(datetime.datetime(2026, 9, 29, 15, 47, 17, 520000),)",2a3c600d
408467042,-778598514,3286,0:34:31.610000,"(datetime.datetime(2026, 9, 29, 15, 47, 17, 567000),)",2a3c600d
408470065,-778593680,3331,0:34:31.670000,"(datetime.datetime(2026, 9, 29, 15, 47, 17, 625000),)",2a3c600a
408470202,-778593466,3331,0:34:31.699000,"(datetime.datetime(2026, 9, 29, 15, 47, 17, 652000),)",2a3c600a
408467173,-778598303,3287,0:34:31.810000,"(datetime.datetime(2026, 9, 29, 15, 47, 17, 762000),)",2a3c600d
408470337,-778593253,3331,0:34:31.840000,"(datetime.datetime(2026, 9, 29, 15, 47, 17, 794000),)",2a3c600a
408467305,-778598088,3288,0:34:31.860000,"(datetime.datetime(2026, 9, 29, 15, 47, 17, 820000),)",2a3c600d
408470472,-778593043,3331,0:34:31.929000,"(datetime.datetime(2026, 9, 29, 15, 47, 17, 890000),)",2a3c600a
408467442,-778597876,3289,0:34:31.960000,"(datetime.datetime(2026, 9, 29, 15, 47, 17, 916000),)",2a3c600d
408467575,-778597663,3289,0:34:32.030000,"(datetime.datetime(2026, 9, 29, 15, 47, 17, 990000),)",2a3c600d
408470610,-778592830,3332,0:34:32.090000,"(datetime.datetime(2026, 9, 29, 15, 47, 18, 49000),)",2a3c600a
408470747,-778592616,3332,0:34:32.179000,"(datetime.datetime(2026, 9, 29, 15, 47, 18, 132000),)",2a3c600a
408467709,-778597450,3289,0:34:32.250000,"(datetime.datetime(2026, 9, 29, 15, 47, 18, 203000),)",2a3c600d
408470885,-778592402,3332,0:34:32.270000,"(datetime.datetime(2026, 9, 29, 15, 47, 18, 229000),)",2a3c600a
408467841,-778597232,3289,0:34:32.330000,"(datetime.datetime(2026, 9, 29, 15, 47, 18, 282000),)",2a3c600d
408467971,-778597015,3290,0:34:32.389000,"(datetime.datetime(2026, 9, 29, 15, 47, 18, 342000),)",2a3c600d
408471023,-778592192,3332,0:34:32.480000,"(datetime.datetime(2026, 9, 29, 15, 47, 18, 435000),)",2a3c600a
408468105,-778596802,3290,0:34:32.510000,"(datetime.datetime(2026, 9, 29, 15, 47, 18, 468000),)",2a3c600d
408471162,-778591987,3332,0:34:32.550000,"(datetime.datetime(2026, 9, 29, 15, 47, 18, 509000),)",2a3c600a
408468235,-778596584,3290,0:34:32.580000,"(datetime.datetime(2026, 9, 29, 15, 47, 18, 536000),)",2a3c600d
408471302,-778591775,3333,0:34:32.670000,"(datetime.datetime(2026, 9, 29, 15, 47, 18, 621000),)",2a3c600a
408468370,-778596377,3291,0:34:32.690000,"(datetime.datetime(2026, 9, 29, 15, 47, 18, 647000),)",2a3c600d
408471443,-778591567,3334,0:34:32.810000,"(datetime.datetime(2026, 9, 29, 15, 47, 18, 762000),)",2a3c600a
408468503,-778596163,3292,0:34:32.850000,"(datetime.datetime(2026, 9, 29, 15, 47, 18, 802000),)",2a3c600d
408471582,-778591358,3333,0:34:32.909000,"(datetime.datetime(2026, 9, 29, 15, 47, 18, 862000),)",2a3c600a
408468639,-778595953,3292,0:34:32.969000,"(datetime.datetime(2026, 9, 29, 15, 47, 18, 921000),)",2a3c600d
408471722,-778591149,3333,0:34:32.989000,"(datetime.datetime(2026, 9, 29, 15, 47, 18, 947000),)",2a3c600a
408468770,-778595741,3293,0:34:33.060000,"(datetime.datetime(2026, 9, 29, 15, 47, 19, 14000),)",2a3c600d
408471863,-778590937,3333,0:34:33.139000,"(datetime.datetime(2026, 9, 29, 15, 47, 19, 90000),)",2a3c600a
408468903,-778595528,3294,0:34:33.159000,"(datetime.datetime(2026, 9, 29, 15, 47, 19, 116000),)",2a3c600d
408472003,-778590729,3332,0:34:33.219000,"(datetime.datetime(2026, 9, 29, 15, 47, 19, 171000),)",2a3c600a
408469036,-778595318,3294,0:34:33.250000,"(datetime.datetime(2026, 9, 29, 15, 47, 19, 205000),)",2a3c600d
408472145,-778590520,3332,0:34:33.320000,"(datetime.datetime(2026, 9, 29, 15, 47, 19, 271000),)",2a3c600a
408469169,-778595106,3294,0:34:33.340000,"(datetime.datetime(2026, 9, 29, 15, 47, 19, 297000),)",2a3c600d
408472284,-778590311,3332,0:34:33.409000,"(datetime.datetime(2026, 9, 29, 15, 47, 19, 370000),)",2a3c600a
408469300,-778594889,3295,0:34:33.489000,"(datetime.datetime(2026, 9, 29, 15, 47, 19, 447000),)",2a3c600d
408472425,-778590100,3331,0:34:33.520000,"(datetime.datetime(2026, 9, 29, 15, 47, 19, 475000),)",2a3c600a
408472569,-778589893,3331,0:34:33.590000,"(datetime.datetime(2026, 9, 29, 15, 47, 19, 541000),)",2a3c600a
408469300,-778594889,3295,0:34:33.650000,"(datetime.datetime(2026, 9, 29, 15, 47, 19, 609000),)",2a3c600d
408472712,-778589685,3330,0:34:33.719000,"(datetime.datetime(2026, 9, 29, 15, 47, 19, 677000),)",2a3c600a
408469438,-778594684,3295,0:34:33.750000,"(datetime.datetime(2026, 9, 29, 15, 47, 19, 703000),)",2a3c600d
408472853,-778589473,3330,0:34:33.820000,"(datetime.datetime(2026, 9, 29, 15, 47, 19, 776000),)",2a3c600a
408469569,-778594474,3295,0:34:33.850000,"(datetime.datetime(2026, 9, 29, 15, 47, 19, 803000),)",2a3c600d
408472995,-778589264,3330,0:34:33.920000,"(datetime.datetime(2026, 9, 29, 15, 47, 19, 872000),)",2a3c600a
408469701,-778594266,3296,0:34:33.980000,"(datetime.datetime(2026, 9, 29, 15, 47, 19, 938000),)",2a3c600d
408473137,-778589052,3330,0:34:34.040000,"(datetime.datetime(2026, 9, 29, 15, 47, 19, 997000),)",2a3c600a
408469837,-778594055,3296,0:34:34.070000,"(datetime.datetime(2026, 9, 29, 15, 47, 20, 24000),)",2a3c600d
408473280,-778588840,3330,0:34:34.139000,"(datetime.datetime(2026, 9, 29, 15, 47, 20, 93000),)",2a3c600a
408469972,-778593850,3296,0:34:34.159000,"(datetime.datetime(2026, 9, 29, 15, 47, 20, 119000),)",2a3c600d
408473421,-778588628,3329,0:34:34.230000,"(datetime.datetime(2026, 9, 29, 15, 47, 20, 184000),)",2a3c600a
408470105,-778593638,3297,0:34:34.260000,"(datetime.datetime(2026, 9, 29, 15, 47, 20, 210000),)",2a3c600d
408473564,-778588414,3329,0:34:34.330000,"(datetime.datetime(2026, 9, 29, 15, 47, 20, 281000),)",2a3c600a
408470241,-778593436,3297,0:34:34.389000,"(datetime.datetime(2026, 9, 29, 15, 47, 20, 343000),)",2a3c600d
408473707,-778588203,3328,0:34:34.449000,"(datetime.datetime(2026, 9, 29, 15, 47, 20, 409000),)",2a3c600a
408470373,-778593224,3297,0:34:34.480000,"(datetime.datetime(2026, 9, 29, 15, 47, 20, 436000),)",2a3c600d
408473848,-778587989,3328,0:34:34.550000,"(datetime.datetime(2026, 9, 29, 15, 47, 20, 501000),)",2a3c600a
408470511,-778593018,3298,0:34:34.600000,"(datetime.datetime(2026, 9, 29, 15, 47, 20, 558000),)",2a3c600d
408473992,-778587779,3328,0:34:34.630000,"(datetime.datetime(2026, 9, 29, 15, 47, 20, 586000),)",2a3c600a
408470646,-778592813,3298,0:34:34.699000,"(datetime.datetime(2026, 9, 29, 15, 47, 20, 653000),)",2a3c600d
408474139,-778587564,3327,0:34:34.730000,"(datetime.datetime(2026, 9, 29, 15, 47, 20, 684000),)",2a3c600a
408470782,-778592609,3297,0:34:34.810000,"(datetime.datetime(2026, 9, 29, 15, 47, 20, 762000),)",2a3c600d
408474282,-778587355,3326,0:34:34.860000,"(datetime.datetime(2026, 9, 29, 15, 47, 20, 817000),)",2a3c600a
408470915,-778592401,3298,0:34:34.940000,"(datetime.datetime(2026, 9, 29, 15, 47, 20, 900000),)",2a3c600d
408474428,-778587144,3326,0:34:34.989000,"(datetime.datetime(2026, 9, 29, 15, 47, 20, 945000),)",2a3c600a
408471053,-778592199,3298,0:34:35.060000,"(datetime.datetime(2026, 9, 29, 15, 47, 21, 16000),)",2a3c600d
408474575,-778586931,3326,0:34:35.120000,"(datetime.datetime(2026, 9, 29, 15, 47, 21, 75000),)",2a3c600a
408471189,-778591991,3299,0:34:35.150000,"(datetime.datetime(2026, 9, 29, 15, 47, 21, 101000),)",2a3c600d
408474719,-778586718,3326,0:34:35.210000,"(datetime.datetime(2026, 9, 29, 15, 47, 21, 170000),)",2a3c600a
408471327,-778591788,3299,0:34:35.310000,"(datetime.datetime(2026, 9, 29, 15, 47, 21, 264000),)",2a3c600d
408474864,-778586502,3326,0:34:35.360000,"(datetime.datetime(2026, 9, 29, 15, 47, 21, 314000),)",2a3c600a
408471463,-778591584,3299,0:34:35.389000,"(datetime.datetime(2026, 9, 29, 15, 47, 21, 340000),)",2a3c600d
408475010,-778586293,3325,0:34:35.449000,"(datetime.datetime(2026, 9, 29, 15, 47, 21, 402000),)",2a3c600a
408471599,-778591377,3299,0:34:35.469000,"(datetime.datetime(2026, 9, 29, 15, 47, 21, 429000),)",2a3c600d
408471737,-778591171,3299,0:34:35.550000,"(datetime.datetime(2026, 9, 29, 15, 47, 21, 502000),)",2a3c600d
408475159,-778586080,3324,0:34:35.610000,"(datetime.datetime(2026, 9, 29, 15, 47, 21, 569000),)",2a3c600a
408475304,-778585865,3325,0:34:35.679000,"(datetime.datetime(2026, 9, 29, 15, 47, 21, 632000),)",2a3c600a
408471875,-778590966,3299,0:34:35.710000,"(datetime.datetime(2026, 9, 29, 15, 47, 21, 661000),)",2a3c600d
408475453,-778585654,3324,0:34:35.810000,"(datetime.datetime(2026, 9, 29, 15, 47, 21, 765000),)",2a3c600a
408472010,-778590761,3299,0:34:35.840000,"(datetime.datetime(2026, 9, 29, 15, 47, 21, 800000),)",2a3c600d
408475601,-778585443,3324,0:34:35.900000,"(datetime.datetime(2026, 9, 29, 15, 47, 21, 859000),)",2a3c600a
408472149,-778590554,3299,0:34:35.980000,"(datetime.datetime(2026, 9, 29, 15, 47, 21, 931000),)",2a3c600d
408475751,-778585231,3323,0:34:36,"(datetime.datetime(2026, 9, 29, 15, 47, 21, 960000),)",2a3c600a
408472288,-778590352,3299,0:34:36.060000,"(datetime.datetime(2026, 9, 29, 15, 47, 22, 20000),)",2a3c600d
408475899,-778585013,3323,0:34:36.130000,"(datetime.datetime(2026, 9, 29, 15, 47, 22, 90000),)",2a3c600a
408472427,-778590145,3298,0:34:36.190000,"(datetime.datetime(2026, 9, 29, 15, 47, 22, 150000),)",2a3c600d
408476047,-778584802,3323,0:34:36.260000,"(datetime.datetime(2026, 9, 29, 15, 47, 22, 211000),)",2a3c600a
408472564,-778589945,3298,0:34:36.320000,"(datetime.datetime(2026, 9, 29, 15, 47, 22, 278000),)",2a3c600d
408476197,-778584591,3322,0:34:36.380000,"(datetime.datetime(2026, 9, 29, 15, 47, 22, 333000),)",2a3c600a
408472704,-778589734,3298,0:34:36.400000,"(datetime.datetime(2026, 9, 29, 15, 47, 22, 359000),)",2a3c600d
408476346,-778584376,3322,0:34:36.469000,"(datetime.datetime(2026, 9, 29, 15, 47, 22, 425000),)",2a3c600a
408472842,-778589534,3298,0:34:36.560000,"(datetime.datetime(2026, 9, 29, 15, 47, 22, 512000),)",2a3c600d
408476495,-778584161,3321,0:34:36.600000,"(datetime.datetime(2026, 9, 29, 15, 47, 22, 559000),)",2a3c600a
408472982,-778589325,3297,0:34:36.659000,"(datetime.datetime(2026, 9, 29, 15, 47, 22, 614000),)",2a3c600d
408476642,-778583949,3321,0:34:36.690000,"(datetime.datetime(2026, 9, 29, 15, 47, 22, 641000),)",2a3c600a
408473119,-778589122,3297,0:34:36.750000,"(datetime.datetime(2026, 9, 29, 15, 47, 22, 709000),)",2a3c600d
408476794,-778583732,3321,0:34:36.810000,"(datetime.datetime(2026, 9, 29, 15, 47, 22, 762000),)",2a3c600a
408473258,-778588916,3297,0:34:36.850000,"(datetime.datetime(2026, 9, 29, 15, 47, 22, 803000),)",2a3c600d
408476946,-778583520,3320,0:34:36.870000,"(datetime.datetime(2026, 9, 29, 15, 47, 22, 828000),)",2a3c600a
408473402,-778588714,3296,0:34:36.940000,"(datetime.datetime(2026, 9, 29, 15, 47, 22, 894000),)",2a3c600d
408477095,-778583303,3321,0:34:36.960000,"(datetime.datetime(2026, 9, 29, 15, 47, 22, 920000),)",2a3c600a
408473542,-778588508,3295,0:34:37.030000,"(datetime.datetime(2026, 9, 29, 15, 47, 22, 986000),)",2a3c600d
408473683,-778588305,3295,0:34:37.120000,"(datetime.datetime(2026, 9, 29, 15, 47, 23, 73000),)",2a3c600d
408477245,-778583092,3321,0:34:37.139000,"(datetime.datetime(2026, 9, 29, 15, 47, 23, 99000),)",2a3c600a
408473824,-778588102,3294,0:34:37.190000,"(datetime.datetime(2026, 9, 29, 15, 47, 23, 145000),)",2a3c600d
408477395,-778582877,3320,0:34:37.219000,"(datetime.datetime(2026, 9, 29, 15, 47, 23, 172000),)",2a3c600a
408473963,-778587895,3294,0:34:37.290000,"(datetime.datetime(2026, 9, 29, 15, 47, 23, 244000),)",2a3c600d
408477543,-778582662,3321,0:34:37.310000,"(datetime.datetime(2026, 9, 29, 15, 47, 23, 270000),)",2a3c600a
408474104,-778587690,3294,0:34:37.380000,"(datetime.datetime(2026, 9, 29, 15, 47, 23, 335000),)",2a3c600d
408477693,-778582447,3320,0:34:37.409000,"(datetime.datetime(2026, 9, 29, 15, 47, 23, 361000),)",2a3c600a
408474248,-778587486,3293,0:34:37.469000,"(datetime.datetime(2026, 9, 29, 15, 47, 23, 428000),)",2a3c600d
408477843,-778582232,3320,0:34:37.500000,"(datetime.datetime(2026, 9, 29, 15, 47, 23, 454000),)",2a3c600a
408474386,-778587278,3293,0:34:37.570000,"(datetime.datetime(2026, 9, 29, 15, 47, 23, 522000),)",2a3c600d
408477989,-778582016,3319,0:34:37.650000,"(datetime.datetime(2026, 9, 29, 15, 47, 23, 610000),)",2a3c600a
408474530,-778587073,3292,0:34:37.690000,"(datetime.datetime(2026, 9, 29, 15, 47, 23, 650000),)",2a3c600d
408478139,-778581803,3319,0:34:37.719000,"(datetime.datetime(2026, 9, 29, 15, 47, 23, 679000),)",2a3c600a
408474671,-778586873,3292,0:34:37.810000,"(datetime.datetime(2026, 9, 29, 15, 47, 23, 762000),)",2a3c600d
408478283,-778581592,3319,0:34:37.860000,"(datetime.datetime(2026, 9, 29, 15, 47, 23, 812000),)",2a3c600a
408474807,-778586664,3292,0:34:37.940000,"(datetime.datetime(2026, 9, 29, 15, 47, 23, 891000),)",2a3c600d
408478432,-778581379,3320,0:34:37.980000,"(datetime.datetime(2026, 9, 29, 15, 47, 23, 940000),)",2a3c600a
408474948,-778586453,3292,0:34:38.060000,"(datetime.datetime(2026, 9, 29, 15, 47, 24, 14000),)",2a3c600d
408478581,-778581164,3320,0:34:38.110000,"(datetime.datetime(2026, 9, 29, 15, 47, 24, 64000),)",2a3c600a
408475095,-778586249,3291,0:34:38.139000,"(datetime.datetime(2026, 9, 29, 15, 47, 24, 90000),)",2a3c600d
408478729,-778580951,3320,0:34:38.199000,"(datetime.datetime(2026, 9, 29, 15, 47, 24, 156000),)",2a3c600a
408475237,-778586046,3291,0:34:38.270000,"(datetime.datetime(2026, 9, 29, 15, 47, 24, 223000),)",2a3c600d
408478878,-778580737,3320,0:34:38.340000,"(datetime.datetime(2026, 9, 29, 15, 47, 24, 291000),)",2a3c600a
408475377,-778585841,3291,0:34:38.360000,"(datetime.datetime(2026, 9, 29, 15, 47, 24, 318000),)",2a3c600d
408479022,-778580524,3320,0:34:38.429000,"(datetime.datetime(2026, 9, 29, 15, 47, 24, 382000),)",2a3c600a
408475522,-778585634,3291,0:34:38.489000,"(datetime.datetime(2026, 9, 29, 15, 47, 24, 446000),)",2a3c600d
408479166,-778580312,3320,0:34:38.520000,"(datetime.datetime(2026, 9, 29, 15, 47, 24, 473000),)",2a3c600a
408475664,-778585424,3290,0:34:38.590000,"(datetime.datetime(2026, 9, 29, 15, 47, 24, 541000),)",2a3c600d
408479313,-778580105,3320,0:34:38.679000,"(datetime.datetime(2026, 9, 29, 15, 47, 24, 639000),)",2a3c600a
408475808,-778585220,3290,0:34:38.710000,"(datetime.datetime(2026, 9, 29, 15, 47, 24, 666000),)",2a3c600d
408479460,-778579894,3321,0:34:38.760000,"(datetime.datetime(2026, 9, 29, 15, 47, 24, 711000),)",2a3c600a
408475951,-778585014,3289,0:34:38.800000,"(datetime.datetime(2026, 9, 29, 15, 47, 24, 753000),)",2a3c600d
408479609,-778579683,3322,0:34:38.850000,"(datetime.datetime(2026, 9, 29, 15, 47, 24, 804000),)",2a3c600a
408476095,-778584811,3289,0:34:38.870000,"(datetime.datetime(2026, 9, 29, 15, 47, 24, 830000),)",2a3c600d
408479749,-778579474,3323,0:34:38.940000,"(datetime.datetime(2026, 9, 29, 15, 47, 24, 897000),)",2a3c600a
408476237,-778584601,3289,0:34:39.030000,"(datetime.datetime(2026, 9, 29, 15, 47, 24, 985000),)",2a3c600d
408479896,-778579265,3324,0:34:39.090000,"(datetime.datetime(2026, 9, 29, 15, 47, 25, 42000),)",2a3c600a
408476380,-778584392,3288,0:34:39.139000,"(datetime.datetime(2026, 9, 29, 15, 47, 25, 92000),)",2a3c600d
408480043,-778579053,3324,0:34:39.159000,"(datetime.datetime(2026, 9, 29, 15, 47, 25, 119000),)",2a3c600a
408476523,-778584184,3288,0:34:39.239000,"(datetime.datetime(2026, 9, 29, 15, 47, 25, 192000),)",2a3c600d
408480188,-778578845,3324,0:34:39.300000,"(datetime.datetime(2026, 9, 29, 15, 47, 25, 253000),)",2a3c600a
408476666,-778583977,3288,0:34:39.320000,"(datetime.datetime(2026, 9, 29, 15, 47, 25, 279000),)",2a3c600d
408480333,-778578636,3325,0:34:39.389000,"(datetime.datetime(2026, 9, 29, 15, 47, 25, 348000),)",2a3c600a
408476814,-778583771,3287,0:34:39.420000,"(datetime.datetime(2026, 9, 29, 15, 47, 25, 374000),)",2a3c600d
408476956,-778583563,3287,0:34:39.489000,"(datetime.datetime(2026, 9, 29, 15, 47, 25, 442000),)",2a3c600d
408480477,-778578424,3326,0:34:39.580000,"(datetime.datetime(2026, 9, 29, 15, 47, 25, 535000),)",2a3c600a
408480625,-778578220,3327,0:34:39.610000,"(datetime.datetime(2026, 9, 29, 15, 47, 25, 567000),)",2a3c600a
408477099,-778583355,3287,0:34:39.650000,"(datetime.datetime(2026, 9, 29, 15, 47, 25, 600000),)",2a3c600d
408480769,-778578011,3328,0:34:39.670000,"(datetime.datetime(2026, 9, 29, 15, 47, 25, 627000),)",2a3c600a
408477246,-778583147,3286,0:34:39.739000,"(datetime.datetime(2026, 9, 29, 15, 47, 25, 695000),)",2a3c600d
408480912,-778577806,3328,0:34:39.770000,"(datetime.datetime(2026, 9, 29, 15, 47, 25, 721000),)",2a3c600a
408477392,-778582942,3286,0:34:39.830000,"(datetime.datetime(2026, 9, 29, 15, 47, 25, 787000),)",2a3c600d
408481059,-778577595,3328,0:34:39.929000,"(datetime.datetime(2026, 9, 29, 15, 47, 25, 881000),)",2a3c600a
408477537,-778582733,3286,0:34:39.960000,"(datetime.datetime(2026, 9, 29, 15, 47, 25, 914000),)",2a3c600d
408481205,-778577384,3329,0:34:40.020000,"(datetime.datetime(2026, 9, 29, 15, 47, 25, 980000),)",2a3c600a
408477678,-778582526,3286,0:34:40.050000,"(datetime.datetime(2026, 9, 29, 15, 47, 26, 6000),)",2a3c600d
408481351,-778577176,3330,0:34:40.120000,"(datetime.datetime(2026, 9, 29, 15, 47, 26, 74000),)",2a3c600a
408477827,-778582318,3285,0:34:40.139000,"(datetime.datetime(2026, 9, 29, 15, 47, 26, 100000),)",2a3c600d
408477973,-778582111,3285,0:34:40.210000,"(datetime.datetime(2026, 9, 29, 15, 47, 26, 167000),)",2a3c600d
408481496,-778576967,3330,0:34:40.300000,"(datetime.datetime(2026, 9, 29, 15, 47, 26, 253000),)",2a3c600a
408481642,-778576758,3331,0:34:40.350000,"(datetime.datetime(2026, 9, 29, 15, 47, 26, 307000),)",2a3c600a
408478115,-778581904,3285,0:34:40.440000,"(datetime.datetime(2026, 9, 29, 15, 47, 26, 398000),)",2a3c600d
408481786,-778576554,3331,0:34:40.469000,"(datetime.datetime(2026, 9, 29, 15, 47, 26, 429000),)",2a3c600a
408478258,-778581694,3286,0:34:40.510000,"(datetime.datetime(2026, 9, 29, 15, 47, 26, 469000),)",2a3c600d
408481933,-778576347,3331,0:34:40.610000,"(datetime.datetime(2026, 9, 29, 15, 47, 26, 567000),)",2a3c600a
408478406,-778581487,3286,0:34:40.639000,"(datetime.datetime(2026, 9, 29, 15, 47, 26, 600000),)",2a3c600d
408482078,-778576138,3332,0:34:40.719000,"(datetime.datetime(2026, 9, 29, 15, 47, 26, 680000),)",2a3c600a
408478549,-778581280,3286,0:34:40.750000,"(datetime.datetime(2026, 9, 29, 15, 47, 26, 707000),)",2a3c600d
408482224,-778575932,3332,0:34:40.800000,"(datetime.datetime(2026, 9, 29, 15, 47, 26, 758000),)",2a3c600a
408478693,-778581068,3287,0:34:40.830000,"(datetime.datetime(2026, 9, 29, 15, 47, 26, 785000),)",2a3c600d
408482370,-778575728,3332,0:34:40.889000,"(datetime.datetime(2026, 9, 29, 15, 47, 26, 850000),)",2a3c600a
408478838,-778580858,3287,0:34:40.920000,"(datetime.datetime(2026, 9, 29, 15, 47, 26, 877000),)",2a3c600d
408482516,-778575516,3332,0:34:40.989000,"(datetime.datetime(2026, 9, 29, 15, 47, 26, 944000),)",2a3c600a
408478985,-778580651,3287,0:34:41.060000,"(datetime.datetime(2026, 9, 29, 15, 47, 27, 17000),)",2a3c600d
408479127,-778580448,3287,0:34:41.120000,"(datetime.datetime(2026, 9, 29, 15, 47, 27, 74000),)",2a3c600d
408482662,-778575309,3334,0:34:41.199000,"(datetime.datetime(2026, 9, 29, 15, 47, 27, 159000),)",2a3c600a
408482809,-778575103,3334,0:34:41.260000,"(datetime.datetime(2026, 9, 29, 15, 47, 27, 210000),)",2a3c600a
408479272,-778580239,3287,0:34:41.310000,"(datetime.datetime(2026, 9, 29, 15, 47, 27, 268000),)",2a3c600d
408482955,-778574896,3334,0:34:41.340000,"(datetime.datetime(2026, 9, 29, 15, 47, 27, 294000),)",2a3c600a
408479415,-778580031,3288,0:34:41.409000,"(datetime.datetime(2026, 9, 29, 15, 47, 27, 370000),)",2a3c600d
408483098,-778574688,3335,0:34:41.469000,"(datetime.datetime(2026, 9, 29, 15, 47, 27, 427000),)",2a3c600a
408479560,-778579825,3288,0:34:41.550000,"(datetime.datetime(2026, 9, 29, 15, 47, 27, 510000),)",2a3c600d
408483244,-778574480,3335,0:34:41.630000,"(datetime.datetime(2026, 9, 29, 15, 47, 27, 587000),)",2a3c600a
408479707,-778579617,3289,0:34:41.670000,"(datetime.datetime(2026, 9, 29, 15, 47, 27, 629000),)",2a3c600d
408483389,-778574273,3335,0:34:41.760000,"(datetime.datetime(2026, 9, 29, 15, 47, 27, 710000),)",2a3c600a
408479851,-778579408,3290,0:34:41.820000,"(datetime.datetime(2026, 9, 29, 15, 47, 27, 777000),)",2a3c600d
408483535,-778574064,3336,0:34:41.850000,"(datetime.datetime(2026, 9, 29, 15, 47, 27, 806000),)",2a3c600a
408479994,-778579204,3291,0:34:41.900000,"(datetime.datetime(2026, 9, 29, 15, 47, 27, 854000),)",2a3c600d
408483679,-778573856,3337,0:34:41.929000,"(datetime.datetime(2026, 9, 29, 15, 47, 27, 881000),)",2a3c600a
408480140,-778578998,3291,0:34:41.989000,"(datetime.datetime(2026, 9, 29, 15, 47, 27, 948000),)",2a3c600d
408483825,-778573648,3337,0:34:42.060000,"(datetime.datetime(2026, 9, 29, 15, 47, 28, 14000),)",2a3c600a
408480284,-778578791,3292,0:34:42.120000,"(datetime.datetime(2026, 9, 29, 15, 47, 28, 75000),)",2a3c600d
408480428,-778578582,3293,0:34:42.150000,"(datetime.datetime(2026, 9, 29, 15, 47, 28, 101000),)",2a3c600d
408483970,-778573439,3337,0:34:42.210000,"(datetime.datetime(2026, 9, 29, 15, 47, 28, 168000),)",2a3c600a
408484115,-778573227,3338,0:34:42.300000,"(datetime.datetime(2026, 9, 29, 15, 47, 28, 255000),)",2a3c600a
408480574,-778578371,3294,0:34:42.360000,"(datetime.datetime(2026, 9, 29, 15, 47, 28, 313000),)",2a3c600d
408484261,-778573018,3338,0:34:42.409000,"(datetime.datetime(2026, 9, 29, 15, 47, 28, 367000),)",2a3c600a
408480718,-778578169,3294,0:34:42.440000,"(datetime.datetime(2026, 9, 29, 15, 47, 28, 393000),)",2a3c600d
408484404,-778572807,3339,0:34:42.510000,"(datetime.datetime(2026, 9, 29, 15, 47, 28, 466000),)",2a3c600a
408480861,-778577960,3295,0:34:42.600000,"(datetime.datetime(2026, 9, 29, 15, 47, 28, 552000),)",2a3c600d
408484547,-778572599,3339,0:34:42.659000,"(datetime.datetime(2026, 9, 29, 15, 47, 28, 614000),)",2a3c600a
408481006,-778577754,3296,0:34:42.679000,"(datetime.datetime(2026, 9, 29, 15, 47, 28, 640000),)",2a3c600d
408484692,-778572387,3339,0:34:42.730000,"(datetime.datetime(2026, 9, 29, 15, 47, 28, 683000),)",2a3c600a
408481149,-778577546,3296,0:34:42.800000,"(datetime.datetime(2026, 9, 29, 15, 47, 28, 753000),)",2a3c600d
408484836,-778572178,3340,0:34:42.830000,"(datetime.datetime(2026, 9, 29, 15, 47, 28, 787000),)",2a3c600a
408481293,-778577341,3297,0:34:42.889000,"(datetime.datetime(2026, 9, 29, 15, 47, 28, 850000),)",2a3c600d
408484981,-778571972,3340,0:34:43.090000,"(datetime.datetime(2026, 9, 29, 15, 47, 29, 41000),)",2a3c600a
408481437,-778577135,3297,0:34:43.130000,"(datetime.datetime(2026, 9, 29, 15, 47, 29, 83000),)",2a3c600d
408481581,-778576929,3297,0:34:43.250000,"(datetime.datetime(2026, 9, 29, 15, 47, 29, 207000),)",2a3c600d
408485126,-778571762,3341,0:34:43.330000,"(datetime.datetime(2026, 9, 29, 15, 47, 29, 285000),)",2a3c600a
408481724,-778576721,3297,0:34:43.409000,"(datetime.datetime(2026, 9, 29, 15, 47, 29, 363000),)",2a3c600d
408485272,-778571555,3342,0:34:43.600000,"(datetime.datetime(2026, 9, 29, 15, 47, 29, 558000),)",2a3c600a
408481869,-778576516,3298,0:34:43.750000,"(datetime.datetime(2026, 9, 29, 15, 47, 29, 703000),)",2a3c600d
408485414,-778571344,3342,0:34:43.889000,"(datetime.datetime(2026, 9, 29, 15, 47, 29, 843000),)",2a3c600a
408482013,-778576313,3298,0:34:43.949000,"(datetime.datetime(2026, 9, 29, 15, 47, 29, 901000),)",2a3c600d
408485557,-778571131,3343,0:34:44,"(datetime.datetime(2026, 9, 29, 15, 47, 29, 957000),)",2a3c600a
408482155,-778576105,3298,0:34:44.139000,"(datetime.datetime(2026, 9, 29, 15, 47, 30, 92000),)",2a3c600d
408485700,-778570922,3344,0:34:44.190000,"(datetime.datetime(2026, 9, 29, 15, 47, 30, 148000),)",2a3c600a
408482301,-778575903,3298,0:34:44.219000,"(datetime.datetime(2026, 9, 29, 15, 47, 30, 177000),)",2a3c600d
408485843,-778570709,3345,0:34:44.310000,"(datetime.datetime(2026, 9, 29, 15, 47, 30, 268000),)",2a3c600a
408482445,-778575694,3299,0:34:44.449000,"(datetime.datetime(2026, 9, 29, 15, 47, 30, 404000),)",2a3c600d
408485990,-778570503,3345,0:34:44.600000,"(datetime.datetime(2026, 9, 29, 15, 47, 30, 554000),)",2a3c600a
408482586,-778575487,3300,0:34:44.719000,"(datetime.datetime(2026, 9, 29, 15, 47, 30, 672000),)",2a3c600d
408485990,-778570503,3345,0:34:44.889000,"(datetime.datetime(2026, 9, 29, 15, 47, 30, 846000),)",2a3c600a
408482731,-778575280,3300,0:34:45.010000,"(datetime.datetime(2026, 9, 29, 15, 47, 30, 963000),)",2a3c600d
408486276,-778570084,3346,0:34:45.060000,"(datetime.datetime(2026, 9, 29, 15, 47, 31, 16000),)",2a3c600a
408482872,-778575073,3300,0:34:45.120000,"(datetime.datetime(2026, 9, 29, 15, 47, 31, 76000),)",2a3c600d
408486420,-778569877,3347,0:34:45.210000,"(datetime.datetime(2026, 9, 29, 15, 47, 31, 168000),)",2a3c600a
408483019,-778574870,3301,0:34:45.300000,"(datetime.datetime(2026, 9, 29, 15, 47, 31, 251000),)",2a3c600d
408486564,-778569665,3347,0:34:45.360000,"(datetime.datetime(2026, 9, 29, 15, 47, 31, 312000),)",2a3c600a
408483158,-778574662,3301,0:34:45.429000,"(datetime.datetime(2026, 9, 29, 15, 47, 31, 383000),)",2a3c600d
408486706,-778569458,3348,0:34:45.540000,"(datetime.datetime(2026, 9, 29, 15, 47, 31, 494000),)",2a3c600a
408483301,-778574458,3302,0:34:45.699000,"(datetime.datetime(2026, 9, 29, 15, 47, 31, 654000),)",2a3c600d
408486852,-778569245,3349,0:34:45.730000,"(datetime.datetime(2026, 9, 29, 15, 47, 31, 682000),)",2a3c600a
408483446,-778574251,3302,0:34:45.840000,"(datetime.datetime(2026, 9, 29, 15, 47, 31, 791000),)",2a3c600d
408486852,-778569245,3349,0:34:45.870000,"(datetime.datetime(2026, 9, 29, 15, 47, 31, 822000),)",2a3c600a
408483588,-778574043,3303,0:34:45.929000,"(datetime.datetime(2026, 9, 29, 15, 47, 31, 885000),)",2a3c600d
408486997,-778569036,3349,0:34:46.010000,"(datetime.datetime(2026, 9, 29, 15, 47, 31, 967000),)",2a3c600a
408483729,-778573839,3303,0:34:46.060000,"(datetime.datetime(2026, 9, 29, 15, 47, 32, 16000),)",2a3c600d
408487140,-778568826,3350,0:34:46.130000,"(datetime.datetime(2026, 9, 29, 15, 47, 32, 83000),)",2a3c600a
408483875,-778573635,3303,0:34:46.150000,"(datetime.datetime(2026, 9, 29, 15, 47, 32, 110000),)",2a3c600d
408487283,-778568618,3351,0:34:46.219000,"(datetime.datetime(2026, 9, 29, 15, 47, 32, 179000),)",2a3c600a
408484015,-778573426,3304,0:34:46.260000,"(datetime.datetime(2026, 9, 29, 15, 47, 32, 212000),)",2a3c600d
408487428,-778568410,3352,0:34:46.320000,"(datetime.datetime(2026, 9, 29, 15, 47, 32, 274000),)",2a3c600a
408484158,-778573220,3304,0:34:46.340000,"(datetime.datetime(2026, 9, 29, 15, 47, 32, 300000),)",2a3c600d
408487572,-778568201,3353,0:34:46.409000,"(datetime.datetime(2026, 9, 29, 15, 47, 32, 368000),)",2a3c600a
408484298,-778573013,3305,0:34:46.500000,"(datetime.datetime(2026, 9, 29, 15, 47, 32, 453000),)",2a3c600d
408487717,-778567994,3354,0:34:46.550000,"(datetime.datetime(2026, 9, 29, 15, 47, 32, 505000),)",2a3c600a
408484440,-778572811,3305,0:34:46.610000,"(datetime.datetime(2026, 9, 29, 15, 47, 32, 570000),)",2a3c600d
408487860,-778567785,3354,0:34:46.690000,"(datetime.datetime(2026, 9, 29, 15, 47, 32, 650000),)",2a3c600a
408484580,-778572599,3306,0:34:46.770000,"(datetime.datetime(2026, 9, 29, 15, 47, 32, 720000),)",2a3c600d
408488004,-778567577,3355,0:34:46.830000,"(datetime.datetime(2026, 9, 29, 15, 47, 32, 781000),)",2a3c600a
408484723,-778572396,3306,0:34:46.889000,"(datetime.datetime(2026, 9, 29, 15, 47, 32, 850000),)",2a3c600d
408488290,-778567160,3357,0:34:46.989000,"(datetime.datetime(2026, 9, 29, 15, 47, 32, 943000),)",2a3c600a
408484867,-778572186,3307,0:34:47.030000,"(datetime.datetime(2026, 9, 29, 15, 47, 32, 986000),)",2a3c600d
408488434,-778566953,3358,0:34:47.090000,"(datetime.datetime(2026, 9, 29, 15, 47, 33, 47000),)",2a3c600a
408485009,-778571984,3307,0:34:47.170000,"(datetime.datetime(2026, 9, 29, 15, 47, 33, 126000),)",2a3c600d
408488434,-778566953,3358,0:34:47.260000,"(datetime.datetime(2026, 9, 29, 15, 47, 33, 211000),)",2a3c600a
408485152,-778571781,3308,0:34:47.280000,"(datetime.datetime(2026, 9, 29, 15, 47, 33, 239000),)",2a3c600d
408488576,-778566745,3360,0:34:47.320000,"(datetime.datetime(2026, 9, 29, 15, 47, 33, 279000),)",2a3c600a
408485292,-778571576,3308,0:34:47.350000,"(datetime.datetime(2026, 9, 29, 15, 47, 33, 305000),)",2a3c600d
408488722,-778566542,3361,0:34:47.420000,"(datetime.datetime(2026, 9, 29, 15, 47, 33, 373000),)",2a3c600a
408485432,-778571369,3310,0:34:47.449000,"(datetime.datetime(2026, 9, 29, 15, 47, 33, 404000),)",2a3c600d
408488868,-778566334,3362,0:34:47.510000,"(datetime.datetime(2026, 9, 29, 15, 47, 33, 468000),)",2a3c600a
408485574,-778571163,3310,0:34:47.580000,"(datetime.datetime(2026, 9, 29, 15, 47, 33, 534000),)",2a3c600d
408489011,-778566130,3363,0:34:47.610000,"(datetime.datetime(2026, 9, 29, 15, 47, 33, 560000),)",2a3c600a
408485717,-778570962,3311,0:34:47.679000,"(datetime.datetime(2026, 9, 29, 15, 47, 33, 633000),)",2a3c600d
408489154,-778565922,3364,0:34:47.739000,"(datetime.datetime(2026, 9, 29, 15, 47, 33, 691000),)",2a3c600a
408485857,-778570755,3311,0:34:47.830000,"(datetime.datetime(2026, 9, 29, 15, 47, 33, 782000),)",2a3c600d
408489298,-778565714,3364,0:34:47.880000,"(datetime.datetime(2026, 9, 29, 15, 47, 33, 837000),)",2a3c600a
408485998,-778570553,3312,0:34:47.980000,"(datetime.datetime(2026, 9, 29, 15, 47, 33, 935000),)",2a3c600d
408489442,-778565509,3365,0:34:48.010000,"(datetime.datetime(2026, 9, 29, 15, 47, 33, 964000),)",2a3c600a
408486139,-778570348,3312,0:34:48.070000,"(datetime.datetime(2026, 9, 29, 15, 47, 34, 24000),)",2a3c600d
408489584,-778565304,3366,0:34:48.130000,"(datetime.datetime(2026, 9, 29, 15, 47, 34, 86000),)",2a3c600a
408486279,-778570141,3313,0:34:48.199000,"(datetime.datetime(2026, 9, 29, 15, 47, 34, 155000),)",2a3c600d
408489728,-778565097,3366,0:34:48.260000,"(datetime.datetime(2026, 9, 29, 15, 47, 34, 217000),)",2a3c600a
408486419,-778569937,3313,0:34:48.330000,"(datetime.datetime(2026, 9, 29, 15, 47, 34, 285000),)",2a3c600d
408489873,-778564892,3367,0:34:48.409000,"(datetime.datetime(2026, 9, 29, 15, 47, 34, 368000),)",2a3c600a
408486559,-778569732,3314,0:34:48.440000,"(datetime.datetime(2026, 9, 29, 15, 47, 34, 395000),)",2a3c600d
408490019,-778564683,3368,0:34:48.510000,"(datetime.datetime(2026, 9, 29, 15, 47, 34, 463000),)",2a3c600a
408486701,-778569531,3315,0:34:48.610000,"(datetime.datetime(2026, 9, 29, 15, 47, 34, 565000),)",2a3c600d
408490163,-778564476,3368,0:34:48.650000,"(datetime.datetime(2026, 9, 29, 15, 47, 34, 602000),)",2a3c600a
408486840,-778569328,3316,0:34:48.730000,"(datetime.datetime(2026, 9, 29, 15, 47, 34, 682000),)",2a3c600d
408490302,-778564275,3369,0:34:48.750000,"(datetime.datetime(2026, 9, 29, 15, 47, 34, 709000),)",2a3c600a
408486979,-778569119,3317,0:34:48.840000,"(datetime.datetime(2026, 9, 29, 15, 47, 34, 791000),)",2a3c600d
408490448,-778564072,3369,0:34:48.870000,"(datetime.datetime(2026, 9, 29, 15, 47, 34, 826000),)",2a3c600a
408487118,-778568917,3318,0:34:48.949000,"(datetime.datetime(2026, 9, 29, 15, 47, 34, 910000),)",2a3c600d
408490587,-778563862,3370,0:34:49.050000,"(datetime.datetime(2026, 9, 29, 15, 47, 35, 1000),)",2a3c600a
408487259,-778568715,3318,0:34:49.080000,"(datetime.datetime(2026, 9, 29, 15, 47, 35, 31000),)",2a3c600d
408490734,-778563663,3371,0:34:49.120000,"(datetime.datetime(2026, 9, 29, 15, 47, 35, 76000),)",2a3c600a
408487402,-778568513,3319,0:34:49.179000,"(datetime.datetime(2026, 9, 29, 15, 47, 35, 138000),)",2a3c600d
408490875,-778563453,3372,0:34:49.210000,"(datetime.datetime(2026, 9, 29, 15, 47, 35, 165000),)",2a3c600a
408487541,-778568312,3320,0:34:49.280000,"(datetime.datetime(2026, 9, 29, 15, 47, 35, 233000),)",2a3c600d
408491023,-778563251,3373,0:34:49.340000,"(datetime.datetime(2026, 9, 29, 15, 47, 35, 300000),)",2a3c600a
408487680,-778568108,3321,0:34:49.370000,"(datetime.datetime(2026, 9, 29, 15, 47, 35, 327000),)",2a3c600d
408491162,-778563049,3372,0:34:49.440000,"(datetime.datetime(2026, 9, 29, 15, 47, 35, 398000),)",2a3c600a
408487819,-778567905,3322,0:34:49.500000,"(datetime.datetime(2026, 9, 29, 15, 47, 35, 458000),)",2a3c600d
408491310,-778562843,3373,0:34:49.530000,"(datetime.datetime(2026, 9, 29, 15, 47, 35, 490000),)",2a3c600a
408487960,-778567707,3323,0:34:49.610000,"(datetime.datetime(2026, 9, 29, 15, 47, 35, 564000),)",2a3c600d
408491451,-778562636,3375,0:34:49.639000,"(datetime.datetime(2026, 9, 29, 15, 47, 35, 591000),)",2a3c600a
408488101,-778567506,3323,0:34:49.710000,"(datetime.datetime(2026, 9, 29, 15, 47, 35, 661000),)",2a3c600d
408491595,-778562432,3376,0:34:49.739000,"(datetime.datetime(2026, 9, 29, 15, 47, 35, 691000),)",2a3c600a
408488238,-778567304,3325,0:34:49.840000,"(datetime.datetime(2026, 9, 29, 15, 47, 35, 793000),)",2a3c600d
408491735,-778562223,3377,0:34:49.870000,"(datetime.datetime(2026, 9, 29, 15, 47, 35, 822000),)",2a3c600a
408491880,-778562028,3377,0:34:49.960000,"(datetime.datetime(2026, 9, 29, 15, 47, 35, 918000),)",2a3c600a
408488375,-778567105,3326,0:34:49.989000,"(datetime.datetime(2026, 9, 29, 15, 47, 35, 946000),)",2a3c600d
408492024,-778561819,3378,0:34:50.040000,"(datetime.datetime(2026, 9, 29, 15, 47, 35, 992000),)",2a3c600a
408488516,-778566903,3327,0:34:50.130000,"(datetime.datetime(2026, 9, 29, 15, 47, 36, 80000),)",2a3c600d
408492164,-778561613,3379,0:34:50.170000,"(datetime.datetime(2026, 9, 29, 15, 47, 36, 120000),)",2a3c600a
408488655,-778566706,3328,0:34:50.190000,"(datetime.datetime(2026, 9, 29, 15, 47, 36, 147000),)",2a3c600d
408492306,-778561415,3380,0:34:50.260000,"(datetime.datetime(2026, 9, 29, 15, 47, 36, 220000),)",2a3c600a
408488794,-778566503,3329,0:34:50.320000,"(datetime.datetime(2026, 9, 29, 15, 47, 36, 277000),)",2a3c600d
408492451,-778561205,3381,0:34:50.350000,"(datetime.datetime(2026, 9, 29, 15, 47, 36, 304000),)",2a3c600a
408488931,-778566300,3330,0:34:50.420000,"(datetime.datetime(2026, 9, 29, 15, 47, 36, 371000),)",2a3c600d
408492591,-778561004,3382,0:34:50.500000,"(datetime.datetime(2026, 9, 29, 15, 47, 36, 457000),)",2a3c600a
408489069,-778566101,3331,0:34:50.530000,"(datetime.datetime(2026, 9, 29, 15, 47, 36, 484000),)",2a3c600d
408492737,-778560798,3382,0:34:50.570000,"(datetime.datetime(2026, 9, 29, 15, 47, 36, 529000),)",2a3c600a
408489209,-778565902,3331,0:34:50.650000,"(datetime.datetime(2026, 9, 29, 15, 47, 36, 603000),)",2a3c600d
408492877,-778560591,3383,0:34:50.719000,"(datetime.datetime(2026, 9, 29, 15, 47, 36, 672000),)",2a3c600a
408489343,-778565703,3332,0:34:50.739000,"(datetime.datetime(2026, 9, 29, 15, 47, 36, 700000),)",2a3c600d
408493023,-778560387,3384,0:34:50.840000,"(datetime.datetime(2026, 9, 29, 15, 47, 36, 792000),)",2a3c600a
408489481,-778565503,3333,0:34:50.860000,"(datetime.datetime(2026, 9, 29, 15, 47, 36, 820000),)",2a3c600d
408493164,-778560185,3385,0:34:50.920000,"(datetime.datetime(2026, 9, 29, 15, 47, 36, 877000),)",2a3c600a
408489619,-778565307,3334,0:34:51.020000,"(datetime.datetime(2026, 9, 29, 15, 47, 36, 974000),)",2a3c600d
408493307,-778559981,3386,0:34:51.070000,"(datetime.datetime(2026, 9, 29, 15, 47, 37, 21000),)",2a3c600a
408489761,-778565104,3335,0:34:51.130000,"(datetime.datetime(2026, 9, 29, 15, 47, 37, 82000),)",2a3c600d
408493450,-778559778,3386,0:34:51.219000,"(datetime.datetime(2026, 9, 29, 15, 47, 37, 172000),)",2a3c600a
408489897,-778564907,3336,0:34:51.270000,"(datetime.datetime(2026, 9, 29, 15, 47, 37, 221000),)",2a3c600d
408493592,-778559573,3387,0:34:51.330000,"(datetime.datetime(2026, 9, 29, 15, 47, 37, 284000),)",2a3c600a
408490038,-778564709,3336,0:34:51.389000,"(datetime.datetime(2026, 9, 29, 15, 47, 37, 349000),)",2a3c600d
408493731,-778559364,3389,0:34:51.480000,"(datetime.datetime(2026, 9, 29, 15, 47, 37, 432000),)",2a3c600a
408490177,-778564510,3336,0:34:51.530000,"(datetime.datetime(2026, 9, 29, 15, 47, 37, 490000),)",2a3c600d
408493875,-778559160,3390,0:34:51.610000,"(datetime.datetime(2026, 9, 29, 15, 47, 37, 561000),)",2a3c600a
408490177,-778564510,3336,0:34:51.690000,"(datetime.datetime(2026, 9, 29, 15, 47, 37, 648000),)",2a3c600d
408494015,-778558954,3391,0:34:51.760000,"(datetime.datetime(2026, 9, 29, 15, 47, 37, 715000),)",2a3c600a
408490314,-778564307,3336,0:34:51.840000,"(datetime.datetime(2026, 9, 29, 15, 47, 37, 792000),)",2a3c600d
408494159,-778558756,3392,0:34:51.880000,"(datetime.datetime(2026, 9, 29, 15, 47, 37, 835000),)",2a3c600a
408490590,-778563916,3338,0:34:51.969000,"(datetime.datetime(2026, 9, 29, 15, 47, 37, 923000),)",2a3c600d
408494300,-778558557,3393,0:34:52,"(datetime.datetime(2026, 9, 29, 15, 47, 37, 951000),)",2a3c600a
408490590,-778563916,3338,0:34:52.030000,"(datetime.datetime(2026, 9, 29, 15, 47, 37, 989000),)",2a3c600d
408494442,-778558355,3393,0:34:52.120000,"(datetime.datetime(2026, 9, 29, 15, 47, 38, 75000),)",2a3c600a
408490868,-778563522,3340,0:34:52.170000,"(datetime.datetime(2026, 9, 29, 15, 47, 38, 125000),)",2a3c600d
408494585,-778558154,3393,0:34:52.199000,"(datetime.datetime(2026, 9, 29, 15, 47, 38, 152000),)",2a3c600a
408491004,-778563331,3341,0:34:52.260000,"(datetime.datetime(2026, 9, 29, 15, 47, 38, 216000),)",2a3c600d
408494730,-778557947,3394,0:34:52.350000,"(datetime.datetime(2026, 9, 29, 15, 47, 38, 304000),)",2a3c600a
408491142,-778563129,3341,0:34:52.409000,"(datetime.datetime(2026, 9, 29, 15, 47, 38, 363000),)",2a3c600d
408494870,-778557749,3394,0:34:52.480000,"(datetime.datetime(2026, 9, 29, 15, 47, 38, 436000),)",2a3c600a
408491283,-778562934,3343,0:34:52.550000,"(datetime.datetime(2026, 9, 29, 15, 47, 38, 504000),)",2a3c600d
408495013,-778557544,3396,0:34:52.610000,"(datetime.datetime(2026, 9, 29, 15, 47, 38, 565000),)",2a3c600a
408491420,-778562739,3343,0:34:52.690000,"(datetime.datetime(2026, 9, 29, 15, 47, 38, 646000),)",2a3c600d
408495156,-778557346,3396,0:34:52.760000,"(datetime.datetime(2026, 9, 29, 15, 47, 38, 712000),)",2a3c600a
408491556,-778562542,3344,0:34:52.790000,"(datetime.datetime(2026, 9, 29, 15, 47, 38, 741000),)",2a3c600d
408495300,-778557142,3397,0:34:52.860000,"(datetime.datetime(2026, 9, 29, 15, 47, 38, 811000),)",2a3c600a
408491694,-778562343,3345,0:34:52.909000,"(datetime.datetime(2026, 9, 29, 15, 47, 38, 870000),)",2a3c600d
408495444,-778556939,3397,0:34:52.940000,"(datetime.datetime(2026, 9, 29, 15, 47, 38, 898000),)",2a3c600a
408491832,-778562147,3345,0:34:53.030000,"(datetime.datetime(2026, 9, 29, 15, 47, 38, 985000),)",2a3c600d
408495585,-778556738,3398,0:34:53.090000,"(datetime.datetime(2026, 9, 29, 15, 47, 39, 49000),)",2a3c600a
408491971,-778561952,3346,0:34:53.150000,"(datetime.datetime(2026, 9, 29, 15, 47, 39, 110000),)",2a3c600d
408495728,-778556535,3398,0:34:53.239000,"(datetime.datetime(2026, 9, 29, 15, 47, 39, 195000),)",2a3c600a
408492105,-778561755,3347,0:34:53.270000,"(datetime.datetime(2026, 9, 29, 15, 47, 39, 222000),)",2a3c600d
408495872,-778556334,3399,0:34:53.320000,"(datetime.datetime(2026, 9, 29, 15, 47, 39, 280000),)",2a3c600a
408492244,-778561562,3347,0:34:53.400000,"(datetime.datetime(2026, 9, 29, 15, 47, 39, 357000),)",2a3c600d
408496014,-778556133,3400,0:34:53.460000,"(datetime.datetime(2026, 9, 29, 15, 47, 39, 410000),)",2a3c600a
408492379,-778561369,3348,0:34:53.530000,"(datetime.datetime(2026, 9, 29, 15, 47, 39, 482000),)",2a3c600d
408496158,-778555935,3400,0:34:53.610000,"(datetime.datetime(2026, 9, 29, 15, 47, 39, 569000),)",2a3c600a
408492515,-778561175,3348,0:34:53.690000,"(datetime.datetime(2026, 9, 29, 15, 47, 39, 649000),)",2a3c600d
408496305,-778555731,3400,0:34:53.730000,"(datetime.datetime(2026, 9, 29, 15, 47, 39, 687000),)",2a3c600a
408492653,-778560977,3349,0:34:53.790000,"(datetime.datetime(2026, 9, 29, 15, 47, 39, 748000),)",2a3c600d
408496447,-778555530,3401,0:34:53.880000,"(datetime.datetime(2026, 9, 29, 15, 47, 39, 840000),)",2a3c600a
408492788,-778560781,3350,0:34:53.909000,"(datetime.datetime(2026, 9, 29, 15, 47, 39, 868000),)",2a3c600d
408496590,-778555331,3402,0:34:53.949000,"(datetime.datetime(2026, 9, 29, 15, 47, 39, 907000),)",2a3c600a
408492924,-778560591,3351,0:34:54.030000,"(datetime.datetime(2026, 9, 29, 15, 47, 39, 986000),)",2a3c600d
408496738,-778555132,3402,0:34:54.080000,"(datetime.datetime(2026, 9, 29, 15, 47, 40, 34000),)",2a3c600a
408493060,-778560396,3352,0:34:54.139000,"(datetime.datetime(2026, 9, 29, 15, 47, 40, 100000),)",2a3c600d
408496881,-778554932,3402,0:34:54.170000,"(datetime.datetime(2026, 9, 29, 15, 47, 40, 127000),)",2a3c600a
408493200,-778560203,3353,0:34:54.239000,"(datetime.datetime(2026, 9, 29, 15, 47, 40, 196000),)",2a3c600d
408497026,-778554729,3403,0:34:54.300000,"(datetime.datetime(2026, 9, 29, 15, 47, 40, 257000),)",2a3c600a
408493335,-778560010,3354,0:34:54.389000,"(datetime.datetime(2026, 9, 29, 15, 47, 40, 341000),)",2a3c600d
408497173,-778554529,3403,0:34:54.440000,"(datetime.datetime(2026, 9, 29, 15, 47, 40, 395000),)",2a3c600a
408493471,-778559814,3356,0:34:54.500000,"(datetime.datetime(2026, 9, 29, 15, 47, 40, 455000),)",2a3c600d
408497317,-778554326,3403,0:34:54.570000,"(datetime.datetime(2026, 9, 29, 15, 47, 40, 524000),)",2a3c600a
408493607,-778559623,3357,0:34:54.659000,"(datetime.datetime(2026, 9, 29, 15, 47, 40, 615000),)",2a3c600d
408497460,-778554126,3404,0:34:54.690000,"(datetime.datetime(2026, 9, 29, 15, 47, 40, 643000),)",2a3c600a
408493745,-778559431,3357,0:34:54.739000,"(datetime.datetime(2026, 9, 29, 15, 47, 40, 692000),)",2a3c600d
408497606,-778553925,3404,0:34:54.800000,"(datetime.datetime(2026, 9, 29, 15, 47, 40, 756000),)",2a3c600a
408493880,-778559243,3358,0:34:54.880000,"(datetime.datetime(2026, 9, 29, 15, 47, 40, 838000),)",2a3c600d
408497752,-778553726,3404,0:34:54.940000,"(datetime.datetime(2026, 9, 29, 15, 47, 40, 893000),)",2a3c600a
408493880,-778559243,3358,0:34:55.020000,"(datetime.datetime(2026, 9, 29, 15, 47, 40, 977000),)",2a3c600d
408497897,-778553523,3405,0:34:55.070000,"(datetime.datetime(2026, 9, 29, 15, 47, 41, 21000),)",2a3c600a
408494019,-778559051,3357,0:34:55.139000,"(datetime.datetime(2026, 9, 29, 15, 47, 41, 92000),)",2a3c600d
408498042,-778553322,3405,0:34:55.219000,"(datetime.datetime(2026, 9, 29, 15, 47, 41, 175000),)",2a3c600a
408494156,-778558858,3359,0:34:55.260000,"(datetime.datetime(2026, 9, 29, 15, 47, 41, 212000),)",2a3c600d
408498189,-778553122,3405,0:34:55.290000,"(datetime.datetime(2026, 9, 29, 15, 47, 41, 249000),)",2a3c600a
408494293,-778558668,3360,0:34:55.370000,"(datetime.datetime(2026, 9, 29, 15, 47, 41, 322000),)",2a3c600d
408498333,-778552918,3405,0:34:55.420000,"(datetime.datetime(2026, 9, 29, 15, 47, 41, 377000),)",2a3c600a
408494432,-778558475,3360,0:34:55.489000,"(datetime.datetime(2026, 9, 29, 15, 47, 41, 447000),)",2a3c600d
408498480,-778552716,3406,0:34:55.560000,"(datetime.datetime(2026, 9, 29, 15, 47, 41, 517000),)",2a3c600a
408494565,-778558280,3360,0:34:55.620000,"(datetime.datetime(2026, 9, 29, 15, 47, 41, 573000),)",2a3c600d
408498624,-778552513,3406,0:34:55.690000,"(datetime.datetime(2026, 9, 29, 15, 47, 41, 644000),)",2a3c600a
408494705,-778558097,3360,0:34:55.780000,"(datetime.datetime(2026, 9, 29, 15, 47, 41, 733000),)",2a3c600d
408498770,-778552311,3406,0:34:55.810000,"(datetime.datetime(2026, 9, 29, 15, 47, 41, 761000),)",2a3c600a
408494842,-778557905,3361,0:34:55.870000,"(datetime.datetime(2026, 9, 29, 15, 47, 41, 823000),)",2a3c600d
408498915,-778552106,3406,0:34:55.920000,"(datetime.datetime(2026, 9, 29, 15, 47, 41, 879000),)",2a3c600a
408494980,-778557718,3361,0:34:55.949000,"(datetime.datetime(2026, 9, 29, 15, 47, 41, 906000),)",2a3c600d
408499060,-778551904,3406,0:34:56.030000,"(datetime.datetime(2026, 9, 29, 15, 47, 41, 984000),)",2a3c600a
408495117,-778557526,3362,0:34:56.090000,"(datetime.datetime(2026, 9, 29, 15, 47, 42, 44000),)",2a3c600d
408499204,-778551700,3406,0:34:56.179000,"(datetime.datetime(2026, 9, 29, 15, 47, 42, 134000),)",2a3c600a
408495256,-778557338,3362,0:34:56.210000,"(datetime.datetime(2026, 9, 29, 15, 47, 42, 162000),)",2a3c600d
408499351,-778551501,3406,0:34:56.250000,"(datetime.datetime(2026, 9, 29, 15, 47, 42, 205000),)",2a3c600a
408495532,-778556951,3363,0:34:56.330000,"(datetime.datetime(2026, 9, 29, 15, 47, 42, 281000),)",2a3c600d
408499496,-778551296,3407,0:34:56.389000,"(datetime.datetime(2026, 9, 29, 15, 47, 42, 348000),)",2a3c600a
408495668,-778556764,3364,0:34:56.460000,"(datetime.datetime(2026, 9, 29, 15, 47, 42, 418000),)",2a3c600d
408499641,-778551090,3407,0:34:56.489000,"(datetime.datetime(2026, 9, 29, 15, 47, 42, 450000),)",2a3c600a
408495811,-778556580,3364,0:34:56.550000,"(datetime.datetime(2026, 9, 29, 15, 47, 42, 501000),)",2a3c600d
408499785,-778550892,3406,0:34:56.630000,"(datetime.datetime(2026, 9, 29, 15, 47, 42, 587000),)",2a3c600a
408495948,-778556384,3364,0:34:56.659000,"(datetime.datetime(2026, 9, 29, 15, 47, 42, 615000),)",2a3c600d
408499932,-778550685,3407,0:34:56.719000,"(datetime.datetime(2026, 9, 29, 15, 47, 42, 678000),)",2a3c600a
408496085,-778556192,3365,0:34:56.780000,"(datetime.datetime(2026, 9, 29, 15, 47, 42, 736000),)",2a3c600d
408500077,-778550478,3406,0:34:56.870000,"(datetime.datetime(2026, 9, 29, 15, 47, 42, 823000),)",2a3c600a
408496222,-778556000,3365,0:34:56.909000,"(datetime.datetime(2026, 9, 29, 15, 47, 42, 870000),)",2a3c600d
408500224,-778550275,3406,0:34:56.989000,"(datetime.datetime(2026, 9, 29, 15, 47, 42, 949000),)",2a3c600a
408496363,-778555808,3365,0:34:57.040000,"(datetime.datetime(2026, 9, 29, 15, 47, 42, 997000),)",2a3c600d
408496500,-778555620,3366,0:34:57.070000,"(datetime.datetime(2026, 9, 29, 15, 47, 43, 23000),)",2a3c600d
408500367,-778550071,3407,0:34:57.139000,"(datetime.datetime(2026, 9, 29, 15, 47, 43, 94000),)",2a3c600a
408500510,-778549867,3407,0:34:57.210000,"(datetime.datetime(2026, 9, 29, 15, 47, 43, 168000),)",2a3c600a
408496636,-778555431,3366,0:34:57.260000,"(datetime.datetime(2026, 9, 29, 15, 47, 43, 220000),)",2a3c600d
408496777,-778555235,3367,0:34:57.340000,"(datetime.datetime(2026, 9, 29, 15, 47, 43, 295000),)",2a3c600d
408500654,-778549664,3407,0:34:57.410000,"(datetime.datetime(2026, 9, 29, 15, 47, 43, 363000),)",2a3c600a
408496915,-778555045,3367,0:34:57.470000,"(datetime.datetime(2026, 9, 29, 15, 47, 43, 428000),)",2a3c600d
408500802,-778549455,3407,0:34:57.530000,"(datetime.datetime(2026, 9, 29, 15, 47, 43, 489000),)",2a3c600a
408497052,-778554848,3367,0:34:57.610000,"(datetime.datetime(2026, 9, 29, 15, 47, 43, 565000),)",2a3c600d
408500945,-778549253,3407,0:34:57.690000,"(datetime.datetime(2026, 9, 29, 15, 47, 43, 649000),)",2a3c600a
408497187,-778554657,3367,0:34:57.780000,"(datetime.datetime(2026, 9, 29, 15, 47, 43, 731000),)",2a3c600d
408501090,-778549046,3407,0:34:57.800000,"(datetime.datetime(2026, 9, 29, 15, 47, 43, 759000),)",2a3c600a
408497187,-778554657,3367,0:34:57.870000,"(datetime.datetime(2026, 9, 29, 15, 47, 43, 823000),)",2a3c600d
408501232,-778548844,3407,0:34:57.960000,"(datetime.datetime(2026, 9, 29, 15, 47, 43, 915000),)",2a3c600a
408497327,-778554464,3368,0:34:58.050000,"(datetime.datetime(2026, 9, 29, 15, 47, 44, 1000),)",2a3c600d
408501376,-778548642,3407,0:34:58.140000,"(datetime.datetime(2026, 9, 29, 15, 47, 44, 99000),)",2a3c600a
408497465,-778554266,3368,0:34:58.180000,"(datetime.datetime(2026, 9, 29, 15, 47, 44, 136000),)",2a3c600d
408501522,-778548442,3408,0:34:58.250000,"(datetime.datetime(2026, 9, 29, 15, 47, 44, 204000),)",2a3c600a
408497602,-778554076,3368,0:34:58.330000,"(datetime.datetime(2026, 9, 29, 15, 47, 44, 282000),)",2a3c600d
408501669,-778548240,3407,0:34:58.460000,"(datetime.datetime(2026, 9, 29, 15, 47, 44, 411000),)",2a3c600a
408497739,-778553885,3369,0:34:58.490000,"(datetime.datetime(2026, 9, 29, 15, 47, 44, 440000),)",2a3c600d
408501811,-778548037,3408,0:34:58.610000,"(datetime.datetime(2026, 9, 29, 15, 47, 44, 570000),)",2a3c600a
408497878,-778553688,3369,0:34:58.650000,"(datetime.datetime(2026, 9, 29, 15, 47, 44, 600000),)",2a3c600d
408501954,-778547834,3407,0:34:58.820000,"(datetime.datetime(2026, 9, 29, 15, 47, 44, 775000),)",2a3c600a
408498013,-778553494,3369,0:34:58.950000,"(datetime.datetime(2026, 9, 29, 15, 47, 44, 907000),)",2a3c600d
408502097,-778547633,3407,0:34:59.100000,"(datetime.datetime(2026, 9, 29, 15, 47, 45, 54000),)",2a3c600a
408498151,-778553300,3369,0:34:59.150000,"(datetime.datetime(2026, 9, 29, 15, 47, 45, 102000),)",2a3c600d
408502239,-778547429,3407,0:34:59.260000,"(datetime.datetime(2026, 9, 29, 15, 47, 45, 216000),)",2a3c600a
408498418,-778552907,3370,0:34:59.320000,"(datetime.datetime(2026, 9, 29, 15, 47, 45, 271000),)",2a3c600d
408502381,-778547227,3407,0:34:59.430000,"(datetime.datetime(2026, 9, 29, 15, 47, 45, 383000),)",2a3c600a
408498418,-778552907,3370,0:34:59.620000,"(datetime.datetime(2026, 9, 29, 15, 47, 45, 571000),)",2a3c600d
408502525,-778547027,3407,0:34:59.660000,"(datetime.datetime(2026, 9, 29, 15, 47, 45, 614000),)",2a3c600a
408498557,-778552710,3370,0:34:59.780000,"(datetime.datetime(2026, 9, 29, 15, 47, 45, 732000),)",2a3c600d
408502668,-778546828,3407,0:34:59.960000,"(datetime.datetime(2026, 9, 29, 15, 47, 45, 913000),)",2a3c600a
408498700,-778552518,3369,0:35:00.020000,"(datetime.datetime(2026, 9, 29, 15, 47, 45, 976000),)",2a3c600d
408502809,-778546626,3407,0:35:00.060000,"(datetime.datetime(2026, 9, 29, 15, 47, 46, 19000),)",2a3c600a
408498833,-778552321,3370,0:35:00.160000,"(datetime.datetime(2026, 9, 29, 15, 47, 46, 118000),)",2a3c600d
408502956,-778546430,3408,0:35:00.310000,"(datetime.datetime(2026, 9, 29, 15, 47, 46, 267000),)",2a3c600a
408499110,-778551936,3370,0:35:00.380000,"(datetime.datetime(2026, 9, 29, 15, 47, 46, 334000),)",2a3c600d
408503099,-778546231,3408,0:35:00.480000,"(datetime.datetime(2026, 9, 29, 15, 47, 46, 435000),)",2a3c600a
408499250,-778551742,3369,0:35:00.660000,"(datetime.datetime(2026, 9, 29, 15, 47, 46, 615000),)",2a3c600d
408503239,-778546035,3408,0:35:00.980000,"(datetime.datetime(2026, 9, 29, 15, 47, 46, 938000),)",2a3c600a
408499384,-778551542,3370,0:35:01.110000,"(datetime.datetime(2026, 9, 29, 15, 47, 47, 66000),)",2a3c600d
408503381,-778545838,3407,0:35:01.150000,"(datetime.datetime(2026, 9, 29, 15, 47, 47, 104000),)",2a3c600a
408499518,-778551348,3369,0:35:01.210000,"(datetime.datetime(2026, 9, 29, 15, 47, 47, 165000),)",2a3c600d
408503523,-778545634,3407,0:35:01.280000,"(datetime.datetime(2026, 9, 29, 15, 47, 47, 235000),)",2a3c600a
408499657,-778551149,3370,0:35:01.360000,"(datetime.datetime(2026, 9, 29, 15, 47, 47, 312000),)",2a3c600d
408503665,-778545436,3406,0:35:01.420000,"(datetime.datetime(2026, 9, 29, 15, 47, 47, 379000),)",2a3c600a
408499795,-778550955,3369,0:35:01.480000,"(datetime.datetime(2026, 9, 29, 15, 47, 47, 440000),)",2a3c600d
408503809,-778545239,3407,0:35:01.560000,"(datetime.datetime(2026, 9, 29, 15, 47, 47, 514000),)",2a3c600a
408499928,-778550752,3370,0:35:01.620000,"(datetime.datetime(2026, 9, 29, 15, 47, 47, 577000),)",2a3c600d
408503950,-778545041,3407,0:35:01.700000,"(datetime.datetime(2026, 9, 29, 15, 47, 47, 652000),)",2a3c600a
408504096,-778544841,3407,0:35:01.770000,"(datetime.datetime(2026, 9, 29, 15, 47, 47, 730000),)",2a3c600a
408500069,-778550562,3370,0:35:01.870000,"(datetime.datetime(2026, 9, 29, 15, 47, 47, 822000),)",2a3c600d
408504239,-778544641,3407,0:35:01.900000,"(datetime.datetime(2026, 9, 29, 15, 47, 47, 853000),)",2a3c600a
408504382,-778544442,3407,0:35:01.960000,"(datetime.datetime(2026, 9, 29, 15, 47, 47, 912000),)",2a3c600a
408500205,-778550366,3369,0:35:02.040000,"(datetime.datetime(2026, 9, 29, 15, 47, 47, 995000),)",2a3c600d
408504525,-778544242,3407,0:35:02.100000,"(datetime.datetime(2026, 9, 29, 15, 47, 48, 52000),)",2a3c600a
408500342,-778550166,3370,0:35:02.180000,"(datetime.datetime(2026, 9, 29, 15, 47, 48, 138000),)",2a3c600d
408504669,-778544045,3407,0:35:02.230000,"(datetime.datetime(2026, 9, 29, 15, 47, 48, 186000),)",2a3c600a
408500480,-778549973,3370,0:35:02.310000,"(datetime.datetime(2026, 9, 29, 15, 47, 48, 267000),)",2a3c600d
408504812,-778543847,3406,0:35:02.390000,"(datetime.datetime(2026, 9, 29, 15, 47, 48, 341000),)",2a3c600a
408500618,-778549776,3370,0:35:02.430000,"(datetime.datetime(2026, 9, 29, 15, 47, 48, 388000),)",2a3c600d
408500758,-778549579,3370,0:35:02.500000,"(datetime.datetime(2026, 9, 29, 15, 47, 48, 451000),)",2a3c600d
408504955,-778543644,3406,0:35:02.570000,"(datetime.datetime(2026, 9, 29, 15, 47, 48, 524000),)",2a3c600a
408500895,-778549382,3370,0:35:02.620000,"(datetime.datetime(2026, 9, 29, 15, 47, 48, 578000),)",2a3c600d
408505242,-778543246,3406,0:35:02.710000,"(datetime.datetime(2026, 9, 29, 15, 47, 48, 665000),)",2a3c600a
408501036,-778549187,3370,0:35:02.760000,"(datetime.datetime(2026, 9, 29, 15, 47, 48, 714000),)",2a3c600d
408505386,-778543045,3406,0:35:02.850000,"(datetime.datetime(2026, 9, 29, 15, 47, 48, 802000),)",2a3c600a
408501176,-778548993,3370,0:35:02.900000,"(datetime.datetime(2026, 9, 29, 15, 47, 48, 859000),)",2a3c600d
408505532,-778542843,3405,0:35:02.970000,"(datetime.datetime(2026, 9, 29, 15, 47, 48, 924000),)",2a3c600a
408501316,-778548797,3371,0:35:03.040000,"(datetime.datetime(2026, 9, 29, 15, 47, 48, 999000),)",2a3c600d
408505676,-778542648,3405,0:35:03.100000,"(datetime.datetime(2026, 9, 29, 15, 47, 49, 60000),)",2a3c600a
408501456,-778548598,3370,0:35:03.170000,"(datetime.datetime(2026, 9, 29, 15, 47, 49, 124000),)",2a3c600d
408505820,-778542448,3404,0:35:03.230000,"(datetime.datetime(2026, 9, 29, 15, 47, 49, 187000),)",2a3c600a
408501594,-778548404,3370,0:35:03.310000,"(datetime.datetime(2026, 9, 29, 15, 47, 49, 265000),)",2a3c600d
408505820,-778542448,3404,0:35:03.390000,"(datetime.datetime(2026, 9, 29, 15, 47, 49, 340000),)",2a3c600a
408501735,-778548210,3370,0:35:03.450000,"(datetime.datetime(2026, 9, 29, 15, 47, 49, 404000),)",2a3c600d
408505963,-778542246,3404,0:35:03.510000,"(datetime.datetime(2026, 9, 29, 15, 47, 49, 470000),)",2a3c600a
408501875,-778548013,3370,0:35:03.590000,"(datetime.datetime(2026, 9, 29, 15, 47, 49, 543000),)",2a3c600d
408506110,-778542043,3403,0:35:03.650000,"(datetime.datetime(2026, 9, 29, 15, 47, 49, 610000),)",2a3c600a
408502016,-778547818,3370,0:35:03.730000,"(datetime.datetime(2026, 9, 29, 15, 47, 49, 690000),)",2a3c600d
408506252,-778541845,3403,0:35:03.790000,"(datetime.datetime(2026, 9, 29, 15, 47, 49, 748000),)",2a3c600a
408502155,-778547619,3370,0:35:03.860000,"(datetime.datetime(2026, 9, 29, 15, 47, 49, 817000),)",2a3c600d
408506392,-778541644,3403,0:35:03.930000,"(datetime.datetime(2026, 9, 29, 15, 47, 49, 886000),)",2a3c600a
408502292,-778547423,3370,0:35:04,"(datetime.datetime(2026, 9, 29, 15, 47, 49, 956000),)",2a3c600d
408506535,-778541443,3403,0:35:04.070000,"(datetime.datetime(2026, 9, 29, 15, 47, 50, 24000),)",2a3c600a
408502436,-778547227,3370,0:35:04.140000,"(datetime.datetime(2026, 9, 29, 15, 47, 50, 92000),)",2a3c600d
408506676,-778541243,3402,0:35:04.220000,"(datetime.datetime(2026, 9, 29, 15, 47, 50, 176000),)",2a3c600a
408502576,-778547030,3370,0:35:04.250000,"(datetime.datetime(2026, 9, 29, 15, 47, 50, 204000),)",2a3c600d
408506818,-778541045,3402,0:35:04.310000,"(datetime.datetime(2026, 9, 29, 15, 47, 50, 261000),)",2a3c600a
408502716,-778546831,3370,0:35:04.390000,"(datetime.datetime(2026, 9, 29, 15, 47, 50, 348000),)",2a3c600d
408506961,-778540841,3402,0:35:04.460000,"(datetime.datetime(2026, 9, 29, 15, 47, 50, 416000),)",2a3c600a
408502859,-778546639,3370,0:35:04.530000,"(datetime.datetime(2026, 9, 29, 15, 47, 50, 484000),)",2a3c600d
408507102,-778540642,3402,0:35:04.570000,"(datetime.datetime(2026, 9, 29, 15, 47, 50, 525000),)",2a3c600a
408502999,-778546440,3370,0:35:04.640000,"(datetime.datetime(2026, 9, 29, 15, 47, 50, 596000),)",2a3c600d
408507246,-778540441,3402,0:35:04.710000,"(datetime.datetime(2026, 9, 29, 15, 47, 50, 669000),)",2a3c600a
408503143,-778546244,3369,0:35:04.780000,"(datetime.datetime(2026, 9, 29, 15, 47, 50, 737000),)",2a3c600d
408507387,-778540242,3401,0:35:04.850000,"(datetime.datetime(2026, 9, 29, 15, 47, 50, 804000),)",2a3c600a
408503282,-778546044,3369,0:35:04.930000,"(datetime.datetime(2026, 9, 29, 15, 47, 50, 884000),)",2a3c600d
408507527,-778540041,3401,0:35:05.010000,"(datetime.datetime(2026, 9, 29, 15, 47, 50, 963000),)",2a3c600a
408503423,-778545849,3369,0:35:05.070000,"(datetime.datetime(2026, 9, 29, 15, 47, 51, 21000),)",2a3c600d
408507668,-778539842,3400,0:35:05.140000,"(datetime.datetime(2026, 9, 29, 15, 47, 51, 91000),)",2a3c600a
408503567,-778545652,3369,0:35:05.210000,"(datetime.datetime(2026, 9, 29, 15, 47, 51, 168000),)",2a3c600d
408507808,-778539641,3400,0:35:05.270000,"(datetime.datetime(2026, 9, 29, 15, 47, 51, 226000),)",2a3c600a
408503708,-778545452,3369,0:35:05.350000,"(datetime.datetime(2026, 9, 29, 15, 47, 51, 304000),)",2a3c600d
408507948,-778539444,3400,0:35:05.420000,"(datetime.datetime(2026, 9, 29, 15, 47, 51, 375000),)",2a3c600a
408503851,-778545257,3369,0:35:05.450000,"(datetime.datetime(2026, 9, 29, 15, 47, 51, 403000),)",2a3c600d
408508090,-778539241,3400,0:35:05.520000,"(datetime.datetime(2026, 9, 29, 15, 47, 51, 479000),)",2a3c600a
408503992,-778545059,3368,0:35:05.630000,"(datetime.datetime(2026, 9, 29, 15, 47, 51, 581000),)",2a3c600d
408508227,-778539043,3400,0:35:05.660000,"(datetime.datetime(2026, 9, 29, 15, 47, 51, 620000),)",2a3c600a
408504136,-778544861,3368,0:35:05.730000,"(datetime.datetime(2026, 9, 29, 15, 47, 51, 688000),)",2a3c600d
408508367,-778538837,3399,0:35:05.820000,"(datetime.datetime(2026, 9, 29, 15, 47, 51, 775000),)",2a3c600a
408504277,-778544658,3368,0:35:05.860000,"(datetime.datetime(2026, 9, 29, 15, 47, 51, 817000),)",2a3c600d
408508509,-778538643,3398,0:35:05.910000,"(datetime.datetime(2026, 9, 29, 15, 47, 51, 862000),)",2a3c600a
408504418,-778544459,3368,0:35:05.980000,"(datetime.datetime(2026, 9, 29, 15, 47, 51, 937000),)",2a3c600d
408508646,-778538438,3397,0:35:06.010000,"(datetime.datetime(2026, 9, 29, 15, 47, 51, 965000),)",2a3c600a
408504563,-778544258,3368,0:35:06.080000,"(datetime.datetime(2026, 9, 29, 15, 47, 52, 31000),)",2a3c600d
408508784,-778538236,3397,0:35:06.130000,"(datetime.datetime(2026, 9, 29, 15, 47, 52, 89000),)",2a3c600a
408504704,-778544058,3368,0:35:06.210000,"(datetime.datetime(2026, 9, 29, 15, 47, 52, 163000),)",2a3c600d
408508919,-778538032,3396,0:35:06.290000,"(datetime.datetime(2026, 9, 29, 15, 47, 52, 243000),)",2a3c600a
408504845,-778543858,3367,0:35:06.320000,"(datetime.datetime(2026, 9, 29, 15, 47, 52, 271000),)",2a3c600d
408509053,-778537828,3395,0:35:06.370000,"(datetime.datetime(2026, 9, 29, 15, 47, 52, 324000),)",2a3c600a
408504990,-778543657,3368,0:35:06.450000,"(datetime.datetime(2026, 9, 29, 15, 47, 52, 409000),)",2a3c600d
408505133,-778543453,3367,0:35:06.480000,"(datetime.datetime(2026, 9, 29, 15, 47, 52, 439000),)",2a3c600d
408509189,-778537625,3394,0:35:06.530000,"(datetime.datetime(2026, 9, 29, 15, 47, 52, 487000),)",2a3c600a
408509324,-778537423,3394,0:35:06.620000,"(datetime.datetime(2026, 9, 29, 15, 47, 52, 574000),)",2a3c600a
408505275,-778543255,3367,0:35:06.650000,"(datetime.datetime(2026, 9, 29, 15, 47, 52, 602000),)",2a3c600d
408509462,-778537223,3394,0:35:06.700000,"(datetime.datetime(2026, 9, 29, 15, 47, 52, 654000),)",2a3c600a
408505419,-778543056,3367,0:35:06.760000,"(datetime.datetime(2026, 9, 29, 15, 47, 52, 715000),)",2a3c600d
408509600,-778537021,3394,0:35:06.850000,"(datetime.datetime(2026, 9, 29, 15, 47, 52, 810000),)",2a3c600a
408505563,-778542853,3366,0:35:06.890000,"(datetime.datetime(2026, 9, 29, 15, 47, 52, 844000),)",2a3c600d
408509732,-778536824,3393,0:35:06.920000,"(datetime.datetime(2026, 9, 29, 15, 47, 52, 879000),)",2a3c600a
408505708,-778542654,3366,0:35:06.950000,"(datetime.datetime(2026, 9, 29, 15, 47, 52, 906000),)",2a3c600d
408509869,-778536620,3393,0:35:07.020000,"(datetime.datetime(2026, 9, 29, 15, 47, 52, 975000),)",2a3c600a
408505853,-778542450,3365,0:35:07.050000,"(datetime.datetime(2026, 9, 29, 15, 47, 53, 4000),)",2a3c600d
408510001,-778536414,3393,0:35:07.120000,"(datetime.datetime(2026, 9, 29, 15, 47, 53, 72000),)",2a3c600a
408505853,-778542450,3365,0:35:07.140000,"(datetime.datetime(2026, 9, 29, 15, 47, 53, 99000),)",2a3c600d
408510132,-778536211,3392,0:35:07.210000,"(datetime.datetime(2026, 9, 29, 15, 47, 53, 169000),)",2a3c600a
408505997,-778542246,3365,0:35:07.240000,"(datetime.datetime(2026, 9, 29, 15, 47, 53, 196000),)",2a3c600d
408510266,-778536009,3392,0:35:07.310000,"(datetime.datetime(2026, 9, 29, 15, 47, 53, 265000),)",2a3c600a
408506143,-778542046,3365,0:35:07.340000,"(datetime.datetime(2026, 9, 29, 15, 47, 53, 292000),)",2a3c600d
408510401,-778535808,3392,0:35:07.410000,"(datetime.datetime(2026, 9, 29, 15, 47, 53, 362000),)",2a3c600a
408506286,-778541843,3364,0:35:07.440000,"(datetime.datetime(2026, 9, 29, 15, 47, 53, 390000),)",2a3c600d
408510534,-778535606,3392,0:35:07.520000,"(datetime.datetime(2026, 9, 29, 15, 47, 53, 471000),)",2a3c600a
408506434,-778541640,3364,0:35:07.600000,"(datetime.datetime(2026, 9, 29, 15, 47, 53, 558000),)",2a3c600d
408510664,-778535400,3391,0:35:07.630000,"(datetime.datetime(2026, 9, 29, 15, 47, 53, 586000),)",2a3c600a
408506576,-778541437,3364,0:35:07.680000,"(datetime.datetime(2026, 9, 29, 15, 47, 53, 639000),)",2a3c600d
408510797,-778535196,3391,0:35:07.740000,"(datetime.datetime(2026, 9, 29, 15, 47, 53, 699000),)",2a3c600a
408506721,-778541231,3363,0:35:07.820000,"(datetime.datetime(2026, 9, 29, 15, 47, 53, 770000),)",2a3c600d
408510928,-778534990,3390,0:35:07.910000,"(datetime.datetime(2026, 9, 29, 15, 47, 53, 864000),)",2a3c600a
408506865,-778541031,3364,0:35:07.960000,"(datetime.datetime(2026, 9, 29, 15, 47, 53, 914000),)",2a3c600d
408507009,-778540829,3364,0:35:08.010000,"(datetime.datetime(2026, 9, 29, 15, 47, 53, 968000),)",2a3c600d
408511059,-778534788,3389,0:35:08.110000,"(datetime.datetime(2026, 9, 29, 15, 47, 54, 61000),)",2a3c600a
408511195,-778534583,3388,0:35:08.130000,"(datetime.datetime(2026, 9, 29, 15, 47, 54, 90000),)",2a3c600a
408507155,-778540630,3363,0:35:08.170000,"(datetime.datetime(2026, 9, 29, 15, 47, 54, 129000),)",2a3c600d
408511325,-778534377,3388,0:35:08.200000,"(datetime.datetime(2026, 9, 29, 15, 47, 54, 156000),)",2a3c600a
408507299,-778540426,3363,0:35:08.270000,"(datetime.datetime(2026, 9, 29, 15, 47, 54, 226000),)",2a3c600d
408511456,-778534173,3387,0:35:08.300000,"(datetime.datetime(2026, 9, 29, 15, 47, 54, 254000),)",2a3c600a
408507445,-778540224,3362,0:35:08.370000,"(datetime.datetime(2026, 9, 29, 15, 47, 54, 327000),)",2a3c600d
408511588,-778533969,3387,0:35:08.430000,"(datetime.datetime(2026, 9, 29, 15, 47, 54, 390000),)",2a3c600a
408507589,-778540021,3362,0:35:08.500000,"(datetime.datetime(2026, 9, 29, 15, 47, 54, 459000),)",2a3c600d
408507734,-778539820,3362,0:35:08.570000,"(datetime.datetime(2026, 9, 29, 15, 47, 54, 527000),)",2a3c600d
408511719,-778533763,3387,0:35:08.640000,"(datetime.datetime(2026, 9, 29, 15, 47, 54, 591000),)",2a3c600a
408511850,-778533558,3386,0:35:08.710000,"(datetime.datetime(2026, 9, 29, 15, 47, 54, 664000),)",2a3c600a
408507875,-778539616,3362,0:35:08.770000,"(datetime.datetime(2026, 9, 29, 15, 47, 54, 725000),)",2a3c600d
408511982,-778533353,3386,0:35:08.860000,"(datetime.datetime(2026, 9, 29, 15, 47, 54, 812000),)",2a3c600a
408508020,-778539414,3361,0:35:08.910000,"(datetime.datetime(2026, 9, 29, 15, 47, 54, 861000),)",2a3c600d
408512111,-778533147,3386,0:35:08.990000,"(datetime.datetime(2026, 9, 29, 15, 47, 54, 943000),)",2a3c600a
408508303,-778539006,3360,0:35:09.050000,"(datetime.datetime(2026, 9, 29, 15, 47, 55, 5000),)",2a3c600d
408512243,-778532941,3386,0:35:09.120000,"(datetime.datetime(2026, 9, 29, 15, 47, 55, 74000),)",2a3c600a
408508445,-778538802,3360,0:35:09.180000,"(datetime.datetime(2026, 9, 29, 15, 47, 55, 138000),)",2a3c600d
408512372,-778532738,3386,0:35:09.250000,"(datetime.datetime(2026, 9, 29, 15, 47, 55, 205000),)",2a3c600a
408508584,-778538593,3359,0:35:09.310000,"(datetime.datetime(2026, 9, 29, 15, 47, 55, 267000),)",2a3c600d
408512503,-778532530,3385,0:35:09.390000,"(datetime.datetime(2026, 9, 29, 15, 47, 55, 344000),)",2a3c600a
408508722,-778538389,3358,0:35:09.460000,"(datetime.datetime(2026, 9, 29, 15, 47, 55, 412000),)",2a3c600d
408512632,-778532323,3384,0:35:09.520000,"(datetime.datetime(2026, 9, 29, 15, 47, 55, 477000),)",2a3c600a
408508865,-778538183,3357,0:35:09.580000,"(datetime.datetime(2026, 9, 29, 15, 47, 55, 535000),)",2a3c600d
408512762,-778532117,3384,0:35:09.650000,"(datetime.datetime(2026, 9, 29, 15, 47, 55, 608000),)",2a3c600a
408509001,-778537979,3357,0:35:09.720000,"(datetime.datetime(2026, 9, 29, 15, 47, 55, 676000),)",2a3c600d
408512893,-778531912,3384,0:35:09.780000,"(datetime.datetime(2026, 9, 29, 15, 47, 55, 738000),)",2a3c600a
408509140,-778537774,3357,0:35:09.850000,"(datetime.datetime(2026, 9, 29, 15, 47, 55, 801000),)",2a3c600d
408513021,-778531704,3384,0:35:09.920000,"(datetime.datetime(2026, 9, 29, 15, 47, 55, 878000),)",2a3c600a
408509286,-778537568,3357,0:35:09.980000,"(datetime.datetime(2026, 9, 29, 15, 47, 55, 938000),)",2a3c600d
408509424,-778537363,3356,0:35:10.050000,"(datetime.datetime(2026, 9, 29, 15, 47, 56, 4000),)",2a3c600d
408513150,-778531502,3384,0:35:10.120000,"(datetime.datetime(2026, 9, 29, 15, 47, 56, 77000),)",2a3c600a
408513278,-778531292,3384,0:35:10.190000,"(datetime.datetime(2026, 9, 29, 15, 47, 56, 143000),)",2a3c600a
408509565,-778537155,3356,0:35:10.260000,"(datetime.datetime(2026, 9, 29, 15, 47, 56, 211000),)",2a3c600d
408513405,-778531085,3383,0:35:10.280000,"(datetime.datetime(2026, 9, 29, 15, 47, 56, 240000),)",2a3c600a
408509565,-778537155,3356,0:35:10.350000,"(datetime.datetime(2026, 9, 29, 15, 47, 56, 304000),)",2a3c600d
408513535,-778530880,3383,0:35:10.430000,"(datetime.datetime(2026, 9, 29, 15, 47, 56, 386000),)",2a3c600a
408509842,-778536742,3355,0:35:10.490000,"(datetime.datetime(2026, 9, 29, 15, 47, 56, 448000),)",2a3c600d
408513662,-778530674,3384,0:35:10.580000,"(datetime.datetime(2026, 9, 29, 15, 47, 56, 532000),)",2a3c600a
408509842,-778536742,3355,0:35:10.640000,"(datetime.datetime(2026, 9, 29, 15, 47, 56, 598000),)",2a3c600d
408513794,-778530468,3384,0:35:10.720000,"(datetime.datetime(2026, 9, 29, 15, 47, 56, 671000),)",2a3c600a
408509985,-778536532,3355,0:35:10.750000,"(datetime.datetime(2026, 9, 29, 15, 47, 56, 701000),)",2a3c600d
408513921,-778530263,3383,0:35:10.790000,"(datetime.datetime(2026, 9, 29, 15, 47, 56, 743000),)",2a3c600a
408510264,-778536118,3354,0:35:10.860000,"(datetime.datetime(2026, 9, 29, 15, 47, 56, 816000),)",2a3c600d
408514048,-778530057,3383,0:35:10.960000,"(datetime.datetime(2026, 9, 29, 15, 47, 56, 914000),)",2a3c600a
408510403,-778535910,3354,0:35:11,"(datetime.datetime(2026, 9, 29, 15, 47, 56, 958000),)",2a3c600d
408514176,-778529850,3383,0:35:11.070000,"(datetime.datetime(2026, 9, 29, 15, 47, 57, 22000),)",2a3c600a
408510539,-778535697,3353,0:35:11.140000,"(datetime.datetime(2026, 9, 29, 15, 47, 57, 95000),)",2a3c600d
408514300,-778529643,3383,0:35:11.210000,"(datetime.datetime(2026, 9, 29, 15, 47, 57, 169000),)",2a3c600a
408510680,-778535487,3352,0:35:11.270000,"(datetime.datetime(2026, 9, 29, 15, 47, 57, 226000),)",2a3c600d
408514426,-778529436,3383,0:35:11.310000,"(datetime.datetime(2026, 9, 29, 15, 47, 57, 262000),)",2a3c600a
408510813,-778535276,3352,0:35:11.370000,"(datetime.datetime(2026, 9, 29, 15, 47, 57, 325000),)",2a3c600d
408514554,-778529234,3382,0:35:11.430000,"(datetime.datetime(2026, 9, 29, 15, 47, 57, 381000),)",2a3c600a
408510951,-778535063,3351,0:35:11.510000,"(datetime.datetime(2026, 9, 29, 15, 47, 57, 461000),)",2a3c600d
408514680,-778529028,3383,0:35:11.570000,"(datetime.datetime(2026, 9, 29, 15, 47, 57, 530000),)",2a3c600a
408511088,-778534851,3350,0:35:11.650000,"(datetime.datetime(2026, 9, 29, 15, 47, 57, 605000),)",2a3c600d
408514807,-778528826,3383,0:35:11.700000,"(datetime.datetime(2026, 9, 29, 15, 47, 57, 656000),)",2a3c600a
408511223,-778534640,3350,0:35:11.760000,"(datetime.datetime(2026, 9, 29, 15, 47, 57, 716000),)",2a3c600d
408514933,-778528622,3383,0:35:11.850000,"(datetime.datetime(2026, 9, 29, 15, 47, 57, 810000),)",2a3c600a
408511359,-778534432,3349,0:35:11.920000,"(datetime.datetime(2026, 9, 29, 15, 47, 57, 875000),)",2a3c600d
408515061,-778528420,3382,0:35:11.970000,"(datetime.datetime(2026, 9, 29, 15, 47, 57, 926000),)",2a3c600a
408511494,-778534217,3349,0:35:12.050000,"(datetime.datetime(2026, 9, 29, 15, 47, 58, 2000),)",2a3c600d
408515184,-778528217,3382,0:35:12.130000,"(datetime.datetime(2026, 9, 29, 15, 47, 58, 82000),)",2a3c600a
408511630,-778534007,3348,0:35:12.210000,"(datetime.datetime(2026, 9, 29, 15, 47, 58, 162000),)",2a3c600d
408511766,-778533794,3348,0:35:12.250000,"(datetime.datetime(2026, 9, 29, 15, 47, 58, 204000),)",2a3c600d
408515306,-778528017,3382,0:35:12.310000,"(datetime.datetime(2026, 9, 29, 15, 47, 58, 270000),)",2a3c600a
408515427,-778527817,3382,0:35:12.380000,"(datetime.datetime(2026, 9, 29, 15, 47, 58, 338000),)",2a3c600a
408511901,-778533583,3348,0:35:12.440000,"(datetime.datetime(2026, 9, 29, 15, 47, 58, 400000),)",2a3c600d
408515547,-778527617,3381,0:35:12.530000,"(datetime.datetime(2026, 9, 29, 15, 47, 58, 482000),)",2a3c600a
408512037,-778533371,3347,0:35:12.590000,"(datetime.datetime(2026, 9, 29, 15, 47, 58, 541000),)",2a3c600d
408515667,-778527419,3382,0:35:12.640000,"(datetime.datetime(2026, 9, 29, 15, 47, 58, 599000),)",2a3c600a
408512170,-778533160,3348,0:35:12.720000,"(datetime.datetime(2026, 9, 29, 15, 47, 58, 678000),)",2a3c600d
408515788,-778527220,3381,0:35:12.800000,"(datetime.datetime(2026, 9, 29, 15, 47, 58, 758000),)",2a3c600a
408515908,-778527022,3382,0:35:12.860000,"(datetime.datetime(2026, 9, 29, 15, 47, 58, 811000),)",2a3c600a
408512302,-778532948,3348,0:35:12.990000,"(datetime.datetime(2026, 9, 29, 15, 47, 58, 943000),)",2a3c600d
408512438,-778532732,3347,0:35:13.150000,"(datetime.datetime(2026, 9, 29, 15, 47, 59, 108000),)",2a3c600d
408516029,-778526827,3382,0:35:13.230000,"(datetime.datetime(2026, 9, 29, 15, 47, 59, 188000),)",2a3c600a
408512571,-778532520,3346,0:35:13.310000,"(datetime.datetime(2026, 9, 29, 15, 47, 59, 269000),)",2a3c600d
408516146,-778526629,3382,0:35:13.430000,"(datetime.datetime(2026, 9, 29, 15, 47, 59, 382000),)",2a3c600a
408512708,-778532310,3345,0:35:13.500000,"(datetime.datetime(2026, 9, 29, 15, 47, 59, 459000),)",2a3c600d
408516266,-778526434,3382,0:35:13.650000,"(datetime.datetime(2026, 9, 29, 15, 47, 59, 607000),)",2a3c600a
408512842,-778532099,3345,0:35:13.820000,"(datetime.datetime(2026, 9, 29, 15, 47, 59, 771000),)",2a3c600d
408512973,-778531884,3345,0:35:13.970000,"(datetime.datetime(2026, 9, 29, 15, 47, 59, 928000),)",2a3c600d
408516382,-778526242,3381,0:35:14.090000,"(datetime.datetime(2026, 9, 29, 15, 48, 0, 48000),)",2a3c600a
408516500,-778526051,3381,0:35:14.120000,"(datetime.datetime(2026, 9, 29, 15, 48, 0, 78000),)",2a3c600a
408513104,-778531670,3345,0:35:14.210000,"(datetime.datetime(2026, 9, 29, 15, 48, 0, 161000),)",2a3c600d
408516615,-778525860,3381,0:35:14.350000,"(datetime.datetime(2026, 9, 29, 15, 48, 0, 305000),)",2a3c600a
408513235,-778531460,3345,0:35:14.410000,"(datetime.datetime(2026, 9, 29, 15, 48, 0, 365000),)",2a3c600d
408516730,-778525669,3382,0:35:14.520000,"(datetime.datetime(2026, 9, 29, 15, 48, 0, 479000),)",2a3c600a
408513369,-778531250,3345,0:35:14.670000,"(datetime.datetime(2026, 9, 29, 15, 48, 0, 626000),)",2a3c600d
408516845,-778525478,3382,0:35:14.720000,"(datetime.datetime(2026, 9, 29, 15, 48, 0, 678000),)",2a3c600a
408513501,-778531037,3345,0:35:14.820000,"(datetime.datetime(2026, 9, 29, 15, 48, 0, 779000),)",2a3c600d
408516957,-778525293,3382,0:35:15,"(datetime.datetime(2026, 9, 29, 15, 48, 0, 951000),)",2a3c600a
408513632,-778530826,3345,0:35:15.110000,"(datetime.datetime(2026, 9, 29, 15, 48, 1, 69000),)",2a3c600d
408517073,-778525103,3382,0:35:15.170000,"(datetime.datetime(2026, 9, 29, 15, 48, 1, 126000),)",2a3c600a
408513765,-778530618,3345,0:35:15.250000,"(datetime.datetime(2026, 9, 29, 15, 48, 1, 204000),)",2a3c600d
408517184,-778524916,3383,0:35:15.320000,"(datetime.datetime(2026, 9, 29, 15, 48, 1, 274000),)",2a3c600a
408513894,-778530404,3345,0:35:15.420000,"(datetime.datetime(2026, 9, 29, 15, 48, 1, 370000),)",2a3c600d
408517297,-778524729,3383,0:35:15.450000,"(datetime.datetime(2026, 9, 29, 15, 48, 1, 407000),)",2a3c600a
408514024,-778530187,3345,0:35:15.520000,"(datetime.datetime(2026, 9, 29, 15, 48, 1, 479000),)",2a3c600d
408517416,-778524546,3383,0:35:15.610000,"(datetime.datetime(2026, 9, 29, 15, 48, 1, 565000),)",2a3c600a
408514154,-778529980,3345,0:35:15.680000,"(datetime.datetime(2026, 9, 29, 15, 48, 1, 635000),)",2a3c600d
408517528,-778524363,3383,0:35:15.740000,"(datetime.datetime(2026, 9, 29, 15, 48, 1, 699000),)",2a3c600a
408514282,-778529770,3345,0:35:15.810000,"(datetime.datetime(2026, 9, 29, 15, 48, 1, 768000),)",2a3c600d
408517640,-778524180,3384,0:35:15.870000,"(datetime.datetime(2026, 9, 29, 15, 48, 1, 828000),)",2a3c600a
408514413,-778529562,3344,0:35:15.930000,"(datetime.datetime(2026, 9, 29, 15, 48, 1, 885000),)",2a3c600d
408517751,-778523997,3384,0:35:15.990000,"(datetime.datetime(2026, 9, 29, 15, 48, 1, 949000),)",2a3c600a
408514539,-778529352,3345,0:35:16.070000,"(datetime.datetime(2026, 9, 29, 15, 48, 2, 22000),)",2a3c600d
408517865,-778523812,3384,0:35:16.090000,"(datetime.datetime(2026, 9, 29, 15, 48, 2, 50000),)",2a3c600a
408514666,-778529142,3345,0:35:16.160000,"(datetime.datetime(2026, 9, 29, 15, 48, 2, 116000),)",2a3c600d
408517976,-778523631,3384,0:35:16.240000,"(datetime.datetime(2026, 9, 29, 15, 48, 2, 200000),)",2a3c600a
408514796,-778528938,3345,0:35:16.300000,"(datetime.datetime(2026, 9, 29, 15, 48, 2, 260000),)",2a3c600d
408518089,-778523445,3384,0:35:16.390000,"(datetime.datetime(2026, 9, 29, 15, 48, 2, 350000),)",2a3c600a
408514921,-778528731,3345,0:35:16.450000,"(datetime.datetime(2026, 9, 29, 15, 48, 2, 403000),)",2a3c600d
408518199,-778523270,3384,0:35:16.520000,"(datetime.datetime(2026, 9, 29, 15, 48, 2, 471000),)",2a3c600a
408515049,-778528530,3344,0:35:16.590000,"(datetime.datetime(2026, 9, 29, 15, 48, 2, 546000),)",2a3c600d
408518312,-778523087,3385,0:35:16.650000,"(datetime.datetime(2026, 9, 29, 15, 48, 2, 610000),)",2a3c600a
408515172,-778528323,3344,0:35:16.720000,"(datetime.datetime(2026, 9, 29, 15, 48, 2, 679000),)",2a3c600d
408518425,-778522907,3384,0:35:16.800000,"(datetime.datetime(2026, 9, 29, 15, 48, 2, 754000),)",2a3c600a
408515299,-778528124,3343,0:35:16.870000,"(datetime.datetime(2026, 9, 29, 15, 48, 2, 827000),)",2a3c600d
408518538,-778522720,3385,0:35:16.930000,"(datetime.datetime(2026, 9, 29, 15, 48, 2, 889000),)",2a3c600a
408515420,-778527921,3344,0:35:17,"(datetime.datetime(2026, 9, 29, 15, 48, 2, 956000),)",2a3c600d
408518650,-778522544,3385,0:35:17.080000,"(datetime.datetime(2026, 9, 29, 15, 48, 3, 38000),)",2a3c600a
408515541,-778527723,3344,0:35:17.150000,"(datetime.datetime(2026, 9, 29, 15, 48, 3, 107000),)",2a3c600d
408518761,-778522365,3385,0:35:17.240000,"(datetime.datetime(2026, 9, 29, 15, 48, 3, 193000),)",2a3c600a
408515661,-778527522,3344,0:35:17.310000,"(datetime.datetime(2026, 9, 29, 15, 48, 3, 261000),)",2a3c600d
408518871,-778522188,3385,0:35:17.390000,"(datetime.datetime(2026, 9, 29, 15, 48, 3, 347000),)",2a3c600a
408515785,-778527322,3344,0:35:17.420000,"(datetime.datetime(2026, 9, 29, 15, 48, 3, 376000),)",2a3c600d
408518983,-778522012,3385,0:35:17.460000,"(datetime.datetime(2026, 9, 29, 15, 48, 3, 420000),)",2a3c600a
408515908,-778527122,3344,0:35:17.540000,"(datetime.datetime(2026, 9, 29, 15, 48, 3, 498000),)",2a3c600d
408519091,-778521837,3386,0:35:17.610000,"(datetime.datetime(2026, 9, 29, 15, 48, 3, 562000),)",2a3c600a
408516024,-778526920,3344,0:35:17.680000,"(datetime.datetime(2026, 9, 29, 15, 48, 3, 639000),)",2a3c600d
408519204,-778521659,3386,0:35:17.750000,"(datetime.datetime(2026, 9, 29, 15, 48, 3, 704000),)",2a3c600a
408516148,-778526726,3344,0:35:17.810000,"(datetime.datetime(2026, 9, 29, 15, 48, 3, 769000),)",2a3c600d
408519315,-778521487,3387,0:35:17.880000,"(datetime.datetime(2026, 9, 29, 15, 48, 3, 840000),)",2a3c600a
408516271,-778526527,3344,0:35:17.950000,"(datetime.datetime(2026, 9, 29, 15, 48, 3, 910000),)",2a3c600d
408519425,-778521313,3387,0:35:18.040000,"(datetime.datetime(2026, 9, 29, 15, 48, 3, 998000),)",2a3c600a
408516391,-778526329,3344,0:35:18.100000,"(datetime.datetime(2026, 9, 29, 15, 48, 4, 54000),)",2a3c600d
408519537,-778521140,3388,0:35:18.180000,"(datetime.datetime(2026, 9, 29, 15, 48, 4, 131000),)",2a3c600a
408516514,-778526126,3344,0:35:18.240000,"(datetime.datetime(2026, 9, 29, 15, 48, 4, 199000),)",2a3c600d
408519648,-778520960,3388,0:35:18.310000,"(datetime.datetime(2026, 9, 29, 15, 48, 4, 270000),)",2a3c600a
408516632,-778525933,3344,0:35:18.380000,"(datetime.datetime(2026, 9, 29, 15, 48, 4, 338000),)",2a3c600d
408519758,-778520791,3388,0:35:18.440000,"(datetime.datetime(2026, 9, 29, 15, 48, 4, 392000),)",2a3c600a
408516752,-778525737,3345,0:35:18.500000,"(datetime.datetime(2026, 9, 29, 15, 48, 4, 451000),)",2a3c600d
408519869,-778520618,3389,0:35:18.560000,"(datetime.datetime(2026, 9, 29, 15, 48, 4, 518000),)",2a3c600a
408516873,-778525545,3345,0:35:18.630000,"(datetime.datetime(2026, 9, 29, 15, 48, 4, 589000),)",2a3c600d
408519976,-778520448,3389,0:35:18.690000,"(datetime.datetime(2026, 9, 29, 15, 48, 4, 650000),)",2a3c600a
408516991,-778525352,3346,0:35:18.790000,"(datetime.datetime(2026, 9, 29, 15, 48, 4, 743000),)",2a3c600d
408520087,-778520274,3390,0:35:18.870000,"(datetime.datetime(2026, 9, 29, 15, 48, 4, 826000),)",2a3c600a
408517110,-778525155,3346,0:35:18.910000,"(datetime.datetime(2026, 9, 29, 15, 48, 4, 866000),)",2a3c600d
408520198,-778520104,3390,0:35:18.990000,"(datetime.datetime(2026, 9, 29, 15, 48, 4, 949000),)",2a3c600a
408517230,-778524964,3346,0:35:19.060000,"(datetime.datetime(2026, 9, 29, 15, 48, 5, 11000),)",2a3c600d
408520307,-778519935,3391,0:35:19.120000,"(datetime.datetime(2026, 9, 29, 15, 48, 5, 72000),)",2a3c600a
408517348,-778524775,3346,0:35:19.190000,"(datetime.datetime(2026, 9, 29, 15, 48, 5, 141000),)",2a3c600d
408520416,-778519766,3391,0:35:19.270000,"(datetime.datetime(2026, 9, 29, 15, 48, 5, 223000),)",2a3c600a
408517467,-778524584,3347,0:35:19.320000,"(datetime.datetime(2026, 9, 29, 15, 48, 5, 275000),)",2a3c600d
408520526,-778519595,3391,0:35:19.390000,"(datetime.datetime(2026, 9, 29, 15, 48, 5, 342000),)",2a3c600a
408517584,-778524397,3347,0:35:19.460000,"(datetime.datetime(2026, 9, 29, 15, 48, 5, 414000),)",2a3c600d
408520637,-778519427,3392,0:35:19.520000,"(datetime.datetime(2026, 9, 29, 15, 48, 5, 472000),)",2a3c600a
408517705,-778524204,3346,0:35:19.590000,"(datetime.datetime(2026, 9, 29, 15, 48, 5, 542000),)",2a3c600d
408520749,-778519261,3392,0:35:19.650000,"(datetime.datetime(2026, 9, 29, 15, 48, 5, 606000),)",2a3c600a
408517820,-778524017,3347,0:35:19.720000,"(datetime.datetime(2026, 9, 29, 15, 48, 5, 674000),)",2a3c600d
408520854,-778519096,3393,0:35:19.790000,"(datetime.datetime(2026, 9, 29, 15, 48, 5, 747000),)",2a3c600a
408517936,-778523828,3347,0:35:19.890000,"(datetime.datetime(2026, 9, 29, 15, 48, 5, 842000),)",2a3c600d
408520966,-778518924,3393,0:35:19.930000,"(datetime.datetime(2026, 9, 29, 15, 48, 5, 887000),)",2a3c600a
408518055,-778523639,3347,0:35:20.010000,"(datetime.datetime(2026, 9, 29, 15, 48, 5, 961000),)",2a3c600d
408521074,-778518760,3395,0:35:20.070000,"(datetime.datetime(2026, 9, 29, 15, 48, 6, 21000),)",2a3c600a
408518172,-778523457,3347,0:35:20.160000,"(datetime.datetime(2026, 9, 29, 15, 48, 6, 111000),)",2a3c600d
408521180,-778518591,3395,0:35:20.200000,"(datetime.datetime(2026, 9, 29, 15, 48, 6, 156000),)",2a3c600a
408518285,-778523277,3348,0:35:20.280000,"(datetime.datetime(2026, 9, 29, 15, 48, 6, 230000),)",2a3c600d
408521289,-778518422,3396,0:35:20.360000,"(datetime.datetime(2026, 9, 29, 15, 48, 6, 316000),)",2a3c600a
408518401,-778523089,3348,0:35:20.430000,"(datetime.datetime(2026, 9, 29, 15, 48, 6, 384000),)",2a3c600d
408521396,-778518257,3397,0:35:20.460000,"(datetime.datetime(2026, 9, 29, 15, 48, 6, 412000),)",2a3c600a
408518518,-778522904,3348,0:35:20.510000,"(datetime.datetime(2026, 9, 29, 15, 48, 6, 463000),)",2a3c600d
408521502,-778518088,3397,0:35:20.590000,"(datetime.datetime(2026, 9, 29, 15, 48, 6, 542000),)",2a3c600a
408518636,-778522724,3348,0:35:20.670000,"(datetime.datetime(2026, 9, 29, 15, 48, 6, 621000),)",2a3c600d
408521609,-778517922,3397,0:35:20.740000,"(datetime.datetime(2026, 9, 29, 15, 48, 6, 694000),)",2a3c600a
408518749,-778522541,3348,0:35:20.770000,"(datetime.datetime(2026, 9, 29, 15, 48, 6, 722000),)",2a3c600d
408521717,-778517752,3398,0:35:20.830000,"(datetime.datetime(2026, 9, 29, 15, 48, 6, 788000),)",2a3c600a
408518868,-778522354,3348,0:35:20.910000,"(datetime.datetime(2026, 9, 29, 15, 48, 6, 860000),)",2a3c600d
408521823,-778517586,3399,0:35:20.980000,"(datetime.datetime(2026, 9, 29, 15, 48, 6, 937000),)",2a3c600a
408518984,-778522177,3348,0:35:21.050000,"(datetime.datetime(2026, 9, 29, 15, 48, 7, 3000),)",2a3c600d
408521932,-778517421,3399,0:35:21.120000,"(datetime.datetime(2026, 9, 29, 15, 48, 7, 77000),)",2a3c600a
408519098,-778521997,3349,0:35:21.150000,"(datetime.datetime(2026, 9, 29, 15, 48, 7, 109000),)",2a3c600d
408522036,-778517254,3399,0:35:21.230000,"(datetime.datetime(2026, 9, 29, 15, 48, 7, 185000),)",2a3c600a
408519212,-778521816,3349,0:35:21.310000,"(datetime.datetime(2026, 9, 29, 15, 48, 7, 267000),)",2a3c600d
408522143,-778517087,3400,0:35:21.360000,"(datetime.datetime(2026, 9, 29, 15, 48, 7, 315000),)",2a3c600a
408519324,-778521633,3349,0:35:21.430000,"(datetime.datetime(2026, 9, 29, 15, 48, 7, 381000),)",2a3c600d
408522249,-778516924,3400,0:35:21.500000,"(datetime.datetime(2026, 9, 29, 15, 48, 7, 452000),)",2a3c600a
408519441,-778521460,3349,0:35:21.560000,"(datetime.datetime(2026, 9, 29, 15, 48, 7, 519000),)",2a3c600d
408522353,-778516757,3401,0:35:21.630000,"(datetime.datetime(2026, 9, 29, 15, 48, 7, 586000),)",2a3c600a
408519554,-778521281,3350,0:35:21.700000,"(datetime.datetime(2026, 9, 29, 15, 48, 7, 657000),)",2a3c600d
408522458,-778516592,3402,0:35:21.770000,"(datetime.datetime(2026, 9, 29, 15, 48, 7, 729000),)",2a3c600a
408519666,-778521103,3350,0:35:21.900000,"(datetime.datetime(2026, 9, 29, 15, 48, 7, 852000),)",2a3c600d
408522562,-778516424,3402,0:35:21.930000,"(datetime.datetime(2026, 9, 29, 15, 48, 7, 886000),)",2a3c600a
408519777,-778520926,3351,0:35:22,"(datetime.datetime(2026, 9, 29, 15, 48, 7, 953000),)",2a3c600d
408522669,-778516260,3402,0:35:22.070000,"(datetime.datetime(2026, 9, 29, 15, 48, 8, 28000),)",2a3c600a
408519890,-778520751,3351,0:35:22.150000,"(datetime.datetime(2026, 9, 29, 15, 48, 8, 106000),)",2a3c600d
408522773,-778516094,3402,0:35:22.220000,"(datetime.datetime(2026, 9, 29, 15, 48, 8, 172000),)",2a3c600a
408520002,-778520568,3351,0:35:22.300000,"(datetime.datetime(2026, 9, 29, 15, 48, 8, 256000),)",2a3c600d
408522879,-778515929,3403,0:35:22.380000,"(datetime.datetime(2026, 9, 29, 15, 48, 8, 336000),)",2a3c600a
408520113,-778520396,3352,0:35:22.410000,"(datetime.datetime(2026, 9, 29, 15, 48, 8, 365000),)",2a3c600d
408522984,-778515766,3404,0:35:22.470000,"(datetime.datetime(2026, 9, 29, 15, 48, 8, 423000),)",2a3c600a
408520226,-778520220,3352,0:35:22.530000,"(datetime.datetime(2026, 9, 29, 15, 48, 8, 488000),)",2a3c600d
408523088,-778515603,3404,0:35:22.600000,"(datetime.datetime(2026, 9, 29, 15, 48, 8, 554000),)",2a3c600a
408520334,-778520045,3353,0:35:22.690000,"(datetime.datetime(2026, 9, 29, 15, 48, 8, 641000),)",2a3c600d
408523192,-778515437,3405,0:35:22.740000,"(datetime.datetime(2026, 9, 29, 15, 48, 8, 691000),)",2a3c600a
408520447,-778519870,3353,0:35:22.800000,"(datetime.datetime(2026, 9, 29, 15, 48, 8, 756000),)",2a3c600d
408523296,-778515273,3405,0:35:22.890000,"(datetime.datetime(2026, 9, 29, 15, 48, 8, 845000),)",2a3c600a
408520556,-778519698,3353,0:35:22.930000,"(datetime.datetime(2026, 9, 29, 15, 48, 8, 890000),)",2a3c600d
408523401,-778515110,3406,0:35:23,"(datetime.datetime(2026, 9, 29, 15, 48, 8, 959000),)",2a3c600a
408520662,-778519521,3354,0:35:23.080000,"(datetime.datetime(2026, 9, 29, 15, 48, 9, 37000),)",2a3c600d
408523505,-778514945,3406,0:35:23.140000,"(datetime.datetime(2026, 9, 29, 15, 48, 9, 94000),)",2a3c600a
408520774,-778519351,3354,0:35:23.220000,"(datetime.datetime(2026, 9, 29, 15, 48, 9, 177000),)",2a3c600d
408523610,-778514783,3407,0:35:23.280000,"(datetime.datetime(2026, 9, 29, 15, 48, 9, 234000),)",2a3c600a
408520881,-778519178,3355,0:35:23.350000,"(datetime.datetime(2026, 9, 29, 15, 48, 9, 303000),)",2a3c600d
408523713,-778514616,3407,0:35:23.430000,"(datetime.datetime(2026, 9, 29, 15, 48, 9, 384000),)",2a3c600a
408520881,-778519178,3355,0:35:23.480000,"(datetime.datetime(2026, 9, 29, 15, 48, 9, 438000),)",2a3c600d
408523816,-778514453,3409,0:35:23.540000,"(datetime.datetime(2026, 9, 29, 15, 48, 9, 500000),)",2a3c600a
408521094,-778518828,3357,0:35:23.610000,"(datetime.datetime(2026, 9, 29, 15, 48, 9, 570000),)",2a3c600d
408523921,-778514285,3409,0:35:23.700000,"(datetime.datetime(2026, 9, 29, 15, 48, 9, 652000),)",2a3c600a
408521094,-778518828,3357,0:35:23.760000,"(datetime.datetime(2026, 9, 29, 15, 48, 9, 719000),)",2a3c600d
408524025,-778514123,3409,0:35:23.830000,"(datetime.datetime(2026, 9, 29, 15, 48, 9, 790000),)",2a3c600a
408521199,-778518662,3357,0:35:23.910000,"(datetime.datetime(2026, 9, 29, 15, 48, 9, 863000),)",2a3c600d
408524129,-778513955,3409,0:35:23.970000,"(datetime.datetime(2026, 9, 29, 15, 48, 9, 930000),)",2a3c600a
408521306,-778518487,3358,0:35:24.050000,"(datetime.datetime(2026, 9, 29, 15, 48, 10, 4000),)",2a3c600d
408524231,-778513792,3410,0:35:24.120000,"(datetime.datetime(2026, 9, 29, 15, 48, 10, 71000),)",2a3c600a
408521411,-778518316,3359,0:35:24.200000,"(datetime.datetime(2026, 9, 29, 15, 48, 10, 151000),)",2a3c600d
408524335,-778513626,3411,0:35:24.260000,"(datetime.datetime(2026, 9, 29, 15, 48, 10, 211000),)",2a3c600a
408521516,-778518146,3359,0:35:24.330000,"(datetime.datetime(2026, 9, 29, 15, 48, 10, 282000),)",2a3c600d
408524435,-778513462,3411,0:35:24.410000,"(datetime.datetime(2026, 9, 29, 15, 48, 10, 364000),)",2a3c600a
408521624,-778517978,3359,0:35:24.480000,"(datetime.datetime(2026, 9, 29, 15, 48, 10, 431000),)",2a3c600d
408524539,-778513296,3412,0:35:24.540000,"(datetime.datetime(2026, 9, 29, 15, 48, 10, 494000),)",2a3c600a
408521730,-778517805,3360,0:35:24.610000,"(datetime.datetime(2026, 9, 29, 15, 48, 10, 564000),)",2a3c600d
408524641,-778513131,3412,0:35:24.660000,"(datetime.datetime(2026, 9, 29, 15, 48, 10, 616000),)",2a3c600a
408521834,-778517638,3361,0:35:24.730000,"(datetime.datetime(2026, 9, 29, 15, 48, 10, 684000),)",2a3c600d
408524745,-778512967,3413,0:35:24.790000,"(datetime.datetime(2026, 9, 29, 15, 48, 10, 747000),)",2a3c600a
408521941,-778517469,3361,0:35:24.880000,"(datetime.datetime(2026, 9, 29, 15, 48, 10, 837000),)",2a3c600d
408524849,-778512799,3413,0:35:24.930000,"(datetime.datetime(2026, 9, 29, 15, 48, 10, 883000),)",2a3c600a
408522047,-778517300,3362,0:35:24.990000,"(datetime.datetime(2026, 9, 29, 15, 48, 10, 949000),)",2a3c600d
408524951,-778512633,3414,0:35:25.060000,"(datetime.datetime(2026, 9, 29, 15, 48, 11, 19000),)",2a3c600a
408522153,-778517129,3362,0:35:25.160000,"(datetime.datetime(2026, 9, 29, 15, 48, 11, 113000),)",2a3c600d
408525054,-778512466,3414,0:35:25.210000,"(datetime.datetime(2026, 9, 29, 15, 48, 11, 160000),)",2a3c600a
408522255,-778516964,3362,0:35:25.230000,"(datetime.datetime(2026, 9, 29, 15, 48, 11, 188000),)",2a3c600d
408525156,-778512299,3415,0:35:25.300000,"(datetime.datetime(2026, 9, 29, 15, 48, 11, 260000),)",2a3c600a
408522363,-778516794,3363,0:35:25.390000,"(datetime.datetime(2026, 9, 29, 15, 48, 11, 348000),)",2a3c600d
408525262,-778512134,3415,0:35:25.440000,"(datetime.datetime(2026, 9, 29, 15, 48, 11, 397000),)",2a3c600a
408522466,-778516627,3363,0:35:25.470000,"(datetime.datetime(2026, 9, 29, 15, 48, 11, 427000),)",2a3c600d
408525363,-778511967,3415,0:35:25.550000,"(datetime.datetime(2026, 9, 29, 15, 48, 11, 501000),)",2a3c600a
408522570,-778516455,3363,0:35:25.610000,"(datetime.datetime(2026, 9, 29, 15, 48, 11, 568000),)",2a3c600d
408525466,-778511800,3416,0:35:25.690000,"(datetime.datetime(2026, 9, 29, 15, 48, 11, 649000),)",2a3c600a
408522676,-778516291,3364,0:35:25.760000,"(datetime.datetime(2026, 9, 29, 15, 48, 11, 718000),)",2a3c600d
408525568,-778511634,3416,0:35:25.820000,"(datetime.datetime(2026, 9, 29, 15, 48, 11, 779000),)",2a3c600a
408522781,-778516120,3364,0:35:25.900000,"(datetime.datetime(2026, 9, 29, 15, 48, 11, 852000),)",2a3c600d
408525672,-778511468,3417,0:35:25.970000,"(datetime.datetime(2026, 9, 29, 15, 48, 11, 922000),)",2a3c600a
408522887,-778515958,3365,0:35:26.050000,"(datetime.datetime(2026, 9, 29, 15, 48, 12, 5000),)",2a3c600d
408525772,-778511301,3416,0:35:26.160000,"(datetime.datetime(2026, 9, 29, 15, 48, 12, 115000),)",2a3c600a
408522991,-778515786,3366,0:35:26.190000,"(datetime.datetime(2026, 9, 29, 15, 48, 12, 144000),)",2a3c600d
408523096,-778515617,3367,0:35:26.230000,"(datetime.datetime(2026, 9, 29, 15, 48, 12, 188000),)",2a3c600d
408525876,-778511134,3417,0:35:26.310000,"(datetime.datetime(2026, 9, 29, 15, 48, 12, 270000),)",2a3c600a
408523200,-778515448,3367,0:35:26.380000,"(datetime.datetime(2026, 9, 29, 15, 48, 12, 331000),)",2a3c600d
408525980,-778510965,3418,0:35:26.440000,"(datetime.datetime(2026, 9, 29, 15, 48, 12, 395000),)",2a3c600a
408523305,-778515281,3368,0:35:26.510000,"(datetime.datetime(2026, 9, 29, 15, 48, 12, 467000),)",2a3c600d
408526086,-778510795,3418,0:35:26.590000,"(datetime.datetime(2026, 9, 29, 15, 48, 12, 543000),)",2a3c600a
408523409,-778515113,3368,0:35:26.650000,"(datetime.datetime(2026, 9, 29, 15, 48, 12, 605000),)",2a3c600d
408526187,-778510631,3419,0:35:26.730000,"(datetime.datetime(2026, 9, 29, 15, 48, 12, 684000),)",2a3c600a
408526290,-778510464,3420,0:35:26.790000,"(datetime.datetime(2026, 9, 29, 15, 48, 12, 743000),)",2a3c600a
408523514,-778514946,3369,0:35:26.860000,"(datetime.datetime(2026, 9, 29, 15, 48, 12, 818000),)",2a3c600d
408523620,-778514780,3369,0:35:26.930000,"(datetime.datetime(2026, 9, 29, 15, 48, 12, 881000),)",2a3c600d
408526290,-778510464,3420,0:35:27,"(datetime.datetime(2026, 9, 29, 15, 48, 12, 956000),)",2a3c600a
408523722,-778514610,3370,0:35:27.070000,"(datetime.datetime(2026, 9, 29, 15, 48, 13, 22000),)",2a3c600d
408526497,-778510130,3420,0:35:27.130000,"(datetime.datetime(2026, 9, 29, 15, 48, 13, 82000),)",2a3c600a
408523827,-778514443,3370,0:35:27.200000,"(datetime.datetime(2026, 9, 29, 15, 48, 13, 151000),)",2a3c600d
408526497,-778510130,3420,0:35:27.260000,"(datetime.datetime(2026, 9, 29, 15, 48, 13, 216000),)",2a3c600a
408523931,-778514273,3371,0:35:27.330000,"(datetime.datetime(2026, 9, 29, 15, 48, 13, 288000),)",2a3c600d
408526600,-778509966,3421,0:35:27.400000,"(datetime.datetime(2026, 9, 29, 15, 48, 13, 352000),)",2a3c600a
408524034,-778514103,3371,0:35:27.460000,"(datetime.datetime(2026, 9, 29, 15, 48, 13, 420000),)",2a3c600d
408526702,-778509797,3421,0:35:27.540000,"(datetime.datetime(2026, 9, 29, 15, 48, 13, 492000),)",2a3c600a
408524138,-778513934,3372,0:35:27.570000,"(datetime.datetime(2026, 9, 29, 15, 48, 13, 520000),)",2a3c600d
408526907,-778509460,3422,0:35:27.640000,"(datetime.datetime(2026, 9, 29, 15, 48, 13, 593000),)",2a3c600a
408524242,-778513766,3372,0:35:27.720000,"(datetime.datetime(2026, 9, 29, 15, 48, 13, 674000),)",2a3c600d
408527011,-778509292,3423,0:35:27.790000,"(datetime.datetime(2026, 9, 29, 15, 48, 13, 741000),)",2a3c600a
408524346,-778513595,3373,0:35:27.910000,"(datetime.datetime(2026, 9, 29, 15, 48, 13, 862000),)",2a3c600d
408527116,-778509125,3423,0:35:28.140000,"(datetime.datetime(2026, 9, 29, 15, 48, 14, 93000),)",2a3c600a
408524452,-778513425,3374,0:35:28.190000,"(datetime.datetime(2026, 9, 29, 15, 48, 14, 144000),)",2a3c600d
408527218,-778508959,3424,0:35:28.390000,"(datetime.datetime(2026, 9, 29, 15, 48, 14, 345000),)",2a3c600a
408524553,-778513254,3374,0:35:28.470000,"(datetime.datetime(2026, 9, 29, 15, 48, 14, 424000),)",2a3c600d
408527321,-778508788,3424,0:35:28.590000,"(datetime.datetime(2026, 9, 29, 15, 48, 14, 544000),)",2a3c600a
408524658,-778513085,3374,0:35:28.660000,"(datetime.datetime(2026, 9, 29, 15, 48, 14, 614000),)",2a3c600d
408527424,-778508619,3424,0:35:28.830000,"(datetime.datetime(2026, 9, 29, 15, 48, 14, 783000),)",2a3c600a
408524764,-778512920,3374,0:35:29,"(datetime.datetime(2026, 9, 29, 15, 48, 14, 959000),)",2a3c600d
408527527,-778508450,3425,0:35:29.060000,"(datetime.datetime(2026, 9, 29, 15, 48, 15, 13000),)",2a3c600a
408524869,-778512750,3374,0:35:29.140000,"(datetime.datetime(2026, 9, 29, 15, 48, 15, 94000),)",2a3c600d
408527629,-778508283,3425,0:35:29.190000,"(datetime.datetime(2026, 9, 29, 15, 48, 15, 148000),)",2a3c600a
408524973,-778512581,3374,0:35:29.280000,"(datetime.datetime(2026, 9, 29, 15, 48, 15, 232000),)",2a3c600d
408527732,-778508116,3426,0:35:29.360000,"(datetime.datetime(2026, 9, 29, 15, 48, 15, 320000),)",2a3c600a
408525077,-778512413,3375,0:35:29.450000,"(datetime.datetime(2026, 9, 29, 15, 48, 15, 405000),)",2a3c600d
408527836,-778507946,3427,0:35:29.510000,"(datetime.datetime(2026, 9, 29, 15, 48, 15, 463000),)",2a3c600a
408525181,-778512243,3376,0:35:29.590000,"(datetime.datetime(2026, 9, 29, 15, 48, 15, 541000),)",2a3c600d
408527938,-778507778,3427,0:35:29.660000,"(datetime.datetime(2026, 9, 29, 15, 48, 15, 615000),)",2a3c600a
408525292,-778512073,3376,0:35:29.740000,"(datetime.datetime(2026, 9, 29, 15, 48, 15, 694000),)",2a3c600d
408528042,-778507612,3428,0:35:29.810000,"(datetime.datetime(2026, 9, 29, 15, 48, 15, 761000),)",2a3c600a
408528147,-778507444,3428,0:35:29.920000,"(datetime.datetime(2026, 9, 29, 15, 48, 15, 871000),)",2a3c600a
408525396,-778511904,3376,0:35:29.980000,"(datetime.datetime(2026, 9, 29, 15, 48, 15, 935000),)",2a3c600d
408525502,-778511735,3376,0:35:30.060000,"(datetime.datetime(2026, 9, 29, 15, 48, 16, 19000),)",2a3c600d
408528247,-778507274,3429,0:35:30.120000,"(datetime.datetime(2026, 9, 29, 15, 48, 16, 77000),)",2a3c600a
408525606,-778511565,3378,0:35:30.190000,"(datetime.datetime(2026, 9, 29, 15, 48, 16, 145000),)",2a3c600d
408528350,-778507107,3430,0:35:30.320000,"(datetime.datetime(2026, 9, 29, 15, 48, 16, 279000),)",2a3c600a
408525711,-778511396,3378,0:35:30.370000,"(datetime.datetime(2026, 9, 29, 15, 48, 16, 327000),)",2a3c600d
408528458,-778506940,3431,0:35:30.530000,"(datetime.datetime(2026, 9, 29, 15, 48, 16, 486000),)",2a3c600a
408525812,-778511229,3378,0:35:30.640000,"(datetime.datetime(2026, 9, 29, 15, 48, 16, 595000),)",2a3c600d
408528559,-778506770,3431,0:35:30.700000,"(datetime.datetime(2026, 9, 29, 15, 48, 16, 657000),)",2a3c600a
408525920,-778511057,3379,0:35:30.770000,"(datetime.datetime(2026, 9, 29, 15, 48, 16, 728000),)",2a3c600d
408528664,-778506598,3431,0:35:30.810000,"(datetime.datetime(2026, 9, 29, 15, 48, 16, 769000),)",2a3c600a
408526026,-778510891,3380,0:35:30.910000,"(datetime.datetime(2026, 9, 29, 15, 48, 16, 862000),)",2a3c600d
408528769,-778506427,3431,0:35:30.950000,"(datetime.datetime(2026, 9, 29, 15, 48, 16, 909000),)",2a3c600a
408526130,-778510719,3380,0:35:31.020000,"(datetime.datetime(2026, 9, 29, 15, 48, 16, 979000),)",2a3c600d
408528868,-778506255,3431,0:35:31.090000,"(datetime.datetime(2026, 9, 29, 15, 48, 17, 44000),)",2a3c600a
408526237,-778510551,3380,0:35:31.170000,"(datetime.datetime(2026, 9, 29, 15, 48, 17, 129000),)",2a3c600d
408528974,-778506083,3432,0:35:31.240000,"(datetime.datetime(2026, 9, 29, 15, 48, 17, 196000),)",2a3c600a
408526341,-778510379,3380,0:35:31.310000,"(datetime.datetime(2026, 9, 29, 15, 48, 17, 265000),)",2a3c600d
408529075,-778505907,3433,0:35:31.390000,"(datetime.datetime(2026, 9, 29, 15, 48, 17, 344000),)",2a3c600a
408526445,-778510211,3381,0:35:31.450000,"(datetime.datetime(2026, 9, 29, 15, 48, 17, 401000),)",2a3c600d
408529180,-778505737,3434,0:35:31.510000,"(datetime.datetime(2026, 9, 29, 15, 48, 17, 468000),)",2a3c600a
408526551,-778510042,3381,0:35:31.580000,"(datetime.datetime(2026, 9, 29, 15, 48, 17, 534000),)",2a3c600d
408529284,-778505565,3434,0:35:31.650000,"(datetime.datetime(2026, 9, 29, 15, 48, 17, 607000),)",2a3c600a
408526656,-778509871,3382,0:35:31.720000,"(datetime.datetime(2026, 9, 29, 15, 48, 17, 673000),)",2a3c600d
408529388,-778505392,3434,0:35:31.790000,"(datetime.datetime(2026, 9, 29, 15, 48, 17, 750000),)",2a3c600a
408526762,-778509701,3382,0:35:31.910000,"(datetime.datetime(2026, 9, 29, 15, 48, 17, 862000),)",2a3c600d
408529493,-778505221,3435,0:35:31.940000,"(datetime.datetime(2026, 9, 29, 15, 48, 17, 894000),)",2a3c600a
408526865,-778509533,3383,0:35:31.990000,"(datetime.datetime(2026, 9, 29, 15, 48, 17, 941000),)",2a3c600d
408529598,-778505046,3435,0:35:32.080000,"(datetime.datetime(2026, 9, 29, 15, 48, 18, 39000),)",2a3c600a
408526971,-778509364,3383,0:35:32.150000,"(datetime.datetime(2026, 9, 29, 15, 48, 18, 102000),)",2a3c600d
408529704,-778504871,3436,0:35:32.220000,"(datetime.datetime(2026, 9, 29, 15, 48, 18, 174000),)",2a3c600a
408527078,-778509192,3383,0:35:32.290000,"(datetime.datetime(2026, 9, 29, 15, 48, 18, 250000),)",2a3c600d
408529806,-778504699,3436,0:35:32.360000,"(datetime.datetime(2026, 9, 29, 15, 48, 18, 312000),)",2a3c600a
408527182,-778509023,3383,0:35:32.430000,"(datetime.datetime(2026, 9, 29, 15, 48, 18, 383000),)",2a3c600d
408529912,-778504523,3436,0:35:32.510000,"(datetime.datetime(2026, 9, 29, 15, 48, 18, 461000),)",2a3c600a
408527286,-778508851,3384,0:35:32.570000,"(datetime.datetime(2026, 9, 29, 15, 48, 18, 525000),)",2a3c600d
408530015,-778504347,3437,0:35:32.640000,"(datetime.datetime(2026, 9, 29, 15, 48, 18, 596000),)",2a3c600a
408527395,-778508682,3384,0:35:32.700000,"(datetime.datetime(2026, 9, 29, 15, 48, 18, 656000),)",2a3c600d
408530120,-778504169,3438,0:35:32.770000,"(datetime.datetime(2026, 9, 29, 15, 48, 18, 724000),)",2a3c600a
408527498,-778508509,3385,0:35:32.840000,"(datetime.datetime(2026, 9, 29, 15, 48, 18, 800000),)",2a3c600d
408530226,-778503994,3438,0:35:32.910000,"(datetime.datetime(2026, 9, 29, 15, 48, 18, 870000),)",2a3c600a
408527604,-778508340,3385,0:35:32.980000,"(datetime.datetime(2026, 9, 29, 15, 48, 18, 936000),)",2a3c600d
408530331,-778503815,3439,0:35:33.060000,"(datetime.datetime(2026, 9, 29, 15, 48, 19, 17000),)",2a3c600a
408527709,-778508166,3386,0:35:33.140000,"(datetime.datetime(2026, 9, 29, 15, 48, 19, 92000),)",2a3c600d
408530437,-778503639,3440,0:35:33.210000,"(datetime.datetime(2026, 9, 29, 15, 48, 19, 161000),)",2a3c600a
408527810,-778507999,3386,0:35:33.290000,"(datetime.datetime(2026, 9, 29, 15, 48, 19, 244000),)",2a3c600d
408530541,-778503464,3440,0:35:33.360000,"(datetime.datetime(2026, 9, 29, 15, 48, 19, 314000),)",2a3c600a
408527915,-778507824,3387,0:35:33.440000,"(datetime.datetime(2026, 9, 29, 15, 48, 19, 392000),)",2a3c600d
408530648,-778503287,3440,0:35:33.500000,"(datetime.datetime(2026, 9, 29, 15, 48, 19, 455000),)",2a3c600a
408528023,-778507655,3387,0:35:33.570000,"(datetime.datetime(2026, 9, 29, 15, 48, 19, 525000),)",2a3c600d
408530754,-778503107,3441,0:35:33.650000,"(datetime.datetime(2026, 9, 29, 15, 48, 19, 603000),)",2a3c600a
408528125,-778507484,3387,0:35:33.700000,"(datetime.datetime(2026, 9, 29, 15, 48, 19, 658000),)",2a3c600d
408530861,-778502928,3441,0:35:33.770000,"(datetime.datetime(2026, 9, 29, 15, 48, 19, 726000),)",2a3c600a
408528231,-778507319,3388,0:35:33.850000,"(datetime.datetime(2026, 9, 29, 15, 48, 19, 805000),)",2a3c600d
408530964,-778502752,3442,0:35:33.910000,"(datetime.datetime(2026, 9, 29, 15, 48, 19, 868000),)",2a3c600a
408528335,-778507143,3388,0:35:33.980000,"(datetime.datetime(2026, 9, 29, 15, 48, 19, 935000),)",2a3c600d
408531073,-778502576,3442,0:35:34.060000,"(datetime.datetime(2026, 9, 29, 15, 48, 20, 13000),)",2a3c600a
408528440,-778506975,3389,0:35:34.120000,"(datetime.datetime(2026, 9, 29, 15, 48, 20, 77000),)",2a3c600d
408531180,-778502394,3443,0:35:34.190000,"(datetime.datetime(2026, 9, 29, 15, 48, 20, 142000),)",2a3c600a
408528542,-778506801,3389,0:35:34.270000,"(datetime.datetime(2026, 9, 29, 15, 48, 20, 224000),)",2a3c600d
408531287,-778502213,3444,0:35:34.340000,"(datetime.datetime(2026, 9, 29, 15, 48, 20, 292000),)",2a3c600a
408528647,-778506628,3389,0:35:34.410000,"(datetime.datetime(2026, 9, 29, 15, 48, 20, 362000),)",2a3c600d
408531393,-778502033,3443,0:35:34.470000,"(datetime.datetime(2026, 9, 29, 15, 48, 20, 428000),)",2a3c600a
408528751,-778506459,3390,0:35:34.550000,"(datetime.datetime(2026, 9, 29, 15, 48, 20, 510000),)",2a3c600d
408531499,-778501851,3444,0:35:34.620000,"(datetime.datetime(2026, 9, 29, 15, 48, 20, 574000),)",2a3c600a
408528855,-778506286,3390,0:35:34.690000,"(datetime.datetime(2026, 9, 29, 15, 48, 20, 645000),)",2a3c600d
408531604,-778501668,3445,0:35:34.760000,"(datetime.datetime(2026, 9, 29, 15, 48, 20, 717000),)",2a3c600a
408528959,-778506113,3391,0:35:34.840000,"(datetime.datetime(2026, 9, 29, 15, 48, 20, 799000),)",2a3c600d
408531710,-778501488,3445,0:35:34.910000,"(datetime.datetime(2026, 9, 29, 15, 48, 20, 861000),)",2a3c600a
408529065,-778505942,3391,0:35:34.970000,"(datetime.datetime(2026, 9, 29, 15, 48, 20, 928000),)",2a3c600d
408531817,-778501304,3445,0:35:35.040000,"(datetime.datetime(2026, 9, 29, 15, 48, 20, 996000),)",2a3c600a
408529169,-778505770,3392,0:35:35.120000,"(datetime.datetime(2026, 9, 29, 15, 48, 21, 75000),)",2a3c600d
408531925,-778501125,3445,0:35:35.190000,"(datetime.datetime(2026, 9, 29, 15, 48, 21, 148000),)",2a3c600a
408529274,-778505599,3392,0:35:35.260000,"(datetime.datetime(2026, 9, 29, 15, 48, 21, 215000),)",2a3c600d
408532031,-778500942,3445,0:35:35.350000,"(datetime.datetime(2026, 9, 29, 15, 48, 21, 301000),)",2a3c600a
408529377,-778505424,3393,0:35:35.410000,"(datetime.datetime(2026, 9, 29, 15, 48, 21, 364000),)",2a3c600d
408532137,-778500756,3446,0:35:35.480000,"(datetime.datetime(2026, 9, 29, 15, 48, 21, 438000),)",2a3c600a
408529483,-778505255,3393,0:35:35.550000,"(datetime.datetime(2026, 9, 29, 15, 48, 21, 502000),)",2a3c600d
408532246,-778500570,3446,0:35:35.610000,"(datetime.datetime(2026, 9, 29, 15, 48, 21, 569000),)",2a3c600a
408529585,-778505079,3393,0:35:35.690000,"(datetime.datetime(2026, 9, 29, 15, 48, 21, 648000),)",2a3c600d
408532352,-778500384,3447,0:35:35.770000,"(datetime.datetime(2026, 9, 29, 15, 48, 21, 722000),)",2a3c600a
408529690,-778504907,3394,0:35:35.820000,"(datetime.datetime(2026, 9, 29, 15, 48, 21, 777000),)",2a3c600d
408532458,-778500200,3447,0:35:35.930000,"(datetime.datetime(2026, 9, 29, 15, 48, 21, 882000),)",2a3c600a
408532564,-778500015,3447,0:35:35.970000,"(datetime.datetime(2026, 9, 29, 15, 48, 21, 921000),)",2a3c600a
408529794,-778504734,3395,0:35:36.050000,"(datetime.datetime(2026, 9, 29, 15, 48, 22, 7000),)",2a3c600d
408532673,-778499830,3448,0:35:36.130000,"(datetime.datetime(2026, 9, 29, 15, 48, 22, 84000),)",2a3c600a
408529898,-778504560,3395,0:35:36.200000,"(datetime.datetime(2026, 9, 29, 15, 48, 22, 155000),)",2a3c600d
408532779,-778499641,3448,0:35:36.270000,"(datetime.datetime(2026, 9, 29, 15, 48, 22, 226000),)",2a3c600a
408530005,-778504389,3395,0:35:36.340000,"(datetime.datetime(2026, 9, 29, 15, 48, 22, 291000),)",2a3c600d
408532886,-778499455,3447,0:35:36.410000,"(datetime.datetime(2026, 9, 29, 15, 48, 22, 365000),)",2a3c600a
408530107,-778504218,3395,0:35:36.480000,"(datetime.datetime(2026, 9, 29, 15, 48, 22, 432000),)",2a3c600d
408532886,-778499455,3447,0:35:36.550000,"(datetime.datetime(2026, 9, 29, 15, 48, 22, 502000),)",2a3c600a
408530213,-778504043,3396,0:35:36.610000,"(datetime.datetime(2026, 9, 29, 15, 48, 22, 564000),)",2a3c600d
408533100,-778499081,3449,0:35:36.700000,"(datetime.datetime(2026, 9, 29, 15, 48, 22, 651000),)",2a3c600a
408530318,-778503871,3396,0:35:36.750000,"(datetime.datetime(2026, 9, 29, 15, 48, 22, 707000),)",2a3c600d
408533205,-778498892,3449,0:35:36.860000,"(datetime.datetime(2026, 9, 29, 15, 48, 22, 812000),)",2a3c600a
408530420,-778503696,3397,0:35:36.900000,"(datetime.datetime(2026, 9, 29, 15, 48, 22, 854000),)",2a3c600d
408533311,-778498704,3449,0:35:36.960000,"(datetime.datetime(2026, 9, 29, 15, 48, 22, 920000),)",2a3c600a
408530521,-778503522,3398,0:35:37.030000,"(datetime.datetime(2026, 9, 29, 15, 48, 22, 990000),)",2a3c600d
408533416,-778498515,3450,0:35:37.110000,"(datetime.datetime(2026, 9, 29, 15, 48, 23, 62000),)",2a3c600a
408530630,-778503349,3398,0:35:37.190000,"(datetime.datetime(2026, 9, 29, 15, 48, 23, 146000),)",2a3c600d
408533525,-778498324,3450,0:35:37.250000,"(datetime.datetime(2026, 9, 29, 15, 48, 23, 204000),)",2a3c600a
408530734,-778503172,3398,0:35:37.320000,"(datetime.datetime(2026, 9, 29, 15, 48, 23, 280000),)",2a3c600d
408533632,-778498136,3450,0:35:37.390000,"(datetime.datetime(2026, 9, 29, 15, 48, 23, 346000),)",2a3c600a
408530835,-778502996,3399,0:35:37.460000,"(datetime.datetime(2026, 9, 29, 15, 48, 23, 418000),)",2a3c600d
408533739,-778497942,3450,0:35:37.530000,"(datetime.datetime(2026, 9, 29, 15, 48, 23, 488000),)",2a3c600a
408530938,-778502823,3399,0:35:37.600000,"(datetime.datetime(2026, 9, 29, 15, 48, 23, 554000),)",2a3c600d
408533739,-778497942,3450,0:35:37.680000,"(datetime.datetime(2026, 9, 29, 15, 48, 23, 632000),)",2a3c600a
408531041,-778502645,3399,0:35:37.750000,"(datetime.datetime(2026, 9, 29, 15, 48, 23, 702000),)",2a3c600d
408533846,-778497751,3450,0:35:37.820000,"(datetime.datetime(2026, 9, 29, 15, 48, 23, 771000),)",2a3c600a
408531146,-778502470,3400,0:35:37.920000,"(datetime.datetime(2026, 9, 29, 15, 48, 23, 872000),)",2a3c600d
408533952,-778497557,3451,0:35:37.980000,"(datetime.datetime(2026, 9, 29, 15, 48, 23, 931000),)",2a3c600a
408531249,-778502294,3400,0:35:38.040000,"(datetime.datetime(2026, 9, 29, 15, 48, 23, 993000),)",2a3c600d
408534059,-778497365,3451,0:35:38.110000,"(datetime.datetime(2026, 9, 29, 15, 48, 24, 68000),)",2a3c600a
408531353,-778502119,3400,0:35:38.180000,"(datetime.datetime(2026, 9, 29, 15, 48, 24, 133000),)",2a3c600d
408534166,-778497170,3451,0:35:38.250000,"(datetime.datetime(2026, 9, 29, 15, 48, 24, 205000),)",2a3c600a
408531456,-778501941,3401,0:35:38.310000,"(datetime.datetime(2026, 9, 29, 15, 48, 24, 266000),)",2a3c600d
408534274,-778496977,3451,0:35:38.380000,"(datetime.datetime(2026, 9, 29, 15, 48, 24, 337000),)",2a3c600a
408531560,-778501765,3401,0:35:38.450000,"(datetime.datetime(2026, 9, 29, 15, 48, 24, 405000),)",2a3c600d
408534381,-778496785,3451,0:35:38.520000,"(datetime.datetime(2026, 9, 29, 15, 48, 24, 477000),)",2a3c600a
408531662,-778501585,3402,0:35:38.600000,"(datetime.datetime(2026, 9, 29, 15, 48, 24, 552000),)",2a3c600d
408534487,-778496589,3451,0:35:38.660000,"(datetime.datetime(2026, 9, 29, 15, 48, 24, 613000),)",2a3c600a
408531763,-778501406,3402,0:35:38.730000,"(datetime.datetime(2026, 9, 29, 15, 48, 24, 683000),)",2a3c600d
408534593,-778496392,3451,0:35:38.800000,"(datetime.datetime(2026, 9, 29, 15, 48, 24, 755000),)",2a3c600a
408531866,-778501227,3402,0:35:38.930000,"(datetime.datetime(2026, 9, 29, 15, 48, 24, 882000),)",2a3c600d
408531969,-778501053,3402,0:35:38.960000,"(datetime.datetime(2026, 9, 29, 15, 48, 24, 914000),)",2a3c600d
408534700,-778496198,3451,0:35:39,"(datetime.datetime(2026, 9, 29, 15, 48, 24, 959000),)",2a3c600a
408532075,-778500876,3403,0:35:39.070000,"(datetime.datetime(2026, 9, 29, 15, 48, 25, 27000),)",2a3c600d
408534809,-778496001,3451,0:35:39.150000,"(datetime.datetime(2026, 9, 29, 15, 48, 25, 102000),)",2a3c600a
408534917,-778495806,3451,0:35:39.210000,"(datetime.datetime(2026, 9, 29, 15, 48, 25, 160000),)",2a3c600a
408532177,-778500698,3402,0:35:39.280000,"(datetime.datetime(2026, 9, 29, 15, 48, 25, 231000),)",2a3c600d
408532279,-778500517,3403,0:35:39.360000,"(datetime.datetime(2026, 9, 29, 15, 48, 25, 314000),)",2a3c600d
408535025,-778495609,3451,0:35:39.420000,"(datetime.datetime(2026, 9, 29, 15, 48, 25, 374000),)",2a3c600a
408532381,-778500337,3403,0:35:39.500000,"(datetime.datetime(2026, 9, 29, 15, 48, 25, 455000),)",2a3c600d
408535133,-778495413,3452,0:35:39.560000,"(datetime.datetime(2026, 9, 29, 15, 48, 25, 514000),)",2a3c600a
408532480,-778500157,3404,0:35:39.630000,"(datetime.datetime(2026, 9, 29, 15, 48, 25, 584000),)",2a3c600d
408535240,-778495217,3452,0:35:39.700000,"(datetime.datetime(2026, 9, 29, 15, 48, 25, 653000),)",2a3c600a
408532584,-778499973,3404,0:35:39.770000,"(datetime.datetime(2026, 9, 29, 15, 48, 25, 727000),)",2a3c600d
408535346,-778495021,3452,0:35:39.840000,"(datetime.datetime(2026, 9, 29, 15, 48, 25, 797000),)",2a3c600a
408532685,-778499791,3404,0:35:39.920000,"(datetime.datetime(2026, 9, 29, 15, 48, 25, 872000),)",2a3c600d
408535453,-778494823,3452,0:35:39.990000,"(datetime.datetime(2026, 9, 29, 15, 48, 25, 946000),)",2a3c600a
408532787,-778499610,3404,0:35:40.050000,"(datetime.datetime(2026, 9, 29, 15, 48, 26, 5000),)",2a3c600d
408535563,-778494629,3452,0:35:40.120000,"(datetime.datetime(2026, 9, 29, 15, 48, 26, 71000),)",2a3c600a
408535667,-778494431,3452,0:35:40.210000,"(datetime.datetime(2026, 9, 29, 15, 48, 26, 160000),)",2a3c600a
408532885,-778499428,3405,0:35:40.260000,"(datetime.datetime(2026, 9, 29, 15, 48, 26, 218000),)",2a3c600d
408535775,-778494235,3452,0:35:40.330000,"(datetime.datetime(2026, 9, 29, 15, 48, 26, 287000),)",2a3c600a
408532988,-778499246,3405,0:35:40.410000,"(datetime.datetime(2026, 9, 29, 15, 48, 26, 363000),)",2a3c600d
408533089,-778499065,3405,0:35:40.470000,"(datetime.datetime(2026, 9, 29, 15, 48, 26, 429000),)",2a3c600d
408535881,-778494041,3452,0:35:40.540000,"(datetime.datetime(2026, 9, 29, 15, 48, 26, 495000),)",2a3c600a
408535987,-778493846,3452,0:35:40.610000,"(datetime.datetime(2026, 9, 29, 15, 48, 26, 562000),)",2a3c600a
408533192,-778498882,3405,0:35:40.690000,"(datetime.datetime(2026, 9, 29, 15, 48, 26, 641000),)",2a3c600d
408536096,-778493654,3452,0:35:40.750000,"(datetime.datetime(2026, 9, 29, 15, 48, 26, 705000),)",2a3c600a
408533294,-778498698,3406,0:35:40.820000,"(datetime.datetime(2026, 9, 29, 15, 48, 26, 779000),)",2a3c600d
408536201,-778493459,3452,0:35:40.920000,"(datetime.datetime(2026, 9, 29, 15, 48, 26, 872000),)",2a3c600a
408533395,-778498518,3406,0:35:40.960000,"(datetime.datetime(2026, 9, 29, 15, 48, 26, 919000),)",2a3c600d
408536310,-778493265,3452,0:35:41.040000,"(datetime.datetime(2026, 9, 29, 15, 48, 26, 996000),)",2a3c600a
408533500,-778498335,3406,0:35:41.120000,"(datetime.datetime(2026, 9, 29, 15, 48, 27, 74000),)",2a3c600d
408536416,-778493073,3452,0:35:41.190000,"(datetime.datetime(2026, 9, 29, 15, 48, 27, 148000),)",2a3c600a
408533601,-778498152,3407,0:35:41.260000,"(datetime.datetime(2026, 9, 29, 15, 48, 27, 212000),)",2a3c600d
408536519,-778492877,3452,0:35:41.330000,"(datetime.datetime(2026, 9, 29, 15, 48, 27, 286000),)",2a3c600a
408533705,-778497969,3406,0:35:41.420000,"(datetime.datetime(2026, 9, 29, 15, 48, 27, 377000),)",2a3c600d
408536625,-778492686,3452,0:35:41.460000,"(datetime.datetime(2026, 9, 29, 15, 48, 27, 417000),)",2a3c600a
408533807,-778497786,3407,0:35:41.540000,"(datetime.datetime(2026, 9, 29, 15, 48, 27, 491000),)",2a3c600d
408536733,-778492491,3452,0:35:41.600000,"(datetime.datetime(2026, 9, 29, 15, 48, 27, 557000),)",2a3c600a
408533909,-778497602,3407,0:35:41.670000,"(datetime.datetime(2026, 9, 29, 15, 48, 27, 625000),)",2a3c600d
408536839,-778492301,3452,0:35:41.740000,"(datetime.datetime(2026, 9, 29, 15, 48, 27, 691000),)",2a3c600a
408534008,-778497417,3407,0:35:41.800000,"(datetime.datetime(2026, 9, 29, 15, 48, 27, 758000),)",2a3c600d
408536944,-778492107,3451,0:35:41.920000,"(datetime.datetime(2026, 9, 29, 15, 48, 27, 872000),)",2a3c600a
408534110,-778497233,3407,0:35:41.950000,"(datetime.datetime(2026, 9, 29, 15, 48, 27, 902000),)",2a3c600d
408537052,-778491918,3451,0:35:42.040000,"(datetime.datetime(2026, 9, 29, 15, 48, 27, 992000),)",2a3c600a
408534213,-778497050,3407,0:35:42.100000,"(datetime.datetime(2026, 9, 29, 15, 48, 28, 51000),)",2a3c600d
408537161,-778491725,3451,0:35:42.200000,"(datetime.datetime(2026, 9, 29, 15, 48, 28, 151000),)",2a3c600a
408534316,-778496866,3406,0:35:42.270000,"(datetime.datetime(2026, 9, 29, 15, 48, 28, 221000),)",2a3c600d
408537268,-778491536,3450,0:35:42.320000,"(datetime.datetime(2026, 9, 29, 15, 48, 28, 279000),)",2a3c600a
408534418,-778496679,3406,0:35:42.390000,"(datetime.datetime(2026, 9, 29, 15, 48, 28, 345000),)",2a3c600d
408537371,-778491337,3450,0:35:42.470000,"(datetime.datetime(2026, 9, 29, 15, 48, 28, 425000),)",2a3c600a
408534519,-778496494,3407,0:35:42.540000,"(datetime.datetime(2026, 9, 29, 15, 48, 28, 496000),)",2a3c600d
408537479,-778491147,3450,0:35:42.620000,"(datetime.datetime(2026, 9, 29, 15, 48, 28, 571000),)",2a3c600a
408534619,-778496308,3407,0:35:42.680000,"(datetime.datetime(2026, 9, 29, 15, 48, 28, 633000),)",2a3c600d
408537581,-778490951,3450,0:35:42.750000,"(datetime.datetime(2026, 9, 29, 15, 48, 28, 703000),)",2a3c600a
408534721,-778496119,3407,0:35:42.820000,"(datetime.datetime(2026, 9, 29, 15, 48, 28, 772000),)",2a3c600d
408537687,-778490761,3450,0:35:42.920000,"(datetime.datetime(2026, 9, 29, 15, 48, 28, 872000),)",2a3c600a
408534824,-778495933,3407,0:35:43.140000,"(datetime.datetime(2026, 9, 29, 15, 48, 29, 95000),)",2a3c600d
408537796,-778490569,3451,0:35:43.340000,"(datetime.datetime(2026, 9, 29, 15, 48, 29, 296000),)",2a3c600a
408534927,-778495746,3407,0:35:43.420000,"(datetime.datetime(2026, 9, 29, 15, 48, 29, 376000),)",2a3c600d
408537902,-778490379,3451,0:35:43.510000,"(datetime.datetime(2026, 9, 29, 15, 48, 29, 460000),)",2a3c600a
408535029,-778495558,3408,0:35:43.610000,"(datetime.datetime(2026, 9, 29, 15, 48, 29, 565000),)",2a3c600d
408538008,-778490186,3451,0:35:43.780000,"(datetime.datetime(2026, 9, 29, 15, 48, 29, 734000),)",2a3c600a
408535132,-778495371,3407,0:35:43.980000,"(datetime.datetime(2026, 9, 29, 15, 48, 29, 931000),)",2a3c600d
408538115,-778489995,3451,0:35:44.140000,"(datetime.datetime(2026, 9, 29, 15, 48, 30, 99000),)",2a3c600a
408535233,-778495186,3407,0:35:44.260000,"(datetime.datetime(2026, 9, 29, 15, 48, 30, 218000),)",2a3c600d
408538221,-778489807,3451,0:35:44.320000,"(datetime.datetime(2026, 9, 29, 15, 48, 30, 270000),)",2a3c600a
408535334,-778494996,3407,0:35:44.490000,"(datetime.datetime(2026, 9, 29, 15, 48, 30, 450000),)",2a3c600d
408538326,-778489617,3451,0:35:44.660000,"(datetime.datetime(2026, 9, 29, 15, 48, 30, 615000),)",2a3c600a
408535440,-778494807,3407,0:35:44.730000,"(datetime.datetime(2026, 9, 29, 15, 48, 30, 681000),)",2a3c600d
408538431,-778489425,3451,0:35:44.830000,"(datetime.datetime(2026, 9, 29, 15, 48, 30, 782000),)",2a3c600a
408535541,-778494622,3407,0:35:45.010000,"(datetime.datetime(2026, 9, 29, 15, 48, 30, 970000),)",2a3c600d
408538537,-778489239,3450,0:35:45.190000,"(datetime.datetime(2026, 9, 29, 15, 48, 31, 147000),)",2a3c600a
408535649,-778494434,3407,0:35:45.390000,"(datetime.datetime(2026, 9, 29, 15, 48, 31, 341000),)",2a3c600d
408538648,-778489052,3450,0:35:45.440000,"(datetime.datetime(2026, 9, 29, 15, 48, 31, 395000),)",2a3c600a
408535752,-778494240,3408,0:35:45.500000,"(datetime.datetime(2026, 9, 29, 15, 48, 31, 454000),)",2a3c600d
408538754,-778488863,3450,0:35:45.590000,"(datetime.datetime(2026, 9, 29, 15, 48, 31, 543000),)",2a3c600a
408535856,-778494053,3408,0:35:45.680000,"(datetime.datetime(2026, 9, 29, 15, 48, 31, 640000),)",2a3c600d
408538858,-778488673,3450,0:35:45.740000,"(datetime.datetime(2026, 9, 29, 15, 48, 31, 691000),)",2a3c600a
408535960,-778493865,3408,0:35:45.800000,"(datetime.datetime(2026, 9, 29, 15, 48, 31, 757000),)",2a3c600d
408538965,-778488481,3449,0:35:45.870000,"(datetime.datetime(2026, 9, 29, 15, 48, 31, 826000),)",2a3c600a
408536061,-778493674,3408,0:35:45.940000,"(datetime.datetime(2026, 9, 29, 15, 48, 31, 897000),)",2a3c600d
408539072,-778488301,3448,0:35:46.010000,"(datetime.datetime(2026, 9, 29, 15, 48, 31, 966000),)",2a3c600a
408536166,-778493487,3408,0:35:46.090000,"(datetime.datetime(2026, 9, 29, 15, 48, 32, 41000),)",2a3c600d
408539176,-778488104,3449,0:35:46.160000,"(datetime.datetime(2026, 9, 29, 15, 48, 32, 117000),)",2a3c600a
408536271,-778493298,3408,0:35:46.230000,"(datetime.datetime(2026, 9, 29, 15, 48, 32, 189000),)",2a3c600d
408539281,-778487918,3448,0:35:46.310000,"(datetime.datetime(2026, 9, 29, 15, 48, 32, 265000),)",2a3c600a
408536373,-778493108,3408,0:35:46.380000,"(datetime.datetime(2026, 9, 29, 15, 48, 32, 333000),)",2a3c600d
408539388,-778487729,3448,0:35:46.450000,"(datetime.datetime(2026, 9, 29, 15, 48, 32, 405000),)",2a3c600a
408536478,-778492920,3407,0:35:46.540000,"(datetime.datetime(2026, 9, 29, 15, 48, 32, 492000),)",2a3c600d
408539493,-778487541,3448,0:35:46.610000,"(datetime.datetime(2026, 9, 29, 15, 48, 32, 565000),)",2a3c600a
408536582,-778492732,3407,0:35:46.660000,"(datetime.datetime(2026, 9, 29, 15, 48, 32, 619000),)",2a3c600d
408539600,-778487350,3447,0:35:46.720000,"(datetime.datetime(2026, 9, 29, 15, 48, 32, 679000),)",2a3c600a
408536689,-778492540,3407,0:35:46.800000,"(datetime.datetime(2026, 9, 29, 15, 48, 32, 758000),)",2a3c600d
408539708,-778487161,3447,0:35:46.860000,"(datetime.datetime(2026, 9, 29, 15, 48, 32, 816000),)",2a3c600a
408539812,-778486974,3446,0:35:46.940000,"(datetime.datetime(2026, 9, 29, 15, 48, 32, 892000),)",2a3c600a
408536793,-778492347,3407,0:35:47.010000,"(datetime.datetime(2026, 9, 29, 15, 48, 32, 965000),)",2a3c600d
408539916,-778486785,3446,0:35:47.080000,"(datetime.datetime(2026, 9, 29, 15, 48, 33, 34000),)",2a3c600a
408536900,-778492159,3406,0:35:47.150000,"(datetime.datetime(2026, 9, 29, 15, 48, 33, 104000),)",2a3c600d
408540022,-778486597,3446,0:35:47.220000,"(datetime.datetime(2026, 9, 29, 15, 48, 33, 170000),)",2a3c600a
408537003,-778491970,3407,0:35:47.290000,"(datetime.datetime(2026, 9, 29, 15, 48, 33, 242000),)",2a3c600d
408537110,-778491783,3407,0:35:47.360000,"(datetime.datetime(2026, 9, 29, 15, 48, 33, 311000),)",2a3c600d
408540127,-778486410,3445,0:35:47.430000,"(datetime.datetime(2026, 9, 29, 15, 48, 33, 383000),)",2a3c600a
408537211,-778491591,3407,0:35:47.490000,"(datetime.datetime(2026, 9, 29, 15, 48, 33, 447000),)",2a3c600d
408540235,-778486223,3445,0:35:47.560000,"(datetime.datetime(2026, 9, 29, 15, 48, 33, 514000),)",2a3c600a
408537319,-778491399,3406,0:35:47.630000,"(datetime.datetime(2026, 9, 29, 15, 48, 33, 587000),)",2a3c600d
408540339,-778486036,3445,0:35:47.700000,"(datetime.datetime(2026, 9, 29, 15, 48, 33, 653000),)",2a3c600a
408540442,-778485847,3445,0:35:47.770000,"(datetime.datetime(2026, 9, 29, 15, 48, 33, 725000),)",2a3c600a
408537423,-778491212,3407,0:35:47.840000,"(datetime.datetime(2026, 9, 29, 15, 48, 33, 794000),)",2a3c600d
408540548,-778485661,3445,0:35:47.920000,"(datetime.datetime(2026, 9, 29, 15, 48, 33, 877000),)",2a3c600a
408537526,-778491022,3406,0:35:47.990000,"(datetime.datetime(2026, 9, 29, 15, 48, 33, 945000),)",2a3c600d
408540649,-778485473,3445,0:35:48.060000,"(datetime.datetime(2026, 9, 29, 15, 48, 34, 20000),)",2a3c600a
408537630,-778490834,3406,0:35:48.130000,"(datetime.datetime(2026, 9, 29, 15, 48, 34, 89000),)",2a3c600d
408540757,-778485285,3445,0:35:48.200000,"(datetime.datetime(2026, 9, 29, 15, 48, 34, 160000),)",2a3c600a
408537733,-778490636,3407,0:35:48.270000,"(datetime.datetime(2026, 9, 29, 15, 48, 34, 225000),)",2a3c600d
408540858,-778485097,3445,0:35:48.340000,"(datetime.datetime(2026, 9, 29, 15, 48, 34, 297000),)",2a3c600a
408537839,-778490444,3406,0:35:48.420000,"(datetime.datetime(2026, 9, 29, 15, 48, 34, 378000),)",2a3c600d
408540961,-778484911,3445,0:35:48.490000,"(datetime.datetime(2026, 9, 29, 15, 48, 34, 444000),)",2a3c600a
408537942,-778490254,3406,0:35:48.560000,"(datetime.datetime(2026, 9, 29, 15, 48, 34, 512000),)",2a3c600d
408541064,-778484727,3444,0:35:48.630000,"(datetime.datetime(2026, 9, 29, 15, 48, 34, 590000),)",2a3c600a
408538044,-778490069,3406,0:35:48.720000,"(datetime.datetime(2026, 9, 29, 15, 48, 34, 671000),)",2a3c600d
408541163,-778484540,3444,0:35:48.780000,"(datetime.datetime(2026, 9, 29, 15, 48, 34, 738000),)",2a3c600a
408538151,-778489876,3406,0:35:48.850000,"(datetime.datetime(2026, 9, 29, 15, 48, 34, 808000),)",2a3c600d
408541265,-778484356,3443,0:35:48.960000,"(datetime.datetime(2026, 9, 29, 15, 48, 34, 912000),)",2a3c600a
408538255,-778489684,3406,0:35:48.990000,"(datetime.datetime(2026, 9, 29, 15, 48, 34, 945000),)",2a3c600d
408538361,-778489500,3406,0:35:49.060000,"(datetime.datetime(2026, 9, 29, 15, 48, 35, 14000),)",2a3c600d
408541362,-778484169,3443,0:35:49.130000,"(datetime.datetime(2026, 9, 29, 15, 48, 35, 88000),)",2a3c600a
408538467,-778489311,3405,0:35:49.210000,"(datetime.datetime(2026, 9, 29, 15, 48, 35, 160000),)",2a3c600d
408541463,-778483988,3443,0:35:49.270000,"(datetime.datetime(2026, 9, 29, 15, 48, 35, 230000),)",2a3c600a
408538574,-778489122,3405,0:35:49.350000,"(datetime.datetime(2026, 9, 29, 15, 48, 35, 308000),)",2a3c600d
408541564,-778483803,3443,0:35:49.420000,"(datetime.datetime(2026, 9, 29, 15, 48, 35, 375000),)",2a3c600a
408538677,-778488928,3405,0:35:49.490000,"(datetime.datetime(2026, 9, 29, 15, 48, 35, 442000),)",2a3c600d
408541672,-778483619,3443,0:35:49.550000,"(datetime.datetime(2026, 9, 29, 15, 48, 35, 509000),)",2a3c600a
408538776,-778488739,3405,0:35:49.630000,"(datetime.datetime(2026, 9, 29, 15, 48, 35, 584000),)",2a3c600d
408541780,-778483436,3442,0:35:49.710000,"(datetime.datetime(2026, 9, 29, 15, 48, 35, 663000),)",2a3c600a
408538889,-778488556,3404,0:35:49.790000,"(datetime.datetime(2026, 9, 29, 15, 48, 35, 741000),)",2a3c600d
408541875,-778483257,3442,0:35:49.860000,"(datetime.datetime(2026, 9, 29, 15, 48, 35, 818000),)",2a3c600a
408538992,-778488364,3404,0:35:49.950000,"(datetime.datetime(2026, 9, 29, 15, 48, 35, 902000),)",2a3c600d
408541967,-778483063,3440,0:35:49.990000,"(datetime.datetime(2026, 9, 29, 15, 48, 35, 950000),)",2a3c600a
408539098,-778488175,3404,0:35:50.070000,"(datetime.datetime(2026, 9, 29, 15, 48, 36, 20000),)",2a3c600d
408542072,-778482877,3442,0:35:50.150000,"(datetime.datetime(2026, 9, 29, 15, 48, 36, 102000),)",2a3c600a
408539205,-778487985,3403,0:35:50.220000,"(datetime.datetime(2026, 9, 29, 15, 48, 36, 171000),)",2a3c600d
408542174,-778482700,3442,0:35:50.290000,"(datetime.datetime(2026, 9, 29, 15, 48, 36, 244000),)",2a3c600a
408539311,-778487797,3403,0:35:50.360000,"(datetime.datetime(2026, 9, 29, 15, 48, 36, 310000),)",2a3c600d
408542275,-778482517,3441,0:35:50.430000,"(datetime.datetime(2026, 9, 29, 15, 48, 36, 381000),)",2a3c600a
408539417,-778487607,3402,0:35:50.500000,"(datetime.datetime(2026, 9, 29, 15, 48, 36, 451000),)",2a3c600d
408542375,-778482332,3440,0:35:50.570000,"(datetime.datetime(2026, 9, 29, 15, 48, 36, 527000),)",2a3c600a
408539523,-778487422,3403,0:35:50.640000,"(datetime.datetime(2026, 9, 29, 15, 48, 36, 596000),)",2a3c600d
408542477,-778482151,3440,0:35:50.750000,"(datetime.datetime(2026, 9, 29, 15, 48, 36, 701000),)",2a3c600a
408539630,-778487234,3402,0:35:50.780000,"(datetime.datetime(2026, 9, 29, 15, 48, 36, 738000),)",2a3c600d
408542575,-778481972,3439,0:35:50.850000,"(datetime.datetime(2026, 9, 29, 15, 48, 36, 809000),)",2a3c600a
408539735,-778487047,3402,0:35:50.950000,"(datetime.datetime(2026, 9, 29, 15, 48, 36, 903000),)",2a3c600d
408542674,-778481790,3439,0:35:51,"(datetime.datetime(2026, 9, 29, 15, 48, 36, 959000),)",2a3c600a
408539837,-778486854,3401,0:35:51.070000,"(datetime.datetime(2026, 9, 29, 15, 48, 37, 30000),)",2a3c600d
408542773,-778481598,3440,0:35:51.150000,"(datetime.datetime(2026, 9, 29, 15, 48, 37, 109000),)",2a3c600a
408539947,-778486663,3401,0:35:51.220000,"(datetime.datetime(2026, 9, 29, 15, 48, 37, 173000),)",2a3c600d
408542873,-778481416,3439,0:35:51.290000,"(datetime.datetime(2026, 9, 29, 15, 48, 37, 247000),)",2a3c600a
408540054,-778486477,3401,0:35:51.360000,"(datetime.datetime(2026, 9, 29, 15, 48, 37, 319000),)",2a3c600d
408542970,-778481237,3439,0:35:51.430000,"(datetime.datetime(2026, 9, 29, 15, 48, 37, 383000),)",2a3c600a
408540161,-778486290,3400,0:35:51.500000,"(datetime.datetime(2026, 9, 29, 15, 48, 37, 459000),)",2a3c600d
408543070,-778481056,3438,0:35:51.580000,"(datetime.datetime(2026, 9, 29, 15, 48, 37, 531000),)",2a3c600a
408540161,-778486290,3400,0:35:51.640000,"(datetime.datetime(2026, 9, 29, 15, 48, 37, 600000),)",2a3c600d
408543169,-778480877,3438,0:35:51.730000,"(datetime.datetime(2026, 9, 29, 15, 48, 37, 684000),)",2a3c600a
408540266,-778486101,3400,0:35:51.790000,"(datetime.datetime(2026, 9, 29, 15, 48, 37, 743000),)",2a3c600d
408543268,-778480697,3437,0:35:51.860000,"(datetime.datetime(2026, 9, 29, 15, 48, 37, 816000),)",2a3c600a
408540372,-778485909,3400,0:35:51.950000,"(datetime.datetime(2026, 9, 29, 15, 48, 37, 902000),)",2a3c600d
408543365,-778480516,3437,0:35:52.010000,"(datetime.datetime(2026, 9, 29, 15, 48, 37, 961000),)",2a3c600a
408540479,-778485723,3400,0:35:52.070000,"(datetime.datetime(2026, 9, 29, 15, 48, 38, 27000),)",2a3c600d
408543462,-778480331,3438,0:35:52.140000,"(datetime.datetime(2026, 9, 29, 15, 48, 38, 100000),)",2a3c600a
408540583,-778485533,3399,0:35:52.220000,"(datetime.datetime(2026, 9, 29, 15, 48, 38, 174000),)",2a3c600d
408543560,-778480152,3437,0:35:52.280000,"(datetime.datetime(2026, 9, 29, 15, 48, 38, 239000),)",2a3c600a
408540692,-778485347,3399,0:35:52.350000,"(datetime.datetime(2026, 9, 29, 15, 48, 38, 308000),)",2a3c600d
408543657,-778479974,3437,0:35:52.430000,"(datetime.datetime(2026, 9, 29, 15, 48, 38, 381000),)",2a3c600a
408540799,-778485159,3399,0:35:52.490000,"(datetime.datetime(2026, 9, 29, 15, 48, 38, 450000),)",2a3c600d
408543758,-778479793,3436,0:35:52.560000,"(datetime.datetime(2026, 9, 29, 15, 48, 38, 515000),)",2a3c600a
408540896,-778484959,3399,0:35:52.630000,"(datetime.datetime(2026, 9, 29, 15, 48, 38, 587000),)",2a3c600d
408543856,-778479615,3436,0:35:52.700000,"(datetime.datetime(2026, 9, 29, 15, 48, 38, 658000),)",2a3c600a
408540999,-778484767,3399,0:35:52.770000,"(datetime.datetime(2026, 9, 29, 15, 48, 38, 728000),)",2a3c600d
408543953,-778479434,3436,0:35:52.840000,"(datetime.datetime(2026, 9, 29, 15, 48, 38, 797000),)",2a3c600a
408541105,-778484581,3399,0:35:52.950000,"(datetime.datetime(2026, 9, 29, 15, 48, 38, 902000),)",2a3c600d
408544051,-778479255,3436,0:35:53,"(datetime.datetime(2026, 9, 29, 15, 48, 38, 953000),)",2a3c600a
408541212,-778484390,3399,0:35:53.070000,"(datetime.datetime(2026, 9, 29, 15, 48, 39, 21000),)",2a3c600d
408544146,-778479077,3435,0:35:53.130000,"(datetime.datetime(2026, 9, 29, 15, 48, 39, 89000),)",2a3c600a
408541316,-778484204,3399,0:35:53.200000,"(datetime.datetime(2026, 9, 29, 15, 48, 39, 159000),)",2a3c600d
408544243,-778478901,3435,0:35:53.280000,"(datetime.datetime(2026, 9, 29, 15, 48, 39, 233000),)",2a3c600a
408541426,-778484014,3398,0:35:53.350000,"(datetime.datetime(2026, 9, 29, 15, 48, 39, 306000),)",2a3c600d
408544338,-778478721,3435,0:35:53.430000,"(datetime.datetime(2026, 9, 29, 15, 48, 39, 384000),)",2a3c600a
408541528,-778483824,3398,0:35:53.500000,"(datetime.datetime(2026, 9, 29, 15, 48, 39, 451000),)",2a3c600d
408544437,-778478544,3435,0:35:53.570000,"(datetime.datetime(2026, 9, 29, 15, 48, 39, 529000),)",2a3c600a
408541634,-778483631,3398,0:35:53.640000,"(datetime.datetime(2026, 9, 29, 15, 48, 39, 600000),)",2a3c600d
408544534,-778478365,3435,0:35:53.720000,"(datetime.datetime(2026, 9, 29, 15, 48, 39, 678000),)",2a3c600a
408541738,-778483440,3397,0:35:53.790000,"(datetime.datetime(2026, 9, 29, 15, 48, 39, 744000),)",2a3c600d
408544632,-778478189,3434,0:35:53.860000,"(datetime.datetime(2026, 9, 29, 15, 48, 39, 819000),)",2a3c600a
408541846,-778483254,3397,0:35:53.950000,"(datetime.datetime(2026, 9, 29, 15, 48, 39, 902000),)",2a3c600d
408544731,-778478009,3434,0:35:54.020000,"(datetime.datetime(2026, 9, 29, 15, 48, 39, 974000),)",2a3c600a
408541949,-778483061,3396,0:35:54.090000,"(datetime.datetime(2026, 9, 29, 15, 48, 40, 41000),)",2a3c600d
408544828,-778477831,3434,0:35:54.160000,"(datetime.datetime(2026, 9, 29, 15, 48, 40, 112000),)",2a3c600a
408542052,-778482867,3396,0:35:54.240000,"(datetime.datetime(2026, 9, 29, 15, 48, 40, 195000),)",2a3c600d
408544924,-778477655,3434,0:35:54.300000,"(datetime.datetime(2026, 9, 29, 15, 48, 40, 256000),)",2a3c600a
408542161,-778482678,3396,0:35:54.370000,"(datetime.datetime(2026, 9, 29, 15, 48, 40, 324000),)",2a3c600d
408545017,-778477483,3433,0:35:54.440000,"(datetime.datetime(2026, 9, 29, 15, 48, 40, 397000),)",2a3c600a
408542263,-778482489,3395,0:35:54.510000,"(datetime.datetime(2026, 9, 29, 15, 48, 40, 461000),)",2a3c600d
408545116,-778477305,3433,0:35:54.580000,"(datetime.datetime(2026, 9, 29, 15, 48, 40, 535000),)",2a3c600a
408542368,-778482303,3394,0:35:54.650000,"(datetime.datetime(2026, 9, 29, 15, 48, 40, 604000),)",2a3c600d
408545209,-778477128,3433,0:35:54.720000,"(datetime.datetime(2026, 9, 29, 15, 48, 40, 679000),)",2a3c600a
408542473,-778482111,3394,0:35:54.790000,"(datetime.datetime(2026, 9, 29, 15, 48, 40, 748000),)",2a3c600d
408545307,-778476958,3433,0:35:54.870000,"(datetime.datetime(2026, 9, 29, 15, 48, 40, 824000),)",2a3c600a
408542578,-778481919,3394,0:35:54.950000,"(datetime.datetime(2026, 9, 29, 15, 48, 40, 902000),)",2a3c600d
408545399,-778476779,3432,0:35:55,"(datetime.datetime(2026, 9, 29, 15, 48, 40, 958000),)",2a3c600a
408542684,-778481730,3394,0:35:55.080000,"(datetime.datetime(2026, 9, 29, 15, 48, 41, 36000),)",2a3c600d
408545495,-778476606,3432,0:35:55.150000,"(datetime.datetime(2026, 9, 29, 15, 48, 41, 108000),)",2a3c600a
408542785,-778481536,3393,0:35:55.230000,"(datetime.datetime(2026, 9, 29, 15, 48, 41, 183000),)",2a3c600d
408545588,-778476430,3433,0:35:55.290000,"(datetime.datetime(2026, 9, 29, 15, 48, 41, 244000),)",2a3c600a
408542891,-778481346,3393,0:35:55.350000,"(datetime.datetime(2026, 9, 29, 15, 48, 41, 310000),)",2a3c600d
408545683,-778476260,3432,0:35:55.420000,"(datetime.datetime(2026, 9, 29, 15, 48, 41, 377000),)",2a3c600a
408543000,-778481151,3393,0:35:55.500000,"(datetime.datetime(2026, 9, 29, 15, 48, 41, 452000),)",2a3c600d
408545778,-778476086,3432,0:35:55.570000,"(datetime.datetime(2026, 9, 29, 15, 48, 41, 525000),)",2a3c600a
408543104,-778480961,3392,0:35:55.650000,"(datetime.datetime(2026, 9, 29, 15, 48, 41, 601000),)",2a3c600d
408545877,-778475916,3431,0:35:55.720000,"(datetime.datetime(2026, 9, 29, 15, 48, 41, 674000),)",2a3c600a
408543211,-778480769,3393,0:35:55.790000,"(datetime.datetime(2026, 9, 29, 15, 48, 41, 744000),)",2a3c600d
408545971,-778475744,3432,0:35:55.860000,"(datetime.datetime(2026, 9, 29, 15, 48, 41, 814000),)",2a3c600a
408543314,-778480581,3392,0:35:55.950000,"(datetime.datetime(2026, 9, 29, 15, 48, 41, 902000),)",2a3c600d
408546064,-778475570,3432,0:35:56,"(datetime.datetime(2026, 9, 29, 15, 48, 41, 953000),)",2a3c600a
408543417,-778480392,3392,0:35:56.070000,"(datetime.datetime(2026, 9, 29, 15, 48, 42, 26000),)",2a3c600d
408546159,-778475408,3431,0:35:56.130000,"(datetime.datetime(2026, 9, 29, 15, 48, 42, 89000),)",2a3c600a
408543521,-778480200,3391,0:35:56.200000,"(datetime.datetime(2026, 9, 29, 15, 48, 42, 156000),)",2a3c600d
408546257,-778475233,3431,0:35:56.270000,"(datetime.datetime(2026, 9, 29, 15, 48, 42, 228000),)",2a3c600a
408543628,-778480009,3391,0:35:56.340000,"(datetime.datetime(2026, 9, 29, 15, 48, 42, 297000),)",2a3c600d
408546351,-778475060,3431,0:35:56.400000,"(datetime.datetime(2026, 9, 29, 15, 48, 42, 358000),)",2a3c600a
408543729,-778479820,3391,0:35:56.470000,"(datetime.datetime(2026, 9, 29, 15, 48, 42, 428000),)",2a3c600d
408546445,-778474889,3431,0:35:56.540000,"(datetime.datetime(2026, 9, 29, 15, 48, 42, 500000),)",2a3c600a
408543832,-778479629,3391,0:35:56.620000,"(datetime.datetime(2026, 9, 29, 15, 48, 42, 572000),)",2a3c600d
408546538,-778474722,3431,0:35:56.690000,"(datetime.datetime(2026, 9, 29, 15, 48, 42, 641000),)",2a3c600a
408543936,-778479438,3390,0:35:56.750000,"(datetime.datetime(2026, 9, 29, 15, 48, 42, 710000),)",2a3c600d
408546634,-778474547,3430,0:35:56.830000,"(datetime.datetime(2026, 9, 29, 15, 48, 42, 780000),)",2a3c600a
408544038,-778479247,3390,0:35:56.950000,"(datetime.datetime(2026, 9, 29, 15, 48, 42, 902000),)",2a3c600d
408546725,-778474372,3431,0:35:56.980000,"(datetime.datetime(2026, 9, 29, 15, 48, 42, 940000),)",2a3c600a
408544141,-778479058,3390,0:35:57.050000,"(datetime.datetime(2026, 9, 29, 15, 48, 43, 3000),)",2a3c600d
408546819,-778474207,3431,0:35:57.110000,"(datetime.datetime(2026, 9, 29, 15, 48, 43, 69000),)",2a3c600a
408544244,-778478871,3389,0:35:57.190000,"(datetime.datetime(2026, 9, 29, 15, 48, 43, 143000),)",2a3c600d
408546914,-778474039,3431,0:35:57.260000,"(datetime.datetime(2026, 9, 29, 15, 48, 43, 215000),)",2a3c600a
408544346,-778478679,3389,0:35:57.320000,"(datetime.datetime(2026, 9, 29, 15, 48, 43, 276000),)",2a3c600d
408547005,-778473866,3431,0:35:57.390000,"(datetime.datetime(2026, 9, 29, 15, 48, 43, 344000),)",2a3c600a
408544450,-778478494,3389,0:35:57.460000,"(datetime.datetime(2026, 9, 29, 15, 48, 43, 415000),)",2a3c600d
408547097,-778473699,3431,0:35:57.530000,"(datetime.datetime(2026, 9, 29, 15, 48, 43, 483000),)",2a3c600a
408544552,-778478302,3388,0:35:57.600000,"(datetime.datetime(2026, 9, 29, 15, 48, 43, 551000),)",2a3c600d
408547192,-778473530,3431,0:35:57.670000,"(datetime.datetime(2026, 9, 29, 15, 48, 43, 630000),)",2a3c600a
408544657,-778478116,3388,0:35:57.730000,"(datetime.datetime(2026, 9, 29, 15, 48, 43, 687000),)",2a3c600d
408547283,-778473364,3431,0:35:57.800000,"(datetime.datetime(2026, 9, 29, 15, 48, 43, 753000),)",2a3c600a
408544758,-778477930,3388,0:35:57.870000,"(datetime.datetime(2026, 9, 29, 15, 48, 43, 822000),)",2a3c600d
408547378,-778473193,3430,0:35:58.210000,"(datetime.datetime(2026, 9, 29, 15, 48, 44, 165000),)",2a3c600a
408544861,-778477743,3387,0:35:58.380000,"(datetime.datetime(2026, 9, 29, 15, 48, 44, 339000),)",2a3c600d
408547468,-778473029,3430,0:35:58.490000,"(datetime.datetime(2026, 9, 29, 15, 48, 44, 449000),)",2a3c600a
408544963,-778477556,3388,0:35:58.580000,"(datetime.datetime(2026, 9, 29, 15, 48, 44, 530000),)",2a3c600d
408547561,-778472867,3429,0:35:58.740000,"(datetime.datetime(2026, 9, 29, 15, 48, 44, 694000),)",2a3c600a
408545065,-778477365,3387,0:35:59.050000,"(datetime.datetime(2026, 9, 29, 15, 48, 45, 3000),)",2a3c600d
408547650,-778472697,3429,0:35:59.180000,"(datetime.datetime(2026, 9, 29, 15, 48, 45, 132000),)",2a3c600a
408545168,-778477178,3387,0:35:59.210000,"(datetime.datetime(2026, 9, 29, 15, 48, 45, 168000),)",2a3c600d
408547650,-778472697,3429,0:35:59.270000,"(datetime.datetime(2026, 9, 29, 15, 48, 45, 229000),)",2a3c600a
408545271,-778476994,3387,0:35:59.370000,"(datetime.datetime(2026, 9, 29, 15, 48, 45, 323000),)",2a3c600d
408547834,-778472363,3428,0:35:59.570000,"(datetime.datetime(2026, 9, 29, 15, 48, 45, 521000),)",2a3c600a
408545375,-778476809,3387,0:35:59.610000,"(datetime.datetime(2026, 9, 29, 15, 48, 45, 565000),)",2a3c600d
408547921,-778472191,3428,0:35:59.690000,"(datetime.datetime(2026, 9, 29, 15, 48, 45, 645000),)",2a3c600a
408545473,-778476623,3387,0:35:59.780000,"(datetime.datetime(2026, 9, 29, 15, 48, 45, 730000),)",2a3c600d
408548019,-778472022,3428,0:36:00.050000,"(datetime.datetime(2026, 9, 29, 15, 48, 46, 8000),)",2a3c600a
408545575,-778476432,3387,0:36:00.240000,"(datetime.datetime(2026, 9, 29, 15, 48, 46, 200000),)",2a3c600d
408548106,-778471856,3428,0:36:00.300000,"(datetime.datetime(2026, 9, 29, 15, 48, 46, 251000),)",2a3c600a
408545678,-778476251,3387,0:36:00.390000,"(datetime.datetime(2026, 9, 29, 15, 48, 46, 350000),)",2a3c600d
408548199,-778471686,3428,0:36:00.580000,"(datetime.datetime(2026, 9, 29, 15, 48, 46, 534000),)",2a3c600a
408545778,-778476064,3387,0:36:00.780000,"(datetime.datetime(2026, 9, 29, 15, 48, 46, 739000),)",2a3c600d
408548291,-778471521,3428,0:36:00.880000,"(datetime.datetime(2026, 9, 29, 15, 48, 46, 837000),)",2a3c600a
408545882,-778475881,3386,0:36:00.950000,"(datetime.datetime(2026, 9, 29, 15, 48, 46, 910000),)",2a3c600d
408548384,-778471353,3428,0:36:00.990000,"(datetime.datetime(2026, 9, 29, 15, 48, 46, 943000),)",2a3c600a
408545981,-778475694,3386,0:36:01.060000,"(datetime.datetime(2026, 9, 29, 15, 48, 47, 12000),)",2a3c600d
408548475,-778471187,3427,0:36:01.130000,"(datetime.datetime(2026, 9, 29, 15, 48, 47, 82000),)",2a3c600a
408546084,-778475510,3386,0:36:01.190000,"(datetime.datetime(2026, 9, 29, 15, 48, 47, 150000),)",2a3c600d
408548566,-778471022,3427,0:36:01.280000,"(datetime.datetime(2026, 9, 29, 15, 48, 47, 236000),)",2a3c600a
408546187,-778475327,3386,0:36:01.340000,"(datetime.datetime(2026, 9, 29, 15, 48, 47, 297000),)",2a3c600d
408548658,-778470854,3427,0:36:01.420000,"(datetime.datetime(2026, 9, 29, 15, 48, 47, 371000),)",2a3c600a
408546284,-778475142,3386,0:36:01.480000,"(datetime.datetime(2026, 9, 29, 15, 48, 47, 435000),)",2a3c600d
408548745,-778470680,3427,0:36:01.550000,"(datetime.datetime(2026, 9, 29, 15, 48, 47, 504000),)",2a3c600a
408546386,-778474957,3386,0:36:01.620000,"(datetime.datetime(2026, 9, 29, 15, 48, 47, 574000),)",2a3c600d
408548836,-778470511,3427,0:36:01.690000,"(datetime.datetime(2026, 9, 29, 15, 48, 47, 641000),)",2a3c600a
408546486,-778474775,3385,0:36:01.750000,"(datetime.datetime(2026, 9, 29, 15, 48, 47, 706000),)",2a3c600d
408548929,-778470346,3426,0:36:01.820000,"(datetime.datetime(2026, 9, 29, 15, 48, 47, 773000),)",2a3c600a
408546587,-778474590,3386,0:36:01.890000,"(datetime.datetime(2026, 9, 29, 15, 48, 47, 848000),)",2a3c600d
408549023,-778470180,3426,0:36:01.960000,"(datetime.datetime(2026, 9, 29, 15, 48, 47, 919000),)",2a3c600a
408546688,-778474409,3385,0:36:02.030000,"(datetime.datetime(2026, 9, 29, 15, 48, 47, 988000),)",2a3c600d
408549117,-778470015,3426,0:36:02.110000,"(datetime.datetime(2026, 9, 29, 15, 48, 48, 62000),)",2a3c600a
408546787,-778474225,3385,0:36:02.170000,"(datetime.datetime(2026, 9, 29, 15, 48, 48, 130000),)",2a3c600d
408549205,-778469845,3426,0:36:02.240000,"(datetime.datetime(2026, 9, 29, 15, 48, 48, 199000),)",2a3c600a
408546886,-778474045,3385,0:36:02.310000,"(datetime.datetime(2026, 9, 29, 15, 48, 48, 270000),)",2a3c600d
408549299,-778469675,3426,0:36:02.380000,"(datetime.datetime(2026, 9, 29, 15, 48, 48, 338000),)",2a3c600a
408546989,-778473857,3385,0:36:02.460000,"(datetime.datetime(2026, 9, 29, 15, 48, 48, 414000),)",2a3c600d
408549390,-778469510,3425,0:36:02.530000,"(datetime.datetime(2026, 9, 29, 15, 48, 48, 482000),)",2a3c600a
408547084,-778473675,3385,0:36:02.600000,"(datetime.datetime(2026, 9, 29, 15, 48, 48, 556000),)",2a3c600d
408549485,-778469346,3425,0:36:02.670000,"(datetime.datetime(2026, 9, 29, 15, 48, 48, 624000),)",2a3c600a
408547184,-778473496,3385,0:36:02.740000,"(datetime.datetime(2026, 9, 29, 15, 48, 48, 696000),)",2a3c600d
408549575,-778469174,3425,0:36:02.820000,"(datetime.datetime(2026, 9, 29, 15, 48, 48, 773000),)",2a3c600a
408547284,-778473318,3385,0:36:02.890000,"(datetime.datetime(2026, 9, 29, 15, 48, 48, 840000),)",2a3c600d
408549668,-778469012,3424,0:36:02.960000,"(datetime.datetime(2026, 9, 29, 15, 48, 48, 915000),)",2a3c600a
408547382,-778473134,3385,0:36:03.030000,"(datetime.datetime(2026, 9, 29, 15, 48, 48, 982000),)",2a3c600d
408549758,-778468840,3425,0:36:03.110000,"(datetime.datetime(2026, 9, 29, 15, 48, 49, 60000),)",2a3c600a
408547483,-778472956,3384,0:36:03.180000,"(datetime.datetime(2026, 9, 29, 15, 48, 49, 134000),)",2a3c600d
408549850,-778468671,3425,0:36:03.250000,"(datetime.datetime(2026, 9, 29, 15, 48, 49, 204000),)",2a3c600a
408547582,-778472777,3384,0:36:03.320000,"(datetime.datetime(2026, 9, 29, 15, 48, 49, 272000),)",2a3c600d
408549945,-778468510,3424,0:36:03.380000,"(datetime.datetime(2026, 9, 29, 15, 48, 49, 337000),)",2a3c600a
408547683,-778472598,3384,0:36:03.460000,"(datetime.datetime(2026, 9, 29, 15, 48, 49, 413000),)",2a3c600d
408550037,-778468343,3424,0:36:03.530000,"(datetime.datetime(2026, 9, 29, 15, 48, 49, 483000),)",2a3c600a
408547781,-778472418,3384,0:36:03.600000,"(datetime.datetime(2026, 9, 29, 15, 48, 49, 551000),)",2a3c600d
408550130,-778468180,3424,0:36:03.670000,"(datetime.datetime(2026, 9, 29, 15, 48, 49, 629000),)",2a3c600a
408547880,-778472236,3384,0:36:03.750000,"(datetime.datetime(2026, 9, 29, 15, 48, 49, 708000),)",2a3c600d
408550223,-778468013,3424,0:36:03.820000,"(datetime.datetime(2026, 9, 29, 15, 48, 49, 780000),)",2a3c600a
408547976,-778472057,3383,0:36:03.900000,"(datetime.datetime(2026, 9, 29, 15, 48, 49, 854000),)",2a3c600d
408550314,-778467849,3424,0:36:03.970000,"(datetime.datetime(2026, 9, 29, 15, 48, 49, 929000),)",2a3c600a
408548075,-778471875,3384,0:36:04.040000,"(datetime.datetime(2026, 9, 29, 15, 48, 49, 997000),)",2a3c600d
408550407,-778467678,3424,0:36:04.120000,"(datetime.datetime(2026, 9, 29, 15, 48, 50, 75000),)",2a3c600a
408548169,-778471700,3383,0:36:04.180000,"(datetime.datetime(2026, 9, 29, 15, 48, 50, 140000),)",2a3c600d
408550502,-778467515,3423,0:36:04.250000,"(datetime.datetime(2026, 9, 29, 15, 48, 50, 209000),)",2a3c600a
408548268,-778471519,3383,0:36:04.330000,"(datetime.datetime(2026, 9, 29, 15, 48, 50, 284000),)",2a3c600d
408550595,-778467348,3423,0:36:04.400000,"(datetime.datetime(2026, 9, 29, 15, 48, 50, 355000),)",2a3c600a
408548367,-778471344,3383,0:36:04.480000,"(datetime.datetime(2026, 9, 29, 15, 48, 50, 435000),)",2a3c600d
408550689,-778467182,3423,0:36:04.550000,"(datetime.datetime(2026, 9, 29, 15, 48, 50, 502000),)",2a3c600a
408548466,-778471161,3383,0:36:04.630000,"(datetime.datetime(2026, 9, 29, 15, 48, 50, 582000),)",2a3c600d
408550780,-778467015,3423,0:36:04.700000,"(datetime.datetime(2026, 9, 29, 15, 48, 50, 652000),)",2a3c600a
408548559,-778470982,3382,0:36:04.760000,"(datetime.datetime(2026, 9, 29, 15, 48, 50, 720000),)",2a3c600d
408550873,-778466845,3423,0:36:04.840000,"(datetime.datetime(2026, 9, 29, 15, 48, 50, 795000),)",2a3c600a
408548659,-778470810,3382,0:36:04.910000,"(datetime.datetime(2026, 9, 29, 15, 48, 50, 868000),)",2a3c600d
408550966,-778466681,3423,0:36:04.980000,"(datetime.datetime(2026, 9, 29, 15, 48, 50, 938000),)",2a3c600a
408548757,-778470630,3383,0:36:05.050000,"(datetime.datetime(2026, 9, 29, 15, 48, 51, 6000),)",2a3c600d
408551059,-778466514,3422,0:36:05.120000,"(datetime.datetime(2026, 9, 29, 15, 48, 51, 76000),)",2a3c600a
408548854,-778470456,3382,0:36:05.190000,"(datetime.datetime(2026, 9, 29, 15, 48, 51, 147000),)",2a3c600d
408551150,-778466347,3422,0:36:05.260000,"(datetime.datetime(2026, 9, 29, 15, 48, 51, 214000),)",2a3c600a
408548950,-778470276,3382,0:36:05.340000,"(datetime.datetime(2026, 9, 29, 15, 48, 51, 293000),)",2a3c600d
408551243,-778466176,3423,0:36:05.410000,"(datetime.datetime(2026, 9, 29, 15, 48, 51, 363000),)",2a3c600a
408549055,-778470097,3382,0:36:05.480000,"(datetime.datetime(2026, 9, 29, 15, 48, 51, 434000),)",2a3c600d
408551337,-778466007,3423,0:36:05.550000,"(datetime.datetime(2026, 9, 29, 15, 48, 51, 509000),)",2a3c600a
408549151,-778469921,3381,0:36:05.630000,"(datetime.datetime(2026, 9, 29, 15, 48, 51, 589000),)",2a3c600d
408551429,-778465840,3423,0:36:05.700000,"(datetime.datetime(2026, 9, 29, 15, 48, 51, 659000),)",2a3c600a
408549248,-778469744,3381,0:36:05.780000,"(datetime.datetime(2026, 9, 29, 15, 48, 51, 731000),)",2a3c600d
408551521,-778465671,3423,0:36:05.850000,"(datetime.datetime(2026, 9, 29, 15, 48, 51, 809000),)",2a3c600a
408549343,-778469570,3381,0:36:05.960000,"(datetime.datetime(2026, 9, 29, 15, 48, 51, 910000),)",2a3c600d
408551613,-778465501,3423,0:36:06.010000,"(datetime.datetime(2026, 9, 29, 15, 48, 51, 961000),)",2a3c600a
408549442,-778469394,3381,0:36:06.080000,"(datetime.datetime(2026, 9, 29, 15, 48, 52, 38000),)",2a3c600d
408551705,-778465333,3423,0:36:06.150000,"(datetime.datetime(2026, 9, 29, 15, 48, 52, 105000),)",2a3c600a
408549540,-778469218,3380,0:36:06.220000,"(datetime.datetime(2026, 9, 29, 15, 48, 52, 174000),)",2a3c600d
408551798,-778465163,3423,0:36:06.290000,"(datetime.datetime(2026, 9, 29, 15, 48, 52, 250000),)",2a3c600a
408549636,-778469040,3380,0:36:06.370000,"(datetime.datetime(2026, 9, 29, 15, 48, 52, 322000),)",2a3c600d
408551892,-778464996,3423,0:36:06.450000,"(datetime.datetime(2026, 9, 29, 15, 48, 52, 403000),)",2a3c600a
408549730,-778468869,3380,0:36:06.520000,"(datetime.datetime(2026, 9, 29, 15, 48, 52, 476000),)",2a3c600d
408551979,-778464825,3424,0:36:06.600000,"(datetime.datetime(2026, 9, 29, 15, 48, 52, 555000),)",2a3c600a
408549831,-778468697,3379,0:36:06.670000,"(datetime.datetime(2026, 9, 29, 15, 48, 52, 628000),)",2a3c600d
408552074,-778464656,3423,0:36:06.740000,"(datetime.datetime(2026, 9, 29, 15, 48, 52, 699000),)",2a3c600a
408549927,-778468524,3380,0:36:06.820000,"(datetime.datetime(2026, 9, 29, 15, 48, 52, 773000),)",2a3c600d
408552167,-778464486,3423,0:36:06.910000,"(datetime.datetime(2026, 9, 29, 15, 48, 52, 863000),)",2a3c600a
408550022,-778468347,3379,0:36:06.970000,"(datetime.datetime(2026, 9, 29, 15, 48, 52, 929000),)",2a3c600d
408552259,-778464318,3423,0:36:07.050000,"(datetime.datetime(2026, 9, 29, 15, 48, 53, 3000),)",2a3c600a
408550119,-778468174,3379,0:36:07.120000,"(datetime.datetime(2026, 9, 29, 15, 48, 53, 71000),)",2a3c600d
408552353,-778464148,3423,0:36:07.180000,"(datetime.datetime(2026, 9, 29, 15, 48, 53, 140000),)",2a3c600a
408550215,-778468000,3379,0:36:07.260000,"(datetime.datetime(2026, 9, 29, 15, 48, 53, 219000),)",2a3c600d
408552445,-778463977,3422,0:36:07.330000,"(datetime.datetime(2026, 9, 29, 15, 48, 53, 290000),)",2a3c600a
408550309,-778467829,3379,0:36:07.400000,"(datetime.datetime(2026, 9, 29, 15, 48, 53, 357000),)",2a3c600d
408552536,-778463807,3423,0:36:07.470000,"(datetime.datetime(2026, 9, 29, 15, 48, 53, 428000),)",2a3c600a
408550403,-778467651,3379,0:36:07.540000,"(datetime.datetime(2026, 9, 29, 15, 48, 53, 500000),)",2a3c600d
408552629,-778463633,3423,0:36:07.620000,"(datetime.datetime(2026, 9, 29, 15, 48, 53, 579000),)",2a3c600a
408550499,-778467477,3379,0:36:07.700000,"(datetime.datetime(2026, 9, 29, 15, 48, 53, 651000),)",2a3c600d
408552720,-778463463,3423,0:36:07.770000,"(datetime.datetime(2026, 9, 29, 15, 48, 53, 724000),)",2a3c600a
408550595,-778467304,3379,0:36:07.850000,"(datetime.datetime(2026, 9, 29, 15, 48, 53, 803000),)",2a3c600d
408552810,-778463289,3423,0:36:07.910000,"(datetime.datetime(2026, 9, 29, 15, 48, 53, 867000),)",2a3c600a
408550688,-778467133,3378,0:36:07.990000,"(datetime.datetime(2026, 9, 29, 15, 48, 53, 942000),)",2a3c600d
408552901,-778463118,3423,0:36:08.050000,"(datetime.datetime(2026, 9, 29, 15, 48, 54, 7000),)",2a3c600a
408550782,-778466962,3378,0:36:08.130000,"(datetime.datetime(2026, 9, 29, 15, 48, 54, 84000),)",2a3c600d
408552994,-778462951,3424,0:36:08.200000,"(datetime.datetime(2026, 9, 29, 15, 48, 54, 160000),)",2a3c600a
408550876,-778466787,3378,0:36:08.280000,"(datetime.datetime(2026, 9, 29, 15, 48, 54, 232000),)",2a3c600d
408553088,-778462776,3424,0:36:08.350000,"(datetime.datetime(2026, 9, 29, 15, 48, 54, 301000),)",2a3c600a
408550967,-778466611,3378,0:36:08.420000,"(datetime.datetime(2026, 9, 29, 15, 48, 54, 378000),)",2a3c600d
408553183,-778462604,3423,0:36:08.490000,"(datetime.datetime(2026, 9, 29, 15, 48, 54, 446000),)",2a3c600a
408551063,-778466443,3378,0:36:08.560000,"(datetime.datetime(2026, 9, 29, 15, 48, 54, 514000),)",2a3c600d
408553183,-778462604,3423,0:36:08.630000,"(datetime.datetime(2026, 9, 29, 15, 48, 54, 589000),)",2a3c600a
408551159,-778466273,3377,0:36:08.700000,"(datetime.datetime(2026, 9, 29, 15, 48, 54, 658000),)",2a3c600d
408553371,-778462263,3423,0:36:08.780000,"(datetime.datetime(2026, 9, 29, 15, 48, 54, 734000),)",2a3c600a
408551251,-778466101,3377,0:36:08.850000,"(datetime.datetime(2026, 9, 29, 15, 48, 54, 801000),)",2a3c600d
408553464,-778462092,3423,0:36:08.920000,"(datetime.datetime(2026, 9, 29, 15, 48, 54, 870000),)",2a3c600a
408551345,-778465928,3377,0:36:08.990000,"(datetime.datetime(2026, 9, 29, 15, 48, 54, 941000),)",2a3c600d
408553464,-778462092,3423,0:36:09.060000,"(datetime.datetime(2026, 9, 29, 15, 48, 55, 17000),)",2a3c600a
408551440,-778465760,3377,0:36:09.140000,"(datetime.datetime(2026, 9, 29, 15, 48, 55, 94000),)",2a3c600d
408553558,-778461918,3424,0:36:09.200000,"(datetime.datetime(2026, 9, 29, 15, 48, 55, 153000),)",2a3c600a
408551533,-778465584,3377,0:36:09.270000,"(datetime.datetime(2026, 9, 29, 15, 48, 55, 224000),)",2a3c600d
408553650,-778461749,3424,0:36:09.340000,"(datetime.datetime(2026, 9, 29, 15, 48, 55, 294000),)",2a3c600a
408551628,-778465417,3377,0:36:09.410000,"(datetime.datetime(2026, 9, 29, 15, 48, 55, 366000),)",2a3c600d
408553743,-778461578,3423,0:36:09.480000,"(datetime.datetime(2026, 9, 29, 15, 48, 55, 436000),)",2a3c600a
408551720,-778465244,3377,0:36:09.550000,"(datetime.datetime(2026, 9, 29, 15, 48, 55, 504000),)",2a3c600d
408553834,-778461402,3423,0:36:09.620000,"(datetime.datetime(2026, 9, 29, 15, 48, 55, 575000),)",2a3c600a
408551811,-778465074,3377,0:36:09.690000,"(datetime.datetime(2026, 9, 29, 15, 48, 55, 645000),)",2a3c600d
408553929,-778461233,3423,0:36:09.770000,"(datetime.datetime(2026, 9, 29, 15, 48, 55, 730000),)",2a3c600a
408551903,-778464896,3377,0:36:09.860000,"(datetime.datetime(2026, 9, 29, 15, 48, 55, 812000),)",2a3c600d
408554020,-778461061,3423,0:36:09.920000,"(datetime.datetime(2026, 9, 29, 15, 48, 55, 876000),)",2a3c600a
408551997,-778464724,3376,0:36:09.990000,"(datetime.datetime(2026, 9, 29, 15, 48, 55, 945000),)",2a3c600d
408554114,-778460889,3423,0:36:10.060000,"(datetime.datetime(2026, 9, 29, 15, 48, 56, 16000),)",2a3c600a
408552087,-778464555,3377,0:36:10.130000,"(datetime.datetime(2026, 9, 29, 15, 48, 56, 87000),)",2a3c600d
408554208,-778460719,3423,0:36:10.210000,"(datetime.datetime(2026, 9, 29, 15, 48, 56, 164000),)",2a3c600a
408552180,-778464383,3377,0:36:10.290000,"(datetime.datetime(2026, 9, 29, 15, 48, 56, 242000),)",2a3c600d
408554299,-778460547,3423,0:36:10.370000,"(datetime.datetime(2026, 9, 29, 15, 48, 56, 327000),)",2a3c600a
408552273,-778464216,3376,0:36:10.440000,"(datetime.datetime(2026, 9, 29, 15, 48, 56, 400000),)",2a3c600d
408554391,-778460376,3423,0:36:10.510000,"(datetime.datetime(2026, 9, 29, 15, 48, 56, 464000),)",2a3c600a
408552367,-778464041,3377,0:36:10.580000,"(datetime.datetime(2026, 9, 29, 15, 48, 56, 533000),)",2a3c600d
408554484,-778460203,3423,0:36:10.650000,"(datetime.datetime(2026, 9, 29, 15, 48, 56, 610000),)",2a3c600a
408552458,-778463870,3377,0:36:10.720000,"(datetime.datetime(2026, 9, 29, 15, 48, 56, 679000),)",2a3c600d
408554575,-778460032,3423,0:36:10.810000,"(datetime.datetime(2026, 9, 29, 15, 48, 56, 761000),)",2a3c600a
408552549,-778463701,3377,0:36:10.890000,"(datetime.datetime(2026, 9, 29, 15, 48, 56, 843000),)",2a3c600d
408554670,-778459862,3423,0:36:10.980000,"(datetime.datetime(2026, 9, 29, 15, 48, 56, 933000),)",2a3c600a
408552641,-778463530,3377,0:36:11.030000,"(datetime.datetime(2026, 9, 29, 15, 48, 56, 981000),)",2a3c600d
408554761,-778459690,3423,0:36:11.100000,"(datetime.datetime(2026, 9, 29, 15, 48, 57, 56000),)",2a3c600a
408552735,-778463356,3377,0:36:11.180000,"(datetime.datetime(2026, 9, 29, 15, 48, 57, 134000),)",2a3c600d
408554854,-778459519,3423,0:36:11.250000,"(datetime.datetime(2026, 9, 29, 15, 48, 57, 209000),)",2a3c600a
408552824,-778463186,3377,0:36:11.320000,"(datetime.datetime(2026, 9, 29, 15, 48, 57, 277000),)",2a3c600d
408554948,-778459355,3422,0:36:11.390000,"(datetime.datetime(2026, 9, 29, 15, 48, 57, 348000),)",2a3c600a
408552917,-778463020,3377,0:36:11.470000,"(datetime.datetime(2026, 9, 29, 15, 48, 57, 422000),)",2a3c600d
408555042,-778459182,3423,0:36:11.540000,"(datetime.datetime(2026, 9, 29, 15, 48, 57, 493000),)",2a3c600a
408553008,-778462849,3376,0:36:11.610000,"(datetime.datetime(2026, 9, 29, 15, 48, 57, 562000),)",2a3c600d
408555129,-778459012,3423,0:36:11.680000,"(datetime.datetime(2026, 9, 29, 15, 48, 57, 632000),)",2a3c600a
408553099,-778462679,3377,0:36:11.740000,"(datetime.datetime(2026, 9, 29, 15, 48, 57, 700000),)",2a3c600d
408555223,-778458839,3423,0:36:11.840000,"(datetime.datetime(2026, 9, 29, 15, 48, 57, 792000),)",2a3c600a
408553186,-778462505,3376,0:36:11.900000,"(datetime.datetime(2026, 9, 29, 15, 48, 57, 860000),)",2a3c600d
408555317,-778458670,3423,0:36:11.980000,"(datetime.datetime(2026, 9, 29, 15, 48, 57, 933000),)",2a3c600a
408553281,-778462339,3376,0:36:12.040000,"(datetime.datetime(2026, 9, 29, 15, 48, 57, 994000),)",2a3c600d
408555408,-778458501,3424,0:36:12.110000,"(datetime.datetime(2026, 9, 29, 15, 48, 58, 66000),)",2a3c600a
408553373,-778462171,3376,0:36:12.180000,"(datetime.datetime(2026, 9, 29, 15, 48, 58, 137000),)",2a3c600d
408555498,-778458329,3424,0:36:12.250000,"(datetime.datetime(2026, 9, 29, 15, 48, 58, 204000),)",2a3c600a
408553459,-778461996,3376,0:36:12.320000,"(datetime.datetime(2026, 9, 29, 15, 48, 58, 271000),)",2a3c600d
408555591,-778458155,3423,0:36:12.390000,"(datetime.datetime(2026, 9, 29, 15, 48, 58, 342000),)",2a3c600a
408553549,-778461830,3376,0:36:12.450000,"(datetime.datetime(2026, 9, 29, 15, 48, 58, 410000),)",2a3c600d
408555680,-778457982,3423,0:36:12.530000,"(datetime.datetime(2026, 9, 29, 15, 48, 58, 484000),)",2a3c600a
408553642,-778461658,3376,0:36:12.600000,"(datetime.datetime(2026, 9, 29, 15, 48, 58, 552000),)",2a3c600d
408555773,-778457813,3422,0:36:12.670000,"(datetime.datetime(2026, 9, 29, 15, 48, 58, 622000),)",2a3c600a
408553736,-778461486,3376,0:36:12.740000,"(datetime.datetime(2026, 9, 29, 15, 48, 58, 696000),)",2a3c600d
408555868,-778457646,3422,0:36:12.810000,"(datetime.datetime(2026, 9, 29, 15, 48, 58, 764000),)",2a3c600a
408553829,-778461318,3376,0:36:12.870000,"(datetime.datetime(2026, 9, 29, 15, 48, 58, 829000),)",2a3c600d
408555959,-778457476,3423,0:36:13.010000,"(datetime.datetime(2026, 9, 29, 15, 48, 58, 961000),)",2a3c600a
408553919,-778461150,3376,0:36:13.090000,"(datetime.datetime(2026, 9, 29, 15, 48, 59, 46000),)",2a3c600d
408556048,-778457305,3423,0:36:13.170000,"(datetime.datetime(2026, 9, 29, 15, 48, 59, 125000),)",2a3c600a
408554011,-778460980,3376,0:36:13.340000,"(datetime.datetime(2026, 9, 29, 15, 48, 59, 294000),)",2a3c600d
408556138,-778457132,3423,0:36:13.400000,"(datetime.datetime(2026, 9, 29, 15, 48, 59, 353000),)",2a3c600a
408554100,-778460812,3376,0:36:13.570000,"(datetime.datetime(2026, 9, 29, 15, 48, 59, 527000),)",2a3c600d
408556235,-778456971,3422,0:36:13.780000,"(datetime.datetime(2026, 9, 29, 15, 48, 59, 732000),)",2a3c600a
408554192,-778460643,3376,0:36:14.110000,"(datetime.datetime(2026, 9, 29, 15, 49, 0, 68000),)",2a3c600d
408556326,-778456794,3422,0:36:14.200000,"(datetime.datetime(2026, 9, 29, 15, 49, 0, 157000),)",2a3c600a
408554285,-778460478,3375,0:36:14.360000,"(datetime.datetime(2026, 9, 29, 15, 49, 0, 318000),)",2a3c600d
408556419,-778456628,3422,0:36:14.430000,"(datetime.datetime(2026, 9, 29, 15, 49, 0, 386000),)",2a3c600a
408554372,-778460309,3375,0:36:14.570000,"(datetime.datetime(2026, 9, 29, 15, 49, 0, 528000),)",2a3c600d
408556508,-778456460,3423,0:36:14.620000,"(datetime.datetime(2026, 9, 29, 15, 49, 0, 579000),)",2a3c600a
408554462,-778460140,3376,0:36:14.760000,"(datetime.datetime(2026, 9, 29, 15, 49, 0, 720000),)",2a3c600d
408556598,-778456286,3423,0:36:14.920000,"(datetime.datetime(2026, 9, 29, 15, 49, 0, 871000),)",2a3c600a
408554554,-778459972,3376,0:36:15.120000,"(datetime.datetime(2026, 9, 29, 15, 49, 1, 77000),)",2a3c600d
408556687,-778456118,3423,0:36:15.300000,"(datetime.datetime(2026, 9, 29, 15, 49, 1, 252000),)",2a3c600a
408554648,-778459807,3375,0:36:15.550000,"(datetime.datetime(2026, 9, 29, 15, 49, 1, 502000),)",2a3c600d
408556780,-778455944,3423,0:36:15.690000,"(datetime.datetime(2026, 9, 29, 15, 49, 1, 650000),)",2a3c600a
408554742,-778459640,3376,0:36:15.750000,"(datetime.datetime(2026, 9, 29, 15, 49, 1, 707000),)",2a3c600d
408556871,-778455775,3422,0:36:15.840000,"(datetime.datetime(2026, 9, 29, 15, 49, 1, 797000),)",2a3c600a
408554831,-778459477,3376,0:36:15.940000,"(datetime.datetime(2026, 9, 29, 15, 49, 1, 894000),)",2a3c600d
408556960,-778455603,3422,0:36:16.140000,"(datetime.datetime(2026, 9, 29, 15, 49, 2, 100000),)",2a3c600a
408554919,-778459307,3376,0:36:16.180000,"(datetime.datetime(2026, 9, 29, 15, 49, 2, 135000),)",2a3c600d
408557049,-778455434,3422,0:36:16.250000,"(datetime.datetime(2026, 9, 29, 15, 49, 2, 202000),)",2a3c600a
408555011,-778459141,3376,0:36:16.310000,"(datetime.datetime(2026, 9, 29, 15, 49, 2, 270000),)",2a3c600d
408557143,-778455265,3421,0:36:16.390000,"(datetime.datetime(2026, 9, 29, 15, 49, 2, 349000),)",2a3c600a
408555102,-778458977,3376,0:36:16.460000,"(datetime.datetime(2026, 9, 29, 15, 49, 2, 418000),)",2a3c600d
408557231,-778455097,3421,0:36:16.530000,"(datetime.datetime(2026, 9, 29, 15, 49, 2, 486000),)",2a3c600a
408555189,-778458806,3377,0:36:16.600000,"(datetime.datetime(2026, 9, 29, 15, 49, 2, 555000),)",2a3c600d
408557324,-778454925,3421,0:36:16.670000,"(datetime.datetime(2026, 9, 29, 15, 49, 2, 623000),)",2a3c600a
408555279,-778458642,3377,0:36:16.740000,"(datetime.datetime(2026, 9, 29, 15, 49, 2, 696000),)",2a3c600d
408557414,-778454754,3421,0:36:16.810000,"(datetime.datetime(2026, 9, 29, 15, 49, 2, 768000),)",2a3c600a
408555371,-778458478,3377,0:36:16.890000,"(datetime.datetime(2026, 9, 29, 15, 49, 2, 841000),)",2a3c600d
408557503,-778454582,3422,0:36:16.980000,"(datetime.datetime(2026, 9, 29, 15, 49, 2, 940000),)",2a3c600a
408555458,-778458310,3376,0:36:17.030000,"(datetime.datetime(2026, 9, 29, 15, 49, 2, 990000),)",2a3c600d
408557593,-778454411,3422,0:36:17.100000,"(datetime.datetime(2026, 9, 29, 15, 49, 3, 60000),)",2a3c600a
408555555,-778458149,3376,0:36:17.180000,"(datetime.datetime(2026, 9, 29, 15, 49, 3, 135000),)",2a3c600d
408557684,-778454244,3422,0:36:17.260000,"(datetime.datetime(2026, 9, 29, 15, 49, 3, 211000),)",2a3c600a
408555645,-778457980,3376,0:36:17.320000,"(datetime.datetime(2026, 9, 29, 15, 49, 3, 276000),)",2a3c600d
408557779,-778454073,3421,0:36:17.400000,"(datetime.datetime(2026, 9, 29, 15, 49, 3, 353000),)",2a3c600a
408555737,-778457819,3376,0:36:17.470000,"(datetime.datetime(2026, 9, 29, 15, 49, 3, 422000),)",2a3c600d
408557868,-778453905,3422,0:36:17.540000,"(datetime.datetime(2026, 9, 29, 15, 49, 3, 493000),)",2a3c600a
408555825,-778457653,3376,0:36:17.610000,"(datetime.datetime(2026, 9, 29, 15, 49, 3, 561000),)",2a3c600d
408557958,-778453740,3422,0:36:17.680000,"(datetime.datetime(2026, 9, 29, 15, 49, 3, 632000),)",2a3c600a
408555915,-778457489,3376,0:36:17.750000,"(datetime.datetime(2026, 9, 29, 15, 49, 3, 710000),)",2a3c600d
408558052,-778453571,3421,0:36:17.820000,"(datetime.datetime(2026, 9, 29, 15, 49, 3, 774000),)",2a3c600a
408556003,-778457323,3376,0:36:17.890000,"(datetime.datetime(2026, 9, 29, 15, 49, 3, 843000),)",2a3c600d
408558139,-778453400,3422,0:36:17.980000,"(datetime.datetime(2026, 9, 29, 15, 49, 3, 940000),)",2a3c600a
408556095,-778457159,3376,0:36:18.030000,"(datetime.datetime(2026, 9, 29, 15, 49, 3, 989000),)",2a3c600d
408558233,-778453234,3421,0:36:18.100000,"(datetime.datetime(2026, 9, 29, 15, 49, 4, 60000),)",2a3c600a
408556189,-778456996,3376,0:36:18.170000,"(datetime.datetime(2026, 9, 29, 15, 49, 4, 130000),)",2a3c600d
408558322,-778453060,3422,0:36:18.240000,"(datetime.datetime(2026, 9, 29, 15, 49, 4, 200000),)",2a3c600a
408556276,-778456830,3376,0:36:18.320000,"(datetime.datetime(2026, 9, 29, 15, 49, 4, 274000),)",2a3c600d
408558413,-778452885,3422,0:36:18.390000,"(datetime.datetime(2026, 9, 29, 15, 49, 4, 348000),)",2a3c600a
408556366,-778456666,3376,0:36:18.460000,"(datetime.datetime(2026, 9, 29, 15, 49, 4, 420000),)",2a3c600d
408558504,-778452718,3422,0:36:18.540000,"(datetime.datetime(2026, 9, 29, 15, 49, 4, 497000),)",2a3c600a
408556457,-778456506,3376,0:36:18.610000,"(datetime.datetime(2026, 9, 29, 15, 49, 4, 566000),)",2a3c600d
408558598,-778452549,3421,0:36:18.680000,"(datetime.datetime(2026, 9, 29, 15, 49, 4, 636000),)",2a3c600a
408556548,-778456338,3376,0:36:18.770000,"(datetime.datetime(2026, 9, 29, 15, 49, 4, 721000),)",2a3c600d
408558689,-778452380,3421,0:36:18.840000,"(datetime.datetime(2026, 9, 29, 15, 49, 4, 794000),)",2a3c600a
408556636,-778456172,3376,0:36:18.910000,"(datetime.datetime(2026, 9, 29, 15, 49, 4, 861000),)",2a3c600d
408558778,-778452208,3421,0:36:18.980000,"(datetime.datetime(2026, 9, 29, 15, 49, 4, 940000),)",2a3c600a
408556729,-778456013,3376,0:36:19.070000,"(datetime.datetime(2026, 9, 29, 15, 49, 5, 23000),)",2a3c600d
408558870,-778452037,3421,0:36:19.130000,"(datetime.datetime(2026, 9, 29, 15, 49, 5, 90000),)",2a3c600a
408556818,-778455842,3375,0:36:19.210000,"(datetime.datetime(2026, 9, 29, 15, 49, 5, 162000),)",2a3c600d
408558963,-778451869,3420,0:36:19.270000,"(datetime.datetime(2026, 9, 29, 15, 49, 5, 228000),)",2a3c600a
408556911,-778455677,3375,0:36:19.350000,"(datetime.datetime(2026, 9, 29, 15, 49, 5, 308000),)",2a3c600d
408559053,-778451692,3421,0:36:19.420000,"(datetime.datetime(2026, 9, 29, 15, 49, 5, 372000),)",2a3c600a
408559143,-778451523,3421,0:36:19.490000,"(datetime.datetime(2026, 9, 29, 15, 49, 5, 446000),)",2a3c600a
408557004,-778455514,3375,0:36:19.570000,"(datetime.datetime(2026, 9, 29, 15, 49, 5, 522000),)",2a3c600d
408557096,-778455351,3375,0:36:19.630000,"(datetime.datetime(2026, 9, 29, 15, 49, 5, 590000),)",2a3c600d
408559236,-778451355,3421,0:36:19.700000,"(datetime.datetime(2026, 9, 29, 15, 49, 5, 658000),)",2a3c600a
408557190,-778455181,3375,0:36:19.770000,"(datetime.datetime(2026, 9, 29, 15, 49, 5, 728000),)",2a3c600d
408559325,-778451184,3421,0:36:19.840000,"(datetime.datetime(2026, 9, 29, 15, 49, 5, 796000),)",2a3c600a
408557279,-778455015,3375,0:36:19.910000,"(datetime.datetime(2026, 9, 29, 15, 49, 5, 865000),)",2a3c600d
408559417,-778451011,3421,0:36:19.980000,"(datetime.datetime(2026, 9, 29, 15, 49, 5, 940000),)",2a3c600a
408557373,-778454851,3376,0:36:20.050000,"(datetime.datetime(2026, 9, 29, 15, 49, 6, 10000),)",2a3c600d
408559509,-778450841,3421,0:36:20.140000,"(datetime.datetime(2026, 9, 29, 15, 49, 6, 93000),)",2a3c600a
408557461,-778454686,3376,0:36:20.200000,"(datetime.datetime(2026, 9, 29, 15, 49, 6, 151000),)",2a3c600d
408559602,-778450668,3421,0:36:20.270000,"(datetime.datetime(2026, 9, 29, 15, 49, 6, 222000),)",2a3c600a
408559697,-778450496,3420,0:36:20.340000,"(datetime.datetime(2026, 9, 29, 15, 49, 6, 293000),)",2a3c600a
408557554,-778454515,3376,0:36:20.420000,"(datetime.datetime(2026, 9, 29, 15, 49, 6, 377000),)",2a3c600d
408559792,-778450321,3420,0:36:20.490000,"(datetime.datetime(2026, 9, 29, 15, 49, 6, 448000),)",2a3c600a
408557649,-778454346,3376,0:36:20.560000,"(datetime.datetime(2026, 9, 29, 15, 49, 6, 520000),)",2a3c600d
408559886,-778450150,3419,0:36:20.630000,"(datetime.datetime(2026, 9, 29, 15, 49, 6, 590000),)",2a3c600a
408557737,-778454180,3376,0:36:20.700000,"(datetime.datetime(2026, 9, 29, 15, 49, 6, 658000),)",2a3c600d
408559976,-778449975,3420,0:36:20.780000,"(datetime.datetime(2026, 9, 29, 15, 49, 6, 740000),)",2a3c600a
408557831,-778454013,3376,0:36:20.840000,"(datetime.datetime(2026, 9, 29, 15, 49, 6, 798000),)",2a3c600d
408557923,-778453847,3376,0:36:20.920000,"(datetime.datetime(2026, 9, 29, 15, 49, 6, 876000),)",2a3c600d
408560065,-778449801,3419,0:36:20.980000,"(datetime.datetime(2026, 9, 29, 15, 49, 6, 940000),)",2a3c600a
408560157,-778449629,3419,0:36:21.060000,"(datetime.datetime(2026, 9, 29, 15, 49, 7, 15000),)",2a3c600a
408558013,-778453673,3376,0:36:21.130000,"(datetime.datetime(2026, 9, 29, 15, 49, 7, 84000),)",2a3c600d
408560256,-778449457,3418,0:36:21.210000,"(datetime.datetime(2026, 9, 29, 15, 49, 7, 162000),)",2a3c600a
408558103,-778453507,3376,0:36:21.280000,"(datetime.datetime(2026, 9, 29, 15, 49, 7, 236000),)",2a3c600d
408560348,-778449278,3418,0:36:21.350000,"(datetime.datetime(2026, 9, 29, 15, 49, 7, 307000),)",2a3c600a
408558194,-778453336,3376,0:36:21.430000,"(datetime.datetime(2026, 9, 29, 15, 49, 7, 385000),)",2a3c600d
408560444,-778449105,3418,0:36:21.500000,"(datetime.datetime(2026, 9, 29, 15, 49, 7, 457000),)",2a3c600a
408558286,-778453168,3376,0:36:21.570000,"(datetime.datetime(2026, 9, 29, 15, 49, 7, 528000),)",2a3c600d
408558378,-778452999,3376,0:36:21.650000,"(datetime.datetime(2026, 9, 29, 15, 49, 7, 601000),)",2a3c600d
408560537,-778448931,3417,0:36:21.720000,"(datetime.datetime(2026, 9, 29, 15, 49, 7, 677000),)",2a3c600a
408560633,-778448758,3417,0:36:21.800000,"(datetime.datetime(2026, 9, 29, 15, 49, 7, 756000),)",2a3c600a
408558471,-778452829,3375,0:36:21.870000,"(datetime.datetime(2026, 9, 29, 15, 49, 7, 827000),)",2a3c600d
408560731,-778448576,3416,0:36:21.940000,"(datetime.datetime(2026, 9, 29, 15, 49, 7, 896000),)",2a3c600a
408558561,-778452658,3375,0:36:22.020000,"(datetime.datetime(2026, 9, 29, 15, 49, 7, 974000),)",2a3c600d
408560825,-778448402,3416,0:36:22.080000,"(datetime.datetime(2026, 9, 29, 15, 49, 8, 40000),)",2a3c600a
408558649,-778452480,3375,0:36:22.150000,"(datetime.datetime(2026, 9, 29, 15, 49, 8, 109000),)",2a3c600d
408560921,-778448227,3417,0:36:22.230000,"(datetime.datetime(2026, 9, 29, 15, 49, 8, 185000),)",2a3c600a
408558746,-778452319,3374,0:36:22.300000,"(datetime.datetime(2026, 9, 29, 15, 49, 8, 260000),)",2a3c600d
408561010,-778448048,3416,0:36:22.390000,"(datetime.datetime(2026, 9, 29, 15, 49, 8, 341000),)",2a3c600a
408558835,-778452147,3374,0:36:22.460000,"(datetime.datetime(2026, 9, 29, 15, 49, 8, 415000),)",2a3c600d
408561101,-778447858,3418,0:36:22.530000,"(datetime.datetime(2026, 9, 29, 15, 49, 8, 490000),)",2a3c600a
408558929,-778451977,3374,0:36:22.610000,"(datetime.datetime(2026, 9, 29, 15, 49, 8, 570000),)",2a3c600d
408561196,-778447677,3418,0:36:22.690000,"(datetime.datetime(2026, 9, 29, 15, 49, 8, 645000),)",2a3c600a
408559019,-778451805,3374,0:36:22.760000,"(datetime.datetime(2026, 9, 29, 15, 49, 8, 714000),)",2a3c600d
408559112,-778451638,3374,0:36:22.840000,"(datetime.datetime(2026, 9, 29, 15, 49, 8, 795000),)",2a3c600d
408561291,-778447499,3417,0:36:22.910000,"(datetime.datetime(2026, 9, 29, 15, 49, 8, 868000),)",2a3c600a
408561390,-778447345,3415,0:36:23,"(datetime.datetime(2026, 9, 29, 15, 49, 8, 951000),)",2a3c600a
408559202,-778451467,3374,0:36:23.060000,"(datetime.datetime(2026, 9, 29, 15, 49, 9, 20000),)",2a3c600d
408561488,-778447167,3414,0:36:23.140000,"(datetime.datetime(2026, 9, 29, 15, 49, 9, 94000),)",2a3c600a
408559294,-778451297,3374,0:36:23.210000,"(datetime.datetime(2026, 9, 29, 15, 49, 9, 162000),)",2a3c600d
408561581,-778446984,3413,0:36:23.290000,"(datetime.datetime(2026, 9, 29, 15, 49, 9, 241000),)",2a3c600a
408559388,-778451126,3373,0:36:23.370000,"(datetime.datetime(2026, 9, 29, 15, 49, 9, 325000),)",2a3c600d
408561672,-778446796,3414,0:36:23.430000,"(datetime.datetime(2026, 9, 29, 15, 49, 9, 390000),)",2a3c600a
408559481,-778450953,3374,0:36:23.500000,"(datetime.datetime(2026, 9, 29, 15, 49, 9, 460000),)",2a3c600d
408561770,-778446617,3414,0:36:23.580000,"(datetime.datetime(2026, 9, 29, 15, 49, 9, 538000),)",2a3c600a
408559570,-778450780,3373,0:36:23.660000,"(datetime.datetime(2026, 9, 29, 15, 49, 9, 617000),)",2a3c600d
408561863,-778446442,3413,0:36:23.730000,"(datetime.datetime(2026, 9, 29, 15, 49, 9, 683000),)",2a3c600a
408559662,-778450610,3373,0:36:23.800000,"(datetime.datetime(2026, 9, 29, 15, 49, 9, 758000),)",2a3c600d
408561952,-778446256,3413,0:36:23.870000,"(datetime.datetime(2026, 9, 29, 15, 49, 9, 828000),)",2a3c600a
408559751,-778450439,3373,0:36:23.970000,"(datetime.datetime(2026, 9, 29, 15, 49, 9, 927000),)",2a3c600d
408562044,-778446077,3413,0:36:24.020000,"(datetime.datetime(2026, 9, 29, 15, 49, 9, 980000),)",2a3c600a
408559841,-778450265,3373,0:36:24.090000,"(datetime.datetime(2026, 9, 29, 15, 49, 10, 44000),)",2a3c600d
408559935,-778450091,3372,0:36:24.160000,"(datetime.datetime(2026, 9, 29, 15, 49, 10, 114000),)",2a3c600d
408562136,-778445894,3413,0:36:24.240000,"(datetime.datetime(2026, 9, 29, 15, 49, 10, 191000),)",2a3c600a
408562233,-778445716,3413,0:36:24.320000,"(datetime.datetime(2026, 9, 29, 15, 49, 10, 271000),)",2a3c600a
408560027,-778449917,3372,0:36:24.390000,"(datetime.datetime(2026, 9, 29, 15, 49, 10, 345000),)",2a3c600d
408560120,-778449749,3371,0:36:24.460000,"(datetime.datetime(2026, 9, 29, 15, 49, 10, 411000),)",2a3c600d
408562324,-778445537,3411,0:36:24.530000,"(datetime.datetime(2026, 9, 29, 15, 49, 10, 481000),)",2a3c600a
408560212,-778449577,3371,0:36:24.590000,"(datetime.datetime(2026, 9, 29, 15, 49, 10, 549000),)",2a3c600d
408562415,-778445350,3412,0:36:24.670000,"(datetime.datetime(2026, 9, 29, 15, 49, 10, 624000),)",2a3c600a
408560304,-778449404,3371,0:36:24.740000,"(datetime.datetime(2026, 9, 29, 15, 49, 10, 700000),)",2a3c600d
408562508,-778445171,3411,0:36:24.820000,"(datetime.datetime(2026, 9, 29, 15, 49, 10, 777000),)",2a3c600a
408560395,-778449228,3371,0:36:24.890000,"(datetime.datetime(2026, 9, 29, 15, 49, 10, 842000),)",2a3c600d
408562597,-778444984,3411,0:36:24.970000,"(datetime.datetime(2026, 9, 29, 15, 49, 10, 925000),)",2a3c600a
408560486,-778449051,3370,0:36:25.040000,"(datetime.datetime(2026, 9, 29, 15, 49, 10, 993000),)",2a3c600d
408562687,-778444803,3411,0:36:25.100000,"(datetime.datetime(2026, 9, 29, 15, 49, 11, 56000),)",2a3c600a
408560575,-778448876,3370,0:36:25.180000,"(datetime.datetime(2026, 9, 29, 15, 49, 11, 137000),)",2a3c600d
408562776,-778444622,3410,0:36:25.260000,"(datetime.datetime(2026, 9, 29, 15, 49, 11, 213000),)",2a3c600a
408560667,-778448699,3370,0:36:25.330000,"(datetime.datetime(2026, 9, 29, 15, 49, 11, 283000),)",2a3c600d
408562866,-778444441,3409,0:36:25.400000,"(datetime.datetime(2026, 9, 29, 15, 49, 11, 360000),)",2a3c600a
408560762,-778448528,3370,0:36:25.480000,"(datetime.datetime(2026, 9, 29, 15, 49, 11, 435000),)",2a3c600d
408562958,-778444252,3410,0:36:25.570000,"(datetime.datetime(2026, 9, 29, 15, 49, 11, 523000),)",2a3c600a
408560850,-778448354,3370,0:36:25.650000,"(datetime.datetime(2026, 9, 29, 15, 49, 11, 608000),)",2a3c600d
408563046,-778444075,3409,0:36:25.710000,"(datetime.datetime(2026, 9, 29, 15, 49, 11, 667000),)",2a3c600a
408560945,-778448179,3370,0:36:25.790000,"(datetime.datetime(2026, 9, 29, 15, 49, 11, 743000),)",2a3c600d
408563138,-778443882,3409,0:36:25.860000,"(datetime.datetime(2026, 9, 29, 15, 49, 11, 816000),)",2a3c600a
408561038,-778448002,3369,0:36:25.930000,"(datetime.datetime(2026, 9, 29, 15, 49, 11, 889000),)",2a3c600d
408563232,-778443706,3409,0:36:26.010000,"(datetime.datetime(2026, 9, 29, 15, 49, 11, 962000),)",2a3c600a
408561129,-778447824,3369,0:36:26.080000,"(datetime.datetime(2026, 9, 29, 15, 49, 12, 37000),)",2a3c600d
408563322,-778443518,3408,0:36:26.150000,"(datetime.datetime(2026, 9, 29, 15, 49, 12, 107000),)",2a3c600a
408561222,-778447644,3370,0:36:26.220000,"(datetime.datetime(2026, 9, 29, 15, 49, 12, 177000),)",2a3c600d
408563414,-778443343,3407,0:36:26.300000,"(datetime.datetime(2026, 9, 29, 15, 49, 12, 252000),)",2a3c600a
408561316,-778447473,3369,0:36:26.380000,"(datetime.datetime(2026, 9, 29, 15, 49, 12, 334000),)",2a3c600d
408563505,-778443156,3406,0:36:26.450000,"(datetime.datetime(2026, 9, 29, 15, 49, 12, 405000),)",2a3c600a
408561406,-778447300,3368,0:36:26.520000,"(datetime.datetime(2026, 9, 29, 15, 49, 12, 477000),)",2a3c600d
408563590,-778442968,3406,0:36:26.590000,"(datetime.datetime(2026, 9, 29, 15, 49, 12, 545000),)",2a3c600a
408561497,-778447124,3368,0:36:26.660000,"(datetime.datetime(2026, 9, 29, 15, 49, 12, 619000),)",2a3c600d
408563682,-778442786,3405,0:36:26.730000,"(datetime.datetime(2026, 9, 29, 15, 49, 12, 684000),)",2a3c600a
408561589,-778446944,3368,0:36:26.800000,"(datetime.datetime(2026, 9, 29, 15, 49, 12, 752000),)",2a3c600d
408563769,-778442595,3405,0:36:26.870000,"(datetime.datetime(2026, 9, 29, 15, 49, 12, 825000),)",2a3c600a
408561679,-778446771,3367,0:36:26.940000,"(datetime.datetime(2026, 9, 29, 15, 49, 12, 895000),)",2a3c600d
408563859,-778442413,3405,0:36:27.010000,"(datetime.datetime(2026, 9, 29, 15, 49, 12, 963000),)",2a3c600a
408561769,-778446593,3366,0:36:27.080000,"(datetime.datetime(2026, 9, 29, 15, 49, 13, 35000),)",2a3c600d
408563945,-778442220,3406,0:36:27.150000,"(datetime.datetime(2026, 9, 29, 15, 49, 13, 105000),)",2a3c600a
408564037,-778442033,3405,0:36:27.220000,"(datetime.datetime(2026, 9, 29, 15, 49, 13, 175000),)",2a3c600a
408561853,-778446407,3367,0:36:27.290000,"(datetime.datetime(2026, 9, 29, 15, 49, 13, 245000),)",2a3c600d
408561942,-778446228,3367,0:36:27.360000,"(datetime.datetime(2026, 9, 29, 15, 49, 13, 314000),)",2a3c600d
408564128,-778441845,3404,0:36:27.440000,"(datetime.datetime(2026, 9, 29, 15, 49, 13, 392000),)",2a3c600a
408562035,-778446054,3366,0:36:27.510000,"(datetime.datetime(2026, 9, 29, 15, 49, 13, 465000),)",2a3c600d
408564216,-778441660,3404,0:36:27.580000,"(datetime.datetime(2026, 9, 29, 15, 49, 13, 535000),)",2a3c600a
408562125,-778445870,3366,0:36:27.650000,"(datetime.datetime(2026, 9, 29, 15, 49, 13, 604000),)",2a3c600d
408564307,-778441481,3403,0:36:27.720000,"(datetime.datetime(2026, 9, 29, 15, 49, 13, 674000),)",2a3c600a
408562213,-778445697,3365,0:36:27.790000,"(datetime.datetime(2026, 9, 29, 15, 49, 13, 746000),)",2a3c600d
408564395,-778441299,3403,0:36:27.860000,"(datetime.datetime(2026, 9, 29, 15, 49, 13, 816000),)",2a3c600a
408562304,-778445517,3365,0:36:27.940000,"(datetime.datetime(2026, 9, 29, 15, 49, 13, 894000),)",2a3c600d
408564482,-778441114,3403,0:36:28.200000,"(datetime.datetime(2026, 9, 29, 15, 49, 14, 153000),)",2a3c600a
408562391,-778445333,3364,0:36:28.320000,"(datetime.datetime(2026, 9, 29, 15, 49, 14, 271000),)",2a3c600d
408564571,-778440931,3403,0:36:28.430000,"(datetime.datetime(2026, 9, 29, 15, 49, 14, 386000),)",2a3c600a
408562479,-778445153,3364,0:36:28.600000,"(datetime.datetime(2026, 9, 29, 15, 49, 14, 551000),)",2a3c600d
408564660,-778440748,3402,0:36:28.680000,"(datetime.datetime(2026, 9, 29, 15, 49, 14, 637000),)",2a3c600a
408562569,-778444979,3363,0:36:28.770000,"(datetime.datetime(2026, 9, 29, 15, 49, 14, 722000),)",2a3c600d
408564660,-778440748,3402,0:36:28.920000,"(datetime.datetime(2026, 9, 29, 15, 49, 14, 877000),)",2a3c600a
408562654,-778444792,3363,0:36:29.040000,"(datetime.datetime(2026, 9, 29, 15, 49, 14, 991000),)",2a3c600d
408564745,-778440559,3402,0:36:29.230000,"(datetime.datetime(2026, 9, 29, 15, 49, 15, 181000),)",2a3c600a
408562654,-778444792,3363,0:36:29.280000,"(datetime.datetime(2026, 9, 29, 15, 49, 15, 238000),)",2a3c600d
408564833,-778440379,3401,0:36:29.350000,"(datetime.datetime(2026, 9, 29, 15, 49, 15, 306000),)",2a3c600a
408562742,-778444614,3362,0:36:29.510000,"(datetime.datetime(2026, 9, 29, 15, 49, 15, 466000),)",2a3c600d
408564921,-778440198,3401,0:36:29.660000,"(datetime.datetime(2026, 9, 29, 15, 49, 15, 617000),)",2a3c600a
408562830,-778444429,3363,0:36:29.830000,"(datetime.datetime(2026, 9, 29, 15, 49, 15, 789000),)",2a3c600d
408565012,-778440019,3400,0:36:29.890000,"(datetime.datetime(2026, 9, 29, 15, 49, 15, 844000),)",2a3c600a
408563001,-778444060,3362,0:36:30,"(datetime.datetime(2026, 9, 29, 15, 49, 15, 955000),)",2a3c600d
408565186,-778439655,3399,0:36:30.080000,"(datetime.datetime(2026, 9, 29, 15, 49, 16, 34000),)",2a3c600a
408563001,-778444060,3362,0:36:30.240000,"(datetime.datetime(2026, 9, 29, 15, 49, 16, 197000),)",2a3c600d
408565186,-778439655,3399,0:36:30.290000,"(datetime.datetime(2026, 9, 29, 15, 49, 16, 249000),)",2a3c600a
408565362,-778439294,3398,0:36:30.400000,"(datetime.datetime(2026, 9, 29, 15, 49, 16, 360000),)",2a3c600a
408563178,-778443703,3361,0:36:30.570000,"(datetime.datetime(2026, 9, 29, 15, 49, 16, 524000),)",2a3c600d
408565362,-778439294,3398,0:36:30.750000,"(datetime.datetime(2026, 9, 29, 15, 49, 16, 702000),)",2a3c600a
408563178,-778443703,3361,0:36:30.810000,"(datetime.datetime(2026, 9, 29, 15, 49, 16, 762000),)",2a3c600d
408565447,-778439107,3399,0:36:30.900000,"(datetime.datetime(2026, 9, 29, 15, 49, 16, 852000),)",2a3c600a
408563262,-778443514,3361,0:36:30.990000,"(datetime.datetime(2026, 9, 29, 15, 49, 16, 941000),)",2a3c600d
408565534,-778438930,3398,0:36:31.040000,"(datetime.datetime(2026, 9, 29, 15, 49, 16, 998000),)",2a3c600a
408563437,-778443152,3359,0:36:31.120000,"(datetime.datetime(2026, 9, 29, 15, 49, 17, 71000),)",2a3c600d
408565618,-778438746,3398,0:36:31.190000,"(datetime.datetime(2026, 9, 29, 15, 49, 17, 142000),)",2a3c600a
408563437,-778443152,3359,0:36:31.260000,"(datetime.datetime(2026, 9, 29, 15, 49, 17, 218000),)",2a3c600d
408565702,-778438564,3398,0:36:31.340000,"(datetime.datetime(2026, 9, 29, 15, 49, 17, 291000),)",2a3c600a
408563520,-778442963,3360,0:36:31.410000,"(datetime.datetime(2026, 9, 29, 15, 49, 17, 366000),)",2a3c600d
408565788,-778438385,3398,0:36:31.490000,"(datetime.datetime(2026, 9, 29, 15, 49, 17, 449000),)",2a3c600a
408563605,-778442778,3359,0:36:31.550000,"(datetime.datetime(2026, 9, 29, 15, 49, 17, 510000),)",2a3c600d
408565875,-778438205,3397,0:36:31.630000,"(datetime.datetime(2026, 9, 29, 15, 49, 17, 587000),)",2a3c600a
408563696,-778442602,3359,0:36:31.710000,"(datetime.datetime(2026, 9, 29, 15, 49, 17, 667000),)",2a3c600d
408565964,-778438028,3396,0:36:31.780000,"(datetime.datetime(2026, 9, 29, 15, 49, 17, 733000),)",2a3c600a
408563786,-778442414,3358,0:36:31.850000,"(datetime.datetime(2026, 9, 29, 15, 49, 17, 806000),)",2a3c600d
408566049,-778437846,3396,0:36:31.930000,"(datetime.datetime(2026, 9, 29, 15, 49, 17, 880000),)",2a3c600a
408563871,-778442229,3358,0:36:32,"(datetime.datetime(2026, 9, 29, 15, 49, 17, 954000),)",2a3c600d
408566132,-778437668,3396,0:36:32.070000,"(datetime.datetime(2026, 9, 29, 15, 49, 18, 27000),)",2a3c600a
408563954,-778442043,3358,0:36:32.160000,"(datetime.datetime(2026, 9, 29, 15, 49, 18, 113000),)",2a3c600d
408566220,-778437487,3396,0:36:32.230000,"(datetime.datetime(2026, 9, 29, 15, 49, 18, 183000),)",2a3c600a
408564043,-778441858,3358,0:36:32.300000,"(datetime.datetime(2026, 9, 29, 15, 49, 18, 260000),)",2a3c600d
408566302,-778437309,3395,0:36:32.380000,"(datetime.datetime(2026, 9, 29, 15, 49, 18, 340000),)",2a3c600a
408564220,-778441494,3357,0:36:32.450000,"(datetime.datetime(2026, 9, 29, 15, 49, 18, 405000),)",2a3c600d
408566389,-778437125,3395,0:36:32.530000,"(datetime.datetime(2026, 9, 29, 15, 49, 18, 482000),)",2a3c600a
408564306,-778441307,3357,0:36:32.610000,"(datetime.datetime(2026, 9, 29, 15, 49, 18, 565000),)",2a3c600d
408566473,-778436949,3394,0:36:32.680000,"(datetime.datetime(2026, 9, 29, 15, 49, 18, 634000),)",2a3c600a
408564394,-778441125,3356,0:36:32.760000,"(datetime.datetime(2026, 9, 29, 15, 49, 18, 716000),)",2a3c600d
408566558,-778436770,3393,0:36:32.830000,"(datetime.datetime(2026, 9, 29, 15, 49, 18, 789000),)",2a3c600a
408564480,-778440939,3356,0:36:32.910000,"(datetime.datetime(2026, 9, 29, 15, 49, 18, 866000),)",2a3c600d
408566642,-778436588,3394,0:36:32.990000,"(datetime.datetime(2026, 9, 29, 15, 49, 18, 943000),)",2a3c600a
408564571,-778440755,3355,0:36:33.060000,"(datetime.datetime(2026, 9, 29, 15, 49, 19, 15000),)",2a3c600d
408566725,-778436408,3393,0:36:33.140000,"(datetime.datetime(2026, 9, 29, 15, 49, 19, 99000),)",2a3c600a
408564658,-778440568,3355,0:36:33.200000,"(datetime.datetime(2026, 9, 29, 15, 49, 19, 159000),)",2a3c600d
408566807,-778436229,3392,0:36:33.270000,"(datetime.datetime(2026, 9, 29, 15, 49, 19, 227000),)",2a3c600a
408564746,-778440384,3354,0:36:33.350000,"(datetime.datetime(2026, 9, 29, 15, 49, 19, 305000),)",2a3c600d
408566891,-778436048,3392,0:36:33.430000,"(datetime.datetime(2026, 9, 29, 15, 49, 19, 381000),)",2a3c600a
408564833,-778440197,3354,0:36:33.500000,"(datetime.datetime(2026, 9, 29, 15, 49, 19, 457000),)",2a3c600d
408566973,-778435868,3391,0:36:33.570000,"(datetime.datetime(2026, 9, 29, 15, 49, 19, 524000),)",2a3c600a
408564918,-778440008,3354,0:36:33.640000,"(datetime.datetime(2026, 9, 29, 15, 49, 19, 597000),)",2a3c600d
408567058,-778435693,3391,0:36:33.710000,"(datetime.datetime(2026, 9, 29, 15, 49, 19, 667000),)",2a3c600a
408565011,-778439828,3354,0:36:33.790000,"(datetime.datetime(2026, 9, 29, 15, 49, 19, 747000),)",2a3c600d
408567141,-778435512,3391,0:36:33.860000,"(datetime.datetime(2026, 9, 29, 15, 49, 19, 815000),)",2a3c600a
408565097,-778439643,3353,0:36:33.930000,"(datetime.datetime(2026, 9, 29, 15, 49, 19, 890000),)",2a3c600d
408565184,-778439455,3353,0:36:34.010000,"(datetime.datetime(2026, 9, 29, 15, 49, 19, 962000),)",2a3c600d
408567222,-778435333,3391,0:36:34.080000,"(datetime.datetime(2026, 9, 29, 15, 49, 20, 34000),)",2a3c600a
408567305,-778435158,3391,0:36:34.150000,"(datetime.datetime(2026, 9, 29, 15, 49, 20, 107000),)",2a3c600a
408565271,-778439265,3353,0:36:34.230000,"(datetime.datetime(2026, 9, 29, 15, 49, 20, 181000),)",2a3c600d
408567389,-778434977,3390,0:36:34.300000,"(datetime.datetime(2026, 9, 29, 15, 49, 20, 257000),)",2a3c600a
408565271,-778439265,3353,0:36:34.370000,"(datetime.datetime(2026, 9, 29, 15, 49, 20, 328000),)",2a3c600d
408567474,-778434801,3390,0:36:34.450000,"(datetime.datetime(2026, 9, 29, 15, 49, 20, 402000),)",2a3c600a
408565355,-778439080,3352,0:36:34.540000,"(datetime.datetime(2026, 9, 29, 15, 49, 20, 493000),)",2a3c600d
408567555,-778434626,3390,0:36:34.600000,"(datetime.datetime(2026, 9, 29, 15, 49, 20, 555000),)",2a3c600a
408565446,-778438894,3352,0:36:34.670000,"(datetime.datetime(2026, 9, 29, 15, 49, 20, 627000),)",2a3c600d
408567639,-778434447,3389,0:36:34.750000,"(datetime.datetime(2026, 9, 29, 15, 49, 20, 701000),)",2a3c600a
408565534,-778438706,3352,0:36:34.820000,"(datetime.datetime(2026, 9, 29, 15, 49, 20, 779000),)",2a3c600d
408567721,-778434269,3389,0:36:34.900000,"(datetime.datetime(2026, 9, 29, 15, 49, 20, 856000),)",2a3c600a
408565620,-778438522,3351,0:36:34.970000,"(datetime.datetime(2026, 9, 29, 15, 49, 20, 930000),)",2a3c600d
408567804,-778434091,3389,0:36:35.070000,"(datetime.datetime(2026, 9, 29, 15, 49, 21, 29000),)",2a3c600a
408565708,-778438333,3351,0:36:35.130000,"(datetime.datetime(2026, 9, 29, 15, 49, 21, 81000),)",2a3c600d
408567884,-778433915,3388,0:36:35.230000,"(datetime.datetime(2026, 9, 29, 15, 49, 21, 187000),)",2a3c600a
408565797,-778438149,3350,0:36:35.270000,"(datetime.datetime(2026, 9, 29, 15, 49, 21, 226000),)",2a3c600d
408567965,-778433740,3388,0:36:35.340000,"(datetime.datetime(2026, 9, 29, 15, 49, 21, 295000),)",2a3c600a
408565882,-778437959,3351,0:36:35.420000,"(datetime.datetime(2026, 9, 29, 15, 49, 21, 373000),)",2a3c600d
408568046,-778433562,3388,0:36:35.490000,"(datetime.datetime(2026, 9, 29, 15, 49, 21, 444000),)",2a3c600a
408565972,-778437772,3351,0:36:35.560000,"(datetime.datetime(2026, 9, 29, 15, 49, 21, 514000),)",2a3c600d
408568129,-778433386,3388,0:36:35.630000,"(datetime.datetime(2026, 9, 29, 15, 49, 21, 588000),)",2a3c600a
408566058,-778437582,3351,0:36:35.700000,"(datetime.datetime(2026, 9, 29, 15, 49, 21, 659000),)",2a3c600d
408568208,-778433208,3388,0:36:35.770000,"(datetime.datetime(2026, 9, 29, 15, 49, 21, 729000),)",2a3c600a
408566148,-778437396,3350,0:36:35.850000,"(datetime.datetime(2026, 9, 29, 15, 49, 21, 807000),)",2a3c600d
408568291,-778433033,3387,0:36:35.930000,"(datetime.datetime(2026, 9, 29, 15, 49, 21, 882000),)",2a3c600a
408566232,-778437206,3350,0:36:35.990000,"(datetime.datetime(2026, 9, 29, 15, 49, 21, 949000),)",2a3c600d
408568375,-778432850,3387,0:36:36.060000,"(datetime.datetime(2026, 9, 29, 15, 49, 22, 18000),)",2a3c600a
408566322,-778437024,3349,0:36:36.130000,"(datetime.datetime(2026, 9, 29, 15, 49, 22, 89000),)",2a3c600d
408568457,-778432676,3387,0:36:36.220000,"(datetime.datetime(2026, 9, 29, 15, 49, 22, 176000),)",2a3c600a
408566409,-778436833,3348,0:36:36.290000,"(datetime.datetime(2026, 9, 29, 15, 49, 22, 242000),)",2a3c600d
408568539,-778432499,3387,0:36:36.360000,"(datetime.datetime(2026, 9, 29, 15, 49, 22, 313000),)",2a3c600a
408566498,-778436644,3348,0:36:36.430000,"(datetime.datetime(2026, 9, 29, 15, 49, 22, 384000),)",2a3c600d
408568620,-778432325,3387,0:36:36.510000,"(datetime.datetime(2026, 9, 29, 15, 49, 22, 460000),)",2a3c600a
408566586,-778436453,3347,0:36:36.580000,"(datetime.datetime(2026, 9, 29, 15, 49, 22, 536000),)",2a3c600d
408568701,-778432149,3386,0:36:36.660000,"(datetime.datetime(2026, 9, 29, 15, 49, 22, 613000),)",2a3c600a
408566672,-778436264,3347,0:36:36.730000,"(datetime.datetime(2026, 9, 29, 15, 49, 22, 685000),)",2a3c600d
408568785,-778431972,3386,0:36:36.800000,"(datetime.datetime(2026, 9, 29, 15, 49, 22, 756000),)",2a3c600a
408566761,-778436075,3346,0:36:36.870000,"(datetime.datetime(2026, 9, 29, 15, 49, 22, 824000),)",2a3c600d
408568867,-778431792,3385,0:36:36.950000,"(datetime.datetime(2026, 9, 29, 15, 49, 22, 905000),)",2a3c600a
408566852,-778435892,3345,0:36:37.020000,"(datetime.datetime(2026, 9, 29, 15, 49, 22, 978000),)",2a3c600d
408568949,-778431617,3385,0:36:37.090000,"(datetime.datetime(2026, 9, 29, 15, 49, 23, 49000),)",2a3c600a
408566938,-778435698,3345,0:36:37.170000,"(datetime.datetime(2026, 9, 29, 15, 49, 23, 128000),)",2a3c600d
408569032,-778431440,3385,0:36:37.250000,"(datetime.datetime(2026, 9, 29, 15, 49, 23, 202000),)",2a3c600a
408567029,-778435512,3345,0:36:37.330000,"(datetime.datetime(2026, 9, 29, 15, 49, 23, 282000),)",2a3c600d
408569113,-778431263,3385,0:36:37.400000,"(datetime.datetime(2026, 9, 29, 15, 49, 23, 355000),)",2a3c600a
408567117,-778435319,3345,0:36:37.470000,"(datetime.datetime(2026, 9, 29, 15, 49, 23, 422000),)",2a3c600d
408569200,-778431088,3384,0:36:37.540000,"(datetime.datetime(2026, 9, 29, 15, 49, 23, 494000),)",2a3c600a
408567209,-778435130,3344,0:36:37.610000,"(datetime.datetime(2026, 9, 29, 15, 49, 23, 566000),)",2a3c600d
408569283,-778430913,3383,0:36:37.690000,"(datetime.datetime(2026, 9, 29, 15, 49, 23, 641000),)",2a3c600a
408567297,-778434943,3344,0:36:37.760000,"(datetime.datetime(2026, 9, 29, 15, 49, 23, 717000),)",2a3c600d
408569365,-778430736,3384,0:36:37.830000,"(datetime.datetime(2026, 9, 29, 15, 49, 23, 780000),)",2a3c600a
408567386,-778434752,3344,0:36:37.900000,"(datetime.datetime(2026, 9, 29, 15, 49, 23, 852000),)",2a3c600d
408569448,-778430562,3383,0:36:37.990000,"(datetime.datetime(2026, 9, 29, 15, 49, 23, 943000),)",2a3c600a
408567476,-778434563,3344,0:36:38.050000,"(datetime.datetime(2026, 9, 29, 15, 49, 24, 9000),)",2a3c600d
408569532,-778430383,3383,0:36:38.120000,"(datetime.datetime(2026, 9, 29, 15, 49, 24, 74000),)",2a3c600a
408567566,-778434376,3343,0:36:38.190000,"(datetime.datetime(2026, 9, 29, 15, 49, 24, 150000),)",2a3c600d
408569615,-778430208,3383,0:36:38.280000,"(datetime.datetime(2026, 9, 29, 15, 49, 24, 235000),)",2a3c600a
408567656,-778434181,3343,0:36:38.360000,"(datetime.datetime(2026, 9, 29, 15, 49, 24, 318000),)",2a3c600d
408569698,-778430030,3383,0:36:38.440000,"(datetime.datetime(2026, 9, 29, 15, 49, 24, 395000),)",2a3c600a
408567745,-778433994,3343,0:36:38.510000,"(datetime.datetime(2026, 9, 29, 15, 49, 24, 463000),)",2a3c600d
408569782,-778429852,3382,0:36:38.590000,"(datetime.datetime(2026, 9, 29, 15, 49, 24, 547000),)",2a3c600a
408567835,-778433806,3342,0:36:38.670000,"(datetime.datetime(2026, 9, 29, 15, 49, 24, 621000),)",2a3c600d
408569867,-778429675,3382,0:36:38.750000,"(datetime.datetime(2026, 9, 29, 15, 49, 24, 702000),)",2a3c600a
408567924,-778433612,3342,0:36:38.820000,"(datetime.datetime(2026, 9, 29, 15, 49, 24, 778000),)",2a3c600d
408569948,-778429498,3382,0:36:38.900000,"(datetime.datetime(2026, 9, 29, 15, 49, 24, 850000),)",2a3c600a
408568016,-778433425,3342,0:36:38.990000,"(datetime.datetime(2026, 9, 29, 15, 49, 24, 943000),)",2a3c600d
408570034,-778429319,3381,0:36:39.040000,"(datetime.datetime(2026, 9, 29, 15, 49, 24, 992000),)",2a3c600a
408568104,-778433237,3342,0:36:39.110000,"(datetime.datetime(2026, 9, 29, 15, 49, 25, 70000),)",2a3c600d
408570117,-778429141,3381,0:36:39.190000,"(datetime.datetime(2026, 9, 29, 15, 49, 25, 146000),)",2a3c600a
408568195,-778433044,3342,0:36:39.260000,"(datetime.datetime(2026, 9, 29, 15, 49, 25, 218000),)",2a3c600d
408570202,-778428966,3380,0:36:39.340000,"(datetime.datetime(2026, 9, 29, 15, 49, 25, 298000),)",2a3c600a
408568285,-778432856,3341,0:36:39.410000,"(datetime.datetime(2026, 9, 29, 15, 49, 25, 370000),)",2a3c600d
408570285,-778428787,3380,0:36:39.490000,"(datetime.datetime(2026, 9, 29, 15, 49, 25, 442000),)",2a3c600a
408568377,-778432667,3341,0:36:39.560000,"(datetime.datetime(2026, 9, 29, 15, 49, 25, 518000),)",2a3c600d
408570367,-778428610,3380,0:36:39.640000,"(datetime.datetime(2026, 9, 29, 15, 49, 25, 597000),)",2a3c600a
408568463,-778432473,3341,0:36:39.720000,"(datetime.datetime(2026, 9, 29, 15, 49, 25, 673000),)",2a3c600d
408570451,-778428431,3379,0:36:39.790000,"(datetime.datetime(2026, 9, 29, 15, 49, 25, 744000),)",2a3c600a
408568555,-778432287,3341,0:36:39.860000,"(datetime.datetime(2026, 9, 29, 15, 49, 25, 817000),)",2a3c600d
408570535,-778428253,3379,0:36:39.940000,"(datetime.datetime(2026, 9, 29, 15, 49, 25, 892000),)",2a3c600a
408568644,-778432094,3340,0:36:40.030000,"(datetime.datetime(2026, 9, 29, 15, 49, 25, 982000),)",2a3c600d
408570702,-778427893,3379,0:36:40.080000,"(datetime.datetime(2026, 9, 29, 15, 49, 26, 38000),)",2a3c600a
408568736,-778431906,3340,0:36:40.150000,"(datetime.datetime(2026, 9, 29, 15, 49, 26, 110000),)",2a3c600d
408570702,-778427893,3379,0:36:40.230000,"(datetime.datetime(2026, 9, 29, 15, 49, 26, 187000),)",2a3c600a
408568824,-778431714,3340,0:36:40.300000,"(datetime.datetime(2026, 9, 29, 15, 49, 26, 257000),)",2a3c600d
408570783,-778427717,3378,0:36:40.360000,"(datetime.datetime(2026, 9, 29, 15, 49, 26, 319000),)",2a3c600a
408568913,-778431529,3339,0:36:40.450000,"(datetime.datetime(2026, 9, 29, 15, 49, 26, 401000),)",2a3c600d
408570870,-778427537,3378,0:36:40.510000,"(datetime.datetime(2026, 9, 29, 15, 49, 26, 468000),)",2a3c600a
408569001,-778431336,3339,0:36:40.600000,"(datetime.datetime(2026, 9, 29, 15, 49, 26, 550000),)",2a3c600d
408570955,-778427356,3378,0:36:40.680000,"(datetime.datetime(2026, 9, 29, 15, 49, 26, 635000),)",2a3c600a
408569091,-778431144,3339,0:36:40.740000,"(datetime.datetime(2026, 9, 29, 15, 49, 26, 697000),)",2a3c600d
408571040,-778427175,3378,0:36:40.820000,"(datetime.datetime(2026, 9, 29, 15, 49, 26, 774000),)",2a3c600a
408569178,-778430958,3339,0:36:40.880000,"(datetime.datetime(2026, 9, 29, 15, 49, 26, 838000),)",2a3c600d
408571121,-778426999,3378,0:36:40.960000,"(datetime.datetime(2026, 9, 29, 15, 49, 26, 913000),)",2a3c600a
408569270,-778430765,3339,0:36:41.030000,"(datetime.datetime(2026, 9, 29, 15, 49, 26, 984000),)",2a3c600d
408571287,-778426637,3378,0:36:41.100000,"(datetime.datetime(2026, 9, 29, 15, 49, 27, 54000),)",2a3c600a
408569359,-778430580,3338,0:36:41.170000,"(datetime.datetime(2026, 9, 29, 15, 49, 27, 125000),)",2a3c600d
408571369,-778426456,3378,0:36:41.240000,"(datetime.datetime(2026, 9, 29, 15, 49, 27, 194000),)",2a3c600a
408569449,-778430393,3338,0:36:41.310000,"(datetime.datetime(2026, 9, 29, 15, 49, 27, 265000),)",2a3c600d
408571369,-778426456,3378,0:36:41.380000,"(datetime.datetime(2026, 9, 29, 15, 49, 27, 336000),)",2a3c600a
408569539,-778430201,3338,0:36:41.460000,"(datetime.datetime(2026, 9, 29, 15, 49, 27, 413000),)",2a3c600d
408571453,-778426275,3378,0:36:41.530000,"(datetime.datetime(2026, 9, 29, 15, 49, 27, 486000),)",2a3c600a
408569626,-778430013,3338,0:36:41.600000,"(datetime.datetime(2026, 9, 29, 15, 49, 27, 556000),)",2a3c600d
408571534,-778426097,3377,0:36:41.680000,"(datetime.datetime(2026, 9, 29, 15, 49, 27, 633000),)",2a3c600a
408569715,-778429825,3337,0:36:41.760000,"(datetime.datetime(2026, 9, 29, 15, 49, 27, 714000),)",2a3c600d
408571617,-778425913,3378,0:36:41.830000,"(datetime.datetime(2026, 9, 29, 15, 49, 27, 785000),)",2a3c600a
408569807,-778429637,3336,0:36:41.910000,"(datetime.datetime(2026, 9, 29, 15, 49, 27, 862000),)",2a3c600d
408571699,-778425734,3377,0:36:42.020000,"(datetime.datetime(2026, 9, 29, 15, 49, 27, 972000),)",2a3c600a
408569895,-778429451,3336,0:36:42.060000,"(datetime.datetime(2026, 9, 29, 15, 49, 28, 12000),)",2a3c600d
408571780,-778425554,3377,0:36:42.130000,"(datetime.datetime(2026, 9, 29, 15, 49, 28, 87000),)",2a3c600a
408569984,-778429262,3335,0:36:42.200000,"(datetime.datetime(2026, 9, 29, 15, 49, 28, 156000),)",2a3c600d
408571864,-778425368,3377,0:36:42.290000,"(datetime.datetime(2026, 9, 29, 15, 49, 28, 245000),)",2a3c600a
408570072,-778429073,3335,0:36:42.350000,"(datetime.datetime(2026, 9, 29, 15, 49, 28, 308000),)",2a3c600d
408571947,-778425189,3376,0:36:42.430000,"(datetime.datetime(2026, 9, 29, 15, 49, 28, 380000),)",2a3c600a
408570159,-778428881,3335,0:36:42.500000,"(datetime.datetime(2026, 9, 29, 15, 49, 28, 451000),)",2a3c600d
408572030,-778425009,3376,0:36:42.570000,"(datetime.datetime(2026, 9, 29, 15, 49, 28, 523000),)",2a3c600a
408570247,-778428689,3334,0:36:42.640000,"(datetime.datetime(2026, 9, 29, 15, 49, 28, 597000),)",2a3c600d
408572112,-778424826,3376,0:36:42.710000,"(datetime.datetime(2026, 9, 29, 15, 49, 28, 669000),)",2a3c600a
408570337,-778428503,3334,0:36:42.780000,"(datetime.datetime(2026, 9, 29, 15, 49, 28, 740000),)",2a3c600d
408572196,-778424645,3375,0:36:42.850000,"(datetime.datetime(2026, 9, 29, 15, 49, 28, 809000),)",2a3c600a
408570425,-778428311,3333,0:36:42.930000,"(datetime.datetime(2026, 9, 29, 15, 49, 28, 881000),)",2a3c600d
408572277,-778424467,3374,0:36:43.270000,"(datetime.datetime(2026, 9, 29, 15, 49, 29, 222000),)",2a3c600a
408570515,-778428121,3334,0:36:43.430000,"(datetime.datetime(2026, 9, 29, 15, 49, 29, 384000),)",2a3c600d
408572360,-778424279,3375,0:36:43.510000,"(datetime.datetime(2026, 9, 29, 15, 49, 29, 467000),)",2a3c600a
408570603,-778427935,3333,0:36:43.710000,"(datetime.datetime(2026, 9, 29, 15, 49, 29, 663000),)",2a3c600d
408572443,-778424102,3374,0:36:43.860000,"(datetime.datetime(2026, 9, 29, 15, 49, 29, 812000),)",2a3c600a
408570692,-778427741,3333,0:36:43.920000,"(datetime.datetime(2026, 9, 29, 15, 49, 29, 878000),)",2a3c600d
408572525,-778423920,3373,0:36:44.090000,"(datetime.datetime(2026, 9, 29, 15, 49, 30, 40000),)",2a3c600a
408570779,-778427554,3333,0:36:44.230000,"(datetime.datetime(2026, 9, 29, 15, 49, 30, 184000),)",2a3c600d
408572608,-778423742,3373,0:36:44.410000,"(datetime.datetime(2026, 9, 29, 15, 49, 30, 363000),)",2a3c600a
408570869,-778427364,3332,0:36:44.580000,"(datetime.datetime(2026, 9, 29, 15, 49, 30, 534000),)",2a3c600d
408572688,-778423555,3373,0:36:44.630000,"(datetime.datetime(2026, 9, 29, 15, 49, 30, 585000),)",2a3c600a
408570956,-778427176,3332,0:36:44.720000,"(datetime.datetime(2026, 9, 29, 15, 49, 30, 677000),)",2a3c600d
408572771,-778423375,3373,0:36:44.910000,"(datetime.datetime(2026, 9, 29, 15, 49, 30, 866000),)",2a3c600a
408571046,-778426982,3332,0:36:45.110000,"(datetime.datetime(2026, 9, 29, 15, 49, 31, 66000),)",2a3c600d
408572855,-778423197,3373,0:36:45.230000,"(datetime.datetime(2026, 9, 29, 15, 49, 31, 187000),)",2a3c600a
408571131,-778426788,3333,0:36:45.400000,"(datetime.datetime(2026, 9, 29, 15, 49, 31, 358000),)",2a3c600d
408572934,-778423010,3373,0:36:45.480000,"(datetime.datetime(2026, 9, 29, 15, 49, 31, 440000),)",2a3c600a
408571219,-778426599,3332,0:36:45.560000,"(datetime.datetime(2026, 9, 29, 15, 49, 31, 517000),)",2a3c600d
408573020,-778422833,3373,0:36:45.640000,"(datetime.datetime(2026, 9, 29, 15, 49, 31, 597000),)",2a3c600a
408571305,-778426406,3332,0:36:45.710000,"(datetime.datetime(2026, 9, 29, 15, 49, 31, 663000),)",2a3c600d
408573103,-778422647,3373,0:36:45.790000,"(datetime.datetime(2026, 9, 29, 15, 49, 31, 748000),)",2a3c600a
408571394,-778426212,3332,0:36:45.850000,"(datetime.datetime(2026, 9, 29, 15, 49, 31, 810000),)",2a3c600d
408573186,-778422467,3372,0:36:45.930000,"(datetime.datetime(2026, 9, 29, 15, 49, 31, 887000),)",2a3c600a
408571481,-778426022,3332,0:36:46.020000,"(datetime.datetime(2026, 9, 29, 15, 49, 31, 980000),)",2a3c600d
408573268,-778422284,3372,0:36:46.100000,"(datetime.datetime(2026, 9, 29, 15, 49, 32, 57000),)",2a3c600a
408571567,-778425829,3332,0:36:46.170000,"(datetime.datetime(2026, 9, 29, 15, 49, 32, 130000),)",2a3c600d
408573348,-778422104,3372,0:36:46.240000,"(datetime.datetime(2026, 9, 29, 15, 49, 32, 194000),)",2a3c600a
408571656,-778425640,3331,0:36:46.310000,"(datetime.datetime(2026, 9, 29, 15, 49, 32, 267000),)",2a3c600d
408573432,-778421925,3372,0:36:46.380000,"(datetime.datetime(2026, 9, 29, 15, 49, 32, 339000),)",2a3c600a
408571742,-778425448,3331,0:36:46.460000,"(datetime.datetime(2026, 9, 29, 15, 49, 32, 414000),)",2a3c600d
408573517,-778421743,3372,0:36:46.530000,"(datetime.datetime(2026, 9, 29, 15, 49, 32, 487000),)",2a3c600a
408571828,-778425256,3331,0:36:46.600000,"(datetime.datetime(2026, 9, 29, 15, 49, 32, 560000),)",2a3c600d
408573602,-778421560,3371,0:36:46.690000,"(datetime.datetime(2026, 9, 29, 15, 49, 32, 640000),)",2a3c600a
408571916,-778425070,3330,0:36:46.760000,"(datetime.datetime(2026, 9, 29, 15, 49, 32, 713000),)",2a3c600d
408573685,-778421376,3372,0:36:46.840000,"(datetime.datetime(2026, 9, 29, 15, 49, 32, 792000),)",2a3c600a
408572003,-778424874,3331,0:36:46.920000,"(datetime.datetime(2026, 9, 29, 15, 49, 32, 872000),)",2a3c600d
408573765,-778421197,3372,0:36:47.020000,"(datetime.datetime(2026, 9, 29, 15, 49, 32, 970000),)",2a3c600a
408572088,-778424683,3330,0:36:47.060000,"(datetime.datetime(2026, 9, 29, 15, 49, 33, 15000),)",2a3c600d
408573848,-778421018,3372,0:36:47.130000,"(datetime.datetime(2026, 9, 29, 15, 49, 33, 85000),)",2a3c600a
408572177,-778424492,3330,0:36:47.200000,"(datetime.datetime(2026, 9, 29, 15, 49, 33, 155000),)",2a3c600d
408573931,-778420835,3372,0:36:47.270000,"(datetime.datetime(2026, 9, 29, 15, 49, 33, 226000),)",2a3c600a
408572266,-778424303,3329,0:36:47.350000,"(datetime.datetime(2026, 9, 29, 15, 49, 33, 305000),)",2a3c600d
408574019,-778420657,3372,0:36:47.420000,"(datetime.datetime(2026, 9, 29, 15, 49, 33, 375000),)",2a3c600a
408572351,-778424113,3329,0:36:47.490000,"(datetime.datetime(2026, 9, 29, 15, 49, 33, 448000),)",2a3c600d
408574101,-778420478,3372,0:36:47.570000,"(datetime.datetime(2026, 9, 29, 15, 49, 33, 520000),)",2a3c600a
408572438,-778423923,3329,0:36:47.640000,"(datetime.datetime(2026, 9, 29, 15, 49, 33, 598000),)",2a3c600d
408574190,-778420303,3371,0:36:47.720000,"(datetime.datetime(2026, 9, 29, 15, 49, 33, 671000),)",2a3c600a
408572527,-778423734,3329,0:36:47.790000,"(datetime.datetime(2026, 9, 29, 15, 49, 33, 741000),)",2a3c600d
408574274,-778420121,3372,0:36:47.860000,"(datetime.datetime(2026, 9, 29, 15, 49, 33, 816000),)",2a3c600a
408572613,-778423543,3329,0:36:47.940000,"(datetime.datetime(2026, 9, 29, 15, 49, 33, 895000),)",2a3c600d
408574355,-778419938,3372,0:36:48.020000,"(datetime.datetime(2026, 9, 29, 15, 49, 33, 973000),)",2a3c600a
408572703,-778423356,3329,0:36:48.090000,"(datetime.datetime(2026, 9, 29, 15, 49, 34, 49000),)",2a3c600d
408574441,-778419763,3371,0:36:48.170000,"(datetime.datetime(2026, 9, 29, 15, 49, 34, 130000),)",2a3c600a
408572790,-778423168,3329,0:36:48.240000,"(datetime.datetime(2026, 9, 29, 15, 49, 34, 199000),)",2a3c600d
408574526,-778419581,3372,0:36:48.320000,"(datetime.datetime(2026, 9, 29, 15, 49, 34, 272000),)",2a3c600a
408572875,-778422981,3329,0:36:48.400000,"(datetime.datetime(2026, 9, 29, 15, 49, 34, 352000),)",2a3c600d
408574608,-778419403,3371,0:36:48.480000,"(datetime.datetime(2026, 9, 29, 15, 49, 34, 436000),)",2a3c600a
408572966,-778422794,3328,0:36:48.540000,"(datetime.datetime(2026, 9, 29, 15, 49, 34, 498000),)",2a3c600d
408573052,-778422604,3328,0:36:48.620000,"(datetime.datetime(2026, 9, 29, 15, 49, 34, 576000),)",2a3c600d
408574693,-778419224,3371,0:36:48.690000,"(datetime.datetime(2026, 9, 29, 15, 49, 34, 645000),)",2a3c600a
408573137,-778422414,3328,0:36:48.760000,"(datetime.datetime(2026, 9, 29, 15, 49, 34, 719000),)",2a3c600d
408574776,-778419048,3371,0:36:48.840000,"(datetime.datetime(2026, 9, 29, 15, 49, 34, 797000),)",2a3c600a
408573225,-778422226,3328,0:36:48.920000,"(datetime.datetime(2026, 9, 29, 15, 49, 34, 873000),)",2a3c600d
408574860,-778418866,3371,0:36:49.030000,"(datetime.datetime(2026, 9, 29, 15, 49, 34, 985000),)",2a3c600a
408573313,-778422035,3329,0:36:49.070000,"(datetime.datetime(2026, 9, 29, 15, 49, 35, 22000),)",2a3c600d
408574943,-778418686,3371,0:36:49.140000,"(datetime.datetime(2026, 9, 29, 15, 49, 35, 98000),)",2a3c600a
408573399,-778421850,3329,0:36:49.220000,"(datetime.datetime(2026, 9, 29, 15, 49, 35, 176000),)",2a3c600d
408575028,-778418508,3371,0:36:49.290000,"(datetime.datetime(2026, 9, 29, 15, 49, 35, 246000),)",2a3c600a
408573486,-778421661,3329,0:36:49.360000,"(datetime.datetime(2026, 9, 29, 15, 49, 35, 317000),)",2a3c600d
408575112,-778418333,3371,0:36:49.430000,"(datetime.datetime(2026, 9, 29, 15, 49, 35, 389000),)",2a3c600a
408573577,-778421473,3329,0:36:49.500000,"(datetime.datetime(2026, 9, 29, 15, 49, 35, 460000),)",2a3c600d
408575196,-778418155,3370,0:36:49.580000,"(datetime.datetime(2026, 9, 29, 15, 49, 35, 540000),)",2a3c600a
408573665,-778421286,3328,0:36:49.660000,"(datetime.datetime(2026, 9, 29, 15, 49, 35, 613000),)",2a3c600d
408575279,-778417976,3370,0:36:49.740000,"(datetime.datetime(2026, 9, 29, 15, 49, 35, 695000),)",2a3c600a
408573751,-778421101,3329,0:36:49.810000,"(datetime.datetime(2026, 9, 29, 15, 49, 35, 765000),)",2a3c600d
408575361,-778417793,3371,0:36:49.890000,"(datetime.datetime(2026, 9, 29, 15, 49, 35, 843000),)",2a3c600a
408575445,-778417615,3371,0:36:49.960000,"(datetime.datetime(2026, 9, 29, 15, 49, 35, 915000),)",2a3c600a
408573838,-778420915,3328,0:36:50.040000,"(datetime.datetime(2026, 9, 29, 15, 49, 35, 992000),)",2a3c600d
408573927,-778420725,3328,0:36:50.110000,"(datetime.datetime(2026, 9, 29, 15, 49, 36, 62000),)",2a3c600d
408575527,-778417436,3371,0:36:50.180000,"(datetime.datetime(2026, 9, 29, 15, 49, 36, 134000),)",2a3c600a
408574015,-778420539,3328,0:36:50.250000,"(datetime.datetime(2026, 9, 29, 15, 49, 36, 205000),)",2a3c600d
408575611,-778417254,3371,0:36:50.330000,"(datetime.datetime(2026, 9, 29, 15, 49, 36, 283000),)",2a3c600a
408574098,-778420348,3329,0:36:50.390000,"(datetime.datetime(2026, 9, 29, 15, 49, 36, 345000),)",2a3c600d
408575696,-778417076,3371,0:36:50.480000,"(datetime.datetime(2026, 9, 29, 15, 49, 36, 437000),)",2a3c600a
408574186,-778420159,3328,0:36:50.550000,"(datetime.datetime(2026, 9, 29, 15, 49, 36, 500000),)",2a3c600d
408575779,-778416897,3371,0:36:50.630000,"(datetime.datetime(2026, 9, 29, 15, 49, 36, 581000),)",2a3c600a
408574274,-778419972,3328,0:36:50.700000,"(datetime.datetime(2026, 9, 29, 15, 49, 36, 652000),)",2a3c600d
408575864,-778416718,3370,0:36:50.770000,"(datetime.datetime(2026, 9, 29, 15, 49, 36, 725000),)",2a3c600a
408574362,-778419790,3328,0:36:50.850000,"(datetime.datetime(2026, 9, 29, 15, 49, 36, 802000),)",2a3c600d
408575948,-778416540,3371,0:36:50.920000,"(datetime.datetime(2026, 9, 29, 15, 49, 36, 880000),)",2a3c600a
408574450,-778419605,3328,0:36:51.030000,"(datetime.datetime(2026, 9, 29, 15, 49, 36, 982000),)",2a3c600d
408576030,-778416361,3371,0:36:51.070000,"(datetime.datetime(2026, 9, 29, 15, 49, 37, 25000),)",2a3c600a
408574537,-778419415,3328,0:36:51.140000,"(datetime.datetime(2026, 9, 29, 15, 49, 37, 96000),)",2a3c600d
408576113,-778416181,3371,0:36:51.210000,"(datetime.datetime(2026, 9, 29, 15, 49, 37, 168000),)",2a3c600a
408574622,-778419230,3328,0:36:51.290000,"(datetime.datetime(2026, 9, 29, 15, 49, 37, 243000),)",2a3c600d
408576197,-778416006,3371,0:36:51.360000,"(datetime.datetime(2026, 9, 29, 15, 49, 37, 320000),)",2a3c600a
408574712,-778419043,3328,0:36:51.450000,"(datetime.datetime(2026, 9, 29, 15, 49, 37, 405000),)",2a3c600d
408576282,-778415827,3370,0:36:51.510000,"(datetime.datetime(2026, 9, 29, 15, 49, 37, 465000),)",2a3c600a
408574799,-778418858,3328,0:36:51.590000,"(datetime.datetime(2026, 9, 29, 15, 49, 37, 545000),)",2a3c600d
408576364,-778415648,3371,0:36:51.660000,"(datetime.datetime(2026, 9, 29, 15, 49, 37, 614000),)",2a3c600a
408574884,-778418671,3328,0:36:51.740000,"(datetime.datetime(2026, 9, 29, 15, 49, 37, 691000),)",2a3c600d
408576447,-778415466,3371,0:36:51.800000,"(datetime.datetime(2026, 9, 29, 15, 49, 37, 760000),)",2a3c600a
408576528,-778415289,3371,0:36:51.880000,"(datetime.datetime(2026, 9, 29, 15, 49, 37, 832000),)",2a3c600a
408574972,-778418489,3328,0:36:51.950000,"(datetime.datetime(2026, 9, 29, 15, 49, 37, 903000),)",2a3c600d
408575061,-778418302,3328,0:36:52.030000,"(datetime.datetime(2026, 9, 29, 15, 49, 37, 984000),)",2a3c600d
408576611,-778415108,3371,0:36:52.100000,"(datetime.datetime(2026, 9, 29, 15, 49, 38, 59000),)",2a3c600a
408575149,-778418113,3328,0:36:52.170000,"(datetime.datetime(2026, 9, 29, 15, 49, 38, 129000),)",2a3c600d
408576694,-778414931,3371,0:36:52.250000,"(datetime.datetime(2026, 9, 29, 15, 49, 38, 202000),)",2a3c600a
408575234,-778417932,3328,0:36:52.320000,"(datetime.datetime(2026, 9, 29, 15, 49, 38, 272000),)",2a3c600d
408576777,-778414752,3370,0:36:52.390000,"(datetime.datetime(2026, 9, 29, 15, 49, 38, 345000),)",2a3c600a
408575321,-778417748,3327,0:36:52.470000,"(datetime.datetime(2026, 9, 29, 15, 49, 38, 424000),)",2a3c600d
408576858,-778414572,3371,0:36:52.540000,"(datetime.datetime(2026, 9, 29, 15, 49, 38, 492000),)",2a3c600a
408575409,-778417563,3328,0:36:52.620000,"(datetime.datetime(2026, 9, 29, 15, 49, 38, 571000),)",2a3c600d
408576941,-778414394,3370,0:36:52.690000,"(datetime.datetime(2026, 9, 29, 15, 49, 38, 641000),)",2a3c600a
408575496,-778417377,3328,0:36:52.770000,"(datetime.datetime(2026, 9, 29, 15, 49, 38, 721000),)",2a3c600d
408577025,-778414215,3370,0:36:52.850000,"(datetime.datetime(2026, 9, 29, 15, 49, 38, 803000),)",2a3c600a
408575580,-778417192,3327,0:36:52.920000,"(datetime.datetime(2026, 9, 29, 15, 49, 38, 878000),)",2a3c600d
408577107,-778414034,3370,0:36:52.990000,"(datetime.datetime(2026, 9, 29, 15, 49, 38, 949000),)",2a3c600a
408575667,-778417007,3328,0:36:53.080000,"(datetime.datetime(2026, 9, 29, 15, 49, 39, 32000),)",2a3c600d
408577188,-778413854,3370,0:36:53.140000,"(datetime.datetime(2026, 9, 29, 15, 49, 39, 98000),)",2a3c600a
408575753,-778416822,3328,0:36:53.220000,"(datetime.datetime(2026, 9, 29, 15, 49, 39, 172000),)",2a3c600d
408577270,-778413678,3370,0:36:53.280000,"(datetime.datetime(2026, 9, 29, 15, 49, 39, 239000),)",2a3c600a
408577353,-778413498,3370,0:36:53.360000,"(datetime.datetime(2026, 9, 29, 15, 49, 39, 310000),)",2a3c600a
408575838,-778416641,3328,0:36:53.430000,"(datetime.datetime(2026, 9, 29, 15, 49, 39, 387000),)",2a3c600d
408575926,-778416454,3328,0:36:53.500000,"(datetime.datetime(2026, 9, 29, 15, 49, 39, 452000),)",2a3c600d
408577435,-778413320,3370,0:36:53.580000,"(datetime.datetime(2026, 9, 29, 15, 49, 39, 539000),)",2a3c600a
408576010,-778416269,3328,0:36:53.650000,"(datetime.datetime(2026, 9, 29, 15, 49, 39, 607000),)",2a3c600d
408577518,-778413140,3370,0:36:53.730000,"(datetime.datetime(2026, 9, 29, 15, 49, 39, 684000),)",2a3c600a
408576098,-778416083,3328,0:36:53.800000,"(datetime.datetime(2026, 9, 29, 15, 49, 39, 756000),)",2a3c600d
408577599,-778412961,3370,0:36:53.880000,"(datetime.datetime(2026, 9, 29, 15, 49, 39, 835000),)",2a3c600a
408576181,-778415899,3328,0:36:53.960000,"(datetime.datetime(2026, 9, 29, 15, 49, 39, 916000),)",2a3c600d
408577684,-778412783,3370,0:36:54.030000,"(datetime.datetime(2026, 9, 29, 15, 49, 39, 986000),)",2a3c600a
408577765,-778412602,3370,0:36:54.110000,"(datetime.datetime(2026, 9, 29, 15, 49, 40, 63000),)",2a3c600a
408576268,-778415715,3328,0:36:54.180000,"(datetime.datetime(2026, 9, 29, 15, 49, 40, 134000),)",2a3c600d
408576354,-778415531,3328,0:36:54.260000,"(datetime.datetime(2026, 9, 29, 15, 49, 40, 215000),)",2a3c600d
408577850,-778412426,3370,0:36:54.320000,"(datetime.datetime(2026, 9, 29, 15, 49, 40, 280000),)",2a3c600a
408576438,-778415349,3327,0:36:54.410000,"(datetime.datetime(2026, 9, 29, 15, 49, 40, 361000),)",2a3c600d
408577934,-778412247,3370,0:36:54.490000,"(datetime.datetime(2026, 9, 29, 15, 49, 40, 447000),)",2a3c600a
408576525,-778415164,3327,0:36:54.560000,"(datetime.datetime(2026, 9, 29, 15, 49, 40, 514000),)",2a3c600d
408578019,-778412072,3370,0:36:54.640000,"(datetime.datetime(2026, 9, 29, 15, 49, 40, 599000),)",2a3c600a
408576609,-778414978,3328,0:36:54.720000,"(datetime.datetime(2026, 9, 29, 15, 49, 40, 673000),)",2a3c600d
408578100,-778411891,3370,0:36:54.790000,"(datetime.datetime(2026, 9, 29, 15, 49, 40, 749000),)",2a3c600a
408576694,-778414796,3327,0:36:54.880000,"(datetime.datetime(2026, 9, 29, 15, 49, 40, 830000),)",2a3c600d
408578184,-778411713,3370,0:36:54.950000,"(datetime.datetime(2026, 9, 29, 15, 49, 40, 908000),)",2a3c600a
408576779,-778414612,3327,0:36:55.020000,"(datetime.datetime(2026, 9, 29, 15, 49, 40, 978000),)",2a3c600d
408578268,-778411540,3369,0:36:55.100000,"(datetime.datetime(2026, 9, 29, 15, 49, 41, 60000),)",2a3c600a
408576866,-778414431,3327,0:36:55.180000,"(datetime.datetime(2026, 9, 29, 15, 49, 41, 138000),)",2a3c600d
408578354,-778411364,3370,0:36:55.250000,"(datetime.datetime(2026, 9, 29, 15, 49, 41, 202000),)",2a3c600a
408576952,-778414248,3327,0:36:55.320000,"(datetime.datetime(2026, 9, 29, 15, 49, 41, 270000),)",2a3c600d
408578437,-778411183,3370,0:36:55.390000,"(datetime.datetime(2026, 9, 29, 15, 49, 41, 346000),)",2a3c600a
408577035,-778414066,3327,0:36:55.480000,"(datetime.datetime(2026, 9, 29, 15, 49, 41, 430000),)",2a3c600d
408578524,-778411005,3370,0:36:55.540000,"(datetime.datetime(2026, 9, 29, 15, 49, 41, 496000),)",2a3c600a
408577120,-778413883,3327,0:36:55.620000,"(datetime.datetime(2026, 9, 29, 15, 49, 41, 575000),)",2a3c600d
408578605,-778410829,3369,0:36:55.690000,"(datetime.datetime(2026, 9, 29, 15, 49, 41, 648000),)",2a3c600a
408577204,-778413703,3327,0:36:55.770000,"(datetime.datetime(2026, 9, 29, 15, 49, 41, 723000),)",2a3c600d
408578689,-778410650,3370,0:36:55.840000,"(datetime.datetime(2026, 9, 29, 15, 49, 41, 792000),)",2a3c600a
408577290,-778413520,3327,0:36:55.920000,"(datetime.datetime(2026, 9, 29, 15, 49, 41, 877000),)",2a3c600d
408578772,-778410476,3370,0:36:56.040000,"(datetime.datetime(2026, 9, 29, 15, 49, 41, 992000),)",2a3c600a
408577373,-778413337,3327,0:36:56.090000,"(datetime.datetime(2026, 9, 29, 15, 49, 42, 41000),)",2a3c600d
408578857,-778410301,3370,0:36:56.160000,"(datetime.datetime(2026, 9, 29, 15, 49, 42, 120000),)",2a3c600a
408578942,-778410121,3370,0:36:56.240000,"(datetime.datetime(2026, 9, 29, 15, 49, 42, 195000),)",2a3c600a
408577459,-778413158,3326,0:36:56.310000,"(datetime.datetime(2026, 9, 29, 15, 49, 42, 267000),)",2a3c600d
408577541,-778412977,3326,0:36:56.380000,"(datetime.datetime(2026, 9, 29, 15, 49, 42, 337000),)",2a3c600d
408579026,-778409948,3370,0:36:56.450000,"(datetime.datetime(2026, 9, 29, 15, 49, 42, 408000),)",2a3c600a
408577624,-778412793,3326,0:36:56.530000,"(datetime.datetime(2026, 9, 29, 15, 49, 42, 483000),)",2a3c600d
408579111,-778409768,3369,0:36:56.620000,"(datetime.datetime(2026, 9, 29, 15, 49, 42, 571000),)",2a3c600a
408577711,-778412612,3326,0:36:56.690000,"(datetime.datetime(2026, 9, 29, 15, 49, 42, 648000),)",2a3c600d
408579194,-778409599,3369,0:36:56.760000,"(datetime.datetime(2026, 9, 29, 15, 49, 42, 720000),)",2a3c600a
408577794,-778412435,3327,0:36:56.840000,"(datetime.datetime(2026, 9, 29, 15, 49, 42, 793000),)",2a3c600d
408579279,-778409420,3369,0:36:56.910000,"(datetime.datetime(2026, 9, 29, 15, 49, 42, 869000),)",2a3c600a
408577879,-778412258,3327,0:36:56.980000,"(datetime.datetime(2026, 9, 29, 15, 49, 42, 939000),)",2a3c600d
408579362,-778409240,3369,0:36:57.060000,"(datetime.datetime(2026, 9, 29, 15, 49, 43, 17000),)",2a3c600a
408577964,-778412079,3327,0:36:57.140000,"(datetime.datetime(2026, 9, 29, 15, 49, 43, 92000),)",2a3c600d
408579451,-778409069,3368,0:36:57.210000,"(datetime.datetime(2026, 9, 29, 15, 49, 43, 167000),)",2a3c600a
408578047,-778411901,3327,0:36:57.280000,"(datetime.datetime(2026, 9, 29, 15, 49, 43, 238000),)",2a3c600d
408579534,-778408891,3368,0:36:57.350000,"(datetime.datetime(2026, 9, 29, 15, 49, 43, 309000),)",2a3c600a
408579620,-778408715,3369,0:36:57.430000,"(datetime.datetime(2026, 9, 29, 15, 49, 43, 382000),)",2a3c600a
408578133,-778411723,3327,0:36:57.500000,"(datetime.datetime(2026, 9, 29, 15, 49, 43, 451000),)",2a3c600d
408578215,-778411544,3326,0:36:57.570000,"(datetime.datetime(2026, 9, 29, 15, 49, 43, 522000),)",2a3c600d
408579702,-778408538,3368,0:36:57.640000,"(datetime.datetime(2026, 9, 29, 15, 49, 43, 598000),)",2a3c600a
408578299,-778411364,3326,0:36:57.720000,"(datetime.datetime(2026, 9, 29, 15, 49, 43, 675000),)",2a3c600d
408579789,-778408362,3368,0:36:57.790000,"(datetime.datetime(2026, 9, 29, 15, 49, 43, 745000),)",2a3c600a
408578386,-778411191,3326,0:36:57.860000,"(datetime.datetime(2026, 9, 29, 15, 49, 43, 815000),)",2a3c600d
408579877,-778408185,3368,0:36:58.010000,"(datetime.datetime(2026, 9, 29, 15, 49, 43, 967000),)",2a3c600a
408578467,-778411011,3326,0:36:58.320000,"(datetime.datetime(2026, 9, 29, 15, 49, 44, 274000),)",2a3c600d
408579961,-778408010,3367,0:36:58.460000,"(datetime.datetime(2026, 9, 29, 15, 49, 44, 418000),)",2a3c600a
408578550,-778410830,3326,0:36:58.570000,"(datetime.datetime(2026, 9, 29, 15, 49, 44, 522000),)",2a3c600d
408580045,-778407840,3366,0:36:58.740000,"(datetime.datetime(2026, 9, 29, 15, 49, 44, 691000),)",2a3c600a
408580130,-778407664,3365,0:36:58.910000,"(datetime.datetime(2026, 9, 29, 15, 49, 44, 864000),)",2a3c600a
408578635,-778410657,3326,0:36:58.960000,"(datetime.datetime(2026, 9, 29, 15, 49, 44, 919000),)",2a3c600d
408580217,-778407488,3365,0:36:59.160000,"(datetime.datetime(2026, 9, 29, 15, 49, 45, 111000),)",2a3c600a
408578717,-778410481,3326,0:36:59.190000,"(datetime.datetime(2026, 9, 29, 15, 49, 45, 145000),)",2a3c600d
408580302,-778407309,3365,0:36:59.270000,"(datetime.datetime(2026, 9, 29, 15, 49, 45, 228000),)",2a3c600a
408578801,-778410306,3326,0:36:59.380000,"(datetime.datetime(2026, 9, 29, 15, 49, 45, 337000),)",2a3c600d
408580389,-778407132,3365,0:36:59.460000,"(datetime.datetime(2026, 9, 29, 15, 49, 45, 414000),)",2a3c600a
408578882,-778410131,3326,0:36:59.640000,"(datetime.datetime(2026, 9, 29, 15, 49, 45, 599000),)",2a3c600d
408580475,-778406958,3365,0:36:59.700000,"(datetime.datetime(2026, 9, 29, 15, 49, 45, 656000),)",2a3c600a
408578968,-778409956,3325,0:36:59.790000,"(datetime.datetime(2026, 9, 29, 15, 49, 45, 740000),)",2a3c600d
408580559,-778406780,3364,0:36:59.900000,"(datetime.datetime(2026, 9, 29, 15, 49, 45, 857000),)",2a3c600a
408579051,-778409785,3325,0:37:00.070000,"(datetime.datetime(2026, 9, 29, 15, 49, 46, 23000),)",2a3c600d
408580644,-778406601,3364,0:37:00.230000,"(datetime.datetime(2026, 9, 29, 15, 49, 46, 189000),)",2a3c600a
408579133,-778409609,3325,0:37:00.300000,"(datetime.datetime(2026, 9, 29, 15, 49, 46, 253000),)",2a3c600d
408580729,-778406424,3364,0:37:00.400000,"(datetime.datetime(2026, 9, 29, 15, 49, 46, 356000),)",2a3c600a
408580814,-778406246,3363,0:37:00.500000,"(datetime.datetime(2026, 9, 29, 15, 49, 46, 460000),)",2a3c600a
408579215,-778409435,3325,0:37:00.690000,"(datetime.datetime(2026, 9, 29, 15, 49, 46, 641000),)",2a3c600d
408579298,-778409262,3325,0:37:00.740000,"(datetime.datetime(2026, 9, 29, 15, 49, 46, 692000),)",2a3c600d
408580898,-778406065,3363,0:37:00.810000,"(datetime.datetime(2026, 9, 29, 15, 49, 46, 761000),)",2a3c600a
408580984,-778405887,3363,0:37:00.880000,"(datetime.datetime(2026, 9, 29, 15, 49, 46, 831000),)",2a3c600a
408579386,-778409090,3325,0:37:00.960000,"(datetime.datetime(2026, 9, 29, 15, 49, 46, 911000),)",2a3c600d
408581069,-778405710,3363,0:37:01.030000,"(datetime.datetime(2026, 9, 29, 15, 49, 46, 985000),)",2a3c600a
408579467,-778408917,3325,0:37:01.110000,"(datetime.datetime(2026, 9, 29, 15, 49, 47, 68000),)",2a3c600d
408579546,-778408739,3325,0:37:01.180000,"(datetime.datetime(2026, 9, 29, 15, 49, 47, 140000),)",2a3c600d
408581151,-778405530,3363,0:37:01.260000,"(datetime.datetime(2026, 9, 29, 15, 49, 47, 218000),)",2a3c600a
408579629,-778408573,3324,0:37:01.330000,"(datetime.datetime(2026, 9, 29, 15, 49, 47, 290000),)",2a3c600d
408581236,-778405352,3363,0:37:01.420000,"(datetime.datetime(2026, 9, 29, 15, 49, 47, 378000),)",2a3c600a
408579709,-778408396,3324,0:37:01.500000,"(datetime.datetime(2026, 9, 29, 15, 49, 47, 453000),)",2a3c600d
408581322,-778405173,3362,0:37:01.580000,"(datetime.datetime(2026, 9, 29, 15, 49, 47, 531000),)",2a3c600a
408579796,-778408224,3324,0:37:01.660000,"(datetime.datetime(2026, 9, 29, 15, 49, 47, 614000),)",2a3c600d
408581406,-778404995,3362,0:37:01.730000,"(datetime.datetime(2026, 9, 29, 15, 49, 47, 685000),)",2a3c600a
408579874,-778408052,3323,0:37:01.800000,"(datetime.datetime(2026, 9, 29, 15, 49, 47, 756000),)",2a3c600d
408581490,-778404817,3361,0:37:01.870000,"(datetime.datetime(2026, 9, 29, 15, 49, 47, 827000),)",2a3c600a
408579958,-778407880,3323,0:37:01.940000,"(datetime.datetime(2026, 9, 29, 15, 49, 47, 898000),)",2a3c600d
408581577,-778404642,3361,0:37:02.030000,"(datetime.datetime(2026, 9, 29, 15, 49, 47, 990000),)",2a3c600a
408580038,-778407705,3323,0:37:02.100000,"(datetime.datetime(2026, 9, 29, 15, 49, 48, 52000),)",2a3c600d
408581658,-778404459,3361,0:37:02.170000,"(datetime.datetime(2026, 9, 29, 15, 49, 48, 126000),)",2a3c600a
408580122,-778407536,3322,0:37:02.240000,"(datetime.datetime(2026, 9, 29, 15, 49, 48, 199000),)",2a3c600d
408581745,-778404280,3361,0:37:02.320000,"(datetime.datetime(2026, 9, 29, 15, 49, 48, 271000),)",2a3c600a
408580206,-778407362,3322,0:37:02.390000,"(datetime.datetime(2026, 9, 29, 15, 49, 48, 342000),)",2a3c600d
408581829,-778404099,3360,0:37:02.460000,"(datetime.datetime(2026, 9, 29, 15, 49, 48, 413000),)",2a3c600a
408580286,-778407193,3322,0:37:02.530000,"(datetime.datetime(2026, 9, 29, 15, 49, 48, 484000),)",2a3c600d
408581913,-778403923,3360,0:37:02.610000,"(datetime.datetime(2026, 9, 29, 15, 49, 48, 567000),)",2a3c600a
408580367,-778407021,3322,0:37:02.670000,"(datetime.datetime(2026, 9, 29, 15, 49, 48, 628000),)",2a3c600d
408581997,-778403741,3360,0:37:02.760000,"(datetime.datetime(2026, 9, 29, 15, 49, 48, 712000),)",2a3c600a
408580447,-778406849,3321,0:37:02.820000,"(datetime.datetime(2026, 9, 29, 15, 49, 48, 773000),)",2a3c600d
408582080,-778403563,3359,0:37:02.890000,"(datetime.datetime(2026, 9, 29, 15, 49, 48, 844000),)",2a3c600a
408580528,-778406677,3321,0:37:02.960000,"(datetime.datetime(2026, 9, 29, 15, 49, 48, 920000),)",2a3c600d
408582162,-778403384,3359,0:37:03.040000,"(datetime.datetime(2026, 9, 29, 15, 49, 48, 993000),)",2a3c600a
408580607,-778406506,3321,0:37:03.110000,"(datetime.datetime(2026, 9, 29, 15, 49, 49, 67000),)",2a3c600d
408582246,-778403202,3359,0:37:03.190000,"(datetime.datetime(2026, 9, 29, 15, 49, 49, 144000),)",2a3c600a
408580688,-778406337,3320,0:37:03.270000,"(datetime.datetime(2026, 9, 29, 15, 49, 49, 222000),)",2a3c600d
408582328,-778403025,3359,0:37:03.340000,"(datetime.datetime(2026, 9, 29, 15, 49, 49, 292000),)",2a3c600a
408580768,-778406162,3320,0:37:03.410000,"(datetime.datetime(2026, 9, 29, 15, 49, 49, 366000),)",2a3c600d
408582413,-778402843,3358,0:37:03.480000,"(datetime.datetime(2026, 9, 29, 15, 49, 49, 440000),)",2a3c600a
408580847,-778405995,3320,0:37:03.560000,"(datetime.datetime(2026, 9, 29, 15, 49, 49, 512000),)",2a3c600d
408582497,-778402662,3358,0:37:03.640000,"(datetime.datetime(2026, 9, 29, 15, 49, 49, 595000),)",2a3c600a
408580928,-778405819,3320,0:37:03.710000,"(datetime.datetime(2026, 9, 29, 15, 49, 49, 662000),)",2a3c600d
408582581,-778402487,3358,0:37:03.780000,"(datetime.datetime(2026, 9, 29, 15, 49, 49, 733000),)",2a3c600a
408581014,-778405653,3319,0:37:03.860000,"(datetime.datetime(2026, 9, 29, 15, 49, 49, 812000),)",2a3c600d
408582664,-778402309,3358,0:37:03.930000,"(datetime.datetime(2026, 9, 29, 15, 49, 49, 884000),)",2a3c600a
408581092,-778405483,3318,0:37:04,"(datetime.datetime(2026, 9, 29, 15, 49, 49, 955000),)",2a3c600d
408582751,-778402127,3357,0:37:04.080000,"(datetime.datetime(2026, 9, 29, 15, 49, 50, 33000),)",2a3c600a
408581174,-778405312,3318,0:37:04.160000,"(datetime.datetime(2026, 9, 29, 15, 49, 50, 114000),)",2a3c600d
408582834,-778401950,3357,0:37:04.230000,"(datetime.datetime(2026, 9, 29, 15, 49, 50, 187000),)",2a3c600a
408581255,-778405142,3318,0:37:04.310000,"(datetime.datetime(2026, 9, 29, 15, 49, 50, 265000),)",2a3c600d
408582918,-778401771,3357,0:37:04.390000,"(datetime.datetime(2026, 9, 29, 15, 49, 50, 345000),)",2a3c600a
408581334,-778404973,3317,0:37:04.460000,"(datetime.datetime(2026, 9, 29, 15, 49, 50, 418000),)",2a3c600d
408583001,-778401590,3357,0:37:04.540000,"(datetime.datetime(2026, 9, 29, 15, 49, 50, 492000),)",2a3c600a
408581416,-778404805,3317,0:37:04.610000,"(datetime.datetime(2026, 9, 29, 15, 49, 50, 570000),)",2a3c600d
408583084,-778401410,3357,0:37:04.690000,"(datetime.datetime(2026, 9, 29, 15, 49, 50, 647000),)",2a3c600a
408581497,-778404635,3317,0:37:04.770000,"(datetime.datetime(2026, 9, 29, 15, 49, 50, 720000),)",2a3c600d
408583171,-778401227,3357,0:37:04.840000,"(datetime.datetime(2026, 9, 29, 15, 49, 50, 794000),)",2a3c600a
408581575,-778404464,3317,0:37:04.910000,"(datetime.datetime(2026, 9, 29, 15, 49, 50, 869000),)",2a3c600d
408583256,-778401053,3356,0:37:04.990000,"(datetime.datetime(2026, 9, 29, 15, 49, 50, 943000),)",2a3c600a
408581655,-778404296,3316,0:37:05.070000,"(datetime.datetime(2026, 9, 29, 15, 49, 51, 29000),)",2a3c600d
408583343,-778400871,3356,0:37:05.140000,"(datetime.datetime(2026, 9, 29, 15, 49, 51, 95000),)",2a3c600a
408581734,-778404127,3316,0:37:05.220000,"(datetime.datetime(2026, 9, 29, 15, 49, 51, 175000),)",2a3c600d
408583426,-778400691,3356,0:37:05.290000,"(datetime.datetime(2026, 9, 29, 15, 49, 51, 241000),)",2a3c600a
408581812,-778403956,3315,0:37:05.360000,"(datetime.datetime(2026, 9, 29, 15, 49, 51, 315000),)",2a3c600d
408583506,-778400506,3356,0:37:05.430000,"(datetime.datetime(2026, 9, 29, 15, 49, 51, 387000),)",2a3c600a
408581890,-778403789,3315,0:37:05.510000,"(datetime.datetime(2026, 9, 29, 15, 49, 51, 466000),)",2a3c600d
408583593,-778400326,3356,0:37:05.590000,"(datetime.datetime(2026, 9, 29, 15, 49, 51, 544000),)",2a3c600a
408581969,-778403618,3315,0:37:05.660000,"(datetime.datetime(2026, 9, 29, 15, 49, 51, 619000),)",2a3c600d
408583677,-778400148,3356,0:37:05.740000,"(datetime.datetime(2026, 9, 29, 15, 49, 51, 698000),)",2a3c600a
408582049,-778403451,3314,0:37:05.820000,"(datetime.datetime(2026, 9, 29, 15, 49, 51, 772000),)",2a3c600d
408583758,-778399968,3355,0:37:05.890000,"(datetime.datetime(2026, 9, 29, 15, 49, 51, 845000),)",2a3c600a
408582130,-778403283,3314,0:37:05.970000,"(datetime.datetime(2026, 9, 29, 15, 49, 51, 928000),)",2a3c600d
408583842,-778399790,3355,0:37:06.050000,"(datetime.datetime(2026, 9, 29, 15, 49, 52, 3000),)",2a3c600a
408582205,-778403113,3314,0:37:06.130000,"(datetime.datetime(2026, 9, 29, 15, 49, 52, 85000),)",2a3c600d
408583930,-778399615,3355,0:37:06.210000,"(datetime.datetime(2026, 9, 29, 15, 49, 52, 168000),)",2a3c600a
408582285,-778402946,3313,0:37:06.280000,"(datetime.datetime(2026, 9, 29, 15, 49, 52, 238000),)",2a3c600d
408584011,-778399432,3355,0:37:06.360000,"(datetime.datetime(2026, 9, 29, 15, 49, 52, 311000),)",2a3c600a
408582364,-778402777,3314,0:37:06.430000,"(datetime.datetime(2026, 9, 29, 15, 49, 52, 384000),)",2a3c600d
408584095,-778399252,3355,0:37:06.500000,"(datetime.datetime(2026, 9, 29, 15, 49, 52, 455000),)",2a3c600a
408582443,-778402608,3313,0:37:06.580000,"(datetime.datetime(2026, 9, 29, 15, 49, 52, 536000),)",2a3c600d
408584175,-778399071,3355,0:37:06.660000,"(datetime.datetime(2026, 9, 29, 15, 49, 52, 614000),)",2a3c600a
408582521,-778402447,3313,0:37:06.730000,"(datetime.datetime(2026, 9, 29, 15, 49, 52, 689000),)",2a3c600d
408584262,-778398883,3356,0:37:06.810000,"(datetime.datetime(2026, 9, 29, 15, 49, 52, 761000),)",2a3c600a
408582600,-778402276,3313,0:37:06.890000,"(datetime.datetime(2026, 9, 29, 15, 49, 52, 847000),)",2a3c600d
408584351,-778398707,3355,0:37:06.960000,"(datetime.datetime(2026, 9, 29, 15, 49, 52, 918000),)",2a3c600a
408582678,-778402110,3313,0:37:07.040000,"(datetime.datetime(2026, 9, 29, 15, 49, 52, 991000),)",2a3c600d
408584437,-778398530,3354,0:37:07.110000,"(datetime.datetime(2026, 9, 29, 15, 49, 53, 64000),)",2a3c600a
408582756,-778401945,3313,0:37:07.180000,"(datetime.datetime(2026, 9, 29, 15, 49, 53, 138000),)",2a3c600d
408584520,-778398353,3354,0:37:07.260000,"(datetime.datetime(2026, 9, 29, 15, 49, 53, 212000),)",2a3c600a
408582836,-778401780,3312,0:37:07.330000,"(datetime.datetime(2026, 9, 29, 15, 49, 53, 289000),)",2a3c600d
408584605,-778398172,3354,0:37:07.400000,"(datetime.datetime(2026, 9, 29, 15, 49, 53, 355000),)",2a3c600a
408582912,-778401611,3312,0:37:07.470000,"(datetime.datetime(2026, 9, 29, 15, 49, 53, 427000),)",2a3c600d
408584692,-778397990,3353,0:37:07.540000,"(datetime.datetime(2026, 9, 29, 15, 49, 53, 500000),)",2a3c600a
408582992,-778401441,3313,0:37:07.620000,"(datetime.datetime(2026, 9, 29, 15, 49, 53, 573000),)",2a3c600d
408584776,-778397811,3353,0:37:07.690000,"(datetime.datetime(2026, 9, 29, 15, 49, 53, 646000),)",2a3c600a
408583070,-778401274,3312,0:37:07.770000,"(datetime.datetime(2026, 9, 29, 15, 49, 53, 726000),)",2a3c600d
408584862,-778397631,3353,0:37:07.850000,"(datetime.datetime(2026, 9, 29, 15, 49, 53, 807000),)",2a3c600a
408583149,-778401108,3312,0:37:07.930000,"(datetime.datetime(2026, 9, 29, 15, 49, 53, 882000),)",2a3c600d
408584947,-778397453,3353,0:37:08,"(datetime.datetime(2026, 9, 29, 15, 49, 53, 955000),)",2a3c600a
408583230,-778400940,3312,0:37:08.080000,"(datetime.datetime(2026, 9, 29, 15, 49, 54, 34000),)",2a3c600d
408585034,-778397276,3353,0:37:08.150000,"(datetime.datetime(2026, 9, 29, 15, 49, 54, 104000),)",2a3c600a
408583308,-778400770,3312,0:37:08.220000,"(datetime.datetime(2026, 9, 29, 15, 49, 54, 177000),)",2a3c600d
408585119,-778397092,3353,0:37:08.300000,"(datetime.datetime(2026, 9, 29, 15, 49, 54, 259000),)",2a3c600a
408583388,-778400606,3311,0:37:08.390000,"(datetime.datetime(2026, 9, 29, 15, 49, 54, 342000),)",2a3c600d
408585207,-778396912,3353,0:37:08.470000,"(datetime.datetime(2026, 9, 29, 15, 49, 54, 424000),)",2a3c600a
408583465,-778400435,3311,0:37:08.550000,"(datetime.datetime(2026, 9, 29, 15, 49, 54, 501000),)",2a3c600d
408585291,-778396737,3353,0:37:08.620000,"(datetime.datetime(2026, 9, 29, 15, 49, 54, 573000),)",2a3c600a
408583545,-778400270,3310,0:37:08.700000,"(datetime.datetime(2026, 9, 29, 15, 49, 54, 653000),)",2a3c600d
408585379,-778396554,3353,0:37:08.770000,"(datetime.datetime(2026, 9, 29, 15, 49, 54, 729000),)",2a3c600a
408583626,-778400099,3311,0:37:08.850000,"(datetime.datetime(2026, 9, 29, 15, 49, 54, 809000),)",2a3c600d
408585468,-778396383,3352,0:37:08.930000,"(datetime.datetime(2026, 9, 29, 15, 49, 54, 881000),)",2a3c600a
408583707,-778399935,3310,0:37:09.010000,"(datetime.datetime(2026, 9, 29, 15, 49, 54, 962000),)",2a3c600d
408585558,-778396206,3352,0:37:09.080000,"(datetime.datetime(2026, 9, 29, 15, 49, 55, 35000),)",2a3c600a
408583788,-778399770,3310,0:37:09.160000,"(datetime.datetime(2026, 9, 29, 15, 49, 55, 116000),)",2a3c600d
408585647,-778396029,3352,0:37:09.230000,"(datetime.datetime(2026, 9, 29, 15, 49, 55, 188000),)",2a3c600a
408583867,-778399601,3309,0:37:09.320000,"(datetime.datetime(2026, 9, 29, 15, 49, 55, 271000),)",2a3c600d
408585738,-778395854,3352,0:37:09.400000,"(datetime.datetime(2026, 9, 29, 15, 49, 55, 354000),)",2a3c600a
408583948,-778399432,3309,0:37:09.480000,"(datetime.datetime(2026, 9, 29, 15, 49, 55, 439000),)",2a3c600d
408585828,-778395685,3351,0:37:09.540000,"(datetime.datetime(2026, 9, 29, 15, 49, 55, 500000),)",2a3c600a
408584030,-778399260,3309,0:37:09.620000,"(datetime.datetime(2026, 9, 29, 15, 49, 55, 575000),)",2a3c600d
408585922,-778395506,3351,0:37:09.700000,"(datetime.datetime(2026, 9, 29, 15, 49, 55, 660000),)",2a3c600a
408584104,-778399095,3308,0:37:09.780000,"(datetime.datetime(2026, 9, 29, 15, 49, 55, 732000),)",2a3c600d
408586012,-778395329,3351,0:37:09.860000,"(datetime.datetime(2026, 9, 29, 15, 49, 55, 810000),)",2a3c600a
408584187,-778398925,3308,0:37:09.940000,"(datetime.datetime(2026, 9, 29, 15, 49, 55, 891000),)",2a3c600d
408586107,-778395154,3351,0:37:10.010000,"(datetime.datetime(2026, 9, 29, 15, 49, 55, 960000),)",2a3c600a
408584266,-778398750,3308,0:37:10.080000,"(datetime.datetime(2026, 9, 29, 15, 49, 56, 37000),)",2a3c600d
408586200,-778394983,3351,0:37:10.160000,"(datetime.datetime(2026, 9, 29, 15, 49, 56, 119000),)",2a3c600a
408584346,-778398575,3308,0:37:10.240000,"(datetime.datetime(2026, 9, 29, 15, 49, 56, 191000),)",2a3c600d
408586293,-778394812,3351,0:37:10.310000,"(datetime.datetime(2026, 9, 29, 15, 49, 56, 269000),)",2a3c600a
408584427,-778398406,3308,0:37:10.400000,"(datetime.datetime(2026, 9, 29, 15, 49, 56, 354000),)",2a3c600d
408586387,-778394638,3350,0:37:10.470000,"(datetime.datetime(2026, 9, 29, 15, 49, 56, 420000),)",2a3c600a
408584512,-778398241,3307,0:37:10.540000,"(datetime.datetime(2026, 9, 29, 15, 49, 56, 493000),)",2a3c600d
408586485,-778394472,3350,0:37:10.610000,"(datetime.datetime(2026, 9, 29, 15, 49, 56, 563000),)",2a3c600a
408584596,-778398072,3307,0:37:10.680000,"(datetime.datetime(2026, 9, 29, 15, 49, 56, 636000),)",2a3c600d
408586581,-778394301,3350,0:37:10.750000,"(datetime.datetime(2026, 9, 29, 15, 49, 56, 710000),)",2a3c600a
408584676,-778397902,3307,0:37:10.830000,"(datetime.datetime(2026, 9, 29, 15, 49, 56, 785000),)",2a3c600d
408586679,-778394134,3349,0:37:10.910000,"(datetime.datetime(2026, 9, 29, 15, 49, 56, 865000),)",2a3c600a
408584760,-778397732,3306,0:37:10.990000,"(datetime.datetime(2026, 9, 29, 15, 49, 56, 948000),)",2a3c600d
408586771,-778393956,3349,0:37:11.070000,"(datetime.datetime(2026, 9, 29, 15, 49, 57, 21000),)",2a3c600a
408584843,-778397563,3305,0:37:11.140000,"(datetime.datetime(2026, 9, 29, 15, 49, 57, 97000),)",2a3c600d
408586871,-778393793,3348,0:37:11.210000,"(datetime.datetime(2026, 9, 29, 15, 49, 57, 168000),)",2a3c600a
408584924,-778397393,3305,0:37:11.280000,"(datetime.datetime(2026, 9, 29, 15, 49, 57, 240000),)",2a3c600d
408586971,-778393622,3347,0:37:11.360000,"(datetime.datetime(2026, 9, 29, 15, 49, 57, 311000),)",2a3c600a
408585007,-778397220,3305,0:37:11.430000,"(datetime.datetime(2026, 9, 29, 15, 49, 57, 384000),)",2a3c600d
408587070,-778393460,3347,0:37:11.510000,"(datetime.datetime(2026, 9, 29, 15, 49, 57, 468000),)",2a3c600a
408585094,-778397054,3305,0:37:11.600000,"(datetime.datetime(2026, 9, 29, 15, 49, 57, 551000),)",2a3c600d
408587174,-778393289,3347,0:37:11.670000,"(datetime.datetime(2026, 9, 29, 15, 49, 57, 624000),)",2a3c600a
408585176,-778396884,3304,0:37:11.750000,"(datetime.datetime(2026, 9, 29, 15, 49, 57, 703000),)",2a3c600d
408587270,-778393124,3346,0:37:11.820000,"(datetime.datetime(2026, 9, 29, 15, 49, 57, 775000),)",2a3c600a
408585259,-778396713,3304,0:37:11.900000,"(datetime.datetime(2026, 9, 29, 15, 49, 57, 857000),)",2a3c600d
408587373,-778392950,3346,0:37:11.980000,"(datetime.datetime(2026, 9, 29, 15, 49, 57, 932000),)",2a3c600a
408585343,-778396543,3304,0:37:12.050000,"(datetime.datetime(2026, 9, 29, 15, 49, 58, 4000),)",2a3c600d
408587473,-778392789,3346,0:37:12.130000,"(datetime.datetime(2026, 9, 29, 15, 49, 58, 85000),)",2a3c600a
408585427,-778396370,3304,0:37:12.200000,"(datetime.datetime(2026, 9, 29, 15, 49, 58, 158000),)",2a3c600d
408587581,-778392628,3345,0:37:12.280000,"(datetime.datetime(2026, 9, 29, 15, 49, 58, 232000),)",2a3c600a
408585513,-778396199,3303,0:37:12.350000,"(datetime.datetime(2026, 9, 29, 15, 49, 58, 307000),)",2a3c600d
408587683,-778392462,3345,0:37:12.420000,"(datetime.datetime(2026, 9, 29, 15, 49, 58, 379000),)",2a3c600a
408585600,-778396029,3303,0:37:12.500000,"(datetime.datetime(2026, 9, 29, 15, 49, 58, 454000),)",2a3c600d
408587783,-778392302,3345,0:37:12.580000,"(datetime.datetime(2026, 9, 29, 15, 49, 58, 532000),)",2a3c600a
408585686,-778395861,3303,0:37:12.660000,"(datetime.datetime(2026, 9, 29, 15, 49, 58, 611000),)",2a3c600d
408587887,-778392136,3344,0:37:12.730000,"(datetime.datetime(2026, 9, 29, 15, 49, 58, 685000),)",2a3c600a
408585774,-778395692,3302,0:37:12.810000,"(datetime.datetime(2026, 9, 29, 15, 49, 58, 767000),)",2a3c600d
408587983,-778391980,3344,0:37:12.990000,"(datetime.datetime(2026, 9, 29, 15, 49, 58, 947000),)",2a3c600a
408585867,-778395525,3302,0:37:13.320000,"(datetime.datetime(2026, 9, 29, 15, 49, 59, 277000),)",2a3c600d
408588095,-778391826,3343,0:37:13.450000,"(datetime.datetime(2026, 9, 29, 15, 49, 59, 407000),)",2a3c600a
408585958,-778395355,3301,0:37:13.520000,"(datetime.datetime(2026, 9, 29, 15, 49, 59, 472000),)",2a3c600d
408588198,-778391659,3343,0:37:13.610000,"(datetime.datetime(2026, 9, 29, 15, 49, 59, 569000),)",2a3c600a
408586050,-778395192,3301,0:37:13.740000,"(datetime.datetime(2026, 9, 29, 15, 49, 59, 696000),)",2a3c600d
408588305,-778391499,3342,0:37:13.800000,"(datetime.datetime(2026, 9, 29, 15, 49, 59, 755000),)",2a3c600a
408586142,-778395028,3300,0:37:13.970000,"(datetime.datetime(2026, 9, 29, 15, 49, 59, 925000),)",2a3c600d
408588415,-778391343,3342,0:37:14.100000,"(datetime.datetime(2026, 9, 29, 15, 50, 0, 59000),)",2a3c600a
408586239,-778394866,3300,0:37:14.210000,"(datetime.datetime(2026, 9, 29, 15, 50, 0, 167000),)",2a3c600d
408588518,-778391180,3341,0:37:14.370000,"(datetime.datetime(2026, 9, 29, 15, 50, 0, 321000),)",2a3c600a
408586331,-778394698,3300,0:37:14.450000,"(datetime.datetime(2026, 9, 29, 15, 50, 0, 406000),)",2a3c600d
408588627,-778391017,3341,0:37:14.530000,"(datetime.datetime(2026, 9, 29, 15, 50, 0, 486000),)",2a3c600a
408586425,-778394536,3299,0:37:14.620000,"(datetime.datetime(2026, 9, 29, 15, 50, 0, 577000),)",2a3c600d
408588734,-778390857,3341,0:37:14.810000,"(datetime.datetime(2026, 9, 29, 15, 50, 0, 768000),)",2a3c600a
408586527,-778394376,3299,0:37:14.990000,"(datetime.datetime(2026, 9, 29, 15, 50, 0, 942000),)",2a3c600d
408588842,-778390697,3341,0:37:15.090000,"(datetime.datetime(2026, 9, 29, 15, 50, 1, 42000),)",2a3c600a
408586625,-778394215,3299,0:37:15.230000,"(datetime.datetime(2026, 9, 29, 15, 50, 1, 183000),)",2a3c600d
408588950,-778390535,3340,0:37:15.390000,"(datetime.datetime(2026, 9, 29, 15, 50, 1, 341000),)",2a3c600a
408586722,-778394049,3298,0:37:15.540000,"(datetime.datetime(2026, 9, 29, 15, 50, 1, 492000),)",2a3c600d
408589053,-778390368,3340,0:37:15.690000,"(datetime.datetime(2026, 9, 29, 15, 50, 1, 641000),)",2a3c600a
408586812,-778393880,3298,0:37:15.740000,"(datetime.datetime(2026, 9, 29, 15, 50, 1, 692000),)",2a3c600d
408589161,-778390206,3340,0:37:15.820000,"(datetime.datetime(2026, 9, 29, 15, 50, 1, 771000),)",2a3c600a
408586918,-778393728,3297,0:37:15.890000,"(datetime.datetime(2026, 9, 29, 15, 50, 1, 844000),)",2a3c600d
408589274,-778390055,3339,0:37:15.960000,"(datetime.datetime(2026, 9, 29, 15, 50, 1, 919000),)",2a3c600a
408587015,-778393564,3297,0:37:16.090000,"(datetime.datetime(2026, 9, 29, 15, 50, 2, 42000),)",2a3c600d
408589383,-778389897,3338,0:37:16.120000,"(datetime.datetime(2026, 9, 29, 15, 50, 2, 78000),)",2a3c600a
408587113,-778393399,3297,0:37:16.190000,"(datetime.datetime(2026, 9, 29, 15, 50, 2, 142000),)",2a3c600d
408589492,-778389733,3338,0:37:16.270000,"(datetime.datetime(2026, 9, 29, 15, 50, 2, 223000),)",2a3c600a
408587212,-778393238,3297,0:37:16.330000,"(datetime.datetime(2026, 9, 29, 15, 50, 2, 286000),)",2a3c600d
408589598,-778389573,3338,0:37:16.410000,"(datetime.datetime(2026, 9, 29, 15, 50, 2, 361000),)",2a3c600a
408587317,-778393080,3296,0:37:16.480000,"(datetime.datetime(2026, 9, 29, 15, 50, 2, 431000),)",2a3c600d
408589707,-778389411,3338,0:37:16.550000,"(datetime.datetime(2026, 9, 29, 15, 50, 2, 507000),)",2a3c600a
408587416,-778392919,3296,0:37:16.630000,"(datetime.datetime(2026, 9, 29, 15, 50, 2, 582000),)",2a3c600d
408589819,-778389251,3337,0:37:16.700000,"(datetime.datetime(2026, 9, 29, 15, 50, 2, 657000),)",2a3c600a
408587515,-778392753,3296,0:37:16.780000,"(datetime.datetime(2026, 9, 29, 15, 50, 2, 739000),)",2a3c600d
408589928,-778389094,3337,0:37:16.860000,"(datetime.datetime(2026, 9, 29, 15, 50, 2, 813000),)",2a3c600a
408587617,-778392594,3296,0:37:16.930000,"(datetime.datetime(2026, 9, 29, 15, 50, 2, 886000),)",2a3c600d
408590043,-778388944,3335,0:37:17,"(datetime.datetime(2026, 9, 29, 15, 50, 2, 957000),)",2a3c600a
408587721,-778392438,3295,0:37:17.080000,"(datetime.datetime(2026, 9, 29, 15, 50, 3, 35000),)",2a3c600d
408590151,-778388782,3334,0:37:17.150000,"(datetime.datetime(2026, 9, 29, 15, 50, 3, 102000),)",2a3c600a
408587824,-778392278,3295,0:37:17.230000,"(datetime.datetime(2026, 9, 29, 15, 50, 3, 183000),)",2a3c600d
408590261,-778388624,3334,0:37:17.310000,"(datetime.datetime(2026, 9, 29, 15, 50, 3, 261000),)",2a3c600a
408587927,-778392116,3295,0:37:17.380000,"(datetime.datetime(2026, 9, 29, 15, 50, 3, 332000),)",2a3c600d
408590373,-778388463,3334,0:37:17.450000,"(datetime.datetime(2026, 9, 29, 15, 50, 3, 409000),)",2a3c600a
408588029,-778391951,3295,0:37:17.540000,"(datetime.datetime(2026, 9, 29, 15, 50, 3, 492000),)",2a3c600d
408590482,-778388301,3334,0:37:17.600000,"(datetime.datetime(2026, 9, 29, 15, 50, 3, 558000),)",2a3c600a
408588135,-778391796,3294,0:37:17.670000,"(datetime.datetime(2026, 9, 29, 15, 50, 3, 630000),)",2a3c600d
408590594,-778388144,3333,0:37:17.750000,"(datetime.datetime(2026, 9, 29, 15, 50, 3, 701000),)",2a3c600a
408588238,-778391632,3294,0:37:17.830000,"(datetime.datetime(2026, 9, 29, 15, 50, 3, 783000),)",2a3c600d
408590703,-778387986,3333,0:37:17.920000,"(datetime.datetime(2026, 9, 29, 15, 50, 3, 871000),)",2a3c600a
408588344,-778391475,3294,0:37:18,"(datetime.datetime(2026, 9, 29, 15, 50, 3, 951000),)",2a3c600d
408590814,-778387822,3333,0:37:18.080000,"(datetime.datetime(2026, 9, 29, 15, 50, 4, 32000),)",2a3c600a
408588454,-778391322,3293,0:37:18.140000,"(datetime.datetime(2026, 9, 29, 15, 50, 4, 97000),)",2a3c600d
408590925,-778387671,3332,0:37:18.220000,"(datetime.datetime(2026, 9, 29, 15, 50, 4, 177000),)",2a3c600a
408588555,-778391162,3293,0:37:18.300000,"(datetime.datetime(2026, 9, 29, 15, 50, 4, 252000),)",2a3c600d
408591034,-778387505,3332,0:37:18.370000,"(datetime.datetime(2026, 9, 29, 15, 50, 4, 327000),)",2a3c600a
408588666,-778390999,3293,0:37:18.460000,"(datetime.datetime(2026, 9, 29, 15, 50, 4, 418000),)",2a3c600d
408591144,-778387351,3331,0:37:18.540000,"(datetime.datetime(2026, 9, 29, 15, 50, 4, 494000),)",2a3c600a
408588770,-778390844,3293,0:37:18.610000,"(datetime.datetime(2026, 9, 29, 15, 50, 4, 570000),)",2a3c600d
408591256,-778387193,3331,0:37:18.700000,"(datetime.datetime(2026, 9, 29, 15, 50, 4, 655000),)",2a3c600a
408588882,-778390686,3292,0:37:18.770000,"(datetime.datetime(2026, 9, 29, 15, 50, 4, 721000),)",2a3c600d
408591368,-778387036,3330,0:37:18.850000,"(datetime.datetime(2026, 9, 29, 15, 50, 4, 801000),)",2a3c600a
408588990,-778390528,3292,0:37:18.920000,"(datetime.datetime(2026, 9, 29, 15, 50, 4, 874000),)",2a3c600d
408591478,-778386880,3330,0:37:19,"(datetime.datetime(2026, 9, 29, 15, 50, 4, 953000),)",2a3c600a
408589098,-778390376,3291,0:37:19.090000,"(datetime.datetime(2026, 9, 29, 15, 50, 5, 42000),)",2a3c600d
408591587,-778386721,3330,0:37:19.150000,"(datetime.datetime(2026, 9, 29, 15, 50, 5, 100000),)",2a3c600a
408589207,-778390220,3291,0:37:19.220000,"(datetime.datetime(2026, 9, 29, 15, 50, 5, 177000),)",2a3c600d
408591700,-778386564,3330,0:37:19.320000,"(datetime.datetime(2026, 9, 29, 15, 50, 5, 270000),)",2a3c600a
408589314,-778390060,3290,0:37:19.380000,"(datetime.datetime(2026, 9, 29, 15, 50, 5, 339000),)",2a3c600d
408591809,-778386410,3329,0:37:19.470000,"(datetime.datetime(2026, 9, 29, 15, 50, 5, 421000),)",2a3c600a
408589423,-778389898,3291,0:37:19.540000,"(datetime.datetime(2026, 9, 29, 15, 50, 5, 494000),)",2a3c600d
408591923,-778386264,3328,0:37:19.620000,"(datetime.datetime(2026, 9, 29, 15, 50, 5, 575000),)",2a3c600a
408589529,-778389747,3289,0:37:19.690000,"(datetime.datetime(2026, 9, 29, 15, 50, 5, 645000),)",2a3c600d
408589639,-778389589,3289,0:37:19.770000,"(datetime.datetime(2026, 9, 29, 15, 50, 5, 721000),)",2a3c600d
408592031,-778386105,3328,0:37:19.840000,"(datetime.datetime(2026, 9, 29, 15, 50, 5, 793000),)",2a3c600a
408589748,-778389430,3289,0:37:19.910000,"(datetime.datetime(2026, 9, 29, 15, 50, 5, 868000),)",2a3c600d
408592144,-778385959,3327,0:37:20,"(datetime.datetime(2026, 9, 29, 15, 50, 5, 951000),)",2a3c600a
408589855,-778389269,3289,0:37:20.080000,"(datetime.datetime(2026, 9, 29, 15, 50, 6, 32000),)",2a3c600d
408592254,-778385809,3326,0:37:20.160000,"(datetime.datetime(2026, 9, 29, 15, 50, 6, 114000),)",2a3c600a
408589964,-778389116,3288,0:37:20.230000,"(datetime.datetime(2026, 9, 29, 15, 50, 6, 185000),)",2a3c600d
408592368,-778385656,3325,0:37:20.310000,"(datetime.datetime(2026, 9, 29, 15, 50, 6, 262000),)",2a3c600a
408592478,-778385516,3324,0:37:20.380000,"(datetime.datetime(2026, 9, 29, 15, 50, 6, 337000),)",2a3c600a
408590076,-778388964,3288,0:37:20.460000,"(datetime.datetime(2026, 9, 29, 15, 50, 6, 412000),)",2a3c600d
408590183,-778388806,3288,0:37:20.530000,"(datetime.datetime(2026, 9, 29, 15, 50, 6, 486000),)",2a3c600d
408592586,-778385351,3325,0:37:20.610000,"(datetime.datetime(2026, 9, 29, 15, 50, 6, 566000),)",2a3c600a
408590294,-778388648,3287,0:37:20.680000,"(datetime.datetime(2026, 9, 29, 15, 50, 6, 640000),)",2a3c600d
408592694,-778385198,3325,0:37:20.760000,"(datetime.datetime(2026, 9, 29, 15, 50, 6, 715000),)",2a3c600a
408590403,-778388494,3287,0:37:20.840000,"(datetime.datetime(2026, 9, 29, 15, 50, 6, 792000),)",2a3c600d
408592801,-778385040,3325,0:37:20.910000,"(datetime.datetime(2026, 9, 29, 15, 50, 6, 865000),)",2a3c600a
408590512,-778388341,3286,0:37:20.980000,"(datetime.datetime(2026, 9, 29, 15, 50, 6, 938000),)",2a3c600d
408592910,-778384892,3325,0:37:21.080000,"(datetime.datetime(2026, 9, 29, 15, 50, 7, 36000),)",2a3c600a
408590623,-778388181,3286,0:37:21.150000,"(datetime.datetime(2026, 9, 29, 15, 50, 7, 104000),)",2a3c600d
408593017,-778384749,3324,0:37:21.220000,"(datetime.datetime(2026, 9, 29, 15, 50, 7, 179000),)",2a3c600a
408590731,-778388024,3286,0:37:21.300000,"(datetime.datetime(2026, 9, 29, 15, 50, 7, 250000),)",2a3c600d
408593126,-778384596,3323,0:37:21.370000,"(datetime.datetime(2026, 9, 29, 15, 50, 7, 322000),)",2a3c600a
408590841,-778387870,3285,0:37:21.440000,"(datetime.datetime(2026, 9, 29, 15, 50, 7, 394000),)",2a3c600d
408593235,-778384450,3322,0:37:21.520000,"(datetime.datetime(2026, 9, 29, 15, 50, 7, 474000),)",2a3c600a
408590952,-778387715,3285,0:37:21.590000,"(datetime.datetime(2026, 9, 29, 15, 50, 7, 544000),)",2a3c600d
408593341,-778384297,3323,0:37:21.660000,"(datetime.datetime(2026, 9, 29, 15, 50, 7, 614000),)",2a3c600a
408591066,-778387562,3284,0:37:21.740000,"(datetime.datetime(2026, 9, 29, 15, 50, 7, 692000),)",2a3c600d
408593453,-778384145,3322,0:37:21.810000,"(datetime.datetime(2026, 9, 29, 15, 50, 7, 769000),)",2a3c600a
408591172,-778387405,3284,0:37:21.890000,"(datetime.datetime(2026, 9, 29, 15, 50, 7, 850000),)",2a3c600d
408593555,-778383986,3322,0:37:21.970000,"(datetime.datetime(2026, 9, 29, 15, 50, 7, 929000),)",2a3c600a
408591284,-778387249,3283,0:37:22.080000,"(datetime.datetime(2026, 9, 29, 15, 50, 8, 35000),)",2a3c600d
408593667,-778383844,3322,0:37:22.130000,"(datetime.datetime(2026, 9, 29, 15, 50, 8, 82000),)",2a3c600a
408593771,-778383694,3322,0:37:22.190000,"(datetime.datetime(2026, 9, 29, 15, 50, 8, 150000),)",2a3c600a
408591395,-778387094,3283,0:37:22.270000,"(datetime.datetime(2026, 9, 29, 15, 50, 8, 230000),)",2a3c600d
408591504,-778386937,3283,0:37:22.350000,"(datetime.datetime(2026, 9, 29, 15, 50, 8, 302000),)",2a3c600d
408593877,-778383551,3321,0:37:22.420000,"(datetime.datetime(2026, 9, 29, 15, 50, 8, 377000),)",2a3c600a
408593982,-778383408,3320,0:37:22.500000,"(datetime.datetime(2026, 9, 29, 15, 50, 8, 452000),)",2a3c600a
408591613,-778386785,3282,0:37:22.570000,"(datetime.datetime(2026, 9, 29, 15, 50, 8, 523000),)",2a3c600d
408594090,-778383258,3320,0:37:22.640000,"(datetime.datetime(2026, 9, 29, 15, 50, 8, 595000),)",2a3c600a
408591724,-778386627,3282,0:37:22.720000,"(datetime.datetime(2026, 9, 29, 15, 50, 8, 680000),)",2a3c600d
408594199,-778383117,3319,0:37:22.800000,"(datetime.datetime(2026, 9, 29, 15, 50, 8, 754000),)",2a3c600a
408591836,-778386470,3281,0:37:22.880000,"(datetime.datetime(2026, 9, 29, 15, 50, 8, 833000),)",2a3c600d
408594304,-778382967,3319,0:37:22.950000,"(datetime.datetime(2026, 9, 29, 15, 50, 8, 907000),)",2a3c600a
408591947,-778386318,3281,0:37:23.020000,"(datetime.datetime(2026, 9, 29, 15, 50, 8, 972000),)",2a3c600d
408594414,-778382823,3318,0:37:23.100000,"(datetime.datetime(2026, 9, 29, 15, 50, 9, 52000),)",2a3c600a
408592059,-778386167,3281,0:37:23.170000,"(datetime.datetime(2026, 9, 29, 15, 50, 9, 128000),)",2a3c600d
408592170,-778386013,3281,0:37:23.250000,"(datetime.datetime(2026, 9, 29, 15, 50, 9, 204000),)",2a3c600d
408594518,-778382667,3318,0:37:23.320000,"(datetime.datetime(2026, 9, 29, 15, 50, 9, 280000),)",2a3c600a
408592283,-778385858,3280,0:37:23.400000,"(datetime.datetime(2026, 9, 29, 15, 50, 9, 359000),)",2a3c600d
408594624,-778382523,3318,0:37:23.470000,"(datetime.datetime(2026, 9, 29, 15, 50, 9, 424000),)",2a3c600a
408592389,-778385702,3280,0:37:23.550000,"(datetime.datetime(2026, 9, 29, 15, 50, 9, 501000),)",2a3c600d
408594727,-778382377,3318,0:37:23.630000,"(datetime.datetime(2026, 9, 29, 15, 50, 9, 582000),)",2a3c600a
408592503,-778385550,3279,0:37:23.700000,"(datetime.datetime(2026, 9, 29, 15, 50, 9, 651000),)",2a3c600d
408594837,-778382230,3318,0:37:23.770000,"(datetime.datetime(2026, 9, 29, 15, 50, 9, 725000),)",2a3c600a
408592612,-778385393,3279,0:37:23.860000,"(datetime.datetime(2026, 9, 29, 15, 50, 9, 820000),)",2a3c600d
408594942,-778382087,3317,0:37:23.950000,"(datetime.datetime(2026, 9, 29, 15, 50, 9, 905000),)",2a3c600a
408592725,-778385238,3278,0:37:24.020000,"(datetime.datetime(2026, 9, 29, 15, 50, 9, 972000),)",2a3c600d
408595049,-778381939,3316,0:37:24.090000,"(datetime.datetime(2026, 9, 29, 15, 50, 10, 45000),)",2a3c600a
408592837,-778385080,3278,0:37:24.160000,"(datetime.datetime(2026, 9, 29, 15, 50, 10, 117000),)",2a3c600d
408595154,-778381794,3317,0:37:24.240000,"(datetime.datetime(2026, 9, 29, 15, 50, 10, 192000),)",2a3c600a
408592945,-778384927,3278,0:37:24.320000,"(datetime.datetime(2026, 9, 29, 15, 50, 10, 275000),)",2a3c600d
408595154,-778381794,3317,0:37:24.400000,"(datetime.datetime(2026, 9, 29, 15, 50, 10, 355000),)",2a3c600a
408593053,-778384773,3278,0:37:24.480000,"(datetime.datetime(2026, 9, 29, 15, 50, 10, 434000),)",2a3c600d
408595263,-778381648,3316,0:37:24.560000,"(datetime.datetime(2026, 9, 29, 15, 50, 10, 518000),)",2a3c600a
408595367,-778381505,3316,0:37:24.630000,"(datetime.datetime(2026, 9, 29, 15, 50, 10, 581000),)",2a3c600a
408593167,-778384614,3277,0:37:24.700000,"(datetime.datetime(2026, 9, 29, 15, 50, 10, 655000),)",2a3c600d
408593275,-778384460,3277,0:37:24.780000,"(datetime.datetime(2026, 9, 29, 15, 50, 10, 733000),)",2a3c600d
408595474,-778381361,3315,0:37:24.860000,"(datetime.datetime(2026, 9, 29, 15, 50, 10, 819000),)",2a3c600a
408593388,-778384305,3277,0:37:24.940000,"(datetime.datetime(2026, 9, 29, 15, 50, 10, 900000),)",2a3c600d
408595576,-778381213,3315,0:37:25.020000,"(datetime.datetime(2026, 9, 29, 15, 50, 10, 975000),)",2a3c600a
408593496,-778384151,3276,0:37:25.100000,"(datetime.datetime(2026, 9, 29, 15, 50, 11, 52000),)",2a3c600d
408595684,-778381072,3314,0:37:25.170000,"(datetime.datetime(2026, 9, 29, 15, 50, 11, 122000),)",2a3c600a
408593606,-778383994,3276,0:37:25.240000,"(datetime.datetime(2026, 9, 29, 15, 50, 11, 198000),)",2a3c600d
408595789,-778380926,3314,0:37:25.320000,"(datetime.datetime(2026, 9, 29, 15, 50, 11, 276000),)",2a3c600a
408593716,-778383837,3275,0:37:25.410000,"(datetime.datetime(2026, 9, 29, 15, 50, 11, 363000),)",2a3c600d
408595893,-778380783,3314,0:37:25.470000,"(datetime.datetime(2026, 9, 29, 15, 50, 11, 429000),)",2a3c600a
408593831,-778383688,3275,0:37:25.540000,"(datetime.datetime(2026, 9, 29, 15, 50, 11, 500000),)",2a3c600d
408596001,-778380639,3314,0:37:25.620000,"(datetime.datetime(2026, 9, 29, 15, 50, 11, 572000),)",2a3c600a
408593939,-778383530,3274,0:37:25.700000,"(datetime.datetime(2026, 9, 29, 15, 50, 11, 652000),)",2a3c600d
408596213,-778380355,3313,0:37:25.770000,"(datetime.datetime(2026, 9, 29, 15, 50, 11, 727000),)",2a3c600a
408594053,-778383373,3274,0:37:25.850000,"(datetime.datetime(2026, 9, 29, 15, 50, 11, 806000),)",2a3c600d
408596316,-778380215,3313,0:37:25.920000,"(datetime.datetime(2026, 9, 29, 15, 50, 11, 877000),)",2a3c600a
408594164,-778383226,3273,0:37:26,"(datetime.datetime(2026, 9, 29, 15, 50, 11, 951000),)",2a3c600d
408596420,-778380074,3312,0:37:26.070000,"(datetime.datetime(2026, 9, 29, 15, 50, 12, 22000),)",2a3c600a
408594276,-778383064,3274,0:37:26.140000,"(datetime.datetime(2026, 9, 29, 15, 50, 12, 96000),)",2a3c600d
408596525,-778379928,3313,0:37:26.210000,"(datetime.datetime(2026, 9, 29, 15, 50, 12, 167000),)",2a3c600a
408594386,-778382910,3273,0:37:26.290000,"(datetime.datetime(2026, 9, 29, 15, 50, 12, 243000),)",2a3c600d
408596634,-778379786,3312,0:37:26.360000,"(datetime.datetime(2026, 9, 29, 15, 50, 12, 319000),)",2a3c600a
408594499,-778382758,3273,0:37:26.440000,"(datetime.datetime(2026, 9, 29, 15, 50, 12, 393000),)",2a3c600d
408596738,-778379644,3312,0:37:26.510000,"(datetime.datetime(2026, 9, 29, 15, 50, 12, 466000),)",2a3c600a
408594609,-778382603,3272,0:37:26.590000,"(datetime.datetime(2026, 9, 29, 15, 50, 12, 543000),)",2a3c600d
408596738,-778379644,3312,0:37:26.660000,"(datetime.datetime(2026, 9, 29, 15, 50, 12, 619000),)",2a3c600a
408594725,-778382452,3272,0:37:26.740000,"(datetime.datetime(2026, 9, 29, 15, 50, 12, 693000),)",2a3c600d
408596844,-778379509,3311,0:37:26.800000,"(datetime.datetime(2026, 9, 29, 15, 50, 12, 755000),)",2a3c600a
408594836,-778382295,3272,0:37:26.880000,"(datetime.datetime(2026, 9, 29, 15, 50, 12, 830000),)",2a3c600d
408596946,-778379367,3311,0:37:26.950000,"(datetime.datetime(2026, 9, 29, 15, 50, 12, 902000),)",2a3c600a
408594946,-778382144,3271,0:37:27.020000,"(datetime.datetime(2026, 9, 29, 15, 50, 12, 979000),)",2a3c600d
408597154,-778379089,3310,0:37:27.100000,"(datetime.datetime(2026, 9, 29, 15, 50, 13, 58000),)",2a3c600a
408595056,-778381989,3271,0:37:27.180000,"(datetime.datetime(2026, 9, 29, 15, 50, 13, 137000),)",2a3c600d
408597255,-778378946,3310,0:37:27.260000,"(datetime.datetime(2026, 9, 29, 15, 50, 13, 211000),)",2a3c600a
408595170,-778381842,3270,0:37:27.330000,"(datetime.datetime(2026, 9, 29, 15, 50, 13, 285000),)",2a3c600d
408597361,-778378805,3309,0:37:27.400000,"(datetime.datetime(2026, 9, 29, 15, 50, 13, 357000),)",2a3c600a
408595281,-778381688,3270,0:37:27.480000,"(datetime.datetime(2026, 9, 29, 15, 50, 13, 433000),)",2a3c600d
408597464,-778378666,3309,0:37:27.560000,"(datetime.datetime(2026, 9, 29, 15, 50, 13, 518000),)",2a3c600a
408597464,-778378666,3309,0:37:27.640000,"(datetime.datetime(2026, 9, 29, 15, 50, 13, 597000),)",2a3c600a
408595392,-778381537,3270,0:37:27.730000,"(datetime.datetime(2026, 9, 29, 15, 50, 13, 685000),)",2a3c600d
408595506,-778381386,3269,0:37:27.800000,"(datetime.datetime(2026, 9, 29, 15, 50, 13, 755000),)",2a3c600d
408597570,-778378528,3308,0:37:27.900000,"(datetime.datetime(2026, 9, 29, 15, 50, 13, 851000),)",2a3c600a
408595619,-778381241,3269,0:37:27.970000,"(datetime.datetime(2026, 9, 29, 15, 50, 13, 923000),)",2a3c600d
408597679,-778378391,3307,0:37:28.160000,"(datetime.datetime(2026, 9, 29, 15, 50, 14, 111000),)",2a3c600a
408595731,-778381090,3269,0:37:28.300000,"(datetime.datetime(2026, 9, 29, 15, 50, 14, 257000),)",2a3c600d
408597778,-778378249,3308,0:37:28.370000,"(datetime.datetime(2026, 9, 29, 15, 50, 14, 320000),)",2a3c600a
408595731,-778381090,3269,0:37:28.570000,"(datetime.datetime(2026, 9, 29, 15, 50, 14, 530000),)",2a3c600d
408597883,-778378110,3307,0:37:28.730000,"(datetime.datetime(2026, 9, 29, 15, 50, 14, 689000),)",2a3c600a
408595841,-778380941,3268,0:37:28.940000,"(datetime.datetime(2026, 9, 29, 15, 50, 14, 894000),)",2a3c600d
408597986,-778377972,3307,0:37:29.130000,"(datetime.datetime(2026, 9, 29, 15, 50, 15, 90000),)",2a3c600a
408595952,-778380790,3268,0:37:29.270000,"(datetime.datetime(2026, 9, 29, 15, 50, 15, 221000),)",2a3c600d
408598087,-778377837,3306,0:37:29.430000,"(datetime.datetime(2026, 9, 29, 15, 50, 15, 384000),)",2a3c600a
408596062,-778380645,3268,0:37:29.490000,"(datetime.datetime(2026, 9, 29, 15, 50, 15, 441000),)",2a3c600d
408598190,-778377695,3306,0:37:29.580000,"(datetime.datetime(2026, 9, 29, 15, 50, 15, 537000),)",2a3c600a
408596172,-778380499,3267,0:37:29.760000,"(datetime.datetime(2026, 9, 29, 15, 50, 15, 715000),)",2a3c600d
408598294,-778377561,3306,0:37:29.950000,"(datetime.datetime(2026, 9, 29, 15, 50, 15, 905000),)",2a3c600a
408596282,-778380349,3267,0:37:29.990000,"(datetime.datetime(2026, 9, 29, 15, 50, 15, 947000),)",2a3c600d
408598394,-778377415,3306,0:37:30.160000,"(datetime.datetime(2026, 9, 29, 15, 50, 16, 114000),)",2a3c600a
408596391,-778380203,3267,0:37:30.300000,"(datetime.datetime(2026, 9, 29, 15, 50, 16, 256000),)",2a3c600d
408598497,-778377282,3305,0:37:30.450000,"(datetime.datetime(2026, 9, 29, 15, 50, 16, 403000),)",2a3c600a
408596499,-778380057,3266,0:37:30.500000,"(datetime.datetime(2026, 9, 29, 15, 50, 16, 457000),)",2a3c600d
408598600,-778377142,3305,0:37:30.600000,"(datetime.datetime(2026, 9, 29, 15, 50, 16, 559000),)",2a3c600a
408596606,-778379908,3266,0:37:30.750000,"(datetime.datetime(2026, 9, 29, 15, 50, 16, 701000),)",2a3c600d
408598700,-778376999,3305,0:37:30.900000,"(datetime.datetime(2026, 9, 29, 15, 50, 16, 852000),)",2a3c600a
408596714,-778379765,3266,0:37:31.030000,"(datetime.datetime(2026, 9, 29, 15, 50, 16, 990000),)",2a3c600d
408598801,-778376864,3304,0:37:31.090000,"(datetime.datetime(2026, 9, 29, 15, 50, 17, 46000),)",2a3c600a
408596824,-778379622,3265,0:37:31.160000,"(datetime.datetime(2026, 9, 29, 15, 50, 17, 112000),)",2a3c600d
408598902,-778376724,3305,0:37:31.230000,"(datetime.datetime(2026, 9, 29, 15, 50, 17, 190000),)",2a3c600a
408596928,-778379477,3264,0:37:31.320000,"(datetime.datetime(2026, 9, 29, 15, 50, 17, 271000),)",2a3c600d
408599003,-778376589,3304,0:37:31.390000,"(datetime.datetime(2026, 9, 29, 15, 50, 17, 348000),)",2a3c600a
408599106,-778376448,3304,0:37:31.470000,"(datetime.datetime(2026, 9, 29, 15, 50, 17, 426000),)",2a3c600a
408597036,-778379331,3264,0:37:31.560000,"(datetime.datetime(2026, 9, 29, 15, 50, 17, 515000),)",2a3c600d
408599206,-778376316,3304,0:37:31.640000,"(datetime.datetime(2026, 9, 29, 15, 50, 17, 599000),)",2a3c600a
408597142,-778379187,3264,0:37:31.720000,"(datetime.datetime(2026, 9, 29, 15, 50, 17, 679000),)",2a3c600d
408599308,-778376177,3304,0:37:31.800000,"(datetime.datetime(2026, 9, 29, 15, 50, 17, 758000),)",2a3c600a
408597247,-778379043,3263,0:37:31.890000,"(datetime.datetime(2026, 9, 29, 15, 50, 17, 841000),)",2a3c600d
408599409,-778376042,3304,0:37:31.960000,"(datetime.datetime(2026, 9, 29, 15, 50, 17, 918000),)",2a3c600a
408597352,-778378901,3263,0:37:32.040000,"(datetime.datetime(2026, 9, 29, 15, 50, 17, 992000),)",2a3c600d
408599510,-778375905,3303,0:37:32.110000,"(datetime.datetime(2026, 9, 29, 15, 50, 18, 64000),)",2a3c600a
408597457,-778378755,3263,0:37:32.190000,"(datetime.datetime(2026, 9, 29, 15, 50, 18, 148000),)",2a3c600d
408599610,-778375771,3303,0:37:32.260000,"(datetime.datetime(2026, 9, 29, 15, 50, 18, 214000),)",2a3c600a
408597560,-778378614,3262,0:37:32.340000,"(datetime.datetime(2026, 9, 29, 15, 50, 18, 292000),)",2a3c600d
408599710,-778375631,3303,0:37:32.420000,"(datetime.datetime(2026, 9, 29, 15, 50, 18, 376000),)",2a3c600a
408597663,-778378465,3262,0:37:32.500000,"(datetime.datetime(2026, 9, 29, 15, 50, 18, 450000),)",2a3c600d
408599808,-778375496,3303,0:37:32.580000,"(datetime.datetime(2026, 9, 29, 15, 50, 18, 533000),)",2a3c600a
408597767,-778378327,3262,0:37:32.650000,"(datetime.datetime(2026, 9, 29, 15, 50, 18, 607000),)",2a3c600d
408599907,-778375359,3303,0:37:32.730000,"(datetime.datetime(2026, 9, 29, 15, 50, 18, 682000),)",2a3c600a
408597870,-778378182,3262,0:37:32.800000,"(datetime.datetime(2026, 9, 29, 15, 50, 18, 756000),)",2a3c600d
408600005,-778375224,3302,0:37:32.870000,"(datetime.datetime(2026, 9, 29, 15, 50, 18, 830000),)",2a3c600a
408597973,-778378044,3261,0:37:32.960000,"(datetime.datetime(2026, 9, 29, 15, 50, 18, 915000),)",2a3c600d
408600106,-778375090,3302,0:37:33.030000,"(datetime.datetime(2026, 9, 29, 15, 50, 18, 984000),)",2a3c600a
408598077,-778377905,3260,0:37:33.100000,"(datetime.datetime(2026, 9, 29, 15, 50, 19, 54000),)",2a3c600d
408600203,-778374951,3302,0:37:33.180000,"(datetime.datetime(2026, 9, 29, 15, 50, 19, 131000),)",2a3c600a
408598277,-778377623,3260,0:37:33.260000,"(datetime.datetime(2026, 9, 29, 15, 50, 19, 214000),)",2a3c600d
408600303,-778374816,3302,0:37:33.350000,"(datetime.datetime(2026, 9, 29, 15, 50, 19, 301000),)",2a3c600a
408598277,-778377623,3260,0:37:33.420000,"(datetime.datetime(2026, 9, 29, 15, 50, 19, 375000),)",2a3c600d
408600403,-778374683,3301,0:37:33.490000,"(datetime.datetime(2026, 9, 29, 15, 50, 19, 447000),)",2a3c600a
408598379,-778377485,3260,0:37:33.570000,"(datetime.datetime(2026, 9, 29, 15, 50, 19, 520000),)",2a3c600d
408600500,-778374547,3301,0:37:33.640000,"(datetime.datetime(2026, 9, 29, 15, 50, 19, 598000),)",2a3c600a
408598476,-778377342,3260,0:37:33.720000,"(datetime.datetime(2026, 9, 29, 15, 50, 19, 674000),)",2a3c600d
408600598,-778374412,3301,0:37:33.810000,"(datetime.datetime(2026, 9, 29, 15, 50, 19, 764000),)",2a3c600a
408598678,-778377062,3259,0:37:33.870000,"(datetime.datetime(2026, 9, 29, 15, 50, 19, 828000),)",2a3c600d
408600702,-778374279,3301,0:37:33.950000,"(datetime.datetime(2026, 9, 29, 15, 50, 19, 903000),)",2a3c600a
408598782,-778376929,3259,0:37:34.020000,"(datetime.datetime(2026, 9, 29, 15, 50, 19, 973000),)",2a3c600d
408600800,-778374144,3300,0:37:34.110000,"(datetime.datetime(2026, 9, 29, 15, 50, 20, 64000),)",2a3c600a
408598883,-778376791,3259,0:37:34.180000,"(datetime.datetime(2026, 9, 29, 15, 50, 20, 133000),)",2a3c600d
408600897,-778374011,3299,0:37:34.250000,"(datetime.datetime(2026, 9, 29, 15, 50, 20, 204000),)",2a3c600a
408598883,-778376791,3259,0:37:34.320000,"(datetime.datetime(2026, 9, 29, 15, 50, 20, 276000),)",2a3c600d
408600995,-778373878,3299,0:37:34.400000,"(datetime.datetime(2026, 9, 29, 15, 50, 20, 357000),)",2a3c600a
408598985,-778376656,3258,0:37:34.480000,"(datetime.datetime(2026, 9, 29, 15, 50, 20, 437000),)",2a3c600d
408601094,-778373743,3299,0:37:34.560000,"(datetime.datetime(2026, 9, 29, 15, 50, 20, 515000),)",2a3c600a
408599085,-778376519,3258,0:37:34.640000,"(datetime.datetime(2026, 9, 29, 15, 50, 20, 592000),)",2a3c600d
408601191,-778373609,3299,0:37:34.710000,"(datetime.datetime(2026, 9, 29, 15, 50, 20, 668000),)",2a3c600a
408599184,-778376381,3258,0:37:34.790000,"(datetime.datetime(2026, 9, 29, 15, 50, 20, 744000),)",2a3c600d
408601289,-778373475,3299,0:37:34.860000,"(datetime.datetime(2026, 9, 29, 15, 50, 20, 818000),)",2a3c600a
408599386,-778376111,3258,0:37:34.930000,"(datetime.datetime(2026, 9, 29, 15, 50, 20, 889000),)",2a3c600d
408601387,-778373341,3299,0:37:35.010000,"(datetime.datetime(2026, 9, 29, 15, 50, 20, 965000),)",2a3c600a
408599386,-778376111,3258,0:37:35.090000,"(datetime.datetime(2026, 9, 29, 15, 50, 21, 50000),)",2a3c600d
408601484,-778373211,3298,0:37:35.160000,"(datetime.datetime(2026, 9, 29, 15, 50, 21, 115000),)",2a3c600a
408599485,-778375971,3257,0:37:35.240000,"(datetime.datetime(2026, 9, 29, 15, 50, 21, 190000),)",2a3c600d
408601582,-778373074,3298,0:37:35.310000,"(datetime.datetime(2026, 9, 29, 15, 50, 21, 264000),)",2a3c600a
408599581,-778375833,3257,0:37:35.390000,"(datetime.datetime(2026, 9, 29, 15, 50, 21, 343000),)",2a3c600d
408601677,-778372943,3298,0:37:35.470000,"(datetime.datetime(2026, 9, 29, 15, 50, 21, 428000),)",2a3c600a
408599688,-778375697,3257,0:37:35.550000,"(datetime.datetime(2026, 9, 29, 15, 50, 21, 502000),)",2a3c600d
408601774,-778372810,3297,0:37:35.620000,"(datetime.datetime(2026, 9, 29, 15, 50, 21, 577000),)",2a3c600a
408599787,-778375563,3257,0:37:35.710000,"(datetime.datetime(2026, 9, 29, 15, 50, 21, 663000),)",2a3c600d
408601870,-778372678,3298,0:37:35.780000,"(datetime.datetime(2026, 9, 29, 15, 50, 21, 737000),)",2a3c600a
408599883,-778375430,3256,0:37:35.880000,"(datetime.datetime(2026, 9, 29, 15, 50, 21, 832000),)",2a3c600d
408601966,-778372544,3297,0:37:35.940000,"(datetime.datetime(2026, 9, 29, 15, 50, 21, 895000),)",2a3c600a
408600080,-778375158,3256,0:37:36.020000,"(datetime.datetime(2026, 9, 29, 15, 50, 21, 977000),)",2a3c600d
408602060,-778372414,3298,0:37:36.100000,"(datetime.datetime(2026, 9, 29, 15, 50, 22, 52000),)",2a3c600a
408600080,-778375158,3256,0:37:36.180000,"(datetime.datetime(2026, 9, 29, 15, 50, 22, 138000),)",2a3c600d
408602157,-778372280,3297,0:37:36.260000,"(datetime.datetime(2026, 9, 29, 15, 50, 22, 210000),)",2a3c600a
408600180,-778375024,3256,0:37:36.340000,"(datetime.datetime(2026, 9, 29, 15, 50, 22, 293000),)",2a3c600d
408602253,-778372148,3297,0:37:36.400000,"(datetime.datetime(2026, 9, 29, 15, 50, 22, 360000),)",2a3c600a
408600377,-778374753,3255,0:37:36.480000,"(datetime.datetime(2026, 9, 29, 15, 50, 22, 433000),)",2a3c600d
408602347,-778372015,3297,0:37:36.560000,"(datetime.datetime(2026, 9, 29, 15, 50, 22, 514000),)",2a3c600a
408600476,-778374622,3255,0:37:36.640000,"(datetime.datetime(2026, 9, 29, 15, 50, 22, 596000),)",2a3c600d
408602443,-778371883,3297,0:37:36.710000,"(datetime.datetime(2026, 9, 29, 15, 50, 22, 669000),)",2a3c600a
408600573,-778374485,3255,0:37:36.790000,"(datetime.datetime(2026, 9, 29, 15, 50, 22, 743000),)",2a3c600d
408602539,-778371750,3296,0:37:36.870000,"(datetime.datetime(2026, 9, 29, 15, 50, 22, 822000),)",2a3c600a
408600671,-778374349,3255,0:37:36.940000,"(datetime.datetime(2026, 9, 29, 15, 50, 22, 899000),)",2a3c600d
408602635,-778371622,3296,0:37:37.020000,"(datetime.datetime(2026, 9, 29, 15, 50, 22, 973000),)",2a3c600a
408600767,-778374213,3254,0:37:37.120000,"(datetime.datetime(2026, 9, 29, 15, 50, 23, 72000),)",2a3c600d
408602730,-778371490,3296,0:37:37.180000,"(datetime.datetime(2026, 9, 29, 15, 50, 23, 131000),)",2a3c600a
408600862,-778374083,3253,0:37:37.260000,"(datetime.datetime(2026, 9, 29, 15, 50, 23, 218000),)",2a3c600d
408602824,-778371358,3296,0:37:37.350000,"(datetime.datetime(2026, 9, 29, 15, 50, 23, 307000),)",2a3c600a
408600963,-778373949,3253,0:37:37.450000,"(datetime.datetime(2026, 9, 29, 15, 50, 23, 401000),)",2a3c600d
408602918,-778371228,3295,0:37:37.510000,"(datetime.datetime(2026, 9, 29, 15, 50, 23, 467000),)",2a3c600a
408601059,-778373815,3253,0:37:37.580000,"(datetime.datetime(2026, 9, 29, 15, 50, 23, 539000),)",2a3c600d
408603012,-778371097,3295,0:37:37.660000,"(datetime.datetime(2026, 9, 29, 15, 50, 23, 611000),)",2a3c600a
408603105,-778370968,3295,0:37:37.740000,"(datetime.datetime(2026, 9, 29, 15, 50, 23, 693000),)",2a3c600a
408601157,-778373684,3253,0:37:37.820000,"(datetime.datetime(2026, 9, 29, 15, 50, 23, 773000),)",2a3c600d
408601250,-778373552,3253,0:37:37.890000,"(datetime.datetime(2026, 9, 29, 15, 50, 23, 846000),)",2a3c600d
408603199,-778370835,3295,0:37:37.960000,"(datetime.datetime(2026, 9, 29, 15, 50, 23, 920000),)",2a3c600a
408603292,-778370706,3295,0:37:38.040000,"(datetime.datetime(2026, 9, 29, 15, 50, 23, 992000),)",2a3c600a
408601347,-778373421,3253,0:37:38.120000,"(datetime.datetime(2026, 9, 29, 15, 50, 24, 73000),)",2a3c600d
408601442,-778373289,3252,0:37:38.190000,"(datetime.datetime(2026, 9, 29, 15, 50, 24, 150000),)",2a3c600d
408603385,-778370574,3295,0:37:38.270000,"(datetime.datetime(2026, 9, 29, 15, 50, 24, 221000),)",2a3c600a
408601537,-778373155,3252,0:37:38.360000,"(datetime.datetime(2026, 9, 29, 15, 50, 24, 313000),)",2a3c600d
408603478,-778370444,3294,0:37:38.450000,"(datetime.datetime(2026, 9, 29, 15, 50, 24, 406000),)",2a3c600a
408603572,-778370311,3294,0:37:38.520000,"(datetime.datetime(2026, 9, 29, 15, 50, 24, 472000),)",2a3c600a
408601634,-778373024,3252,0:37:38.600000,"(datetime.datetime(2026, 9, 29, 15, 50, 24, 554000),)",2a3c600d
408601728,-778372899,3251,0:37:38.670000,"(datetime.datetime(2026, 9, 29, 15, 50, 24, 628000),)",2a3c600d
408603666,-778370180,3294,0:37:38.750000,"(datetime.datetime(2026, 9, 29, 15, 50, 24, 702000),)",2a3c600a
408601820,-778372767,3251,0:37:38.830000,"(datetime.datetime(2026, 9, 29, 15, 50, 24, 781000),)",2a3c600d
408603758,-778370052,3294,0:37:38.910000,"(datetime.datetime(2026, 9, 29, 15, 50, 24, 870000),)",2a3c600a
408601916,-778372639,3251,0:37:38.980000,"(datetime.datetime(2026, 9, 29, 15, 50, 24, 934000),)",2a3c600d
408603850,-778369924,3294,0:37:39.060000,"(datetime.datetime(2026, 9, 29, 15, 50, 25, 13000),)",2a3c600a
408602009,-778372510,3251,0:37:39.130000,"(datetime.datetime(2026, 9, 29, 15, 50, 25, 88000),)",2a3c600d
408603942,-778369795,3294,0:37:39.210000,"(datetime.datetime(2026, 9, 29, 15, 50, 25, 168000),)",2a3c600a
408602103,-778372383,3251,0:37:39.290000,"(datetime.datetime(2026, 9, 29, 15, 50, 25, 245000),)",2a3c600d
408604034,-778369667,3293,0:37:39.370000,"(datetime.datetime(2026, 9, 29, 15, 50, 25, 325000),)",2a3c600a
408602196,-778372255,3250,0:37:39.460000,"(datetime.datetime(2026, 9, 29, 15, 50, 25, 413000),)",2a3c600d
408604126,-778369540,3294,0:37:39.540000,"(datetime.datetime(2026, 9, 29, 15, 50, 25, 492000),)",2a3c600a
408602288,-778372128,3250,0:37:39.620000,"(datetime.datetime(2026, 9, 29, 15, 50, 25, 576000),)",2a3c600d
408604218,-778369413,3293,0:37:39.680000,"(datetime.datetime(2026, 9, 29, 15, 50, 25, 640000),)",2a3c600a
408602380,-778372003,3250,0:37:39.760000,"(datetime.datetime(2026, 9, 29, 15, 50, 25, 712000),)",2a3c600d
408604310,-778369287,3293,0:37:39.840000,"(datetime.datetime(2026, 9, 29, 15, 50, 25, 800000),)",2a3c600a
408602468,-778371873,3250,0:37:39.920000,"(datetime.datetime(2026, 9, 29, 15, 50, 25, 873000),)",2a3c600d
408604402,-778369160,3293,0:37:39.990000,"(datetime.datetime(2026, 9, 29, 15, 50, 25, 949000),)",2a3c600a
408602564,-778371748,3249,0:37:40.060000,"(datetime.datetime(2026, 9, 29, 15, 50, 26, 18000),)",2a3c600d
408604493,-778369030,3293,0:37:40.140000,"(datetime.datetime(2026, 9, 29, 15, 50, 26, 90000),)",2a3c600a
408602650,-778371626,3249,0:37:40.220000,"(datetime.datetime(2026, 9, 29, 15, 50, 26, 175000),)",2a3c600d
408604584,-778368904,3293,0:37:40.290000,"(datetime.datetime(2026, 9, 29, 15, 50, 26, 250000),)",2a3c600a
408602743,-778371501,3249,0:37:40.360000,"(datetime.datetime(2026, 9, 29, 15, 50, 26, 316000),)",2a3c600d
408604676,-778368776,3293,0:37:40.440000,"(datetime.datetime(2026, 9, 29, 15, 50, 26, 398000),)",2a3c600a
408602831,-778371377,3249,0:37:40.510000,"(datetime.datetime(2026, 9, 29, 15, 50, 26, 470000),)",2a3c600d
408604765,-778368650,3293,0:37:40.590000,"(datetime.datetime(2026, 9, 29, 15, 50, 26, 548000),)",2a3c600a
408602919,-778371254,3249,0:37:40.670000,"(datetime.datetime(2026, 9, 29, 15, 50, 26, 622000),)",2a3c600d
408604857,-778368525,3293,0:37:40.760000,"(datetime.datetime(2026, 9, 29, 15, 50, 26, 715000),)",2a3c600a
408603008,-778371129,3248,0:37:40.830000,"(datetime.datetime(2026, 9, 29, 15, 50, 26, 783000),)",2a3c600d
408604947,-778368399,3292,0:37:40.910000,"(datetime.datetime(2026, 9, 29, 15, 50, 26, 868000),)",2a3c600a
408603097,-778371009,3248,0:37:40.990000,"(datetime.datetime(2026, 9, 29, 15, 50, 26, 942000),)",2a3c600d
408605037,-778368274,3293,0:37:41.060000,"(datetime.datetime(2026, 9, 29, 15, 50, 27, 20000),)",2a3c600a
408603186,-778370888,3248,0:37:41.140000,"(datetime.datetime(2026, 9, 29, 15, 50, 27, 97000),)",2a3c600d
408605126,-778368150,3293,0:37:41.220000,"(datetime.datetime(2026, 9, 29, 15, 50, 27, 171000),)",2a3c600a
408603274,-778370768,3248,0:37:41.290000,"(datetime.datetime(2026, 9, 29, 15, 50, 27, 243000),)",2a3c600d
408605217,-778368028,3293,0:37:41.370000,"(datetime.datetime(2026, 9, 29, 15, 50, 27, 323000),)",2a3c600a
408603360,-778370643,3248,0:37:41.440000,"(datetime.datetime(2026, 9, 29, 15, 50, 27, 396000),)",2a3c600d
408605306,-778367905,3293,0:37:41.510000,"(datetime.datetime(2026, 9, 29, 15, 50, 27, 470000),)",2a3c600a
408603452,-778370523,3248,0:37:41.600000,"(datetime.datetime(2026, 9, 29, 15, 50, 27, 551000),)",2a3c600d
408605396,-778367779,3293,0:37:41.670000,"(datetime.datetime(2026, 9, 29, 15, 50, 27, 622000),)",2a3c600a
408603452,-778370523,3248,0:37:41.750000,"(datetime.datetime(2026, 9, 29, 15, 50, 27, 704000),)",2a3c600d
408605485,-778367657,3293,0:37:41.820000,"(datetime.datetime(2026, 9, 29, 15, 50, 27, 776000),)",2a3c600a
408603539,-778370406,3247,0:37:41.900000,"(datetime.datetime(2026, 9, 29, 15, 50, 27, 853000),)",2a3c600d
408605574,-778367536,3294,0:37:41.980000,"(datetime.datetime(2026, 9, 29, 15, 50, 27, 930000),)",2a3c600a
408603708,-778370164,3247,0:37:42.050000,"(datetime.datetime(2026, 9, 29, 15, 50, 28, 4000),)",2a3c600d
408605661,-778367417,3294,0:37:42.130000,"(datetime.datetime(2026, 9, 29, 15, 50, 28, 85000),)",2a3c600a
408603796,-778370047,3247,0:37:42.210000,"(datetime.datetime(2026, 9, 29, 15, 50, 28, 163000),)",2a3c600d
408605749,-778367299,3294,0:37:42.280000,"(datetime.datetime(2026, 9, 29, 15, 50, 28, 239000),)",2a3c600a
408603882,-778369930,3247,0:37:42.370000,"(datetime.datetime(2026, 9, 29, 15, 50, 28, 322000),)",2a3c600d
408605834,-778367179,3294,0:37:42.440000,"(datetime.datetime(2026, 9, 29, 15, 50, 28, 398000),)",2a3c600a
408603966,-778369810,3247,0:37:42.520000,"(datetime.datetime(2026, 9, 29, 15, 50, 28, 477000),)",2a3c600d
408605919,-778367059,3294,0:37:42.600000,"(datetime.datetime(2026, 9, 29, 15, 50, 28, 554000),)",2a3c600a
408604051,-778369693,3247,0:37:42.670000,"(datetime.datetime(2026, 9, 29, 15, 50, 28, 624000),)",2a3c600d
408606004,-778366943,3294,0:37:42.740000,"(datetime.datetime(2026, 9, 29, 15, 50, 28, 699000),)",2a3c600a
408604136,-778369574,3247,0:37:42.820000,"(datetime.datetime(2026, 9, 29, 15, 50, 28, 779000),)",2a3c600d
408606088,-778366828,3294,0:37:42.900000,"(datetime.datetime(2026, 9, 29, 15, 50, 28, 859000),)",2a3c600a
408604222,-778369459,3247,0:37:43.150000,"(datetime.datetime(2026, 9, 29, 15, 50, 29, 103000),)",2a3c600d
408606168,-778366715,3294,0:37:43.350000,"(datetime.datetime(2026, 9, 29, 15, 50, 29, 310000),)",2a3c600a
408604222,-778369459,3247,0:37:43.430000,"(datetime.datetime(2026, 9, 29, 15, 50, 29, 382000),)",2a3c600d
408606252,-778366601,3294,0:37:43.520000,"(datetime.datetime(2026, 9, 29, 15, 50, 29, 473000),)",2a3c600a
408604309,-778369335,3247,0:37:43.630000,"(datetime.datetime(2026, 9, 29, 15, 50, 29, 584000),)",2a3c600d
408606334,-778366488,3294,0:37:43.780000,"(datetime.datetime(2026, 9, 29, 15, 50, 29, 734000),)",2a3c600a
408604392,-778369225,3247,0:37:43.830000,"(datetime.datetime(2026, 9, 29, 15, 50, 29, 782000),)",2a3c600d
408606412,-778366382,3294,0:37:43.920000,"(datetime.datetime(2026, 9, 29, 15, 50, 29, 880000),)",2a3c600a
408604475,-778369111,3247,0:37:44.170000,"(datetime.datetime(2026, 9, 29, 15, 50, 30, 128000),)",2a3c600d
408606492,-778366271,3294,0:37:44.290000,"(datetime.datetime(2026, 9, 29, 15, 50, 30, 242000),)",2a3c600a
408604557,-778368997,3246,0:37:44.360000,"(datetime.datetime(2026, 9, 29, 15, 50, 30, 311000),)",2a3c600d
408606569,-778366164,3294,0:37:44.470000,"(datetime.datetime(2026, 9, 29, 15, 50, 30, 423000),)",2a3c600a
408604640,-778368885,3246,0:37:44.540000,"(datetime.datetime(2026, 9, 29, 15, 50, 30, 493000),)",2a3c600d
408606648,-778366059,3294,0:37:44.720000,"(datetime.datetime(2026, 9, 29, 15, 50, 30, 670000),)",2a3c600a
408604719,-778368772,3246,0:37:44.890000,"(datetime.datetime(2026, 9, 29, 15, 50, 30, 847000),)",2a3c600d
408606721,-778365954,3294,0:37:44.950000,"(datetime.datetime(2026, 9, 29, 15, 50, 30, 902000),)",2a3c600a
408604798,-778368662,3246,0:37:45.050000,"(datetime.datetime(2026, 9, 29, 15, 50, 31, 5000),)",2a3c600d
408606796,-778365855,3294,0:37:45.230000,"(datetime.datetime(2026, 9, 29, 15, 50, 31, 188000),)",2a3c600a
408604880,-778368553,3246,0:37:45.340000,"(datetime.datetime(2026, 9, 29, 15, 50, 31, 294000),)",2a3c600d
408606867,-778365755,3294,0:37:45.510000,"(datetime.datetime(2026, 9, 29, 15, 50, 31, 464000),)",2a3c600a
408605038,-778368336,3247,0:37:45.560000,"(datetime.datetime(2026, 9, 29, 15, 50, 31, 517000),)",2a3c600d
408606938,-778365652,3294,0:37:45.740000,"(datetime.datetime(2026, 9, 29, 15, 50, 31, 696000),)",2a3c600a
408605121,-778368228,3247,0:37:45.780000,"(datetime.datetime(2026, 9, 29, 15, 50, 31, 737000),)",2a3c600d
408607008,-778365550,3294,0:37:45.860000,"(datetime.datetime(2026, 9, 29, 15, 50, 31, 816000),)",2a3c600a
408605121,-778368228,3247,0:37:45.940000,"(datetime.datetime(2026, 9, 29, 15, 50, 31, 893000),)",2a3c600d
408607076,-778365456,3295,0:37:46.020000,"(datetime.datetime(2026, 9, 29, 15, 50, 31, 970000),)",2a3c600a
408605194,-778368125,3247,0:37:46.090000,"(datetime.datetime(2026, 9, 29, 15, 50, 32, 45000),)",2a3c600d
408607144,-778365366,3294,0:37:46.160000,"(datetime.datetime(2026, 9, 29, 15, 50, 32, 119000),)",2a3c600a
408605272,-778368025,3247,0:37:46.240000,"(datetime.datetime(2026, 9, 29, 15, 50, 32, 196000),)",2a3c600d
408607212,-778365273,3295,0:37:46.310000,"(datetime.datetime(2026, 9, 29, 15, 50, 32, 267000),)",2a3c600a
408605343,-778367921,3247,0:37:46.400000,"(datetime.datetime(2026, 9, 29, 15, 50, 32, 351000),)",2a3c600d
408607274,-778365183,3294,0:37:46.480000,"(datetime.datetime(2026, 9, 29, 15, 50, 32, 431000),)",2a3c600a
408605420,-778367823,3247,0:37:46.550000,"(datetime.datetime(2026, 9, 29, 15, 50, 32, 510000),)",2a3c600d
408607339,-778365093,3294,0:37:46.630000,"(datetime.datetime(2026, 9, 29, 15, 50, 32, 590000),)",2a3c600a
408605490,-778367724,3247,0:37:46.710000,"(datetime.datetime(2026, 9, 29, 15, 50, 32, 662000),)",2a3c600d
408607403,-778365009,3294,0:37:46.780000,"(datetime.datetime(2026, 9, 29, 15, 50, 32, 733000),)",2a3c600a
408605561,-778367624,3247,0:37:46.860000,"(datetime.datetime(2026, 9, 29, 15, 50, 32, 815000),)",2a3c600d
408607462,-778364925,3294,0:37:46.940000,"(datetime.datetime(2026, 9, 29, 15, 50, 32, 893000),)",2a3c600a
408605631,-778367531,3247,0:37:47.020000,"(datetime.datetime(2026, 9, 29, 15, 50, 32, 977000),)",2a3c600d
408607522,-778364841,3294,0:37:47.090000,"(datetime.datetime(2026, 9, 29, 15, 50, 33, 50000),)",2a3c600a
408605699,-778367435,3247,0:37:47.170000,"(datetime.datetime(2026, 9, 29, 15, 50, 33, 127000),)",2a3c600d
408607581,-778364761,3294,0:37:47.250000,"(datetime.datetime(2026, 9, 29, 15, 50, 33, 202000),)",2a3c600a
408605768,-778367343,3247,0:37:47.320000,"(datetime.datetime(2026, 9, 29, 15, 50, 33, 276000),)",2a3c600d
408607645,-778364680,3294,0:37:47.400000,"(datetime.datetime(2026, 9, 29, 15, 50, 33, 356000),)",2a3c600a
408605835,-778367240,3248,0:37:47.480000,"(datetime.datetime(2026, 9, 29, 15, 50, 33, 437000),)",2a3c600d
408607697,-778364604,3294,0:37:47.560000,"(datetime.datetime(2026, 9, 29, 15, 50, 33, 515000),)",2a3c600a
408605899,-778367157,3248,0:37:47.630000,"(datetime.datetime(2026, 9, 29, 15, 50, 33, 589000),)",2a3c600d
408607752,-778364528,3294,0:37:47.720000,"(datetime.datetime(2026, 9, 29, 15, 50, 33, 676000),)",2a3c600a
408605965,-778367067,3248,0:37:47.780000,"(datetime.datetime(2026, 9, 29, 15, 50, 33, 740000),)",2a3c600d
408607805,-778364455,3294,0:37:47.860000,"(datetime.datetime(2026, 9, 29, 15, 50, 33, 820000),)",2a3c600a
408606029,-778366980,3248,0:37:47.930000,"(datetime.datetime(2026, 9, 29, 15, 50, 33, 889000),)",2a3c600d
408607856,-778364382,3294,0:37:48.010000,"(datetime.datetime(2026, 9, 29, 15, 50, 33, 962000),)",2a3c600a
408606092,-778366891,3248,0:37:48.080000,"(datetime.datetime(2026, 9, 29, 15, 50, 34, 38000),)",2a3c600d
408607908,-778364314,3293,0:37:48.160000,"(datetime.datetime(2026, 9, 29, 15, 50, 34, 114000),)",2a3c600a
408606155,-778366802,3248,0:37:48.230000,"(datetime.datetime(2026, 9, 29, 15, 50, 34, 185000),)",2a3c600d
408607958,-778364243,3294,0:37:48.310000,"(datetime.datetime(2026, 9, 29, 15, 50, 34, 269000),)",2a3c600a
408606218,-778366717,3248,0:37:48.380000,"(datetime.datetime(2026, 9, 29, 15, 50, 34, 340000),)",2a3c600d
408608007,-778364176,3294,0:37:48.470000,"(datetime.datetime(2026, 9, 29, 15, 50, 34, 421000),)",2a3c600a
408606281,-778366632,3248,0:37:48.540000,"(datetime.datetime(2026, 9, 29, 15, 50, 34, 499000),)",2a3c600d
408608054,-778364108,3294,0:37:48.620000,"(datetime.datetime(2026, 9, 29, 15, 50, 34, 574000),)",2a3c600a
408606344,-778366550,3248,0:37:48.690000,"(datetime.datetime(2026, 9, 29, 15, 50, 34, 648000),)",2a3c600d
408608098,-778364046,3293,0:37:48.770000,"(datetime.datetime(2026, 9, 29, 15, 50, 34, 725000),)",2a3c600a
408606405,-778366466,3248,0:37:48.840000,"(datetime.datetime(2026, 9, 29, 15, 50, 34, 800000),)",2a3c600d
408608149,-778363977,3294,0:37:48.920000,"(datetime.datetime(2026, 9, 29, 15, 50, 34, 878000),)",2a3c600a
408606472,-778366375,3248,0:37:49,"(datetime.datetime(2026, 9, 29, 15, 50, 34, 956000),)",2a3c600d
408608189,-778363921,3295,0:37:49.080000,"(datetime.datetime(2026, 9, 29, 15, 50, 35, 34000),)",2a3c600a
408606527,-778366299,3248,0:37:49.150000,"(datetime.datetime(2026, 9, 29, 15, 50, 35, 110000),)",2a3c600d
408608231,-778363859,3294,0:37:49.240000,"(datetime.datetime(2026, 9, 29, 15, 50, 35, 192000),)",2a3c600a
408606587,-778366220,3248,0:37:49.310000,"(datetime.datetime(2026, 9, 29, 15, 50, 35, 267000),)",2a3c600d
408608270,-778363805,3294,0:37:49.400000,"(datetime.datetime(2026, 9, 29, 15, 50, 35, 355000),)",2a3c600a
408606643,-778366138,3248,0:37:49.470000,"(datetime.datetime(2026, 9, 29, 15, 50, 35, 423000),)",2a3c600d
408608310,-778363752,3294,0:37:49.540000,"(datetime.datetime(2026, 9, 29, 15, 50, 35, 498000),)",2a3c600a
408606699,-778366057,3248,0:37:49.620000,"(datetime.datetime(2026, 9, 29, 15, 50, 35, 571000),)",2a3c600d
408608310,-778363752,3294,0:37:49.690000,"(datetime.datetime(2026, 9, 29, 15, 50, 35, 649000),)",2a3c600a
408606758,-778365986,3248,0:37:49.770000,"(datetime.datetime(2026, 9, 29, 15, 50, 35, 724000),)",2a3c600d
408608348,-778363699,3295,0:37:49.860000,"(datetime.datetime(2026, 9, 29, 15, 50, 35, 812000),)",2a3c600a
408606813,-778365904,3248,0:37:49.940000,"(datetime.datetime(2026, 9, 29, 15, 50, 35, 892000),)",2a3c600d
408608383,-778363647,3294,0:37:50.020000,"(datetime.datetime(2026, 9, 29, 15, 50, 35, 971000),)",2a3c600a
408606873,-778365830,3248,0:37:50.080000,"(datetime.datetime(2026, 9, 29, 15, 50, 36, 38000),)",2a3c600d
408608418,-778363599,3294,0:37:50.160000,"(datetime.datetime(2026, 9, 29, 15, 50, 36, 113000),)",2a3c600a
408606924,-778365756,3248,0:37:50.240000,"(datetime.datetime(2026, 9, 29, 15, 50, 36, 197000),)",2a3c600d
408608453,-778363550,3294,0:37:50.320000,"(datetime.datetime(2026, 9, 29, 15, 50, 36, 271000),)",2a3c600a
408606976,-778365679,3248,0:37:50.390000,"(datetime.datetime(2026, 9, 29, 15, 50, 36, 345000),)",2a3c600d
408608484,-778363507,3295,0:37:50.470000,"(datetime.datetime(2026, 9, 29, 15, 50, 36, 424000),)",2a3c600a
408608521,-778363454,3294,0:37:50.540000,"(datetime.datetime(2026, 9, 29, 15, 50, 36, 498000),)",2a3c600a
408607037,-778365598,3249,0:37:50.620000,"(datetime.datetime(2026, 9, 29, 15, 50, 36, 575000),)",2a3c600d
408607088,-778365535,3247,0:37:50.700000,"(datetime.datetime(2026, 9, 29, 15, 50, 36, 654000),)",2a3c600d
408608550,-778363414,3295,0:37:50.770000,"(datetime.datetime(2026, 9, 29, 15, 50, 36, 726000),)",2a3c600a
408607141,-778365461,3248,0:37:50.850000,"(datetime.datetime(2026, 9, 29, 15, 50, 36, 808000),)",2a3c600d
408608584,-778363367,3295,0:37:50.930000,"(datetime.datetime(2026, 9, 29, 15, 50, 36, 883000),)",2a3c600a
408608614,-778363319,3295,0:37:51.010000,"(datetime.datetime(2026, 9, 29, 15, 50, 36, 966000),)",2a3c600a
408607191,-778365393,3248,0:37:51.090000,"(datetime.datetime(2026, 9, 29, 15, 50, 37, 42000),)",2a3c600d
408607239,-778365327,3248,0:37:51.160000,"(datetime.datetime(2026, 9, 29, 15, 50, 37, 111000),)",2a3c600d
408608647,-778363277,3295,0:37:51.230000,"(datetime.datetime(2026, 9, 29, 15, 50, 37, 185000),)",2a3c600a
408607287,-778365262,3248,0:37:51.310000,"(datetime.datetime(2026, 9, 29, 15, 50, 37, 269000),)",2a3c600d
408608680,-778363233,3295,0:37:51.390000,"(datetime.datetime(2026, 9, 29, 15, 50, 37, 347000),)",2a3c600a
408607336,-778365196,3248,0:37:51.460000,"(datetime.datetime(2026, 9, 29, 15, 50, 37, 417000),)",2a3c600d
408608712,-778363189,3295,0:37:51.540000,"(datetime.datetime(2026, 9, 29, 15, 50, 37, 495000),)",2a3c600a
408607382,-778365133,3248,0:37:51.620000,"(datetime.datetime(2026, 9, 29, 15, 50, 37, 574000),)",2a3c600d
408608747,-778363143,3295,0:37:51.700000,"(datetime.datetime(2026, 9, 29, 15, 50, 37, 654000),)",2a3c600a
408607427,-778365072,3248,0:37:51.770000,"(datetime.datetime(2026, 9, 29, 15, 50, 37, 730000),)",2a3c600d
408608780,-778363098,3295,0:37:51.850000,"(datetime.datetime(2026, 9, 29, 15, 50, 37, 801000),)",2a3c600a
408607469,-778365007,3248,0:37:51.920000,"(datetime.datetime(2026, 9, 29, 15, 50, 37, 879000),)",2a3c600d
408608810,-778363051,3295,0:37:52,"(datetime.datetime(2026, 9, 29, 15, 50, 37, 953000),)",2a3c600a
408607517,-778364947,3249,0:37:52.080000,"(datetime.datetime(2026, 9, 29, 15, 50, 38, 31000),)",2a3c600d
408608847,-778362999,3296,0:37:52.160000,"(datetime.datetime(2026, 9, 29, 15, 50, 38, 117000),)",2a3c600a
408607555,-778364892,3248,0:37:52.240000,"(datetime.datetime(2026, 9, 29, 15, 50, 38, 192000),)",2a3c600d
408608875,-778362959,3295,0:37:52.310000,"(datetime.datetime(2026, 9, 29, 15, 50, 38, 270000),)",2a3c600a
408607595,-778364834,3248,0:37:52.390000,"(datetime.datetime(2026, 9, 29, 15, 50, 38, 345000),)",2a3c600d
408608912,-778362914,3295,0:37:52.460000,"(datetime.datetime(2026, 9, 29, 15, 50, 38, 417000),)",2a3c600a
408607638,-778364781,3248,0:37:52.530000,"(datetime.datetime(2026, 9, 29, 15, 50, 38, 490000),)",2a3c600d
408608943,-778362871,3295,0:37:52.610000,"(datetime.datetime(2026, 9, 29, 15, 50, 38, 565000),)",2a3c600a
408607679,-778364720,3248,0:37:52.680000,"(datetime.datetime(2026, 9, 29, 15, 50, 38, 639000),)",2a3c600d
408608978,-778362827,3294,0:37:52.770000,"(datetime.datetime(2026, 9, 29, 15, 50, 38, 721000),)",2a3c600a
408607719,-778364666,3248,0:37:52.840000,"(datetime.datetime(2026, 9, 29, 15, 50, 38, 795000),)",2a3c600d
408609009,-778362779,3295,0:37:52.920000,"(datetime.datetime(2026, 9, 29, 15, 50, 38, 874000),)",2a3c600a
408607757,-778364606,3248,0:37:52.990000,"(datetime.datetime(2026, 9, 29, 15, 50, 38, 949000),)",2a3c600d
408609043,-778362735,3295,0:37:53.070000,"(datetime.datetime(2026, 9, 29, 15, 50, 39, 23000),)",2a3c600a
408607798,-778364551,3249,0:37:53.150000,"(datetime.datetime(2026, 9, 29, 15, 50, 39, 105000),)",2a3c600d
408609083,-778362686,3295,0:37:53.230000,"(datetime.datetime(2026, 9, 29, 15, 50, 39, 189000),)",2a3c600a
408607838,-778364493,3249,0:37:53.300000,"(datetime.datetime(2026, 9, 29, 15, 50, 39, 255000),)",2a3c600d
408609116,-778362639,3295,0:37:53.380000,"(datetime.datetime(2026, 9, 29, 15, 50, 39, 333000),)",2a3c600a
408607877,-778364442,3249,0:37:53.460000,"(datetime.datetime(2026, 9, 29, 15, 50, 39, 410000),)",2a3c600d
408609157,-778362590,3295,0:37:53.530000,"(datetime.datetime(2026, 9, 29, 15, 50, 39, 486000),)",2a3c600a
408607921,-778364385,3249,0:37:53.610000,"(datetime.datetime(2026, 9, 29, 15, 50, 39, 563000),)",2a3c600d
408609195,-778362538,3295,0:37:53.690000,"(datetime.datetime(2026, 9, 29, 15, 50, 39, 640000),)",2a3c600a
408607958,-778364336,3249,0:37:53.760000,"(datetime.datetime(2026, 9, 29, 15, 50, 39, 714000),)",2a3c600d
408609240,-778362484,3295,0:37:53.830000,"(datetime.datetime(2026, 9, 29, 15, 50, 39, 787000),)",2a3c600a
408607997,-778364281,3248,0:37:53.900000,"(datetime.datetime(2026, 9, 29, 15, 50, 39, 860000),)",2a3c600d
408609280,-778362434,3295,0:37:53.980000,"(datetime.datetime(2026, 9, 29, 15, 50, 39, 937000),)",2a3c600a
408608037,-778364229,3249,0:37:54.070000,"(datetime.datetime(2026, 9, 29, 15, 50, 40, 22000),)",2a3c600d
408609327,-778362384,3294,0:37:54.140000,"(datetime.datetime(2026, 9, 29, 15, 50, 40, 91000),)",2a3c600a
408608076,-778364176,3249,0:37:54.220000,"(datetime.datetime(2026, 9, 29, 15, 50, 40, 172000),)",2a3c600d
408609372,-778362332,3294,0:37:54.300000,"(datetime.datetime(2026, 9, 29, 15, 50, 40, 256000),)",2a3c600a
408608115,-778364120,3249,0:37:54.370000,"(datetime.datetime(2026, 9, 29, 15, 50, 40, 329000),)",2a3c600d
408609418,-778362281,3295,0:37:54.450000,"(datetime.datetime(2026, 9, 29, 15, 50, 40, 404000),)",2a3c600a
408608152,-778364065,3249,0:37:54.530000,"(datetime.datetime(2026, 9, 29, 15, 50, 40, 480000),)",2a3c600d
408609467,-778362231,3295,0:37:54.600000,"(datetime.datetime(2026, 9, 29, 15, 50, 40, 553000),)",2a3c600a
408609513,-778362182,3295,0:37:54.680000,"(datetime.datetime(2026, 9, 29, 15, 50, 40, 632000),)",2a3c600a
