lat,long,elev,timediff,current_time,OBUID
408633179,-778327061,3318,1:44:00.400000,"(datetime.datetime(2026, 9, 29, 16, 56, 46, 355000),)",2a3c600d
408633814,-778326110,3354,1:44:00.510000,"(datetime.datetime(2026, 9, 29, 16, 56, 46, 460000),)",2a3c600a
408633814,-778326110,3354,1:44:00.690000,"(datetime.datetime(2026, 9, 29, 16, 56, 46, 641000),)",2a3c600a
408633179,-778327061,3318,1:44:00.700000,"(datetime.datetime(2026, 9, 29, 16, 56, 46, 659000),)",2a3c600d
408633814,-778326110,3354,1:44:00.720000,"(datetime.datetime(2026, 9, 29, 16, 56, 46, 673000),)",2a3c600a
408633179,-778327061,3318,1:44:00.730000,"(datetime.datetime(2026, 9, 29, 16, 56, 46, 682000),)",2a3c600d
408633814,-778326110,3354,1:44:00.740000,"(datetime.datetime(2026, 9, 29, 16, 56, 46, 692000),)",2a3c600a
408633179,-778327061,3318,1:44:00.740000,"(datetime.datetime(2026, 9, 29, 16, 56, 46, 700000),)",2a3c600d
408633814,-778326110,3354,1:44:00.750000,"(datetime.datetime(2026, 9, 29, 16, 56, 46, 706000),)",2a3c600a
408633179,-778327061,3318,1:44:00.760000,"(datetime.datetime(2026, 9, 29, 16, 56, 46, 711000),)",2a3c600d
408633814,-778326110,3354,1:44:00.830000,"(datetime.datetime(2026, 9, 29, 16, 56, 46, 788000),)",2a3c600a
408633179,-778327061,3318,1:44:00.850000,"(datetime.datetime(2026, 9, 29, 16, 56, 46, 806000),)",2a3c600d
408633814,-778326110,3354,1:44:00.940000,"(datetime.datetime(2026, 9, 29, 16, 56, 46, 893000),)",2a3c600a
408633179,-778327061,3318,1:44:00.950000,"(datetime.datetime(2026, 9, 29, 16, 56, 46, 903000),)",2a3c600d
408633814,-778326110,3354,1:44:01.030000,"(datetime.datetime(2026, 9, 29, 16, 56, 46, 989000),)",2a3c600a
408633179,-778327061,3318,1:44:01.050000,"(datetime.datetime(2026, 9, 29, 16, 56, 47, 4000),)",2a3c600d
408633179,-778327061,3318,1:44:01.110000,"(datetime.datetime(2026, 9, 29, 16, 56, 47, 65000),)",2a3c600d
408633814,-778326110,3354,1:44:01.130000,"(datetime.datetime(2026, 9, 29, 16, 56, 47, 88000),)",2a3c600a
408633179,-778327061,3318,1:44:01.210000,"(datetime.datetime(2026, 9, 29, 16, 56, 47, 163000),)",2a3c600d
408633814,-778326109,3354,1:44:01.230000,"(datetime.datetime(2026, 9, 29, 16, 56, 47, 187000),)",2a3c600a
408633179,-778327061,3318,1:44:01.310000,"(datetime.datetime(2026, 9, 29, 16, 56, 47, 263000),)",2a3c600d
408633814,-778326109,3354,1:44:01.350000,"(datetime.datetime(2026, 9, 29, 16, 56, 47, 303000),)",2a3c600a
408633179,-778327061,3318,1:44:01.410000,"(datetime.datetime(2026, 9, 29, 16, 56, 47, 368000),)",2a3c600d
408633814,-778326109,3354,1:44:01.440000,"(datetime.datetime(2026, 9, 29, 16, 56, 47, 390000),)",2a3c600a
408633179,-778327061,3318,1:44:01.510000,"(datetime.datetime(2026, 9, 29, 16, 56, 47, 463000),)",2a3c600d
408633814,-778326109,3354,1:44:01.530000,"(datetime.datetime(2026, 9, 29, 16, 56, 47, 488000),)",2a3c600a
408633179,-778327061,3318,1:44:01.610000,"(datetime.datetime(2026, 9, 29, 16, 56, 47, 563000),)",2a3c600d
408633814,-778326109,3354,1:44:01.630000,"(datetime.datetime(2026, 9, 29, 16, 56, 47, 588000),)",2a3c600a
408633179,-778327061,3318,1:44:01.710000,"(datetime.datetime(2026, 9, 29, 16, 56, 47, 664000),)",2a3c600d
408633814,-778326109,3354,1:44:01.730000,"(datetime.datetime(2026, 9, 29, 16, 56, 47, 688000),)",2a3c600a
408633179,-778327061,3318,1:44:01.810000,"(datetime.datetime(2026, 9, 29, 16, 56, 47, 764000),)",2a3c600d
408633814,-778326109,3354,1:44:01.830000,"(datetime.datetime(2026, 9, 29, 16, 56, 47, 790000),)",2a3c600a
408633179,-778327061,3318,1:44:01.910000,"(datetime.datetime(2026, 9, 29, 16, 56, 47, 867000),)",2a3c600d
408633814,-778326109,3354,1:44:01.940000,"(datetime.datetime(2026, 9, 29, 16, 56, 47, 897000),)",2a3c600a
408633179,-778327061,3318,1:44:02.010000,"(datetime.datetime(2026, 9, 29, 16, 56, 47, 963000),)",2a3c600d
408633814,-778326109,3354,1:44:02.030000,"(datetime.datetime(2026, 9, 29, 16, 56, 47, 989000),)",2a3c600a
408633179,-778327061,3318,1:44:02.120000,"(datetime.datetime(2026, 9, 29, 16, 56, 48, 73000),)",2a3c600d
408633814,-778326109,3354,1:44:02.130000,"(datetime.datetime(2026, 9, 29, 16, 56, 48, 89000),)",2a3c600a
408633179,-778327061,3318,1:44:02.210000,"(datetime.datetime(2026, 9, 29, 16, 56, 48, 165000),)",2a3c600d
408633827,-778326060,3353,1:44:02.230000,"(datetime.datetime(2026, 9, 29, 16, 56, 48, 187000),)",2a3c600a
408633179,-778327061,3318,1:44:02.310000,"(datetime.datetime(2026, 9, 29, 16, 56, 48, 263000),)",2a3c600d
408633829,-778326053,3353,1:44:02.340000,"(datetime.datetime(2026, 9, 29, 16, 56, 48, 291000),)",2a3c600a
408633179,-778327061,3318,1:44:02.410000,"(datetime.datetime(2026, 9, 29, 16, 56, 48, 363000),)",2a3c600d
408633834,-778326034,3353,1:44:02.430000,"(datetime.datetime(2026, 9, 29, 16, 56, 48, 388000),)",2a3c600a
408633179,-778327061,3318,1:44:02.510000,"(datetime.datetime(2026, 9, 29, 16, 56, 48, 463000),)",2a3c600d
408633849,-778326018,3353,1:44:02.530000,"(datetime.datetime(2026, 9, 29, 16, 56, 48, 489000),)",2a3c600a
408633179,-778327061,3318,1:44:02.610000,"(datetime.datetime(2026, 9, 29, 16, 56, 48, 563000),)",2a3c600d
408633860,-778325998,3353,1:44:02.630000,"(datetime.datetime(2026, 9, 29, 16, 56, 48, 588000),)",2a3c600a
408633179,-778327061,3318,1:44:02.710000,"(datetime.datetime(2026, 9, 29, 16, 56, 48, 664000),)",2a3c600d
408633870,-778325979,3353,1:44:02.730000,"(datetime.datetime(2026, 9, 29, 16, 56, 48, 688000),)",2a3c600a
408633179,-778327061,3318,1:44:02.820000,"(datetime.datetime(2026, 9, 29, 16, 56, 48, 775000),)",2a3c600d
408633886,-778325955,3354,1:44:02.850000,"(datetime.datetime(2026, 9, 29, 16, 56, 48, 801000),)",2a3c600a
408633179,-778327061,3318,1:44:02.920000,"(datetime.datetime(2026, 9, 29, 16, 56, 48, 872000),)",2a3c600d
408633899,-778325927,3353,1:44:02.940000,"(datetime.datetime(2026, 9, 29, 16, 56, 48, 890000),)",2a3c600a
408633179,-778327061,3318,1:44:03.010000,"(datetime.datetime(2026, 9, 29, 16, 56, 48, 964000),)",2a3c600d
408633912,-778325900,3353,1:44:03.030000,"(datetime.datetime(2026, 9, 29, 16, 56, 48, 989000),)",2a3c600a
408633179,-778327061,3318,1:44:03.110000,"(datetime.datetime(2026, 9, 29, 16, 56, 49, 64000),)",2a3c600d
408633935,-778325866,3353,1:44:03.130000,"(datetime.datetime(2026, 9, 29, 16, 56, 49, 88000),)",2a3c600a
408633202,-778327018,3317,1:44:03.210000,"(datetime.datetime(2026, 9, 29, 16, 56, 49, 163000),)",2a3c600d
408633980,-778325844,3356,1:44:03.230000,"(datetime.datetime(2026, 9, 29, 16, 56, 49, 189000),)",2a3c600a
408633208,-778327012,3317,1:44:03.310000,"(datetime.datetime(2026, 9, 29, 16, 56, 49, 263000),)",2a3c600d
408633999,-778325801,3355,1:44:03.330000,"(datetime.datetime(2026, 9, 29, 16, 56, 49, 288000),)",2a3c600a
408633212,-778326996,3317,1:44:03.410000,"(datetime.datetime(2026, 9, 29, 16, 56, 49, 363000),)",2a3c600d
408634022,-778325762,3356,1:44:03.430000,"(datetime.datetime(2026, 9, 29, 16, 56, 49, 388000),)",2a3c600a
408633221,-778326989,3317,1:44:03.510000,"(datetime.datetime(2026, 9, 29, 16, 56, 49, 463000),)",2a3c600d
408634044,-778325723,3356,1:44:03.530000,"(datetime.datetime(2026, 9, 29, 16, 56, 49, 487000),)",2a3c600a
408633227,-778326972,3317,1:44:03.610000,"(datetime.datetime(2026, 9, 29, 16, 56, 49, 567000),)",2a3c600d
408634065,-778325680,3355,1:44:03.630000,"(datetime.datetime(2026, 9, 29, 16, 56, 49, 589000),)",2a3c600a
408633242,-778326956,3317,1:44:03.710000,"(datetime.datetime(2026, 9, 29, 16, 56, 49, 665000),)",2a3c600d
408634091,-778325638,3355,1:44:03.730000,"(datetime.datetime(2026, 9, 29, 16, 56, 49, 688000),)",2a3c600a
408633251,-778326941,3317,1:44:03.810000,"(datetime.datetime(2026, 9, 29, 16, 56, 49, 763000),)",2a3c600d
408634125,-778325591,3356,1:44:03.830000,"(datetime.datetime(2026, 9, 29, 16, 56, 49, 782000),)",2a3c600a
408633261,-778326920,3317,1:44:03.910000,"(datetime.datetime(2026, 9, 29, 16, 56, 49, 863000),)",2a3c600d
408634153,-778325548,3356,1:44:03.930000,"(datetime.datetime(2026, 9, 29, 16, 56, 49, 883000),)",2a3c600a
408633272,-778326899,3317,1:44:04.020000,"(datetime.datetime(2026, 9, 29, 16, 56, 49, 972000),)",2a3c600d
408634179,-778325492,3356,1:44:04.030000,"(datetime.datetime(2026, 9, 29, 16, 56, 49, 982000),)",2a3c600a
408633288,-778326882,3317,1:44:04.110000,"(datetime.datetime(2026, 9, 29, 16, 56, 50, 64000),)",2a3c600d
408634211,-778325440,3355,1:44:04.130000,"(datetime.datetime(2026, 9, 29, 16, 56, 50, 86000),)",2a3c600a
408633308,-778326846,3315,1:44:04.210000,"(datetime.datetime(2026, 9, 29, 16, 56, 50, 164000),)",2a3c600d
408634236,-778325400,3355,1:44:04.230000,"(datetime.datetime(2026, 9, 29, 16, 56, 50, 183000),)",2a3c600a
408633327,-778326817,3315,1:44:04.310000,"(datetime.datetime(2026, 9, 29, 16, 56, 50, 263000),)",2a3c600d
408634272,-778325336,3355,1:44:04.330000,"(datetime.datetime(2026, 9, 29, 16, 56, 50, 284000),)",2a3c600a
408633344,-778326791,3315,1:44:04.410000,"(datetime.datetime(2026, 9, 29, 16, 56, 50, 363000),)",2a3c600d
408634305,-778325277,3355,1:44:04.430000,"(datetime.datetime(2026, 9, 29, 16, 56, 50, 383000),)",2a3c600a
408633356,-778326758,3315,1:44:04.510000,"(datetime.datetime(2026, 9, 29, 16, 56, 50, 464000),)",2a3c600d
408634341,-778325217,3355,1:44:04.530000,"(datetime.datetime(2026, 9, 29, 16, 56, 50, 484000),)",2a3c600a
408633380,-778326731,3315,1:44:04.610000,"(datetime.datetime(2026, 9, 29, 16, 56, 50, 566000),)",2a3c600d
408634377,-778325157,3355,1:44:04.630000,"(datetime.datetime(2026, 9, 29, 16, 56, 50, 584000),)",2a3c600a
408633401,-778326701,3315,1:44:04.710000,"(datetime.datetime(2026, 9, 29, 16, 56, 50, 666000),)",2a3c600d
408634416,-778325090,3356,1:44:04.730000,"(datetime.datetime(2026, 9, 29, 16, 56, 50, 683000),)",2a3c600a
408633415,-778326657,3315,1:44:04.820000,"(datetime.datetime(2026, 9, 29, 16, 56, 50, 771000),)",2a3c600d
408634453,-778325023,3356,1:44:04.830000,"(datetime.datetime(2026, 9, 29, 16, 56, 50, 786000),)",2a3c600a
408633436,-778326622,3315,1:44:04.910000,"(datetime.datetime(2026, 9, 29, 16, 56, 50, 864000),)",2a3c600d
408634493,-778324957,3355,1:44:04.940000,"(datetime.datetime(2026, 9, 29, 16, 56, 50, 895000),)",2a3c600a
408633458,-778326589,3315,1:44:05.010000,"(datetime.datetime(2026, 9, 29, 16, 56, 50, 966000),)",2a3c600d
408634535,-778324888,3356,1:44:05.030000,"(datetime.datetime(2026, 9, 29, 16, 56, 50, 984000),)",2a3c600a
408633481,-778326553,3315,1:44:05.110000,"(datetime.datetime(2026, 9, 29, 16, 56, 51, 68000),)",2a3c600d
408634572,-778324815,3356,1:44:05.130000,"(datetime.datetime(2026, 9, 29, 16, 56, 51, 83000),)",2a3c600a
408633504,-778326532,3316,1:44:05.210000,"(datetime.datetime(2026, 9, 29, 16, 56, 51, 164000),)",2a3c600d
408634614,-778324760,3357,1:44:05.230000,"(datetime.datetime(2026, 9, 29, 16, 56, 51, 182000),)",2a3c600a
408633535,-778326491,3317,1:44:05.310000,"(datetime.datetime(2026, 9, 29, 16, 56, 51, 264000),)",2a3c600d
408634664,-778324684,3358,1:44:05.330000,"(datetime.datetime(2026, 9, 29, 16, 56, 51, 282000),)",2a3c600a
408633556,-778326449,3317,1:44:05.410000,"(datetime.datetime(2026, 9, 29, 16, 56, 51, 364000),)",2a3c600d
408634703,-778324608,3357,1:44:05.430000,"(datetime.datetime(2026, 9, 29, 16, 56, 51, 383000),)",2a3c600a
408633579,-778326404,3317,1:44:05.510000,"(datetime.datetime(2026, 9, 29, 16, 56, 51, 465000),)",2a3c600d
408634748,-778324528,3357,1:44:05.530000,"(datetime.datetime(2026, 9, 29, 16, 56, 51, 487000),)",2a3c600a
408633604,-778326363,3317,1:44:05.610000,"(datetime.datetime(2026, 9, 29, 16, 56, 51, 566000),)",2a3c600d
408634793,-778324448,3357,1:44:05.630000,"(datetime.datetime(2026, 9, 29, 16, 56, 51, 582000),)",2a3c600a
408633633,-778326320,3317,1:44:05.710000,"(datetime.datetime(2026, 9, 29, 16, 56, 51, 664000),)",2a3c600d
408634838,-778324365,3357,1:44:05.730000,"(datetime.datetime(2026, 9, 29, 16, 56, 51, 683000),)",2a3c600a
408633660,-778326274,3317,1:44:05.810000,"(datetime.datetime(2026, 9, 29, 16, 56, 51, 765000),)",2a3c600d
408634888,-778324285,3357,1:44:05.830000,"(datetime.datetime(2026, 9, 29, 16, 56, 51, 783000),)",2a3c600a
408633689,-778326227,3317,1:44:05.910000,"(datetime.datetime(2026, 9, 29, 16, 56, 51, 868000),)",2a3c600d
408634933,-778324200,3357,1:44:05.930000,"(datetime.datetime(2026, 9, 29, 16, 56, 51, 885000),)",2a3c600a
408633718,-778326181,3316,1:44:06.010000,"(datetime.datetime(2026, 9, 29, 16, 56, 51, 964000),)",2a3c600d
408634983,-778324114,3357,1:44:06.030000,"(datetime.datetime(2026, 9, 29, 16, 56, 51, 984000),)",2a3c600a
408633746,-778326128,3317,1:44:06.110000,"(datetime.datetime(2026, 9, 29, 16, 56, 52, 65000),)",2a3c600d
408635037,-778324027,3357,1:44:06.130000,"(datetime.datetime(2026, 9, 29, 16, 56, 52, 84000),)",2a3c600a
408633776,-778326079,3316,1:44:06.210000,"(datetime.datetime(2026, 9, 29, 16, 56, 52, 164000),)",2a3c600d
408635065,-778323936,3357,1:44:06.230000,"(datetime.datetime(2026, 9, 29, 16, 56, 52, 183000),)",2a3c600a
408633809,-778326024,3316,1:44:06.310000,"(datetime.datetime(2026, 9, 29, 16, 56, 52, 265000),)",2a3c600d
408635128,-778323839,3357,1:44:06.320000,"(datetime.datetime(2026, 9, 29, 16, 56, 52, 277000),)",2a3c600a
408633838,-778325970,3316,1:44:06.410000,"(datetime.datetime(2026, 9, 29, 16, 56, 52, 364000),)",2a3c600d
408635182,-778323749,3357,1:44:06.420000,"(datetime.datetime(2026, 9, 29, 16, 56, 52, 377000),)",2a3c600a
408633873,-778325915,3316,1:44:06.510000,"(datetime.datetime(2026, 9, 29, 16, 56, 52, 466000),)",2a3c600d
408635237,-778323652,3357,1:44:06.520000,"(datetime.datetime(2026, 9, 29, 16, 56, 52, 477000),)",2a3c600a
408633906,-778325862,3316,1:44:06.610000,"(datetime.datetime(2026, 9, 29, 16, 56, 52, 564000),)",2a3c600d
408635294,-778323556,3358,1:44:06.620000,"(datetime.datetime(2026, 9, 29, 16, 56, 52, 578000),)",2a3c600a
408633939,-778325804,3315,1:44:06.710000,"(datetime.datetime(2026, 9, 29, 16, 56, 52, 667000),)",2a3c600d
408635352,-778323458,3358,1:44:06.720000,"(datetime.datetime(2026, 9, 29, 16, 56, 52, 678000),)",2a3c600a
408633976,-778325746,3316,1:44:06.810000,"(datetime.datetime(2026, 9, 29, 16, 56, 52, 764000),)",2a3c600d
408635410,-778323363,3358,1:44:06.830000,"(datetime.datetime(2026, 9, 29, 16, 56, 52, 783000),)",2a3c600a
408634015,-778325687,3316,1:44:06.910000,"(datetime.datetime(2026, 9, 29, 16, 56, 52, 865000),)",2a3c600d
408635469,-778323256,3358,1:44:06.920000,"(datetime.datetime(2026, 9, 29, 16, 56, 52, 877000),)",2a3c600a
408634050,-778325625,3316,1:44:07.010000,"(datetime.datetime(2026, 9, 29, 16, 56, 52, 964000),)",2a3c600d
408635527,-778323156,3358,1:44:07.030000,"(datetime.datetime(2026, 9, 29, 16, 56, 52, 981000),)",2a3c600a
408634091,-778325558,3317,1:44:07.110000,"(datetime.datetime(2026, 9, 29, 16, 56, 53, 65000),)",2a3c600d
408635590,-778323046,3358,1:44:07.120000,"(datetime.datetime(2026, 9, 29, 16, 56, 53, 78000),)",2a3c600a
408634133,-778325503,3317,1:44:07.210000,"(datetime.datetime(2026, 9, 29, 16, 56, 53, 167000),)",2a3c600d
408635653,-778322952,3358,1:44:07.220000,"(datetime.datetime(2026, 9, 29, 16, 56, 53, 178000),)",2a3c600a
408634176,-778325430,3317,1:44:07.310000,"(datetime.datetime(2026, 9, 29, 16, 56, 53, 265000),)",2a3c600d
408635725,-778322843,3358,1:44:07.320000,"(datetime.datetime(2026, 9, 29, 16, 56, 53, 277000),)",2a3c600a
408634216,-778325363,3317,1:44:07.410000,"(datetime.datetime(2026, 9, 29, 16, 56, 53, 365000),)",2a3c600d
408635788,-778322730,3358,1:44:07.420000,"(datetime.datetime(2026, 9, 29, 16, 56, 53, 378000),)",2a3c600a
408634257,-778325292,3317,1:44:07.510000,"(datetime.datetime(2026, 9, 29, 16, 56, 53, 464000),)",2a3c600d
408635854,-778322618,3358,1:44:07.530000,"(datetime.datetime(2026, 9, 29, 16, 56, 53, 488000),)",2a3c600a
408634302,-778325225,3317,1:44:07.610000,"(datetime.datetime(2026, 9, 29, 16, 56, 53, 565000),)",2a3c600d
408635918,-778322504,3358,1:44:07.620000,"(datetime.datetime(2026, 9, 29, 16, 56, 53, 578000),)",2a3c600a
408634343,-778325144,3318,1:44:07.710000,"(datetime.datetime(2026, 9, 29, 16, 56, 53, 667000),)",2a3c600d
408635986,-778322387,3358,1:44:07.720000,"(datetime.datetime(2026, 9, 29, 16, 56, 53, 677000),)",2a3c600a
408634391,-778325075,3318,1:44:07.810000,"(datetime.datetime(2026, 9, 29, 16, 56, 53, 764000),)",2a3c600d
408636055,-778322273,3358,1:44:07.820000,"(datetime.datetime(2026, 9, 29, 16, 56, 53, 778000),)",2a3c600a
408634436,-778324997,3318,1:44:07.910000,"(datetime.datetime(2026, 9, 29, 16, 56, 53, 866000),)",2a3c600d
408636122,-778322153,3358,1:44:07.920000,"(datetime.datetime(2026, 9, 29, 16, 56, 53, 877000),)",2a3c600a
408634480,-778324917,3318,1:44:08.010000,"(datetime.datetime(2026, 9, 29, 16, 56, 53, 966000),)",2a3c600d
408636190,-778322035,3358,1:44:08.020000,"(datetime.datetime(2026, 9, 29, 16, 56, 53, 978000),)",2a3c600a
408634528,-778324838,3318,1:44:08.110000,"(datetime.datetime(2026, 9, 29, 16, 56, 54, 64000),)",2a3c600d
408636261,-778321910,3358,1:44:08.120000,"(datetime.datetime(2026, 9, 29, 16, 56, 54, 78000),)",2a3c600a
408634568,-778324752,3317,1:44:08.210000,"(datetime.datetime(2026, 9, 29, 16, 56, 54, 165000),)",2a3c600d
408636329,-778321780,3358,1:44:08.220000,"(datetime.datetime(2026, 9, 29, 16, 56, 54, 177000),)",2a3c600a
408634618,-778324664,3317,1:44:08.320000,"(datetime.datetime(2026, 9, 29, 16, 56, 54, 277000),)",2a3c600d
408636402,-778321654,3358,1:44:08.330000,"(datetime.datetime(2026, 9, 29, 16, 56, 54, 283000),)",2a3c600a
408634665,-778324577,3317,1:44:08.410000,"(datetime.datetime(2026, 9, 29, 16, 56, 54, 364000),)",2a3c600d
408636479,-778321526,3359,1:44:08.430000,"(datetime.datetime(2026, 9, 29, 16, 56, 54, 384000),)",2a3c600a
408634716,-778324493,3317,1:44:08.510000,"(datetime.datetime(2026, 9, 29, 16, 56, 54, 465000),)",2a3c600d
408636556,-778321394,3359,1:44:08.520000,"(datetime.datetime(2026, 9, 29, 16, 56, 54, 479000),)",2a3c600a
408634765,-778324411,3318,1:44:08.620000,"(datetime.datetime(2026, 9, 29, 16, 56, 54, 570000),)",2a3c600d
408636626,-778321266,3358,1:44:08.620000,"(datetime.datetime(2026, 9, 29, 16, 56, 54, 577000),)",2a3c600a
408634818,-778324321,3318,1:44:08.710000,"(datetime.datetime(2026, 9, 29, 16, 56, 54, 663000),)",2a3c600d
408636704,-778321139,3358,1:44:08.720000,"(datetime.datetime(2026, 9, 29, 16, 56, 54, 677000),)",2a3c600a
408634871,-778324233,3318,1:44:08.810000,"(datetime.datetime(2026, 9, 29, 16, 56, 54, 764000),)",2a3c600d
408636782,-778321006,3359,1:44:08.820000,"(datetime.datetime(2026, 9, 29, 16, 56, 54, 779000),)",2a3c600a
408634924,-778324144,3318,1:44:08.910000,"(datetime.datetime(2026, 9, 29, 16, 56, 54, 864000),)",2a3c600d
408636859,-778320871,3359,1:44:08.920000,"(datetime.datetime(2026, 9, 29, 16, 56, 54, 877000),)",2a3c600a
408634977,-778324050,3318,1:44:09.010000,"(datetime.datetime(2026, 9, 29, 16, 56, 54, 967000),)",2a3c600d
408636934,-778320737,3358,1:44:09.020000,"(datetime.datetime(2026, 9, 29, 16, 56, 54, 977000),)",2a3c600a
408635030,-778323960,3318,1:44:09.110000,"(datetime.datetime(2026, 9, 29, 16, 56, 55, 66000),)",2a3c600d
408637012,-778320601,3358,1:44:09.120000,"(datetime.datetime(2026, 9, 29, 16, 56, 55, 77000),)",2a3c600a
408635081,-778323880,3318,1:44:09.210000,"(datetime.datetime(2026, 9, 29, 16, 56, 55, 170000),)",2a3c600d
408637091,-778320471,3356,1:44:09.220000,"(datetime.datetime(2026, 9, 29, 16, 56, 55, 178000),)",2a3c600a
408635136,-778323777,3318,1:44:09.320000,"(datetime.datetime(2026, 9, 29, 16, 56, 55, 277000),)",2a3c600d
408637174,-778320327,3357,1:44:09.330000,"(datetime.datetime(2026, 9, 29, 16, 56, 55, 286000),)",2a3c600a
408635194,-778323684,3318,1:44:09.410000,"(datetime.datetime(2026, 9, 29, 16, 56, 55, 366000),)",2a3c600d
408637253,-778320188,3356,1:44:09.420000,"(datetime.datetime(2026, 9, 29, 16, 56, 55, 379000),)",2a3c600a
408635247,-778323581,3318,1:44:09.510000,"(datetime.datetime(2026, 9, 29, 16, 56, 55, 464000),)",2a3c600d
408637335,-778320048,3357,1:44:09.520000,"(datetime.datetime(2026, 9, 29, 16, 56, 55, 478000),)",2a3c600a
408635305,-778323482,3318,1:44:09.610000,"(datetime.datetime(2026, 9, 29, 16, 56, 55, 565000),)",2a3c600d
408637416,-778319906,3357,1:44:09.620000,"(datetime.datetime(2026, 9, 29, 16, 56, 55, 579000),)",2a3c600a
408635364,-778323385,3318,1:44:09.710000,"(datetime.datetime(2026, 9, 29, 16, 56, 55, 664000),)",2a3c600d
408637499,-778319765,3357,1:44:09.720000,"(datetime.datetime(2026, 9, 29, 16, 56, 55, 677000),)",2a3c600a
408635421,-778323277,3318,1:44:09.810000,"(datetime.datetime(2026, 9, 29, 16, 56, 55, 765000),)",2a3c600d
408637581,-778319620,3356,1:44:09.820000,"(datetime.datetime(2026, 9, 29, 16, 56, 55, 779000),)",2a3c600a
408635481,-778323174,3318,1:44:09.910000,"(datetime.datetime(2026, 9, 29, 16, 56, 55, 865000),)",2a3c600d
408637665,-778319475,3357,1:44:09.920000,"(datetime.datetime(2026, 9, 29, 16, 56, 55, 880000),)",2a3c600a
408635542,-778323071,3318,1:44:10.010000,"(datetime.datetime(2026, 9, 29, 16, 56, 55, 965000),)",2a3c600d
408637745,-778319328,3356,1:44:10.020000,"(datetime.datetime(2026, 9, 29, 16, 56, 55, 977000),)",2a3c600a
408635603,-778322966,3318,1:44:10.110000,"(datetime.datetime(2026, 9, 29, 16, 56, 56, 64000),)",2a3c600d
408637832,-778319181,3356,1:44:10.120000,"(datetime.datetime(2026, 9, 29, 16, 56, 56, 77000),)",2a3c600a
408635670,-778322860,3319,1:44:10.210000,"(datetime.datetime(2026, 9, 29, 16, 56, 56, 165000),)",2a3c600d
408637911,-778319033,3356,1:44:10.220000,"(datetime.datetime(2026, 9, 29, 16, 56, 56, 177000),)",2a3c600a
408635737,-778322750,3319,1:44:10.310000,"(datetime.datetime(2026, 9, 29, 16, 56, 56, 264000),)",2a3c600d
408638000,-778318879,3356,1:44:10.330000,"(datetime.datetime(2026, 9, 29, 16, 56, 56, 282000),)",2a3c600a
408635799,-778322639,3319,1:44:10.420000,"(datetime.datetime(2026, 9, 29, 16, 56, 56, 371000),)",2a3c600d
408638084,-778318727,3356,1:44:10.420000,"(datetime.datetime(2026, 9, 29, 16, 56, 56, 379000),)",2a3c600a
408635865,-778322531,3319,1:44:10.510000,"(datetime.datetime(2026, 9, 29, 16, 56, 56, 465000),)",2a3c600d
408638173,-778318576,3356,1:44:10.520000,"(datetime.datetime(2026, 9, 29, 16, 56, 56, 480000),)",2a3c600a
408635932,-778322420,3319,1:44:10.610000,"(datetime.datetime(2026, 9, 29, 16, 56, 56, 564000),)",2a3c600d
408638258,-778318421,3356,1:44:10.620000,"(datetime.datetime(2026, 9, 29, 16, 56, 56, 578000),)",2a3c600a
408635997,-778322310,3318,1:44:10.710000,"(datetime.datetime(2026, 9, 29, 16, 56, 56, 665000),)",2a3c600d
408638349,-778318268,3356,1:44:10.720000,"(datetime.datetime(2026, 9, 29, 16, 56, 56, 680000),)",2a3c600a
408636063,-778322196,3319,1:44:10.810000,"(datetime.datetime(2026, 9, 29, 16, 56, 56, 765000),)",2a3c600d
408638433,-778318112,3356,1:44:10.820000,"(datetime.datetime(2026, 9, 29, 16, 56, 56, 778000),)",2a3c600a
408636127,-778322075,3318,1:44:10.910000,"(datetime.datetime(2026, 9, 29, 16, 56, 56, 864000),)",2a3c600d
408638525,-778317955,3357,1:44:10.920000,"(datetime.datetime(2026, 9, 29, 16, 56, 56, 878000),)",2a3c600a
408636196,-778321963,3318,1:44:11.010000,"(datetime.datetime(2026, 9, 29, 16, 56, 56, 965000),)",2a3c600d
408638615,-778317797,3357,1:44:11.020000,"(datetime.datetime(2026, 9, 29, 16, 56, 56, 980000),)",2a3c600a
408636264,-778321843,3319,1:44:11.110000,"(datetime.datetime(2026, 9, 29, 16, 56, 57, 67000),)",2a3c600d
408638704,-778317639,3356,1:44:11.120000,"(datetime.datetime(2026, 9, 29, 16, 56, 57, 78000),)",2a3c600a
408636343,-778321727,3318,1:44:11.210000,"(datetime.datetime(2026, 9, 29, 16, 56, 57, 164000),)",2a3c600d
408638791,-778317482,3357,1:44:11.220000,"(datetime.datetime(2026, 9, 29, 16, 56, 57, 178000),)",2a3c600a
408636420,-778321607,3319,1:44:11.310000,"(datetime.datetime(2026, 9, 29, 16, 56, 57, 264000),)",2a3c600d
408638888,-778317316,3357,1:44:11.320000,"(datetime.datetime(2026, 9, 29, 16, 56, 57, 278000),)",2a3c600a
408636489,-778321483,3318,1:44:11.410000,"(datetime.datetime(2026, 9, 29, 16, 56, 57, 364000),)",2a3c600d
408638978,-778317156,3357,1:44:11.420000,"(datetime.datetime(2026, 9, 29, 16, 56, 57, 378000),)",2a3c600a
408636559,-778321359,3318,1:44:11.510000,"(datetime.datetime(2026, 9, 29, 16, 56, 57, 464000),)",2a3c600d
408639077,-778316992,3358,1:44:11.520000,"(datetime.datetime(2026, 9, 29, 16, 56, 57, 480000),)",2a3c600a
408636634,-778321236,3318,1:44:11.600000,"(datetime.datetime(2026, 9, 29, 16, 56, 57, 552000),)",2a3c600d
408639169,-778316831,3358,1:44:11.620000,"(datetime.datetime(2026, 9, 29, 16, 56, 57, 578000),)",2a3c600a
408636706,-778321110,3318,1:44:11.700000,"(datetime.datetime(2026, 9, 29, 16, 56, 57, 652000),)",2a3c600d
408639264,-778316666,3357,1:44:11.720000,"(datetime.datetime(2026, 9, 29, 16, 56, 57, 677000),)",2a3c600a
408636778,-778320979,3318,1:44:11.800000,"(datetime.datetime(2026, 9, 29, 16, 56, 57, 752000),)",2a3c600d
408639360,-778316500,3358,1:44:11.820000,"(datetime.datetime(2026, 9, 29, 16, 56, 57, 780000),)",2a3c600a
408636853,-778320853,3318,1:44:11.900000,"(datetime.datetime(2026, 9, 29, 16, 56, 57, 851000),)",2a3c600d
408639455,-778316332,3358,1:44:11.920000,"(datetime.datetime(2026, 9, 29, 16, 56, 57, 878000),)",2a3c600a
408636929,-778320722,3319,1:44:12.010000,"(datetime.datetime(2026, 9, 29, 16, 56, 57, 967000),)",2a3c600d
408639552,-778316166,3358,1:44:12.020000,"(datetime.datetime(2026, 9, 29, 16, 56, 57, 978000),)",2a3c600a
408637007,-778320593,3319,1:44:12.100000,"(datetime.datetime(2026, 9, 29, 16, 56, 58, 51000),)",2a3c600d
408639649,-778315995,3358,1:44:12.120000,"(datetime.datetime(2026, 9, 29, 16, 56, 58, 78000),)",2a3c600a
408637087,-778320467,3318,1:44:12.200000,"(datetime.datetime(2026, 9, 29, 16, 56, 58, 152000),)",2a3c600d
408639750,-778315817,3359,1:44:12.220000,"(datetime.datetime(2026, 9, 29, 16, 56, 58, 177000),)",2a3c600a
408637167,-778320334,3318,1:44:12.300000,"(datetime.datetime(2026, 9, 29, 16, 56, 58, 252000),)",2a3c600d
408639846,-778315645,3359,1:44:12.320000,"(datetime.datetime(2026, 9, 29, 16, 56, 58, 277000),)",2a3c600a
408637247,-778320196,3319,1:44:12.400000,"(datetime.datetime(2026, 9, 29, 16, 56, 58, 351000),)",2a3c600d
408639944,-778315482,3359,1:44:12.430000,"(datetime.datetime(2026, 9, 29, 16, 56, 58, 386000),)",2a3c600a
408637324,-778320057,3319,1:44:12.500000,"(datetime.datetime(2026, 9, 29, 16, 56, 58, 453000),)",2a3c600d
408640041,-778315310,3359,1:44:12.520000,"(datetime.datetime(2026, 9, 29, 16, 56, 58, 478000),)",2a3c600a
408637405,-778319918,3319,1:44:12.600000,"(datetime.datetime(2026, 9, 29, 16, 56, 58, 553000),)",2a3c600d
408640138,-778315141,3359,1:44:12.620000,"(datetime.datetime(2026, 9, 29, 16, 56, 58, 578000),)",2a3c600a
408637486,-778319781,3319,1:44:12.700000,"(datetime.datetime(2026, 9, 29, 16, 56, 58, 651000),)",2a3c600d
408640237,-778314976,3360,1:44:12.720000,"(datetime.datetime(2026, 9, 29, 16, 56, 58, 680000),)",2a3c600a
408637565,-778319641,3319,1:44:12.800000,"(datetime.datetime(2026, 9, 29, 16, 56, 58, 751000),)",2a3c600d
408640334,-778314812,3359,1:44:12.820000,"(datetime.datetime(2026, 9, 29, 16, 56, 58, 779000),)",2a3c600a
408637643,-778319500,3318,1:44:13.210000,"(datetime.datetime(2026, 9, 29, 16, 56, 59, 170000),)",2a3c600d
408640435,-778314642,3360,1:44:13.460000,"(datetime.datetime(2026, 9, 29, 16, 56, 59, 411000),)",2a3c600a
408637733,-778319364,3319,1:44:13.470000,"(datetime.datetime(2026, 9, 29, 16, 56, 59, 421000),)",2a3c600d
408640529,-778314478,3360,1:44:13.560000,"(datetime.datetime(2026, 9, 29, 16, 56, 59, 514000),)",2a3c600a
408637820,-778319226,3319,1:44:13.630000,"(datetime.datetime(2026, 9, 29, 16, 56, 59, 585000),)",2a3c600d
408640627,-778314312,3359,1:44:13.830000,"(datetime.datetime(2026, 9, 29, 16, 56, 59, 784000),)",2a3c600a
408637903,-778319091,3318,1:44:14.030000,"(datetime.datetime(2026, 9, 29, 16, 56, 59, 989000),)",2a3c600d
408640731,-778314151,3361,1:44:14.240000,"(datetime.datetime(2026, 9, 29, 16, 57, 0, 194000),)",2a3c600a
408637991,-778318942,3318,1:44:14.530000,"(datetime.datetime(2026, 9, 29, 16, 57, 0, 482000),)",2a3c600d
408640831,-778313981,3360,1:44:14.540000,"(datetime.datetime(2026, 9, 29, 16, 57, 0, 494000),)",2a3c600a
408640931,-778313814,3361,1:44:14.560000,"(datetime.datetime(2026, 9, 29, 16, 57, 0, 514000),)",2a3c600a
408638074,-778318796,3318,1:44:14.650000,"(datetime.datetime(2026, 9, 29, 16, 57, 0, 609000),)",2a3c600d
408641029,-778313648,3361,1:44:14.760000,"(datetime.datetime(2026, 9, 29, 16, 57, 0, 720000),)",2a3c600a
408638158,-778318649,3318,1:44:14.860000,"(datetime.datetime(2026, 9, 29, 16, 57, 0, 816000),)",2a3c600d
408641127,-778313486,3361,1:44:14.970000,"(datetime.datetime(2026, 9, 29, 16, 57, 0, 924000),)",2a3c600a
408638244,-778318505,3318,1:44:15.060000,"(datetime.datetime(2026, 9, 29, 16, 57, 1, 19000),)",2a3c600d
408638330,-778318354,3318,1:44:15.170000,"(datetime.datetime(2026, 9, 29, 16, 57, 1, 129000),)",2a3c600d
408641226,-778313322,3360,1:44:15.270000,"(datetime.datetime(2026, 9, 29, 16, 57, 1, 224000),)",2a3c600a
408641325,-778313153,3361,1:44:15.470000,"(datetime.datetime(2026, 9, 29, 16, 57, 1, 421000),)",2a3c600a
408638418,-778318202,3319,1:44:15.510000,"(datetime.datetime(2026, 9, 29, 16, 57, 1, 467000),)",2a3c600d
408638508,-778318056,3319,1:44:15.580000,"(datetime.datetime(2026, 9, 29, 16, 57, 1, 538000),)",2a3c600d
408641417,-778312990,3360,1:44:15.680000,"(datetime.datetime(2026, 9, 29, 16, 57, 1, 633000),)",2a3c600a
408641517,-778312821,3361,1:44:15.790000,"(datetime.datetime(2026, 9, 29, 16, 57, 1, 745000),)",2a3c600a
408638594,-778317901,3319,1:44:15.850000,"(datetime.datetime(2026, 9, 29, 16, 57, 1, 805000),)",2a3c600d
408641612,-778312658,3361,1:44:15.880000,"(datetime.datetime(2026, 9, 29, 16, 57, 1, 835000),)",2a3c600a
408638684,-778317752,3319,1:44:15.990000,"(datetime.datetime(2026, 9, 29, 16, 57, 1, 947000),)",2a3c600d
408641718,-778312491,3362,1:44:16.050000,"(datetime.datetime(2026, 9, 29, 16, 57, 2, 10000),)",2a3c600a
408638770,-778317616,3319,1:44:16.070000,"(datetime.datetime(2026, 9, 29, 16, 57, 2, 24000),)",2a3c600d
408641812,-778312332,3361,1:44:16.080000,"(datetime.datetime(2026, 9, 29, 16, 57, 2, 31000),)",2a3c600a
408638858,-778317460,3319,1:44:16.080000,"(datetime.datetime(2026, 9, 29, 16, 57, 2, 39000),)",2a3c600d
408641912,-778312164,3361,1:44:16.090000,"(datetime.datetime(2026, 9, 29, 16, 57, 2, 44000),)",2a3c600a
408638950,-778317302,3319,1:44:16.100000,"(datetime.datetime(2026, 9, 29, 16, 57, 2, 53000),)",2a3c600d
408642012,-778312003,3361,1:44:16.110000,"(datetime.datetime(2026, 9, 29, 16, 57, 2, 64000),)",2a3c600a
408639037,-778317147,3319,1:44:16.130000,"(datetime.datetime(2026, 9, 29, 16, 57, 2, 83000),)",2a3c600d
408642112,-778311838,3361,1:44:16.130000,"(datetime.datetime(2026, 9, 29, 16, 57, 2, 89000),)",2a3c600a
408639133,-778316990,3319,1:44:16.140000,"(datetime.datetime(2026, 9, 29, 16, 57, 2, 95000),)",2a3c600d
408642209,-778311676,3361,1:44:16.150000,"(datetime.datetime(2026, 9, 29, 16, 57, 2, 101000),)",2a3c600a
408639223,-778316833,3320,1:44:16.150000,"(datetime.datetime(2026, 9, 29, 16, 57, 2, 106000),)",2a3c600d
408642309,-778311514,3361,1:44:16.160000,"(datetime.datetime(2026, 9, 29, 16, 57, 2, 112000),)",2a3c600a
408639314,-778316672,3319,1:44:16.180000,"(datetime.datetime(2026, 9, 29, 16, 57, 2, 133000),)",2a3c600d
408642408,-778311352,3361,1:44:16.180000,"(datetime.datetime(2026, 9, 29, 16, 57, 2, 139000),)",2a3c600a
408639406,-778316512,3320,1:44:16.190000,"(datetime.datetime(2026, 9, 29, 16, 57, 2, 145000),)",2a3c600d
408639499,-778316352,3320,1:44:16.190000,"(datetime.datetime(2026, 9, 29, 16, 57, 2, 150000),)",2a3c600d
408642504,-778311186,3361,1:44:16.200000,"(datetime.datetime(2026, 9, 29, 16, 57, 2, 155000),)",2a3c600a
408642504,-778311186,3361,1:44:16.210000,"(datetime.datetime(2026, 9, 29, 16, 57, 2, 162000),)",2a3c600a
408639592,-778316188,3320,1:44:16.230000,"(datetime.datetime(2026, 9, 29, 16, 57, 2, 182000),)",2a3c600d
408642706,-778310862,3360,1:44:16.230000,"(datetime.datetime(2026, 9, 29, 16, 57, 2, 188000),)",2a3c600a
408639693,-778316035,3319,1:44:16.240000,"(datetime.datetime(2026, 9, 29, 16, 57, 2, 194000),)",2a3c600d
408642812,-778310703,3361,1:44:16.250000,"(datetime.datetime(2026, 9, 29, 16, 57, 2, 200000),)",2a3c600a
408639788,-778315874,3319,1:44:16.250000,"(datetime.datetime(2026, 9, 29, 16, 57, 2, 206000),)",2a3c600d
408642812,-778310703,3361,1:44:16.270000,"(datetime.datetime(2026, 9, 29, 16, 57, 2, 230000),)",2a3c600a
408639881,-778315711,3319,1:44:16.280000,"(datetime.datetime(2026, 9, 29, 16, 57, 2, 237000),)",2a3c600d
408642909,-778310544,3361,1:44:16.290000,"(datetime.datetime(2026, 9, 29, 16, 57, 2, 245000),)",2a3c600a
408639973,-778315545,3319,1:44:16.300000,"(datetime.datetime(2026, 9, 29, 16, 57, 2, 252000),)",2a3c600d
408643010,-778310390,3361,1:44:16.300000,"(datetime.datetime(2026, 9, 29, 16, 57, 2, 257000),)",2a3c600a
408640067,-778315383,3320,1:44:16.380000,"(datetime.datetime(2026, 9, 29, 16, 57, 2, 332000),)",2a3c600d
408643116,-778310232,3361,1:44:16.390000,"(datetime.datetime(2026, 9, 29, 16, 57, 2, 342000),)",2a3c600a
408640162,-778315221,3320,1:44:16.400000,"(datetime.datetime(2026, 9, 29, 16, 57, 2, 354000),)",2a3c600d
408643220,-778310078,3361,1:44:16.410000,"(datetime.datetime(2026, 9, 29, 16, 57, 2, 362000),)",2a3c600a
408640257,-778315058,3320,1:44:16.410000,"(datetime.datetime(2026, 9, 29, 16, 57, 2, 370000),)",2a3c600d
408643324,-778309925,3361,1:44:16.420000,"(datetime.datetime(2026, 9, 29, 16, 57, 2, 376000),)",2a3c600a
408640352,-778314895,3320,1:44:16.430000,"(datetime.datetime(2026, 9, 29, 16, 57, 2, 381000),)",2a3c600d
408643424,-778309772,3361,1:44:16.450000,"(datetime.datetime(2026, 9, 29, 16, 57, 2, 404000),)",2a3c600a
408640444,-778314729,3320,1:44:16.450000,"(datetime.datetime(2026, 9, 29, 16, 57, 2, 409000),)",2a3c600d
408643527,-778309618,3361,1:44:16.460000,"(datetime.datetime(2026, 9, 29, 16, 57, 2, 415000),)",2a3c600a
408640539,-778314566,3319,1:44:16.470000,"(datetime.datetime(2026, 9, 29, 16, 57, 2, 423000),)",2a3c600d
408643634,-778309469,3361,1:44:16.480000,"(datetime.datetime(2026, 9, 29, 16, 57, 2, 431000),)",2a3c600a
408640633,-778314406,3320,1:44:16.500000,"(datetime.datetime(2026, 9, 29, 16, 57, 2, 452000),)",2a3c600d
408643732,-778309314,3361,1:44:16.500000,"(datetime.datetime(2026, 9, 29, 16, 57, 2, 457000),)",2a3c600a
408640731,-778314237,3320,1:44:16.510000,"(datetime.datetime(2026, 9, 29, 16, 57, 2, 462000),)",2a3c600d
408643842,-778309168,3361,1:44:16.510000,"(datetime.datetime(2026, 9, 29, 16, 57, 2, 467000),)",2a3c600a
408640824,-778314074,3320,1:44:16.520000,"(datetime.datetime(2026, 9, 29, 16, 57, 2, 473000),)",2a3c600d
408643951,-778309023,3361,1:44:16.520000,"(datetime.datetime(2026, 9, 29, 16, 57, 2, 478000),)",2a3c600a
408640920,-778313907,3320,1:44:16.550000,"(datetime.datetime(2026, 9, 29, 16, 57, 2, 503000),)",2a3c600d
408644059,-778308880,3361,1:44:16.590000,"(datetime.datetime(2026, 9, 29, 16, 57, 2, 544000),)",2a3c600a
408641013,-778313744,3320,1:44:16.610000,"(datetime.datetime(2026, 9, 29, 16, 57, 2, 563000),)",2a3c600d
408644169,-778308737,3361,1:44:16.690000,"(datetime.datetime(2026, 9, 29, 16, 57, 2, 645000),)",2a3c600a
408641108,-778313573,3320,1:44:16.710000,"(datetime.datetime(2026, 9, 29, 16, 57, 2, 661000),)",2a3c600d
408644279,-778308597,3361,1:44:16.790000,"(datetime.datetime(2026, 9, 29, 16, 57, 2, 746000),)",2a3c600a
408641204,-778313407,3320,1:44:16.800000,"(datetime.datetime(2026, 9, 29, 16, 57, 2, 760000),)",2a3c600d
408644390,-778308455,3361,1:44:16.890000,"(datetime.datetime(2026, 9, 29, 16, 57, 2, 845000),)",2a3c600a
408641299,-778313240,3320,1:44:16.910000,"(datetime.datetime(2026, 9, 29, 16, 57, 2, 861000),)",2a3c600d
408644503,-778308320,3361,1:44:16.990000,"(datetime.datetime(2026, 9, 29, 16, 57, 2, 945000),)",2a3c600a
408641392,-778313071,3320,1:44:17,"(datetime.datetime(2026, 9, 29, 16, 57, 2, 960000),)",2a3c600d
408644617,-778308185,3360,1:44:17.090000,"(datetime.datetime(2026, 9, 29, 16, 57, 3, 48000),)",2a3c600a
408641487,-778312905,3320,1:44:17.110000,"(datetime.datetime(2026, 9, 29, 16, 57, 3, 61000),)",2a3c600d
408644730,-778308050,3361,1:44:17.190000,"(datetime.datetime(2026, 9, 29, 16, 57, 3, 145000),)",2a3c600a
408641586,-778312743,3319,1:44:17.210000,"(datetime.datetime(2026, 9, 29, 16, 57, 3, 161000),)",2a3c600d
408644836,-778307917,3361,1:44:17.290000,"(datetime.datetime(2026, 9, 29, 16, 57, 3, 245000),)",2a3c600a
408641683,-778312574,3320,1:44:17.310000,"(datetime.datetime(2026, 9, 29, 16, 57, 3, 262000),)",2a3c600d
408644954,-778307792,3360,1:44:17.390000,"(datetime.datetime(2026, 9, 29, 16, 57, 3, 345000),)",2a3c600a
408641779,-778312407,3320,1:44:17.410000,"(datetime.datetime(2026, 9, 29, 16, 57, 3, 361000),)",2a3c600d
408645073,-778307664,3360,1:44:17.490000,"(datetime.datetime(2026, 9, 29, 16, 57, 3, 445000),)",2a3c600a
408641877,-778312243,3320,1:44:17.500000,"(datetime.datetime(2026, 9, 29, 16, 57, 3, 460000),)",2a3c600d
408645193,-778307537,3361,1:44:17.590000,"(datetime.datetime(2026, 9, 29, 16, 57, 3, 545000),)",2a3c600a
408641972,-778312075,3320,1:44:17.610000,"(datetime.datetime(2026, 9, 29, 16, 57, 3, 561000),)",2a3c600d
408645310,-778307409,3361,1:44:17.700000,"(datetime.datetime(2026, 9, 29, 16, 57, 3, 653000),)",2a3c600a
408642066,-778311909,3320,1:44:17.710000,"(datetime.datetime(2026, 9, 29, 16, 57, 3, 662000),)",2a3c600d
408645432,-778307295,3360,1:44:17.790000,"(datetime.datetime(2026, 9, 29, 16, 57, 3, 746000),)",2a3c600a
408642162,-778311745,3320,1:44:17.800000,"(datetime.datetime(2026, 9, 29, 16, 57, 3, 760000),)",2a3c600d
408645672,-778307062,3360,1:44:17.890000,"(datetime.datetime(2026, 9, 29, 16, 57, 3, 845000),)",2a3c600a
408642262,-778311580,3320,1:44:17.910000,"(datetime.datetime(2026, 9, 29, 16, 57, 3, 866000),)",2a3c600d
408645793,-778306948,3360,1:44:17.990000,"(datetime.datetime(2026, 9, 29, 16, 57, 3, 945000),)",2a3c600a
408642359,-778311416,3320,1:44:18,"(datetime.datetime(2026, 9, 29, 16, 57, 3, 960000),)",2a3c600d
408645919,-778306837,3360,1:44:18.090000,"(datetime.datetime(2026, 9, 29, 16, 57, 4, 46000),)",2a3c600a
408642457,-778311249,3320,1:44:18.110000,"(datetime.datetime(2026, 9, 29, 16, 57, 4, 61000),)",2a3c600d
408645919,-778306837,3360,1:44:18.190000,"(datetime.datetime(2026, 9, 29, 16, 57, 4, 146000),)",2a3c600a
408642549,-778311087,3320,1:44:18.210000,"(datetime.datetime(2026, 9, 29, 16, 57, 4, 160000),)",2a3c600d
408646038,-778306716,3361,1:44:18.290000,"(datetime.datetime(2026, 9, 29, 16, 57, 4, 245000),)",2a3c600a
408642649,-778310925,3320,1:44:18.300000,"(datetime.datetime(2026, 9, 29, 16, 57, 4, 260000),)",2a3c600d
408646167,-778306616,3361,1:44:18.390000,"(datetime.datetime(2026, 9, 29, 16, 57, 4, 346000),)",2a3c600a
408642744,-778310760,3320,1:44:18.410000,"(datetime.datetime(2026, 9, 29, 16, 57, 4, 361000),)",2a3c600d
408646294,-778306516,3361,1:44:18.490000,"(datetime.datetime(2026, 9, 29, 16, 57, 4, 448000),)",2a3c600a
408642841,-778310599,3321,1:44:18.510000,"(datetime.datetime(2026, 9, 29, 16, 57, 4, 461000),)",2a3c600d
408646420,-778306412,3361,1:44:18.590000,"(datetime.datetime(2026, 9, 29, 16, 57, 4, 545000),)",2a3c600a
408642948,-778310441,3320,1:44:18.600000,"(datetime.datetime(2026, 9, 29, 16, 57, 4, 560000),)",2a3c600d
408646545,-778306316,3361,1:44:18.690000,"(datetime.datetime(2026, 9, 29, 16, 57, 4, 644000),)",2a3c600a
408642948,-778310441,3320,1:44:18.710000,"(datetime.datetime(2026, 9, 29, 16, 57, 4, 660000),)",2a3c600d
408646674,-778306222,3361,1:44:18.790000,"(datetime.datetime(2026, 9, 29, 16, 57, 4, 745000),)",2a3c600a
408643051,-778310280,3321,1:44:18.800000,"(datetime.datetime(2026, 9, 29, 16, 57, 4, 760000),)",2a3c600d
408646802,-778306135,3361,1:44:18.900000,"(datetime.datetime(2026, 9, 29, 16, 57, 4, 852000),)",2a3c600a
408643152,-778310122,3320,1:44:18.920000,"(datetime.datetime(2026, 9, 29, 16, 57, 4, 873000),)",2a3c600d
408646934,-778306045,3361,1:44:18.990000,"(datetime.datetime(2026, 9, 29, 16, 57, 4, 945000),)",2a3c600a
408643255,-778309966,3320,1:44:19.010000,"(datetime.datetime(2026, 9, 29, 16, 57, 4, 961000),)",2a3c600d
408647072,-778305967,3363,1:44:19.090000,"(datetime.datetime(2026, 9, 29, 16, 57, 5, 45000),)",2a3c600a
408643363,-778309813,3321,1:44:19.110000,"(datetime.datetime(2026, 9, 29, 16, 57, 5, 61000),)",2a3c600d
408647202,-778305885,3363,1:44:19.190000,"(datetime.datetime(2026, 9, 29, 16, 57, 5, 145000),)",2a3c600a
408643467,-778309654,3321,1:44:19.210000,"(datetime.datetime(2026, 9, 29, 16, 57, 5, 161000),)",2a3c600d
408647333,-778305794,3365,1:44:19.290000,"(datetime.datetime(2026, 9, 29, 16, 57, 5, 245000),)",2a3c600a
408643576,-778309497,3319,1:44:19.300000,"(datetime.datetime(2026, 9, 29, 16, 57, 5, 260000),)",2a3c600d
408647469,-778305724,3364,1:44:19.390000,"(datetime.datetime(2026, 9, 29, 16, 57, 5, 345000),)",2a3c600a
408643691,-778309349,3319,1:44:19.410000,"(datetime.datetime(2026, 9, 29, 16, 57, 5, 362000),)",2a3c600d
408647600,-778305653,3365,1:44:19.490000,"(datetime.datetime(2026, 9, 29, 16, 57, 5, 445000),)",2a3c600a
408643800,-778309195,3319,1:44:19.510000,"(datetime.datetime(2026, 9, 29, 16, 57, 5, 460000),)",2a3c600d
408647735,-778305586,3365,1:44:19.590000,"(datetime.datetime(2026, 9, 29, 16, 57, 5, 545000),)",2a3c600a
408643910,-778309047,3319,1:44:19.600000,"(datetime.datetime(2026, 9, 29, 16, 57, 5, 560000),)",2a3c600d
408647870,-778305519,3365,1:44:19.690000,"(datetime.datetime(2026, 9, 29, 16, 57, 5, 645000),)",2a3c600a
408644022,-778308904,3319,1:44:19.710000,"(datetime.datetime(2026, 9, 29, 16, 57, 5, 662000),)",2a3c600d
408648003,-778305459,3365,1:44:19.790000,"(datetime.datetime(2026, 9, 29, 16, 57, 5, 745000),)",2a3c600a
408644136,-778308756,3319,1:44:19.810000,"(datetime.datetime(2026, 9, 29, 16, 57, 5, 761000),)",2a3c600d
408648141,-778305398,3364,1:44:19.890000,"(datetime.datetime(2026, 9, 29, 16, 57, 5, 846000),)",2a3c600a
408644249,-778308610,3319,1:44:19.920000,"(datetime.datetime(2026, 9, 29, 16, 57, 5, 875000),)",2a3c600d
408648277,-778305343,3364,1:44:19.990000,"(datetime.datetime(2026, 9, 29, 16, 57, 5, 949000),)",2a3c600a
408644368,-778308469,3319,1:44:20.010000,"(datetime.datetime(2026, 9, 29, 16, 57, 5, 961000),)",2a3c600d
408648411,-778305288,3365,1:44:20.090000,"(datetime.datetime(2026, 9, 29, 16, 57, 6, 45000),)",2a3c600a
408644600,-778308186,3319,1:44:20.100000,"(datetime.datetime(2026, 9, 29, 16, 57, 6, 60000),)",2a3c600d
408644722,-778308052,3319,1:44:20.170000,"(datetime.datetime(2026, 9, 29, 16, 57, 6, 126000),)",2a3c600d
408648549,-778305245,3366,1:44:20.190000,"(datetime.datetime(2026, 9, 29, 16, 57, 6, 144000),)",2a3c600a
408644844,-778307923,3319,1:44:20.270000,"(datetime.datetime(2026, 9, 29, 16, 57, 6, 226000),)",2a3c600d
408648682,-778305181,3366,1:44:20.290000,"(datetime.datetime(2026, 9, 29, 16, 57, 6, 244000),)",2a3c600a
408644962,-778307791,3319,1:44:20.370000,"(datetime.datetime(2026, 9, 29, 16, 57, 6, 325000),)",2a3c600d
408648823,-778305150,3366,1:44:20.390000,"(datetime.datetime(2026, 9, 29, 16, 57, 6, 344000),)",2a3c600a
408645086,-778307659,3319,1:44:20.470000,"(datetime.datetime(2026, 9, 29, 16, 57, 6, 427000),)",2a3c600d
408648962,-778305103,3366,1:44:20.490000,"(datetime.datetime(2026, 9, 29, 16, 57, 6, 444000),)",2a3c600a
408645205,-778307531,3319,1:44:20.570000,"(datetime.datetime(2026, 9, 29, 16, 57, 6, 527000),)",2a3c600d
408649103,-778305073,3367,1:44:20.590000,"(datetime.datetime(2026, 9, 29, 16, 57, 6, 544000),)",2a3c600a
408645205,-778307531,3319,1:44:20.680000,"(datetime.datetime(2026, 9, 29, 16, 57, 6, 639000),)",2a3c600d
408649244,-778305039,3366,1:44:20.690000,"(datetime.datetime(2026, 9, 29, 16, 57, 6, 649000),)",2a3c600a
408645328,-778307408,3319,1:44:20.770000,"(datetime.datetime(2026, 9, 29, 16, 57, 6, 725000),)",2a3c600d
408649383,-778305011,3367,1:44:20.790000,"(datetime.datetime(2026, 9, 29, 16, 57, 6, 744000),)",2a3c600a
408645455,-778307283,3319,1:44:20.870000,"(datetime.datetime(2026, 9, 29, 16, 57, 6, 824000),)",2a3c600d
408649527,-778304987,3367,1:44:20.890000,"(datetime.datetime(2026, 9, 29, 16, 57, 6, 844000),)",2a3c600a
408645575,-778307165,3319,1:44:20.970000,"(datetime.datetime(2026, 9, 29, 16, 57, 6, 925000),)",2a3c600d
408649666,-778304963,3368,1:44:20.990000,"(datetime.datetime(2026, 9, 29, 16, 57, 6, 944000),)",2a3c600a
408645701,-778307044,3320,1:44:21.070000,"(datetime.datetime(2026, 9, 29, 16, 57, 7, 25000),)",2a3c600d
408649808,-778304944,3368,1:44:21.090000,"(datetime.datetime(2026, 9, 29, 16, 57, 7, 45000),)",2a3c600a
408645829,-778306932,3320,1:44:21.180000,"(datetime.datetime(2026, 9, 29, 16, 57, 7, 132000),)",2a3c600d
408649952,-778304930,3368,1:44:21.190000,"(datetime.datetime(2026, 9, 29, 16, 57, 7, 144000),)",2a3c600a
408645948,-778306800,3320,1:44:21.270000,"(datetime.datetime(2026, 9, 29, 16, 57, 7, 225000),)",2a3c600d
408650087,-778304912,3368,1:44:21.300000,"(datetime.datetime(2026, 9, 29, 16, 57, 7, 252000),)",2a3c600a
408646076,-778306695,3321,1:44:21.370000,"(datetime.datetime(2026, 9, 29, 16, 57, 7, 325000),)",2a3c600d
408650232,-778304916,3369,1:44:21.390000,"(datetime.datetime(2026, 9, 29, 16, 57, 7, 344000),)",2a3c600a
408646209,-778306585,3320,1:44:21.470000,"(datetime.datetime(2026, 9, 29, 16, 57, 7, 425000),)",2a3c600d
408650377,-778304909,3369,1:44:21.490000,"(datetime.datetime(2026, 9, 29, 16, 57, 7, 444000),)",2a3c600a
408646338,-778306488,3320,1:44:21.570000,"(datetime.datetime(2026, 9, 29, 16, 57, 7, 526000),)",2a3c600d
408650518,-778304909,3369,1:44:21.590000,"(datetime.datetime(2026, 9, 29, 16, 57, 7, 544000),)",2a3c600a
408646472,-778306388,3320,1:44:21.670000,"(datetime.datetime(2026, 9, 29, 16, 57, 7, 624000),)",2a3c600d
408650660,-778304909,3369,1:44:21.690000,"(datetime.datetime(2026, 9, 29, 16, 57, 7, 644000),)",2a3c600a
408646606,-778306288,3321,1:44:21.770000,"(datetime.datetime(2026, 9, 29, 16, 57, 7, 725000),)",2a3c600d
408650807,-778304914,3370,1:44:21.790000,"(datetime.datetime(2026, 9, 29, 16, 57, 7, 747000),)",2a3c600a
408646741,-778306193,3320,1:44:21.870000,"(datetime.datetime(2026, 9, 29, 16, 57, 7, 825000),)",2a3c600d
408650951,-778304923,3370,1:44:21.890000,"(datetime.datetime(2026, 9, 29, 16, 57, 7, 844000),)",2a3c600a
408646876,-778306109,3322,1:44:21.980000,"(datetime.datetime(2026, 9, 29, 16, 57, 7, 937000),)",2a3c600d
408651096,-778304935,3370,1:44:21.990000,"(datetime.datetime(2026, 9, 29, 16, 57, 7, 949000),)",2a3c600a
408647009,-778306021,3322,1:44:22.070000,"(datetime.datetime(2026, 9, 29, 16, 57, 8, 24000),)",2a3c600d
408651241,-778304947,3370,1:44:22.090000,"(datetime.datetime(2026, 9, 29, 16, 57, 8, 45000),)",2a3c600a
408647145,-778305938,3322,1:44:22.170000,"(datetime.datetime(2026, 9, 29, 16, 57, 8, 125000),)",2a3c600d
408651385,-778304963,3370,1:44:22.190000,"(datetime.datetime(2026, 9, 29, 16, 57, 8, 145000),)",2a3c600a
408647256,-778305833,3323,1:44:22.270000,"(datetime.datetime(2026, 9, 29, 16, 57, 8, 225000),)",2a3c600d
408651529,-778304961,3371,1:44:22.290000,"(datetime.datetime(2026, 9, 29, 16, 57, 8, 244000),)",2a3c600a
408647398,-778305763,3323,1:44:22.370000,"(datetime.datetime(2026, 9, 29, 16, 57, 8, 325000),)",2a3c600d
408651674,-778304995,3371,1:44:22.390000,"(datetime.datetime(2026, 9, 29, 16, 57, 8, 344000),)",2a3c600a
408647536,-778305695,3323,1:44:22.470000,"(datetime.datetime(2026, 9, 29, 16, 57, 8, 425000),)",2a3c600d
408651820,-778305020,3371,1:44:22.490000,"(datetime.datetime(2026, 9, 29, 16, 57, 8, 447000),)",2a3c600a
408647677,-778305623,3324,1:44:22.570000,"(datetime.datetime(2026, 9, 29, 16, 57, 8, 530000),)",2a3c600d
408651964,-778305050,3371,1:44:22.590000,"(datetime.datetime(2026, 9, 29, 16, 57, 8, 544000),)",2a3c600a
408647819,-778305563,3323,1:44:22.670000,"(datetime.datetime(2026, 9, 29, 16, 57, 8, 625000),)",2a3c600d
408652107,-778305085,3372,1:44:22.690000,"(datetime.datetime(2026, 9, 29, 16, 57, 8, 644000),)",2a3c600a
408647961,-778305502,3324,1:44:22.770000,"(datetime.datetime(2026, 9, 29, 16, 57, 8, 725000),)",2a3c600d
408652252,-778305120,3371,1:44:22.790000,"(datetime.datetime(2026, 9, 29, 16, 57, 8, 744000),)",2a3c600a
408648107,-778305445,3324,1:44:22.870000,"(datetime.datetime(2026, 9, 29, 16, 57, 8, 825000),)",2a3c600d
408652393,-778305160,3372,1:44:22.900000,"(datetime.datetime(2026, 9, 29, 16, 57, 8, 851000),)",2a3c600a
408648253,-778305394,3324,1:44:22.970000,"(datetime.datetime(2026, 9, 29, 16, 57, 8, 925000),)",2a3c600d
408652538,-778305205,3372,1:44:22.990000,"(datetime.datetime(2026, 9, 29, 16, 57, 8, 944000),)",2a3c600a
408648399,-778305346,3324,1:44:23.070000,"(datetime.datetime(2026, 9, 29, 16, 57, 9, 25000),)",2a3c600d
408652680,-778305252,3372,1:44:23.090000,"(datetime.datetime(2026, 9, 29, 16, 57, 9, 44000),)",2a3c600a
408648548,-778305300,3324,1:44:23.170000,"(datetime.datetime(2026, 9, 29, 16, 57, 9, 127000),)",2a3c600d
408652822,-778305302,3372,1:44:23.190000,"(datetime.datetime(2026, 9, 29, 16, 57, 9, 144000),)",2a3c600a
408648691,-778305248,3325,1:44:23.270000,"(datetime.datetime(2026, 9, 29, 16, 57, 9, 226000),)",2a3c600d
408652965,-778305351,3372,1:44:23.290000,"(datetime.datetime(2026, 9, 29, 16, 57, 9, 244000),)",2a3c600a
408648837,-778305217,3326,1:44:23.370000,"(datetime.datetime(2026, 9, 29, 16, 57, 9, 326000),)",2a3c600d
408653104,-778305418,3372,1:44:23.390000,"(datetime.datetime(2026, 9, 29, 16, 57, 9, 344000),)",2a3c600a
408648991,-778305182,3326,1:44:23.470000,"(datetime.datetime(2026, 9, 29, 16, 57, 9, 424000),)",2a3c600d
408653248,-778305478,3372,1:44:23.490000,"(datetime.datetime(2026, 9, 29, 16, 57, 9, 445000),)",2a3c600a
408649144,-778305154,3326,1:44:23.570000,"(datetime.datetime(2026, 9, 29, 16, 57, 9, 525000),)",2a3c600d
408653386,-778305545,3372,1:44:23.590000,"(datetime.datetime(2026, 9, 29, 16, 57, 9, 545000),)",2a3c600a
408649294,-778305124,3326,1:44:23.670000,"(datetime.datetime(2026, 9, 29, 16, 57, 9, 625000),)",2a3c600d
408653524,-778305613,3373,1:44:23.690000,"(datetime.datetime(2026, 9, 29, 16, 57, 9, 645000),)",2a3c600a
408649448,-778305100,3326,1:44:23.770000,"(datetime.datetime(2026, 9, 29, 16, 57, 9, 730000),)",2a3c600d
408653664,-778305685,3373,1:44:23.790000,"(datetime.datetime(2026, 9, 29, 16, 57, 9, 744000),)",2a3c600a
408649600,-778305083,3327,1:44:23.870000,"(datetime.datetime(2026, 9, 29, 16, 57, 9, 825000),)",2a3c600d
408653802,-778305761,3373,1:44:23.890000,"(datetime.datetime(2026, 9, 29, 16, 57, 9, 844000),)",2a3c600a
408649754,-778305068,3327,1:44:23.970000,"(datetime.datetime(2026, 9, 29, 16, 57, 9, 924000),)",2a3c600d
408653939,-778305841,3374,1:44:23.990000,"(datetime.datetime(2026, 9, 29, 16, 57, 9, 944000),)",2a3c600a
408649905,-778305055,3328,1:44:24.070000,"(datetime.datetime(2026, 9, 29, 16, 57, 10, 25000),)",2a3c600d
408654076,-778305924,3374,1:44:24.090000,"(datetime.datetime(2026, 9, 29, 16, 57, 10, 44000),)",2a3c600a
408650062,-778305045,3327,1:44:24.170000,"(datetime.datetime(2026, 9, 29, 16, 57, 10, 126000),)",2a3c600d
408654210,-778306010,3374,1:44:24.190000,"(datetime.datetime(2026, 9, 29, 16, 57, 10, 148000),)",2a3c600a
408650203,-778305015,3328,1:44:24.270000,"(datetime.datetime(2026, 9, 29, 16, 57, 10, 225000),)",2a3c600d
408654346,-778306091,3374,1:44:24.300000,"(datetime.datetime(2026, 9, 29, 16, 57, 10, 260000),)",2a3c600a
408650362,-778305019,3329,1:44:24.370000,"(datetime.datetime(2026, 9, 29, 16, 57, 10, 325000),)",2a3c600d
408654477,-778306195,3375,1:44:24.390000,"(datetime.datetime(2026, 9, 29, 16, 57, 10, 345000),)",2a3c600a
408650518,-778305023,3329,1:44:24.470000,"(datetime.datetime(2026, 9, 29, 16, 57, 10, 424000),)",2a3c600d
408654609,-778306290,3375,1:44:24.490000,"(datetime.datetime(2026, 9, 29, 16, 57, 10, 444000),)",2a3c600a
408650671,-778305029,3329,1:44:24.570000,"(datetime.datetime(2026, 9, 29, 16, 57, 10, 525000),)",2a3c600d
408654739,-778306392,3375,1:44:24.590000,"(datetime.datetime(2026, 9, 29, 16, 57, 10, 544000),)",2a3c600a
408650828,-778305034,3329,1:44:24.670000,"(datetime.datetime(2026, 9, 29, 16, 57, 10, 626000),)",2a3c600d
408654870,-778306494,3375,1:44:24.690000,"(datetime.datetime(2026, 9, 29, 16, 57, 10, 645000),)",2a3c600a
408650979,-778305045,3330,1:44:24.770000,"(datetime.datetime(2026, 9, 29, 16, 57, 10, 728000),)",2a3c600d
408655000,-778306601,3376,1:44:24.790000,"(datetime.datetime(2026, 9, 29, 16, 57, 10, 744000),)",2a3c600a
408655129,-778306711,3376,1:44:24.840000,"(datetime.datetime(2026, 9, 29, 16, 57, 10, 791000),)",2a3c600a
408651139,-778305062,3330,1:44:24.870000,"(datetime.datetime(2026, 9, 29, 16, 57, 10, 830000),)",2a3c600d
408655252,-778306825,3376,1:44:24.940000,"(datetime.datetime(2026, 9, 29, 16, 57, 10, 891000),)",2a3c600a
408651292,-778305081,3330,1:44:24.970000,"(datetime.datetime(2026, 9, 29, 16, 57, 10, 924000),)",2a3c600d
408655377,-778306942,3376,1:44:25.040000,"(datetime.datetime(2026, 9, 29, 16, 57, 10, 991000),)",2a3c600a
408651450,-778305106,3331,1:44:25.070000,"(datetime.datetime(2026, 9, 29, 16, 57, 11, 25000),)",2a3c600d
408655501,-778307062,3376,1:44:25.140000,"(datetime.datetime(2026, 9, 29, 16, 57, 11, 91000),)",2a3c600a
408651601,-778305129,3331,1:44:25.170000,"(datetime.datetime(2026, 9, 29, 16, 57, 11, 125000),)",2a3c600d
408655620,-778307189,3376,1:44:25.240000,"(datetime.datetime(2026, 9, 29, 16, 57, 11, 192000),)",2a3c600a
408651749,-778305127,3332,1:44:25.270000,"(datetime.datetime(2026, 9, 29, 16, 57, 11, 225000),)",2a3c600d
408655736,-778307329,3377,1:44:25.340000,"(datetime.datetime(2026, 9, 29, 16, 57, 11, 300000),)",2a3c600a
408651908,-778305171,3332,1:44:25.370000,"(datetime.datetime(2026, 9, 29, 16, 57, 11, 324000),)",2a3c600d
408655855,-778307462,3377,1:44:25.440000,"(datetime.datetime(2026, 9, 29, 16, 57, 11, 391000),)",2a3c600a
408652061,-778305206,3332,1:44:25.470000,"(datetime.datetime(2026, 9, 29, 16, 57, 11, 425000),)",2a3c600d
408655970,-778307594,3377,1:44:25.540000,"(datetime.datetime(2026, 9, 29, 16, 57, 11, 491000),)",2a3c600a
408652218,-778305249,3333,1:44:25.570000,"(datetime.datetime(2026, 9, 29, 16, 57, 11, 525000),)",2a3c600d
408656088,-778307733,3378,1:44:25.640000,"(datetime.datetime(2026, 9, 29, 16, 57, 11, 598000),)",2a3c600a
408652371,-778305295,3333,1:44:25.680000,"(datetime.datetime(2026, 9, 29, 16, 57, 11, 635000),)",2a3c600d
408656199,-778307873,3378,1:44:25.740000,"(datetime.datetime(2026, 9, 29, 16, 57, 11, 697000),)",2a3c600a
408652526,-778305345,3333,1:44:25.770000,"(datetime.datetime(2026, 9, 29, 16, 57, 11, 726000),)",2a3c600d
408656312,-778308016,3378,1:44:25.850000,"(datetime.datetime(2026, 9, 29, 16, 57, 11, 806000),)",2a3c600a
408652679,-778305399,3333,1:44:25.870000,"(datetime.datetime(2026, 9, 29, 16, 57, 11, 824000),)",2a3c600d
408656419,-778308164,3378,1:44:25.940000,"(datetime.datetime(2026, 9, 29, 16, 57, 11, 891000),)",2a3c600a
408652833,-778305454,3333,1:44:25.970000,"(datetime.datetime(2026, 9, 29, 16, 57, 11, 924000),)",2a3c600d
408656525,-778308316,3378,1:44:26.040000,"(datetime.datetime(2026, 9, 29, 16, 57, 11, 991000),)",2a3c600a
408652983,-778305518,3333,1:44:26.070000,"(datetime.datetime(2026, 9, 29, 16, 57, 12, 25000),)",2a3c600d
408656634,-778308471,3378,1:44:26.140000,"(datetime.datetime(2026, 9, 29, 16, 57, 12, 92000),)",2a3c600a
408653136,-778305582,3334,1:44:26.170000,"(datetime.datetime(2026, 9, 29, 16, 57, 12, 124000),)",2a3c600d
408656738,-778308614,3379,1:44:26.240000,"(datetime.datetime(2026, 9, 29, 16, 57, 12, 193000),)",2a3c600a
408653292,-778305629,3334,1:44:26.270000,"(datetime.datetime(2026, 9, 29, 16, 57, 12, 225000),)",2a3c600d
408656832,-778308784,3379,1:44:26.340000,"(datetime.datetime(2026, 9, 29, 16, 57, 12, 291000),)",2a3c600a
408653439,-778305711,3334,1:44:26.370000,"(datetime.datetime(2026, 9, 29, 16, 57, 12, 324000),)",2a3c600d
408656931,-778308947,3379,1:44:26.440000,"(datetime.datetime(2026, 9, 29, 16, 57, 12, 392000),)",2a3c600a
408653588,-778305792,3334,1:44:26.470000,"(datetime.datetime(2026, 9, 29, 16, 57, 12, 424000),)",2a3c600d
408657027,-778309113,3379,1:44:26.540000,"(datetime.datetime(2026, 9, 29, 16, 57, 12, 491000),)",2a3c600a
408653736,-778305875,3335,1:44:26.580000,"(datetime.datetime(2026, 9, 29, 16, 57, 12, 537000),)",2a3c600d
408657120,-778309281,3379,1:44:26.640000,"(datetime.datetime(2026, 9, 29, 16, 57, 12, 591000),)",2a3c600a
408653881,-778305962,3335,1:44:26.670000,"(datetime.datetime(2026, 9, 29, 16, 57, 12, 624000),)",2a3c600d
408657214,-778309450,3380,1:44:26.740000,"(datetime.datetime(2026, 9, 29, 16, 57, 12, 698000),)",2a3c600a
408654025,-778306053,3335,1:44:26.770000,"(datetime.datetime(2026, 9, 29, 16, 57, 12, 724000),)",2a3c600d
408657305,-778309625,3380,1:44:26.840000,"(datetime.datetime(2026, 9, 29, 16, 57, 12, 792000),)",2a3c600a
408654167,-778306151,3336,1:44:26.870000,"(datetime.datetime(2026, 9, 29, 16, 57, 12, 825000),)",2a3c600d
408657393,-778309801,3380,1:44:26.930000,"(datetime.datetime(2026, 9, 29, 16, 57, 12, 890000),)",2a3c600a
408654307,-778306253,3336,1:44:26.970000,"(datetime.datetime(2026, 9, 29, 16, 57, 12, 924000),)",2a3c600d
408657481,-778309978,3380,1:44:27.040000,"(datetime.datetime(2026, 9, 29, 16, 57, 12, 991000),)",2a3c600a
408654450,-778306355,3336,1:44:27.070000,"(datetime.datetime(2026, 9, 29, 16, 57, 13, 25000),)",2a3c600d
408657564,-778310159,3380,1:44:27.140000,"(datetime.datetime(2026, 9, 29, 16, 57, 13, 91000),)",2a3c600a
408654586,-778306464,3336,1:44:27.170000,"(datetime.datetime(2026, 9, 29, 16, 57, 13, 125000),)",2a3c600d
408657649,-778310332,3379,1:44:27.240000,"(datetime.datetime(2026, 9, 29, 16, 57, 13, 191000),)",2a3c600a
408654731,-778306550,3338,1:44:27.280000,"(datetime.datetime(2026, 9, 29, 16, 57, 13, 231000),)",2a3c600d
408657724,-778310523,3380,1:44:27.340000,"(datetime.datetime(2026, 9, 29, 16, 57, 13, 291000),)",2a3c600a
408654863,-778306675,3338,1:44:27.370000,"(datetime.datetime(2026, 9, 29, 16, 57, 13, 324000),)",2a3c600d
408657802,-778310712,3380,1:44:27.440000,"(datetime.datetime(2026, 9, 29, 16, 57, 13, 391000),)",2a3c600a
408655000,-778306797,3338,1:44:27.470000,"(datetime.datetime(2026, 9, 29, 16, 57, 13, 424000),)",2a3c600d
408657878,-778310901,3380,1:44:27.540000,"(datetime.datetime(2026, 9, 29, 16, 57, 13, 493000),)",2a3c600a
408655131,-778306922,3338,1:44:27.570000,"(datetime.datetime(2026, 9, 29, 16, 57, 13, 526000),)",2a3c600d
408657950,-778311093,3380,1:44:27.640000,"(datetime.datetime(2026, 9, 29, 16, 57, 13, 591000),)",2a3c600a
408655264,-778307048,3338,1:44:27.670000,"(datetime.datetime(2026, 9, 29, 16, 57, 13, 627000),)",2a3c600d
408658020,-778311287,3380,1:44:27.740000,"(datetime.datetime(2026, 9, 29, 16, 57, 13, 691000),)",2a3c600a
408655394,-778307181,3339,1:44:27.770000,"(datetime.datetime(2026, 9, 29, 16, 57, 13, 724000),)",2a3c600d
408658090,-778311483,3380,1:44:27.840000,"(datetime.datetime(2026, 9, 29, 16, 57, 13, 792000),)",2a3c600a
408655523,-778307320,3339,1:44:28.180000,"(datetime.datetime(2026, 9, 29, 16, 57, 14, 130000),)",2a3c600d
408658158,-778311679,3380,1:44:28.250000,"(datetime.datetime(2026, 9, 29, 16, 57, 14, 208000),)",2a3c600a
408655651,-778307458,3339,1:44:28.320000,"(datetime.datetime(2026, 9, 29, 16, 57, 14, 274000),)",2a3c600d
408658223,-778311876,3380,1:44:28.510000,"(datetime.datetime(2026, 9, 29, 16, 57, 14, 463000),)",2a3c600a
408655779,-778307599,3339,1:44:28.580000,"(datetime.datetime(2026, 9, 29, 16, 57, 14, 538000),)",2a3c600d
408658280,-778312076,3381,1:44:28.640000,"(datetime.datetime(2026, 9, 29, 16, 57, 14, 598000),)",2a3c600a
408655904,-778307746,3339,1:44:28.780000,"(datetime.datetime(2026, 9, 29, 16, 57, 14, 735000),)",2a3c600d
408658343,-778312268,3380,1:44:28.980000,"(datetime.datetime(2026, 9, 29, 16, 57, 14, 939000),)",2a3c600a
408656035,-778307872,3339,1:44:29.080000,"(datetime.datetime(2026, 9, 29, 16, 57, 15, 31000),)",2a3c600d
408658390,-778312477,3381,1:44:29.090000,"(datetime.datetime(2026, 9, 29, 16, 57, 15, 47000),)",2a3c600a
408656153,-778308036,3339,1:44:29.200000,"(datetime.datetime(2026, 9, 29, 16, 57, 15, 152000),)",2a3c600d
408658444,-778312682,3380,1:44:29.300000,"(datetime.datetime(2026, 9, 29, 16, 57, 15, 260000),)",2a3c600a
408656276,-778308192,3340,1:44:29.510000,"(datetime.datetime(2026, 9, 29, 16, 57, 15, 464000),)",2a3c600d
408658491,-778312884,3381,1:44:29.570000,"(datetime.datetime(2026, 9, 29, 16, 57, 15, 529000),)",2a3c600a
408656396,-778308352,3340,1:44:29.610000,"(datetime.datetime(2026, 9, 29, 16, 57, 15, 561000),)",2a3c600d
408658537,-778313095,3381,1:44:29.710000,"(datetime.datetime(2026, 9, 29, 16, 57, 15, 669000),)",2a3c600a
408656514,-778308515,3340,1:44:29.810000,"(datetime.datetime(2026, 9, 29, 16, 57, 15, 765000),)",2a3c600d
408658581,-778313304,3381,1:44:29.920000,"(datetime.datetime(2026, 9, 29, 16, 57, 15, 874000),)",2a3c600a
408656629,-778308684,3340,1:44:30.020000,"(datetime.datetime(2026, 9, 29, 16, 57, 15, 971000),)",2a3c600d
408658622,-778313512,3381,1:44:30.120000,"(datetime.datetime(2026, 9, 29, 16, 57, 16, 78000),)",2a3c600a
408656742,-778308857,3340,1:44:30.220000,"(datetime.datetime(2026, 9, 29, 16, 57, 16, 179000),)",2a3c600d
408658659,-778313723,3381,1:44:30.330000,"(datetime.datetime(2026, 9, 29, 16, 57, 16, 284000),)",2a3c600a
408656852,-778309035,3340,1:44:30.530000,"(datetime.datetime(2026, 9, 29, 16, 57, 16, 488000),)",2a3c600d
408658694,-778313934,3381,1:44:30.590000,"(datetime.datetime(2026, 9, 29, 16, 57, 16, 541000),)",2a3c600a
408656959,-778309214,3341,1:44:30.600000,"(datetime.datetime(2026, 9, 29, 16, 57, 16, 553000),)",2a3c600d
408658727,-778314145,3381,1:44:30.610000,"(datetime.datetime(2026, 9, 29, 16, 57, 16, 563000),)",2a3c600a
408657066,-778309401,3341,1:44:30.620000,"(datetime.datetime(2026, 9, 29, 16, 57, 16, 572000),)",2a3c600d
408658761,-778314353,3381,1:44:30.630000,"(datetime.datetime(2026, 9, 29, 16, 57, 16, 587000),)",2a3c600a
408657180,-778309567,3341,1:44:30.640000,"(datetime.datetime(2026, 9, 29, 16, 57, 16, 597000),)",2a3c600d
408658777,-778314574,3382,1:44:30.650000,"(datetime.datetime(2026, 9, 29, 16, 57, 16, 602000),)",2a3c600a
408657278,-778309772,3341,1:44:30.650000,"(datetime.datetime(2026, 9, 29, 16, 57, 16, 607000),)",2a3c600d
408658801,-778314787,3382,1:44:30.660000,"(datetime.datetime(2026, 9, 29, 16, 57, 16, 611000),)",2a3c600a
408657377,-778309964,3342,1:44:30.660000,"(datetime.datetime(2026, 9, 29, 16, 57, 16, 616000),)",2a3c600d
408658819,-778315004,3382,1:44:30.680000,"(datetime.datetime(2026, 9, 29, 16, 57, 16, 636000),)",2a3c600a
408657473,-778310161,3341,1:44:30.690000,"(datetime.datetime(2026, 9, 29, 16, 57, 16, 641000),)",2a3c600d
408658834,-778315222,3383,1:44:30.690000,"(datetime.datetime(2026, 9, 29, 16, 57, 16, 646000),)",2a3c600a
408657566,-778310362,3342,1:44:30.690000,"(datetime.datetime(2026, 9, 29, 16, 57, 16, 650000),)",2a3c600d
408658847,-778315440,3383,1:44:30.700000,"(datetime.datetime(2026, 9, 29, 16, 57, 16, 654000),)",2a3c600a
408657657,-778310565,3342,1:44:30.700000,"(datetime.datetime(2026, 9, 29, 16, 57, 16, 660000),)",2a3c600d
408658856,-778315660,3383,1:44:30.710000,"(datetime.datetime(2026, 9, 29, 16, 57, 16, 665000),)",2a3c600a
408657743,-778310773,3342,1:44:30.750000,"(datetime.datetime(2026, 9, 29, 16, 57, 16, 704000),)",2a3c600d
408658864,-778315879,3383,1:44:30.760000,"(datetime.datetime(2026, 9, 29, 16, 57, 16, 713000),)",2a3c600a
408657824,-778310980,3342,1:44:30.770000,"(datetime.datetime(2026, 9, 29, 16, 57, 16, 721000),)",2a3c600d
408658866,-778316099,3384,1:44:30.770000,"(datetime.datetime(2026, 9, 29, 16, 57, 16, 727000),)",2a3c600a
408657906,-778311191,3343,1:44:30.780000,"(datetime.datetime(2026, 9, 29, 16, 57, 16, 732000),)",2a3c600d
408657983,-778311405,3343,1:44:30.790000,"(datetime.datetime(2026, 9, 29, 16, 57, 16, 749000),)",2a3c600d
408658865,-778316321,3384,1:44:30.800000,"(datetime.datetime(2026, 9, 29, 16, 57, 16, 754000),)",2a3c600a
408658071,-778311597,3343,1:44:30.800000,"(datetime.datetime(2026, 9, 29, 16, 57, 16, 760000),)",2a3c600d
408658870,-778316538,3383,1:44:30.810000,"(datetime.datetime(2026, 9, 29, 16, 57, 16, 764000),)",2a3c600a
408658133,-778311825,3343,1:44:30.820000,"(datetime.datetime(2026, 9, 29, 16, 57, 16, 771000),)",2a3c600d
408658857,-778316762,3383,1:44:30.820000,"(datetime.datetime(2026, 9, 29, 16, 57, 16, 776000),)",2a3c600a
408658204,-778312047,3343,1:44:30.850000,"(datetime.datetime(2026, 9, 29, 16, 57, 16, 801000),)",2a3c600d
408658848,-778316980,3384,1:44:30.850000,"(datetime.datetime(2026, 9, 29, 16, 57, 16, 806000),)",2a3c600a
408658265,-778312267,3343,1:44:30.860000,"(datetime.datetime(2026, 9, 29, 16, 57, 16, 813000),)",2a3c600d
408658836,-778317202,3384,1:44:30.860000,"(datetime.datetime(2026, 9, 29, 16, 57, 16, 820000),)",2a3c600a
408658326,-778312496,3343,1:44:30.870000,"(datetime.datetime(2026, 9, 29, 16, 57, 16, 824000),)",2a3c600d
408658818,-778317424,3384,1:44:30.870000,"(datetime.datetime(2026, 9, 29, 16, 57, 16, 829000),)",2a3c600a
408658379,-778312721,3344,1:44:30.900000,"(datetime.datetime(2026, 9, 29, 16, 57, 16, 854000),)",2a3c600d
408658801,-778317644,3384,1:44:30.900000,"(datetime.datetime(2026, 9, 29, 16, 57, 16, 859000),)",2a3c600a
408658431,-778312955,3344,1:44:30.910000,"(datetime.datetime(2026, 9, 29, 16, 57, 16, 864000),)",2a3c600d
408658778,-778317867,3384,1:44:30.910000,"(datetime.datetime(2026, 9, 29, 16, 57, 16, 870000),)",2a3c600a
408658480,-778313184,3344,1:44:30.920000,"(datetime.datetime(2026, 9, 29, 16, 57, 16, 874000),)",2a3c600d
408658753,-778318090,3385,1:44:30.920000,"(datetime.datetime(2026, 9, 29, 16, 57, 16, 879000),)",2a3c600a
408658526,-778313419,3344,1:44:31,"(datetime.datetime(2026, 9, 29, 16, 57, 16, 959000),)",2a3c600d
408658724,-778318309,3385,1:44:31.010000,"(datetime.datetime(2026, 9, 29, 16, 57, 16, 969000),)",2a3c600a
408658695,-778318531,3385,1:44:31.110000,"(datetime.datetime(2026, 9, 29, 16, 57, 17, 64000),)",2a3c600a
408658567,-778313651,3345,1:44:31.120000,"(datetime.datetime(2026, 9, 29, 16, 57, 17, 75000),)",2a3c600d
408658623,-778313870,3346,1:44:31.200000,"(datetime.datetime(2026, 9, 29, 16, 57, 17, 159000),)",2a3c600d
408658669,-778318756,3383,1:44:31.220000,"(datetime.datetime(2026, 9, 29, 16, 57, 17, 173000),)",2a3c600a
408658647,-778314114,3346,1:44:31.300000,"(datetime.datetime(2026, 9, 29, 16, 57, 17, 259000),)",2a3c600d
408658626,-778318976,3384,1:44:31.320000,"(datetime.datetime(2026, 9, 29, 16, 57, 17, 272000),)",2a3c600a
408658680,-778314355,3346,1:44:31.410000,"(datetime.datetime(2026, 9, 29, 16, 57, 17, 361000),)",2a3c600d
408658591,-778319194,3384,1:44:31.420000,"(datetime.datetime(2026, 9, 29, 16, 57, 17, 373000),)",2a3c600a
408658707,-778314593,3346,1:44:31.510000,"(datetime.datetime(2026, 9, 29, 16, 57, 17, 460000),)",2a3c600d
408658552,-778319418,3385,1:44:31.520000,"(datetime.datetime(2026, 9, 29, 16, 57, 17, 472000),)",2a3c600a
408658728,-778314837,3346,1:44:31.600000,"(datetime.datetime(2026, 9, 29, 16, 57, 17, 559000),)",2a3c600d
408658513,-778319636,3385,1:44:31.620000,"(datetime.datetime(2026, 9, 29, 16, 57, 17, 571000),)",2a3c600a
408658748,-778315076,3347,1:44:31.700000,"(datetime.datetime(2026, 9, 29, 16, 57, 17, 660000),)",2a3c600d
408658471,-778319858,3385,1:44:31.720000,"(datetime.datetime(2026, 9, 29, 16, 57, 17, 672000),)",2a3c600a
408658764,-778315320,3347,1:44:31.810000,"(datetime.datetime(2026, 9, 29, 16, 57, 17, 761000),)",2a3c600d
408658428,-778320077,3386,1:44:31.820000,"(datetime.datetime(2026, 9, 29, 16, 57, 17, 775000),)",2a3c600a
408658778,-778315561,3347,1:44:31.900000,"(datetime.datetime(2026, 9, 29, 16, 57, 17, 859000),)",2a3c600d
408658388,-778320300,3386,1:44:31.920000,"(datetime.datetime(2026, 9, 29, 16, 57, 17, 871000),)",2a3c600a
408658787,-778315808,3348,1:44:32,"(datetime.datetime(2026, 9, 29, 16, 57, 17, 960000),)",2a3c600d
408658346,-778320521,3386,1:44:32.020000,"(datetime.datetime(2026, 9, 29, 16, 57, 17, 975000),)",2a3c600a
408658794,-778316049,3348,1:44:32.100000,"(datetime.datetime(2026, 9, 29, 16, 57, 18, 60000),)",2a3c600d
408658305,-778320747,3386,1:44:32.130000,"(datetime.datetime(2026, 9, 29, 16, 57, 18, 85000),)",2a3c600a
408658820,-778316281,3348,1:44:32.180000,"(datetime.datetime(2026, 9, 29, 16, 57, 18, 138000),)",2a3c600d
408658270,-778320971,3386,1:44:32.220000,"(datetime.datetime(2026, 9, 29, 16, 57, 18, 171000),)",2a3c600a
408658810,-778316531,3349,1:44:32.280000,"(datetime.datetime(2026, 9, 29, 16, 57, 18, 238000),)",2a3c600d
408658221,-778321193,3386,1:44:32.320000,"(datetime.datetime(2026, 9, 29, 16, 57, 18, 271000),)",2a3c600a
408658807,-778316774,3348,1:44:32.390000,"(datetime.datetime(2026, 9, 29, 16, 57, 18, 341000),)",2a3c600d
408658177,-778321413,3386,1:44:32.420000,"(datetime.datetime(2026, 9, 29, 16, 57, 18, 372000),)",2a3c600a
408658799,-778317019,3349,1:44:32.480000,"(datetime.datetime(2026, 9, 29, 16, 57, 18, 439000),)",2a3c600d
408658133,-778321639,3387,1:44:32.520000,"(datetime.datetime(2026, 9, 29, 16, 57, 18, 473000),)",2a3c600a
408658793,-778317260,3349,1:44:32.580000,"(datetime.datetime(2026, 9, 29, 16, 57, 18, 537000),)",2a3c600d
408658087,-778321861,3387,1:44:32.620000,"(datetime.datetime(2026, 9, 29, 16, 57, 18, 572000),)",2a3c600a
408658779,-778317503,3349,1:44:32.680000,"(datetime.datetime(2026, 9, 29, 16, 57, 18, 638000),)",2a3c600d
408658043,-778322084,3387,1:44:32.720000,"(datetime.datetime(2026, 9, 29, 16, 57, 18, 673000),)",2a3c600a
408658762,-778317745,3349,1:44:32.780000,"(datetime.datetime(2026, 9, 29, 16, 57, 18, 738000),)",2a3c600d
408657996,-778322311,3387,1:44:32.820000,"(datetime.datetime(2026, 9, 29, 16, 57, 18, 771000),)",2a3c600a
408658742,-778317984,3350,1:44:32.880000,"(datetime.datetime(2026, 9, 29, 16, 57, 18, 839000),)",2a3c600d
408657950,-778322540,3387,1:44:32.920000,"(datetime.datetime(2026, 9, 29, 16, 57, 18, 871000),)",2a3c600a
408658717,-778318224,3350,1:44:32.980000,"(datetime.datetime(2026, 9, 29, 16, 57, 18, 938000),)",2a3c600d
408657905,-778322759,3387,1:44:33.020000,"(datetime.datetime(2026, 9, 29, 16, 57, 18, 971000),)",2a3c600a
408658691,-778318465,3350,1:44:33.080000,"(datetime.datetime(2026, 9, 29, 16, 57, 19, 38000),)",2a3c600d
408657859,-778322987,3388,1:44:33.120000,"(datetime.datetime(2026, 9, 29, 16, 57, 19, 77000),)",2a3c600a
408658676,-778318690,3351,1:44:33.180000,"(datetime.datetime(2026, 9, 29, 16, 57, 19, 138000),)",2a3c600d
408657820,-778323213,3387,1:44:33.210000,"(datetime.datetime(2026, 9, 29, 16, 57, 19, 170000),)",2a3c600a
408658640,-778318926,3351,1:44:33.280000,"(datetime.datetime(2026, 9, 29, 16, 57, 19, 238000),)",2a3c600d
408657771,-778323438,3388,1:44:33.320000,"(datetime.datetime(2026, 9, 29, 16, 57, 19, 271000),)",2a3c600a
408658604,-778319161,3351,1:44:33.380000,"(datetime.datetime(2026, 9, 29, 16, 57, 19, 337000),)",2a3c600d
408657724,-778323663,3387,1:44:33.420000,"(datetime.datetime(2026, 9, 29, 16, 57, 19, 371000),)",2a3c600a
408658570,-778319395,3351,1:44:33.480000,"(datetime.datetime(2026, 9, 29, 16, 57, 19, 438000),)",2a3c600d
408657677,-778323891,3387,1:44:33.520000,"(datetime.datetime(2026, 9, 29, 16, 57, 19, 472000),)",2a3c600a
408658531,-778319630,3352,1:44:33.590000,"(datetime.datetime(2026, 9, 29, 16, 57, 19, 543000),)",2a3c600d
408657632,-778324115,3388,1:44:33.620000,"(datetime.datetime(2026, 9, 29, 16, 57, 19, 572000),)",2a3c600a
408658495,-778319858,3352,1:44:33.680000,"(datetime.datetime(2026, 9, 29, 16, 57, 19, 639000),)",2a3c600d
408657583,-778324348,3388,1:44:33.720000,"(datetime.datetime(2026, 9, 29, 16, 57, 19, 671000),)",2a3c600a
408658455,-778320093,3353,1:44:33.780000,"(datetime.datetime(2026, 9, 29, 16, 57, 19, 739000),)",2a3c600d
408657535,-778324579,3388,1:44:33.820000,"(datetime.datetime(2026, 9, 29, 16, 57, 19, 772000),)",2a3c600a
408658413,-778320319,3353,1:44:33.880000,"(datetime.datetime(2026, 9, 29, 16, 57, 19, 839000),)",2a3c600d
408657488,-778324807,3388,1:44:33.920000,"(datetime.datetime(2026, 9, 29, 16, 57, 19, 875000),)",2a3c600a
408658369,-778320550,3353,1:44:33.980000,"(datetime.datetime(2026, 9, 29, 16, 57, 19, 938000),)",2a3c600d
408657437,-778325037,3388,1:44:34.020000,"(datetime.datetime(2026, 9, 29, 16, 57, 19, 971000),)",2a3c600a
408658326,-778320775,3353,1:44:34.080000,"(datetime.datetime(2026, 9, 29, 16, 57, 20, 38000),)",2a3c600d
408657388,-778325269,3388,1:44:34.120000,"(datetime.datetime(2026, 9, 29, 16, 57, 20, 71000),)",2a3c600a
408658294,-778321006,3354,1:44:34.180000,"(datetime.datetime(2026, 9, 29, 16, 57, 20, 139000),)",2a3c600d
408657337,-778325507,3387,1:44:34.210000,"(datetime.datetime(2026, 9, 29, 16, 57, 20, 170000),)",2a3c600a
408658241,-778321230,3354,1:44:34.280000,"(datetime.datetime(2026, 9, 29, 16, 57, 20, 238000),)",2a3c600d
408657286,-778325744,3387,1:44:34.320000,"(datetime.datetime(2026, 9, 29, 16, 57, 20, 271000),)",2a3c600a
408658194,-778321455,3354,1:44:34.380000,"(datetime.datetime(2026, 9, 29, 16, 57, 20, 339000),)",2a3c600d
408657236,-778325979,3387,1:44:34.420000,"(datetime.datetime(2026, 9, 29, 16, 57, 20, 371000),)",2a3c600a
408658146,-778321679,3354,1:44:34.480000,"(datetime.datetime(2026, 9, 29, 16, 57, 20, 438000),)",2a3c600d
408657188,-778326215,3387,1:44:34.520000,"(datetime.datetime(2026, 9, 29, 16, 57, 20, 474000),)",2a3c600a
408658100,-778321901,3355,1:44:34.580000,"(datetime.datetime(2026, 9, 29, 16, 57, 20, 538000),)",2a3c600d
408657137,-778326450,3387,1:44:34.620000,"(datetime.datetime(2026, 9, 29, 16, 57, 20, 573000),)",2a3c600a
408658053,-778322126,3355,1:44:34.690000,"(datetime.datetime(2026, 9, 29, 16, 57, 20, 643000),)",2a3c600d
408657087,-778326686,3387,1:44:34.720000,"(datetime.datetime(2026, 9, 29, 16, 57, 20, 671000),)",2a3c600a
408658004,-778322349,3355,1:44:34.780000,"(datetime.datetime(2026, 9, 29, 16, 57, 20, 739000),)",2a3c600d
408657034,-778326927,3388,1:44:34.820000,"(datetime.datetime(2026, 9, 29, 16, 57, 20, 771000),)",2a3c600a
408657958,-778322567,3355,1:44:34.880000,"(datetime.datetime(2026, 9, 29, 16, 57, 20, 838000),)",2a3c600d
408656981,-778327163,3388,1:44:34.920000,"(datetime.datetime(2026, 9, 29, 16, 57, 20, 871000),)",2a3c600a
408657908,-778322790,3355,1:44:34.980000,"(datetime.datetime(2026, 9, 29, 16, 57, 20, 938000),)",2a3c600d
408656928,-778327404,3387,1:44:35.010000,"(datetime.datetime(2026, 9, 29, 16, 57, 20, 970000),)",2a3c600a
408657861,-778323009,3355,1:44:35.080000,"(datetime.datetime(2026, 9, 29, 16, 57, 21, 38000),)",2a3c600d
408656877,-778327643,3387,1:44:35.120000,"(datetime.datetime(2026, 9, 29, 16, 57, 21, 71000),)",2a3c600a
408657822,-778323236,3355,1:44:35.180000,"(datetime.datetime(2026, 9, 29, 16, 57, 21, 138000),)",2a3c600d
408656818,-778327886,3386,1:44:35.220000,"(datetime.datetime(2026, 9, 29, 16, 57, 21, 172000),)",2a3c600a
408657771,-778323453,3356,1:44:35.280000,"(datetime.datetime(2026, 9, 29, 16, 57, 21, 238000),)",2a3c600d
408656764,-778328133,3386,1:44:35.320000,"(datetime.datetime(2026, 9, 29, 16, 57, 21, 275000),)",2a3c600a
408657724,-778323672,3356,1:44:35.380000,"(datetime.datetime(2026, 9, 29, 16, 57, 21, 338000),)",2a3c600d
408656712,-778328375,3386,1:44:35.420000,"(datetime.datetime(2026, 9, 29, 16, 57, 21, 371000),)",2a3c600a
408657678,-778323890,3356,1:44:35.480000,"(datetime.datetime(2026, 9, 29, 16, 57, 21, 440000),)",2a3c600d
408656655,-778328621,3386,1:44:35.520000,"(datetime.datetime(2026, 9, 29, 16, 57, 21, 471000),)",2a3c600a
408657628,-778324110,3356,1:44:35.580000,"(datetime.datetime(2026, 9, 29, 16, 57, 21, 538000),)",2a3c600d
408656603,-778328865,3385,1:44:35.620000,"(datetime.datetime(2026, 9, 29, 16, 57, 21, 570000),)",2a3c600a
408657582,-778324327,3356,1:44:35.690000,"(datetime.datetime(2026, 9, 29, 16, 57, 21, 645000),)",2a3c600d
408656549,-778329111,3386,1:44:35.730000,"(datetime.datetime(2026, 9, 29, 16, 57, 21, 683000),)",2a3c600a
408657533,-778324545,3356,1:44:35.780000,"(datetime.datetime(2026, 9, 29, 16, 57, 21, 738000),)",2a3c600d
408656498,-778329355,3385,1:44:35.820000,"(datetime.datetime(2026, 9, 29, 16, 57, 21, 771000),)",2a3c600a
408657488,-778324761,3357,1:44:35.880000,"(datetime.datetime(2026, 9, 29, 16, 57, 21, 838000),)",2a3c600d
408656442,-778329606,3386,1:44:35.920000,"(datetime.datetime(2026, 9, 29, 16, 57, 21, 872000),)",2a3c600a
408657437,-778324976,3357,1:44:35.980000,"(datetime.datetime(2026, 9, 29, 16, 57, 21, 938000),)",2a3c600d
408656389,-778329855,3386,1:44:36.010000,"(datetime.datetime(2026, 9, 29, 16, 57, 21, 970000),)",2a3c600a
408657388,-778325193,3357,1:44:36.080000,"(datetime.datetime(2026, 9, 29, 16, 57, 22, 38000),)",2a3c600d
408656334,-778330106,3386,1:44:36.120000,"(datetime.datetime(2026, 9, 29, 16, 57, 22, 71000),)",2a3c600a
408657344,-778325408,3357,1:44:36.180000,"(datetime.datetime(2026, 9, 29, 16, 57, 22, 137000),)",2a3c600d
408656277,-778330359,3385,1:44:36.220000,"(datetime.datetime(2026, 9, 29, 16, 57, 22, 172000),)",2a3c600a
408657296,-778325624,3357,1:44:36.280000,"(datetime.datetime(2026, 9, 29, 16, 57, 22, 238000),)",2a3c600d
408656223,-778330613,3384,1:44:36.320000,"(datetime.datetime(2026, 9, 29, 16, 57, 22, 276000),)",2a3c600a
408657247,-778325839,3357,1:44:36.380000,"(datetime.datetime(2026, 9, 29, 16, 57, 22, 338000),)",2a3c600d
408656167,-778330865,3384,1:44:36.420000,"(datetime.datetime(2026, 9, 29, 16, 57, 22, 370000),)",2a3c600a
408657200,-778326054,3357,1:44:36.490000,"(datetime.datetime(2026, 9, 29, 16, 57, 22, 447000),)",2a3c600d
408656114,-778331118,3384,1:44:36.520000,"(datetime.datetime(2026, 9, 29, 16, 57, 22, 471000),)",2a3c600a
408657154,-778326266,3357,1:44:36.580000,"(datetime.datetime(2026, 9, 29, 16, 57, 22, 538000),)",2a3c600d
408656058,-778331372,3384,1:44:36.620000,"(datetime.datetime(2026, 9, 29, 16, 57, 22, 572000),)",2a3c600a
408657107,-778326480,3357,1:44:36.680000,"(datetime.datetime(2026, 9, 29, 16, 57, 22, 638000),)",2a3c600d
408656005,-778331627,3384,1:44:36.710000,"(datetime.datetime(2026, 9, 29, 16, 57, 22, 670000),)",2a3c600a
408657059,-778326695,3357,1:44:36.780000,"(datetime.datetime(2026, 9, 29, 16, 57, 22, 738000),)",2a3c600d
408655950,-778331884,3384,1:44:36.820000,"(datetime.datetime(2026, 9, 29, 16, 57, 22, 772000),)",2a3c600a
408657009,-778326910,3358,1:44:36.880000,"(datetime.datetime(2026, 9, 29, 16, 57, 22, 837000),)",2a3c600d
408655895,-778332140,3384,1:44:36.920000,"(datetime.datetime(2026, 9, 29, 16, 57, 22, 873000),)",2a3c600a
408656961,-778327125,3358,1:44:36.980000,"(datetime.datetime(2026, 9, 29, 16, 57, 22, 937000),)",2a3c600d
408655840,-778332401,3384,1:44:37.020000,"(datetime.datetime(2026, 9, 29, 16, 57, 22, 970000),)",2a3c600a
408656912,-778327344,3358,1:44:37.080000,"(datetime.datetime(2026, 9, 29, 16, 57, 23, 38000),)",2a3c600d
408655785,-778332662,3384,1:44:37.120000,"(datetime.datetime(2026, 9, 29, 16, 57, 23, 72000),)",2a3c600a
408656866,-778327563,3357,1:44:37.180000,"(datetime.datetime(2026, 9, 29, 16, 57, 23, 138000),)",2a3c600d
408655730,-778332922,3384,1:44:37.220000,"(datetime.datetime(2026, 9, 29, 16, 57, 23, 174000),)",2a3c600a
408656866,-778327563,3357,1:44:37.280000,"(datetime.datetime(2026, 9, 29, 16, 57, 23, 240000),)",2a3c600d
408655674,-778333186,3383,1:44:37.310000,"(datetime.datetime(2026, 9, 29, 16, 57, 23, 270000),)",2a3c600a
408656818,-778327778,3357,1:44:37.380000,"(datetime.datetime(2026, 9, 29, 16, 57, 23, 338000),)",2a3c600d
408655620,-778333449,3383,1:44:37.420000,"(datetime.datetime(2026, 9, 29, 16, 57, 23, 373000),)",2a3c600a
408656769,-778327995,3357,1:44:37.490000,"(datetime.datetime(2026, 9, 29, 16, 57, 23, 441000),)",2a3c600d
408655563,-778333713,3383,1:44:37.520000,"(datetime.datetime(2026, 9, 29, 16, 57, 23, 470000),)",2a3c600a
408656723,-778328212,3357,1:44:37.580000,"(datetime.datetime(2026, 9, 29, 16, 57, 23, 538000),)",2a3c600d
408655506,-778333978,3383,1:44:37.620000,"(datetime.datetime(2026, 9, 29, 16, 57, 23, 571000),)",2a3c600a
408656670,-778328433,3357,1:44:37.680000,"(datetime.datetime(2026, 9, 29, 16, 57, 23, 638000),)",2a3c600d
408655450,-778334243,3383,1:44:37.720000,"(datetime.datetime(2026, 9, 29, 16, 57, 23, 672000),)",2a3c600a
408656624,-778328649,3357,1:44:37.780000,"(datetime.datetime(2026, 9, 29, 16, 57, 23, 738000),)",2a3c600d
408655393,-778334506,3383,1:44:37.820000,"(datetime.datetime(2026, 9, 29, 16, 57, 23, 771000),)",2a3c600a
408656576,-778328872,3357,1:44:37.880000,"(datetime.datetime(2026, 9, 29, 16, 57, 23, 839000),)",2a3c600d
408655338,-778334769,3383,1:44:37.920000,"(datetime.datetime(2026, 9, 29, 16, 57, 23, 870000),)",2a3c600a
408656527,-778329092,3357,1:44:37.980000,"(datetime.datetime(2026, 9, 29, 16, 57, 23, 938000),)",2a3c600d
408655282,-778335033,3383,1:44:38.020000,"(datetime.datetime(2026, 9, 29, 16, 57, 23, 978000),)",2a3c600a
408656477,-778329313,3357,1:44:38.080000,"(datetime.datetime(2026, 9, 29, 16, 57, 24, 40000),)",2a3c600d
408655224,-778335297,3383,1:44:38.120000,"(datetime.datetime(2026, 9, 29, 16, 57, 24, 72000),)",2a3c600a
408656431,-778329534,3357,1:44:38.180000,"(datetime.datetime(2026, 9, 29, 16, 57, 24, 138000),)",2a3c600d
408655170,-778335556,3382,1:44:38.220000,"(datetime.datetime(2026, 9, 29, 16, 57, 24, 171000),)",2a3c600a
408656380,-778329759,3357,1:44:38.280000,"(datetime.datetime(2026, 9, 29, 16, 57, 24, 238000),)",2a3c600d
408655111,-778335823,3382,1:44:38.310000,"(datetime.datetime(2026, 9, 29, 16, 57, 24, 270000),)",2a3c600a
408656331,-778329982,3357,1:44:38.380000,"(datetime.datetime(2026, 9, 29, 16, 57, 24, 338000),)",2a3c600d
408655053,-778336086,3382,1:44:38.420000,"(datetime.datetime(2026, 9, 29, 16, 57, 24, 371000),)",2a3c600a
408656280,-778330212,3356,1:44:38.480000,"(datetime.datetime(2026, 9, 29, 16, 57, 24, 438000),)",2a3c600d
408654995,-778336346,3382,1:44:38.520000,"(datetime.datetime(2026, 9, 29, 16, 57, 24, 470000),)",2a3c600a
408656232,-778330438,3356,1:44:38.580000,"(datetime.datetime(2026, 9, 29, 16, 57, 24, 540000),)",2a3c600d
408654935,-778336607,3382,1:44:38.620000,"(datetime.datetime(2026, 9, 29, 16, 57, 24, 573000),)",2a3c600a
408656182,-778330665,3356,1:44:38.690000,"(datetime.datetime(2026, 9, 29, 16, 57, 24, 649000),)",2a3c600d
408654879,-778336867,3382,1:44:38.720000,"(datetime.datetime(2026, 9, 29, 16, 57, 24, 673000),)",2a3c600a
408656131,-778330895,3356,1:44:38.780000,"(datetime.datetime(2026, 9, 29, 16, 57, 24, 737000),)",2a3c600d
408654821,-778337129,3381,1:44:38.810000,"(datetime.datetime(2026, 9, 29, 16, 57, 24, 770000),)",2a3c600a
408656081,-778331125,3356,1:44:38.880000,"(datetime.datetime(2026, 9, 29, 16, 57, 24, 838000),)",2a3c600d
408654762,-778337392,3382,1:44:38.920000,"(datetime.datetime(2026, 9, 29, 16, 57, 24, 872000),)",2a3c600a
408656028,-778331358,3356,1:44:38.980000,"(datetime.datetime(2026, 9, 29, 16, 57, 24, 937000),)",2a3c600d
408654705,-778337650,3381,1:44:39.020000,"(datetime.datetime(2026, 9, 29, 16, 57, 24, 971000),)",2a3c600a
408655978,-778331589,3356,1:44:39.080000,"(datetime.datetime(2026, 9, 29, 16, 57, 25, 38000),)",2a3c600d
408654645,-778337915,3381,1:44:39.110000,"(datetime.datetime(2026, 9, 29, 16, 57, 25, 70000),)",2a3c600a
408655925,-778331827,3356,1:44:39.180000,"(datetime.datetime(2026, 9, 29, 16, 57, 25, 138000),)",2a3c600d
408654592,-778338180,3381,1:44:39.220000,"(datetime.datetime(2026, 9, 29, 16, 57, 25, 170000),)",2a3c600a
408655876,-778332059,3356,1:44:39.280000,"(datetime.datetime(2026, 9, 29, 16, 57, 25, 238000),)",2a3c600d
408654532,-778338442,3381,1:44:39.320000,"(datetime.datetime(2026, 9, 29, 16, 57, 25, 270000),)",2a3c600a
408655824,-778332302,3356,1:44:39.380000,"(datetime.datetime(2026, 9, 29, 16, 57, 25, 338000),)",2a3c600d
408654476,-778338700,3381,1:44:39.420000,"(datetime.datetime(2026, 9, 29, 16, 57, 25, 380000),)",2a3c600a
408655772,-778332539,3356,1:44:39.480000,"(datetime.datetime(2026, 9, 29, 16, 57, 25, 438000),)",2a3c600d
408654419,-778338958,3381,1:44:39.520000,"(datetime.datetime(2026, 9, 29, 16, 57, 25, 474000),)",2a3c600a
408655719,-778332784,3355,1:44:39.590000,"(datetime.datetime(2026, 9, 29, 16, 57, 25, 544000),)",2a3c600d
408654358,-778339222,3381,1:44:39.620000,"(datetime.datetime(2026, 9, 29, 16, 57, 25, 574000),)",2a3c600a
408655666,-778333028,3355,1:44:39.680000,"(datetime.datetime(2026, 9, 29, 16, 57, 25, 640000),)",2a3c600d
408654302,-778339479,3380,1:44:39.720000,"(datetime.datetime(2026, 9, 29, 16, 57, 25, 670000),)",2a3c600a
408655613,-778333271,3355,1:44:39.780000,"(datetime.datetime(2026, 9, 29, 16, 57, 25, 738000),)",2a3c600d
408654243,-778339740,3380,1:44:39.820000,"(datetime.datetime(2026, 9, 29, 16, 57, 25, 771000),)",2a3c600a
408655561,-778333518,3355,1:44:39.880000,"(datetime.datetime(2026, 9, 29, 16, 57, 25, 838000),)",2a3c600d
408654187,-778339996,3380,1:44:39.920000,"(datetime.datetime(2026, 9, 29, 16, 57, 25, 871000),)",2a3c600a
408655508,-778333766,3355,1:44:39.980000,"(datetime.datetime(2026, 9, 29, 16, 57, 25, 938000),)",2a3c600d
408654130,-778340254,3380,1:44:40.020000,"(datetime.datetime(2026, 9, 29, 16, 57, 25, 971000),)",2a3c600a
408655453,-778334014,3355,1:44:40.080000,"(datetime.datetime(2026, 9, 29, 16, 57, 26, 38000),)",2a3c600d
408654071,-778340514,3380,1:44:40.110000,"(datetime.datetime(2026, 9, 29, 16, 57, 26, 70000),)",2a3c600a
408655400,-778334263,3355,1:44:40.180000,"(datetime.datetime(2026, 9, 29, 16, 57, 26, 139000),)",2a3c600d
408654014,-778340776,3380,1:44:40.220000,"(datetime.datetime(2026, 9, 29, 16, 57, 26, 171000),)",2a3c600a
408655351,-778334513,3356,1:44:40.280000,"(datetime.datetime(2026, 9, 29, 16, 57, 26, 238000),)",2a3c600d
408653957,-778341035,3380,1:44:40.320000,"(datetime.datetime(2026, 9, 29, 16, 57, 26, 271000),)",2a3c600a
408655294,-778334769,3355,1:44:40.380000,"(datetime.datetime(2026, 9, 29, 16, 57, 26, 339000),)",2a3c600d
408653902,-778341293,3380,1:44:40.420000,"(datetime.datetime(2026, 9, 29, 16, 57, 26, 380000),)",2a3c600a
408655241,-778335026,3355,1:44:40.480000,"(datetime.datetime(2026, 9, 29, 16, 57, 26, 438000),)",2a3c600d
408653846,-778341552,3380,1:44:40.520000,"(datetime.datetime(2026, 9, 29, 16, 57, 26, 471000),)",2a3c600a
408655187,-778335278,3355,1:44:40.590000,"(datetime.datetime(2026, 9, 29, 16, 57, 26, 547000),)",2a3c600d
408653791,-778341807,3379,1:44:40.620000,"(datetime.datetime(2026, 9, 29, 16, 57, 26, 577000),)",2a3c600a
408655129,-778335540,3355,1:44:40.680000,"(datetime.datetime(2026, 9, 29, 16, 57, 26, 638000),)",2a3c600d
408653735,-778342066,3380,1:44:40.720000,"(datetime.datetime(2026, 9, 29, 16, 57, 26, 671000),)",2a3c600a
408655073,-778335795,3355,1:44:40.780000,"(datetime.datetime(2026, 9, 29, 16, 57, 26, 738000),)",2a3c600d
408653679,-778342325,3380,1:44:40.820000,"(datetime.datetime(2026, 9, 29, 16, 57, 26, 770000),)",2a3c600a
408655015,-778336058,3355,1:44:40.880000,"(datetime.datetime(2026, 9, 29, 16, 57, 26, 838000),)",2a3c600d
408653625,-778342581,3380,1:44:40.910000,"(datetime.datetime(2026, 9, 29, 16, 57, 26, 870000),)",2a3c600a
408654960,-778336317,3355,1:44:40.990000,"(datetime.datetime(2026, 9, 29, 16, 57, 26, 950000),)",2a3c600d
408653569,-778342838,3380,1:44:41.010000,"(datetime.datetime(2026, 9, 29, 16, 57, 26, 970000),)",2a3c600a
408654903,-778336578,3355,1:44:41.080000,"(datetime.datetime(2026, 9, 29, 16, 57, 27, 38000),)",2a3c600d
408653513,-778343097,3380,1:44:41.100000,"(datetime.datetime(2026, 9, 29, 16, 57, 27, 52000),)",2a3c600a
408654846,-778336839,3354,1:44:41.180000,"(datetime.datetime(2026, 9, 29, 16, 57, 27, 138000),)",2a3c600d
408653453,-778343355,3379,1:44:41.200000,"(datetime.datetime(2026, 9, 29, 16, 57, 27, 152000),)",2a3c600a
408654791,-778337094,3354,1:44:41.280000,"(datetime.datetime(2026, 9, 29, 16, 57, 27, 240000),)",2a3c600d
408653400,-778343610,3379,1:44:41.300000,"(datetime.datetime(2026, 9, 29, 16, 57, 27, 251000),)",2a3c600a
408654731,-778337357,3354,1:44:41.380000,"(datetime.datetime(2026, 9, 29, 16, 57, 27, 339000),)",2a3c600d
408653344,-778343866,3379,1:44:41.400000,"(datetime.datetime(2026, 9, 29, 16, 57, 27, 351000),)",2a3c600a
408654675,-778337621,3354,1:44:41.490000,"(datetime.datetime(2026, 9, 29, 16, 57, 27, 440000),)",2a3c600d
408653288,-778344123,3379,1:44:41.500000,"(datetime.datetime(2026, 9, 29, 16, 57, 27, 453000),)",2a3c600a
408654617,-778337887,3354,1:44:41.580000,"(datetime.datetime(2026, 9, 29, 16, 57, 27, 537000),)",2a3c600d
408653234,-778344379,3378,1:44:41.600000,"(datetime.datetime(2026, 9, 29, 16, 57, 27, 556000),)",2a3c600a
408654559,-778338151,3354,1:44:41.680000,"(datetime.datetime(2026, 9, 29, 16, 57, 27, 638000),)",2a3c600d
408653177,-778344633,3378,1:44:41.700000,"(datetime.datetime(2026, 9, 29, 16, 57, 27, 652000),)",2a3c600a
408653124,-778344889,3378,1:44:41.790000,"(datetime.datetime(2026, 9, 29, 16, 57, 27, 740000),)",2a3c600a
408654502,-778338416,3354,1:44:41.800000,"(datetime.datetime(2026, 9, 29, 16, 57, 27, 754000),)",2a3c600d
408654445,-778338681,3354,1:44:41.880000,"(datetime.datetime(2026, 9, 29, 16, 57, 27, 838000),)",2a3c600d
408653068,-778345144,3378,1:44:41.900000,"(datetime.datetime(2026, 9, 29, 16, 57, 27, 851000),)",2a3c600a
408654384,-778338947,3353,1:44:41.980000,"(datetime.datetime(2026, 9, 29, 16, 57, 27, 939000),)",2a3c600d
408653013,-778345400,3378,1:44:42,"(datetime.datetime(2026, 9, 29, 16, 57, 27, 952000),)",2a3c600a
408654327,-778339210,3353,1:44:42.080000,"(datetime.datetime(2026, 9, 29, 16, 57, 28, 38000),)",2a3c600d
408652959,-778345654,3378,1:44:42.100000,"(datetime.datetime(2026, 9, 29, 16, 57, 28, 55000),)",2a3c600a
408654268,-778339479,3353,1:44:42.180000,"(datetime.datetime(2026, 9, 29, 16, 57, 28, 138000),)",2a3c600d
408652895,-778345909,3377,1:44:42.200000,"(datetime.datetime(2026, 9, 29, 16, 57, 28, 152000),)",2a3c600a
408654214,-778339735,3352,1:44:42.280000,"(datetime.datetime(2026, 9, 29, 16, 57, 28, 238000),)",2a3c600d
408652839,-778346164,3377,1:44:42.300000,"(datetime.datetime(2026, 9, 29, 16, 57, 28, 252000),)",2a3c600a
408654155,-778340005,3352,1:44:42.380000,"(datetime.datetime(2026, 9, 29, 16, 57, 28, 339000),)",2a3c600d
408652785,-778346419,3376,1:44:42.400000,"(datetime.datetime(2026, 9, 29, 16, 57, 28, 353000),)",2a3c600a
408654095,-778340268,3352,1:44:42.490000,"(datetime.datetime(2026, 9, 29, 16, 57, 28, 442000),)",2a3c600d
408652730,-778346673,3376,1:44:42.500000,"(datetime.datetime(2026, 9, 29, 16, 57, 28, 457000),)",2a3c600a
408654037,-778340538,3352,1:44:42.580000,"(datetime.datetime(2026, 9, 29, 16, 57, 28, 538000),)",2a3c600d
408652675,-778346925,3376,1:44:42.590000,"(datetime.datetime(2026, 9, 29, 16, 57, 28, 550000),)",2a3c600a
408653978,-778340806,3352,1:44:42.680000,"(datetime.datetime(2026, 9, 29, 16, 57, 28, 640000),)",2a3c600d
408652619,-778347178,3376,1:44:42.700000,"(datetime.datetime(2026, 9, 29, 16, 57, 28, 653000),)",2a3c600a
408653920,-778341071,3352,1:44:42.780000,"(datetime.datetime(2026, 9, 29, 16, 57, 28, 738000),)",2a3c600d
408652563,-778347434,3376,1:44:42.800000,"(datetime.datetime(2026, 9, 29, 16, 57, 28, 753000),)",2a3c600a
408653863,-778341336,3352,1:44:43.120000,"(datetime.datetime(2026, 9, 29, 16, 57, 29, 70000),)",2a3c600d
408652509,-778347685,3375,1:44:43.270000,"(datetime.datetime(2026, 9, 29, 16, 57, 29, 225000),)",2a3c600a
408652453,-778347937,3376,1:44:43.460000,"(datetime.datetime(2026, 9, 29, 16, 57, 29, 414000),)",2a3c600a
408653804,-778341603,3352,1:44:43.550000,"(datetime.datetime(2026, 9, 29, 16, 57, 29, 504000),)",2a3c600d
408652397,-778348192,3375,1:44:43.730000,"(datetime.datetime(2026, 9, 29, 16, 57, 29, 686000),)",2a3c600a
408653745,-778341868,3352,1:44:43.760000,"(datetime.datetime(2026, 9, 29, 16, 57, 29, 716000),)",2a3c600d
408652340,-778348447,3375,1:44:43.940000,"(datetime.datetime(2026, 9, 29, 16, 57, 29, 890000),)",2a3c600a
408653688,-778342130,3352,1:44:43.960000,"(datetime.datetime(2026, 9, 29, 16, 57, 29, 916000),)",2a3c600d
408652284,-778348697,3374,1:44:44.140000,"(datetime.datetime(2026, 9, 29, 16, 57, 30, 95000),)",2a3c600a
408653631,-778342396,3352,1:44:44.160000,"(datetime.datetime(2026, 9, 29, 16, 57, 30, 118000),)",2a3c600d
408652231,-778348951,3374,1:44:44.350000,"(datetime.datetime(2026, 9, 29, 16, 57, 30, 300000),)",2a3c600a
408653572,-778342662,3351,1:44:44.430000,"(datetime.datetime(2026, 9, 29, 16, 57, 30, 383000),)",2a3c600d
408652178,-778349202,3373,1:44:44.440000,"(datetime.datetime(2026, 9, 29, 16, 57, 30, 399000),)",2a3c600a
408653514,-778342926,3351,1:44:44.470000,"(datetime.datetime(2026, 9, 29, 16, 57, 30, 420000),)",2a3c600d
408653458,-778343189,3351,1:44:44.580000,"(datetime.datetime(2026, 9, 29, 16, 57, 30, 534000),)",2a3c600d
408652125,-778349452,3373,1:44:44.630000,"(datetime.datetime(2026, 9, 29, 16, 57, 30, 587000),)",2a3c600a
408652071,-778349704,3373,1:44:44.670000,"(datetime.datetime(2026, 9, 29, 16, 57, 30, 628000),)",2a3c600a
408653401,-778343455,3351,1:44:44.790000,"(datetime.datetime(2026, 9, 29, 16, 57, 30, 742000),)",2a3c600d
408652019,-778349954,3372,1:44:44.890000,"(datetime.datetime(2026, 9, 29, 16, 57, 30, 844000),)",2a3c600a
408653341,-778343714,3351,1:44:44.940000,"(datetime.datetime(2026, 9, 29, 16, 57, 30, 899000),)",2a3c600d
408651963,-778350209,3373,1:44:44.990000,"(datetime.datetime(2026, 9, 29, 16, 57, 30, 947000),)",2a3c600a
408653284,-778343980,3351,1:44:45.070000,"(datetime.datetime(2026, 9, 29, 16, 57, 31, 29000),)",2a3c600d
408651910,-778350459,3372,1:44:45.090000,"(datetime.datetime(2026, 9, 29, 16, 57, 31, 45000),)",2a3c600a
408653225,-778344242,3351,1:44:45.190000,"(datetime.datetime(2026, 9, 29, 16, 57, 31, 149000),)",2a3c600d
408651856,-778350711,3372,1:44:45.280000,"(datetime.datetime(2026, 9, 29, 16, 57, 31, 234000),)",2a3c600a
408653168,-778344506,3351,1:44:45.300000,"(datetime.datetime(2026, 9, 29, 16, 57, 31, 253000),)",2a3c600d
408653112,-778344767,3351,1:44:45.390000,"(datetime.datetime(2026, 9, 29, 16, 57, 31, 342000),)",2a3c600d
408651802,-778350964,3371,1:44:45.500000,"(datetime.datetime(2026, 9, 29, 16, 57, 31, 459000),)",2a3c600a
408651749,-778351215,3371,1:44:45.570000,"(datetime.datetime(2026, 9, 29, 16, 57, 31, 526000),)",2a3c600a
408653057,-778345026,3351,1:44:45.600000,"(datetime.datetime(2026, 9, 29, 16, 57, 31, 559000),)",2a3c600d
408651695,-778351465,3371,1:44:45.660000,"(datetime.datetime(2026, 9, 29, 16, 57, 31, 613000),)",2a3c600a
408653000,-778345284,3351,1:44:45.710000,"(datetime.datetime(2026, 9, 29, 16, 57, 31, 663000),)",2a3c600d
408651642,-778351718,3370,1:44:45.810000,"(datetime.datetime(2026, 9, 29, 16, 57, 31, 764000),)",2a3c600a
408652943,-778345548,3351,1:44:45.910000,"(datetime.datetime(2026, 9, 29, 16, 57, 31, 866000),)",2a3c600d
408651589,-778351969,3370,1:44:45.960000,"(datetime.datetime(2026, 9, 29, 16, 57, 31, 913000),)",2a3c600a
408652886,-778345809,3351,1:44:45.980000,"(datetime.datetime(2026, 9, 29, 16, 57, 31, 931000),)",2a3c600d
408651537,-778352219,3370,1:44:45.990000,"(datetime.datetime(2026, 9, 29, 16, 57, 31, 942000),)",2a3c600a
408652828,-778346070,3350,1:44:45.990000,"(datetime.datetime(2026, 9, 29, 16, 57, 31, 948000),)",2a3c600d
408651483,-778352471,3370,1:44:46.030000,"(datetime.datetime(2026, 9, 29, 16, 57, 31, 983000),)",2a3c600a
408652773,-778346329,3350,1:44:46.040000,"(datetime.datetime(2026, 9, 29, 16, 57, 31, 995000),)",2a3c600d
408652719,-778346589,3350,1:44:46.060000,"(datetime.datetime(2026, 9, 29, 16, 57, 32, 16000),)",2a3c600d
408651431,-778352720,3370,1:44:46.070000,"(datetime.datetime(2026, 9, 29, 16, 57, 32, 28000),)",2a3c600a
408652661,-778346849,3350,1:44:46.080000,"(datetime.datetime(2026, 9, 29, 16, 57, 32, 34000),)",2a3c600d
408651377,-778352972,3370,1:44:46.080000,"(datetime.datetime(2026, 9, 29, 16, 57, 32, 40000),)",2a3c600a
408652607,-778347107,3350,1:44:46.090000,"(datetime.datetime(2026, 9, 29, 16, 57, 32, 45000),)",2a3c600d
408651324,-778353223,3370,1:44:46.100000,"(datetime.datetime(2026, 9, 29, 16, 57, 32, 51000),)",2a3c600a
408652549,-778347368,3350,1:44:46.100000,"(datetime.datetime(2026, 9, 29, 16, 57, 32, 56000),)",2a3c600d
408651324,-778353223,3370,1:44:46.130000,"(datetime.datetime(2026, 9, 29, 16, 57, 32, 84000),)",2a3c600a
408652493,-778347626,3350,1:44:46.130000,"(datetime.datetime(2026, 9, 29, 16, 57, 32, 90000),)",2a3c600d
408651271,-778353476,3369,1:44:46.140000,"(datetime.datetime(2026, 9, 29, 16, 57, 32, 96000),)",2a3c600a
408652437,-778347884,3350,1:44:46.150000,"(datetime.datetime(2026, 9, 29, 16, 57, 32, 102000),)",2a3c600d
408651164,-778353974,3369,1:44:46.150000,"(datetime.datetime(2026, 9, 29, 16, 57, 32, 107000),)",2a3c600a
408652381,-778348140,3350,1:44:46.160000,"(datetime.datetime(2026, 9, 29, 16, 57, 32, 113000),)",2a3c600d
408651112,-778354223,3369,1:44:46.190000,"(datetime.datetime(2026, 9, 29, 16, 57, 32, 143000),)",2a3c600a
408652323,-778348399,3350,1:44:46.190000,"(datetime.datetime(2026, 9, 29, 16, 57, 32, 149000),)",2a3c600d
408651059,-778354472,3368,1:44:46.200000,"(datetime.datetime(2026, 9, 29, 16, 57, 32, 155000),)",2a3c600a
408652269,-778348657,3349,1:44:46.210000,"(datetime.datetime(2026, 9, 29, 16, 57, 32, 161000),)",2a3c600d
408651006,-778354722,3368,1:44:46.210000,"(datetime.datetime(2026, 9, 29, 16, 57, 32, 166000),)",2a3c600a
408652213,-778348914,3349,1:44:46.220000,"(datetime.datetime(2026, 9, 29, 16, 57, 32, 173000),)",2a3c600d
408650954,-778354969,3368,1:44:46.250000,"(datetime.datetime(2026, 9, 29, 16, 57, 32, 206000),)",2a3c600a
408652158,-778349170,3349,1:44:46.260000,"(datetime.datetime(2026, 9, 29, 16, 57, 32, 212000),)",2a3c600d
408650902,-778355216,3367,1:44:46.260000,"(datetime.datetime(2026, 9, 29, 16, 57, 32, 220000),)",2a3c600a
408652103,-778349427,3348,1:44:46.290000,"(datetime.datetime(2026, 9, 29, 16, 57, 32, 244000),)",2a3c600d
408650849,-778355462,3367,1:44:46.310000,"(datetime.datetime(2026, 9, 29, 16, 57, 32, 269000),)",2a3c600a
408652046,-778349681,3348,1:44:46.320000,"(datetime.datetime(2026, 9, 29, 16, 57, 32, 279000),)",2a3c600d
408650794,-778355709,3367,1:44:46.330000,"(datetime.datetime(2026, 9, 29, 16, 57, 32, 285000),)",2a3c600a
408651992,-778349933,3348,1:44:46.340000,"(datetime.datetime(2026, 9, 29, 16, 57, 32, 292000),)",2a3c600d
408650739,-778355956,3366,1:44:46.380000,"(datetime.datetime(2026, 9, 29, 16, 57, 32, 334000),)",2a3c600a
408651936,-778350196,3348,1:44:46.390000,"(datetime.datetime(2026, 9, 29, 16, 57, 32, 347000),)",2a3c600d
408650685,-778356197,3366,1:44:46.420000,"(datetime.datetime(2026, 9, 29, 16, 57, 32, 371000),)",2a3c600a
408651882,-778350450,3347,1:44:46.420000,"(datetime.datetime(2026, 9, 29, 16, 57, 32, 379000),)",2a3c600d
408650630,-778356441,3365,1:44:46.430000,"(datetime.datetime(2026, 9, 29, 16, 57, 32, 389000),)",2a3c600a
408651828,-778350705,3347,1:44:46.440000,"(datetime.datetime(2026, 9, 29, 16, 57, 32, 396000),)",2a3c600d
408650572,-778356684,3365,1:44:46.480000,"(datetime.datetime(2026, 9, 29, 16, 57, 32, 436000),)",2a3c600a
408651771,-778350956,3347,1:44:46.490000,"(datetime.datetime(2026, 9, 29, 16, 57, 32, 449000),)",2a3c600d
408650519,-778356923,3365,1:44:46.580000,"(datetime.datetime(2026, 9, 29, 16, 57, 32, 537000),)",2a3c600a
408651716,-778351212,3347,1:44:46.600000,"(datetime.datetime(2026, 9, 29, 16, 57, 32, 559000),)",2a3c600d
408650464,-778357164,3365,1:44:46.680000,"(datetime.datetime(2026, 9, 29, 16, 57, 32, 634000),)",2a3c600a
408651662,-778351464,3347,1:44:46.690000,"(datetime.datetime(2026, 9, 29, 16, 57, 32, 649000),)",2a3c600d
408650409,-778357402,3364,1:44:46.780000,"(datetime.datetime(2026, 9, 29, 16, 57, 32, 734000),)",2a3c600a
408651607,-778351720,3347,1:44:46.790000,"(datetime.datetime(2026, 9, 29, 16, 57, 32, 750000),)",2a3c600d
408650352,-778357642,3364,1:44:46.880000,"(datetime.datetime(2026, 9, 29, 16, 57, 32, 835000),)",2a3c600a
408651551,-778351972,3346,1:44:46.910000,"(datetime.datetime(2026, 9, 29, 16, 57, 32, 861000),)",2a3c600d
408650296,-778357879,3364,1:44:46.980000,"(datetime.datetime(2026, 9, 29, 16, 57, 32, 934000),)",2a3c600a
408651497,-778352225,3346,1:44:46.990000,"(datetime.datetime(2026, 9, 29, 16, 57, 32, 950000),)",2a3c600d
408650240,-778358113,3364,1:44:47.080000,"(datetime.datetime(2026, 9, 29, 16, 57, 33, 35000),)",2a3c600a
408651445,-778352477,3346,1:44:47.100000,"(datetime.datetime(2026, 9, 29, 16, 57, 33, 50000),)",2a3c600d
408650176,-778358350,3363,1:44:47.180000,"(datetime.datetime(2026, 9, 29, 16, 57, 33, 135000),)",2a3c600a
408651396,-778352731,3346,1:44:47.200000,"(datetime.datetime(2026, 9, 29, 16, 57, 33, 151000),)",2a3c600d
408650119,-778358580,3362,1:44:47.290000,"(datetime.datetime(2026, 9, 29, 16, 57, 33, 243000),)",2a3c600a
408651342,-778352982,3346,1:44:47.310000,"(datetime.datetime(2026, 9, 29, 16, 57, 33, 262000),)",2a3c600d
408650061,-778358813,3362,1:44:47.380000,"(datetime.datetime(2026, 9, 29, 16, 57, 33, 334000),)",2a3c600a
408651290,-778353231,3346,1:44:47.390000,"(datetime.datetime(2026, 9, 29, 16, 57, 33, 349000),)",2a3c600d
408650002,-778359043,3362,1:44:47.490000,"(datetime.datetime(2026, 9, 29, 16, 57, 33, 449000),)",2a3c600a
408651235,-778353477,3346,1:44:47.500000,"(datetime.datetime(2026, 9, 29, 16, 57, 33, 460000),)",2a3c600d
408649941,-778359276,3362,1:44:47.580000,"(datetime.datetime(2026, 9, 29, 16, 57, 33, 537000),)",2a3c600a
408651182,-778353725,3346,1:44:47.600000,"(datetime.datetime(2026, 9, 29, 16, 57, 33, 551000),)",2a3c600d
408649884,-778359503,3361,1:44:47.680000,"(datetime.datetime(2026, 9, 29, 16, 57, 33, 636000),)",2a3c600a
408651133,-778353971,3345,1:44:47.710000,"(datetime.datetime(2026, 9, 29, 16, 57, 33, 664000),)",2a3c600d
408649824,-778359731,3361,1:44:47.780000,"(datetime.datetime(2026, 9, 29, 16, 57, 33, 735000),)",2a3c600a
408651081,-778354215,3345,1:44:47.790000,"(datetime.datetime(2026, 9, 29, 16, 57, 33, 749000),)",2a3c600d
408649764,-778359956,3360,1:44:47.880000,"(datetime.datetime(2026, 9, 29, 16, 57, 33, 837000),)",2a3c600a
408651030,-778354462,3345,1:44:47.900000,"(datetime.datetime(2026, 9, 29, 16, 57, 33, 852000),)",2a3c600d
408649704,-778360183,3360,1:44:47.980000,"(datetime.datetime(2026, 9, 29, 16, 57, 33, 935000),)",2a3c600a
408650980,-778354703,3345,1:44:48,"(datetime.datetime(2026, 9, 29, 16, 57, 33, 958000),)",2a3c600d
408649642,-778360408,3360,1:44:48.080000,"(datetime.datetime(2026, 9, 29, 16, 57, 34, 35000),)",2a3c600a
408650931,-778354949,3344,1:44:48.100000,"(datetime.datetime(2026, 9, 29, 16, 57, 34, 52000),)",2a3c600d
408649579,-778360634,3358,1:44:48.180000,"(datetime.datetime(2026, 9, 29, 16, 57, 34, 135000),)",2a3c600a
408650887,-778355194,3345,1:44:48.190000,"(datetime.datetime(2026, 9, 29, 16, 57, 34, 149000),)",2a3c600d
408649515,-778360855,3358,1:44:48.280000,"(datetime.datetime(2026, 9, 29, 16, 57, 34, 235000),)",2a3c600a
408650836,-778355432,3344,1:44:48.290000,"(datetime.datetime(2026, 9, 29, 16, 57, 34, 250000),)",2a3c600d
408649453,-778361073,3358,1:44:48.380000,"(datetime.datetime(2026, 9, 29, 16, 57, 34, 336000),)",2a3c600a
408650786,-778355672,3344,1:44:48.390000,"(datetime.datetime(2026, 9, 29, 16, 57, 34, 349000),)",2a3c600d
408649388,-778361293,3358,1:44:48.480000,"(datetime.datetime(2026, 9, 29, 16, 57, 34, 437000),)",2a3c600a
408650734,-778355908,3344,1:44:48.510000,"(datetime.datetime(2026, 9, 29, 16, 57, 34, 463000),)",2a3c600d
408649323,-778361514,3358,1:44:48.580000,"(datetime.datetime(2026, 9, 29, 16, 57, 34, 535000),)",2a3c600a
408650682,-778356150,3343,1:44:48.600000,"(datetime.datetime(2026, 9, 29, 16, 57, 34, 555000),)",2a3c600d
408649258,-778361731,3358,1:44:48.680000,"(datetime.datetime(2026, 9, 29, 16, 57, 34, 636000),)",2a3c600a
408650635,-778356386,3343,1:44:48.700000,"(datetime.datetime(2026, 9, 29, 16, 57, 34, 653000),)",2a3c600d
408649192,-778361946,3357,1:44:48.780000,"(datetime.datetime(2026, 9, 29, 16, 57, 34, 735000),)",2a3c600a
408650583,-778356623,3343,1:44:48.790000,"(datetime.datetime(2026, 9, 29, 16, 57, 34, 749000),)",2a3c600d
408649125,-778362160,3357,1:44:48.880000,"(datetime.datetime(2026, 9, 29, 16, 57, 34, 835000),)",2a3c600a
408650533,-778356858,3343,1:44:48.900000,"(datetime.datetime(2026, 9, 29, 16, 57, 34, 850000),)",2a3c600d
408649125,-778362160,3357,1:44:48.980000,"(datetime.datetime(2026, 9, 29, 16, 57, 34, 935000),)",2a3c600a
408650483,-778357095,3343,1:44:49.010000,"(datetime.datetime(2026, 9, 29, 16, 57, 34, 966000),)",2a3c600d
408649056,-778362373,3357,1:44:49.090000,"(datetime.datetime(2026, 9, 29, 16, 57, 35, 41000),)",2a3c600a
408650433,-778357327,3342,1:44:49.100000,"(datetime.datetime(2026, 9, 29, 16, 57, 35, 56000),)",2a3c600d
408648985,-778362584,3356,1:44:49.180000,"(datetime.datetime(2026, 9, 29, 16, 57, 35, 135000),)",2a3c600a
408650380,-778357562,3342,1:44:49.190000,"(datetime.datetime(2026, 9, 29, 16, 57, 35, 149000),)",2a3c600d
408648915,-778362799,3356,1:44:49.280000,"(datetime.datetime(2026, 9, 29, 16, 57, 35, 235000),)",2a3c600a
408650328,-778357791,3342,1:44:49.300000,"(datetime.datetime(2026, 9, 29, 16, 57, 35, 255000),)",2a3c600d
408648839,-778363005,3356,1:44:49.380000,"(datetime.datetime(2026, 9, 29, 16, 57, 35, 337000),)",2a3c600a
408650276,-778358024,3342,1:44:49.400000,"(datetime.datetime(2026, 9, 29, 16, 57, 35, 352000),)",2a3c600d
408648763,-778363212,3356,1:44:49.480000,"(datetime.datetime(2026, 9, 29, 16, 57, 35, 435000),)",2a3c600a
408650222,-778358254,3342,1:44:49.510000,"(datetime.datetime(2026, 9, 29, 16, 57, 35, 461000),)",2a3c600d
408648688,-778363416,3355,1:44:49.580000,"(datetime.datetime(2026, 9, 29, 16, 57, 35, 534000),)",2a3c600a
408650171,-778358483,3342,1:44:49.590000,"(datetime.datetime(2026, 9, 29, 16, 57, 35, 549000),)",2a3c600d
408648612,-778363620,3355,1:44:49.680000,"(datetime.datetime(2026, 9, 29, 16, 57, 35, 635000),)",2a3c600a
408650114,-778358714,3341,1:44:49.700000,"(datetime.datetime(2026, 9, 29, 16, 57, 35, 653000),)",2a3c600d
408648534,-778363822,3355,1:44:49.790000,"(datetime.datetime(2026, 9, 29, 16, 57, 35, 745000),)",2a3c600a
408650059,-778358941,3341,1:44:49.810000,"(datetime.datetime(2026, 9, 29, 16, 57, 35, 766000),)",2a3c600d
408648453,-778364023,3355,1:44:49.880000,"(datetime.datetime(2026, 9, 29, 16, 57, 35, 835000),)",2a3c600a
408650003,-778359173,3341,1:44:49.890000,"(datetime.datetime(2026, 9, 29, 16, 57, 35, 849000),)",2a3c600d
408648374,-778364223,3354,1:44:49.980000,"(datetime.datetime(2026, 9, 29, 16, 57, 35, 935000),)",2a3c600a
408649946,-778359399,3341,1:44:49.990000,"(datetime.datetime(2026, 9, 29, 16, 57, 35, 950000),)",2a3c600d
408648289,-778364422,3355,1:44:50.080000,"(datetime.datetime(2026, 9, 29, 16, 57, 36, 37000),)",2a3c600a
408649887,-778359627,3340,1:44:50.110000,"(datetime.datetime(2026, 9, 29, 16, 57, 36, 61000),)",2a3c600d
408648204,-778364617,3354,1:44:50.180000,"(datetime.datetime(2026, 9, 29, 16, 57, 36, 135000),)",2a3c600a
408649831,-778359860,3340,1:44:50.190000,"(datetime.datetime(2026, 9, 29, 16, 57, 36, 149000),)",2a3c600d
408648121,-778364820,3354,1:44:50.280000,"(datetime.datetime(2026, 9, 29, 16, 57, 36, 235000),)",2a3c600a
408649769,-778360083,3339,1:44:50.300000,"(datetime.datetime(2026, 9, 29, 16, 57, 36, 252000),)",2a3c600d
408648030,-778365011,3354,1:44:50.380000,"(datetime.datetime(2026, 9, 29, 16, 57, 36, 337000),)",2a3c600a
408649769,-778360083,3339,1:44:50.400000,"(datetime.datetime(2026, 9, 29, 16, 57, 36, 351000),)",2a3c600d
408647939,-778365203,3354,1:44:50.480000,"(datetime.datetime(2026, 9, 29, 16, 57, 36, 436000),)",2a3c600a
408649707,-778360308,3339,1:44:50.500000,"(datetime.datetime(2026, 9, 29, 16, 57, 36, 453000),)",2a3c600d
408647849,-778365389,3354,1:44:50.580000,"(datetime.datetime(2026, 9, 29, 16, 57, 36, 535000),)",2a3c600a
408649647,-778360529,3339,1:44:50.590000,"(datetime.datetime(2026, 9, 29, 16, 57, 36, 550000),)",2a3c600d
408647758,-778365576,3353,1:44:50.680000,"(datetime.datetime(2026, 9, 29, 16, 57, 36, 636000),)",2a3c600a
408649583,-778360756,3338,1:44:50.690000,"(datetime.datetime(2026, 9, 29, 16, 57, 36, 650000),)",2a3c600d
408647666,-778365761,3353,1:44:50.780000,"(datetime.datetime(2026, 9, 29, 16, 57, 36, 737000),)",2a3c600a
408649520,-778360976,3338,1:44:50.800000,"(datetime.datetime(2026, 9, 29, 16, 57, 36, 751000),)",2a3c600d
408647571,-778365946,3353,1:44:50.890000,"(datetime.datetime(2026, 9, 29, 16, 57, 36, 844000),)",2a3c600a
408649455,-778361200,3338,1:44:50.900000,"(datetime.datetime(2026, 9, 29, 16, 57, 36, 856000),)",2a3c600d
408647476,-778366126,3353,1:44:50.980000,"(datetime.datetime(2026, 9, 29, 16, 57, 36, 936000),)",2a3c600a
408649391,-778361420,3338,1:44:51,"(datetime.datetime(2026, 9, 29, 16, 57, 36, 952000),)",2a3c600d
408647377,-778366306,3352,1:44:51.080000,"(datetime.datetime(2026, 9, 29, 16, 57, 37, 35000),)",2a3c600a
408649327,-778361638,3337,1:44:51.110000,"(datetime.datetime(2026, 9, 29, 16, 57, 37, 61000),)",2a3c600d
408647279,-778366487,3352,1:44:51.150000,"(datetime.datetime(2026, 9, 29, 16, 57, 37, 105000),)",2a3c600a
408649259,-778361857,3337,1:44:51.190000,"(datetime.datetime(2026, 9, 29, 16, 57, 37, 149000),)",2a3c600d
408647179,-778366673,3353,1:44:51.260000,"(datetime.datetime(2026, 9, 29, 16, 57, 37, 212000),)",2a3c600a
408649199,-778362078,3337,1:44:51.290000,"(datetime.datetime(2026, 9, 29, 16, 57, 37, 249000),)",2a3c600d
408647076,-778366845,3352,1:44:51.400000,"(datetime.datetime(2026, 9, 29, 16, 57, 37, 352000),)",2a3c600a
408649128,-778362289,3336,1:44:51.410000,"(datetime.datetime(2026, 9, 29, 16, 57, 37, 366000),)",2a3c600d
408646974,-778367017,3352,1:44:51.450000,"(datetime.datetime(2026, 9, 29, 16, 57, 37, 405000),)",2a3c600a
408649059,-778362505,3336,1:44:51.490000,"(datetime.datetime(2026, 9, 29, 16, 57, 37, 449000),)",2a3c600d
408646870,-778367188,3352,1:44:51.550000,"(datetime.datetime(2026, 9, 29, 16, 57, 37, 506000),)",2a3c600a
408648989,-778362719,3336,1:44:51.590000,"(datetime.datetime(2026, 9, 29, 16, 57, 37, 549000),)",2a3c600d
408646764,-778367356,3352,1:44:51.650000,"(datetime.datetime(2026, 9, 29, 16, 57, 37, 605000),)",2a3c600a
408648916,-778362930,3336,1:44:51.690000,"(datetime.datetime(2026, 9, 29, 16, 57, 37, 649000),)",2a3c600d
408646657,-778367525,3352,1:44:51.750000,"(datetime.datetime(2026, 9, 29, 16, 57, 37, 705000),)",2a3c600a
408648842,-778363140,3335,1:44:51.800000,"(datetime.datetime(2026, 9, 29, 16, 57, 37, 753000),)",2a3c600d
408646551,-778367691,3352,1:44:51.850000,"(datetime.datetime(2026, 9, 29, 16, 57, 37, 806000),)",2a3c600a
408648766,-778363350,3335,1:44:51.890000,"(datetime.datetime(2026, 9, 29, 16, 57, 37, 850000),)",2a3c600d
408646443,-778367855,3352,1:44:51.950000,"(datetime.datetime(2026, 9, 29, 16, 57, 37, 904000),)",2a3c600a
408648689,-778363553,3335,1:44:51.990000,"(datetime.datetime(2026, 9, 29, 16, 57, 37, 949000),)",2a3c600d
408646336,-778368015,3352,1:44:52.050000,"(datetime.datetime(2026, 9, 29, 16, 57, 38, 8000),)",2a3c600a
408648610,-778363762,3335,1:44:52.090000,"(datetime.datetime(2026, 9, 29, 16, 57, 38, 49000),)",2a3c600d
408646223,-778368178,3352,1:44:52.150000,"(datetime.datetime(2026, 9, 29, 16, 57, 38, 105000),)",2a3c600a
408648532,-778363963,3335,1:44:52.190000,"(datetime.datetime(2026, 9, 29, 16, 57, 38, 150000),)",2a3c600d
408646120,-778368352,3351,1:44:52.250000,"(datetime.datetime(2026, 9, 29, 16, 57, 38, 204000),)",2a3c600a
408648455,-778364175,3335,1:44:52.300000,"(datetime.datetime(2026, 9, 29, 16, 57, 38, 253000),)",2a3c600d
408645999,-778368503,3352,1:44:52.390000,"(datetime.datetime(2026, 9, 29, 16, 57, 38, 349000),)",2a3c600a
408648370,-778364370,3335,1:44:52.410000,"(datetime.datetime(2026, 9, 29, 16, 57, 38, 364000),)",2a3c600d
408645886,-778368656,3351,1:44:52.460000,"(datetime.datetime(2026, 9, 29, 16, 57, 38, 417000),)",2a3c600a
408648283,-778364570,3335,1:44:52.490000,"(datetime.datetime(2026, 9, 29, 16, 57, 38, 450000),)",2a3c600d
408645770,-778368810,3351,1:44:52.560000,"(datetime.datetime(2026, 9, 29, 16, 57, 38, 510000),)",2a3c600a
408648194,-778364766,3335,1:44:52.620000,"(datetime.datetime(2026, 9, 29, 16, 57, 38, 579000),)",2a3c600d
408645653,-778368960,3351,1:44:52.650000,"(datetime.datetime(2026, 9, 29, 16, 57, 38, 605000),)",2a3c600a
408648107,-778364960,3334,1:44:52.690000,"(datetime.datetime(2026, 9, 29, 16, 57, 38, 650000),)",2a3c600d
408645536,-778369108,3351,1:44:52.760000,"(datetime.datetime(2026, 9, 29, 16, 57, 38, 711000),)",2a3c600a
408648016,-778365152,3334,1:44:52.790000,"(datetime.datetime(2026, 9, 29, 16, 57, 38, 749000),)",2a3c600d
408645416,-778369255,3350,1:44:52.860000,"(datetime.datetime(2026, 9, 29, 16, 57, 38, 810000),)",2a3c600a
408647923,-778365344,3334,1:44:52.890000,"(datetime.datetime(2026, 9, 29, 16, 57, 38, 850000),)",2a3c600d
408645298,-778369399,3350,1:44:52.950000,"(datetime.datetime(2026, 9, 29, 16, 57, 38, 905000),)",2a3c600a
408647829,-778365531,3334,1:44:52.990000,"(datetime.datetime(2026, 9, 29, 16, 57, 38, 950000),)",2a3c600d
408645178,-778369541,3350,1:44:53.050000,"(datetime.datetime(2026, 9, 29, 16, 57, 39, 4000),)",2a3c600a
408647736,-778365718,3334,1:44:53.100000,"(datetime.datetime(2026, 9, 29, 16, 57, 39, 51000),)",2a3c600d
408645057,-778369682,3350,1:44:53.150000,"(datetime.datetime(2026, 9, 29, 16, 57, 39, 106000),)",2a3c600a
408647636,-778365907,3334,1:44:53.190000,"(datetime.datetime(2026, 9, 29, 16, 57, 39, 149000),)",2a3c600d
408644938,-778369834,3350,1:44:53.250000,"(datetime.datetime(2026, 9, 29, 16, 57, 39, 204000),)",2a3c600a
408647544,-778366100,3334,1:44:53.290000,"(datetime.datetime(2026, 9, 29, 16, 57, 39, 249000),)",2a3c600d
408644812,-778369964,3350,1:44:53.360000,"(datetime.datetime(2026, 9, 29, 16, 57, 39, 311000),)",2a3c600a
408647441,-778366282,3334,1:44:53.390000,"(datetime.datetime(2026, 9, 29, 16, 57, 39, 349000),)",2a3c600d
408644690,-778370097,3349,1:44:53.450000,"(datetime.datetime(2026, 9, 29, 16, 57, 39, 405000),)",2a3c600a
408647343,-778366466,3333,1:44:53.490000,"(datetime.datetime(2026, 9, 29, 16, 57, 39, 450000),)",2a3c600d
408644564,-778370236,3349,1:44:53.560000,"(datetime.datetime(2026, 9, 29, 16, 57, 39, 511000),)",2a3c600a
408647243,-778366644,3333,1:44:53.600000,"(datetime.datetime(2026, 9, 29, 16, 57, 39, 558000),)",2a3c600d
408644438,-778370366,3349,1:44:53.650000,"(datetime.datetime(2026, 9, 29, 16, 57, 39, 607000),)",2a3c600a
408647145,-778366826,3333,1:44:53.690000,"(datetime.datetime(2026, 9, 29, 16, 57, 39, 650000),)",2a3c600d
408644313,-778370495,3348,1:44:53.760000,"(datetime.datetime(2026, 9, 29, 16, 57, 39, 712000),)",2a3c600a
408647043,-778367006,3333,1:44:53.800000,"(datetime.datetime(2026, 9, 29, 16, 57, 39, 750000),)",2a3c600d
408644186,-778370623,3348,1:44:53.850000,"(datetime.datetime(2026, 9, 29, 16, 57, 39, 805000),)",2a3c600a
408646940,-778367181,3333,1:44:53.900000,"(datetime.datetime(2026, 9, 29, 16, 57, 39, 854000),)",2a3c600d
408644059,-778370750,3348,1:44:53.950000,"(datetime.datetime(2026, 9, 29, 16, 57, 39, 905000),)",2a3c600a
408646834,-778367358,3333,1:44:53.990000,"(datetime.datetime(2026, 9, 29, 16, 57, 39, 949000),)",2a3c600d
408643933,-778370877,3348,1:44:54.050000,"(datetime.datetime(2026, 9, 29, 16, 57, 40, 4000),)",2a3c600a
408646728,-778367529,3333,1:44:54.090000,"(datetime.datetime(2026, 9, 29, 16, 57, 40, 49000),)",2a3c600d
408643806,-778371001,3347,1:44:54.150000,"(datetime.datetime(2026, 9, 29, 16, 57, 40, 107000),)",2a3c600a
408646622,-778367701,3333,1:44:54.190000,"(datetime.datetime(2026, 9, 29, 16, 57, 40, 150000),)",2a3c600d
408643681,-778371135,3347,1:44:54.250000,"(datetime.datetime(2026, 9, 29, 16, 57, 40, 205000),)",2a3c600a
408646519,-778367876,3333,1:44:54.300000,"(datetime.datetime(2026, 9, 29, 16, 57, 40, 254000),)",2a3c600d
408643549,-778371254,3347,1:44:54.350000,"(datetime.datetime(2026, 9, 29, 16, 57, 40, 304000),)",2a3c600a
408646408,-778368038,3333,1:44:54.400000,"(datetime.datetime(2026, 9, 29, 16, 57, 40, 353000),)",2a3c600d
408643419,-778371378,3347,1:44:54.450000,"(datetime.datetime(2026, 9, 29, 16, 57, 40, 406000),)",2a3c600a
408646295,-778368205,3333,1:44:54.490000,"(datetime.datetime(2026, 9, 29, 16, 57, 40, 450000),)",2a3c600d
408643286,-778371497,3347,1:44:54.550000,"(datetime.datetime(2026, 9, 29, 16, 57, 40, 509000),)",2a3c600a
408646184,-778368368,3333,1:44:54.590000,"(datetime.datetime(2026, 9, 29, 16, 57, 40, 549000),)",2a3c600d
408643158,-778371609,3346,1:44:54.660000,"(datetime.datetime(2026, 9, 29, 16, 57, 40, 616000),)",2a3c600a
408646068,-778368531,3333,1:44:54.690000,"(datetime.datetime(2026, 9, 29, 16, 57, 40, 650000),)",2a3c600d
408643025,-778371720,3346,1:44:54.750000,"(datetime.datetime(2026, 9, 29, 16, 57, 40, 705000),)",2a3c600a
408645952,-778368688,3333,1:44:54.790000,"(datetime.datetime(2026, 9, 29, 16, 57, 40, 750000),)",2a3c600d
408642894,-778371826,3346,1:44:54.850000,"(datetime.datetime(2026, 9, 29, 16, 57, 40, 804000),)",2a3c600a
408645836,-778368848,3332,1:44:54.890000,"(datetime.datetime(2026, 9, 29, 16, 57, 40, 849000),)",2a3c600d
408642760,-778371935,3346,1:44:54.950000,"(datetime.datetime(2026, 9, 29, 16, 57, 40, 905000),)",2a3c600a
408645715,-778369001,3332,1:44:55,"(datetime.datetime(2026, 9, 29, 16, 57, 40, 951000),)",2a3c600d
408642625,-778372039,3346,1:44:55.050000,"(datetime.datetime(2026, 9, 29, 16, 57, 41, 5000),)",2a3c600a
408645594,-778369154,3332,1:44:55.090000,"(datetime.datetime(2026, 9, 29, 16, 57, 41, 49000),)",2a3c600d
408642490,-778372143,3346,1:44:55.150000,"(datetime.datetime(2026, 9, 29, 16, 57, 41, 104000),)",2a3c600a
408645473,-778369306,3332,1:44:55.190000,"(datetime.datetime(2026, 9, 29, 16, 57, 41, 149000),)",2a3c600d
408642360,-778372257,3347,1:44:55.260000,"(datetime.datetime(2026, 9, 29, 16, 57, 41, 220000),)",2a3c600a
408645356,-778369460,3332,1:44:55.290000,"(datetime.datetime(2026, 9, 29, 16, 57, 41, 250000),)",2a3c600d
408642225,-778372347,3347,1:44:55.390000,"(datetime.datetime(2026, 9, 29, 16, 57, 41, 349000),)",2a3c600a
408645229,-778369600,3331,1:44:55.410000,"(datetime.datetime(2026, 9, 29, 16, 57, 41, 363000),)",2a3c600d
408642085,-778372444,3348,1:44:55.460000,"(datetime.datetime(2026, 9, 29, 16, 57, 41, 420000),)",2a3c600a
408645111,-778369747,3332,1:44:55.500000,"(datetime.datetime(2026, 9, 29, 16, 57, 41, 453000),)",2a3c600d
408644983,-778369889,3331,1:44:55.600000,"(datetime.datetime(2026, 9, 29, 16, 57, 41, 553000),)",2a3c600d
408641808,-778372622,3347,1:44:55.650000,"(datetime.datetime(2026, 9, 29, 16, 57, 41, 605000),)",2a3c600a
408644858,-778370030,3331,1:44:55.700000,"(datetime.datetime(2026, 9, 29, 16, 57, 41, 651000),)",2a3c600d
408641668,-778372710,3347,1:44:55.750000,"(datetime.datetime(2026, 9, 29, 16, 57, 41, 705000),)",2a3c600a
408644731,-778370170,3331,1:44:55.790000,"(datetime.datetime(2026, 9, 29, 16, 57, 41, 749000),)",2a3c600d
408641528,-778372793,3347,1:44:55.850000,"(datetime.datetime(2026, 9, 29, 16, 57, 41, 804000),)",2a3c600a
408644601,-778370307,3331,1:44:55.890000,"(datetime.datetime(2026, 9, 29, 16, 57, 41, 849000),)",2a3c600d
408641388,-778372872,3347,1:44:55.950000,"(datetime.datetime(2026, 9, 29, 16, 57, 41, 905000),)",2a3c600a
408644473,-778370443,3330,1:44:55.990000,"(datetime.datetime(2026, 9, 29, 16, 57, 41, 950000),)",2a3c600d
408641245,-778372954,3346,1:44:56.050000,"(datetime.datetime(2026, 9, 29, 16, 57, 42, 10000),)",2a3c600a
408644345,-778370574,3330,1:44:56.100000,"(datetime.datetime(2026, 9, 29, 16, 57, 42, 50000),)",2a3c600d
408641105,-778373033,3346,1:44:56.150000,"(datetime.datetime(2026, 9, 29, 16, 57, 42, 104000),)",2a3c600a
408644213,-778370707,3330,1:44:56.190000,"(datetime.datetime(2026, 9, 29, 16, 57, 42, 149000),)",2a3c600d
408640970,-778373117,3346,1:44:56.250000,"(datetime.datetime(2026, 9, 29, 16, 57, 42, 205000),)",2a3c600a
408644088,-778370848,3330,1:44:56.290000,"(datetime.datetime(2026, 9, 29, 16, 57, 42, 250000),)",2a3c600d
408640825,-778373182,3346,1:44:56.350000,"(datetime.datetime(2026, 9, 29, 16, 57, 42, 305000),)",2a3c600a
408643953,-778370972,3330,1:44:56.390000,"(datetime.datetime(2026, 9, 29, 16, 57, 42, 350000),)",2a3c600d
408640683,-778373250,3346,1:44:56.450000,"(datetime.datetime(2026, 9, 29, 16, 57, 42, 405000),)",2a3c600a
408643822,-778371096,3330,1:44:56.490000,"(datetime.datetime(2026, 9, 29, 16, 57, 42, 450000),)",2a3c600d
408640541,-778373315,3345,1:44:56.550000,"(datetime.datetime(2026, 9, 29, 16, 57, 42, 507000),)",2a3c600a
408643690,-778371224,3329,1:44:56.590000,"(datetime.datetime(2026, 9, 29, 16, 57, 42, 549000),)",2a3c600d
408640397,-778373382,3345,1:44:56.650000,"(datetime.datetime(2026, 9, 29, 16, 57, 42, 606000),)",2a3c600a
408643555,-778371348,3330,1:44:56.690000,"(datetime.datetime(2026, 9, 29, 16, 57, 42, 650000),)",2a3c600d
408640254,-778373443,3345,1:44:56.750000,"(datetime.datetime(2026, 9, 29, 16, 57, 42, 705000),)",2a3c600a
408643420,-778371472,3329,1:44:56.790000,"(datetime.datetime(2026, 9, 29, 16, 57, 42, 749000),)",2a3c600d
408640110,-778373502,3344,1:44:56.850000,"(datetime.datetime(2026, 9, 29, 16, 57, 42, 804000),)",2a3c600a
408643284,-778371585,3329,1:44:56.890000,"(datetime.datetime(2026, 9, 29, 16, 57, 42, 850000),)",2a3c600d
408639967,-778373558,3344,1:44:56.960000,"(datetime.datetime(2026, 9, 29, 16, 57, 42, 917000),)",2a3c600a
408643147,-778371703,3328,1:44:57.010000,"(datetime.datetime(2026, 9, 29, 16, 57, 42, 964000),)",2a3c600d
408639821,-778373613,3344,1:44:57.050000,"(datetime.datetime(2026, 9, 29, 16, 57, 43, 5000),)",2a3c600a
408643010,-778371811,3328,1:44:57.090000,"(datetime.datetime(2026, 9, 29, 16, 57, 43, 49000),)",2a3c600d
408639677,-778373664,3343,1:44:57.150000,"(datetime.datetime(2026, 9, 29, 16, 57, 43, 104000),)",2a3c600a
408642871,-778371923,3328,1:44:57.190000,"(datetime.datetime(2026, 9, 29, 16, 57, 43, 149000),)",2a3c600d
408639531,-778373723,3343,1:44:57.250000,"(datetime.datetime(2026, 9, 29, 16, 57, 43, 205000),)",2a3c600a
408642737,-778372040,3328,1:44:57.290000,"(datetime.datetime(2026, 9, 29, 16, 57, 43, 250000),)",2a3c600d
408639390,-778373765,3342,1:44:57.350000,"(datetime.datetime(2026, 9, 29, 16, 57, 43, 305000),)",2a3c600a
408642592,-778372139,3328,1:44:57.390000,"(datetime.datetime(2026, 9, 29, 16, 57, 43, 349000),)",2a3c600d
408639244,-778373810,3342,1:44:57.450000,"(datetime.datetime(2026, 9, 29, 16, 57, 43, 405000),)",2a3c600a
408642455,-778372242,3328,1:44:57.490000,"(datetime.datetime(2026, 9, 29, 16, 57, 43, 449000),)",2a3c600d
408639094,-778373853,3342,1:44:57.550000,"(datetime.datetime(2026, 9, 29, 16, 57, 43, 505000),)",2a3c600a
408642309,-778372343,3327,1:44:57.600000,"(datetime.datetime(2026, 9, 29, 16, 57, 43, 551000),)",2a3c600d
408638943,-778373893,3343,1:44:57.650000,"(datetime.datetime(2026, 9, 29, 16, 57, 43, 605000),)",2a3c600a
408642168,-778372439,3327,1:44:57.690000,"(datetime.datetime(2026, 9, 29, 16, 57, 43, 650000),)",2a3c600d
408638794,-778373929,3342,1:44:57.750000,"(datetime.datetime(2026, 9, 29, 16, 57, 43, 705000),)",2a3c600a
408642025,-778372534,3328,1:44:57.790000,"(datetime.datetime(2026, 9, 29, 16, 57, 43, 750000),)",2a3c600d
408638645,-778373965,3342,1:44:57.990000,"(datetime.datetime(2026, 9, 29, 16, 57, 43, 943000),)",2a3c600a
408641879,-778372625,3327,1:44:58.100000,"(datetime.datetime(2026, 9, 29, 16, 57, 44, 59000),)",2a3c600d
408641736,-778372715,3327,1:44:58.190000,"(datetime.datetime(2026, 9, 29, 16, 57, 44, 144000),)",2a3c600d
408638492,-778374001,3341,1:44:58.300000,"(datetime.datetime(2026, 9, 29, 16, 57, 44, 260000),)",2a3c600a
408641588,-778372803,3327,1:44:58.500000,"(datetime.datetime(2026, 9, 29, 16, 57, 44, 452000),)",2a3c600d
408638342,-778374033,3341,1:44:58.680000,"(datetime.datetime(2026, 9, 29, 16, 57, 44, 638000),)",2a3c600a
408641441,-778372888,3327,1:44:58.720000,"(datetime.datetime(2026, 9, 29, 16, 57, 44, 676000),)",2a3c600d
408638187,-778374064,3341,1:44:58.890000,"(datetime.datetime(2026, 9, 29, 16, 57, 44, 841000),)",2a3c600a
408641304,-778372984,3326,1:44:58.920000,"(datetime.datetime(2026, 9, 29, 16, 57, 44, 879000),)",2a3c600d
408638030,-778374098,3341,1:44:59.140000,"(datetime.datetime(2026, 9, 29, 16, 57, 45, 93000),)",2a3c600a
408641152,-778373058,3327,1:44:59.150000,"(datetime.datetime(2026, 9, 29, 16, 57, 45, 110000),)",2a3c600d
408638030,-778374098,3341,1:44:59.300000,"(datetime.datetime(2026, 9, 29, 16, 57, 45, 250000),)",2a3c600a
408641003,-778373138,3326,1:44:59.330000,"(datetime.datetime(2026, 9, 29, 16, 57, 45, 289000),)",2a3c600d
408637716,-778374143,3341,1:44:59.520000,"(datetime.datetime(2026, 9, 29, 16, 57, 45, 476000),)",2a3c600a
408640851,-778373216,3326,1:44:59.700000,"(datetime.datetime(2026, 9, 29, 16, 57, 45, 660000),)",2a3c600d
408637565,-778374169,3340,1:44:59.740000,"(datetime.datetime(2026, 9, 29, 16, 57, 45, 696000),)",2a3c600a
408640699,-778373288,3326,1:44:59.910000,"(datetime.datetime(2026, 9, 29, 16, 57, 45, 866000),)",2a3c600d
408637404,-778374189,3340,1:44:59.940000,"(datetime.datetime(2026, 9, 29, 16, 57, 45, 899000),)",2a3c600a
408640548,-778373360,3326,1:45:00.110000,"(datetime.datetime(2026, 9, 29, 16, 57, 46, 70000),)",2a3c600d
408637246,-778374207,3340,1:45:00.150000,"(datetime.datetime(2026, 9, 29, 16, 57, 46, 106000),)",2a3c600a
408640394,-778373430,3325,1:45:00.320000,"(datetime.datetime(2026, 9, 29, 16, 57, 46, 276000),)",2a3c600d
408637246,-778374207,3340,1:45:00.350000,"(datetime.datetime(2026, 9, 29, 16, 57, 46, 306000),)",2a3c600a
408640240,-778373495,3325,1:45:00.560000,"(datetime.datetime(2026, 9, 29, 16, 57, 46, 513000),)",2a3c600d
408636930,-778374240,3339,1:45:00.730000,"(datetime.datetime(2026, 9, 29, 16, 57, 46, 684000),)",2a3c600a
408640081,-778373561,3325,1:45:00.770000,"(datetime.datetime(2026, 9, 29, 16, 57, 46, 722000),)",2a3c600d
408636768,-778374255,3339,1:45:00.930000,"(datetime.datetime(2026, 9, 29, 16, 57, 46, 889000),)",2a3c600a
408639927,-778373622,3324,1:45:00.970000,"(datetime.datetime(2026, 9, 29, 16, 57, 46, 923000),)",2a3c600d
408636607,-778374264,3339,1:45:01.140000,"(datetime.datetime(2026, 9, 29, 16, 57, 47, 95000),)",2a3c600a
408639777,-778373693,3324,1:45:01.170000,"(datetime.datetime(2026, 9, 29, 16, 57, 47, 128000),)",2a3c600d
408636441,-778374279,3339,1:45:01.340000,"(datetime.datetime(2026, 9, 29, 16, 57, 47, 299000),)",2a3c600a
408639620,-778373746,3323,1:45:01.410000,"(datetime.datetime(2026, 9, 29, 16, 57, 47, 360000),)",2a3c600d
408636273,-778374280,3338,1:45:01.550000,"(datetime.datetime(2026, 9, 29, 16, 57, 47, 503000),)",2a3c600a
408639462,-778373798,3323,1:45:01.600000,"(datetime.datetime(2026, 9, 29, 16, 57, 47, 552000),)",2a3c600d
408636110,-778374288,3338,1:45:01.750000,"(datetime.datetime(2026, 9, 29, 16, 57, 47, 708000),)",2a3c600a
408639306,-778373852,3323,1:45:01.790000,"(datetime.datetime(2026, 9, 29, 16, 57, 47, 744000),)",2a3c600d
408636110,-778374288,3338,1:45:01.960000,"(datetime.datetime(2026, 9, 29, 16, 57, 47, 913000),)",2a3c600a
408639141,-778373897,3323,1:45:02,"(datetime.datetime(2026, 9, 29, 16, 57, 47, 952000),)",2a3c600d
408635779,-778374297,3338,1:45:02.160000,"(datetime.datetime(2026, 9, 29, 16, 57, 48, 118000),)",2a3c600a
408638982,-778373940,3323,1:45:02.180000,"(datetime.datetime(2026, 9, 29, 16, 57, 48, 140000),)",2a3c600d
408635611,-778374298,3338,1:45:02.260000,"(datetime.datetime(2026, 9, 29, 16, 57, 48, 220000),)",2a3c600a
408638821,-778373984,3323,1:45:02.310000,"(datetime.datetime(2026, 9, 29, 16, 57, 48, 270000),)",2a3c600d
408635442,-778374300,3337,1:45:02.490000,"(datetime.datetime(2026, 9, 29, 16, 57, 48, 444000),)",2a3c600a
408638661,-778374023,3322,1:45:02.600000,"(datetime.datetime(2026, 9, 29, 16, 57, 48, 560000),)",2a3c600d
408635275,-778374298,3337,1:45:02.690000,"(datetime.datetime(2026, 9, 29, 16, 57, 48, 642000),)",2a3c600a
408638499,-778374061,3322,1:45:02.700000,"(datetime.datetime(2026, 9, 29, 16, 57, 48, 660000),)",2a3c600d
408635106,-778374294,3337,1:45:02.810000,"(datetime.datetime(2026, 9, 29, 16, 57, 48, 768000),)",2a3c600a
408638335,-778374098,3322,1:45:02.830000,"(datetime.datetime(2026, 9, 29, 16, 57, 48, 781000),)",2a3c600d
408634934,-778374287,3337,1:45:02.920000,"(datetime.datetime(2026, 9, 29, 16, 57, 48, 871000),)",2a3c600a
408638181,-778374147,3322,1:45:03.020000,"(datetime.datetime(2026, 9, 29, 16, 57, 48, 971000),)",2a3c600d
408634769,-778374291,3337,1:45:03.120000,"(datetime.datetime(2026, 9, 29, 16, 57, 49, 71000),)",2a3c600a
408638013,-778374172,3321,1:45:03.220000,"(datetime.datetime(2026, 9, 29, 16, 57, 49, 176000),)",2a3c600d
408634595,-778374274,3337,1:45:03.320000,"(datetime.datetime(2026, 9, 29, 16, 57, 49, 279000),)",2a3c600a
408637850,-778374202,3321,1:45:03.350000,"(datetime.datetime(2026, 9, 29, 16, 57, 49, 310000),)",2a3c600d
408634427,-778374263,3337,1:45:03.370000,"(datetime.datetime(2026, 9, 29, 16, 57, 49, 323000),)",2a3c600a
408637687,-778374229,3321,1:45:03.410000,"(datetime.datetime(2026, 9, 29, 16, 57, 49, 366000),)",2a3c600d
408634258,-778374248,3336,1:45:03.520000,"(datetime.datetime(2026, 9, 29, 16, 57, 49, 480000),)",2a3c600a
408637521,-778374255,3321,1:45:03.630000,"(datetime.datetime(2026, 9, 29, 16, 57, 49, 583000),)",2a3c600d
408634086,-778374234,3337,1:45:03.730000,"(datetime.datetime(2026, 9, 29, 16, 57, 49, 683000),)",2a3c600a
408637353,-778374276,3320,1:45:03.750000,"(datetime.datetime(2026, 9, 29, 16, 57, 49, 704000),)",2a3c600d
408633920,-778374211,3336,1:45:03.760000,"(datetime.datetime(2026, 9, 29, 16, 57, 49, 715000),)",2a3c600a
408637190,-778374298,3320,1:45:03.770000,"(datetime.datetime(2026, 9, 29, 16, 57, 49, 724000),)",2a3c600d
408633749,-778374190,3336,1:45:03.800000,"(datetime.datetime(2026, 9, 29, 16, 57, 49, 756000),)",2a3c600a
408637026,-778374320,3320,1:45:03.810000,"(datetime.datetime(2026, 9, 29, 16, 57, 49, 766000),)",2a3c600d
408633578,-778374167,3336,1:45:03.820000,"(datetime.datetime(2026, 9, 29, 16, 57, 49, 775000),)",2a3c600a
408636858,-778374338,3319,1:45:03.830000,"(datetime.datetime(2026, 9, 29, 16, 57, 49, 781000),)",2a3c600d
408633578,-778374167,3336,1:45:03.860000,"(datetime.datetime(2026, 9, 29, 16, 57, 49, 819000),)",2a3c600a
408636693,-778374352,3319,1:45:03.870000,"(datetime.datetime(2026, 9, 29, 16, 57, 49, 826000),)",2a3c600d
408633407,-778374142,3336,1:45:03.880000,"(datetime.datetime(2026, 9, 29, 16, 57, 49, 839000),)",2a3c600a
408636527,-778374377,3319,1:45:03.920000,"(datetime.datetime(2026, 9, 29, 16, 57, 49, 876000),)",2a3c600d
408633065,-778374086,3335,1:45:03.930000,"(datetime.datetime(2026, 9, 29, 16, 57, 49, 884000),)",2a3c600a
408636360,-778374381,3319,1:45:03.940000,"(datetime.datetime(2026, 9, 29, 16, 57, 49, 894000),)",2a3c600d
408632893,-778374045,3335,1:45:03.950000,"(datetime.datetime(2026, 9, 29, 16, 57, 49, 902000),)",2a3c600a
408636192,-778374393,3319,1:45:03.970000,"(datetime.datetime(2026, 9, 29, 16, 57, 49, 924000),)",2a3c600d
408632724,-778374009,3334,1:45:03.980000,"(datetime.datetime(2026, 9, 29, 16, 57, 49, 931000),)",2a3c600a
408636026,-778374402,3319,1:45:03.990000,"(datetime.datetime(2026, 9, 29, 16, 57, 49, 942000),)",2a3c600d
408632550,-778373971,3335,1:45:04,"(datetime.datetime(2026, 9, 29, 16, 57, 49, 952000),)",2a3c600a
408635855,-778374406,3318,1:45:04.020000,"(datetime.datetime(2026, 9, 29, 16, 57, 49, 979000),)",2a3c600d
408632378,-778373933,3335,1:45:04.030000,"(datetime.datetime(2026, 9, 29, 16, 57, 49, 988000),)",2a3c600a
408635687,-778374407,3318,1:45:04.050000,"(datetime.datetime(2026, 9, 29, 16, 57, 50, 1000),)",2a3c600d
408632378,-778373933,3335,1:45:04.070000,"(datetime.datetime(2026, 9, 29, 16, 57, 50, 29000),)",2a3c600a
408632206,-778373887,3335,1:45:04.080000,"(datetime.datetime(2026, 9, 29, 16, 57, 50, 37000),)",2a3c600a
408635518,-778374409,3317,1:45:04.090000,"(datetime.datetime(2026, 9, 29, 16, 57, 50, 44000),)",2a3c600d
408635351,-778374409,3317,1:45:04.100000,"(datetime.datetime(2026, 9, 29, 16, 57, 50, 54000),)",2a3c600d
408632034,-778373842,3334,1:45:04.130000,"(datetime.datetime(2026, 9, 29, 16, 57, 50, 83000),)",2a3c600a
408631864,-778373791,3334,1:45:04.130000,"(datetime.datetime(2026, 9, 29, 16, 57, 50, 90000),)",2a3c600a
408635182,-778374405,3318,1:45:04.140000,"(datetime.datetime(2026, 9, 29, 16, 57, 50, 97000),)",2a3c600d
408631691,-778373738,3334,1:45:04.150000,"(datetime.datetime(2026, 9, 29, 16, 57, 50, 106000),)",2a3c600a
408635011,-778374399,3317,1:45:04.180000,"(datetime.datetime(2026, 9, 29, 16, 57, 50, 135000),)",2a3c600d
408634845,-778374401,3317,1:45:04.190000,"(datetime.datetime(2026, 9, 29, 16, 57, 50, 143000),)",2a3c600d
408631347,-778373632,3333,1:45:04.200000,"(datetime.datetime(2026, 9, 29, 16, 57, 50, 151000),)",2a3c600a
408631347,-778373632,3333,1:45:04.200000,"(datetime.datetime(2026, 9, 29, 16, 57, 50, 160000),)",2a3c600a
408634672,-778374383,3316,1:45:04.230000,"(datetime.datetime(2026, 9, 29, 16, 57, 50, 190000),)",2a3c600d
408631177,-778373559,3333,1:45:04.240000,"(datetime.datetime(2026, 9, 29, 16, 57, 50, 197000),)",2a3c600a
408634505,-778374370,3316,1:45:04.250000,"(datetime.datetime(2026, 9, 29, 16, 57, 50, 205000),)",2a3c600d
408634334,-778374354,3316,1:45:04.260000,"(datetime.datetime(2026, 9, 29, 16, 57, 50, 212000),)",2a3c600d
408631005,-778373493,3333,1:45:04.260000,"(datetime.datetime(2026, 9, 29, 16, 57, 50, 219000),)",2a3c600a
408634164,-778374337,3316,1:45:04.300000,"(datetime.datetime(2026, 9, 29, 16, 57, 50, 252000),)",2a3c600d
408630663,-778373349,3332,1:45:04.300000,"(datetime.datetime(2026, 9, 29, 16, 57, 50, 259000),)",2a3c600a
408633996,-778374317,3316,1:45:04.310000,"(datetime.datetime(2026, 9, 29, 16, 57, 50, 266000),)",2a3c600d
408630492,-778373271,3332,1:45:04.320000,"(datetime.datetime(2026, 9, 29, 16, 57, 50, 273000),)",2a3c600a
408633827,-778374292,3315,1:45:04.320000,"(datetime.datetime(2026, 9, 29, 16, 57, 50, 280000),)",2a3c600d
408630322,-778373190,3332,1:45:04.370000,"(datetime.datetime(2026, 9, 29, 16, 57, 50, 324000),)",2a3c600a
408633656,-778374267,3316,1:45:04.390000,"(datetime.datetime(2026, 9, 29, 16, 57, 50, 348000),)",2a3c600d
408630151,-778373106,3331,1:45:04.420000,"(datetime.datetime(2026, 9, 29, 16, 57, 50, 376000),)",2a3c600a
408633486,-778374241,3315,1:45:04.430000,"(datetime.datetime(2026, 9, 29, 16, 57, 50, 385000),)",2a3c600d
408629985,-778373017,3331,1:45:04.440000,"(datetime.datetime(2026, 9, 29, 16, 57, 50, 394000),)",2a3c600a
408633317,-778374208,3315,1:45:04.450000,"(datetime.datetime(2026, 9, 29, 16, 57, 50, 401000),)",2a3c600d
408629814,-778372925,3331,1:45:04.480000,"(datetime.datetime(2026, 9, 29, 16, 57, 50, 439000),)",2a3c600a
408633148,-778374188,3315,1:45:04.490000,"(datetime.datetime(2026, 9, 29, 16, 57, 50, 447000),)",2a3c600d
408629643,-778372841,3331,1:45:04.500000,"(datetime.datetime(2026, 9, 29, 16, 57, 50, 457000),)",2a3c600a
408632978,-778374142,3314,1:45:04.510000,"(datetime.datetime(2026, 9, 29, 16, 57, 50, 465000),)",2a3c600d
408629477,-778372731,3331,1:45:04.550000,"(datetime.datetime(2026, 9, 29, 16, 57, 50, 506000),)",2a3c600a
408632811,-778374105,3314,1:45:04.560000,"(datetime.datetime(2026, 9, 29, 16, 57, 50, 515000),)",2a3c600d
408629310,-778372630,3331,1:45:04.570000,"(datetime.datetime(2026, 9, 29, 16, 57, 50, 526000),)",2a3c600a
408632646,-778374067,3314,1:45:04.580000,"(datetime.datetime(2026, 9, 29, 16, 57, 50, 535000),)",2a3c600d
408629143,-778372525,3331,1:45:04.610000,"(datetime.datetime(2026, 9, 29, 16, 57, 50, 563000),)",2a3c600a
408632475,-778374021,3314,1:45:04.620000,"(datetime.datetime(2026, 9, 29, 16, 57, 50, 571000),)",2a3c600d
408628975,-778372414,3331,1:45:04.620000,"(datetime.datetime(2026, 9, 29, 16, 57, 50, 578000),)",2a3c600a
408632308,-778373976,3314,1:45:04.630000,"(datetime.datetime(2026, 9, 29, 16, 57, 50, 585000),)",2a3c600d
408628809,-778372305,3331,1:45:04.660000,"(datetime.datetime(2026, 9, 29, 16, 57, 50, 618000),)",2a3c600a
408632138,-778373928,3314,1:45:04.670000,"(datetime.datetime(2026, 9, 29, 16, 57, 50, 626000),)",2a3c600d
408628647,-778372188,3330,1:45:04.680000,"(datetime.datetime(2026, 9, 29, 16, 57, 50, 634000),)",2a3c600a
408631971,-778373877,3313,1:45:04.690000,"(datetime.datetime(2026, 9, 29, 16, 57, 50, 643000),)",2a3c600d
408628483,-778372070,3330,1:45:04.720000,"(datetime.datetime(2026, 9, 29, 16, 57, 50, 674000),)",2a3c600a
408631804,-778373824,3313,1:45:04.730000,"(datetime.datetime(2026, 9, 29, 16, 57, 50, 681000),)",2a3c600d
408628319,-778371949,3330,1:45:04.730000,"(datetime.datetime(2026, 9, 29, 16, 57, 50, 689000),)",2a3c600a
408631636,-778373768,3313,1:45:04.740000,"(datetime.datetime(2026, 9, 29, 16, 57, 50, 695000),)",2a3c600d
408628152,-778371824,3330,1:45:04.750000,"(datetime.datetime(2026, 9, 29, 16, 57, 50, 702000),)",2a3c600a
408631470,-778373725,3313,1:45:04.790000,"(datetime.datetime(2026, 9, 29, 16, 57, 50, 741000),)",2a3c600d
408627991,-778371715,3330,1:45:04.800000,"(datetime.datetime(2026, 9, 29, 16, 57, 50, 755000),)",2a3c600a
408631303,-778373658,3313,1:45:04.810000,"(datetime.datetime(2026, 9, 29, 16, 57, 50, 769000),)",2a3c600d
408627991,-778371715,3330,1:45:04.840000,"(datetime.datetime(2026, 9, 29, 16, 57, 50, 798000),)",2a3c600a
408631138,-778373593,3313,1:45:04.860000,"(datetime.datetime(2026, 9, 29, 16, 57, 50, 810000),)",2a3c600d
408627832,-778371572,3329,1:45:04.870000,"(datetime.datetime(2026, 9, 29, 16, 57, 50, 821000),)",2a3c600a
408627672,-778371440,3329,1:45:04.900000,"(datetime.datetime(2026, 9, 29, 16, 57, 50, 852000),)",2a3c600a
408630971,-778373525,3313,1:45:04.900000,"(datetime.datetime(2026, 9, 29, 16, 57, 50, 859000),)",2a3c600d
408627513,-778371304,3329,1:45:04.910000,"(datetime.datetime(2026, 9, 29, 16, 57, 50, 867000),)",2a3c600a
408630803,-778373453,3313,1:45:04.920000,"(datetime.datetime(2026, 9, 29, 16, 57, 50, 874000),)",2a3c600d
408627355,-778371165,3329,1:45:04.960000,"(datetime.datetime(2026, 9, 29, 16, 57, 50, 920000),)",2a3c600a
408630637,-778373378,3313,1:45:04.970000,"(datetime.datetime(2026, 9, 29, 16, 57, 50, 928000),)",2a3c600d
408627196,-778371024,3329,1:45:04.980000,"(datetime.datetime(2026, 9, 29, 16, 57, 50, 937000),)",2a3c600a
408630475,-778373303,3312,1:45:04.990000,"(datetime.datetime(2026, 9, 29, 16, 57, 50, 944000),)",2a3c600d
408627037,-778370881,3329,1:45:05.030000,"(datetime.datetime(2026, 9, 29, 16, 57, 50, 983000),)",2a3c600a
408630309,-778373221,3312,1:45:05.040000,"(datetime.datetime(2026, 9, 29, 16, 57, 50, 994000),)",2a3c600d
408626883,-778370734,3328,1:45:05.050000,"(datetime.datetime(2026, 9, 29, 16, 57, 51, 2000),)",2a3c600a
408630147,-778373137,3312,1:45:05.050000,"(datetime.datetime(2026, 9, 29, 16, 57, 51, 10000),)",2a3c600d
408626725,-778370583,3328,1:45:05.090000,"(datetime.datetime(2026, 9, 29, 16, 57, 51, 43000),)",2a3c600a
408629980,-778373054,3312,1:45:05.100000,"(datetime.datetime(2026, 9, 29, 16, 57, 51, 55000),)",2a3c600d
408626572,-778370430,3328,1:45:05.160000,"(datetime.datetime(2026, 9, 29, 16, 57, 51, 111000),)",2a3c600a
408629813,-778372977,3311,1:45:05.200000,"(datetime.datetime(2026, 9, 29, 16, 57, 51, 157000),)",2a3c600d
408626417,-778370298,3329,1:45:05.270000,"(datetime.datetime(2026, 9, 29, 16, 57, 51, 221000),)",2a3c600a
408629650,-778372880,3311,1:45:05.300000,"(datetime.datetime(2026, 9, 29, 16, 57, 51, 257000),)",2a3c600d
408626267,-778370129,3329,1:45:05.360000,"(datetime.datetime(2026, 9, 29, 16, 57, 51, 319000),)",2a3c600a
408629486,-778372789,3311,1:45:05.400000,"(datetime.datetime(2026, 9, 29, 16, 57, 51, 354000),)",2a3c600d
408625963,-778369812,3330,1:45:05.470000,"(datetime.datetime(2026, 9, 29, 16, 57, 51, 422000),)",2a3c600a
408629321,-778372690,3311,1:45:05.500000,"(datetime.datetime(2026, 9, 29, 16, 57, 51, 459000),)",2a3c600d
408629157,-778372589,3310,1:45:05.610000,"(datetime.datetime(2026, 9, 29, 16, 57, 51, 561000),)",2a3c600d
408625812,-778369648,3329,1:45:05.660000,"(datetime.datetime(2026, 9, 29, 16, 57, 51, 612000),)",2a3c600a
408625662,-778369481,3329,1:45:05.670000,"(datetime.datetime(2026, 9, 29, 16, 57, 51, 629000),)",2a3c600a
408628995,-778372488,3310,1:45:05.710000,"(datetime.datetime(2026, 9, 29, 16, 57, 51, 664000),)",2a3c600d
408628830,-778372381,3310,1:45:05.810000,"(datetime.datetime(2026, 9, 29, 16, 57, 51, 761000),)",2a3c600d
408625518,-778369314,3329,1:45:05.860000,"(datetime.datetime(2026, 9, 29, 16, 57, 51, 814000),)",2a3c600a
408628668,-778372274,3310,1:45:05.900000,"(datetime.datetime(2026, 9, 29, 16, 57, 51, 858000),)",2a3c600d
408625374,-778369141,3330,1:45:05.960000,"(datetime.datetime(2026, 9, 29, 16, 57, 51, 912000),)",2a3c600a
408628504,-778372159,3310,1:45:06,"(datetime.datetime(2026, 9, 29, 16, 57, 51, 959000),)",2a3c600d
408625232,-778368966,3330,1:45:06.060000,"(datetime.datetime(2026, 9, 29, 16, 57, 52, 11000),)",2a3c600a
408625232,-778368966,3330,1:45:06.070000,"(datetime.datetime(2026, 9, 29, 16, 57, 52, 26000),)",2a3c600a
408628341,-778372044,3310,1:45:06.100000,"(datetime.datetime(2026, 9, 29, 16, 57, 52, 58000),)",2a3c600d
408624941,-778368619,3330,1:45:06.170000,"(datetime.datetime(2026, 9, 29, 16, 57, 52, 122000),)",2a3c600a
408628173,-778371943,3310,1:45:06.200000,"(datetime.datetime(2026, 9, 29, 16, 57, 52, 158000),)",2a3c600d
408624941,-778368619,3330,1:45:06.260000,"(datetime.datetime(2026, 9, 29, 16, 57, 52, 218000),)",2a3c600a
408628013,-778371812,3310,1:45:06.300000,"(datetime.datetime(2026, 9, 29, 16, 57, 52, 259000),)",2a3c600d
408624807,-778368426,3329,1:45:06.360000,"(datetime.datetime(2026, 9, 29, 16, 57, 52, 315000),)",2a3c600a
408627852,-778371685,3309,1:45:06.400000,"(datetime.datetime(2026, 9, 29, 16, 57, 52, 358000),)",2a3c600d
408624670,-778368243,3330,1:45:06.460000,"(datetime.datetime(2026, 9, 29, 16, 57, 52, 415000),)",2a3c600a
408627692,-778371557,3309,1:45:06.510000,"(datetime.datetime(2026, 9, 29, 16, 57, 52, 461000),)",2a3c600d
408624536,-778368054,3329,1:45:06.560000,"(datetime.datetime(2026, 9, 29, 16, 57, 52, 515000),)",2a3c600a
408627530,-778371423,3309,1:45:06.600000,"(datetime.datetime(2026, 9, 29, 16, 57, 52, 558000),)",2a3c600d
408624402,-778367863,3330,1:45:06.660000,"(datetime.datetime(2026, 9, 29, 16, 57, 52, 614000),)",2a3c600a
408627369,-778371287,3309,1:45:06.700000,"(datetime.datetime(2026, 9, 29, 16, 57, 52, 659000),)",2a3c600d
408624270,-778367667,3330,1:45:06.760000,"(datetime.datetime(2026, 9, 29, 16, 57, 52, 715000),)",2a3c600a
408627211,-778371148,3309,1:45:06.800000,"(datetime.datetime(2026, 9, 29, 16, 57, 52, 759000),)",2a3c600d
408624141,-778367471,3330,1:45:06.860000,"(datetime.datetime(2026, 9, 29, 16, 57, 52, 819000),)",2a3c600a
408627051,-778371009,3309,1:45:06.920000,"(datetime.datetime(2026, 9, 29, 16, 57, 52, 872000),)",2a3c600d
408624013,-778367274,3330,1:45:06.960000,"(datetime.datetime(2026, 9, 29, 16, 57, 52, 917000),)",2a3c600a
408626893,-778370863,3308,1:45:07,"(datetime.datetime(2026, 9, 29, 16, 57, 52, 960000),)",2a3c600d
408623884,-778367074,3330,1:45:07.060000,"(datetime.datetime(2026, 9, 29, 16, 57, 53, 15000),)",2a3c600a
408626737,-778370716,3308,1:45:07.100000,"(datetime.datetime(2026, 9, 29, 16, 57, 53, 60000),)",2a3c600d
408623759,-778366870,3330,1:45:07.160000,"(datetime.datetime(2026, 9, 29, 16, 57, 53, 115000),)",2a3c600a
408626585,-778370582,3308,1:45:07.200000,"(datetime.datetime(2026, 9, 29, 16, 57, 53, 159000),)",2a3c600d
408623631,-778366674,3331,1:45:07.260000,"(datetime.datetime(2026, 9, 29, 16, 57, 53, 216000),)",2a3c600a
408626432,-778370420,3308,1:45:07.300000,"(datetime.datetime(2026, 9, 29, 16, 57, 53, 259000),)",2a3c600d
408623517,-778366457,3331,1:45:07.360000,"(datetime.datetime(2026, 9, 29, 16, 57, 53, 315000),)",2a3c600a
408626279,-778370263,3309,1:45:07.410000,"(datetime.datetime(2026, 9, 29, 16, 57, 53, 361000),)",2a3c600d
408623399,-778366250,3331,1:45:07.460000,"(datetime.datetime(2026, 9, 29, 16, 57, 53, 414000),)",2a3c600a
408626128,-778370106,3308,1:45:07.500000,"(datetime.datetime(2026, 9, 29, 16, 57, 53, 460000),)",2a3c600d
408623281,-778366039,3331,1:45:07.530000,"(datetime.datetime(2026, 9, 29, 16, 57, 53, 490000),)",2a3c600a
408625976,-778369947,3309,1:45:07.600000,"(datetime.datetime(2026, 9, 29, 16, 57, 53, 559000),)",2a3c600d
408623169,-778365827,3330,1:45:07.640000,"(datetime.datetime(2026, 9, 29, 16, 57, 53, 597000),)",2a3c600a
408625827,-778369780,3308,1:45:07.700000,"(datetime.datetime(2026, 9, 29, 16, 57, 53, 659000),)",2a3c600d
408623058,-778365611,3331,1:45:07.730000,"(datetime.datetime(2026, 9, 29, 16, 57, 53, 689000),)",2a3c600a
408625681,-778369616,3308,1:45:07.800000,"(datetime.datetime(2026, 9, 29, 16, 57, 53, 760000),)",2a3c600d
408622946,-778365393,3331,1:45:07.830000,"(datetime.datetime(2026, 9, 29, 16, 57, 53, 789000),)",2a3c600a
408625535,-778369445,3308,1:45:07.900000,"(datetime.datetime(2026, 9, 29, 16, 57, 53, 859000),)",2a3c600d
408622842,-778365174,3331,1:45:07.940000,"(datetime.datetime(2026, 9, 29, 16, 57, 53, 890000),)",2a3c600a
408625392,-778369273,3309,1:45:08,"(datetime.datetime(2026, 9, 29, 16, 57, 53, 958000),)",2a3c600d
408622737,-778364956,3331,1:45:08.040000,"(datetime.datetime(2026, 9, 29, 16, 57, 53, 991000),)",2a3c600a
408625246,-778369095,3309,1:45:08.100000,"(datetime.datetime(2026, 9, 29, 16, 57, 54, 58000),)",2a3c600d
408622638,-778364736,3331,1:45:08.130000,"(datetime.datetime(2026, 9, 29, 16, 57, 54, 90000),)",2a3c600a
408625105,-778368934,3309,1:45:08.210000,"(datetime.datetime(2026, 9, 29, 16, 57, 54, 167000),)",2a3c600d
408622526,-778364517,3331,1:45:08.230000,"(datetime.datetime(2026, 9, 29, 16, 57, 54, 189000),)",2a3c600a
408624966,-778368746,3309,1:45:08.300000,"(datetime.datetime(2026, 9, 29, 16, 57, 54, 259000),)",2a3c600d
408622433,-778364284,3331,1:45:08.330000,"(datetime.datetime(2026, 9, 29, 16, 57, 54, 289000),)",2a3c600a
408624829,-778368565,3309,1:45:08.400000,"(datetime.datetime(2026, 9, 29, 16, 57, 54, 358000),)",2a3c600d
408622338,-778364057,3331,1:45:08.440000,"(datetime.datetime(2026, 9, 29, 16, 57, 54, 391000),)",2a3c600a
408624690,-778368376,3310,1:45:08.500000,"(datetime.datetime(2026, 9, 29, 16, 57, 54, 459000),)",2a3c600d
408622245,-778363829,3331,1:45:08.530000,"(datetime.datetime(2026, 9, 29, 16, 57, 54, 490000),)",2a3c600a
408624558,-778368188,3309,1:45:08.600000,"(datetime.datetime(2026, 9, 29, 16, 57, 54, 559000),)",2a3c600d
408622155,-778363598,3331,1:45:08.640000,"(datetime.datetime(2026, 9, 29, 16, 57, 54, 595000),)",2a3c600a
408624422,-778367999,3310,1:45:08.700000,"(datetime.datetime(2026, 9, 29, 16, 57, 54, 659000),)",2a3c600d
408622070,-778363366,3332,1:45:08.740000,"(datetime.datetime(2026, 9, 29, 16, 57, 54, 692000),)",2a3c600a
408624290,-778367803,3310,1:45:08.810000,"(datetime.datetime(2026, 9, 29, 16, 57, 54, 760000),)",2a3c600d
408621986,-778363135,3332,1:45:08.830000,"(datetime.datetime(2026, 9, 29, 16, 57, 54, 789000),)",2a3c600a
408624160,-778367610,3310,1:45:08.910000,"(datetime.datetime(2026, 9, 29, 16, 57, 54, 861000),)",2a3c600d
408621901,-778362897,3332,1:45:08.930000,"(datetime.datetime(2026, 9, 29, 16, 57, 54, 889000),)",2a3c600a
408624030,-778367412,3310,1:45:09,"(datetime.datetime(2026, 9, 29, 16, 57, 54, 958000),)",2a3c600d
408621825,-778362663,3332,1:45:09.030000,"(datetime.datetime(2026, 9, 29, 16, 57, 54, 989000),)",2a3c600a
408623907,-778367211,3310,1:45:09.100000,"(datetime.datetime(2026, 9, 29, 16, 57, 55, 60000),)",2a3c600d
408621747,-778362423,3332,1:45:09.130000,"(datetime.datetime(2026, 9, 29, 16, 57, 55, 89000),)",2a3c600a
408623776,-778367021,3310,1:45:09.200000,"(datetime.datetime(2026, 9, 29, 16, 57, 55, 159000),)",2a3c600d
408621663,-778362192,3332,1:45:09.240000,"(datetime.datetime(2026, 9, 29, 16, 57, 55, 190000),)",2a3c600a
408623656,-778366810,3310,1:45:09.300000,"(datetime.datetime(2026, 9, 29, 16, 57, 55, 260000),)",2a3c600d
408621600,-778361944,3333,1:45:09.340000,"(datetime.datetime(2026, 9, 29, 16, 57, 55, 299000),)",2a3c600a
408623536,-778366604,3310,1:45:09.410000,"(datetime.datetime(2026, 9, 29, 16, 57, 55, 360000),)",2a3c600d
408621531,-778361707,3332,1:45:09.430000,"(datetime.datetime(2026, 9, 29, 16, 57, 55, 390000),)",2a3c600a
408623419,-778366396,3311,1:45:09.500000,"(datetime.datetime(2026, 9, 29, 16, 57, 55, 460000),)",2a3c600d
408621465,-778361463,3333,1:45:09.530000,"(datetime.datetime(2026, 9, 29, 16, 57, 55, 489000),)",2a3c600a
408623300,-778366181,3311,1:45:09.600000,"(datetime.datetime(2026, 9, 29, 16, 57, 55, 560000),)",2a3c600d
408621401,-778361218,3333,1:45:09.630000,"(datetime.datetime(2026, 9, 29, 16, 57, 55, 590000),)",2a3c600a
408623186,-778365972,3311,1:45:09.700000,"(datetime.datetime(2026, 9, 29, 16, 57, 55, 658000),)",2a3c600d
408621340,-778360971,3333,1:45:09.730000,"(datetime.datetime(2026, 9, 29, 16, 57, 55, 690000),)",2a3c600a
408623075,-778365755,3311,1:45:09.800000,"(datetime.datetime(2026, 9, 29, 16, 57, 55, 758000),)",2a3c600d
408621282,-778360728,3333,1:45:09.830000,"(datetime.datetime(2026, 9, 29, 16, 57, 55, 789000),)",2a3c600a
408622966,-778365532,3311,1:45:09.910000,"(datetime.datetime(2026, 9, 29, 16, 57, 55, 860000),)",2a3c600d
408621227,-778360484,3332,1:45:09.930000,"(datetime.datetime(2026, 9, 29, 16, 57, 55, 890000),)",2a3c600a
408622860,-778365312,3311,1:45:10,"(datetime.datetime(2026, 9, 29, 16, 57, 55, 958000),)",2a3c600d
408621171,-778360231,3333,1:45:10.030000,"(datetime.datetime(2026, 9, 29, 16, 57, 55, 989000),)",2a3c600a
408622757,-778365092,3311,1:45:10.100000,"(datetime.datetime(2026, 9, 29, 16, 57, 56, 59000),)",2a3c600d
408621120,-778359983,3333,1:45:10.140000,"(datetime.datetime(2026, 9, 29, 16, 57, 56, 97000),)",2a3c600a
408622648,-778364883,3311,1:45:10.200000,"(datetime.datetime(2026, 9, 29, 16, 57, 56, 160000),)",2a3c600d
408621063,-778359732,3334,1:45:10.240000,"(datetime.datetime(2026, 9, 29, 16, 57, 56, 192000),)",2a3c600a
408622552,-778364650,3312,1:45:10.300000,"(datetime.datetime(2026, 9, 29, 16, 57, 56, 258000),)",2a3c600d
408621026,-778359480,3334,1:45:10.330000,"(datetime.datetime(2026, 9, 29, 16, 57, 56, 290000),)",2a3c600a
408622454,-778364420,3312,1:45:10.400000,"(datetime.datetime(2026, 9, 29, 16, 57, 56, 358000),)",2a3c600d
408620983,-778359226,3333,1:45:10.430000,"(datetime.datetime(2026, 9, 29, 16, 57, 56, 390000),)",2a3c600a
408622359,-778364193,3311,1:45:10.500000,"(datetime.datetime(2026, 9, 29, 16, 57, 56, 458000),)",2a3c600d
408620943,-778358972,3333,1:45:10.530000,"(datetime.datetime(2026, 9, 29, 16, 57, 56, 489000),)",2a3c600a
408622265,-778363964,3311,1:45:10.600000,"(datetime.datetime(2026, 9, 29, 16, 57, 56, 560000),)",2a3c600d
408620905,-778358718,3333,1:45:10.630000,"(datetime.datetime(2026, 9, 29, 16, 57, 56, 589000),)",2a3c600a
408622176,-778363733,3312,1:45:10.710000,"(datetime.datetime(2026, 9, 29, 16, 57, 56, 660000),)",2a3c600d
408620871,-778358463,3333,1:45:10.730000,"(datetime.datetime(2026, 9, 29, 16, 57, 56, 690000),)",2a3c600a
408622089,-778363501,3312,1:45:10.810000,"(datetime.datetime(2026, 9, 29, 16, 57, 56, 769000),)",2a3c600d
408620839,-778358207,3334,1:45:10.830000,"(datetime.datetime(2026, 9, 29, 16, 57, 56, 790000),)",2a3c600a
408622002,-778363264,3312,1:45:10.900000,"(datetime.datetime(2026, 9, 29, 16, 57, 56, 860000),)",2a3c600d
408620811,-778357948,3334,1:45:10.930000,"(datetime.datetime(2026, 9, 29, 16, 57, 56, 889000),)",2a3c600a
408621921,-778363029,3312,1:45:11,"(datetime.datetime(2026, 9, 29, 16, 57, 56, 959000),)",2a3c600d
408620785,-778357690,3334,1:45:11.050000,"(datetime.datetime(2026, 9, 29, 16, 57, 57, 1000),)",2a3c600a
408621839,-778362790,3312,1:45:11.100000,"(datetime.datetime(2026, 9, 29, 16, 57, 57, 60000),)",2a3c600d
408620763,-778357435,3334,1:45:11.130000,"(datetime.datetime(2026, 9, 29, 16, 57, 57, 90000),)",2a3c600a
408621751,-778362563,3311,1:45:11.170000,"(datetime.datetime(2026, 9, 29, 16, 57, 57, 129000),)",2a3c600d
408620731,-778357178,3334,1:45:11.240000,"(datetime.datetime(2026, 9, 29, 16, 57, 57, 190000),)",2a3c600a
408621682,-778362312,3312,1:45:11.270000,"(datetime.datetime(2026, 9, 29, 16, 57, 57, 230000),)",2a3c600d
408620722,-778356916,3334,1:45:11.330000,"(datetime.datetime(2026, 9, 29, 16, 57, 57, 290000),)",2a3c600a
408621610,-778362072,3312,1:45:11.370000,"(datetime.datetime(2026, 9, 29, 16, 57, 57, 329000),)",2a3c600d
408620707,-778356658,3333,1:45:11.430000,"(datetime.datetime(2026, 9, 29, 16, 57, 57, 389000),)",2a3c600a
408621539,-778361830,3312,1:45:11.470000,"(datetime.datetime(2026, 9, 29, 16, 57, 57, 429000),)",2a3c600d
408620695,-778356401,3334,1:45:11.540000,"(datetime.datetime(2026, 9, 29, 16, 57, 57, 492000),)",2a3c600a
408621471,-778361582,3312,1:45:11.570000,"(datetime.datetime(2026, 9, 29, 16, 57, 57, 529000),)",2a3c600d
408620684,-778356142,3334,1:45:11.630000,"(datetime.datetime(2026, 9, 29, 16, 57, 57, 589000),)",2a3c600a
408621405,-778361337,3312,1:45:11.680000,"(datetime.datetime(2026, 9, 29, 16, 57, 57, 637000),)",2a3c600d
408620679,-778355881,3334,1:45:11.730000,"(datetime.datetime(2026, 9, 29, 16, 57, 57, 690000),)",2a3c600a
408621342,-778361090,3312,1:45:11.770000,"(datetime.datetime(2026, 9, 29, 16, 57, 57, 729000),)",2a3c600d
408620675,-778355619,3333,1:45:11.830000,"(datetime.datetime(2026, 9, 29, 16, 57, 57, 790000),)",2a3c600a
408621281,-778360844,3312,1:45:11.870000,"(datetime.datetime(2026, 9, 29, 16, 57, 57, 830000),)",2a3c600d
408620672,-778355364,3334,1:45:11.930000,"(datetime.datetime(2026, 9, 29, 16, 57, 57, 890000),)",2a3c600a
408621223,-778360593,3312,1:45:11.970000,"(datetime.datetime(2026, 9, 29, 16, 57, 57, 929000),)",2a3c600d
408620676,-778355103,3333,1:45:12.030000,"(datetime.datetime(2026, 9, 29, 16, 57, 57, 990000),)",2a3c600a
408621168,-778360346,3312,1:45:12.070000,"(datetime.datetime(2026, 9, 29, 16, 57, 58, 29000),)",2a3c600d
408620680,-778354843,3334,1:45:12.130000,"(datetime.datetime(2026, 9, 29, 16, 57, 58, 90000),)",2a3c600a
408621105,-778360104,3312,1:45:12.170000,"(datetime.datetime(2026, 9, 29, 16, 57, 58, 129000),)",2a3c600d
408620675,-778354584,3334,1:45:12.230000,"(datetime.datetime(2026, 9, 29, 16, 57, 58, 190000),)",2a3c600a
408621062,-778359848,3312,1:45:12.270000,"(datetime.datetime(2026, 9, 29, 16, 57, 58, 229000),)",2a3c600d
408620693,-778354323,3334,1:45:12.340000,"(datetime.datetime(2026, 9, 29, 16, 57, 58, 295000),)",2a3c600a
408621062,-778359848,3312,1:45:12.370000,"(datetime.datetime(2026, 9, 29, 16, 57, 58, 329000),)",2a3c600d
408620706,-778354064,3334,1:45:12.430000,"(datetime.datetime(2026, 9, 29, 16, 57, 58, 389000),)",2a3c600a
408620971,-778359343,3312,1:45:12.470000,"(datetime.datetime(2026, 9, 29, 16, 57, 58, 429000),)",2a3c600d
408620721,-778353806,3333,1:45:12.540000,"(datetime.datetime(2026, 9, 29, 16, 57, 58, 490000),)",2a3c600a
408620971,-778359343,3312,1:45:12.570000,"(datetime.datetime(2026, 9, 29, 16, 57, 58, 529000),)",2a3c600d
408620740,-778353545,3333,1:45:12.630000,"(datetime.datetime(2026, 9, 29, 16, 57, 58, 590000),)",2a3c600a
408620930,-778359086,3312,1:45:12.670000,"(datetime.datetime(2026, 9, 29, 16, 57, 58, 629000),)",2a3c600d
408620760,-778353288,3333,1:45:12.730000,"(datetime.datetime(2026, 9, 29, 16, 57, 58, 689000),)",2a3c600a
408620854,-778358577,3312,1:45:12.780000,"(datetime.datetime(2026, 9, 29, 16, 57, 58, 732000),)",2a3c600d
408620784,-778353029,3334,1:45:12.830000,"(datetime.datetime(2026, 9, 29, 16, 57, 58, 789000),)",2a3c600a
408620821,-778358319,3312,1:45:12.880000,"(datetime.datetime(2026, 9, 29, 16, 57, 58, 835000),)",2a3c600d
408620810,-778352771,3334,1:45:13.220000,"(datetime.datetime(2026, 9, 29, 16, 57, 59, 178000),)",2a3c600a
408620821,-778358319,3312,1:45:13.320000,"(datetime.datetime(2026, 9, 29, 16, 57, 59, 272000),)",2a3c600d
408620839,-778352512,3334,1:45:13.380000,"(datetime.datetime(2026, 9, 29, 16, 57, 59, 333000),)",2a3c600a
408620791,-778358060,3313,1:45:13.560000,"(datetime.datetime(2026, 9, 29, 16, 57, 59, 520000),)",2a3c600d
408620873,-778352253,3334,1:45:13.650000,"(datetime.datetime(2026, 9, 29, 16, 57, 59, 604000),)",2a3c600a
408620763,-778357801,3312,1:45:13.710000,"(datetime.datetime(2026, 9, 29, 16, 57, 59, 666000),)",2a3c600d
408620894,-778351991,3334,1:45:13.840000,"(datetime.datetime(2026, 9, 29, 16, 57, 59, 791000),)",2a3c600a
408620724,-778357552,3312,1:45:14.040000,"(datetime.datetime(2026, 9, 29, 16, 57, 59, 996000),)",2a3c600d
408620938,-778351735,3334,1:45:14.250000,"(datetime.datetime(2026, 9, 29, 16, 58, 0, 201000),)",2a3c600a
408620711,-778357287,3312,1:45:14.350000,"(datetime.datetime(2026, 9, 29, 16, 58, 0, 304000),)",2a3c600d
408620975,-778351476,3334,1:45:14.570000,"(datetime.datetime(2026, 9, 29, 16, 58, 0, 521000),)",2a3c600a
408620691,-778357027,3312,1:45:14.640000,"(datetime.datetime(2026, 9, 29, 16, 58, 0, 592000),)",2a3c600d
408620975,-778351476,3334,1:45:14.670000,"(datetime.datetime(2026, 9, 29, 16, 58, 0, 624000),)",2a3c600a
408620675,-778356770,3312,1:45:14.770000,"(datetime.datetime(2026, 9, 29, 16, 58, 0, 729000),)",2a3c600d
408621017,-778351222,3334,1:45:14.840000,"(datetime.datetime(2026, 9, 29, 16, 58, 0, 800000),)",2a3c600a
408620664,-778356508,3312,1:45:14.870000,"(datetime.datetime(2026, 9, 29, 16, 58, 0, 829000),)",2a3c600d
408621064,-778350968,3334,1:45:14.930000,"(datetime.datetime(2026, 9, 29, 16, 58, 0, 886000),)",2a3c600a
408620653,-778356247,3312,1:45:14.980000,"(datetime.datetime(2026, 9, 29, 16, 58, 0, 935000),)",2a3c600d
408621110,-778350715,3334,1:45:15.050000,"(datetime.datetime(2026, 9, 29, 16, 58, 1, 5000),)",2a3c600a
408620647,-778355983,3312,1:45:15.080000,"(datetime.datetime(2026, 9, 29, 16, 58, 1, 34000),)",2a3c600d
408621158,-778350459,3334,1:45:15.130000,"(datetime.datetime(2026, 9, 29, 16, 58, 1, 89000),)",2a3c600a
408620642,-778355721,3312,1:45:15.180000,"(datetime.datetime(2026, 9, 29, 16, 58, 1, 135000),)",2a3c600d
408621210,-778350206,3334,1:45:15.280000,"(datetime.datetime(2026, 9, 29, 16, 58, 1, 239000),)",2a3c600a
408620641,-778355458,3312,1:45:15.350000,"(datetime.datetime(2026, 9, 29, 16, 58, 1, 301000),)",2a3c600d
408621264,-778349956,3334,1:45:15.390000,"(datetime.datetime(2026, 9, 29, 16, 58, 1, 341000),)",2a3c600a
408620643,-778355192,3312,1:45:15.480000,"(datetime.datetime(2026, 9, 29, 16, 58, 1, 437000),)",2a3c600d
408621323,-778349704,3334,1:45:15.590000,"(datetime.datetime(2026, 9, 29, 16, 58, 1, 547000),)",2a3c600a
408620637,-778354931,3312,1:45:15.660000,"(datetime.datetime(2026, 9, 29, 16, 58, 1, 619000),)",2a3c600d
408621372,-778349450,3334,1:45:15.690000,"(datetime.datetime(2026, 9, 29, 16, 58, 1, 646000),)",2a3c600a
408620652,-778354661,3312,1:45:15.800000,"(datetime.datetime(2026, 9, 29, 16, 58, 1, 751000),)",2a3c600d
408621446,-778349203,3334,1:45:15.820000,"(datetime.datetime(2026, 9, 29, 16, 58, 1, 770000),)",2a3c600a
408620662,-778354396,3312,1:45:15.830000,"(datetime.datetime(2026, 9, 29, 16, 58, 1, 781000),)",2a3c600d
408621511,-778348954,3334,1:45:15.840000,"(datetime.datetime(2026, 9, 29, 16, 58, 1, 792000),)",2a3c600a
408620674,-778354131,3311,1:45:15.880000,"(datetime.datetime(2026, 9, 29, 16, 58, 1, 833000),)",2a3c600d
408621581,-778348708,3334,1:45:15.890000,"(datetime.datetime(2026, 9, 29, 16, 58, 1, 845000),)",2a3c600a
408620690,-778353862,3312,1:45:15.900000,"(datetime.datetime(2026, 9, 29, 16, 58, 1, 854000),)",2a3c600d
408621648,-778348461,3334,1:45:15.940000,"(datetime.datetime(2026, 9, 29, 16, 58, 1, 894000),)",2a3c600a
408621720,-778348217,3334,1:45:15.950000,"(datetime.datetime(2026, 9, 29, 16, 58, 1, 906000),)",2a3c600a
408620707,-778353596,3312,1:45:15.960000,"(datetime.datetime(2026, 9, 29, 16, 58, 1, 914000),)",2a3c600d
408621797,-778347974,3334,1:45:15.990000,"(datetime.datetime(2026, 9, 29, 16, 58, 1, 950000),)",2a3c600a
408620729,-778353328,3311,1:45:16,"(datetime.datetime(2026, 9, 29, 16, 58, 1, 960000),)",2a3c600d
408621873,-778347729,3334,1:45:16.010000,"(datetime.datetime(2026, 9, 29, 16, 58, 1, 969000),)",2a3c600a
408620753,-778353060,3312,1:45:16.020000,"(datetime.datetime(2026, 9, 29, 16, 58, 1, 978000),)",2a3c600d
408621954,-778347485,3334,1:45:16.060000,"(datetime.datetime(2026, 9, 29, 16, 58, 2, 14000),)",2a3c600a
408620781,-778352792,3312,1:45:16.070000,"(datetime.datetime(2026, 9, 29, 16, 58, 2, 22000),)",2a3c600d
408622035,-778347242,3334,1:45:16.080000,"(datetime.datetime(2026, 9, 29, 16, 58, 2, 30000),)",2a3c600a
408620811,-778352525,3312,1:45:16.080000,"(datetime.datetime(2026, 9, 29, 16, 58, 2, 38000),)",2a3c600d
408622113,-778346997,3335,1:45:16.120000,"(datetime.datetime(2026, 9, 29, 16, 58, 2, 73000),)",2a3c600a
408620828,-778352256,3312,1:45:16.130000,"(datetime.datetime(2026, 9, 29, 16, 58, 2, 81000),)",2a3c600d
408622209,-778346763,3334,1:45:16.130000,"(datetime.datetime(2026, 9, 29, 16, 58, 2, 89000),)",2a3c600a
408620872,-778351988,3311,1:45:16.140000,"(datetime.datetime(2026, 9, 29, 16, 58, 2, 99000),)",2a3c600d
408622298,-778346524,3334,1:45:16.180000,"(datetime.datetime(2026, 9, 29, 16, 58, 2, 137000),)",2a3c600a
408620909,-778351722,3312,1:45:16.200000,"(datetime.datetime(2026, 9, 29, 16, 58, 2, 151000),)",2a3c600d
408622390,-778346290,3334,1:45:16.210000,"(datetime.datetime(2026, 9, 29, 16, 58, 2, 161000),)",2a3c600a
408620952,-778351455,3311,1:45:16.240000,"(datetime.datetime(2026, 9, 29, 16, 58, 2, 191000),)",2a3c600d
408622482,-778346055,3335,1:45:16.250000,"(datetime.datetime(2026, 9, 29, 16, 58, 2, 202000),)",2a3c600a
408620997,-778351189,3311,1:45:16.250000,"(datetime.datetime(2026, 9, 29, 16, 58, 2, 210000),)",2a3c600d
408622578,-778345824,3335,1:45:16.260000,"(datetime.datetime(2026, 9, 29, 16, 58, 2, 219000),)",2a3c600a
408621048,-778350926,3311,1:45:16.300000,"(datetime.datetime(2026, 9, 29, 16, 58, 2, 251000),)",2a3c600d
408622676,-778345591,3335,1:45:16.300000,"(datetime.datetime(2026, 9, 29, 16, 58, 2, 260000),)",2a3c600a
408621095,-778350658,3312,1:45:16.310000,"(datetime.datetime(2026, 9, 29, 16, 58, 2, 267000),)",2a3c600d
408622779,-778345361,3335,1:45:16.320000,"(datetime.datetime(2026, 9, 29, 16, 58, 2, 275000),)",2a3c600a
408621148,-778350393,3312,1:45:16.360000,"(datetime.datetime(2026, 9, 29, 16, 58, 2, 318000),)",2a3c600d
408622882,-778345131,3335,1:45:16.370000,"(datetime.datetime(2026, 9, 29, 16, 58, 2, 327000),)",2a3c600a
408621204,-778350128,3311,1:45:16.380000,"(datetime.datetime(2026, 9, 29, 16, 58, 2, 338000),)",2a3c600d
408622988,-778344904,3335,1:45:16.430000,"(datetime.datetime(2026, 9, 29, 16, 58, 2, 389000),)",2a3c600a
408621263,-778349866,3311,1:45:16.450000,"(datetime.datetime(2026, 9, 29, 16, 58, 2, 404000),)",2a3c600d
408623086,-778344674,3335,1:45:16.470000,"(datetime.datetime(2026, 9, 29, 16, 58, 2, 426000),)",2a3c600a
408621318,-778349608,3311,1:45:16.480000,"(datetime.datetime(2026, 9, 29, 16, 58, 2, 439000),)",2a3c600d
408623201,-778344451,3336,1:45:16.490000,"(datetime.datetime(2026, 9, 29, 16, 58, 2, 448000),)",2a3c600a
408621396,-778349348,3311,1:45:16.500000,"(datetime.datetime(2026, 9, 29, 16, 58, 2, 455000),)",2a3c600d
408623312,-778344224,3336,1:45:16.530000,"(datetime.datetime(2026, 9, 29, 16, 58, 2, 487000),)",2a3c600a
408621461,-778349087,3312,1:45:16.540000,"(datetime.datetime(2026, 9, 29, 16, 58, 2, 496000),)",2a3c600d
408623423,-778344004,3336,1:45:16.550000,"(datetime.datetime(2026, 9, 29, 16, 58, 2, 509000),)",2a3c600a
408621532,-778348826,3312,1:45:16.580000,"(datetime.datetime(2026, 9, 29, 16, 58, 2, 531000),)",2a3c600d
408623536,-778343783,3336,1:45:16.630000,"(datetime.datetime(2026, 9, 29, 16, 58, 2, 590000),)",2a3c600a
408621604,-778348566,3311,1:45:16.670000,"(datetime.datetime(2026, 9, 29, 16, 58, 2, 629000),)",2a3c600d
408623651,-778343566,3336,1:45:16.730000,"(datetime.datetime(2026, 9, 29, 16, 58, 2, 690000),)",2a3c600a
408621681,-778348310,3311,1:45:16.770000,"(datetime.datetime(2026, 9, 29, 16, 58, 2, 728000),)",2a3c600d
408623766,-778343345,3336,1:45:16.830000,"(datetime.datetime(2026, 9, 29, 16, 58, 2, 789000),)",2a3c600a
408621761,-778348053,3311,1:45:16.850000,"(datetime.datetime(2026, 9, 29, 16, 58, 2, 805000),)",2a3c600d
408623880,-778343124,3336,1:45:16.940000,"(datetime.datetime(2026, 9, 29, 16, 58, 2, 899000),)",2a3c600a
408621842,-778347799,3312,1:45:16.980000,"(datetime.datetime(2026, 9, 29, 16, 58, 2, 933000),)",2a3c600d
408624003,-778342909,3337,1:45:17.030000,"(datetime.datetime(2026, 9, 29, 16, 58, 2, 990000),)",2a3c600a
408621922,-778347543,3312,1:45:17.050000,"(datetime.datetime(2026, 9, 29, 16, 58, 3, 10000),)",2a3c600d
408624119,-778342693,3337,1:45:17.130000,"(datetime.datetime(2026, 9, 29, 16, 58, 3, 90000),)",2a3c600a
408622012,-778347290,3312,1:45:17.160000,"(datetime.datetime(2026, 9, 29, 16, 58, 3, 113000),)",2a3c600d
408624226,-778342466,3337,1:45:17.240000,"(datetime.datetime(2026, 9, 29, 16, 58, 3, 190000),)",2a3c600a
408622082,-778347036,3312,1:45:17.250000,"(datetime.datetime(2026, 9, 29, 16, 58, 3, 210000),)",2a3c600d
408624350,-778342253,3338,1:45:17.340000,"(datetime.datetime(2026, 9, 29, 16, 58, 3, 290000),)",2a3c600a
408622182,-778346785,3312,1:45:17.360000,"(datetime.datetime(2026, 9, 29, 16, 58, 3, 311000),)",2a3c600d
408624470,-778342037,3338,1:45:17.440000,"(datetime.datetime(2026, 9, 29, 16, 58, 3, 391000),)",2a3c600a
408622276,-778346538,3312,1:45:17.460000,"(datetime.datetime(2026, 9, 29, 16, 58, 3, 412000),)",2a3c600d
408624590,-778341823,3338,1:45:17.530000,"(datetime.datetime(2026, 9, 29, 16, 58, 3, 490000),)",2a3c600a
408622370,-778346291,3312,1:45:17.550000,"(datetime.datetime(2026, 9, 29, 16, 58, 3, 506000),)",2a3c600d
408624710,-778341604,3339,1:45:17.640000,"(datetime.datetime(2026, 9, 29, 16, 58, 3, 591000),)",2a3c600a
408622470,-778346047,3312,1:45:17.650000,"(datetime.datetime(2026, 9, 29, 16, 58, 3, 608000),)",2a3c600d
408624829,-778341388,3339,1:45:17.730000,"(datetime.datetime(2026, 9, 29, 16, 58, 3, 690000),)",2a3c600a
408622571,-778345803,3312,1:45:17.750000,"(datetime.datetime(2026, 9, 29, 16, 58, 3, 708000),)",2a3c600d
408624954,-778341168,3339,1:45:17.830000,"(datetime.datetime(2026, 9, 29, 16, 58, 3, 790000),)",2a3c600a
408622675,-778345562,3313,1:45:17.860000,"(datetime.datetime(2026, 9, 29, 16, 58, 3, 814000),)",2a3c600d
408625074,-778340953,3339,1:45:17.930000,"(datetime.datetime(2026, 9, 29, 16, 58, 3, 890000),)",2a3c600a
408622781,-778345322,3312,1:45:17.950000,"(datetime.datetime(2026, 9, 29, 16, 58, 3, 909000),)",2a3c600d
408625200,-778340736,3339,1:45:18.040000,"(datetime.datetime(2026, 9, 29, 16, 58, 3, 991000),)",2a3c600a
408622891,-778345082,3312,1:45:18.060000,"(datetime.datetime(2026, 9, 29, 16, 58, 4, 12000),)",2a3c600d
408625325,-778340518,3339,1:45:18.130000,"(datetime.datetime(2026, 9, 29, 16, 58, 4, 90000),)",2a3c600a
408623001,-778344848,3313,1:45:18.160000,"(datetime.datetime(2026, 9, 29, 16, 58, 4, 115000),)",2a3c600d
408625444,-778340299,3339,1:45:18.210000,"(datetime.datetime(2026, 9, 29, 16, 58, 4, 162000),)",2a3c600a
408623101,-778344603,3313,1:45:18.250000,"(datetime.datetime(2026, 9, 29, 16, 58, 4, 203000),)",2a3c600d
408625574,-778340083,3339,1:45:18.310000,"(datetime.datetime(2026, 9, 29, 16, 58, 4, 261000),)",2a3c600a
408623225,-778344375,3313,1:45:18.350000,"(datetime.datetime(2026, 9, 29, 16, 58, 4, 304000),)",2a3c600d
408625699,-778339864,3339,1:45:18.410000,"(datetime.datetime(2026, 9, 29, 16, 58, 4, 361000),)",2a3c600a
408623342,-778344144,3314,1:45:18.450000,"(datetime.datetime(2026, 9, 29, 16, 58, 4, 403000),)",2a3c600d
408625825,-778339646,3339,1:45:18.510000,"(datetime.datetime(2026, 9, 29, 16, 58, 4, 462000),)",2a3c600a
408623460,-778343917,3313,1:45:18.550000,"(datetime.datetime(2026, 9, 29, 16, 58, 4, 504000),)",2a3c600d
408625951,-778339426,3340,1:45:18.610000,"(datetime.datetime(2026, 9, 29, 16, 58, 4, 564000),)",2a3c600a
408623579,-778343685,3314,1:45:18.660000,"(datetime.datetime(2026, 9, 29, 16, 58, 4, 613000),)",2a3c600d
408626079,-778339205,3340,1:45:18.710000,"(datetime.datetime(2026, 9, 29, 16, 58, 4, 669000),)",2a3c600a
408623707,-778343465,3314,1:45:18.750000,"(datetime.datetime(2026, 9, 29, 16, 58, 4, 706000),)",2a3c600d
408626204,-778338992,3340,1:45:18.810000,"(datetime.datetime(2026, 9, 29, 16, 58, 4, 762000),)",2a3c600a
408623827,-778343239,3314,1:45:18.850000,"(datetime.datetime(2026, 9, 29, 16, 58, 4, 804000),)",2a3c600d
408626336,-778338768,3340,1:45:18.910000,"(datetime.datetime(2026, 9, 29, 16, 58, 4, 861000),)",2a3c600a
408623952,-778343015,3315,1:45:18.950000,"(datetime.datetime(2026, 9, 29, 16, 58, 4, 904000),)",2a3c600d
408626461,-778338551,3340,1:45:19.010000,"(datetime.datetime(2026, 9, 29, 16, 58, 4, 961000),)",2a3c600a
408624076,-778342796,3315,1:45:19.050000,"(datetime.datetime(2026, 9, 29, 16, 58, 5, 4000),)",2a3c600d
408626592,-778338326,3340,1:45:19.110000,"(datetime.datetime(2026, 9, 29, 16, 58, 5, 62000),)",2a3c600a
408624201,-778342571,3315,1:45:19.150000,"(datetime.datetime(2026, 9, 29, 16, 58, 5, 104000),)",2a3c600d
408626721,-778338108,3340,1:45:19.210000,"(datetime.datetime(2026, 9, 29, 16, 58, 5, 161000),)",2a3c600a
408624315,-778342339,3315,1:45:19.250000,"(datetime.datetime(2026, 9, 29, 16, 58, 5, 205000),)",2a3c600d
408626851,-778337883,3340,1:45:19.280000,"(datetime.datetime(2026, 9, 29, 16, 58, 5, 237000),)",2a3c600a
408624446,-778342126,3315,1:45:19.320000,"(datetime.datetime(2026, 9, 29, 16, 58, 5, 273000),)",2a3c600d
408626981,-778337663,3340,1:45:19.390000,"(datetime.datetime(2026, 9, 29, 16, 58, 5, 344000),)",2a3c600a
408624573,-778341905,3315,1:45:19.430000,"(datetime.datetime(2026, 9, 29, 16, 58, 5, 386000),)",2a3c600d
408627113,-778337442,3340,1:45:19.480000,"(datetime.datetime(2026, 9, 29, 16, 58, 5, 436000),)",2a3c600a
408624699,-778341687,3315,1:45:19.520000,"(datetime.datetime(2026, 9, 29, 16, 58, 5, 473000),)",2a3c600d
408627244,-778337220,3340,1:45:19.600000,"(datetime.datetime(2026, 9, 29, 16, 58, 5, 551000),)",2a3c600a
408624825,-778341466,3316,1:45:19.620000,"(datetime.datetime(2026, 9, 29, 16, 58, 5, 572000),)",2a3c600d
408627376,-778336996,3341,1:45:19.680000,"(datetime.datetime(2026, 9, 29, 16, 58, 5, 635000),)",2a3c600a
408624952,-778341252,3316,1:45:19.720000,"(datetime.datetime(2026, 9, 29, 16, 58, 5, 673000),)",2a3c600d
408627505,-778336779,3340,1:45:19.780000,"(datetime.datetime(2026, 9, 29, 16, 58, 5, 737000),)",2a3c600a
408625078,-778341031,3316,1:45:19.820000,"(datetime.datetime(2026, 9, 29, 16, 58, 5, 771000),)",2a3c600d
408627641,-778336556,3340,1:45:19.880000,"(datetime.datetime(2026, 9, 29, 16, 58, 5, 835000),)",2a3c600a
408625207,-778340817,3317,1:45:19.920000,"(datetime.datetime(2026, 9, 29, 16, 58, 5, 873000),)",2a3c600d
408627774,-778336332,3341,1:45:19.980000,"(datetime.datetime(2026, 9, 29, 16, 58, 5, 936000),)",2a3c600a
408625335,-778340604,3317,1:45:20.020000,"(datetime.datetime(2026, 9, 29, 16, 58, 5, 972000),)",2a3c600d
408627905,-778336108,3341,1:45:20.080000,"(datetime.datetime(2026, 9, 29, 16, 58, 6, 36000),)",2a3c600a
408625460,-778340388,3317,1:45:20.130000,"(datetime.datetime(2026, 9, 29, 16, 58, 6, 83000),)",2a3c600d
408628036,-778335886,3341,1:45:20.180000,"(datetime.datetime(2026, 9, 29, 16, 58, 6, 136000),)",2a3c600a
408625580,-778340165,3317,1:45:20.220000,"(datetime.datetime(2026, 9, 29, 16, 58, 6, 172000),)",2a3c600d
408628169,-778335663,3341,1:45:20.270000,"(datetime.datetime(2026, 9, 29, 16, 58, 6, 229000),)",2a3c600a
408625704,-778339952,3317,1:45:20.320000,"(datetime.datetime(2026, 9, 29, 16, 58, 6, 273000),)",2a3c600d
408628305,-778335436,3341,1:45:20.380000,"(datetime.datetime(2026, 9, 29, 16, 58, 6, 333000),)",2a3c600a
408625832,-778339735,3317,1:45:20.420000,"(datetime.datetime(2026, 9, 29, 16, 58, 6, 372000),)",2a3c600d
408628437,-778335210,3340,1:45:20.470000,"(datetime.datetime(2026, 9, 29, 16, 58, 6, 426000),)",2a3c600a
408625955,-778339521,3317,1:45:20.520000,"(datetime.datetime(2026, 9, 29, 16, 58, 6, 472000),)",2a3c600d
408628568,-778334985,3340,1:45:20.570000,"(datetime.datetime(2026, 9, 29, 16, 58, 6, 527000),)",2a3c600a
408626084,-778339308,3317,1:45:20.620000,"(datetime.datetime(2026, 9, 29, 16, 58, 6, 577000),)",2a3c600d
408628700,-778334759,3341,1:45:20.670000,"(datetime.datetime(2026, 9, 29, 16, 58, 6, 627000),)",2a3c600a
408626206,-778339092,3317,1:45:20.720000,"(datetime.datetime(2026, 9, 29, 16, 58, 6, 671000),)",2a3c600d
408628835,-778334532,3341,1:45:20.770000,"(datetime.datetime(2026, 9, 29, 16, 58, 6, 726000),)",2a3c600a
408626335,-778338882,3318,1:45:20.820000,"(datetime.datetime(2026, 9, 29, 16, 58, 6, 775000),)",2a3c600d
408628970,-778334309,3341,1:45:20.870000,"(datetime.datetime(2026, 9, 29, 16, 58, 6, 827000),)",2a3c600a
408626460,-778338668,3317,1:45:20.910000,"(datetime.datetime(2026, 9, 29, 16, 58, 6, 870000),)",2a3c600d
408629106,-778334080,3340,1:45:20.970000,"(datetime.datetime(2026, 9, 29, 16, 58, 6, 926000),)",2a3c600a
408626585,-778338454,3318,1:45:21.010000,"(datetime.datetime(2026, 9, 29, 16, 58, 6, 969000),)",2a3c600d
408629237,-778333852,3340,1:45:21.070000,"(datetime.datetime(2026, 9, 29, 16, 58, 7, 27000),)",2a3c600a
408626709,-778338242,3317,1:45:21.110000,"(datetime.datetime(2026, 9, 29, 16, 58, 7, 70000),)",2a3c600d
408629372,-778333625,3340,1:45:21.170000,"(datetime.datetime(2026, 9, 29, 16, 58, 7, 127000),)",2a3c600a
408626833,-778338028,3318,1:45:21.210000,"(datetime.datetime(2026, 9, 29, 16, 58, 7, 170000),)",2a3c600d
408629508,-778333392,3341,1:45:21.270000,"(datetime.datetime(2026, 9, 29, 16, 58, 7, 226000),)",2a3c600a
408626958,-778337819,3318,1:45:21.310000,"(datetime.datetime(2026, 9, 29, 16, 58, 7, 269000),)",2a3c600d
408629640,-778333160,3341,1:45:21.380000,"(datetime.datetime(2026, 9, 29, 16, 58, 7, 332000),)",2a3c600a
408627082,-778337606,3318,1:45:21.420000,"(datetime.datetime(2026, 9, 29, 16, 58, 7, 370000),)",2a3c600d
408629775,-778332929,3341,1:45:21.470000,"(datetime.datetime(2026, 9, 29, 16, 58, 7, 426000),)",2a3c600a
408627205,-778337392,3318,1:45:21.510000,"(datetime.datetime(2026, 9, 29, 16, 58, 7, 469000),)",2a3c600d
408629908,-778332699,3341,1:45:21.570000,"(datetime.datetime(2026, 9, 29, 16, 58, 7, 527000),)",2a3c600a
408627328,-778337181,3318,1:45:21.610000,"(datetime.datetime(2026, 9, 29, 16, 58, 7, 570000),)",2a3c600d
408630040,-778332464,3341,1:45:21.670000,"(datetime.datetime(2026, 9, 29, 16, 58, 7, 627000),)",2a3c600a
408627455,-778336971,3318,1:45:21.720000,"(datetime.datetime(2026, 9, 29, 16, 58, 7, 680000),)",2a3c600d
408630178,-778332232,3341,1:45:21.770000,"(datetime.datetime(2026, 9, 29, 16, 58, 7, 726000),)",2a3c600a
408627575,-778336759,3318,1:45:21.810000,"(datetime.datetime(2026, 9, 29, 16, 58, 7, 769000),)",2a3c600d
408630312,-778331999,3341,1:45:21.870000,"(datetime.datetime(2026, 9, 29, 16, 58, 7, 827000),)",2a3c600a
408627701,-778336544,3319,1:45:21.910000,"(datetime.datetime(2026, 9, 29, 16, 58, 7, 870000),)",2a3c600d
408630446,-778331766,3341,1:45:21.980000,"(datetime.datetime(2026, 9, 29, 16, 58, 7, 933000),)",2a3c600a
408627823,-778336337,3319,1:45:22.010000,"(datetime.datetime(2026, 9, 29, 16, 58, 7, 969000),)",2a3c600d
408630582,-778331532,3341,1:45:22.080000,"(datetime.datetime(2026, 9, 29, 16, 58, 8, 34000),)",2a3c600a
408627948,-778336123,3319,1:45:22.120000,"(datetime.datetime(2026, 9, 29, 16, 58, 8, 72000),)",2a3c600d
408630714,-778331300,3340,1:45:22.180000,"(datetime.datetime(2026, 9, 29, 16, 58, 8, 133000),)",2a3c600a
408628076,-778335915,3319,1:45:22.220000,"(datetime.datetime(2026, 9, 29, 16, 58, 8, 173000),)",2a3c600d
408630857,-778331066,3341,1:45:22.280000,"(datetime.datetime(2026, 9, 29, 16, 58, 8, 234000),)",2a3c600a
408628197,-778335700,3319,1:45:22.310000,"(datetime.datetime(2026, 9, 29, 16, 58, 8, 270000),)",2a3c600d
408630990,-778330830,3341,1:45:22.380000,"(datetime.datetime(2026, 9, 29, 16, 58, 8, 333000),)",2a3c600a
408628318,-778335491,3319,1:45:22.410000,"(datetime.datetime(2026, 9, 29, 16, 58, 8, 370000),)",2a3c600d
408631126,-778330594,3341,1:45:22.480000,"(datetime.datetime(2026, 9, 29, 16, 58, 8, 440000),)",2a3c600a
408628445,-778335282,3318,1:45:22.510000,"(datetime.datetime(2026, 9, 29, 16, 58, 8, 469000),)",2a3c600d
408631262,-778330359,3341,1:45:22.580000,"(datetime.datetime(2026, 9, 29, 16, 58, 8, 535000),)",2a3c600a
408628567,-778335067,3319,1:45:22.610000,"(datetime.datetime(2026, 9, 29, 16, 58, 8, 569000),)",2a3c600d
408631400,-778330122,3341,1:45:22.680000,"(datetime.datetime(2026, 9, 29, 16, 58, 8, 633000),)",2a3c600a
408628689,-778334852,3319,1:45:22.710000,"(datetime.datetime(2026, 9, 29, 16, 58, 8, 670000),)",2a3c600d
408631539,-778329886,3341,1:45:22.780000,"(datetime.datetime(2026, 9, 29, 16, 58, 8, 733000),)",2a3c600a
408628814,-778334640,3320,1:45:22.810000,"(datetime.datetime(2026, 9, 29, 16, 58, 8, 769000),)",2a3c600d
408631677,-778329650,3341,1:45:22.880000,"(datetime.datetime(2026, 9, 29, 16, 58, 8, 834000),)",2a3c600a
408628938,-778334429,3319,1:45:22.920000,"(datetime.datetime(2026, 9, 29, 16, 58, 8, 873000),)",2a3c600d
408631814,-778329413,3342,1:45:22.980000,"(datetime.datetime(2026, 9, 29, 16, 58, 8, 933000),)",2a3c600a
408629063,-778334215,3319,1:45:23.010000,"(datetime.datetime(2026, 9, 29, 16, 58, 8, 969000),)",2a3c600d
408631954,-778329175,3341,1:45:23.080000,"(datetime.datetime(2026, 9, 29, 16, 58, 9, 34000),)",2a3c600a
408629188,-778334004,3320,1:45:23.110000,"(datetime.datetime(2026, 9, 29, 16, 58, 9, 69000),)",2a3c600d
408632098,-778328938,3342,1:45:23.180000,"(datetime.datetime(2026, 9, 29, 16, 58, 9, 136000),)",2a3c600a
408629318,-778333790,3319,1:45:23.220000,"(datetime.datetime(2026, 9, 29, 16, 58, 9, 174000),)",2a3c600d
408632237,-778328702,3342,1:45:23.290000,"(datetime.datetime(2026, 9, 29, 16, 58, 9, 246000),)",2a3c600a
408629444,-778333581,3319,1:45:23.310000,"(datetime.datetime(2026, 9, 29, 16, 58, 9, 269000),)",2a3c600d
408632374,-778328460,3342,1:45:23.380000,"(datetime.datetime(2026, 9, 29, 16, 58, 9, 336000),)",2a3c600a
408629566,-778333362,3319,1:45:23.410000,"(datetime.datetime(2026, 9, 29, 16, 58, 9, 369000),)",2a3c600d
408632514,-778328222,3342,1:45:23.480000,"(datetime.datetime(2026, 9, 29, 16, 58, 9, 438000),)",2a3c600a
408629692,-778333149,3319,1:45:23.510000,"(datetime.datetime(2026, 9, 29, 16, 58, 9, 469000),)",2a3c600d
408632654,-778327979,3342,1:45:23.580000,"(datetime.datetime(2026, 9, 29, 16, 58, 9, 537000),)",2a3c600a
408629819,-778332933,3319,1:45:23.610000,"(datetime.datetime(2026, 9, 29, 16, 58, 9, 569000),)",2a3c600d
408632796,-778327741,3342,1:45:23.680000,"(datetime.datetime(2026, 9, 29, 16, 58, 9, 636000),)",2a3c600a
408629945,-778332713,3320,1:45:23.710000,"(datetime.datetime(2026, 9, 29, 16, 58, 9, 670000),)",2a3c600d
408632939,-778327502,3342,1:45:23.790000,"(datetime.datetime(2026, 9, 29, 16, 58, 9, 742000),)",2a3c600a
408630073,-778332500,3319,1:45:23.810000,"(datetime.datetime(2026, 9, 29, 16, 58, 9, 769000),)",2a3c600d
408633080,-778327264,3342,1:45:23.880000,"(datetime.datetime(2026, 9, 29, 16, 58, 9, 836000),)",2a3c600a
408630204,-778332281,3320,1:45:23.910000,"(datetime.datetime(2026, 9, 29, 16, 58, 9, 870000),)",2a3c600d
408633221,-778327019,3342,1:45:23.980000,"(datetime.datetime(2026, 9, 29, 16, 58, 9, 935000),)",2a3c600a
408630330,-778332064,3320,1:45:24.010000,"(datetime.datetime(2026, 9, 29, 16, 58, 9, 969000),)",2a3c600d
408633363,-778326778,3342,1:45:24.080000,"(datetime.datetime(2026, 9, 29, 16, 58, 10, 35000),)",2a3c600a
408630459,-778331847,3320,1:45:24.130000,"(datetime.datetime(2026, 9, 29, 16, 58, 10, 82000),)",2a3c600d
408633502,-778326538,3342,1:45:24.160000,"(datetime.datetime(2026, 9, 29, 16, 58, 10, 119000),)",2a3c600a
408630588,-778331626,3320,1:45:24.210000,"(datetime.datetime(2026, 9, 29, 16, 58, 10, 169000),)",2a3c600d
408633502,-778326538,3342,1:45:24.270000,"(datetime.datetime(2026, 9, 29, 16, 58, 10, 222000),)",2a3c600a
408630713,-778331405,3320,1:45:24.310000,"(datetime.datetime(2026, 9, 29, 16, 58, 10, 270000),)",2a3c600d
408633644,-778326296,3343,1:45:24.380000,"(datetime.datetime(2026, 9, 29, 16, 58, 10, 334000),)",2a3c600a
408630844,-778331190,3320,1:45:24.410000,"(datetime.datetime(2026, 9, 29, 16, 58, 10, 369000),)",2a3c600d
408633784,-778326055,3343,1:45:24.460000,"(datetime.datetime(2026, 9, 29, 16, 58, 10, 420000),)",2a3c600a
408630971,-778330969,3320,1:45:24.510000,"(datetime.datetime(2026, 9, 29, 16, 58, 10, 470000),)",2a3c600d
408633924,-778325812,3342,1:45:24.560000,"(datetime.datetime(2026, 9, 29, 16, 58, 10, 519000),)",2a3c600a
408631099,-778330748,3321,1:45:24.610000,"(datetime.datetime(2026, 9, 29, 16, 58, 10, 569000),)",2a3c600d
408634062,-778325572,3342,1:45:24.660000,"(datetime.datetime(2026, 9, 29, 16, 58, 10, 619000),)",2a3c600a
408631225,-778330524,3321,1:45:24.710000,"(datetime.datetime(2026, 9, 29, 16, 58, 10, 670000),)",2a3c600d
408634201,-778325337,3343,1:45:24.760000,"(datetime.datetime(2026, 9, 29, 16, 58, 10, 719000),)",2a3c600a
408631358,-778330302,3320,1:45:24.810000,"(datetime.datetime(2026, 9, 29, 16, 58, 10, 770000),)",2a3c600d
408634345,-778325097,3343,1:45:24.860000,"(datetime.datetime(2026, 9, 29, 16, 58, 10, 820000),)",2a3c600a
408631487,-778330081,3320,1:45:24.910000,"(datetime.datetime(2026, 9, 29, 16, 58, 10, 870000),)",2a3c600d
408634489,-778324859,3344,1:45:24.970000,"(datetime.datetime(2026, 9, 29, 16, 58, 10, 921000),)",2a3c600a
408631614,-778329859,3320,1:45:25.020000,"(datetime.datetime(2026, 9, 29, 16, 58, 10, 970000),)",2a3c600d
408634628,-778324622,3343,1:45:25.060000,"(datetime.datetime(2026, 9, 29, 16, 58, 11, 20000),)",2a3c600a
408631750,-778329638,3321,1:45:25.110000,"(datetime.datetime(2026, 9, 29, 16, 58, 11, 70000),)",2a3c600d
408634769,-778324381,3344,1:45:25.160000,"(datetime.datetime(2026, 9, 29, 16, 58, 11, 119000),)",2a3c600a
408631885,-778329423,3321,1:45:25.210000,"(datetime.datetime(2026, 9, 29, 16, 58, 11, 170000),)",2a3c600d
408634907,-778324145,3343,1:45:25.270000,"(datetime.datetime(2026, 9, 29, 16, 58, 11, 222000),)",2a3c600a
408632018,-778329198,3321,1:45:25.310000,"(datetime.datetime(2026, 9, 29, 16, 58, 11, 270000),)",2a3c600d
408635047,-778323905,3343,1:45:25.360000,"(datetime.datetime(2026, 9, 29, 16, 58, 11, 320000),)",2a3c600a
408632146,-778328973,3321,1:45:25.430000,"(datetime.datetime(2026, 9, 29, 16, 58, 11, 382000),)",2a3c600d
408635187,-778323670,3343,1:45:25.460000,"(datetime.datetime(2026, 9, 29, 16, 58, 11, 420000),)",2a3c600a
408632278,-778328750,3321,1:45:25.510000,"(datetime.datetime(2026, 9, 29, 16, 58, 11, 470000),)",2a3c600d
408635324,-778323433,3343,1:45:25.570000,"(datetime.datetime(2026, 9, 29, 16, 58, 11, 521000),)",2a3c600a
408632405,-778328520,3321,1:45:25.610000,"(datetime.datetime(2026, 9, 29, 16, 58, 11, 569000),)",2a3c600d
408635461,-778323197,3343,1:45:25.660000,"(datetime.datetime(2026, 9, 29, 16, 58, 11, 619000),)",2a3c600a
408632540,-778328295,3321,1:45:25.710000,"(datetime.datetime(2026, 9, 29, 16, 58, 11, 670000),)",2a3c600d
408635603,-778322961,3343,1:45:25.760000,"(datetime.datetime(2026, 9, 29, 16, 58, 11, 720000),)",2a3c600a
408632672,-778328071,3321,1:45:25.810000,"(datetime.datetime(2026, 9, 29, 16, 58, 11, 770000),)",2a3c600d
408635741,-778322725,3343,1:45:25.850000,"(datetime.datetime(2026, 9, 29, 16, 58, 11, 805000),)",2a3c600a
408632808,-778327847,3321,1:45:25.910000,"(datetime.datetime(2026, 9, 29, 16, 58, 11, 869000),)",2a3c600d
408635879,-778322491,3343,1:45:25.950000,"(datetime.datetime(2026, 9, 29, 16, 58, 11, 902000),)",2a3c600a
408632944,-778327622,3322,1:45:26.010000,"(datetime.datetime(2026, 9, 29, 16, 58, 11, 970000),)",2a3c600d
408636015,-778322255,3344,1:45:26.050000,"(datetime.datetime(2026, 9, 29, 16, 58, 12, 1000),)",2a3c600a
408633072,-778327394,3321,1:45:26.110000,"(datetime.datetime(2026, 9, 29, 16, 58, 12, 69000),)",2a3c600d
408636152,-778322022,3343,1:45:26.150000,"(datetime.datetime(2026, 9, 29, 16, 58, 12, 104000),)",2a3c600a
408633206,-778327169,3322,1:45:26.210000,"(datetime.datetime(2026, 9, 29, 16, 58, 12, 169000),)",2a3c600d
408636288,-778321782,3343,1:45:26.250000,"(datetime.datetime(2026, 9, 29, 16, 58, 12, 202000),)",2a3c600a
408633342,-778326941,3321,1:45:26.320000,"(datetime.datetime(2026, 9, 29, 16, 58, 12, 271000),)",2a3c600d
408636424,-778321551,3343,1:45:26.350000,"(datetime.datetime(2026, 9, 29, 16, 58, 12, 305000),)",2a3c600a
408633476,-778326716,3321,1:45:26.420000,"(datetime.datetime(2026, 9, 29, 16, 58, 12, 372000),)",2a3c600d
408636560,-778321317,3343,1:45:26.450000,"(datetime.datetime(2026, 9, 29, 16, 58, 12, 402000),)",2a3c600a
408633608,-778326487,3322,1:45:26.520000,"(datetime.datetime(2026, 9, 29, 16, 58, 12, 471000),)",2a3c600d
408636694,-778321084,3343,1:45:26.550000,"(datetime.datetime(2026, 9, 29, 16, 58, 12, 502000),)",2a3c600a
408633741,-778326258,3322,1:45:26.610000,"(datetime.datetime(2026, 9, 29, 16, 58, 12, 569000),)",2a3c600d
408636826,-778320850,3343,1:45:26.660000,"(datetime.datetime(2026, 9, 29, 16, 58, 12, 613000),)",2a3c600a
408633869,-778326030,3321,1:45:26.710000,"(datetime.datetime(2026, 9, 29, 16, 58, 12, 669000),)",2a3c600d
408636962,-778320619,3343,1:45:26.750000,"(datetime.datetime(2026, 9, 29, 16, 58, 12, 702000),)",2a3c600a
408634003,-778325804,3321,1:45:26.820000,"(datetime.datetime(2026, 9, 29, 16, 58, 12, 772000),)",2a3c600d
408637096,-778320386,3344,1:45:26.850000,"(datetime.datetime(2026, 9, 29, 16, 58, 12, 803000),)",2a3c600a
408634133,-778325582,3322,1:45:26.910000,"(datetime.datetime(2026, 9, 29, 16, 58, 12, 870000),)",2a3c600d
408637228,-778320156,3343,1:45:26.950000,"(datetime.datetime(2026, 9, 29, 16, 58, 12, 902000),)",2a3c600a
408634269,-778325357,3322,1:45:27.020000,"(datetime.datetime(2026, 9, 29, 16, 58, 12, 971000),)",2a3c600d
408637359,-778319923,3343,1:45:27.050000,"(datetime.datetime(2026, 9, 29, 16, 58, 13, 5000),)",2a3c600a
408634399,-778325134,3322,1:45:27.110000,"(datetime.datetime(2026, 9, 29, 16, 58, 13, 70000),)",2a3c600d
408637493,-778319694,3343,1:45:27.150000,"(datetime.datetime(2026, 9, 29, 16, 58, 13, 103000),)",2a3c600a
408634528,-778324900,3321,1:45:27.210000,"(datetime.datetime(2026, 9, 29, 16, 58, 13, 170000),)",2a3c600d
408637627,-778319462,3343,1:45:27.250000,"(datetime.datetime(2026, 9, 29, 16, 58, 13, 202000),)",2a3c600a
408634528,-778324900,3321,1:45:27.310000,"(datetime.datetime(2026, 9, 29, 16, 58, 13, 269000),)",2a3c600d
408637757,-778319237,3343,1:45:27.350000,"(datetime.datetime(2026, 9, 29, 16, 58, 13, 303000),)",2a3c600a
408634664,-778324683,3322,1:45:27.410000,"(datetime.datetime(2026, 9, 29, 16, 58, 13, 369000),)",2a3c600d
408637892,-778319006,3343,1:45:27.450000,"(datetime.datetime(2026, 9, 29, 16, 58, 13, 403000),)",2a3c600a
408634794,-778324455,3321,1:45:27.510000,"(datetime.datetime(2026, 9, 29, 16, 58, 13, 470000),)",2a3c600d
408638023,-778318779,3343,1:45:27.530000,"(datetime.datetime(2026, 9, 29, 16, 58, 13, 488000),)",2a3c600a
408634924,-778324232,3321,1:45:27.610000,"(datetime.datetime(2026, 9, 29, 16, 58, 13, 570000),)",2a3c600d
408638153,-778318553,3344,1:45:27.640000,"(datetime.datetime(2026, 9, 29, 16, 58, 13, 594000),)",2a3c600a
408635055,-778324007,3321,1:45:27.710000,"(datetime.datetime(2026, 9, 29, 16, 58, 13, 669000),)",2a3c600d
408638282,-778318325,3344,1:45:27.730000,"(datetime.datetime(2026, 9, 29, 16, 58, 13, 688000),)",2a3c600a
408635187,-778323784,3321,1:45:27.820000,"(datetime.datetime(2026, 9, 29, 16, 58, 13, 773000),)",2a3c600d
408638411,-778318102,3343,1:45:27.840000,"(datetime.datetime(2026, 9, 29, 16, 58, 13, 793000),)",2a3c600a
408635318,-778323560,3322,1:45:28.170000,"(datetime.datetime(2026, 9, 29, 16, 58, 14, 128000),)",2a3c600d
408638540,-778317879,3344,1:45:28.330000,"(datetime.datetime(2026, 9, 29, 16, 58, 14, 284000),)",2a3c600a
408635447,-778323337,3322,1:45:28.410000,"(datetime.datetime(2026, 9, 29, 16, 58, 14, 368000),)",2a3c600d
408638663,-778317655,3343,1:45:28.520000,"(datetime.datetime(2026, 9, 29, 16, 58, 14, 471000),)",2a3c600a
408635578,-778323114,3322,1:45:28.600000,"(datetime.datetime(2026, 9, 29, 16, 58, 14, 551000),)",2a3c600d
408638791,-778317432,3343,1:45:28.790000,"(datetime.datetime(2026, 9, 29, 16, 58, 14, 742000),)",2a3c600a
408635707,-778322892,3322,1:45:28.810000,"(datetime.datetime(2026, 9, 29, 16, 58, 14, 764000),)",2a3c600d
408638920,-778317208,3343,1:45:28.990000,"(datetime.datetime(2026, 9, 29, 16, 58, 14, 947000),)",2a3c600a
408635831,-778322671,3321,1:45:29.090000,"(datetime.datetime(2026, 9, 29, 16, 58, 15, 44000),)",2a3c600d
408639044,-778316990,3343,1:45:29.130000,"(datetime.datetime(2026, 9, 29, 16, 58, 15, 90000),)",2a3c600a
408635963,-778322449,3321,1:45:29.210000,"(datetime.datetime(2026, 9, 29, 16, 58, 15, 166000),)",2a3c600d
408639169,-778316773,3343,1:45:29.310000,"(datetime.datetime(2026, 9, 29, 16, 58, 15, 267000),)",2a3c600a
408636087,-778322227,3322,1:45:29.520000,"(datetime.datetime(2026, 9, 29, 16, 58, 15, 472000),)",2a3c600d
408639298,-778316558,3344,1:45:29.620000,"(datetime.datetime(2026, 9, 29, 16, 58, 15, 577000),)",2a3c600a
408636218,-778322004,3321,1:45:29.680000,"(datetime.datetime(2026, 9, 29, 16, 58, 15, 636000),)",2a3c600d
408639423,-778316340,3344,1:45:29.720000,"(datetime.datetime(2026, 9, 29, 16, 58, 15, 676000),)",2a3c600a
408636347,-778321789,3322,1:45:29.830000,"(datetime.datetime(2026, 9, 29, 16, 58, 15, 785000),)",2a3c600d
408639545,-778316128,3344,1:45:29.930000,"(datetime.datetime(2026, 9, 29, 16, 58, 15, 887000),)",2a3c600a
408636477,-778321564,3322,1:45:30.020000,"(datetime.datetime(2026, 9, 29, 16, 58, 15, 973000),)",2a3c600d
408639668,-778315916,3343,1:45:30.130000,"(datetime.datetime(2026, 9, 29, 16, 58, 16, 87000),)",2a3c600a
408636602,-778321341,3322,1:45:30.220000,"(datetime.datetime(2026, 9, 29, 16, 58, 16, 174000),)",2a3c600d
408639791,-778315703,3343,1:45:30.390000,"(datetime.datetime(2026, 9, 29, 16, 58, 16, 343000),)",2a3c600a
408636733,-778321126,3322,1:45:30.540000,"(datetime.datetime(2026, 9, 29, 16, 58, 16, 496000),)",2a3c600d
408639912,-778315490,3344,1:45:30.560000,"(datetime.datetime(2026, 9, 29, 16, 58, 16, 519000),)",2a3c600a
408636862,-778320907,3322,1:45:30.590000,"(datetime.datetime(2026, 9, 29, 16, 58, 16, 544000),)",2a3c600d
408640032,-778315283,3344,1:45:30.600000,"(datetime.datetime(2026, 9, 29, 16, 58, 16, 554000),)",2a3c600a
408636990,-778320689,3322,1:45:30.640000,"(datetime.datetime(2026, 9, 29, 16, 58, 16, 595000),)",2a3c600d
408640156,-778315074,3345,1:45:30.650000,"(datetime.datetime(2026, 9, 29, 16, 58, 16, 608000),)",2a3c600a
408637120,-778320472,3322,1:45:30.660000,"(datetime.datetime(2026, 9, 29, 16, 58, 16, 620000),)",2a3c600d
408640277,-778314868,3345,1:45:30.700000,"(datetime.datetime(2026, 9, 29, 16, 58, 16, 657000),)",2a3c600a
408637245,-778320251,3322,1:45:30.710000,"(datetime.datetime(2026, 9, 29, 16, 58, 16, 666000),)",2a3c600d
408640394,-778314667,3344,1:45:30.720000,"(datetime.datetime(2026, 9, 29, 16, 58, 16, 674000),)",2a3c600a
408637373,-778320033,3322,1:45:30.730000,"(datetime.datetime(2026, 9, 29, 16, 58, 16, 683000),)",2a3c600d
408640512,-778314464,3344,1:45:30.770000,"(datetime.datetime(2026, 9, 29, 16, 58, 16, 721000),)",2a3c600a
408637500,-778319822,3322,1:45:30.780000,"(datetime.datetime(2026, 9, 29, 16, 58, 16, 731000),)",2a3c600d
408640630,-778314264,3344,1:45:30.790000,"(datetime.datetime(2026, 9, 29, 16, 58, 16, 742000),)",2a3c600a
408637629,-778319601,3322,1:45:30.830000,"(datetime.datetime(2026, 9, 29, 16, 58, 16, 787000),)",2a3c600d
408640750,-778314065,3345,1:45:30.840000,"(datetime.datetime(2026, 9, 29, 16, 58, 16, 796000),)",2a3c600a
408637753,-778319386,3322,1:45:30.850000,"(datetime.datetime(2026, 9, 29, 16, 58, 16, 805000),)",2a3c600d
408637882,-778319167,3322,1:45:30.860000,"(datetime.datetime(2026, 9, 29, 16, 58, 16, 817000),)",2a3c600d
408640864,-778313868,3345,1:45:30.910000,"(datetime.datetime(2026, 9, 29, 16, 58, 16, 864000),)",2a3c600a
408640981,-778313672,3344,1:45:30.920000,"(datetime.datetime(2026, 9, 29, 16, 58, 16, 874000),)",2a3c600a
408638007,-778318952,3323,1:45:30.930000,"(datetime.datetime(2026, 9, 29, 16, 58, 16, 885000),)",2a3c600d
408638133,-778318738,3322,1:45:30.970000,"(datetime.datetime(2026, 9, 29, 16, 58, 16, 926000),)",2a3c600d
408641092,-778313475,3345,1:45:30.980000,"(datetime.datetime(2026, 9, 29, 16, 58, 16, 935000),)",2a3c600a
408638256,-778318519,3322,1:45:30.990000,"(datetime.datetime(2026, 9, 29, 16, 58, 16, 944000),)",2a3c600d
408641204,-778313283,3344,1:45:31,"(datetime.datetime(2026, 9, 29, 16, 58, 16, 953000),)",2a3c600a
408638383,-778318302,3322,1:45:31.040000,"(datetime.datetime(2026, 9, 29, 16, 58, 16, 997000),)",2a3c600d
408641327,-778313080,3344,1:45:31.050000,"(datetime.datetime(2026, 9, 29, 16, 58, 17, 8000),)",2a3c600a
408638507,-778318089,3322,1:45:31.060000,"(datetime.datetime(2026, 9, 29, 16, 58, 17, 17000),)",2a3c600d
408641435,-778312893,3345,1:45:31.070000,"(datetime.datetime(2026, 9, 29, 16, 58, 17, 25000),)",2a3c600a
408638625,-778317868,3322,1:45:31.110000,"(datetime.datetime(2026, 9, 29, 16, 58, 17, 65000),)",2a3c600d
408641546,-778312708,3344,1:45:31.120000,"(datetime.datetime(2026, 9, 29, 16, 58, 17, 74000),)",2a3c600a
408638748,-778317655,3322,1:45:31.130000,"(datetime.datetime(2026, 9, 29, 16, 58, 17, 83000),)",2a3c600d
408641655,-778312520,3345,1:45:31.140000,"(datetime.datetime(2026, 9, 29, 16, 58, 17, 98000),)",2a3c600a
408638871,-778317438,3322,1:45:31.180000,"(datetime.datetime(2026, 9, 29, 16, 58, 17, 135000),)",2a3c600d
408641763,-778312336,3344,1:45:31.190000,"(datetime.datetime(2026, 9, 29, 16, 58, 17, 144000),)",2a3c600a
408638993,-778317223,3322,1:45:31.200000,"(datetime.datetime(2026, 9, 29, 16, 58, 17, 155000),)",2a3c600d
408641873,-778312155,3344,1:45:31.240000,"(datetime.datetime(2026, 9, 29, 16, 58, 17, 200000),)",2a3c600a
408639115,-778317012,3322,1:45:31.260000,"(datetime.datetime(2026, 9, 29, 16, 58, 17, 212000),)",2a3c600d
408641979,-778311971,3344,1:45:31.270000,"(datetime.datetime(2026, 9, 29, 16, 58, 17, 226000),)",2a3c600a
408639240,-778316795,3322,1:45:31.300000,"(datetime.datetime(2026, 9, 29, 16, 58, 17, 260000),)",2a3c600d
408642087,-778311794,3344,1:45:31.320000,"(datetime.datetime(2026, 9, 29, 16, 58, 17, 271000),)",2a3c600a
408639365,-778316589,3322,1:45:31.320000,"(datetime.datetime(2026, 9, 29, 16, 58, 17, 280000),)",2a3c600d
408642192,-778311614,3344,1:45:31.330000,"(datetime.datetime(2026, 9, 29, 16, 58, 17, 289000),)",2a3c600a
408642297,-778311439,3344,1:45:31.380000,"(datetime.datetime(2026, 9, 29, 16, 58, 17, 331000),)",2a3c600a
408639488,-778316372,3323,1:45:31.380000,"(datetime.datetime(2026, 9, 29, 16, 58, 17, 340000),)",2a3c600d
408639614,-778316163,3322,1:45:31.390000,"(datetime.datetime(2026, 9, 29, 16, 58, 17, 349000),)",2a3c600d
408642405,-778311257,3344,1:45:31.400000,"(datetime.datetime(2026, 9, 29, 16, 58, 17, 357000),)",2a3c600a
408639738,-778315951,3322,1:45:31.450000,"(datetime.datetime(2026, 9, 29, 16, 58, 17, 406000),)",2a3c600d
408642511,-778311089,3344,1:45:31.460000,"(datetime.datetime(2026, 9, 29, 16, 58, 17, 416000),)",2a3c600a
408639857,-778315737,3323,1:45:31.470000,"(datetime.datetime(2026, 9, 29, 16, 58, 17, 425000),)",2a3c600d
408642615,-778310916,3344,1:45:31.480000,"(datetime.datetime(2026, 9, 29, 16, 58, 17, 435000),)",2a3c600a
408639979,-778315527,3323,1:45:31.530000,"(datetime.datetime(2026, 9, 29, 16, 58, 17, 483000),)",2a3c600d
408642723,-778310746,3344,1:45:31.540000,"(datetime.datetime(2026, 9, 29, 16, 58, 17, 499000),)",2a3c600a
408640099,-778315317,3323,1:45:31.630000,"(datetime.datetime(2026, 9, 29, 16, 58, 17, 586000),)",2a3c600d
408642826,-778310578,3344,1:45:31.650000,"(datetime.datetime(2026, 9, 29, 16, 58, 17, 604000),)",2a3c600a
408640220,-778315108,3323,1:45:31.730000,"(datetime.datetime(2026, 9, 29, 16, 58, 17, 683000),)",2a3c600d
408642927,-778310408,3344,1:45:31.750000,"(datetime.datetime(2026, 9, 29, 16, 58, 17, 702000),)",2a3c600a
408640341,-778314898,3323,1:45:31.830000,"(datetime.datetime(2026, 9, 29, 16, 58, 17, 785000),)",2a3c600d
408643034,-778310243,3344,1:45:31.850000,"(datetime.datetime(2026, 9, 29, 16, 58, 17, 804000),)",2a3c600a
408640459,-778314691,3323,1:45:31.930000,"(datetime.datetime(2026, 9, 29, 16, 58, 17, 884000),)",2a3c600d
408643142,-778310079,3344,1:45:31.950000,"(datetime.datetime(2026, 9, 29, 16, 58, 17, 907000),)",2a3c600a
408640582,-778314483,3323,1:45:32.030000,"(datetime.datetime(2026, 9, 29, 16, 58, 17, 983000),)",2a3c600d
408643256,-778309914,3344,1:45:32.050000,"(datetime.datetime(2026, 9, 29, 16, 58, 18, 3000),)",2a3c600a
408640698,-778314276,3323,1:45:32.130000,"(datetime.datetime(2026, 9, 29, 16, 58, 18, 83000),)",2a3c600d
408643362,-778309752,3344,1:45:32.140000,"(datetime.datetime(2026, 9, 29, 16, 58, 18, 94000),)",2a3c600a
408640817,-778314061,3322,1:45:32.230000,"(datetime.datetime(2026, 9, 29, 16, 58, 18, 184000),)",2a3c600d
408643473,-778309589,3344,1:45:32.250000,"(datetime.datetime(2026, 9, 29, 16, 58, 18, 202000),)",2a3c600a
408640936,-778313858,3322,1:45:32.330000,"(datetime.datetime(2026, 9, 29, 16, 58, 18, 284000),)",2a3c600d
408643588,-778309431,3344,1:45:32.350000,"(datetime.datetime(2026, 9, 29, 16, 58, 18, 305000),)",2a3c600a
408641056,-778313654,3322,1:45:32.430000,"(datetime.datetime(2026, 9, 29, 16, 58, 18, 384000),)",2a3c600d
408643697,-778309275,3345,1:45:32.450000,"(datetime.datetime(2026, 9, 29, 16, 58, 18, 407000),)",2a3c600a
408641165,-778313451,3322,1:45:32.530000,"(datetime.datetime(2026, 9, 29, 16, 58, 18, 483000),)",2a3c600d
408643811,-778309118,3344,1:45:32.550000,"(datetime.datetime(2026, 9, 29, 16, 58, 18, 506000),)",2a3c600a
408641282,-778313246,3322,1:45:32.630000,"(datetime.datetime(2026, 9, 29, 16, 58, 18, 584000),)",2a3c600d
408643926,-778308962,3344,1:45:32.650000,"(datetime.datetime(2026, 9, 29, 16, 58, 18, 601000),)",2a3c600a
408641395,-778313044,3323,1:45:32.730000,"(datetime.datetime(2026, 9, 29, 16, 58, 18, 684000),)",2a3c600d
408644038,-778308813,3344,1:45:32.770000,"(datetime.datetime(2026, 9, 29, 16, 58, 18, 725000),)",2a3c600a
408641514,-778312845,3322,1:45:32.830000,"(datetime.datetime(2026, 9, 29, 16, 58, 18, 783000),)",2a3c600d
408644152,-778308662,3344,1:45:32.850000,"(datetime.datetime(2026, 9, 29, 16, 58, 18, 803000),)",2a3c600a
408644268,-778308516,3344,1:45:32.930000,"(datetime.datetime(2026, 9, 29, 16, 58, 18, 889000),)",2a3c600a
408641626,-778312644,3322,1:45:32.950000,"(datetime.datetime(2026, 9, 29, 16, 58, 18, 908000),)",2a3c600d
408641740,-778312444,3322,1:45:33.030000,"(datetime.datetime(2026, 9, 29, 16, 58, 18, 984000),)",2a3c600d
408644386,-778308368,3344,1:45:33.060000,"(datetime.datetime(2026, 9, 29, 16, 58, 19, 10000),)",2a3c600a
408641850,-778312244,3323,1:45:33.130000,"(datetime.datetime(2026, 9, 29, 16, 58, 19, 84000),)",2a3c600d
408644506,-778308221,3344,1:45:33.140000,"(datetime.datetime(2026, 9, 29, 16, 58, 19, 100000),)",2a3c600a
408641967,-778312048,3322,1:45:33.230000,"(datetime.datetime(2026, 9, 29, 16, 58, 19, 184000),)",2a3c600d
408644623,-778308076,3343,1:45:33.250000,"(datetime.datetime(2026, 9, 29, 16, 58, 19, 208000),)",2a3c600a
408642076,-778311855,3322,1:45:33.330000,"(datetime.datetime(2026, 9, 29, 16, 58, 19, 283000),)",2a3c600d
408644747,-778307940,3344,1:45:33.350000,"(datetime.datetime(2026, 9, 29, 16, 58, 19, 304000),)",2a3c600a
408644864,-778307802,3344,1:45:33.430000,"(datetime.datetime(2026, 9, 29, 16, 58, 19, 382000),)",2a3c600a
408642186,-778311659,3322,1:45:33.440000,"(datetime.datetime(2026, 9, 29, 16, 58, 19, 397000),)",2a3c600d
408644987,-778307665,3344,1:45:33.530000,"(datetime.datetime(2026, 9, 29, 16, 58, 19, 482000),)",2a3c600a
408642301,-778311471,3323,1:45:33.550000,"(datetime.datetime(2026, 9, 29, 16, 58, 19, 502000),)",2a3c600d
408645110,-778307532,3343,1:45:33.630000,"(datetime.datetime(2026, 9, 29, 16, 58, 19, 582000),)",2a3c600a
408642414,-778311277,3323,1:45:33.650000,"(datetime.datetime(2026, 9, 29, 16, 58, 19, 604000),)",2a3c600d
408645236,-778307404,3343,1:45:33.730000,"(datetime.datetime(2026, 9, 29, 16, 58, 19, 681000),)",2a3c600a
408642527,-778311087,3323,1:45:33.750000,"(datetime.datetime(2026, 9, 29, 16, 58, 19, 700000),)",2a3c600d
408645360,-778307275,3344,1:45:33.830000,"(datetime.datetime(2026, 9, 29, 16, 58, 19, 781000),)",2a3c600a
408642639,-778310903,3323,1:45:33.840000,"(datetime.datetime(2026, 9, 29, 16, 58, 19, 799000),)",2a3c600d
408642753,-778310715,3323,1:45:33.930000,"(datetime.datetime(2026, 9, 29, 16, 58, 19, 884000),)",2a3c600d
408645488,-778307151,3343,1:45:33.950000,"(datetime.datetime(2026, 9, 29, 16, 58, 19, 906000),)",2a3c600a
408645615,-778307030,3344,1:45:34.030000,"(datetime.datetime(2026, 9, 29, 16, 58, 19, 985000),)",2a3c600a
408642868,-778310537,3323,1:45:34.060000,"(datetime.datetime(2026, 9, 29, 16, 58, 20, 13000),)",2a3c600d
408645742,-778306912,3343,1:45:34.130000,"(datetime.datetime(2026, 9, 29, 16, 58, 20, 81000),)",2a3c600a
408642982,-778310352,3324,1:45:34.140000,"(datetime.datetime(2026, 9, 29, 16, 58, 20, 98000),)",2a3c600d
408645872,-778306787,3345,1:45:34.210000,"(datetime.datetime(2026, 9, 29, 16, 58, 20, 166000),)",2a3c600a
408643098,-778310171,3324,1:45:34.230000,"(datetime.datetime(2026, 9, 29, 16, 58, 20, 187000),)",2a3c600d
408646003,-778306677,3344,1:45:34.320000,"(datetime.datetime(2026, 9, 29, 16, 58, 20, 278000),)",2a3c600a
408643213,-778309998,3323,1:45:34.340000,"(datetime.datetime(2026, 9, 29, 16, 58, 20, 296000),)",2a3c600d
408646135,-778306567,3345,1:45:34.430000,"(datetime.datetime(2026, 9, 29, 16, 58, 20, 383000),)",2a3c600a
408643326,-778309825,3323,1:45:34.450000,"(datetime.datetime(2026, 9, 29, 16, 58, 20, 403000),)",2a3c600d
408646271,-778306461,3344,1:45:34.510000,"(datetime.datetime(2026, 9, 29, 16, 58, 20, 466000),)",2a3c600a
408643445,-778309650,3324,1:45:34.530000,"(datetime.datetime(2026, 9, 29, 16, 58, 20, 484000),)",2a3c600d
408646403,-778306360,3344,1:45:34.610000,"(datetime.datetime(2026, 9, 29, 16, 58, 20, 566000),)",2a3c600a
408643566,-778309485,3324,1:45:34.630000,"(datetime.datetime(2026, 9, 29, 16, 58, 20, 588000),)",2a3c600d
408646539,-778306258,3344,1:45:34.710000,"(datetime.datetime(2026, 9, 29, 16, 58, 20, 667000),)",2a3c600a
408643685,-778309318,3324,1:45:34.730000,"(datetime.datetime(2026, 9, 29, 16, 58, 20, 688000),)",2a3c600d
408646674,-778306166,3344,1:45:34.810000,"(datetime.datetime(2026, 9, 29, 16, 58, 20, 768000),)",2a3c600a
408643807,-778309156,3324,1:45:34.830000,"(datetime.datetime(2026, 9, 29, 16, 58, 20, 786000),)",2a3c600d
408646813,-778306073,3345,1:45:34.910000,"(datetime.datetime(2026, 9, 29, 16, 58, 20, 866000),)",2a3c600a
408643926,-778308992,3324,1:45:34.930000,"(datetime.datetime(2026, 9, 29, 16, 58, 20, 888000),)",2a3c600d
408646951,-778305984,3345,1:45:35.010000,"(datetime.datetime(2026, 9, 29, 16, 58, 20, 966000),)",2a3c600a
408644046,-778308831,3324,1:45:35.030000,"(datetime.datetime(2026, 9, 29, 16, 58, 20, 986000),)",2a3c600d
408647091,-778305900,3345,1:45:35.120000,"(datetime.datetime(2026, 9, 29, 16, 58, 21, 78000),)",2a3c600a
408644167,-778308674,3324,1:45:35.140000,"(datetime.datetime(2026, 9, 29, 16, 58, 21, 100000),)",2a3c600d
408647225,-778305810,3345,1:45:35.210000,"(datetime.datetime(2026, 9, 29, 16, 58, 21, 165000),)",2a3c600a
408644290,-778308510,3324,1:45:35.230000,"(datetime.datetime(2026, 9, 29, 16, 58, 21, 183000),)",2a3c600d
408647368,-778305739,3345,1:45:35.310000,"(datetime.datetime(2026, 9, 29, 16, 58, 21, 267000),)",2a3c600a
408644417,-778308364,3324,1:45:35.330000,"(datetime.datetime(2026, 9, 29, 16, 58, 21, 287000),)",2a3c600d
408647508,-778305662,3346,1:45:35.410000,"(datetime.datetime(2026, 9, 29, 16, 58, 21, 366000),)",2a3c600a
408644541,-778308212,3324,1:45:35.430000,"(datetime.datetime(2026, 9, 29, 16, 58, 21, 386000),)",2a3c600d
408647654,-778305592,3346,1:45:35.520000,"(datetime.datetime(2026, 9, 29, 16, 58, 21, 472000),)",2a3c600a
408644667,-778308064,3324,1:45:35.540000,"(datetime.datetime(2026, 9, 29, 16, 58, 21, 499000),)",2a3c600d
408647794,-778305524,3346,1:45:35.620000,"(datetime.datetime(2026, 9, 29, 16, 58, 21, 578000),)",2a3c600a
408644794,-778307922,3324,1:45:35.640000,"(datetime.datetime(2026, 9, 29, 16, 58, 21, 598000),)",2a3c600d
408647940,-778305463,3347,1:45:35.720000,"(datetime.datetime(2026, 9, 29, 16, 58, 21, 679000),)",2a3c600a
408644922,-778307781,3324,1:45:35.740000,"(datetime.datetime(2026, 9, 29, 16, 58, 21, 697000),)",2a3c600d
408648085,-778305403,3346,1:45:35.810000,"(datetime.datetime(2026, 9, 29, 16, 58, 21, 765000),)",2a3c600a
408645054,-778307637,3324,1:45:35.830000,"(datetime.datetime(2026, 9, 29, 16, 58, 21, 783000),)",2a3c600d
408648231,-778305350,3347,1:45:35.910000,"(datetime.datetime(2026, 9, 29, 16, 58, 21, 866000),)",2a3c600a
408645183,-778307502,3325,1:45:35.930000,"(datetime.datetime(2026, 9, 29, 16, 58, 21, 883000),)",2a3c600d
408648379,-778305303,3347,1:45:36.010000,"(datetime.datetime(2026, 9, 29, 16, 58, 21, 965000),)",2a3c600a
408645311,-778307363,3325,1:45:36.030000,"(datetime.datetime(2026, 9, 29, 16, 58, 21, 983000),)",2a3c600d
408648529,-778305256,3346,1:45:36.110000,"(datetime.datetime(2026, 9, 29, 16, 58, 22, 61000),)",2a3c600a
408645443,-778307232,3325,1:45:36.130000,"(datetime.datetime(2026, 9, 29, 16, 58, 22, 83000),)",2a3c600d
408648672,-778305199,3346,1:45:36.200000,"(datetime.datetime(2026, 9, 29, 16, 58, 22, 160000),)",2a3c600a
408645568,-778307092,3325,1:45:36.230000,"(datetime.datetime(2026, 9, 29, 16, 58, 22, 183000),)",2a3c600d
408645703,-778306975,3325,1:45:36.300000,"(datetime.datetime(2026, 9, 29, 16, 58, 22, 251000),)",2a3c600d
408648820,-778305169,3347,1:45:36.310000,"(datetime.datetime(2026, 9, 29, 16, 58, 22, 268000),)",2a3c600a
408645843,-778306849,3325,1:45:36.400000,"(datetime.datetime(2026, 9, 29, 16, 58, 22, 352000),)",2a3c600d
408648967,-778305133,3347,1:45:36.460000,"(datetime.datetime(2026, 9, 29, 16, 58, 22, 412000),)",2a3c600a
408645977,-778306734,3325,1:45:36.500000,"(datetime.datetime(2026, 9, 29, 16, 58, 22, 453000),)",2a3c600d
408649115,-778305105,3347,1:45:36.520000,"(datetime.datetime(2026, 9, 29, 16, 58, 22, 471000),)",2a3c600a
408646113,-778306618,3325,1:45:36.600000,"(datetime.datetime(2026, 9, 29, 16, 58, 22, 551000),)",2a3c600d
408649266,-778305082,3348,1:45:36.620000,"(datetime.datetime(2026, 9, 29, 16, 58, 22, 579000),)",2a3c600a
408646254,-778306509,3325,1:45:36.700000,"(datetime.datetime(2026, 9, 29, 16, 58, 22, 651000),)",2a3c600d
408649417,-778305060,3348,1:45:36.710000,"(datetime.datetime(2026, 9, 29, 16, 58, 22, 665000),)",2a3c600a
408646394,-778306403,3325,1:45:36.800000,"(datetime.datetime(2026, 9, 29, 16, 58, 22, 754000),)",2a3c600d
408649565,-778305040,3348,1:45:36.830000,"(datetime.datetime(2026, 9, 29, 16, 58, 22, 783000),)",2a3c600a
408646535,-778306303,3326,1:45:36.900000,"(datetime.datetime(2026, 9, 29, 16, 58, 22, 852000),)",2a3c600d
408649714,-778305025,3348,1:45:36.920000,"(datetime.datetime(2026, 9, 29, 16, 58, 22, 872000),)",2a3c600a
408646675,-778306201,3326,1:45:37,"(datetime.datetime(2026, 9, 29, 16, 58, 22, 953000),)",2a3c600d
408649868,-778305012,3349,1:45:37.020000,"(datetime.datetime(2026, 9, 29, 16, 58, 22, 974000),)",2a3c600a
408646822,-778306105,3326,1:45:37.100000,"(datetime.datetime(2026, 9, 29, 16, 58, 23, 51000),)",2a3c600d
408650020,-778305004,3349,1:45:37.110000,"(datetime.datetime(2026, 9, 29, 16, 58, 23, 63000),)",2a3c600a
408646960,-778306000,3326,1:45:37.200000,"(datetime.datetime(2026, 9, 29, 16, 58, 23, 152000),)",2a3c600d
408650170,-778304983,3349,1:45:37.230000,"(datetime.datetime(2026, 9, 29, 16, 58, 23, 181000),)",2a3c600a
408647108,-778305923,3327,1:45:37.300000,"(datetime.datetime(2026, 9, 29, 16, 58, 23, 252000),)",2a3c600d
408650324,-778304991,3349,1:45:37.310000,"(datetime.datetime(2026, 9, 29, 16, 58, 23, 268000),)",2a3c600a
408647252,-778305843,3327,1:45:37.400000,"(datetime.datetime(2026, 9, 29, 16, 58, 23, 352000),)",2a3c600d
408650477,-778304996,3349,1:45:37.470000,"(datetime.datetime(2026, 9, 29, 16, 58, 23, 422000),)",2a3c600a
408647404,-778305764,3327,1:45:37.500000,"(datetime.datetime(2026, 9, 29, 16, 58, 23, 452000),)",2a3c600d
408650628,-778305000,3350,1:45:37.520000,"(datetime.datetime(2026, 9, 29, 16, 58, 23, 478000),)",2a3c600a
408647551,-778305690,3327,1:45:37.600000,"(datetime.datetime(2026, 9, 29, 16, 58, 23, 552000),)",2a3c600d
408650782,-778305009,3350,1:45:37.620000,"(datetime.datetime(2026, 9, 29, 16, 58, 23, 574000),)",2a3c600a
408647703,-778305620,3326,1:45:37.700000,"(datetime.datetime(2026, 9, 29, 16, 58, 23, 652000),)",2a3c600d
408650935,-778305024,3350,1:45:37.720000,"(datetime.datetime(2026, 9, 29, 16, 58, 23, 673000),)",2a3c600a
408647851,-778305557,3327,1:45:37.800000,"(datetime.datetime(2026, 9, 29, 16, 58, 23, 758000),)",2a3c600d
408651090,-778305036,3350,1:45:37.830000,"(datetime.datetime(2026, 9, 29, 16, 58, 23, 784000),)",2a3c600a
408648001,-778305496,3328,1:45:37.900000,"(datetime.datetime(2026, 9, 29, 16, 58, 23, 853000),)",2a3c600d
408651244,-778305054,3350,1:45:37.920000,"(datetime.datetime(2026, 9, 29, 16, 58, 23, 873000),)",2a3c600a
408648152,-778305438,3327,1:45:38,"(datetime.datetime(2026, 9, 29, 16, 58, 23, 953000),)",2a3c600d
408651396,-778305077,3351,1:45:38.020000,"(datetime.datetime(2026, 9, 29, 16, 58, 23, 976000),)",2a3c600a
408648305,-778305389,3328,1:45:38.100000,"(datetime.datetime(2026, 9, 29, 16, 58, 24, 51000),)",2a3c600d
408651554,-778305103,3351,1:45:38.120000,"(datetime.datetime(2026, 9, 29, 16, 58, 24, 71000),)",2a3c600a
408648448,-778305327,3328,1:45:38.200000,"(datetime.datetime(2026, 9, 29, 16, 58, 24, 151000),)",2a3c600d
408651710,-778305117,3351,1:45:38.210000,"(datetime.datetime(2026, 9, 29, 16, 58, 24, 169000),)",2a3c600a
408648603,-778305295,3328,1:45:38.300000,"(datetime.datetime(2026, 9, 29, 16, 58, 24, 252000),)",2a3c600d
408651865,-778305163,3351,1:45:38.310000,"(datetime.datetime(2026, 9, 29, 16, 58, 24, 270000),)",2a3c600a
408648752,-778305256,3329,1:45:38.400000,"(datetime.datetime(2026, 9, 29, 16, 58, 24, 354000),)",2a3c600d
408652021,-778305201,3351,1:45:38.480000,"(datetime.datetime(2026, 9, 29, 16, 58, 24, 432000),)",2a3c600a
408648905,-778305217,3330,1:45:38.500000,"(datetime.datetime(2026, 9, 29, 16, 58, 24, 451000),)",2a3c600d
408652174,-778305242,3351,1:45:38.510000,"(datetime.datetime(2026, 9, 29, 16, 58, 24, 465000),)",2a3c600a
408649054,-778305175,3330,1:45:38.600000,"(datetime.datetime(2026, 9, 29, 16, 58, 24, 552000),)",2a3c600d
408652328,-778305288,3352,1:45:38.620000,"(datetime.datetime(2026, 9, 29, 16, 58, 24, 574000),)",2a3c600a
408649209,-778305152,3330,1:45:38.700000,"(datetime.datetime(2026, 9, 29, 16, 58, 24, 652000),)",2a3c600d
408652481,-778305336,3352,1:45:38.720000,"(datetime.datetime(2026, 9, 29, 16, 58, 24, 671000),)",2a3c600a
408649359,-778305120,3330,1:45:38.800000,"(datetime.datetime(2026, 9, 29, 16, 58, 24, 757000),)",2a3c600d
408652636,-778305391,3351,1:45:38.820000,"(datetime.datetime(2026, 9, 29, 16, 58, 24, 771000),)",2a3c600a
408649512,-778305098,3330,1:45:38.900000,"(datetime.datetime(2026, 9, 29, 16, 58, 24, 852000),)",2a3c600d
408652787,-778305445,3352,1:45:38.920000,"(datetime.datetime(2026, 9, 29, 16, 58, 24, 871000),)",2a3c600a
408649664,-778305079,3331,1:45:39,"(datetime.datetime(2026, 9, 29, 16, 58, 24, 952000),)",2a3c600d
408652941,-778305507,3352,1:45:39.020000,"(datetime.datetime(2026, 9, 29, 16, 58, 24, 973000),)",2a3c600a
408649814,-778305059,3331,1:45:39.100000,"(datetime.datetime(2026, 9, 29, 16, 58, 25, 52000),)",2a3c600d
408653094,-778305569,3352,1:45:39.110000,"(datetime.datetime(2026, 9, 29, 16, 58, 25, 69000),)",2a3c600a
408649963,-778305028,3332,1:45:39.200000,"(datetime.datetime(2026, 9, 29, 16, 58, 25, 152000),)",2a3c600d
408653251,-778305628,3352,1:45:39.220000,"(datetime.datetime(2026, 9, 29, 16, 58, 25, 172000),)",2a3c600a
408650115,-778305028,3332,1:45:39.300000,"(datetime.datetime(2026, 9, 29, 16, 58, 25, 256000),)",2a3c600d
408653402,-778305711,3352,1:45:39.320000,"(datetime.datetime(2026, 9, 29, 16, 58, 25, 278000),)",2a3c600a
408650267,-778305024,3332,1:45:39.400000,"(datetime.datetime(2026, 9, 29, 16, 58, 25, 351000),)",2a3c600d
408653551,-778305787,3353,1:45:39.410000,"(datetime.datetime(2026, 9, 29, 16, 58, 25, 366000),)",2a3c600a
408650421,-778305022,3332,1:45:39.500000,"(datetime.datetime(2026, 9, 29, 16, 58, 25, 452000),)",2a3c600d
408653701,-778305868,3353,1:45:39.510000,"(datetime.datetime(2026, 9, 29, 16, 58, 25, 467000),)",2a3c600a
408650574,-778305021,3332,1:45:39.600000,"(datetime.datetime(2026, 9, 29, 16, 58, 25, 552000),)",2a3c600d
408653852,-778305955,3354,1:45:39.620000,"(datetime.datetime(2026, 9, 29, 16, 58, 25, 574000),)",2a3c600a
408650728,-778305028,3333,1:45:39.700000,"(datetime.datetime(2026, 9, 29, 16, 58, 25, 652000),)",2a3c600d
408653997,-778306046,3354,1:45:39.720000,"(datetime.datetime(2026, 9, 29, 16, 58, 25, 673000),)",2a3c600a
408650879,-778305039,3333,1:45:39.800000,"(datetime.datetime(2026, 9, 29, 16, 58, 25, 752000),)",2a3c600d
408654143,-778306140,3354,1:45:39.820000,"(datetime.datetime(2026, 9, 29, 16, 58, 25, 775000),)",2a3c600a
408651037,-778305050,3333,1:45:39.900000,"(datetime.datetime(2026, 9, 29, 16, 58, 25, 852000),)",2a3c600d
408654288,-778306240,3354,1:45:39.920000,"(datetime.datetime(2026, 9, 29, 16, 58, 25, 875000),)",2a3c600a
408651190,-778305068,3334,1:45:40,"(datetime.datetime(2026, 9, 29, 16, 58, 25, 952000),)",2a3c600d
408654435,-778306341,3355,1:45:40.020000,"(datetime.datetime(2026, 9, 29, 16, 58, 25, 972000),)",2a3c600a
408651343,-778305089,3333,1:45:40.100000,"(datetime.datetime(2026, 9, 29, 16, 58, 26, 53000),)",2a3c600d
408654576,-778306447,3355,1:45:40.120000,"(datetime.datetime(2026, 9, 29, 16, 58, 26, 74000),)",2a3c600a
408651495,-778305095,3334,1:45:40.200000,"(datetime.datetime(2026, 9, 29, 16, 58, 26, 151000),)",2a3c600d
408654723,-778306538,3355,1:45:40.210000,"(datetime.datetime(2026, 9, 29, 16, 58, 26, 168000),)",2a3c600a
408651649,-778305133,3334,1:45:40.300000,"(datetime.datetime(2026, 9, 29, 16, 58, 26, 255000),)",2a3c600d
408654860,-778306662,3355,1:45:40.320000,"(datetime.datetime(2026, 9, 29, 16, 58, 26, 273000),)",2a3c600a
408651804,-778305165,3335,1:45:40.400000,"(datetime.datetime(2026, 9, 29, 16, 58, 26, 351000),)",2a3c600d
408654997,-778306783,3355,1:45:40.420000,"(datetime.datetime(2026, 9, 29, 16, 58, 26, 371000),)",2a3c600a
408651956,-778305202,3335,1:45:40.500000,"(datetime.datetime(2026, 9, 29, 16, 58, 26, 452000),)",2a3c600d
408655135,-778306901,3355,1:45:40.520000,"(datetime.datetime(2026, 9, 29, 16, 58, 26, 472000),)",2a3c600a
408652112,-778305245,3335,1:45:40.600000,"(datetime.datetime(2026, 9, 29, 16, 58, 26, 552000),)",2a3c600d
408655271,-778307030,3355,1:45:40.620000,"(datetime.datetime(2026, 9, 29, 16, 58, 26, 572000),)",2a3c600a
408652265,-778305288,3335,1:45:40.700000,"(datetime.datetime(2026, 9, 29, 16, 58, 26, 652000),)",2a3c600d
408655404,-778307160,3356,1:45:40.720000,"(datetime.datetime(2026, 9, 29, 16, 58, 26, 673000),)",2a3c600a
408652420,-778305338,3335,1:45:40.800000,"(datetime.datetime(2026, 9, 29, 16, 58, 26, 752000),)",2a3c600d
408655534,-778307296,3356,1:45:40.820000,"(datetime.datetime(2026, 9, 29, 16, 58, 26, 773000),)",2a3c600a
408652575,-778305389,3335,1:45:40.900000,"(datetime.datetime(2026, 9, 29, 16, 58, 26, 852000),)",2a3c600d
408655664,-778307434,3356,1:45:40.910000,"(datetime.datetime(2026, 9, 29, 16, 58, 26, 869000),)",2a3c600a
408652728,-778305447,3335,1:45:41,"(datetime.datetime(2026, 9, 29, 16, 58, 26, 952000),)",2a3c600d
408655792,-778307579,3357,1:45:41.020000,"(datetime.datetime(2026, 9, 29, 16, 58, 26, 974000),)",2a3c600a
408652883,-778305504,3335,1:45:41.100000,"(datetime.datetime(2026, 9, 29, 16, 58, 27, 52000),)",2a3c600d
408655919,-778307724,3357,1:45:41.110000,"(datetime.datetime(2026, 9, 29, 16, 58, 27, 65000),)",2a3c600a
408653035,-778305545,3336,1:45:41.200000,"(datetime.datetime(2026, 9, 29, 16, 58, 27, 152000),)",2a3c600d
408656042,-778307854,3357,1:45:41.220000,"(datetime.datetime(2026, 9, 29, 16, 58, 27, 180000),)",2a3c600a
408653194,-778305625,3337,1:45:41.300000,"(datetime.datetime(2026, 9, 29, 16, 58, 27, 254000),)",2a3c600d
408656159,-778308020,3357,1:45:41.320000,"(datetime.datetime(2026, 9, 29, 16, 58, 27, 280000),)",2a3c600a
408653348,-778305696,3336,1:45:41.400000,"(datetime.datetime(2026, 9, 29, 16, 58, 27, 352000),)",2a3c600d
408656279,-778308176,3357,1:45:41.480000,"(datetime.datetime(2026, 9, 29, 16, 58, 27, 432000),)",2a3c600a
408653348,-778305696,3336,1:45:41.510000,"(datetime.datetime(2026, 9, 29, 16, 58, 27, 464000),)",2a3c600d
408656396,-778308338,3358,1:45:41.520000,"(datetime.datetime(2026, 9, 29, 16, 58, 27, 479000),)",2a3c600a
408653499,-778305770,3337,1:45:41.600000,"(datetime.datetime(2026, 9, 29, 16, 58, 27, 552000),)",2a3c600d
408656511,-778308504,3358,1:45:41.620000,"(datetime.datetime(2026, 9, 29, 16, 58, 27, 573000),)",2a3c600a
408653653,-778305852,3337,1:45:41.700000,"(datetime.datetime(2026, 9, 29, 16, 58, 27, 651000),)",2a3c600d
408656624,-778308669,3358,1:45:41.720000,"(datetime.datetime(2026, 9, 29, 16, 58, 27, 671000),)",2a3c600a
408653807,-778305936,3338,1:45:41.800000,"(datetime.datetime(2026, 9, 29, 16, 58, 27, 753000),)",2a3c600d
408656735,-778308841,3358,1:45:41.820000,"(datetime.datetime(2026, 9, 29, 16, 58, 27, 772000),)",2a3c600a
408653954,-778306027,3338,1:45:41.900000,"(datetime.datetime(2026, 9, 29, 16, 58, 27, 852000),)",2a3c600d
408656735,-778308841,3358,1:45:41.930000,"(datetime.datetime(2026, 9, 29, 16, 58, 27, 884000),)",2a3c600a
408654102,-778306118,3338,1:45:42,"(datetime.datetime(2026, 9, 29, 16, 58, 27, 951000),)",2a3c600d
408656948,-778309194,3359,1:45:42.020000,"(datetime.datetime(2026, 9, 29, 16, 58, 27, 973000),)",2a3c600a
408654252,-778306219,3339,1:45:42.100000,"(datetime.datetime(2026, 9, 29, 16, 58, 28, 52000),)",2a3c600d
408657051,-778309375,3358,1:45:42.130000,"(datetime.datetime(2026, 9, 29, 16, 58, 28, 84000),)",2a3c600a
408654545,-778306406,3340,1:45:42.200000,"(datetime.datetime(2026, 9, 29, 16, 58, 28, 151000),)",2a3c600d
408657158,-778309548,3358,1:45:42.220000,"(datetime.datetime(2026, 9, 29, 16, 58, 28, 174000),)",2a3c600a
408654685,-778306530,3340,1:45:42.300000,"(datetime.datetime(2026, 9, 29, 16, 58, 28, 252000),)",2a3c600d
408657158,-778309548,3358,1:45:42.320000,"(datetime.datetime(2026, 9, 29, 16, 58, 28, 274000),)",2a3c600a
408654827,-778306645,3340,1:45:42.400000,"(datetime.datetime(2026, 9, 29, 16, 58, 28, 352000),)",2a3c600d
408657252,-778309745,3359,1:45:42.470000,"(datetime.datetime(2026, 9, 29, 16, 58, 28, 422000),)",2a3c600a
408657346,-778309931,3359,1:45:42.510000,"(datetime.datetime(2026, 9, 29, 16, 58, 28, 461000),)",2a3c600a
408654968,-778306765,3340,1:45:42.530000,"(datetime.datetime(2026, 9, 29, 16, 58, 28, 485000),)",2a3c600d
408655107,-778306887,3340,1:45:42.600000,"(datetime.datetime(2026, 9, 29, 16, 58, 28, 552000),)",2a3c600d
408657441,-778310126,3359,1:45:42.620000,"(datetime.datetime(2026, 9, 29, 16, 58, 28, 571000),)",2a3c600a
408655246,-778307012,3340,1:45:42.700000,"(datetime.datetime(2026, 9, 29, 16, 58, 28, 658000),)",2a3c600d
408657532,-778310321,3359,1:45:42.730000,"(datetime.datetime(2026, 9, 29, 16, 58, 28, 687000),)",2a3c600a
408655379,-778307145,3340,1:45:42.800000,"(datetime.datetime(2026, 9, 29, 16, 58, 28, 752000),)",2a3c600d
408657620,-778310520,3359,1:45:42.820000,"(datetime.datetime(2026, 9, 29, 16, 58, 28, 771000),)",2a3c600a
408655512,-778307279,3341,1:45:42.900000,"(datetime.datetime(2026, 9, 29, 16, 58, 28, 851000),)",2a3c600d
408657704,-778310720,3360,1:45:42.920000,"(datetime.datetime(2026, 9, 29, 16, 58, 28, 877000),)",2a3c600a
408655644,-778307416,3342,1:45:43.120000,"(datetime.datetime(2026, 9, 29, 16, 58, 29, 77000),)",2a3c600d
408657785,-778310925,3360,1:45:43.150000,"(datetime.datetime(2026, 9, 29, 16, 58, 29, 102000),)",2a3c600a
408655776,-778307557,3341,1:45:43.340000,"(datetime.datetime(2026, 9, 29, 16, 58, 29, 298000),)",2a3c600d
408657863,-778311131,3360,1:45:43.490000,"(datetime.datetime(2026, 9, 29, 16, 58, 29, 442000),)",2a3c600a
408655908,-778307682,3342,1:45:43.570000,"(datetime.datetime(2026, 9, 29, 16, 58, 29, 527000),)",2a3c600d
408657937,-778311339,3360,1:45:43.690000,"(datetime.datetime(2026, 9, 29, 16, 58, 29, 646000),)",2a3c600a
408656034,-778307837,3342,1:45:43.760000,"(datetime.datetime(2026, 9, 29, 16, 58, 29, 714000),)",2a3c600d
408658022,-778311536,3360,1:45:43.950000,"(datetime.datetime(2026, 9, 29, 16, 58, 29, 908000),)",2a3c600a
408656034,-778307837,3342,1:45:43.990000,"(datetime.datetime(2026, 9, 29, 16, 58, 29, 947000),)",2a3c600d
408658084,-778311760,3360,1:45:44.150000,"(datetime.datetime(2026, 9, 29, 16, 58, 30, 102000),)",2a3c600a
408656158,-778307989,3342,1:45:44.170000,"(datetime.datetime(2026, 9, 29, 16, 58, 30, 124000),)",2a3c600d
408658151,-778311975,3361,1:45:44.400000,"(datetime.datetime(2026, 9, 29, 16, 58, 30, 351000),)",2a3c600a
408656282,-778308143,3343,1:45:44.560000,"(datetime.datetime(2026, 9, 29, 16, 58, 30, 513000),)",2a3c600d
408658215,-778312191,3361,1:45:44.760000,"(datetime.datetime(2026, 9, 29, 16, 58, 30, 718000),)",2a3c600a
408656404,-778308302,3343,1:45:44.800000,"(datetime.datetime(2026, 9, 29, 16, 58, 30, 756000),)",2a3c600d
408658273,-778312412,3361,1:45:44.970000,"(datetime.datetime(2026, 9, 29, 16, 58, 30, 921000),)",2a3c600a
408656523,-778308464,3343,1:45:45,"(datetime.datetime(2026, 9, 29, 16, 58, 30, 959000),)",2a3c600d
408658330,-778312633,3361,1:45:45.070000,"(datetime.datetime(2026, 9, 29, 16, 58, 31, 24000),)",2a3c600a
408656639,-778308630,3343,1:45:45.200000,"(datetime.datetime(2026, 9, 29, 16, 58, 31, 156000),)",2a3c600d
408658382,-778312858,3362,1:45:45.290000,"(datetime.datetime(2026, 9, 29, 16, 58, 31, 247000),)",2a3c600a
408656752,-778308799,3343,1:45:45.390000,"(datetime.datetime(2026, 9, 29, 16, 58, 31, 346000),)",2a3c600d
408658433,-778313083,3362,1:45:45.580000,"(datetime.datetime(2026, 9, 29, 16, 58, 31, 532000),)",2a3c600a
408656863,-778308973,3343,1:45:45.640000,"(datetime.datetime(2026, 9, 29, 16, 58, 31, 592000),)",2a3c600d
408658480,-778313309,3362,1:45:45.700000,"(datetime.datetime(2026, 9, 29, 16, 58, 31, 655000),)",2a3c600a
408656972,-778309150,3344,1:45:45.810000,"(datetime.datetime(2026, 9, 29, 16, 58, 31, 768000),)",2a3c600d
408658524,-778313537,3362,1:45:45.900000,"(datetime.datetime(2026, 9, 29, 16, 58, 31, 855000),)",2a3c600a
408657084,-778309308,3344,1:45:46.010000,"(datetime.datetime(2026, 9, 29, 16, 58, 31, 968000),)",2a3c600d
408658572,-778313760,3363,1:45:46.100000,"(datetime.datetime(2026, 9, 29, 16, 58, 32, 60000),)",2a3c600a
408657181,-778309501,3344,1:45:46.210000,"(datetime.datetime(2026, 9, 29, 16, 58, 32, 167000),)",2a3c600d
408658603,-778313997,3362,1:45:46.280000,"(datetime.datetime(2026, 9, 29, 16, 58, 32, 232000),)",2a3c600a
408657284,-778309687,3344,1:45:46.330000,"(datetime.datetime(2026, 9, 29, 16, 58, 32, 283000),)",2a3c600d
408658637,-778314230,3362,1:45:46.360000,"(datetime.datetime(2026, 9, 29, 16, 58, 32, 318000),)",2a3c600a
408657379,-778309873,3344,1:45:46.420000,"(datetime.datetime(2026, 9, 29, 16, 58, 32, 374000),)",2a3c600d
408658665,-778314461,3363,1:45:46.520000,"(datetime.datetime(2026, 9, 29, 16, 58, 32, 471000),)",2a3c600a
408657475,-778310065,3344,1:45:46.530000,"(datetime.datetime(2026, 9, 29, 16, 58, 32, 490000),)",2a3c600d
408658691,-778314702,3363,1:45:46.560000,"(datetime.datetime(2026, 9, 29, 16, 58, 32, 518000),)",2a3c600a
408657567,-778310258,3345,1:45:46.570000,"(datetime.datetime(2026, 9, 29, 16, 58, 32, 529000),)",2a3c600d
408658713,-778314935,3363,1:45:46.580000,"(datetime.datetime(2026, 9, 29, 16, 58, 32, 540000),)",2a3c600a
408657655,-778310460,3345,1:45:46.630000,"(datetime.datetime(2026, 9, 29, 16, 58, 32, 580000),)",2a3c600d
408658729,-778315174,3364,1:45:46.640000,"(datetime.datetime(2026, 9, 29, 16, 58, 32, 591000),)",2a3c600a
408657737,-778310660,3345,1:45:46.650000,"(datetime.datetime(2026, 9, 29, 16, 58, 32, 601000),)",2a3c600d
408658743,-778315411,3364,1:45:46.690000,"(datetime.datetime(2026, 9, 29, 16, 58, 32, 647000),)",2a3c600a
408657821,-778310864,3345,1:45:46.710000,"(datetime.datetime(2026, 9, 29, 16, 58, 32, 668000),)",2a3c600d
408658755,-778315653,3365,1:45:46.740000,"(datetime.datetime(2026, 9, 29, 16, 58, 32, 694000),)",2a3c600a
408657899,-778311069,3345,1:45:46.750000,"(datetime.datetime(2026, 9, 29, 16, 58, 32, 705000),)",2a3c600d
408658764,-778315891,3365,1:45:46.760000,"(datetime.datetime(2026, 9, 29, 16, 58, 32, 716000),)",2a3c600a
408657986,-778311260,3346,1:45:46.800000,"(datetime.datetime(2026, 9, 29, 16, 58, 32, 755000),)",2a3c600d
408658778,-778316124,3365,1:45:46.810000,"(datetime.datetime(2026, 9, 29, 16, 58, 32, 768000),)",2a3c600a
408658051,-778311481,3346,1:45:46.820000,"(datetime.datetime(2026, 9, 29, 16, 58, 32, 777000),)",2a3c600d
408658769,-778316370,3366,1:45:46.860000,"(datetime.datetime(2026, 9, 29, 16, 58, 32, 815000),)",2a3c600a
408658122,-778311691,3346,1:45:46.870000,"(datetime.datetime(2026, 9, 29, 16, 58, 32, 826000),)",2a3c600d
408658766,-778316610,3366,1:45:46.880000,"(datetime.datetime(2026, 9, 29, 16, 58, 32, 838000),)",2a3c600a
408658191,-778311904,3346,1:45:46.930000,"(datetime.datetime(2026, 9, 29, 16, 58, 32, 882000),)",2a3c600d
408658761,-778316852,3366,1:45:46.940000,"(datetime.datetime(2026, 9, 29, 16, 58, 32, 895000),)",2a3c600a
408658256,-778312120,3346,1:45:46.950000,"(datetime.datetime(2026, 9, 29, 16, 58, 32, 905000),)",2a3c600d
408658752,-778317093,3366,1:45:46.980000,"(datetime.datetime(2026, 9, 29, 16, 58, 32, 940000),)",2a3c600a
408658316,-778312338,3346,1:45:47,"(datetime.datetime(2026, 9, 29, 16, 58, 32, 951000),)",2a3c600d
408658739,-778317335,3366,1:45:47.010000,"(datetime.datetime(2026, 9, 29, 16, 58, 32, 965000),)",2a3c600a
408658373,-778312557,3347,1:45:47.050000,"(datetime.datetime(2026, 9, 29, 16, 58, 33, 3000),)",2a3c600d
408658723,-778317577,3366,1:45:47.060000,"(datetime.datetime(2026, 9, 29, 16, 58, 33, 14000),)",2a3c600a
408658427,-778312779,3347,1:45:47.070000,"(datetime.datetime(2026, 9, 29, 16, 58, 33, 28000),)",2a3c600d
408658704,-778317818,3366,1:45:47.110000,"(datetime.datetime(2026, 9, 29, 16, 58, 33, 62000),)",2a3c600a
408658476,-778313001,3347,1:45:47.120000,"(datetime.datetime(2026, 9, 29, 16, 58, 33, 72000),)",2a3c600d
408658681,-778318060,3367,1:45:47.130000,"(datetime.datetime(2026, 9, 29, 16, 58, 33, 86000),)",2a3c600a
408658522,-778313227,3347,1:45:47.180000,"(datetime.datetime(2026, 9, 29, 16, 58, 33, 133000),)",2a3c600d
408658655,-778318301,3367,1:45:47.190000,"(datetime.datetime(2026, 9, 29, 16, 58, 33, 149000),)",2a3c600a
408658580,-778313437,3348,1:45:47.230000,"(datetime.datetime(2026, 9, 29, 16, 58, 33, 186000),)",2a3c600d
408658641,-778318541,3367,1:45:47.240000,"(datetime.datetime(2026, 9, 29, 16, 58, 33, 197000),)",2a3c600a
408658609,-778313673,3348,1:45:47.250000,"(datetime.datetime(2026, 9, 29, 16, 58, 33, 207000),)",2a3c600d
408658602,-778318785,3368,1:45:47.300000,"(datetime.datetime(2026, 9, 29, 16, 58, 33, 251000),)",2a3c600a
408658647,-778313900,3348,1:45:47.310000,"(datetime.datetime(2026, 9, 29, 16, 58, 33, 261000),)",2a3c600d
408658569,-778319027,3368,1:45:47.320000,"(datetime.datetime(2026, 9, 29, 16, 58, 33, 271000),)",2a3c600a
408658680,-778314129,3348,1:45:47.330000,"(datetime.datetime(2026, 9, 29, 16, 58, 33, 282000),)",2a3c600d
408658532,-778319267,3368,1:45:47.370000,"(datetime.datetime(2026, 9, 29, 16, 58, 33, 324000),)",2a3c600a
408658713,-778314358,3348,1:45:47.380000,"(datetime.datetime(2026, 9, 29, 16, 58, 33, 338000),)",2a3c600d
408658495,-778319506,3368,1:45:47.390000,"(datetime.datetime(2026, 9, 29, 16, 58, 33, 348000),)",2a3c600a
408658738,-778314588,3349,1:45:47.440000,"(datetime.datetime(2026, 9, 29, 16, 58, 33, 391000),)",2a3c600d
408658455,-778319747,3368,1:45:47.450000,"(datetime.datetime(2026, 9, 29, 16, 58, 33, 402000),)",2a3c600a
408658762,-778314819,3349,1:45:47.460000,"(datetime.datetime(2026, 9, 29, 16, 58, 33, 412000),)",2a3c600d
408658412,-778319988,3369,1:45:47.500000,"(datetime.datetime(2026, 9, 29, 16, 58, 33, 452000),)",2a3c600a
408658782,-778315052,3349,1:45:47.510000,"(datetime.datetime(2026, 9, 29, 16, 58, 33, 462000),)",2a3c600d
408658368,-778320227,3369,1:45:47.520000,"(datetime.datetime(2026, 9, 29, 16, 58, 33, 474000),)",2a3c600a
408658801,-778315285,3349,1:45:47.560000,"(datetime.datetime(2026, 9, 29, 16, 58, 33, 514000),)",2a3c600d
408658323,-778320469,3369,1:45:47.570000,"(datetime.datetime(2026, 9, 29, 16, 58, 33, 524000),)",2a3c600a
408658815,-778315519,3350,1:45:47.580000,"(datetime.datetime(2026, 9, 29, 16, 58, 33, 534000),)",2a3c600d
408658279,-778320710,3369,1:45:47.590000,"(datetime.datetime(2026, 9, 29, 16, 58, 33, 544000),)",2a3c600a
408658840,-778315745,3350,1:45:47.630000,"(datetime.datetime(2026, 9, 29, 16, 58, 33, 588000),)",2a3c600d
408658248,-778320950,3369,1:45:47.650000,"(datetime.datetime(2026, 9, 29, 16, 58, 33, 603000),)",2a3c600a
408658837,-778315984,3350,1:45:47.660000,"(datetime.datetime(2026, 9, 29, 16, 58, 33, 614000),)",2a3c600d
408658198,-778321191,3369,1:45:47.710000,"(datetime.datetime(2026, 9, 29, 16, 58, 33, 668000),)",2a3c600a
408658841,-778316222,3350,1:45:47.740000,"(datetime.datetime(2026, 9, 29, 16, 58, 33, 693000),)",2a3c600d
408658155,-778321432,3369,1:45:47.770000,"(datetime.datetime(2026, 9, 29, 16, 58, 33, 723000),)",2a3c600a
408658841,-778316457,3351,1:45:47.780000,"(datetime.datetime(2026, 9, 29, 16, 58, 33, 733000),)",2a3c600d
408658107,-778321676,3370,1:45:47.790000,"(datetime.datetime(2026, 9, 29, 16, 58, 33, 743000),)",2a3c600a
408658837,-778316697,3351,1:45:47.830000,"(datetime.datetime(2026, 9, 29, 16, 58, 33, 789000),)",2a3c600d
408658062,-778321915,3371,1:45:47.850000,"(datetime.datetime(2026, 9, 29, 16, 58, 33, 801000),)",2a3c600a
408658832,-778316933,3351,1:45:47.860000,"(datetime.datetime(2026, 9, 29, 16, 58, 33, 811000),)",2a3c600d
408658013,-778322157,3371,1:45:47.900000,"(datetime.datetime(2026, 9, 29, 16, 58, 33, 855000),)",2a3c600a
408658824,-778317175,3351,1:45:47.910000,"(datetime.datetime(2026, 9, 29, 16, 58, 33, 868000),)",2a3c600d
408657964,-778322400,3371,1:45:47.920000,"(datetime.datetime(2026, 9, 29, 16, 58, 33, 878000),)",2a3c600a
408658811,-778317413,3351,1:45:47.960000,"(datetime.datetime(2026, 9, 29, 16, 58, 33, 915000),)",2a3c600d
408657912,-778322643,3371,1:45:48.010000,"(datetime.datetime(2026, 9, 29, 16, 58, 33, 969000),)",2a3c600a
408658795,-778317653,3352,1:45:48.030000,"(datetime.datetime(2026, 9, 29, 16, 58, 33, 988000),)",2a3c600d
408657859,-778322883,3371,1:45:48.110000,"(datetime.datetime(2026, 9, 29, 16, 58, 34, 60000),)",2a3c600a
408658775,-778317892,3352,1:45:48.130000,"(datetime.datetime(2026, 9, 29, 16, 58, 34, 88000),)",2a3c600d
408657808,-778323125,3371,1:45:48.210000,"(datetime.datetime(2026, 9, 29, 16, 58, 34, 161000),)",2a3c600a
408658764,-778318127,3352,1:45:48.230000,"(datetime.datetime(2026, 9, 29, 16, 58, 34, 188000),)",2a3c600d
408657761,-778323364,3371,1:45:48.300000,"(datetime.datetime(2026, 9, 29, 16, 58, 34, 260000),)",2a3c600a
408658731,-778318368,3353,1:45:48.330000,"(datetime.datetime(2026, 9, 29, 16, 58, 34, 288000),)",2a3c600d
408657706,-778323606,3371,1:45:48.410000,"(datetime.datetime(2026, 9, 29, 16, 58, 34, 361000),)",2a3c600a
408658704,-778318613,3353,1:45:48.440000,"(datetime.datetime(2026, 9, 29, 16, 58, 34, 393000),)",2a3c600d
408657651,-778323853,3371,1:45:48.500000,"(datetime.datetime(2026, 9, 29, 16, 58, 34, 460000),)",2a3c600a
408658675,-778318851,3353,1:45:48.540000,"(datetime.datetime(2026, 9, 29, 16, 58, 34, 491000),)",2a3c600d
408657600,-778324099,3371,1:45:48.610000,"(datetime.datetime(2026, 9, 29, 16, 58, 34, 562000),)",2a3c600a
408658644,-778319096,3353,1:45:48.630000,"(datetime.datetime(2026, 9, 29, 16, 58, 34, 588000),)",2a3c600d
408657546,-778324346,3371,1:45:48.720000,"(datetime.datetime(2026, 9, 29, 16, 58, 34, 670000),)",2a3c600a
408658609,-778319336,3353,1:45:48.730000,"(datetime.datetime(2026, 9, 29, 16, 58, 34, 687000),)",2a3c600d
408657490,-778324593,3371,1:45:48.810000,"(datetime.datetime(2026, 9, 29, 16, 58, 34, 765000),)",2a3c600a
408658570,-778319579,3353,1:45:48.830000,"(datetime.datetime(2026, 9, 29, 16, 58, 34, 790000),)",2a3c600d
408657437,-778324841,3372,1:45:48.910000,"(datetime.datetime(2026, 9, 29, 16, 58, 34, 862000),)",2a3c600a
408658533,-778319818,3354,1:45:48.930000,"(datetime.datetime(2026, 9, 29, 16, 58, 34, 888000),)",2a3c600d
408657379,-778325090,3372,1:45:49.010000,"(datetime.datetime(2026, 9, 29, 16, 58, 34, 961000),)",2a3c600a
408658492,-778320062,3354,1:45:49.030000,"(datetime.datetime(2026, 9, 29, 16, 58, 34, 989000),)",2a3c600d
408657322,-778325341,3372,1:45:49.100000,"(datetime.datetime(2026, 9, 29, 16, 58, 35, 60000),)",2a3c600a
408658447,-778320301,3355,1:45:49.140000,"(datetime.datetime(2026, 9, 29, 16, 58, 35, 92000),)",2a3c600d
408657266,-778325591,3372,1:45:49.210000,"(datetime.datetime(2026, 9, 29, 16, 58, 35, 161000),)",2a3c600a
408658416,-778320537,3355,1:45:49.230000,"(datetime.datetime(2026, 9, 29, 16, 58, 35, 188000),)",2a3c600d
408657214,-778325842,3372,1:45:49.310000,"(datetime.datetime(2026, 9, 29, 16, 58, 35, 260000),)",2a3c600a
408658362,-778320780,3356,1:45:49.330000,"(datetime.datetime(2026, 9, 29, 16, 58, 35, 288000),)",2a3c600d
408657158,-778326093,3372,1:45:49.410000,"(datetime.datetime(2026, 9, 29, 16, 58, 35, 360000),)",2a3c600a
408658313,-778321022,3356,1:45:49.430000,"(datetime.datetime(2026, 9, 29, 16, 58, 35, 388000),)",2a3c600d
408657104,-778326347,3372,1:45:49.510000,"(datetime.datetime(2026, 9, 29, 16, 58, 35, 461000),)",2a3c600a
408658265,-778321264,3356,1:45:49.540000,"(datetime.datetime(2026, 9, 29, 16, 58, 35, 491000),)",2a3c600d
408657048,-778326600,3372,1:45:49.570000,"(datetime.datetime(2026, 9, 29, 16, 58, 35, 522000),)",2a3c600a
408658216,-778321506,3357,1:45:49.640000,"(datetime.datetime(2026, 9, 29, 16, 58, 35, 593000),)",2a3c600d
408656991,-778326856,3373,1:45:49.670000,"(datetime.datetime(2026, 9, 29, 16, 58, 35, 621000),)",2a3c600a
408658164,-778321751,3357,1:45:49.730000,"(datetime.datetime(2026, 9, 29, 16, 58, 35, 688000),)",2a3c600d
408656933,-778327114,3373,1:45:49.760000,"(datetime.datetime(2026, 9, 29, 16, 58, 35, 714000),)",2a3c600a
408658114,-778321993,3357,1:45:49.830000,"(datetime.datetime(2026, 9, 29, 16, 58, 35, 790000),)",2a3c600d
408656876,-778327370,3373,1:45:49.850000,"(datetime.datetime(2026, 9, 29, 16, 58, 35, 810000),)",2a3c600a
408658062,-778322238,3358,1:45:49.930000,"(datetime.datetime(2026, 9, 29, 16, 58, 35, 888000),)",2a3c600d
408656820,-778327630,3373,1:45:49.950000,"(datetime.datetime(2026, 9, 29, 16, 58, 35, 909000),)",2a3c600a
408658011,-778322485,3358,1:45:50.030000,"(datetime.datetime(2026, 9, 29, 16, 58, 35, 988000),)",2a3c600d
408656762,-778327891,3373,1:45:50.060000,"(datetime.datetime(2026, 9, 29, 16, 58, 36, 11000),)",2a3c600a
408657959,-778322729,3358,1:45:50.130000,"(datetime.datetime(2026, 9, 29, 16, 58, 36, 89000),)",2a3c600d
408656704,-778328151,3373,1:45:50.160000,"(datetime.datetime(2026, 9, 29, 16, 58, 36, 112000),)",2a3c600a
408657919,-778322974,3358,1:45:50.230000,"(datetime.datetime(2026, 9, 29, 16, 58, 36, 189000),)",2a3c600d
408656651,-778328412,3373,1:45:50.250000,"(datetime.datetime(2026, 9, 29, 16, 58, 36, 209000),)",2a3c600a
408657861,-778323217,3358,1:45:50.330000,"(datetime.datetime(2026, 9, 29, 16, 58, 36, 289000),)",2a3c600d
408656592,-778328677,3373,1:45:50.350000,"(datetime.datetime(2026, 9, 29, 16, 58, 36, 310000),)",2a3c600a
408657809,-778323467,3358,1:45:50.430000,"(datetime.datetime(2026, 9, 29, 16, 58, 36, 389000),)",2a3c600d
408656536,-778328940,3373,1:45:50.450000,"(datetime.datetime(2026, 9, 29, 16, 58, 36, 410000),)",2a3c600a
408657754,-778323712,3358,1:45:50.550000,"(datetime.datetime(2026, 9, 29, 16, 58, 36, 503000),)",2a3c600d
408656477,-778329205,3373,1:45:50.570000,"(datetime.datetime(2026, 9, 29, 16, 58, 36, 523000),)",2a3c600a
408657697,-778323963,3359,1:45:50.630000,"(datetime.datetime(2026, 9, 29, 16, 58, 36, 590000),)",2a3c600d
408656423,-778329468,3373,1:45:50.660000,"(datetime.datetime(2026, 9, 29, 16, 58, 36, 611000),)",2a3c600a
408657645,-778324209,3359,1:45:50.730000,"(datetime.datetime(2026, 9, 29, 16, 58, 36, 689000),)",2a3c600d
408656365,-778329735,3373,1:45:50.760000,"(datetime.datetime(2026, 9, 29, 16, 58, 36, 712000),)",2a3c600a
408657588,-778324460,3359,1:45:50.830000,"(datetime.datetime(2026, 9, 29, 16, 58, 36, 789000),)",2a3c600d
408656308,-778330003,3373,1:45:50.850000,"(datetime.datetime(2026, 9, 29, 16, 58, 36, 805000),)",2a3c600a
408657534,-778324710,3359,1:45:50.930000,"(datetime.datetime(2026, 9, 29, 16, 58, 36, 889000),)",2a3c600d
408656250,-778330273,3373,1:45:50.970000,"(datetime.datetime(2026, 9, 29, 16, 58, 36, 921000),)",2a3c600a
408657479,-778324962,3359,1:45:51.030000,"(datetime.datetime(2026, 9, 29, 16, 58, 36, 989000),)",2a3c600d
408656195,-778330540,3372,1:45:51.060000,"(datetime.datetime(2026, 9, 29, 16, 58, 37, 12000),)",2a3c600a
408657421,-778325211,3359,1:45:51.130000,"(datetime.datetime(2026, 9, 29, 16, 58, 37, 90000),)",2a3c600d
408656136,-778330812,3372,1:45:51.150000,"(datetime.datetime(2026, 9, 29, 16, 58, 37, 110000),)",2a3c600a
408657367,-778325463,3359,1:45:51.230000,"(datetime.datetime(2026, 9, 29, 16, 58, 37, 189000),)",2a3c600d
408656078,-778331080,3372,1:45:51.260000,"(datetime.datetime(2026, 9, 29, 16, 58, 37, 213000),)",2a3c600a
408657312,-778325715,3359,1:45:51.340000,"(datetime.datetime(2026, 9, 29, 16, 58, 37, 300000),)",2a3c600d
408656021,-778331352,3372,1:45:51.380000,"(datetime.datetime(2026, 9, 29, 16, 58, 37, 336000),)",2a3c600a
408657257,-778325969,3359,1:45:51.430000,"(datetime.datetime(2026, 9, 29, 16, 58, 37, 390000),)",2a3c600d
408655963,-778331626,3372,1:45:51.450000,"(datetime.datetime(2026, 9, 29, 16, 58, 37, 407000),)",2a3c600a
408657198,-778326220,3359,1:45:51.530000,"(datetime.datetime(2026, 9, 29, 16, 58, 37, 489000),)",2a3c600d
408655906,-778331900,3372,1:45:51.560000,"(datetime.datetime(2026, 9, 29, 16, 58, 37, 517000),)",2a3c600a
408657142,-778326473,3359,1:45:51.630000,"(datetime.datetime(2026, 9, 29, 16, 58, 37, 589000),)",2a3c600d
408655849,-778332174,3372,1:45:51.650000,"(datetime.datetime(2026, 9, 29, 16, 58, 37, 609000),)",2a3c600a
408657085,-778326729,3359,1:45:51.730000,"(datetime.datetime(2026, 9, 29, 16, 58, 37, 689000),)",2a3c600d
408655790,-778332453,3372,1:45:51.760000,"(datetime.datetime(2026, 9, 29, 16, 58, 37, 710000),)",2a3c600a
408657027,-778326984,3360,1:45:51.830000,"(datetime.datetime(2026, 9, 29, 16, 58, 37, 788000),)",2a3c600d
408655733,-778332726,3372,1:45:51.850000,"(datetime.datetime(2026, 9, 29, 16, 58, 37, 807000),)",2a3c600a
408656969,-778327235,3360,1:45:51.930000,"(datetime.datetime(2026, 9, 29, 16, 58, 37, 889000),)",2a3c600d
408655673,-778333005,3371,1:45:51.950000,"(datetime.datetime(2026, 9, 29, 16, 58, 37, 908000),)",2a3c600a
408656911,-778327494,3360,1:45:52.040000,"(datetime.datetime(2026, 9, 29, 16, 58, 37, 994000),)",2a3c600d
408655616,-778333284,3371,1:45:52.060000,"(datetime.datetime(2026, 9, 29, 16, 58, 38, 17000),)",2a3c600a
408656854,-778327749,3359,1:45:52.130000,"(datetime.datetime(2026, 9, 29, 16, 58, 38, 90000),)",2a3c600d
408655554,-778333563,3371,1:45:52.160000,"(datetime.datetime(2026, 9, 29, 16, 58, 38, 112000),)",2a3c600a
408656798,-778328003,3359,1:45:52.230000,"(datetime.datetime(2026, 9, 29, 16, 58, 38, 189000),)",2a3c600d
408655497,-778333840,3371,1:45:52.250000,"(datetime.datetime(2026, 9, 29, 16, 58, 38, 210000),)",2a3c600a
408656741,-778328260,3360,1:45:52.330000,"(datetime.datetime(2026, 9, 29, 16, 58, 38, 288000),)",2a3c600d
408655435,-778334123,3371,1:45:52.350000,"(datetime.datetime(2026, 9, 29, 16, 58, 38, 301000),)",2a3c600a
408656683,-778328522,3360,1:45:52.430000,"(datetime.datetime(2026, 9, 29, 16, 58, 38, 389000),)",2a3c600d
408655373,-778334405,3371,1:45:52.460000,"(datetime.datetime(2026, 9, 29, 16, 58, 38, 414000),)",2a3c600a
408656625,-778328780,3360,1:45:52.530000,"(datetime.datetime(2026, 9, 29, 16, 58, 38, 488000),)",2a3c600d
408655310,-778334687,3371,1:45:52.560000,"(datetime.datetime(2026, 9, 29, 16, 58, 38, 511000),)",2a3c600a
408656568,-778329038,3359,1:45:52.630000,"(datetime.datetime(2026, 9, 29, 16, 58, 38, 589000),)",2a3c600d
408655247,-778334970,3371,1:45:52.650000,"(datetime.datetime(2026, 9, 29, 16, 58, 38, 605000),)",2a3c600a
408656515,-778329299,3360,1:45:52.730000,"(datetime.datetime(2026, 9, 29, 16, 58, 38, 690000),)",2a3c600d
408655185,-778335253,3371,1:45:52.750000,"(datetime.datetime(2026, 9, 29, 16, 58, 38, 708000),)",2a3c600a
408656458,-778329560,3360,1:45:52.840000,"(datetime.datetime(2026, 9, 29, 16, 58, 38, 792000),)",2a3c600d
408655122,-778335536,3371,1:45:52.860000,"(datetime.datetime(2026, 9, 29, 16, 58, 38, 816000),)",2a3c600a
408656402,-778329822,3360,1:45:52.930000,"(datetime.datetime(2026, 9, 29, 16, 58, 38, 889000),)",2a3c600d
408655059,-778335822,3371,1:45:52.960000,"(datetime.datetime(2026, 9, 29, 16, 58, 38, 915000),)",2a3c600a
408656344,-778330082,3359,1:45:53.040000,"(datetime.datetime(2026, 9, 29, 16, 58, 38, 992000),)",2a3c600d
408654996,-778336108,3371,1:45:53.060000,"(datetime.datetime(2026, 9, 29, 16, 58, 39, 13000),)",2a3c600a
408656286,-778330347,3359,1:45:53.130000,"(datetime.datetime(2026, 9, 29, 16, 58, 39, 89000),)",2a3c600d
408654932,-778336395,3370,1:45:53.160000,"(datetime.datetime(2026, 9, 29, 16, 58, 39, 111000),)",2a3c600a
408656229,-778330603,3358,1:45:53.230000,"(datetime.datetime(2026, 9, 29, 16, 58, 39, 189000),)",2a3c600d
408654869,-778336677,3370,1:45:53.260000,"(datetime.datetime(2026, 9, 29, 16, 58, 39, 214000),)",2a3c600a
408656171,-778330871,3358,1:45:53.330000,"(datetime.datetime(2026, 9, 29, 16, 58, 39, 289000),)",2a3c600d
408654805,-778336963,3370,1:45:53.370000,"(datetime.datetime(2026, 9, 29, 16, 58, 39, 321000),)",2a3c600a
408656112,-778331131,3358,1:45:53.440000,"(datetime.datetime(2026, 9, 29, 16, 58, 39, 400000),)",2a3c600d
408654741,-778337250,3369,1:45:53.470000,"(datetime.datetime(2026, 9, 29, 16, 58, 39, 425000),)",2a3c600a
408656054,-778331398,3358,1:45:53.540000,"(datetime.datetime(2026, 9, 29, 16, 58, 39, 497000),)",2a3c600d
408654676,-778337538,3370,1:45:53.560000,"(datetime.datetime(2026, 9, 29, 16, 58, 39, 513000),)",2a3c600a
408655997,-778331661,3359,1:45:53.640000,"(datetime.datetime(2026, 9, 29, 16, 58, 39, 592000),)",2a3c600d
408654613,-778337824,3370,1:45:53.660000,"(datetime.datetime(2026, 9, 29, 16, 58, 39, 615000),)",2a3c600a
408655938,-778331929,3359,1:45:53.730000,"(datetime.datetime(2026, 9, 29, 16, 58, 39, 689000),)",2a3c600d
408654550,-778338110,3370,1:45:53.750000,"(datetime.datetime(2026, 9, 29, 16, 58, 39, 710000),)",2a3c600a
408655881,-778332195,3359,1:45:53.840000,"(datetime.datetime(2026, 9, 29, 16, 58, 39, 800000),)",2a3c600d
408654487,-778338396,3369,1:45:53.870000,"(datetime.datetime(2026, 9, 29, 16, 58, 39, 823000),)",2a3c600a
408655825,-778332462,3359,1:45:53.930000,"(datetime.datetime(2026, 9, 29, 16, 58, 39, 889000),)",2a3c600d
408654423,-778338683,3369,1:45:53.950000,"(datetime.datetime(2026, 9, 29, 16, 58, 39, 907000),)",2a3c600a
408655767,-778332730,3358,1:45:53.980000,"(datetime.datetime(2026, 9, 29, 16, 58, 39, 932000),)",2a3c600d
408654359,-778338969,3370,1:45:54.050000,"(datetime.datetime(2026, 9, 29, 16, 58, 40, 1000),)",2a3c600a
408655710,-778332998,3359,1:45:54.070000,"(datetime.datetime(2026, 9, 29, 16, 58, 40, 29000),)",2a3c600d
408654294,-778339255,3370,1:45:54.150000,"(datetime.datetime(2026, 9, 29, 16, 58, 40, 105000),)",2a3c600a
408655651,-778333262,3358,1:45:54.180000,"(datetime.datetime(2026, 9, 29, 16, 58, 40, 133000),)",2a3c600d
408654232,-778339538,3369,1:45:54.250000,"(datetime.datetime(2026, 9, 29, 16, 58, 40, 207000),)",2a3c600a
408654168,-778339828,3369,1:45:54.350000,"(datetime.datetime(2026, 9, 29, 16, 58, 40, 304000),)",2a3c600a
408655593,-778333531,3358,1:45:54.370000,"(datetime.datetime(2026, 9, 29, 16, 58, 40, 329000),)",2a3c600d
408654105,-778340112,3369,1:45:54.450000,"(datetime.datetime(2026, 9, 29, 16, 58, 40, 401000),)",2a3c600a
408655533,-778333801,3358,1:45:54.470000,"(datetime.datetime(2026, 9, 29, 16, 58, 40, 425000),)",2a3c600d
408655476,-778334065,3358,1:45:54.500000,"(datetime.datetime(2026, 9, 29, 16, 58, 40, 453000),)",2a3c600d
408654043,-778340395,3369,1:45:54.540000,"(datetime.datetime(2026, 9, 29, 16, 58, 40, 500000),)",2a3c600a
408653979,-778340679,3369,1:45:54.650000,"(datetime.datetime(2026, 9, 29, 16, 58, 40, 601000),)",2a3c600a
408655415,-778334337,3358,1:45:54.670000,"(datetime.datetime(2026, 9, 29, 16, 58, 40, 626000),)",2a3c600d
408653918,-778340965,3369,1:45:54.750000,"(datetime.datetime(2026, 9, 29, 16, 58, 40, 700000),)",2a3c600a
408655358,-778334602,3358,1:45:54.770000,"(datetime.datetime(2026, 9, 29, 16, 58, 40, 727000),)",2a3c600d
408653856,-778341249,3369,1:45:54.850000,"(datetime.datetime(2026, 9, 29, 16, 58, 40, 806000),)",2a3c600a
408655299,-778334874,3358,1:45:54.870000,"(datetime.datetime(2026, 9, 29, 16, 58, 40, 829000),)",2a3c600d
408655240,-778335144,3358,1:45:54.890000,"(datetime.datetime(2026, 9, 29, 16, 58, 40, 842000),)",2a3c600d
408653795,-778341532,3369,1:45:54.960000,"(datetime.datetime(2026, 9, 29, 16, 58, 40, 917000),)",2a3c600a
408655182,-778335413,3358,1:45:54.980000,"(datetime.datetime(2026, 9, 29, 16, 58, 40, 937000),)",2a3c600d
408653732,-778341816,3369,1:45:55.060000,"(datetime.datetime(2026, 9, 29, 16, 58, 41, 11000),)",2a3c600a
408655123,-778335685,3358,1:45:55.080000,"(datetime.datetime(2026, 9, 29, 16, 58, 41, 34000),)",2a3c600d
408653671,-778342097,3369,1:45:55.150000,"(datetime.datetime(2026, 9, 29, 16, 58, 41, 107000),)",2a3c600a
408655064,-778335951,3357,1:45:55.180000,"(datetime.datetime(2026, 9, 29, 16, 58, 41, 134000),)",2a3c600d
408653610,-778342381,3369,1:45:55.250000,"(datetime.datetime(2026, 9, 29, 16, 58, 41, 207000),)",2a3c600a
408655004,-778336220,3357,1:45:55.270000,"(datetime.datetime(2026, 9, 29, 16, 58, 41, 227000),)",2a3c600d
408653548,-778342664,3369,1:45:55.350000,"(datetime.datetime(2026, 9, 29, 16, 58, 41, 310000),)",2a3c600a
408654946,-778336493,3356,1:45:55.380000,"(datetime.datetime(2026, 9, 29, 16, 58, 41, 334000),)",2a3c600d
408653487,-778342947,3369,1:45:55.450000,"(datetime.datetime(2026, 9, 29, 16, 58, 41, 406000),)",2a3c600a
408654887,-778336764,3356,1:45:55.480000,"(datetime.datetime(2026, 9, 29, 16, 58, 41, 439000),)",2a3c600d
408653427,-778343229,3368,1:45:55.550000,"(datetime.datetime(2026, 9, 29, 16, 58, 41, 508000),)",2a3c600a
408654830,-778337037,3356,1:45:55.580000,"(datetime.datetime(2026, 9, 29, 16, 58, 41, 531000),)",2a3c600d
408653366,-778343510,3368,1:45:55.650000,"(datetime.datetime(2026, 9, 29, 16, 58, 41, 607000),)",2a3c600a
408654770,-778337309,3356,1:45:55.670000,"(datetime.datetime(2026, 9, 29, 16, 58, 41, 626000),)",2a3c600d
408653306,-778343790,3368,1:45:55.750000,"(datetime.datetime(2026, 9, 29, 16, 58, 41, 706000),)",2a3c600a
408654708,-778337580,3356,1:45:55.770000,"(datetime.datetime(2026, 9, 29, 16, 58, 41, 728000),)",2a3c600d
408653245,-778344072,3369,1:45:55.850000,"(datetime.datetime(2026, 9, 29, 16, 58, 41, 806000),)",2a3c600a
408654650,-778337853,3356,1:45:55.870000,"(datetime.datetime(2026, 9, 29, 16, 58, 41, 827000),)",2a3c600d
408653184,-778344353,3368,1:45:55.950000,"(datetime.datetime(2026, 9, 29, 16, 58, 41, 907000),)",2a3c600a
408654592,-778338124,3356,1:45:55.980000,"(datetime.datetime(2026, 9, 29, 16, 58, 41, 931000),)",2a3c600d
408653122,-778344633,3368,1:45:56.050000,"(datetime.datetime(2026, 9, 29, 16, 58, 42, 6000),)",2a3c600a
408653062,-778344912,3368,1:45:56.150000,"(datetime.datetime(2026, 9, 29, 16, 58, 42, 110000),)",2a3c600a
408654533,-778338400,3356,1:45:56.180000,"(datetime.datetime(2026, 9, 29, 16, 58, 42, 139000),)",2a3c600d
408654474,-778338668,3356,1:45:56.200000,"(datetime.datetime(2026, 9, 29, 16, 58, 42, 156000),)",2a3c600d
408653001,-778345192,3368,1:45:56.250000,"(datetime.datetime(2026, 9, 29, 16, 58, 42, 206000),)",2a3c600a
408652942,-778345470,3368,1:45:56.350000,"(datetime.datetime(2026, 9, 29, 16, 58, 42, 307000),)",2a3c600a
408654411,-778338943,3356,1:45:56.380000,"(datetime.datetime(2026, 9, 29, 16, 58, 42, 335000),)",2a3c600d
408652881,-778345748,3368,1:45:56.450000,"(datetime.datetime(2026, 9, 29, 16, 58, 42, 407000),)",2a3c600a
408654351,-778339215,3356,1:45:56.470000,"(datetime.datetime(2026, 9, 29, 16, 58, 42, 426000),)",2a3c600d
408652819,-778346025,3367,1:45:56.550000,"(datetime.datetime(2026, 9, 29, 16, 58, 42, 508000),)",2a3c600a
408654291,-778339492,3355,1:45:56.580000,"(datetime.datetime(2026, 9, 29, 16, 58, 42, 531000),)",2a3c600d
408652759,-778346306,3367,1:45:56.660000,"(datetime.datetime(2026, 9, 29, 16, 58, 42, 619000),)",2a3c600a
408654234,-778339763,3355,1:45:56.690000,"(datetime.datetime(2026, 9, 29, 16, 58, 42, 643000),)",2a3c600d
408654172,-778340038,3355,1:45:56.700000,"(datetime.datetime(2026, 9, 29, 16, 58, 42, 654000),)",2a3c600d
408652698,-778346583,3367,1:45:56.750000,"(datetime.datetime(2026, 9, 29, 16, 58, 42, 706000),)",2a3c600a
408654112,-778340312,3355,1:45:56.780000,"(datetime.datetime(2026, 9, 29, 16, 58, 42, 738000),)",2a3c600d
408652639,-778346858,3367,1:45:56.850000,"(datetime.datetime(2026, 9, 29, 16, 58, 42, 808000),)",2a3c600a
408654051,-778340585,3355,1:45:56.870000,"(datetime.datetime(2026, 9, 29, 16, 58, 42, 826000),)",2a3c600d
408652580,-778347134,3366,1:45:56.950000,"(datetime.datetime(2026, 9, 29, 16, 58, 42, 908000),)",2a3c600a
408653992,-778340860,3355,1:45:56.980000,"(datetime.datetime(2026, 9, 29, 16, 58, 42, 931000),)",2a3c600d
408652520,-778347410,3367,1:45:57.050000,"(datetime.datetime(2026, 9, 29, 16, 58, 43, 7000),)",2a3c600a
408653933,-778341133,3355,1:45:57.080000,"(datetime.datetime(2026, 9, 29, 16, 58, 43, 31000),)",2a3c600d
408652461,-778347686,3366,1:45:57.150000,"(datetime.datetime(2026, 9, 29, 16, 58, 43, 106000),)",2a3c600a
408653876,-778341403,3355,1:45:57.180000,"(datetime.datetime(2026, 9, 29, 16, 58, 43, 131000),)",2a3c600d
408652400,-778347964,3366,1:45:57.250000,"(datetime.datetime(2026, 9, 29, 16, 58, 43, 208000),)",2a3c600a
408653814,-778341675,3354,1:45:57.270000,"(datetime.datetime(2026, 9, 29, 16, 58, 43, 229000),)",2a3c600d
408652341,-778348237,3366,1:45:57.350000,"(datetime.datetime(2026, 9, 29, 16, 58, 43, 306000),)",2a3c600a
408653755,-778341956,3354,1:45:57.370000,"(datetime.datetime(2026, 9, 29, 16, 58, 43, 326000),)",2a3c600d
408652281,-778348513,3366,1:45:57.450000,"(datetime.datetime(2026, 9, 29, 16, 58, 43, 407000),)",2a3c600a
408653695,-778342226,3354,1:45:57.470000,"(datetime.datetime(2026, 9, 29, 16, 58, 43, 426000),)",2a3c600d
408652223,-778348787,3366,1:45:57.560000,"(datetime.datetime(2026, 9, 29, 16, 58, 43, 512000),)",2a3c600a
408653695,-778342226,3354,1:45:57.580000,"(datetime.datetime(2026, 9, 29, 16, 58, 43, 536000),)",2a3c600d
408652164,-778349062,3365,1:45:57.660000,"(datetime.datetime(2026, 9, 29, 16, 58, 43, 612000),)",2a3c600a
408653635,-778342498,3354,1:45:57.670000,"(datetime.datetime(2026, 9, 29, 16, 58, 43, 627000),)",2a3c600d
408652107,-778349336,3365,1:45:57.760000,"(datetime.datetime(2026, 9, 29, 16, 58, 43, 719000),)",2a3c600a
408653512,-778343050,3354,1:45:57.790000,"(datetime.datetime(2026, 9, 29, 16, 58, 43, 743000),)",2a3c600d
408652048,-778349611,3365,1:45:57.950000,"(datetime.datetime(2026, 9, 29, 16, 58, 43, 907000),)",2a3c600a
408653512,-778343050,3354,1:45:58.110000,"(datetime.datetime(2026, 9, 29, 16, 58, 44, 68000),)",2a3c600d
408651991,-778349882,3364,1:45:58.260000,"(datetime.datetime(2026, 9, 29, 16, 58, 44, 218000),)",2a3c600a
408653397,-778343601,3354,1:45:58.430000,"(datetime.datetime(2026, 9, 29, 16, 58, 44, 388000),)",2a3c600d
408651933,-778350154,3364,1:45:58.560000,"(datetime.datetime(2026, 9, 29, 16, 58, 44, 510000),)",2a3c600a
408653335,-778343874,3354,1:45:58.700000,"(datetime.datetime(2026, 9, 29, 16, 58, 44, 652000),)",2a3c600d
408651875,-778350428,3364,1:45:58.740000,"(datetime.datetime(2026, 9, 29, 16, 58, 44, 692000),)",2a3c600a
408653275,-778344147,3353,1:45:58.890000,"(datetime.datetime(2026, 9, 29, 16, 58, 44, 850000),)",2a3c600d
408651810,-778350700,3364,1:45:58.930000,"(datetime.datetime(2026, 9, 29, 16, 58, 44, 885000),)",2a3c600a
408653275,-778344147,3353,1:45:58.990000,"(datetime.datetime(2026, 9, 29, 16, 58, 44, 946000),)",2a3c600d
408651754,-778350965,3363,1:45:59.040000,"(datetime.datetime(2026, 9, 29, 16, 58, 44, 991000),)",2a3c600a
408653215,-778344420,3353,1:45:59.140000,"(datetime.datetime(2026, 9, 29, 16, 58, 45, 99000),)",2a3c600d
408651699,-778351229,3363,1:45:59.270000,"(datetime.datetime(2026, 9, 29, 16, 58, 45, 223000),)",2a3c600a
408653157,-778344694,3353,1:45:59.360000,"(datetime.datetime(2026, 9, 29, 16, 58, 45, 318000),)",2a3c600d
408651645,-778351493,3362,1:45:59.530000,"(datetime.datetime(2026, 9, 29, 16, 58, 45, 481000),)",2a3c600a
408653096,-778344967,3353,1:45:59.580000,"(datetime.datetime(2026, 9, 29, 16, 58, 45, 540000),)",2a3c600d
408651591,-778351755,3362,1:45:59.700000,"(datetime.datetime(2026, 9, 29, 16, 58, 45, 652000),)",2a3c600a
408653037,-778345239,3353,1:45:59.760000,"(datetime.datetime(2026, 9, 29, 16, 58, 45, 716000),)",2a3c600d
408651535,-778352018,3362,1:45:59.890000,"(datetime.datetime(2026, 9, 29, 16, 58, 45, 841000),)",2a3c600a
408652979,-778345509,3353,1:45:59.970000,"(datetime.datetime(2026, 9, 29, 16, 58, 45, 926000),)",2a3c600d
408651480,-778352278,3362,1:46:00.090000,"(datetime.datetime(2026, 9, 29, 16, 58, 46, 46000),)",2a3c600a
408652860,-778346054,3352,1:46:00.180000,"(datetime.datetime(2026, 9, 29, 16, 58, 46, 135000),)",2a3c600d
408651428,-778352534,3362,1:46:00.260000,"(datetime.datetime(2026, 9, 29, 16, 58, 46, 213000),)",2a3c600a
408652801,-778346327,3352,1:46:00.380000,"(datetime.datetime(2026, 9, 29, 16, 58, 46, 335000),)",2a3c600d
408651373,-778352794,3362,1:46:00.470000,"(datetime.datetime(2026, 9, 29, 16, 58, 46, 426000),)",2a3c600a
408652743,-778346596,3352,1:46:00.490000,"(datetime.datetime(2026, 9, 29, 16, 58, 46, 441000),)",2a3c600d
408651319,-778353048,3362,1:46:00.500000,"(datetime.datetime(2026, 9, 29, 16, 58, 46, 457000),)",2a3c600a
408652743,-778346596,3352,1:46:00.520000,"(datetime.datetime(2026, 9, 29, 16, 58, 46, 471000),)",2a3c600d
408651263,-778353303,3361,1:46:00.550000,"(datetime.datetime(2026, 9, 29, 16, 58, 46, 506000),)",2a3c600a
408652685,-778346869,3352,1:46:00.560000,"(datetime.datetime(2026, 9, 29, 16, 58, 46, 518000),)",2a3c600d
408651210,-778353550,3361,1:46:00.570000,"(datetime.datetime(2026, 9, 29, 16, 58, 46, 529000),)",2a3c600a
408652630,-778347138,3351,1:46:00.620000,"(datetime.datetime(2026, 9, 29, 16, 58, 46, 575000),)",2a3c600d
408651156,-778353799,3360,1:46:00.630000,"(datetime.datetime(2026, 9, 29, 16, 58, 46, 588000),)",2a3c600a
408652569,-778347411,3351,1:46:00.640000,"(datetime.datetime(2026, 9, 29, 16, 58, 46, 600000),)",2a3c600d
408651101,-778354047,3360,1:46:00.690000,"(datetime.datetime(2026, 9, 29, 16, 58, 46, 647000),)",2a3c600a
408652515,-778347679,3351,1:46:00.700000,"(datetime.datetime(2026, 9, 29, 16, 58, 46, 659000),)",2a3c600d
408651049,-778354292,3360,1:46:00.720000,"(datetime.datetime(2026, 9, 29, 16, 58, 46, 670000),)",2a3c600a
408652456,-778347951,3351,1:46:00.770000,"(datetime.datetime(2026, 9, 29, 16, 58, 46, 721000),)",2a3c600d
408650996,-778354541,3360,1:46:00.780000,"(datetime.datetime(2026, 9, 29, 16, 58, 46, 733000),)",2a3c600a
408652398,-778348220,3351,1:46:00.790000,"(datetime.datetime(2026, 9, 29, 16, 58, 46, 748000),)",2a3c600d
408650943,-778354784,3360,1:46:00.830000,"(datetime.datetime(2026, 9, 29, 16, 58, 46, 790000),)",2a3c600a
408652341,-778348491,3351,1:46:00.850000,"(datetime.datetime(2026, 9, 29, 16, 58, 46, 802000),)",2a3c600d
408650892,-778355025,3360,1:46:00.870000,"(datetime.datetime(2026, 9, 29, 16, 58, 46, 825000),)",2a3c600a
408652286,-778348761,3351,1:46:00.910000,"(datetime.datetime(2026, 9, 29, 16, 58, 46, 862000),)",2a3c600d
408650841,-778355265,3359,1:46:00.920000,"(datetime.datetime(2026, 9, 29, 16, 58, 46, 880000),)",2a3c600a
408652226,-778349029,3350,1:46:00.960000,"(datetime.datetime(2026, 9, 29, 16, 58, 46, 914000),)",2a3c600d
408650787,-778355506,3359,1:46:00.970000,"(datetime.datetime(2026, 9, 29, 16, 58, 46, 926000),)",2a3c600a
408652170,-778349298,3350,1:46:00.980000,"(datetime.datetime(2026, 9, 29, 16, 58, 46, 937000),)",2a3c600d
408650734,-778355750,3359,1:46:01.030000,"(datetime.datetime(2026, 9, 29, 16, 58, 46, 988000),)",2a3c600a
408652110,-778349565,3349,1:46:01.050000,"(datetime.datetime(2026, 9, 29, 16, 58, 47, 1000),)",2a3c600d
408650682,-778355982,3359,1:46:01.090000,"(datetime.datetime(2026, 9, 29, 16, 58, 47, 45000),)",2a3c600a
408652054,-778349831,3349,1:46:01.110000,"(datetime.datetime(2026, 9, 29, 16, 58, 47, 60000),)",2a3c600d
408650628,-778356220,3358,1:46:01.150000,"(datetime.datetime(2026, 9, 29, 16, 58, 47, 103000),)",2a3c600a
408651939,-778350365,3349,1:46:01.160000,"(datetime.datetime(2026, 9, 29, 16, 58, 47, 119000),)",2a3c600d
408650575,-778356453,3358,1:46:01.200000,"(datetime.datetime(2026, 9, 29, 16, 58, 47, 159000),)",2a3c600a
408651939,-778350365,3349,1:46:01.220000,"(datetime.datetime(2026, 9, 29, 16, 58, 47, 178000),)",2a3c600d
408650521,-778356687,3358,1:46:01.260000,"(datetime.datetime(2026, 9, 29, 16, 58, 47, 211000),)",2a3c600a
408651880,-778350629,3349,1:46:01.280000,"(datetime.datetime(2026, 9, 29, 16, 58, 47, 232000),)",2a3c600d
408650469,-778356920,3357,1:46:01.320000,"(datetime.datetime(2026, 9, 29, 16, 58, 47, 270000),)",2a3c600a
408651824,-778350898,3349,1:46:01.330000,"(datetime.datetime(2026, 9, 29, 16, 58, 47, 282000),)",2a3c600d
408650416,-778357154,3357,1:46:01.370000,"(datetime.datetime(2026, 9, 29, 16, 58, 47, 323000),)",2a3c600a
408651768,-778351163,3348,1:46:01.380000,"(datetime.datetime(2026, 9, 29, 16, 58, 47, 337000),)",2a3c600d
408650362,-778357384,3357,1:46:01.390000,"(datetime.datetime(2026, 9, 29, 16, 58, 47, 349000),)",2a3c600a
408651708,-778351428,3348,1:46:01.410000,"(datetime.datetime(2026, 9, 29, 16, 58, 47, 361000),)",2a3c600d
408650308,-778357615,3357,1:46:01.450000,"(datetime.datetime(2026, 9, 29, 16, 58, 47, 408000),)",2a3c600a
408651650,-778351692,3348,1:46:01.470000,"(datetime.datetime(2026, 9, 29, 16, 58, 47, 426000),)",2a3c600d
408650255,-778357842,3356,1:46:01.500000,"(datetime.datetime(2026, 9, 29, 16, 58, 47, 454000),)",2a3c600a
408651594,-778351956,3348,1:46:01.520000,"(datetime.datetime(2026, 9, 29, 16, 58, 47, 471000),)",2a3c600d
408650202,-778358077,3356,1:46:01.560000,"(datetime.datetime(2026, 9, 29, 16, 58, 47, 515000),)",2a3c600a
408651539,-778352222,3348,1:46:01.570000,"(datetime.datetime(2026, 9, 29, 16, 58, 47, 528000),)",2a3c600d
408650145,-778358304,3356,1:46:01.590000,"(datetime.datetime(2026, 9, 29, 16, 58, 47, 541000),)",2a3c600a
408651484,-778352484,3347,1:46:01.620000,"(datetime.datetime(2026, 9, 29, 16, 58, 47, 577000),)",2a3c600d
408650091,-778358527,3355,1:46:01.650000,"(datetime.datetime(2026, 9, 29, 16, 58, 47, 603000),)",2a3c600a
408651429,-778352743,3347,1:46:01.680000,"(datetime.datetime(2026, 9, 29, 16, 58, 47, 638000),)",2a3c600d
408650035,-778358752,3355,1:46:01.690000,"(datetime.datetime(2026, 9, 29, 16, 58, 47, 649000),)",2a3c600a
408651375,-778353005,3347,1:46:01.700000,"(datetime.datetime(2026, 9, 29, 16, 58, 47, 660000),)",2a3c600d
408649978,-778358976,3355,1:46:01.750000,"(datetime.datetime(2026, 9, 29, 16, 58, 47, 704000),)",2a3c600a
408651316,-778353265,3347,1:46:01.760000,"(datetime.datetime(2026, 9, 29, 16, 58, 47, 716000),)",2a3c600d
408649923,-778359199,3355,1:46:01.780000,"(datetime.datetime(2026, 9, 29, 16, 58, 47, 733000),)",2a3c600a
408651261,-778353522,3347,1:46:01.810000,"(datetime.datetime(2026, 9, 29, 16, 58, 47, 770000),)",2a3c600d
408649865,-778359422,3355,1:46:01.830000,"(datetime.datetime(2026, 9, 29, 16, 58, 47, 790000),)",2a3c600a
408651205,-778353781,3347,1:46:01.870000,"(datetime.datetime(2026, 9, 29, 16, 58, 47, 824000),)",2a3c600d
408649809,-778359639,3354,1:46:01.930000,"(datetime.datetime(2026, 9, 29, 16, 58, 47, 885000),)",2a3c600a
408651152,-778354035,3346,1:46:01.970000,"(datetime.datetime(2026, 9, 29, 16, 58, 47, 922000),)",2a3c600d
408649751,-778359858,3354,1:46:02.030000,"(datetime.datetime(2026, 9, 29, 16, 58, 47, 986000),)",2a3c600a
408651100,-778354294,3346,1:46:02.070000,"(datetime.datetime(2026, 9, 29, 16, 58, 48, 22000),)",2a3c600d
408649692,-778360076,3353,1:46:02.140000,"(datetime.datetime(2026, 9, 29, 16, 58, 48, 99000),)",2a3c600a
408651046,-778354547,3346,1:46:02.170000,"(datetime.datetime(2026, 9, 29, 16, 58, 48, 124000),)",2a3c600d
408649632,-778360298,3353,1:46:02.240000,"(datetime.datetime(2026, 9, 29, 16, 58, 48, 199000),)",2a3c600a
408650993,-778354806,3346,1:46:02.270000,"(datetime.datetime(2026, 9, 29, 16, 58, 48, 225000),)",2a3c600d
408649572,-778360511,3353,1:46:02.340000,"(datetime.datetime(2026, 9, 29, 16, 58, 48, 293000),)",2a3c600a
408650941,-778355058,3346,1:46:02.390000,"(datetime.datetime(2026, 9, 29, 16, 58, 48, 342000),)",2a3c600d
408649511,-778360727,3353,1:46:02.430000,"(datetime.datetime(2026, 9, 29, 16, 58, 48, 386000),)",2a3c600a
408650889,-778355312,3346,1:46:02.470000,"(datetime.datetime(2026, 9, 29, 16, 58, 48, 421000),)",2a3c600d
408649450,-778360938,3352,1:46:02.530000,"(datetime.datetime(2026, 9, 29, 16, 58, 48, 485000),)",2a3c600a
408650836,-778355561,3345,1:46:02.570000,"(datetime.datetime(2026, 9, 29, 16, 58, 48, 522000),)",2a3c600d
408649387,-778361150,3352,1:46:02.640000,"(datetime.datetime(2026, 9, 29, 16, 58, 48, 592000),)",2a3c600a
408650781,-778355814,3345,1:46:02.670000,"(datetime.datetime(2026, 9, 29, 16, 58, 48, 622000),)",2a3c600d
408649322,-778361361,3352,1:46:02.730000,"(datetime.datetime(2026, 9, 29, 16, 58, 48, 685000),)",2a3c600a
408650728,-778356060,3345,1:46:02.770000,"(datetime.datetime(2026, 9, 29, 16, 58, 48, 726000),)",2a3c600d
408649259,-778361571,3352,1:46:02.830000,"(datetime.datetime(2026, 9, 29, 16, 58, 48, 784000),)",2a3c600a
408650674,-778356313,3344,1:46:02.870000,"(datetime.datetime(2026, 9, 29, 16, 58, 48, 822000),)",2a3c600d
408649194,-778361782,3352,1:46:02.940000,"(datetime.datetime(2026, 9, 29, 16, 58, 48, 890000),)",2a3c600a
408650620,-778356562,3344,1:46:02.970000,"(datetime.datetime(2026, 9, 29, 16, 58, 48, 924000),)",2a3c600d
408649127,-778361990,3351,1:46:03.030000,"(datetime.datetime(2026, 9, 29, 16, 58, 48, 985000),)",2a3c600a
408650567,-778356808,3343,1:46:03.070000,"(datetime.datetime(2026, 9, 29, 16, 58, 49, 27000),)",2a3c600d
408649061,-778362197,3351,1:46:03.130000,"(datetime.datetime(2026, 9, 29, 16, 58, 49, 85000),)",2a3c600a
408650515,-778357053,3343,1:46:03.170000,"(datetime.datetime(2026, 9, 29, 16, 58, 49, 128000),)",2a3c600d
408648992,-778362406,3351,1:46:03.230000,"(datetime.datetime(2026, 9, 29, 16, 58, 49, 185000),)",2a3c600a
408650461,-778357302,3343,1:46:03.270000,"(datetime.datetime(2026, 9, 29, 16, 58, 49, 223000),)",2a3c600d
408648923,-778362605,3350,1:46:03.330000,"(datetime.datetime(2026, 9, 29, 16, 58, 49, 284000),)",2a3c600a
408650408,-778357541,3343,1:46:03.380000,"(datetime.datetime(2026, 9, 29, 16, 58, 49, 330000),)",2a3c600d
408648852,-778362811,3350,1:46:03.440000,"(datetime.datetime(2026, 9, 29, 16, 58, 49, 394000),)",2a3c600a
408650351,-778357786,3343,1:46:03.480000,"(datetime.datetime(2026, 9, 29, 16, 58, 49, 434000),)",2a3c600d
408648781,-778363013,3350,1:46:03.540000,"(datetime.datetime(2026, 9, 29, 16, 58, 49, 495000),)",2a3c600a
408650298,-778358027,3343,1:46:03.570000,"(datetime.datetime(2026, 9, 29, 16, 58, 49, 526000),)",2a3c600d
408648709,-778363213,3350,1:46:03.630000,"(datetime.datetime(2026, 9, 29, 16, 58, 49, 584000),)",2a3c600a
408650243,-778358269,3342,1:46:03.670000,"(datetime.datetime(2026, 9, 29, 16, 58, 49, 626000),)",2a3c600d
408648637,-778363413,3349,1:46:03.730000,"(datetime.datetime(2026, 9, 29, 16, 58, 49, 685000),)",2a3c600a
408650184,-778358507,3342,1:46:03.770000,"(datetime.datetime(2026, 9, 29, 16, 58, 49, 721000),)",2a3c600d
408648563,-778363610,3349,1:46:03.830000,"(datetime.datetime(2026, 9, 29, 16, 58, 49, 784000),)",2a3c600a
408650128,-778358747,3342,1:46:03.870000,"(datetime.datetime(2026, 9, 29, 16, 58, 49, 822000),)",2a3c600d
408648490,-778363809,3349,1:46:03.930000,"(datetime.datetime(2026, 9, 29, 16, 58, 49, 884000),)",2a3c600a
408650069,-778358985,3342,1:46:03.970000,"(datetime.datetime(2026, 9, 29, 16, 58, 49, 923000),)",2a3c600d
408648415,-778364006,3349,1:46:04.030000,"(datetime.datetime(2026, 9, 29, 16, 58, 49, 986000),)",2a3c600a
408650012,-778359222,3341,1:46:04.070000,"(datetime.datetime(2026, 9, 29, 16, 58, 50, 22000),)",2a3c600d
408648338,-778364201,3349,1:46:04.130000,"(datetime.datetime(2026, 9, 29, 16, 58, 50, 84000),)",2a3c600a
408649952,-778359459,3341,1:46:04.170000,"(datetime.datetime(2026, 9, 29, 16, 58, 50, 122000),)",2a3c600d
408648267,-778364393,3348,1:46:04.230000,"(datetime.datetime(2026, 9, 29, 16, 58, 50, 185000),)",2a3c600a
408649895,-778359696,3340,1:46:04.270000,"(datetime.datetime(2026, 9, 29, 16, 58, 50, 221000),)",2a3c600d
408648183,-778364581,3348,1:46:04.340000,"(datetime.datetime(2026, 9, 29, 16, 58, 50, 292000),)",2a3c600a
408649835,-778359932,3340,1:46:04.370000,"(datetime.datetime(2026, 9, 29, 16, 58, 50, 321000),)",2a3c600d
408648102,-778364769,3347,1:46:04.430000,"(datetime.datetime(2026, 9, 29, 16, 58, 50, 384000),)",2a3c600a
408649774,-778360162,3340,1:46:04.470000,"(datetime.datetime(2026, 9, 29, 16, 58, 50, 426000),)",2a3c600d
408648019,-778364959,3347,1:46:04.530000,"(datetime.datetime(2026, 9, 29, 16, 58, 50, 486000),)",2a3c600a
408649712,-778360396,3339,1:46:04.570000,"(datetime.datetime(2026, 9, 29, 16, 58, 50, 526000),)",2a3c600d
408647935,-778365141,3347,1:46:04.630000,"(datetime.datetime(2026, 9, 29, 16, 58, 50, 584000),)",2a3c600a
408649651,-778360623,3339,1:46:04.670000,"(datetime.datetime(2026, 9, 29, 16, 58, 50, 621000),)",2a3c600d
408647849,-778365326,3347,1:46:04.730000,"(datetime.datetime(2026, 9, 29, 16, 58, 50, 685000),)",2a3c600a
408649589,-778360855,3339,1:46:04.770000,"(datetime.datetime(2026, 9, 29, 16, 58, 50, 723000),)",2a3c600d
408647763,-778365509,3347,1:46:04.830000,"(datetime.datetime(2026, 9, 29, 16, 58, 50, 787000),)",2a3c600a
408649525,-778361081,3339,1:46:04.870000,"(datetime.datetime(2026, 9, 29, 16, 58, 50, 822000),)",2a3c600d
408647676,-778365691,3347,1:46:04.930000,"(datetime.datetime(2026, 9, 29, 16, 58, 50, 885000),)",2a3c600a
408649460,-778361309,3339,1:46:04.970000,"(datetime.datetime(2026, 9, 29, 16, 58, 50, 923000),)",2a3c600d
408647584,-778365869,3347,1:46:05.030000,"(datetime.datetime(2026, 9, 29, 16, 58, 50, 986000),)",2a3c600a
408649396,-778361536,3339,1:46:05.080000,"(datetime.datetime(2026, 9, 29, 16, 58, 51, 34000),)",2a3c600d
408647494,-778366046,3347,1:46:05.130000,"(datetime.datetime(2026, 9, 29, 16, 58, 51, 85000),)",2a3c600a
408649331,-778361761,3338,1:46:05.170000,"(datetime.datetime(2026, 9, 29, 16, 58, 51, 123000),)",2a3c600d
408647407,-778366227,3347,1:46:05.230000,"(datetime.datetime(2026, 9, 29, 16, 58, 51, 184000),)",2a3c600a
408649266,-778361991,3338,1:46:05.270000,"(datetime.datetime(2026, 9, 29, 16, 58, 51, 221000),)",2a3c600d
408647311,-778366398,3346,1:46:05.330000,"(datetime.datetime(2026, 9, 29, 16, 58, 51, 284000),)",2a3c600a
408649196,-778362208,3337,1:46:05.370000,"(datetime.datetime(2026, 9, 29, 16, 58, 51, 321000),)",2a3c600d
408647216,-778366570,3346,1:46:05.440000,"(datetime.datetime(2026, 9, 29, 16, 58, 51, 394000),)",2a3c600a
408649123,-778362431,3337,1:46:05.470000,"(datetime.datetime(2026, 9, 29, 16, 58, 51, 422000),)",2a3c600d
408647117,-778366739,3346,1:46:05.530000,"(datetime.datetime(2026, 9, 29, 16, 58, 51, 488000),)",2a3c600a
408649051,-778362652,3337,1:46:05.570000,"(datetime.datetime(2026, 9, 29, 16, 58, 51, 523000),)",2a3c600d
408647022,-778366907,3345,1:46:05.640000,"(datetime.datetime(2026, 9, 29, 16, 58, 51, 597000),)",2a3c600a
408648976,-778362870,3336,1:46:05.680000,"(datetime.datetime(2026, 9, 29, 16, 58, 51, 630000),)",2a3c600d
408646921,-778367073,3346,1:46:05.730000,"(datetime.datetime(2026, 9, 29, 16, 58, 51, 684000),)",2a3c600a
408648900,-778363085,3336,1:46:05.770000,"(datetime.datetime(2026, 9, 29, 16, 58, 51, 721000),)",2a3c600d
408646821,-778367235,3346,1:46:05.830000,"(datetime.datetime(2026, 9, 29, 16, 58, 51, 785000),)",2a3c600a
408648822,-778363299,3336,1:46:05.870000,"(datetime.datetime(2026, 9, 29, 16, 58, 51, 822000),)",2a3c600d
408646718,-778367399,3346,1:46:05.940000,"(datetime.datetime(2026, 9, 29, 16, 58, 51, 890000),)",2a3c600a
408648741,-778363510,3336,1:46:05.970000,"(datetime.datetime(2026, 9, 29, 16, 58, 51, 921000),)",2a3c600d
408646616,-778367558,3346,1:46:06.030000,"(datetime.datetime(2026, 9, 29, 16, 58, 51, 986000),)",2a3c600a
408648661,-778363718,3335,1:46:06.070000,"(datetime.datetime(2026, 9, 29, 16, 58, 52, 22000),)",2a3c600d
408646511,-778367720,3346,1:46:06.130000,"(datetime.datetime(2026, 9, 29, 16, 58, 52, 85000),)",2a3c600a
408648577,-778363929,3335,1:46:06.170000,"(datetime.datetime(2026, 9, 29, 16, 58, 52, 126000),)",2a3c600d
408646411,-778367882,3346,1:46:06.230000,"(datetime.datetime(2026, 9, 29, 16, 58, 52, 184000),)",2a3c600a
408648498,-778364142,3335,1:46:06.270000,"(datetime.datetime(2026, 9, 29, 16, 58, 52, 223000),)",2a3c600d
408646303,-778368032,3346,1:46:06.330000,"(datetime.datetime(2026, 9, 29, 16, 58, 52, 284000),)",2a3c600a
408648410,-778364343,3335,1:46:06.380000,"(datetime.datetime(2026, 9, 29, 16, 58, 52, 333000),)",2a3c600d
408646197,-778368185,3345,1:46:06.430000,"(datetime.datetime(2026, 9, 29, 16, 58, 52, 388000),)",2a3c600a
408648323,-778364545,3335,1:46:06.470000,"(datetime.datetime(2026, 9, 29, 16, 58, 52, 421000),)",2a3c600d
408646088,-778368338,3345,1:46:06.530000,"(datetime.datetime(2026, 9, 29, 16, 58, 52, 484000),)",2a3c600a
408648234,-778364746,3335,1:46:06.570000,"(datetime.datetime(2026, 9, 29, 16, 58, 52, 522000),)",2a3c600d
408645978,-778368486,3345,1:46:06.630000,"(datetime.datetime(2026, 9, 29, 16, 58, 52, 587000),)",2a3c600a
408648145,-778364943,3335,1:46:06.670000,"(datetime.datetime(2026, 9, 29, 16, 58, 52, 622000),)",2a3c600d
408645869,-778368632,3345,1:46:06.740000,"(datetime.datetime(2026, 9, 29, 16, 58, 52, 693000),)",2a3c600a
408648052,-778365137,3335,1:46:06.770000,"(datetime.datetime(2026, 9, 29, 16, 58, 52, 721000),)",2a3c600d
408645758,-778368775,3344,1:46:06.830000,"(datetime.datetime(2026, 9, 29, 16, 58, 52, 785000),)",2a3c600a
408647958,-778365332,3334,1:46:06.870000,"(datetime.datetime(2026, 9, 29, 16, 58, 52, 821000),)",2a3c600d
408645645,-778368919,3344,1:46:06.930000,"(datetime.datetime(2026, 9, 29, 16, 58, 52, 885000),)",2a3c600a
408647866,-778365524,3334,1:46:06.970000,"(datetime.datetime(2026, 9, 29, 16, 58, 52, 923000),)",2a3c600d
408645532,-778369060,3344,1:46:07.030000,"(datetime.datetime(2026, 9, 29, 16, 58, 52, 984000),)",2a3c600a
408647770,-778365719,3334,1:46:07.070000,"(datetime.datetime(2026, 9, 29, 16, 58, 53, 21000),)",2a3c600d
408645419,-778369200,3344,1:46:07.140000,"(datetime.datetime(2026, 9, 29, 16, 58, 53, 91000),)",2a3c600a
408647673,-778365905,3334,1:46:07.170000,"(datetime.datetime(2026, 9, 29, 16, 58, 53, 127000),)",2a3c600d
408645310,-778369344,3344,1:46:07.240000,"(datetime.datetime(2026, 9, 29, 16, 58, 53, 196000),)",2a3c600a
408647578,-778366104,3334,1:46:07.270000,"(datetime.datetime(2026, 9, 29, 16, 58, 53, 225000),)",2a3c600d
408645193,-778369475,3343,1:46:07.330000,"(datetime.datetime(2026, 9, 29, 16, 58, 53, 285000),)",2a3c600a
408647474,-778366286,3334,1:46:07.370000,"(datetime.datetime(2026, 9, 29, 16, 58, 53, 325000),)",2a3c600d
408645079,-778369608,3343,1:46:07.430000,"(datetime.datetime(2026, 9, 29, 16, 58, 53, 384000),)",2a3c600a
408647374,-778366474,3333,1:46:07.470000,"(datetime.datetime(2026, 9, 29, 16, 58, 53, 426000),)",2a3c600d
408647272,-778366656,3333,1:46:07.530000,"(datetime.datetime(2026, 9, 29, 16, 58, 53, 485000),)",2a3c600d
408644964,-778369742,3343,1:46:07.550000,"(datetime.datetime(2026, 9, 29, 16, 58, 53, 503000),)",2a3c600a
408647169,-778366839,3333,1:46:07.630000,"(datetime.datetime(2026, 9, 29, 16, 58, 53, 584000),)",2a3c600d
408644847,-778369871,3342,1:46:07.650000,"(datetime.datetime(2026, 9, 29, 16, 58, 53, 608000),)",2a3c600a
408647065,-778367020,3333,1:46:07.730000,"(datetime.datetime(2026, 9, 29, 16, 58, 53, 689000),)",2a3c600d
408644732,-778369998,3343,1:46:07.760000,"(datetime.datetime(2026, 9, 29, 16, 58, 53, 713000),)",2a3c600a
408646959,-778367199,3333,1:46:07.830000,"(datetime.datetime(2026, 9, 29, 16, 58, 53, 785000),)",2a3c600d
408644615,-778370125,3343,1:46:07.840000,"(datetime.datetime(2026, 9, 29, 16, 58, 53, 798000),)",2a3c600a
408646850,-778367375,3333,1:46:07.930000,"(datetime.datetime(2026, 9, 29, 16, 58, 53, 887000),)",2a3c600d
408644494,-778370249,3342,1:46:07.960000,"(datetime.datetime(2026, 9, 29, 16, 58, 53, 913000),)",2a3c600a
408646744,-778367548,3333,1:46:08.030000,"(datetime.datetime(2026, 9, 29, 16, 58, 53, 990000),)",2a3c600d
408644374,-778370373,3342,1:46:08.050000,"(datetime.datetime(2026, 9, 29, 16, 58, 54, 7000),)",2a3c600a
408646634,-778367722,3333,1:46:08.130000,"(datetime.datetime(2026, 9, 29, 16, 58, 54, 85000),)",2a3c600d
408644253,-778370494,3342,1:46:08.150000,"(datetime.datetime(2026, 9, 29, 16, 58, 54, 102000),)",2a3c600a
408646528,-778367904,3332,1:46:08.230000,"(datetime.datetime(2026, 9, 29, 16, 58, 54, 186000),)",2a3c600d
408644137,-778370620,3341,1:46:08.250000,"(datetime.datetime(2026, 9, 29, 16, 58, 54, 208000),)",2a3c600a
408646414,-778368068,3333,1:46:08.330000,"(datetime.datetime(2026, 9, 29, 16, 58, 54, 283000),)",2a3c600d
408644014,-778370735,3341,1:46:08.340000,"(datetime.datetime(2026, 9, 29, 16, 58, 54, 298000),)",2a3c600a
408646300,-778368237,3332,1:46:08.430000,"(datetime.datetime(2026, 9, 29, 16, 58, 54, 385000),)",2a3c600d
408643891,-778370852,3341,1:46:08.450000,"(datetime.datetime(2026, 9, 29, 16, 58, 54, 406000),)",2a3c600a
408646185,-778368402,3332,1:46:08.530000,"(datetime.datetime(2026, 9, 29, 16, 58, 54, 483000),)",2a3c600d
408643773,-778370968,3341,1:46:08.540000,"(datetime.datetime(2026, 9, 29, 16, 58, 54, 496000),)",2a3c600a
408646071,-778368566,3332,1:46:08.630000,"(datetime.datetime(2026, 9, 29, 16, 58, 54, 584000),)",2a3c600d
408643650,-778371082,3341,1:46:08.650000,"(datetime.datetime(2026, 9, 29, 16, 58, 54, 608000),)",2a3c600a
408645952,-778368726,3332,1:46:08.730000,"(datetime.datetime(2026, 9, 29, 16, 58, 54, 683000),)",2a3c600d
408643528,-778371194,3341,1:46:08.750000,"(datetime.datetime(2026, 9, 29, 16, 58, 54, 707000),)",2a3c600a
408645832,-778368885,3332,1:46:08.830000,"(datetime.datetime(2026, 9, 29, 16, 58, 54, 784000),)",2a3c600d
408643405,-778371306,3341,1:46:08.850000,"(datetime.datetime(2026, 9, 29, 16, 58, 54, 808000),)",2a3c600a
408643281,-778371415,3340,1:46:08.930000,"(datetime.datetime(2026, 9, 29, 16, 58, 54, 885000),)",2a3c600a
408645715,-778369042,3331,1:46:08.960000,"(datetime.datetime(2026, 9, 29, 16, 58, 54, 912000),)",2a3c600d
408645593,-778369197,3331,1:46:09.050000,"(datetime.datetime(2026, 9, 29, 16, 58, 55, 4000),)",2a3c600d
408643157,-778371521,3340,1:46:09.070000,"(datetime.datetime(2026, 9, 29, 16, 58, 55, 28000),)",2a3c600a
408645473,-778369349,3331,1:46:09.130000,"(datetime.datetime(2026, 9, 29, 16, 58, 55, 84000),)",2a3c600d
408643033,-778371625,3340,1:46:09.150000,"(datetime.datetime(2026, 9, 29, 16, 58, 55, 109000),)",2a3c600a
408645357,-778369512,3331,1:46:09.230000,"(datetime.datetime(2026, 9, 29, 16, 58, 55, 183000),)",2a3c600d
408642912,-778371734,3340,1:46:09.250000,"(datetime.datetime(2026, 9, 29, 16, 58, 55, 207000),)",2a3c600a
408645232,-778369657,3330,1:46:09.330000,"(datetime.datetime(2026, 9, 29, 16, 58, 55, 283000),)",2a3c600d
408642786,-778371829,3340,1:46:09.350000,"(datetime.datetime(2026, 9, 29, 16, 58, 55, 304000),)",2a3c600a
408645107,-778369808,3330,1:46:09.430000,"(datetime.datetime(2026, 9, 29, 16, 58, 55, 385000),)",2a3c600d
408642660,-778371933,3341,1:46:09.440000,"(datetime.datetime(2026, 9, 29, 16, 58, 55, 397000),)",2a3c600a
408644985,-778369954,3330,1:46:09.530000,"(datetime.datetime(2026, 9, 29, 16, 58, 55, 484000),)",2a3c600d
408642533,-778372029,3340,1:46:09.550000,"(datetime.datetime(2026, 9, 29, 16, 58, 55, 507000),)",2a3c600a
408644858,-778370099,3330,1:46:09.630000,"(datetime.datetime(2026, 9, 29, 16, 58, 55, 586000),)",2a3c600d
408642408,-778372127,3340,1:46:09.650000,"(datetime.datetime(2026, 9, 29, 16, 58, 55, 602000),)",2a3c600a
408644731,-778370242,3330,1:46:09.730000,"(datetime.datetime(2026, 9, 29, 16, 58, 55, 686000),)",2a3c600d
408642281,-778372219,3340,1:46:09.750000,"(datetime.datetime(2026, 9, 29, 16, 58, 55, 709000),)",2a3c600a
408644601,-778370383,3330,1:46:09.830000,"(datetime.datetime(2026, 9, 29, 16, 58, 55, 784000),)",2a3c600d
408642154,-778372313,3340,1:46:09.850000,"(datetime.datetime(2026, 9, 29, 16, 58, 55, 801000),)",2a3c600a
408644471,-778370518,3330,1:46:09.930000,"(datetime.datetime(2026, 9, 29, 16, 58, 55, 886000),)",2a3c600d
408642027,-778372397,3340,1:46:09.960000,"(datetime.datetime(2026, 9, 29, 16, 58, 55, 916000),)",2a3c600a
408644341,-778370650,3329,1:46:10.030000,"(datetime.datetime(2026, 9, 29, 16, 58, 55, 984000),)",2a3c600d
408641899,-778372486,3340,1:46:10.040000,"(datetime.datetime(2026, 9, 29, 16, 58, 56),)",2a3c600a
408644208,-778370784,3329,1:46:10.130000,"(datetime.datetime(2026, 9, 29, 16, 58, 56, 84000),)",2a3c600d
408641770,-778372569,3339,1:46:10.150000,"(datetime.datetime(2026, 9, 29, 16, 58, 56, 107000),)",2a3c600a
408641643,-778372659,3339,1:46:10.230000,"(datetime.datetime(2026, 9, 29, 16, 58, 56, 184000),)",2a3c600a
408644083,-778370926,3329,1:46:10.250000,"(datetime.datetime(2026, 9, 29, 16, 58, 56, 205000),)",2a3c600d
408643947,-778371050,3328,1:46:10.330000,"(datetime.datetime(2026, 9, 29, 16, 58, 56, 283000),)",2a3c600d
408641513,-778372735,3339,1:46:10.350000,"(datetime.datetime(2026, 9, 29, 16, 58, 56, 303000),)",2a3c600a
408643815,-778371173,3329,1:46:10.430000,"(datetime.datetime(2026, 9, 29, 16, 58, 56, 384000),)",2a3c600d
408641382,-778372814,3339,1:46:10.500000,"(datetime.datetime(2026, 9, 29, 16, 58, 56, 452000),)",2a3c600a
408643681,-778371299,3328,1:46:10.530000,"(datetime.datetime(2026, 9, 29, 16, 58, 56, 486000),)",2a3c600d
408641382,-778372814,3339,1:46:10.560000,"(datetime.datetime(2026, 9, 29, 16, 58, 56, 517000),)",2a3c600a
408643546,-778371420,3328,1:46:10.630000,"(datetime.datetime(2026, 9, 29, 16, 58, 56, 584000),)",2a3c600d
408641251,-778372889,3338,1:46:10.650000,"(datetime.datetime(2026, 9, 29, 16, 58, 56, 606000),)",2a3c600a
408643410,-778371540,3328,1:46:10.730000,"(datetime.datetime(2026, 9, 29, 16, 58, 56, 687000),)",2a3c600d
408641124,-778372961,3339,1:46:10.760000,"(datetime.datetime(2026, 9, 29, 16, 58, 56, 713000),)",2a3c600a
408643277,-778371653,3327,1:46:10.830000,"(datetime.datetime(2026, 9, 29, 16, 58, 56, 783000),)",2a3c600d
408640992,-778373034,3339,1:46:10.850000,"(datetime.datetime(2026, 9, 29, 16, 58, 56, 806000),)",2a3c600a
408643142,-778371767,3327,1:46:10.930000,"(datetime.datetime(2026, 9, 29, 16, 58, 56, 885000),)",2a3c600d
408640860,-778373101,3338,1:46:10.950000,"(datetime.datetime(2026, 9, 29, 16, 58, 56, 906000),)",2a3c600a
408643006,-778371873,3327,1:46:11.030000,"(datetime.datetime(2026, 9, 29, 16, 58, 56, 983000),)",2a3c600d
408640728,-778373169,3338,1:46:11.040000,"(datetime.datetime(2026, 9, 29, 16, 58, 56, 997000),)",2a3c600a
408642868,-778371982,3327,1:46:11.130000,"(datetime.datetime(2026, 9, 29, 16, 58, 57, 84000),)",2a3c600d
408640597,-778373232,3338,1:46:11.150000,"(datetime.datetime(2026, 9, 29, 16, 58, 57, 109000),)",2a3c600a
408640465,-778373296,3338,1:46:11.230000,"(datetime.datetime(2026, 9, 29, 16, 58, 57, 185000),)",2a3c600a
408642734,-778372095,3328,1:46:11.250000,"(datetime.datetime(2026, 9, 29, 16, 58, 57, 200000),)",2a3c600d
408642597,-778372191,3328,1:46:11.330000,"(datetime.datetime(2026, 9, 29, 16, 58, 57, 284000),)",2a3c600d
408640334,-778373359,3338,1:46:11.350000,"(datetime.datetime(2026, 9, 29, 16, 58, 57, 309000),)",2a3c600a
408642462,-778372288,3327,1:46:11.400000,"(datetime.datetime(2026, 9, 29, 16, 58, 57, 360000),)",2a3c600d
408640200,-778373413,3337,1:46:11.440000,"(datetime.datetime(2026, 9, 29, 16, 58, 57, 397000),)",2a3c600a
408642324,-778372386,3327,1:46:11.510000,"(datetime.datetime(2026, 9, 29, 16, 58, 57, 464000),)",2a3c600d
408640067,-778373468,3337,1:46:11.530000,"(datetime.datetime(2026, 9, 29, 16, 58, 57, 486000),)",2a3c600a
408642190,-778372480,3327,1:46:11.600000,"(datetime.datetime(2026, 9, 29, 16, 58, 57, 559000),)",2a3c600d
408639933,-778373523,3337,1:46:11.630000,"(datetime.datetime(2026, 9, 29, 16, 58, 57, 583000),)",2a3c600a
408642051,-778372570,3327,1:46:11.700000,"(datetime.datetime(2026, 9, 29, 16, 58, 57, 658000),)",2a3c600d
408639803,-778373572,3337,1:46:11.730000,"(datetime.datetime(2026, 9, 29, 16, 58, 57, 684000),)",2a3c600a
408641913,-778372658,3327,1:46:11.800000,"(datetime.datetime(2026, 9, 29, 16, 58, 57, 759000),)",2a3c600d
408639665,-778373621,3336,1:46:11.830000,"(datetime.datetime(2026, 9, 29, 16, 58, 57, 784000),)",2a3c600a
408641774,-778372745,3327,1:46:11.910000,"(datetime.datetime(2026, 9, 29, 16, 58, 57, 866000),)",2a3c600d
408639535,-778373672,3336,1:46:11.940000,"(datetime.datetime(2026, 9, 29, 16, 58, 57, 897000),)",2a3c600a
408641633,-778372830,3326,1:46:12.010000,"(datetime.datetime(2026, 9, 29, 16, 58, 57, 962000),)",2a3c600d
408639403,-778373716,3336,1:46:12.030000,"(datetime.datetime(2026, 9, 29, 16, 58, 57, 984000),)",2a3c600a
408641494,-778372911,3326,1:46:12.110000,"(datetime.datetime(2026, 9, 29, 16, 58, 58, 64000),)",2a3c600d
408639271,-778373760,3336,1:46:12.130000,"(datetime.datetime(2026, 9, 29, 16, 58, 58, 88000),)",2a3c600a
408641358,-778373002,3326,1:46:12.200000,"(datetime.datetime(2026, 9, 29, 16, 58, 58, 160000),)",2a3c600d
408639136,-778373803,3336,1:46:12.230000,"(datetime.datetime(2026, 9, 29, 16, 58, 58, 186000),)",2a3c600a
408641217,-778373070,3326,1:46:12.300000,"(datetime.datetime(2026, 9, 29, 16, 58, 58, 258000),)",2a3c600d
408639000,-778373849,3336,1:46:12.330000,"(datetime.datetime(2026, 9, 29, 16, 58, 58, 284000),)",2a3c600a
408641076,-778373147,3326,1:46:12.400000,"(datetime.datetime(2026, 9, 29, 16, 58, 58, 360000),)",2a3c600d
408638864,-778373877,3336,1:46:12.430000,"(datetime.datetime(2026, 9, 29, 16, 58, 58, 384000),)",2a3c600a
408640935,-778373218,3325,1:46:12.500000,"(datetime.datetime(2026, 9, 29, 16, 58, 58, 459000),)",2a3c600d
408638730,-778373911,3336,1:46:12.530000,"(datetime.datetime(2026, 9, 29, 16, 58, 58, 486000),)",2a3c600a
408640791,-778373290,3325,1:46:12.610000,"(datetime.datetime(2026, 9, 29, 16, 58, 58, 561000),)",2a3c600d
408638596,-778373942,3336,1:46:12.630000,"(datetime.datetime(2026, 9, 29, 16, 58, 58, 587000),)",2a3c600a
408640652,-778373355,3325,1:46:12.700000,"(datetime.datetime(2026, 9, 29, 16, 58, 58, 660000),)",2a3c600d
408638463,-778373971,3336,1:46:12.730000,"(datetime.datetime(2026, 9, 29, 16, 58, 58, 685000),)",2a3c600a
408640507,-778373425,3325,1:46:12.810000,"(datetime.datetime(2026, 9, 29, 16, 58, 58, 761000),)",2a3c600d
408638328,-778374000,3335,1:46:12.830000,"(datetime.datetime(2026, 9, 29, 16, 58, 58, 789000),)",2a3c600a
408640367,-778373484,3324,1:46:12.930000,"(datetime.datetime(2026, 9, 29, 16, 58, 58, 883000),)",2a3c600d
408638193,-778374027,3336,1:46:13.010000,"(datetime.datetime(2026, 9, 29, 16, 58, 58, 964000),)",2a3c600a
408638057,-778374051,3335,1:46:13.100000,"(datetime.datetime(2026, 9, 29, 16, 58, 59, 57000),)",2a3c600a
408640221,-778373543,3324,1:46:13.180000,"(datetime.datetime(2026, 9, 29, 16, 58, 59, 134000),)",2a3c600d
408640077,-778373606,3323,1:46:13.280000,"(datetime.datetime(2026, 9, 29, 16, 58, 59, 230000),)",2a3c600d
408637919,-778374075,3335,1:46:13.430000,"(datetime.datetime(2026, 9, 29, 16, 58, 59, 389000),)",2a3c600a
408639937,-778373671,3323,1:46:13.640000,"(datetime.datetime(2026, 9, 29, 16, 58, 59, 597000),)",2a3c600d
408637784,-778374099,3335,1:46:13.720000,"(datetime.datetime(2026, 9, 29, 16, 58, 59, 676000),)",2a3c600a
408639795,-778373719,3323,1:46:13.850000,"(datetime.datetime(2026, 9, 29, 16, 58, 59, 809000),)",2a3c600d
408637642,-778374129,3336,1:46:13.930000,"(datetime.datetime(2026, 9, 29, 16, 58, 59, 882000),)",2a3c600a
408637504,-778374142,3335,1:46:14.090000,"(datetime.datetime(2026, 9, 29, 16, 59, 0, 47000),)",2a3c600a
408639650,-778373772,3322,1:46:14.250000,"(datetime.datetime(2026, 9, 29, 16, 59, 0, 208000),)",2a3c600d
408637362,-778374160,3335,1:46:14.330000,"(datetime.datetime(2026, 9, 29, 16, 59, 0, 290000),)",2a3c600a
408639512,-778373827,3322,1:46:14.500000,"(datetime.datetime(2026, 9, 29, 16, 59, 0, 458000),)",2a3c600d
408637225,-778374179,3334,1:46:14.660000,"(datetime.datetime(2026, 9, 29, 16, 59, 0, 617000),)",2a3c600a
408639364,-778373874,3322,1:46:14.730000,"(datetime.datetime(2026, 9, 29, 16, 59, 0, 685000),)",2a3c600d
408637083,-778374194,3334,1:46:14.870000,"(datetime.datetime(2026, 9, 29, 16, 59, 0, 822000),)",2a3c600a
408639224,-778373920,3322,1:46:14.950000,"(datetime.datetime(2026, 9, 29, 16, 59, 0, 905000),)",2a3c600d
408636944,-778374207,3334,1:46:15.090000,"(datetime.datetime(2026, 9, 29, 16, 59, 1, 42000),)",2a3c600a
408639075,-778373961,3322,1:46:15.140000,"(datetime.datetime(2026, 9, 29, 16, 59, 1, 92000),)",2a3c600d
408636802,-778374221,3333,1:46:15.280000,"(datetime.datetime(2026, 9, 29, 16, 59, 1, 232000),)",2a3c600a
408638933,-778374002,3322,1:46:15.300000,"(datetime.datetime(2026, 9, 29, 16, 59, 1, 254000),)",2a3c600d
408636661,-778374232,3333,1:46:15.330000,"(datetime.datetime(2026, 9, 29, 16, 59, 1, 288000),)",2a3c600a
408638789,-778374040,3321,1:46:15.480000,"(datetime.datetime(2026, 9, 29, 16, 59, 1, 438000),)",2a3c600d
408636518,-778374242,3333,1:46:15.690000,"(datetime.datetime(2026, 9, 29, 16, 59, 1, 641000),)",2a3c600a
408638646,-778374075,3321,1:46:15.890000,"(datetime.datetime(2026, 9, 29, 16, 59, 1, 848000),)",2a3c600d
408636372,-778374249,3333,1:46:15.920000,"(datetime.datetime(2026, 9, 29, 16, 59, 1, 879000),)",2a3c600a
408638501,-778374122,3321,1:46:15.970000,"(datetime.datetime(2026, 9, 29, 16, 59, 1, 922000),)",2a3c600d
408636228,-778374266,3333,1:46:16.100000,"(datetime.datetime(2026, 9, 29, 16, 59, 2, 53000),)",2a3c600a
408638359,-778374147,3321,1:46:16.160000,"(datetime.datetime(2026, 9, 29, 16, 59, 2, 116000),)",2a3c600d
408636081,-778374268,3333,1:46:16.300000,"(datetime.datetime(2026, 9, 29, 16, 59, 2, 256000),)",2a3c600a
408638210,-778374177,3321,1:46:16.320000,"(datetime.datetime(2026, 9, 29, 16, 59, 2, 273000),)",2a3c600d
408635937,-778374275,3332,1:46:16.360000,"(datetime.datetime(2026, 9, 29, 16, 59, 2, 318000),)",2a3c600a
408638066,-778374205,3320,1:46:16.550000,"(datetime.datetime(2026, 9, 29, 16, 59, 2, 507000),)",2a3c600d
408635791,-778374279,3332,1:46:16.710000,"(datetime.datetime(2026, 9, 29, 16, 59, 2, 665000),)",2a3c600a
408637919,-778374231,3320,1:46:16.740000,"(datetime.datetime(2026, 9, 29, 16, 59, 2, 692000),)",2a3c600d
408635643,-778374282,3332,1:46:16.770000,"(datetime.datetime(2026, 9, 29, 16, 59, 2, 721000),)",2a3c600a
408637779,-778374254,3320,1:46:16.910000,"(datetime.datetime(2026, 9, 29, 16, 59, 2, 870000),)",2a3c600d
408635495,-778374283,3332,1:46:16.940000,"(datetime.datetime(2026, 9, 29, 16, 59, 2, 895000),)",2a3c600a
408637633,-778374274,3319,1:46:16.970000,"(datetime.datetime(2026, 9, 29, 16, 59, 2, 928000),)",2a3c600d
408635348,-778374283,3331,1:46:17.120000,"(datetime.datetime(2026, 9, 29, 16, 59, 3, 75000),)",2a3c600a
408637490,-778374295,3319,1:46:17.200000,"(datetime.datetime(2026, 9, 29, 16, 59, 3, 158000),)",2a3c600d
408635200,-778374283,3332,1:46:17.230000,"(datetime.datetime(2026, 9, 29, 16, 59, 3, 188000),)",2a3c600a
408637340,-778374313,3319,1:46:17.290000,"(datetime.datetime(2026, 9, 29, 16, 59, 3, 240000),)",2a3c600d
408635052,-778374278,3331,1:46:17.340000,"(datetime.datetime(2026, 9, 29, 16, 59, 3, 298000),)",2a3c600a
408637195,-778374328,3319,1:46:17.410000,"(datetime.datetime(2026, 9, 29, 16, 59, 3, 362000),)",2a3c600d
408634902,-778374273,3331,1:46:17.570000,"(datetime.datetime(2026, 9, 29, 16, 59, 3, 529000),)",2a3c600a
408637051,-778374355,3319,1:46:17.650000,"(datetime.datetime(2026, 9, 29, 16, 59, 3, 610000),)",2a3c600d
408634751,-778374274,3331,1:46:17.700000,"(datetime.datetime(2026, 9, 29, 16, 59, 3, 653000),)",2a3c600a
408636907,-778374365,3318,1:46:17.810000,"(datetime.datetime(2026, 9, 29, 16, 59, 3, 768000),)",2a3c600d
408634600,-778374262,3332,1:46:17.900000,"(datetime.datetime(2026, 9, 29, 16, 59, 3, 858000),)",2a3c600a
408636758,-778374374,3318,1:46:18.050000,"(datetime.datetime(2026, 9, 29, 16, 59, 4, 10000),)",2a3c600d
408634449,-778374253,3331,1:46:18.110000,"(datetime.datetime(2026, 9, 29, 16, 59, 4, 68000),)",2a3c600a
408636611,-778374385,3318,1:46:18.260000,"(datetime.datetime(2026, 9, 29, 16, 59, 4, 215000),)",2a3c600d
408634298,-778374242,3331,1:46:18.310000,"(datetime.datetime(2026, 9, 29, 16, 59, 4, 268000),)",2a3c600a
408636461,-778374395,3318,1:46:18.420000,"(datetime.datetime(2026, 9, 29, 16, 59, 4, 375000),)",2a3c600d
408634146,-778374227,3331,1:46:18.540000,"(datetime.datetime(2026, 9, 29, 16, 59, 4, 493000),)",2a3c600a
408636313,-778374406,3318,1:46:18.600000,"(datetime.datetime(2026, 9, 29, 16, 59, 4, 558000),)",2a3c600d
408633995,-778374209,3331,1:46:18.750000,"(datetime.datetime(2026, 9, 29, 16, 59, 4, 703000),)",2a3c600a
408636164,-778374414,3318,1:46:18.770000,"(datetime.datetime(2026, 9, 29, 16, 59, 4, 723000),)",2a3c600d
408633843,-778374192,3331,1:46:18.800000,"(datetime.datetime(2026, 9, 29, 16, 59, 4, 752000),)",2a3c600a
408636015,-778374423,3318,1:46:18.810000,"(datetime.datetime(2026, 9, 29, 16, 59, 4, 768000),)",2a3c600d
408633690,-778374172,3331,1:46:18.860000,"(datetime.datetime(2026, 9, 29, 16, 59, 4, 813000),)",2a3c600a
408635863,-778374428,3317,1:46:18.880000,"(datetime.datetime(2026, 9, 29, 16, 59, 4, 837000),)",2a3c600d
408633540,-778374147,3330,1:46:18.920000,"(datetime.datetime(2026, 9, 29, 16, 59, 4, 873000),)",2a3c600a
408635863,-778374428,3317,1:46:18.930000,"(datetime.datetime(2026, 9, 29, 16, 59, 4, 890000),)",2a3c600d
408633387,-778374124,3330,1:46:18.990000,"(datetime.datetime(2026, 9, 29, 16, 59, 4, 941000),)",2a3c600a
408635558,-778374442,3317,1:46:19.010000,"(datetime.datetime(2026, 9, 29, 16, 59, 4, 961000),)",2a3c600d
408633235,-778374105,3330,1:46:19.040000,"(datetime.datetime(2026, 9, 29, 16, 59, 4, 996000),)",2a3c600a
408635409,-778374438,3317,1:46:19.060000,"(datetime.datetime(2026, 9, 29, 16, 59, 5, 10000),)",2a3c600d
408633080,-778374074,3330,1:46:19.100000,"(datetime.datetime(2026, 9, 29, 16, 59, 5, 59000),)",2a3c600a
408635256,-778374436,3317,1:46:19.120000,"(datetime.datetime(2026, 9, 29, 16, 59, 5, 79000),)",2a3c600d
408632927,-778374042,3330,1:46:19.170000,"(datetime.datetime(2026, 9, 29, 16, 59, 5, 121000),)",2a3c600a
408635103,-778374430,3317,1:46:19.180000,"(datetime.datetime(2026, 9, 29, 16, 59, 5, 138000),)",2a3c600d
408632777,-778374009,3329,1:46:19.230000,"(datetime.datetime(2026, 9, 29, 16, 59, 5, 180000),)",2a3c600a
408634951,-778374425,3316,1:46:19.240000,"(datetime.datetime(2026, 9, 29, 16, 59, 5, 197000),)",2a3c600d
408632627,-778373974,3329,1:46:19.290000,"(datetime.datetime(2026, 9, 29, 16, 59, 5, 242000),)",2a3c600a
408634799,-778374417,3316,1:46:19.300000,"(datetime.datetime(2026, 9, 29, 16, 59, 5, 257000),)",2a3c600d
408632477,-778373935,3329,1:46:19.310000,"(datetime.datetime(2026, 9, 29, 16, 59, 5, 269000),)",2a3c600a
408634648,-778374406,3316,1:46:19.360000,"(datetime.datetime(2026, 9, 29, 16, 59, 5, 315000),)",2a3c600d
408632324,-778373896,3329,1:46:19.370000,"(datetime.datetime(2026, 9, 29, 16, 59, 5, 328000),)",2a3c600a
408634497,-778374396,3316,1:46:19.390000,"(datetime.datetime(2026, 9, 29, 16, 59, 5, 341000),)",2a3c600d
408632173,-778373854,3329,1:46:19.440000,"(datetime.datetime(2026, 9, 29, 16, 59, 5, 394000),)",2a3c600a
408634497,-778374396,3316,1:46:19.460000,"(datetime.datetime(2026, 9, 29, 16, 59, 5, 411000),)",2a3c600d
408632021,-778373810,3328,1:46:19.490000,"(datetime.datetime(2026, 9, 29, 16, 59, 5, 444000),)",2a3c600a
408634192,-778374367,3315,1:46:19.500000,"(datetime.datetime(2026, 9, 29, 16, 59, 5, 459000),)",2a3c600d
408631872,-778373764,3328,1:46:19.520000,"(datetime.datetime(2026, 9, 29, 16, 59, 5, 474000),)",2a3c600a
408634044,-778374356,3315,1:46:19.560000,"(datetime.datetime(2026, 9, 29, 16, 59, 5, 518000),)",2a3c600d
408633891,-778374331,3315,1:46:19.580000,"(datetime.datetime(2026, 9, 29, 16, 59, 5, 533000),)",2a3c600d
408631721,-778373725,3328,1:46:19.630000,"(datetime.datetime(2026, 9, 29, 16, 59, 5, 582000),)",2a3c600a
408633891,-778374331,3315,1:46:19.640000,"(datetime.datetime(2026, 9, 29, 16, 59, 5, 595000),)",2a3c600d
408631572,-778373666,3328,1:46:19.650000,"(datetime.datetime(2026, 9, 29, 16, 59, 5, 608000),)",2a3c600a
408633586,-778374286,3315,1:46:19.700000,"(datetime.datetime(2026, 9, 29, 16, 59, 5, 655000),)",2a3c600d
408631421,-778373614,3328,1:46:19.720000,"(datetime.datetime(2026, 9, 29, 16, 59, 5, 671000),)",2a3c600a
408633434,-778374259,3314,1:46:19.750000,"(datetime.datetime(2026, 9, 29, 16, 59, 5, 710000),)",2a3c600d
408631270,-778373558,3328,1:46:19.770000,"(datetime.datetime(2026, 9, 29, 16, 59, 5, 725000),)",2a3c600a
408633281,-778374233,3314,1:46:19.780000,"(datetime.datetime(2026, 9, 29, 16, 59, 5, 737000),)",2a3c600d
408631123,-778373500,3327,1:46:19.820000,"(datetime.datetime(2026, 9, 29, 16, 59, 5, 779000),)",2a3c600a
408633127,-778374204,3314,1:46:19.840000,"(datetime.datetime(2026, 9, 29, 16, 59, 5, 792000),)",2a3c600d
408630975,-778373442,3327,1:46:19.850000,"(datetime.datetime(2026, 9, 29, 16, 59, 5, 804000),)",2a3c600a
408632974,-778374172,3314,1:46:19.900000,"(datetime.datetime(2026, 9, 29, 16, 59, 5, 852000),)",2a3c600d
408630824,-778373382,3327,1:46:19.910000,"(datetime.datetime(2026, 9, 29, 16, 59, 5, 865000),)",2a3c600a
408632824,-778374137,3314,1:46:19.920000,"(datetime.datetime(2026, 9, 29, 16, 59, 5, 877000),)",2a3c600d
408630674,-778373317,3327,1:46:19.970000,"(datetime.datetime(2026, 9, 29, 16, 59, 5, 927000),)",2a3c600a
408632670,-778374101,3313,1:46:19.980000,"(datetime.datetime(2026, 9, 29, 16, 59, 5, 940000),)",2a3c600d
408630527,-778373249,3327,1:46:20,"(datetime.datetime(2026, 9, 29, 16, 59, 5, 959000),)",2a3c600a
408632519,-778374073,3313,1:46:20.050000,"(datetime.datetime(2026, 9, 29, 16, 59, 6, 1000),)",2a3c600d
408630380,-778373180,3326,1:46:20.070000,"(datetime.datetime(2026, 9, 29, 16, 59, 6, 21000),)",2a3c600a
408632365,-778374028,3313,1:46:20.100000,"(datetime.datetime(2026, 9, 29, 16, 59, 6, 56000),)",2a3c600d
408630231,-778373121,3327,1:46:20.110000,"(datetime.datetime(2026, 9, 29, 16, 59, 6, 69000),)",2a3c600a
408630086,-778373036,3327,1:46:20.170000,"(datetime.datetime(2026, 9, 29, 16, 59, 6, 120000),)",2a3c600a
408632214,-778373986,3313,1:46:20.180000,"(datetime.datetime(2026, 9, 29, 16, 59, 6, 134000),)",2a3c600d
408632059,-778373943,3312,1:46:20.220000,"(datetime.datetime(2026, 9, 29, 16, 59, 6, 171000),)",2a3c600d
408629940,-778372960,3326,1:46:20.230000,"(datetime.datetime(2026, 9, 29, 16, 59, 6, 190000),)",2a3c600a
408629794,-778372880,3326,1:46:20.280000,"(datetime.datetime(2026, 9, 29, 16, 59, 6, 231000),)",2a3c600a
408631906,-778373895,3312,1:46:20.290000,"(datetime.datetime(2026, 9, 29, 16, 59, 6, 250000),)",2a3c600d
408631752,-778373846,3312,1:46:20.340000,"(datetime.datetime(2026, 9, 29, 16, 59, 6, 295000),)",2a3c600d
408629650,-778372799,3326,1:46:20.350000,"(datetime.datetime(2026, 9, 29, 16, 59, 6, 307000),)",2a3c600a
408629507,-778372714,3326,1:46:20.400000,"(datetime.datetime(2026, 9, 29, 16, 59, 6, 353000),)",2a3c600a
408631752,-778373846,3312,1:46:20.410000,"(datetime.datetime(2026, 9, 29, 16, 59, 6, 366000),)",2a3c600d
408629363,-778372628,3326,1:46:20.430000,"(datetime.datetime(2026, 9, 29, 16, 59, 6, 380000),)",2a3c600a
408631599,-778373794,3312,1:46:20.480000,"(datetime.datetime(2026, 9, 29, 16, 59, 6, 436000),)",2a3c600d
408631446,-778373741,3312,1:46:20.500000,"(datetime.datetime(2026, 9, 29, 16, 59, 6, 455000),)",2a3c600d
408629220,-778372539,3325,1:46:20.530000,"(datetime.datetime(2026, 9, 29, 16, 59, 6, 488000),)",2a3c600a
408631290,-778373684,3311,1:46:20.550000,"(datetime.datetime(2026, 9, 29, 16, 59, 6, 501000),)",2a3c600d
408629076,-778372449,3325,1:46:20.560000,"(datetime.datetime(2026, 9, 29, 16, 59, 6, 516000),)",2a3c600a
408631141,-778373626,3311,1:46:20.610000,"(datetime.datetime(2026, 9, 29, 16, 59, 6, 565000),)",2a3c600d
408628936,-778372354,3325,1:46:20.630000,"(datetime.datetime(2026, 9, 29, 16, 59, 6, 582000),)",2a3c600a
408630987,-778373575,3311,1:46:20.670000,"(datetime.datetime(2026, 9, 29, 16, 59, 6, 626000),)",2a3c600d
408628792,-778372271,3325,1:46:20.690000,"(datetime.datetime(2026, 9, 29, 16, 59, 6, 640000),)",2a3c600a
408630680,-778373438,3311,1:46:20.750000,"(datetime.datetime(2026, 9, 29, 16, 59, 6, 703000),)",2a3c600d
408628652,-778372168,3325,1:46:20.760000,"(datetime.datetime(2026, 9, 29, 16, 59, 6, 718000),)",2a3c600a
408630530,-778373371,3310,1:46:20.800000,"(datetime.datetime(2026, 9, 29, 16, 59, 6, 751000),)",2a3c600d
408628514,-778372066,3325,1:46:20.820000,"(datetime.datetime(2026, 9, 29, 16, 59, 6, 770000),)",2a3c600a
408630378,-778373297,3310,1:46:20.860000,"(datetime.datetime(2026, 9, 29, 16, 59, 6, 812000),)",2a3c600d
408628374,-778371966,3324,1:46:20.870000,"(datetime.datetime(2026, 9, 29, 16, 59, 6, 824000),)",2a3c600a
408630227,-778373225,3310,1:46:20.880000,"(datetime.datetime(2026, 9, 29, 16, 59, 6, 836000),)",2a3c600d
408628233,-778371865,3324,1:46:20.930000,"(datetime.datetime(2026, 9, 29, 16, 59, 6, 887000),)",2a3c600a
408630074,-778373147,3310,1:46:20.950000,"(datetime.datetime(2026, 9, 29, 16, 59, 6, 904000),)",2a3c600d
408628096,-778371757,3324,1:46:21,"(datetime.datetime(2026, 9, 29, 16, 59, 6, 951000),)",2a3c600a
408629921,-778373070,3311,1:46:21.010000,"(datetime.datetime(2026, 9, 29, 16, 59, 6, 964000),)",2a3c600d
408627959,-778371651,3324,1:46:21.060000,"(datetime.datetime(2026, 9, 29, 16, 59, 7, 17000),)",2a3c600a
408627822,-778371542,3324,1:46:21.080000,"(datetime.datetime(2026, 9, 29, 16, 59, 7, 33000),)",2a3c600a
408629770,-778372989,3310,1:46:21.130000,"(datetime.datetime(2026, 9, 29, 16, 59, 7, 81000),)",2a3c600d
408627687,-778371429,3324,1:46:21.140000,"(datetime.datetime(2026, 9, 29, 16, 59, 7, 95000),)",2a3c600a
408629621,-778372904,3310,1:46:21.180000,"(datetime.datetime(2026, 9, 29, 16, 59, 7, 136000),)",2a3c600d
408627552,-778371315,3324,1:46:21.200000,"(datetime.datetime(2026, 9, 29, 16, 59, 7, 155000),)",2a3c600a
408629472,-778372833,3310,1:46:21.240000,"(datetime.datetime(2026, 9, 29, 16, 59, 7, 199000),)",2a3c600d
408627415,-778371210,3324,1:46:21.260000,"(datetime.datetime(2026, 9, 29, 16, 59, 7, 212000),)",2a3c600a
408629323,-778372734,3310,1:46:21.270000,"(datetime.datetime(2026, 9, 29, 16, 59, 7, 225000),)",2a3c600d
408627284,-778371088,3324,1:46:21.310000,"(datetime.datetime(2026, 9, 29, 16, 59, 7, 270000),)",2a3c600a
408629176,-778372644,3309,1:46:21.330000,"(datetime.datetime(2026, 9, 29, 16, 59, 7, 285000),)",2a3c600d
408627152,-778370970,3324,1:46:21.380000,"(datetime.datetime(2026, 9, 29, 16, 59, 7, 336000),)",2a3c600a
408629028,-778372551,3309,1:46:21.400000,"(datetime.datetime(2026, 9, 29, 16, 59, 7, 360000),)",2a3c600d
408627019,-778370850,3324,1:46:21.430000,"(datetime.datetime(2026, 9, 29, 16, 59, 7, 390000),)",2a3c600a
408628882,-778372455,3309,1:46:21.460000,"(datetime.datetime(2026, 9, 29, 16, 59, 7, 413000),)",2a3c600d
408626887,-778370728,3324,1:46:21.490000,"(datetime.datetime(2026, 9, 29, 16, 59, 7, 446000),)",2a3c600a
408628735,-778372361,3309,1:46:21.510000,"(datetime.datetime(2026, 9, 29, 16, 59, 7, 463000),)",2a3c600d
408626757,-778370602,3323,1:46:21.550000,"(datetime.datetime(2026, 9, 29, 16, 59, 7, 505000),)",2a3c600a
408628591,-778372263,3308,1:46:21.560000,"(datetime.datetime(2026, 9, 29, 16, 59, 7, 519000),)",2a3c600d
408626626,-778370477,3323,1:46:21.580000,"(datetime.datetime(2026, 9, 29, 16, 59, 7, 533000),)",2a3c600a
408628448,-778372163,3308,1:46:21.620000,"(datetime.datetime(2026, 9, 29, 16, 59, 7, 577000),)",2a3c600d
408626499,-778370353,3323,1:46:21.640000,"(datetime.datetime(2026, 9, 29, 16, 59, 7, 591000),)",2a3c600a
408628304,-778372059,3308,1:46:21.650000,"(datetime.datetime(2026, 9, 29, 16, 59, 7, 605000),)",2a3c600d
408626372,-778370222,3323,1:46:21.690000,"(datetime.datetime(2026, 9, 29, 16, 59, 7, 648000),)",2a3c600a
408628304,-778372059,3308,1:46:21.710000,"(datetime.datetime(2026, 9, 29, 16, 59, 7, 661000),)",2a3c600d
408626244,-778370092,3324,1:46:21.720000,"(datetime.datetime(2026, 9, 29, 16, 59, 7, 674000),)",2a3c600a
408628020,-778371860,3308,1:46:21.770000,"(datetime.datetime(2026, 9, 29, 16, 59, 7, 724000),)",2a3c600d
408626115,-778369969,3324,1:46:21.780000,"(datetime.datetime(2026, 9, 29, 16, 59, 7, 737000),)",2a3c600a
408628020,-778371860,3308,1:46:21.800000,"(datetime.datetime(2026, 9, 29, 16, 59, 7, 751000),)",2a3c600d
408625992,-778369828,3324,1:46:21.850000,"(datetime.datetime(2026, 9, 29, 16, 59, 7, 803000),)",2a3c600a
408627880,-778371743,3308,1:46:21.860000,"(datetime.datetime(2026, 9, 29, 16, 59, 7, 816000),)",2a3c600d
408625865,-778369694,3324,1:46:21.870000,"(datetime.datetime(2026, 9, 29, 16, 59, 7, 829000),)",2a3c600a
408627603,-778371521,3308,1:46:21.920000,"(datetime.datetime(2026, 9, 29, 16, 59, 7, 878000),)",2a3c600d
408625743,-778369556,3324,1:46:21.940000,"(datetime.datetime(2026, 9, 29, 16, 59, 7, 892000),)",2a3c600a
408627464,-778371405,3308,1:46:22,"(datetime.datetime(2026, 9, 29, 16, 59, 7, 950000),)",2a3c600d
408625620,-778369418,3324,1:46:22.010000,"(datetime.datetime(2026, 9, 29, 16, 59, 7, 964000),)",2a3c600a
408627329,-778371289,3308,1:46:22.050000,"(datetime.datetime(2026, 9, 29, 16, 59, 8, 8000),)",2a3c600d
408625500,-778369278,3324,1:46:22.070000,"(datetime.datetime(2026, 9, 29, 16, 59, 8, 21000),)",2a3c600a
408627194,-778371168,3307,1:46:22.120000,"(datetime.datetime(2026, 9, 29, 16, 59, 8, 77000),)",2a3c600d
408625380,-778369136,3324,1:46:22.130000,"(datetime.datetime(2026, 9, 29, 16, 59, 8, 90000),)",2a3c600a
408627060,-778371044,3307,1:46:22.150000,"(datetime.datetime(2026, 9, 29, 16, 59, 8, 103000),)",2a3c600d
408625261,-778368993,3324,1:46:22.180000,"(datetime.datetime(2026, 9, 29, 16, 59, 8, 139000),)",2a3c600a
408626927,-778370925,3307,1:46:22.200000,"(datetime.datetime(2026, 9, 29, 16, 59, 8, 159000),)",2a3c600d
408625141,-778368845,3324,1:46:22.250000,"(datetime.datetime(2026, 9, 29, 16, 59, 8, 203000),)",2a3c600a
408626797,-778370800,3307,1:46:22.260000,"(datetime.datetime(2026, 9, 29, 16, 59, 8, 219000),)",2a3c600d
408625024,-778368699,3324,1:46:22.300000,"(datetime.datetime(2026, 9, 29, 16, 59, 8, 259000),)",2a3c600a
408626658,-778370686,3306,1:46:22.320000,"(datetime.datetime(2026, 9, 29, 16, 59, 8, 272000),)",2a3c600d
408624902,-778368558,3325,1:46:22.330000,"(datetime.datetime(2026, 9, 29, 16, 59, 8, 285000),)",2a3c600a
408626530,-778370556,3307,1:46:22.370000,"(datetime.datetime(2026, 9, 29, 16, 59, 8, 329000),)",2a3c600d
408624789,-778368401,3325,1:46:22.390000,"(datetime.datetime(2026, 9, 29, 16, 59, 8, 341000),)",2a3c600a
408626403,-778370425,3307,1:46:22.400000,"(datetime.datetime(2026, 9, 29, 16, 59, 8, 355000),)",2a3c600d
408624677,-778368248,3324,1:46:22.450000,"(datetime.datetime(2026, 9, 29, 16, 59, 8, 403000),)",2a3c600a
408626274,-778370296,3307,1:46:22.480000,"(datetime.datetime(2026, 9, 29, 16, 59, 8, 437000),)",2a3c600d
408624565,-778368093,3325,1:46:22.540000,"(datetime.datetime(2026, 9, 29, 16, 59, 8, 499000),)",2a3c600a
408626149,-778370164,3307,1:46:22.580000,"(datetime.datetime(2026, 9, 29, 16, 59, 8, 537000),)",2a3c600d
408624457,-778367935,3325,1:46:22.640000,"(datetime.datetime(2026, 9, 29, 16, 59, 8, 598000),)",2a3c600a
408626022,-778370031,3307,1:46:22.680000,"(datetime.datetime(2026, 9, 29, 16, 59, 8, 636000),)",2a3c600d
408624349,-778367776,3325,1:46:22.750000,"(datetime.datetime(2026, 9, 29, 16, 59, 8, 700000),)",2a3c600a
408625900,-778369896,3307,1:46:22.780000,"(datetime.datetime(2026, 9, 29, 16, 59, 8, 736000),)",2a3c600d
408624240,-778367616,3325,1:46:22.840000,"(datetime.datetime(2026, 9, 29, 16, 59, 8, 797000),)",2a3c600a
408625777,-778369757,3307,1:46:22.880000,"(datetime.datetime(2026, 9, 29, 16, 59, 8, 837000),)",2a3c600d
408624134,-778367455,3325,1:46:22.950000,"(datetime.datetime(2026, 9, 29, 16, 59, 8, 901000),)",2a3c600a
408625657,-778369620,3307,1:46:22.980000,"(datetime.datetime(2026, 9, 29, 16, 59, 8, 940000),)",2a3c600d
408624029,-778367291,3325,1:46:23.050000,"(datetime.datetime(2026, 9, 29, 16, 59, 9, 2000),)",2a3c600a
408625657,-778369620,3307,1:46:23.090000,"(datetime.datetime(2026, 9, 29, 16, 59, 9, 45000),)",2a3c600d
408623926,-778367125,3325,1:46:23.140000,"(datetime.datetime(2026, 9, 29, 16, 59, 9, 98000),)",2a3c600a
408625539,-778369477,3307,1:46:23.180000,"(datetime.datetime(2026, 9, 29, 16, 59, 9, 138000),)",2a3c600d
408623819,-778366967,3325,1:46:23.240000,"(datetime.datetime(2026, 9, 29, 16, 59, 9, 198000),)",2a3c600a
408625417,-778369343,3306,1:46:23.280000,"(datetime.datetime(2026, 9, 29, 16, 59, 9, 237000),)",2a3c600d
408623724,-778366793,3325,1:46:23.340000,"(datetime.datetime(2026, 9, 29, 16, 59, 9, 298000),)",2a3c600a
408625303,-778369195,3307,1:46:23.360000,"(datetime.datetime(2026, 9, 29, 16, 59, 9, 315000),)",2a3c600d
408623625,-778366625,3325,1:46:23.440000,"(datetime.datetime(2026, 9, 29, 16, 59, 9, 398000),)",2a3c600a
408625186,-778369052,3307,1:46:23.460000,"(datetime.datetime(2026, 9, 29, 16, 59, 9, 414000),)",2a3c600d
408623529,-778366455,3325,1:46:23.540000,"(datetime.datetime(2026, 9, 29, 16, 59, 9, 498000),)",2a3c600a
408625073,-778368908,3307,1:46:23.570000,"(datetime.datetime(2026, 9, 29, 16, 59, 9, 526000),)",2a3c600d
408623431,-778366282,3325,1:46:23.640000,"(datetime.datetime(2026, 9, 29, 16, 59, 9, 594000),)",2a3c600a
408624960,-778368760,3307,1:46:23.660000,"(datetime.datetime(2026, 9, 29, 16, 59, 9, 615000),)",2a3c600d
408623337,-778366111,3325,1:46:23.740000,"(datetime.datetime(2026, 9, 29, 16, 59, 9, 695000),)",2a3c600a
408624847,-778368613,3307,1:46:23.760000,"(datetime.datetime(2026, 9, 29, 16, 59, 9, 718000),)",2a3c600d
408623244,-778365936,3325,1:46:23.850000,"(datetime.datetime(2026, 9, 29, 16, 59, 9, 807000),)",2a3c600a
408624737,-778368462,3307,1:46:23.870000,"(datetime.datetime(2026, 9, 29, 16, 59, 9, 829000),)",2a3c600d
408623154,-778365761,3325,1:46:23.940000,"(datetime.datetime(2026, 9, 29, 16, 59, 9, 897000),)",2a3c600a
408624629,-778368312,3308,1:46:23.980000,"(datetime.datetime(2026, 9, 29, 16, 59, 9, 934000),)",2a3c600d
408623065,-778365584,3325,1:46:24.050000,"(datetime.datetime(2026, 9, 29, 16, 59, 10, 1000),)",2a3c600a
408624521,-778368157,3307,1:46:24.070000,"(datetime.datetime(2026, 9, 29, 16, 59, 10, 23000),)",2a3c600d
408622976,-778365406,3325,1:46:24.140000,"(datetime.datetime(2026, 9, 29, 16, 59, 10, 96000),)",2a3c600a
408624415,-778368006,3307,1:46:24.170000,"(datetime.datetime(2026, 9, 29, 16, 59, 10, 120000),)",2a3c600d
408622883,-778365235,3326,1:46:24.240000,"(datetime.datetime(2026, 9, 29, 16, 59, 10, 197000),)",2a3c600a
408624304,-778367859,3307,1:46:24.270000,"(datetime.datetime(2026, 9, 29, 16, 59, 10, 223000),)",2a3c600d
408622804,-778365052,3326,1:46:24.340000,"(datetime.datetime(2026, 9, 29, 16, 59, 10, 295000),)",2a3c600a
408624203,-778367702,3307,1:46:24.370000,"(datetime.datetime(2026, 9, 29, 16, 59, 10, 322000),)",2a3c600d
408622719,-778364873,3326,1:46:24.440000,"(datetime.datetime(2026, 9, 29, 16, 59, 10, 394000),)",2a3c600a
408624099,-778367548,3308,1:46:24.460000,"(datetime.datetime(2026, 9, 29, 16, 59, 10, 415000),)",2a3c600d
408622639,-778364694,3326,1:46:24.540000,"(datetime.datetime(2026, 9, 29, 16, 59, 10, 495000),)",2a3c600a
408623999,-778367388,3307,1:46:24.570000,"(datetime.datetime(2026, 9, 29, 16, 59, 10, 522000),)",2a3c600d
408622557,-778364511,3326,1:46:24.640000,"(datetime.datetime(2026, 9, 29, 16, 59, 10, 595000),)",2a3c600a
408623896,-778367228,3307,1:46:24.660000,"(datetime.datetime(2026, 9, 29, 16, 59, 10, 619000),)",2a3c600d
408622475,-778364328,3326,1:46:24.740000,"(datetime.datetime(2026, 9, 29, 16, 59, 10, 694000),)",2a3c600a
408623800,-778367068,3308,1:46:24.760000,"(datetime.datetime(2026, 9, 29, 16, 59, 10, 717000),)",2a3c600d
408622398,-778364144,3326,1:46:24.840000,"(datetime.datetime(2026, 9, 29, 16, 59, 10, 795000),)",2a3c600a
408623703,-778366908,3307,1:46:24.860000,"(datetime.datetime(2026, 9, 29, 16, 59, 10, 820000),)",2a3c600d
408622321,-778363959,3326,1:46:24.940000,"(datetime.datetime(2026, 9, 29, 16, 59, 10, 894000),)",2a3c600a
408623606,-778366745,3308,1:46:24.960000,"(datetime.datetime(2026, 9, 29, 16, 59, 10, 916000),)",2a3c600d
408623511,-778366579,3307,1:46:25.050000,"(datetime.datetime(2026, 9, 29, 16, 59, 11, 6000),)",2a3c600d
408622246,-778363774,3326,1:46:25.070000,"(datetime.datetime(2026, 9, 29, 16, 59, 11, 20000),)",2a3c600a
408622173,-778363589,3326,1:46:25.140000,"(datetime.datetime(2026, 9, 29, 16, 59, 11, 95000),)",2a3c600a
408623416,-778366415,3308,1:46:25.170000,"(datetime.datetime(2026, 9, 29, 16, 59, 11, 123000),)",2a3c600d
408622096,-778363408,3326,1:46:25.240000,"(datetime.datetime(2026, 9, 29, 16, 59, 11, 195000),)",2a3c600a
408623316,-778366256,3307,1:46:25.260000,"(datetime.datetime(2026, 9, 29, 16, 59, 11, 218000),)",2a3c600d
408622032,-778363217,3326,1:46:25.340000,"(datetime.datetime(2026, 9, 29, 16, 59, 11, 295000),)",2a3c600a
408623230,-778366085,3307,1:46:25.370000,"(datetime.datetime(2026, 9, 29, 16, 59, 11, 328000),)",2a3c600d
408621962,-778363027,3326,1:46:25.440000,"(datetime.datetime(2026, 9, 29, 16, 59, 11, 395000),)",2a3c600a
408623143,-778365915,3307,1:46:25.460000,"(datetime.datetime(2026, 9, 29, 16, 59, 11, 418000),)",2a3c600d
408621895,-778362840,3326,1:46:25.540000,"(datetime.datetime(2026, 9, 29, 16, 59, 11, 495000),)",2a3c600a
408623056,-778365742,3307,1:46:25.570000,"(datetime.datetime(2026, 9, 29, 16, 59, 11, 521000),)",2a3c600d
408621829,-778362650,3327,1:46:25.640000,"(datetime.datetime(2026, 9, 29, 16, 59, 11, 595000),)",2a3c600a
408622971,-778365572,3307,1:46:25.660000,"(datetime.datetime(2026, 9, 29, 16, 59, 11, 619000),)",2a3c600d
408621768,-778362460,3326,1:46:25.740000,"(datetime.datetime(2026, 9, 29, 16, 59, 11, 697000),)",2a3c600a
408622888,-778365398,3307,1:46:25.760000,"(datetime.datetime(2026, 9, 29, 16, 59, 11, 716000),)",2a3c600d
408621704,-778362267,3326,1:46:25.840000,"(datetime.datetime(2026, 9, 29, 16, 59, 11, 797000),)",2a3c600a
408622807,-778365224,3307,1:46:25.860000,"(datetime.datetime(2026, 9, 29, 16, 59, 11, 812000),)",2a3c600d
408621644,-778362073,3327,1:46:25.940000,"(datetime.datetime(2026, 9, 29, 16, 59, 11, 898000),)",2a3c600a
408622725,-778365047,3307,1:46:25.970000,"(datetime.datetime(2026, 9, 29, 16, 59, 11, 921000),)",2a3c600d
408621586,-778361882,3327,1:46:26.040000,"(datetime.datetime(2026, 9, 29, 16, 59, 11, 995000),)",2a3c600a
408622647,-778364873,3308,1:46:26.060000,"(datetime.datetime(2026, 9, 29, 16, 59, 12, 19000),)",2a3c600d
408621528,-778361688,3327,1:46:26.140000,"(datetime.datetime(2026, 9, 29, 16, 59, 12, 94000),)",2a3c600a
408622567,-778364694,3308,1:46:26.160000,"(datetime.datetime(2026, 9, 29, 16, 59, 12, 112000),)",2a3c600d
408621466,-778361494,3328,1:46:26.240000,"(datetime.datetime(2026, 9, 29, 16, 59, 12, 196000),)",2a3c600a
408622484,-778364524,3308,1:46:26.270000,"(datetime.datetime(2026, 9, 29, 16, 59, 12, 223000),)",2a3c600d
408621417,-778361298,3328,1:46:26.340000,"(datetime.datetime(2026, 9, 29, 16, 59, 12, 295000),)",2a3c600a
408622412,-778364343,3307,1:46:26.360000,"(datetime.datetime(2026, 9, 29, 16, 59, 12, 315000),)",2a3c600d
408621365,-778361103,3328,1:46:26.440000,"(datetime.datetime(2026, 9, 29, 16, 59, 12, 399000),)",2a3c600a
408622339,-778364165,3308,1:46:26.530000,"(datetime.datetime(2026, 9, 29, 16, 59, 12, 483000),)",2a3c600d
408621315,-778360909,3328,1:46:26.550000,"(datetime.datetime(2026, 9, 29, 16, 59, 12, 508000),)",2a3c600a
408622266,-778363983,3308,1:46:26.580000,"(datetime.datetime(2026, 9, 29, 16, 59, 12, 535000),)",2a3c600d
408621267,-778360710,3328,1:46:26.640000,"(datetime.datetime(2026, 9, 29, 16, 59, 12, 596000),)",2a3c600a
408622197,-778363802,3308,1:46:26.660000,"(datetime.datetime(2026, 9, 29, 16, 59, 12, 615000),)",2a3c600d
408621220,-778360514,3328,1:46:26.740000,"(datetime.datetime(2026, 9, 29, 16, 59, 12, 694000),)",2a3c600a
408622127,-778363621,3308,1:46:26.750000,"(datetime.datetime(2026, 9, 29, 16, 59, 12, 709000),)",2a3c600d
408621174,-778360316,3328,1:46:26.840000,"(datetime.datetime(2026, 9, 29, 16, 59, 12, 796000),)",2a3c600a
408622059,-778363435,3308,1:46:26.870000,"(datetime.datetime(2026, 9, 29, 16, 59, 12, 822000),)",2a3c600d
408621132,-778360120,3328,1:46:26.940000,"(datetime.datetime(2026, 9, 29, 16, 59, 12, 895000),)",2a3c600a
408621993,-778363253,3308,1:46:26.960000,"(datetime.datetime(2026, 9, 29, 16, 59, 12, 912000),)",2a3c600d
408621093,-778359921,3328,1:46:27.040000,"(datetime.datetime(2026, 9, 29, 16, 59, 12, 995000),)",2a3c600a
408621929,-778363068,3308,1:46:27.060000,"(datetime.datetime(2026, 9, 29, 16, 59, 13, 19000),)",2a3c600d
408621052,-778359722,3328,1:46:27.140000,"(datetime.datetime(2026, 9, 29, 16, 59, 13, 97000),)",2a3c600a
408621866,-778362885,3308,1:46:27.170000,"(datetime.datetime(2026, 9, 29, 16, 59, 13, 121000),)",2a3c600d
408621011,-778359524,3329,1:46:27.220000,"(datetime.datetime(2026, 9, 29, 16, 59, 13, 176000),)",2a3c600a
408621800,-778362704,3308,1:46:27.240000,"(datetime.datetime(2026, 9, 29, 16, 59, 13, 197000),)",2a3c600d
408620981,-778359321,3328,1:46:27.320000,"(datetime.datetime(2026, 9, 29, 16, 59, 13, 276000),)",2a3c600a
408621744,-778362513,3308,1:46:27.340000,"(datetime.datetime(2026, 9, 29, 16, 59, 13, 292000),)",2a3c600d
408620948,-778359121,3328,1:46:27.420000,"(datetime.datetime(2026, 9, 29, 16, 59, 13, 378000),)",2a3c600a
408621685,-778362327,3308,1:46:27.450000,"(datetime.datetime(2026, 9, 29, 16, 59, 13, 403000),)",2a3c600d
408620915,-778358920,3328,1:46:27.520000,"(datetime.datetime(2026, 9, 29, 16, 59, 13, 475000),)",2a3c600a
408621629,-778362143,3308,1:46:27.540000,"(datetime.datetime(2026, 9, 29, 16, 59, 13, 493000),)",2a3c600d
408620888,-778358720,3328,1:46:27.620000,"(datetime.datetime(2026, 9, 29, 16, 59, 13, 574000),)",2a3c600a
408621571,-778361951,3308,1:46:27.630000,"(datetime.datetime(2026, 9, 29, 16, 59, 13, 590000),)",2a3c600d
408621517,-778361762,3308,1:46:27.720000,"(datetime.datetime(2026, 9, 29, 16, 59, 13, 677000),)",2a3c600d
408620860,-778358519,3328,1:46:27.750000,"(datetime.datetime(2026, 9, 29, 16, 59, 13, 706000),)",2a3c600a
408620835,-778358315,3328,1:46:27.820000,"(datetime.datetime(2026, 9, 29, 16, 59, 13, 776000),)",2a3c600a
408621464,-778361572,3309,1:46:27.840000,"(datetime.datetime(2026, 9, 29, 16, 59, 13, 791000),)",2a3c600d
408620810,-778358112,3329,1:46:28.180000,"(datetime.datetime(2026, 9, 29, 16, 59, 14, 135000),)",2a3c600a
408621412,-778361382,3308,1:46:28.330000,"(datetime.datetime(2026, 9, 29, 16, 59, 14, 289000),)",2a3c600d
408620788,-778357910,3328,1:46:28.440000,"(datetime.datetime(2026, 9, 29, 16, 59, 14, 398000),)",2a3c600a
408621361,-778361188,3308,1:46:28.590000,"(datetime.datetime(2026, 9, 29, 16, 59, 14, 548000),)",2a3c600d
408620768,-778357707,3328,1:46:28.790000,"(datetime.datetime(2026, 9, 29, 16, 59, 14, 749000),)",2a3c600a
408621313,-778360995,3308,1:46:29,"(datetime.datetime(2026, 9, 29, 16, 59, 14, 953000),)",2a3c600d
408620740,-778357509,3329,1:46:29.080000,"(datetime.datetime(2026, 9, 29, 16, 59, 15, 36000),)",2a3c600a
408621260,-778360807,3309,1:46:29.100000,"(datetime.datetime(2026, 9, 29, 16, 59, 15, 50000),)",2a3c600d
408620729,-778357304,3328,1:46:29.110000,"(datetime.datetime(2026, 9, 29, 16, 59, 15, 65000),)",2a3c600a
408621220,-778360611,3308,1:46:29.230000,"(datetime.datetime(2026, 9, 29, 16, 59, 15, 183000),)",2a3c600d
408620714,-778357098,3328,1:46:29.240000,"(datetime.datetime(2026, 9, 29, 16, 59, 15, 197000),)",2a3c600a
408621175,-778360415,3309,1:46:29.320000,"(datetime.datetime(2026, 9, 29, 16, 59, 15, 280000),)",2a3c600d
408620699,-778356896,3328,1:46:29.430000,"(datetime.datetime(2026, 9, 29, 16, 59, 15, 385000),)",2a3c600a
408621133,-778360225,3309,1:46:29.610000,"(datetime.datetime(2026, 9, 29, 16, 59, 15, 565000),)",2a3c600d
408621091,-778360024,3309,1:46:29.680000,"(datetime.datetime(2026, 9, 29, 16, 59, 15, 640000),)",2a3c600d
408620686,-778356692,3328,1:46:29.730000,"(datetime.datetime(2026, 9, 29, 16, 59, 15, 690000),)",2a3c600a
408620676,-778356487,3328,1:46:29.890000,"(datetime.datetime(2026, 9, 29, 16, 59, 15, 844000),)",2a3c600a
408621052,-778359832,3309,1:46:29.940000,"(datetime.datetime(2026, 9, 29, 16, 59, 15, 893000),)",2a3c600d
408620667,-778356282,3328,1:46:30.040000,"(datetime.datetime(2026, 9, 29, 16, 59, 15, 996000),)",2a3c600a
408621013,-778359635,3309,1:46:30.190000,"(datetime.datetime(2026, 9, 29, 16, 59, 16, 146000),)",2a3c600d
408620658,-778356078,3329,1:46:30.260000,"(datetime.datetime(2026, 9, 29, 16, 59, 16, 211000),)",2a3c600a
408620978,-778359437,3309,1:46:30.400000,"(datetime.datetime(2026, 9, 29, 16, 59, 16, 353000),)",2a3c600d
408620652,-778355872,3328,1:46:30.450000,"(datetime.datetime(2026, 9, 29, 16, 59, 16, 405000),)",2a3c600a
408620941,-778359241,3309,1:46:30.570000,"(datetime.datetime(2026, 9, 29, 16, 59, 16, 528000),)",2a3c600d
408620650,-778355665,3328,1:46:30.610000,"(datetime.datetime(2026, 9, 29, 16, 59, 16, 562000),)",2a3c600a
408620912,-778359043,3309,1:46:30.640000,"(datetime.datetime(2026, 9, 29, 16, 59, 16, 600000),)",2a3c600d
408620641,-778355461,3328,1:46:30.680000,"(datetime.datetime(2026, 9, 29, 16, 59, 16, 630000),)",2a3c600a
408620875,-778358851,3309,1:46:30.710000,"(datetime.datetime(2026, 9, 29, 16, 59, 16, 666000),)",2a3c600d
408620852,-778358648,3309,1:46:30.730000,"(datetime.datetime(2026, 9, 29, 16, 59, 16, 686000),)",2a3c600d
408620643,-778355256,3329,1:46:30.760000,"(datetime.datetime(2026, 9, 29, 16, 59, 16, 720000),)",2a3c600a
408620646,-778355049,3328,1:46:30.780000,"(datetime.datetime(2026, 9, 29, 16, 59, 16, 734000),)",2a3c600a
408620825,-778358451,3310,1:46:30.790000,"(datetime.datetime(2026, 9, 29, 16, 59, 16, 749000),)",2a3c600d
408620650,-778354843,3328,1:46:30.840000,"(datetime.datetime(2026, 9, 29, 16, 59, 16, 796000),)",2a3c600a
408620800,-778358254,3310,1:46:30.850000,"(datetime.datetime(2026, 9, 29, 16, 59, 16, 809000),)",2a3c600d
408620654,-778354637,3328,1:46:30.870000,"(datetime.datetime(2026, 9, 29, 16, 59, 16, 822000),)",2a3c600a
408620777,-778358058,3309,1:46:30.910000,"(datetime.datetime(2026, 9, 29, 16, 59, 16, 869000),)",2a3c600d
408620659,-778354434,3329,1:46:30.930000,"(datetime.datetime(2026, 9, 29, 16, 59, 16, 883000),)",2a3c600a
408620757,-778357856,3309,1:46:30.970000,"(datetime.datetime(2026, 9, 29, 16, 59, 16, 927000),)",2a3c600d
408620736,-778357656,3309,1:46:30.990000,"(datetime.datetime(2026, 9, 29, 16, 59, 16, 943000),)",2a3c600d
408620668,-778354228,3329,1:46:31.030000,"(datetime.datetime(2026, 9, 29, 16, 59, 16, 986000),)",2a3c600a
408620720,-778357455,3310,1:46:31.040000,"(datetime.datetime(2026, 9, 29, 16, 59, 16, 999000),)",2a3c600d
408620678,-778354024,3328,1:46:31.060000,"(datetime.datetime(2026, 9, 29, 16, 59, 17, 16000),)",2a3c600a
408620704,-778357258,3310,1:46:31.110000,"(datetime.datetime(2026, 9, 29, 16, 59, 17, 65000),)",2a3c600d
408620690,-778353820,3328,1:46:31.120000,"(datetime.datetime(2026, 9, 29, 16, 59, 17, 79000),)",2a3c600a
408620690,-778357056,3309,1:46:31.180000,"(datetime.datetime(2026, 9, 29, 16, 59, 17, 136000),)",2a3c600d
408620705,-778353613,3328,1:46:31.190000,"(datetime.datetime(2026, 9, 29, 16, 59, 17, 149000),)",2a3c600a
408620669,-778356861,3310,1:46:31.210000,"(datetime.datetime(2026, 9, 29, 16, 59, 17, 164000),)",2a3c600d
408620715,-778353405,3328,1:46:31.240000,"(datetime.datetime(2026, 9, 29, 16, 59, 17, 195000),)",2a3c600a
408620669,-778356861,3310,1:46:31.250000,"(datetime.datetime(2026, 9, 29, 16, 59, 17, 209000),)",2a3c600d
408620736,-778353202,3329,1:46:31.270000,"(datetime.datetime(2026, 9, 29, 16, 59, 17, 224000),)",2a3c600a
408620662,-778356660,3310,1:46:31.320000,"(datetime.datetime(2026, 9, 29, 16, 59, 17, 277000),)",2a3c600d
408620755,-778352998,3328,1:46:31.340000,"(datetime.datetime(2026, 9, 29, 16, 59, 17, 294000),)",2a3c600a
408620653,-778356460,3310,1:46:31.380000,"(datetime.datetime(2026, 9, 29, 16, 59, 17, 340000),)",2a3c600d
408620777,-778352797,3328,1:46:31.400000,"(datetime.datetime(2026, 9, 29, 16, 59, 17, 354000),)",2a3c600a
408620647,-778356259,3310,1:46:31.450000,"(datetime.datetime(2026, 9, 29, 16, 59, 17, 401000),)",2a3c600d
408620799,-778352593,3328,1:46:31.460000,"(datetime.datetime(2026, 9, 29, 16, 59, 17, 418000),)",2a3c600a
408620641,-778356062,3310,1:46:31.510000,"(datetime.datetime(2026, 9, 29, 16, 59, 17, 460000),)",2a3c600d
408620824,-778352389,3328,1:46:31.520000,"(datetime.datetime(2026, 9, 29, 16, 59, 17, 475000),)",2a3c600a
408620639,-778355862,3310,1:46:31.570000,"(datetime.datetime(2026, 9, 29, 16, 59, 17, 524000),)",2a3c600d
408620849,-778352187,3328,1:46:31.580000,"(datetime.datetime(2026, 9, 29, 16, 59, 17, 539000),)",2a3c600a
408620635,-778355664,3310,1:46:31.650000,"(datetime.datetime(2026, 9, 29, 16, 59, 17, 600000),)",2a3c600d
408620877,-778351985,3328,1:46:31.660000,"(datetime.datetime(2026, 9, 29, 16, 59, 17, 614000),)",2a3c600a
408620634,-778355466,3310,1:46:31.670000,"(datetime.datetime(2026, 9, 29, 16, 59, 17, 628000),)",2a3c600d
408620906,-778351785,3328,1:46:31.710000,"(datetime.datetime(2026, 9, 29, 16, 59, 17, 664000),)",2a3c600a
408620635,-778355269,3310,1:46:31.720000,"(datetime.datetime(2026, 9, 29, 16, 59, 17, 678000),)",2a3c600d
408620936,-778351585,3328,1:46:31.740000,"(datetime.datetime(2026, 9, 29, 16, 59, 17, 691000),)",2a3c600a
408620639,-778355067,3310,1:46:31.780000,"(datetime.datetime(2026, 9, 29, 16, 59, 17, 738000),)",2a3c600d
408620961,-778351386,3328,1:46:31.800000,"(datetime.datetime(2026, 9, 29, 16, 59, 17, 752000),)",2a3c600a
408620635,-778354868,3310,1:46:31.810000,"(datetime.datetime(2026, 9, 29, 16, 59, 17, 766000),)",2a3c600d
408620998,-778351186,3328,1:46:31.860000,"(datetime.datetime(2026, 9, 29, 16, 59, 17, 814000),)",2a3c600a
408620646,-778354669,3309,1:46:31.870000,"(datetime.datetime(2026, 9, 29, 16, 59, 17, 828000),)",2a3c600d
408621034,-778350989,3329,1:46:31.890000,"(datetime.datetime(2026, 9, 29, 16, 59, 17, 846000),)",2a3c600a
408620653,-778354471,3309,1:46:31.940000,"(datetime.datetime(2026, 9, 29, 16, 59, 17, 894000),)",2a3c600d
408621069,-778350791,3329,1:46:31.950000,"(datetime.datetime(2026, 9, 29, 16, 59, 17, 909000),)",2a3c600a
408620660,-778354270,3309,1:46:32,"(datetime.datetime(2026, 9, 29, 16, 59, 17, 954000),)",2a3c600d
408621107,-778350593,3329,1:46:32.020000,"(datetime.datetime(2026, 9, 29, 16, 59, 17, 974000),)",2a3c600a
408620673,-778354074,3309,1:46:32.060000,"(datetime.datetime(2026, 9, 29, 16, 59, 18, 19000),)",2a3c600d
408621145,-778350399,3329,1:46:32.080000,"(datetime.datetime(2026, 9, 29, 16, 59, 18, 34000),)",2a3c600a
408620685,-778353878,3309,1:46:32.130000,"(datetime.datetime(2026, 9, 29, 16, 59, 18, 81000),)",2a3c600d
408621182,-778350202,3329,1:46:32.140000,"(datetime.datetime(2026, 9, 29, 16, 59, 18, 94000),)",2a3c600a
408620698,-778353678,3309,1:46:32.190000,"(datetime.datetime(2026, 9, 29, 16, 59, 18, 147000),)",2a3c600d
408621225,-778350008,3328,1:46:32.210000,"(datetime.datetime(2026, 9, 29, 16, 59, 18, 161000),)",2a3c600a
408620713,-778353483,3309,1:46:32.250000,"(datetime.datetime(2026, 9, 29, 16, 59, 18, 205000),)",2a3c600d
408621269,-778349817,3329,1:46:32.260000,"(datetime.datetime(2026, 9, 29, 16, 59, 18, 219000),)",2a3c600a
408620731,-778353286,3309,1:46:32.280000,"(datetime.datetime(2026, 9, 29, 16, 59, 18, 232000),)",2a3c600d
408621313,-778349623,3329,1:46:32.330000,"(datetime.datetime(2026, 9, 29, 16, 59, 18, 283000),)",2a3c600a
408620749,-778353090,3309,1:46:32.360000,"(datetime.datetime(2026, 9, 29, 16, 59, 18, 311000),)",2a3c600d
408621351,-778349429,3329,1:46:32.400000,"(datetime.datetime(2026, 9, 29, 16, 59, 18, 350000),)",2a3c600a
408620764,-778352891,3308,1:46:32.410000,"(datetime.datetime(2026, 9, 29, 16, 59, 18, 365000),)",2a3c600d
408621401,-778349241,3329,1:46:32.460000,"(datetime.datetime(2026, 9, 29, 16, 59, 18, 413000),)",2a3c600a
408620792,-778352696,3308,1:46:32.470000,"(datetime.datetime(2026, 9, 29, 16, 59, 18, 427000),)",2a3c600d
408621450,-778349051,3329,1:46:32.510000,"(datetime.datetime(2026, 9, 29, 16, 59, 18, 461000),)",2a3c600a
408620813,-778352500,3308,1:46:32.530000,"(datetime.datetime(2026, 9, 29, 16, 59, 18, 488000),)",2a3c600d
408621502,-778348861,3329,1:46:32.550000,"(datetime.datetime(2026, 9, 29, 16, 59, 18, 502000),)",2a3c600a
408620840,-778352303,3308,1:46:32.570000,"(datetime.datetime(2026, 9, 29, 16, 59, 18, 529000),)",2a3c600d
408621548,-778348678,3329,1:46:32.620000,"(datetime.datetime(2026, 9, 29, 16, 59, 18, 576000),)",2a3c600a
408620864,-778352105,3308,1:46:32.670000,"(datetime.datetime(2026, 9, 29, 16, 59, 18, 628000),)",2a3c600d
408621600,-778348489,3329,1:46:32.710000,"(datetime.datetime(2026, 9, 29, 16, 59, 18, 662000),)",2a3c600a
408620893,-778351908,3308,1:46:32.770000,"(datetime.datetime(2026, 9, 29, 16, 59, 18, 728000),)",2a3c600d
408621652,-778348304,3329,1:46:32.810000,"(datetime.datetime(2026, 9, 29, 16, 59, 18, 762000),)",2a3c600a
408620923,-778351713,3308,1:46:32.880000,"(datetime.datetime(2026, 9, 29, 16, 59, 18, 831000),)",2a3c600d
408621706,-778348118,3329,1:46:32.910000,"(datetime.datetime(2026, 9, 29, 16, 59, 18, 868000),)",2a3c600a
408620954,-778351516,3308,1:46:32.970000,"(datetime.datetime(2026, 9, 29, 16, 59, 18, 928000),)",2a3c600d
408621763,-778347935,3329,1:46:33.010000,"(datetime.datetime(2026, 9, 29, 16, 59, 18, 961000),)",2a3c600a
408620985,-778351320,3308,1:46:33.070000,"(datetime.datetime(2026, 9, 29, 16, 59, 19, 28000),)",2a3c600d
408621817,-778347756,3329,1:46:33.110000,"(datetime.datetime(2026, 9, 29, 16, 59, 19, 62000),)",2a3c600a
408621020,-778351123,3308,1:46:33.170000,"(datetime.datetime(2026, 9, 29, 16, 59, 19, 128000),)",2a3c600d
408621874,-778347567,3330,1:46:33.210000,"(datetime.datetime(2026, 9, 29, 16, 59, 19, 161000),)",2a3c600a
408621047,-778350929,3308,1:46:33.270000,"(datetime.datetime(2026, 9, 29, 16, 59, 19, 228000),)",2a3c600d
408621938,-778347388,3329,1:46:33.310000,"(datetime.datetime(2026, 9, 29, 16, 59, 19, 261000),)",2a3c600a
408621088,-778350728,3308,1:46:33.370000,"(datetime.datetime(2026, 9, 29, 16, 59, 19, 328000),)",2a3c600d
408621997,-778347207,3330,1:46:33.410000,"(datetime.datetime(2026, 9, 29, 16, 59, 19, 362000),)",2a3c600a
408621124,-778350533,3308,1:46:33.470000,"(datetime.datetime(2026, 9, 29, 16, 59, 19, 427000),)",2a3c600d
408622060,-778347029,3330,1:46:33.510000,"(datetime.datetime(2026, 9, 29, 16, 59, 19, 462000),)",2a3c600a
408621165,-778350338,3308,1:46:33.570000,"(datetime.datetime(2026, 9, 29, 16, 59, 19, 527000),)",2a3c600d
408622124,-778346849,3330,1:46:33.610000,"(datetime.datetime(2026, 9, 29, 16, 59, 19, 561000),)",2a3c600a
408621208,-778350144,3308,1:46:33.670000,"(datetime.datetime(2026, 9, 29, 16, 59, 19, 628000),)",2a3c600d
408622188,-778346671,3330,1:46:33.710000,"(datetime.datetime(2026, 9, 29, 16, 59, 19, 661000),)",2a3c600a
408621248,-778349951,3307,1:46:33.770000,"(datetime.datetime(2026, 9, 29, 16, 59, 19, 727000),)",2a3c600d
408622254,-778346494,3330,1:46:33.810000,"(datetime.datetime(2026, 9, 29, 16, 59, 19, 761000),)",2a3c600a
408621293,-778349758,3307,1:46:33.880000,"(datetime.datetime(2026, 9, 29, 16, 59, 19, 830000),)",2a3c600d
408622323,-778346321,3330,1:46:33.910000,"(datetime.datetime(2026, 9, 29, 16, 59, 19, 861000),)",2a3c600a
408621340,-778349568,3308,1:46:33.970000,"(datetime.datetime(2026, 9, 29, 16, 59, 19, 928000),)",2a3c600d
408622390,-778346143,3330,1:46:34.010000,"(datetime.datetime(2026, 9, 29, 16, 59, 19, 961000),)",2a3c600a
408621388,-778349377,3308,1:46:34.070000,"(datetime.datetime(2026, 9, 29, 16, 59, 20, 27000),)",2a3c600d
408622462,-778345971,3330,1:46:34.110000,"(datetime.datetime(2026, 9, 29, 16, 59, 20, 62000),)",2a3c600a
408621436,-778349185,3308,1:46:34.170000,"(datetime.datetime(2026, 9, 29, 16, 59, 20, 128000),)",2a3c600d
408622530,-778345793,3330,1:46:34.210000,"(datetime.datetime(2026, 9, 29, 16, 59, 20, 170000),)",2a3c600a
408621482,-778348998,3308,1:46:34.270000,"(datetime.datetime(2026, 9, 29, 16, 59, 20, 227000),)",2a3c600d
408622608,-778345624,3330,1:46:34.310000,"(datetime.datetime(2026, 9, 29, 16, 59, 20, 264000),)",2a3c600a
408621534,-778348812,3308,1:46:34.370000,"(datetime.datetime(2026, 9, 29, 16, 59, 20, 327000),)",2a3c600d
408622685,-778345450,3330,1:46:34.410000,"(datetime.datetime(2026, 9, 29, 16, 59, 20, 366000),)",2a3c600a
408621585,-778348621,3308,1:46:34.480000,"(datetime.datetime(2026, 9, 29, 16, 59, 20, 431000),)",2a3c600d
408622760,-778345278,3330,1:46:34.510000,"(datetime.datetime(2026, 9, 29, 16, 59, 20, 462000),)",2a3c600a
408621636,-778348435,3308,1:46:34.570000,"(datetime.datetime(2026, 9, 29, 16, 59, 20, 527000),)",2a3c600d
408622839,-778345108,3330,1:46:34.610000,"(datetime.datetime(2026, 9, 29, 16, 59, 20, 562000),)",2a3c600a
408621696,-778348248,3308,1:46:34.670000,"(datetime.datetime(2026, 9, 29, 16, 59, 20, 629000),)",2a3c600d
408622916,-778344939,3331,1:46:34.710000,"(datetime.datetime(2026, 9, 29, 16, 59, 20, 662000),)",2a3c600a
408621752,-778348064,3308,1:46:34.770000,"(datetime.datetime(2026, 9, 29, 16, 59, 20, 730000),)",2a3c600d
408622997,-778344769,3331,1:46:34.810000,"(datetime.datetime(2026, 9, 29, 16, 59, 20, 763000),)",2a3c600a
408621813,-778347882,3307,1:46:34.870000,"(datetime.datetime(2026, 9, 29, 16, 59, 20, 829000),)",2a3c600d
408623078,-778344600,3331,1:46:34.910000,"(datetime.datetime(2026, 9, 29, 16, 59, 20, 862000),)",2a3c600a
408621871,-778347698,3307,1:46:34.970000,"(datetime.datetime(2026, 9, 29, 16, 59, 20, 928000),)",2a3c600d
408623163,-778344431,3331,1:46:35.010000,"(datetime.datetime(2026, 9, 29, 16, 59, 20, 961000),)",2a3c600a
408621933,-778347517,3308,1:46:35.070000,"(datetime.datetime(2026, 9, 29, 16, 59, 21, 27000),)",2a3c600d
408623245,-778344262,3332,1:46:35.110000,"(datetime.datetime(2026, 9, 29, 16, 59, 21, 61000),)",2a3c600a
408621995,-778347338,3308,1:46:35.170000,"(datetime.datetime(2026, 9, 29, 16, 59, 21, 128000),)",2a3c600d
408623327,-778344088,3332,1:46:35.210000,"(datetime.datetime(2026, 9, 29, 16, 59, 21, 162000),)",2a3c600a
408622050,-778347155,3308,1:46:35.280000,"(datetime.datetime(2026, 9, 29, 16, 59, 21, 233000),)",2a3c600d
408623414,-778343923,3332,1:46:35.310000,"(datetime.datetime(2026, 9, 29, 16, 59, 21, 263000),)",2a3c600a
408622121,-778346979,3308,1:46:35.370000,"(datetime.datetime(2026, 9, 29, 16, 59, 21, 327000),)",2a3c600d
408623504,-778343756,3332,1:46:35.410000,"(datetime.datetime(2026, 9, 29, 16, 59, 21, 367000),)",2a3c600a
408622183,-778346799,3308,1:46:35.470000,"(datetime.datetime(2026, 9, 29, 16, 59, 21, 428000),)",2a3c600d
408623592,-778343586,3333,1:46:35.510000,"(datetime.datetime(2026, 9, 29, 16, 59, 21, 462000),)",2a3c600a
408622248,-778346624,3308,1:46:35.570000,"(datetime.datetime(2026, 9, 29, 16, 59, 21, 527000),)",2a3c600d
408623679,-778343420,3332,1:46:35.610000,"(datetime.datetime(2026, 9, 29, 16, 59, 21, 562000),)",2a3c600a
408622318,-778346452,3308,1:46:35.680000,"(datetime.datetime(2026, 9, 29, 16, 59, 21, 631000),)",2a3c600d
408623769,-778343255,3332,1:46:35.720000,"(datetime.datetime(2026, 9, 29, 16, 59, 21, 674000),)",2a3c600a
408622387,-778346274,3308,1:46:35.770000,"(datetime.datetime(2026, 9, 29, 16, 59, 21, 729000),)",2a3c600d
408623860,-778343090,3333,1:46:35.810000,"(datetime.datetime(2026, 9, 29, 16, 59, 21, 762000),)",2a3c600a
408622458,-778346103,3309,1:46:35.870000,"(datetime.datetime(2026, 9, 29, 16, 59, 21, 828000),)",2a3c600d
408623949,-778342918,3333,1:46:35.910000,"(datetime.datetime(2026, 9, 29, 16, 59, 21, 865000),)",2a3c600a
408622527,-778345930,3309,1:46:35.980000,"(datetime.datetime(2026, 9, 29, 16, 59, 21, 931000),)",2a3c600d
408624043,-778342754,3333,1:46:36.010000,"(datetime.datetime(2026, 9, 29, 16, 59, 21, 962000),)",2a3c600a
408622602,-778345759,3308,1:46:36.080000,"(datetime.datetime(2026, 9, 29, 16, 59, 22, 37000),)",2a3c600d
408624136,-778342585,3334,1:46:36.110000,"(datetime.datetime(2026, 9, 29, 16, 59, 22, 68000),)",2a3c600a
408622678,-778345588,3308,1:46:36.180000,"(datetime.datetime(2026, 9, 29, 16, 59, 22, 133000),)",2a3c600d
408624224,-778342413,3334,1:46:36.210000,"(datetime.datetime(2026, 9, 29, 16, 59, 22, 162000),)",2a3c600a
408622745,-778345415,3309,1:46:36.270000,"(datetime.datetime(2026, 9, 29, 16, 59, 22, 229000),)",2a3c600d
408624319,-778342246,3335,1:46:36.310000,"(datetime.datetime(2026, 9, 29, 16, 59, 22, 262000),)",2a3c600a
408622825,-778345248,3309,1:46:36.370000,"(datetime.datetime(2026, 9, 29, 16, 59, 22, 327000),)",2a3c600d
408624412,-778342076,3335,1:46:36.410000,"(datetime.datetime(2026, 9, 29, 16, 59, 22, 362000),)",2a3c600a
408622903,-778345081,3309,1:46:36.450000,"(datetime.datetime(2026, 9, 29, 16, 59, 22, 404000),)",2a3c600d
408624507,-778341905,3334,1:46:36.510000,"(datetime.datetime(2026, 9, 29, 16, 59, 22, 462000),)",2a3c600a
408622983,-778344915,3309,1:46:36.550000,"(datetime.datetime(2026, 9, 29, 16, 59, 22, 506000),)",2a3c600d
408624602,-778341735,3335,1:46:36.610000,"(datetime.datetime(2026, 9, 29, 16, 59, 22, 561000),)",2a3c600a
408623063,-778344750,3309,1:46:36.650000,"(datetime.datetime(2026, 9, 29, 16, 59, 22, 604000),)",2a3c600d
408624694,-778341566,3335,1:46:36.710000,"(datetime.datetime(2026, 9, 29, 16, 59, 22, 661000),)",2a3c600a
408623146,-778344583,3309,1:46:36.750000,"(datetime.datetime(2026, 9, 29, 16, 59, 22, 708000),)",2a3c600d
408624790,-778341399,3336,1:46:36.810000,"(datetime.datetime(2026, 9, 29, 16, 59, 22, 770000),)",2a3c600a
408623228,-778344421,3309,1:46:36.850000,"(datetime.datetime(2026, 9, 29, 16, 59, 22, 805000),)",2a3c600d
408624889,-778341228,3336,1:46:36.910000,"(datetime.datetime(2026, 9, 29, 16, 59, 22, 861000),)",2a3c600a
408623309,-778344255,3310,1:46:36.950000,"(datetime.datetime(2026, 9, 29, 16, 59, 22, 904000),)",2a3c600d
408624985,-778341054,3336,1:46:37.010000,"(datetime.datetime(2026, 9, 29, 16, 59, 22, 962000),)",2a3c600a
408623394,-778344094,3310,1:46:37.050000,"(datetime.datetime(2026, 9, 29, 16, 59, 23, 5000),)",2a3c600d
408625081,-778340884,3336,1:46:37.110000,"(datetime.datetime(2026, 9, 29, 16, 59, 23, 62000),)",2a3c600a
408623480,-778343930,3310,1:46:37.150000,"(datetime.datetime(2026, 9, 29, 16, 59, 23, 105000),)",2a3c600d
408625173,-778340711,3336,1:46:37.210000,"(datetime.datetime(2026, 9, 29, 16, 59, 23, 162000),)",2a3c600a
408623561,-778343760,3311,1:46:37.250000,"(datetime.datetime(2026, 9, 29, 16, 59, 23, 205000),)",2a3c600d
408625274,-778340538,3336,1:46:37.310000,"(datetime.datetime(2026, 9, 29, 16, 59, 23, 262000),)",2a3c600a
408623651,-778343604,3311,1:46:37.350000,"(datetime.datetime(2026, 9, 29, 16, 59, 23, 305000),)",2a3c600d
408625372,-778340367,3337,1:46:37.410000,"(datetime.datetime(2026, 9, 29, 16, 59, 23, 361000),)",2a3c600a
408623737,-778343436,3311,1:46:37.450000,"(datetime.datetime(2026, 9, 29, 16, 59, 23, 404000),)",2a3c600d
408625472,-778340192,3337,1:46:37.510000,"(datetime.datetime(2026, 9, 29, 16, 59, 23, 461000),)",2a3c600a
408623827,-778343277,3311,1:46:37.550000,"(datetime.datetime(2026, 9, 29, 16, 59, 23, 509000),)",2a3c600d
408625571,-778340019,3337,1:46:37.610000,"(datetime.datetime(2026, 9, 29, 16, 59, 23, 563000),)",2a3c600a
408623920,-778343115,3312,1:46:37.650000,"(datetime.datetime(2026, 9, 29, 16, 59, 23, 605000),)",2a3c600d
408625667,-778339849,3337,1:46:37.710000,"(datetime.datetime(2026, 9, 29, 16, 59, 23, 661000),)",2a3c600a
408624008,-778342955,3311,1:46:37.760000,"(datetime.datetime(2026, 9, 29, 16, 59, 23, 720000),)",2a3c600d
408625769,-778339675,3337,1:46:37.810000,"(datetime.datetime(2026, 9, 29, 16, 59, 23, 762000),)",2a3c600a
408624097,-778342790,3312,1:46:37.850000,"(datetime.datetime(2026, 9, 29, 16, 59, 23, 805000),)",2a3c600d
408625868,-778339498,3337,1:46:37.890000,"(datetime.datetime(2026, 9, 29, 16, 59, 23, 841000),)",2a3c600a
408624187,-778342628,3312,1:46:37.950000,"(datetime.datetime(2026, 9, 29, 16, 59, 23, 905000),)",2a3c600d
408625968,-778339323,3338,1:46:38,"(datetime.datetime(2026, 9, 29, 16, 59, 23, 953000),)",2a3c600a
408624280,-778342466,3312,1:46:38.050000,"(datetime.datetime(2026, 9, 29, 16, 59, 24, 4000),)",2a3c600d
408626070,-778339151,3338,1:46:38.080000,"(datetime.datetime(2026, 9, 29, 16, 59, 24, 40000),)",2a3c600a
408624370,-778342304,3312,1:46:38.150000,"(datetime.datetime(2026, 9, 29, 16, 59, 24, 104000),)",2a3c600d
408626168,-778338974,3338,1:46:38.190000,"(datetime.datetime(2026, 9, 29, 16, 59, 24, 141000),)",2a3c600a
408624458,-778342139,3312,1:46:38.250000,"(datetime.datetime(2026, 9, 29, 16, 59, 24, 204000),)",2a3c600d
408626270,-778338802,3338,1:46:38.280000,"(datetime.datetime(2026, 9, 29, 16, 59, 24, 240000),)",2a3c600a
408624552,-778341979,3312,1:46:38.350000,"(datetime.datetime(2026, 9, 29, 16, 59, 24, 305000),)",2a3c600d
408626373,-778338627,3338,1:46:38.390000,"(datetime.datetime(2026, 9, 29, 16, 59, 24, 340000),)",2a3c600a
408624645,-778341820,3312,1:46:38.450000,"(datetime.datetime(2026, 9, 29, 16, 59, 24, 405000),)",2a3c600d
408626471,-778338458,3338,1:46:38.490000,"(datetime.datetime(2026, 9, 29, 16, 59, 24, 444000),)",2a3c600a
408624738,-778341659,3313,1:46:38.550000,"(datetime.datetime(2026, 9, 29, 16, 59, 24, 504000),)",2a3c600d
408626575,-778338286,3338,1:46:38.590000,"(datetime.datetime(2026, 9, 29, 16, 59, 24, 544000),)",2a3c600a
408624831,-778341498,3313,1:46:38.650000,"(datetime.datetime(2026, 9, 29, 16, 59, 24, 608000),)",2a3c600d
408626677,-778338115,3338,1:46:38.690000,"(datetime.datetime(2026, 9, 29, 16, 59, 24, 641000),)",2a3c600a
408624926,-778341334,3313,1:46:38.750000,"(datetime.datetime(2026, 9, 29, 16, 59, 24, 704000),)",2a3c600d
408626783,-778337945,3338,1:46:38.790000,"(datetime.datetime(2026, 9, 29, 16, 59, 24, 741000),)",2a3c600a
408625016,-778341175,3313,1:46:38.860000,"(datetime.datetime(2026, 9, 29, 16, 59, 24, 815000),)",2a3c600d
408626881,-778337774,3338,1:46:38.890000,"(datetime.datetime(2026, 9, 29, 16, 59, 24, 846000),)",2a3c600a
408625111,-778341014,3313,1:46:38.950000,"(datetime.datetime(2026, 9, 29, 16, 59, 24, 908000),)",2a3c600d
408626984,-778337601,3338,1:46:38.990000,"(datetime.datetime(2026, 9, 29, 16, 59, 24, 942000),)",2a3c600a
408625204,-778340857,3313,1:46:39.050000,"(datetime.datetime(2026, 9, 29, 16, 59, 25, 6000),)",2a3c600d
408627086,-778337431,3338,1:46:39.090000,"(datetime.datetime(2026, 9, 29, 16, 59, 25, 43000),)",2a3c600a
408625294,-778340695,3313,1:46:39.150000,"(datetime.datetime(2026, 9, 29, 16, 59, 25, 105000),)",2a3c600d
408627086,-778337431,3338,1:46:39.190000,"(datetime.datetime(2026, 9, 29, 16, 59, 25, 141000),)",2a3c600a
408625386,-778340535,3313,1:46:39.250000,"(datetime.datetime(2026, 9, 29, 16, 59, 25, 205000),)",2a3c600d
408627294,-778337087,3338,1:46:39.290000,"(datetime.datetime(2026, 9, 29, 16, 59, 25, 241000),)",2a3c600a
408625484,-778340375,3314,1:46:39.350000,"(datetime.datetime(2026, 9, 29, 16, 59, 25, 304000),)",2a3c600d
408627396,-778336916,3338,1:46:39.380000,"(datetime.datetime(2026, 9, 29, 16, 59, 25, 340000),)",2a3c600a
408625573,-778340215,3314,1:46:39.450000,"(datetime.datetime(2026, 9, 29, 16, 59, 25, 405000),)",2a3c600d
408627497,-778336745,3338,1:46:39.490000,"(datetime.datetime(2026, 9, 29, 16, 59, 25, 441000),)",2a3c600a
408625665,-778340051,3314,1:46:39.550000,"(datetime.datetime(2026, 9, 29, 16, 59, 25, 504000),)",2a3c600d
408627497,-778336745,3338,1:46:39.580000,"(datetime.datetime(2026, 9, 29, 16, 59, 25, 540000),)",2a3c600a
408625761,-778339891,3314,1:46:39.650000,"(datetime.datetime(2026, 9, 29, 16, 59, 25, 606000),)",2a3c600d
408627601,-778336572,3338,1:46:39.690000,"(datetime.datetime(2026, 9, 29, 16, 59, 25, 641000),)",2a3c600a
408625854,-778339726,3314,1:46:39.750000,"(datetime.datetime(2026, 9, 29, 16, 59, 25, 704000),)",2a3c600d
408627704,-778336402,3338,1:46:39.790000,"(datetime.datetime(2026, 9, 29, 16, 59, 25, 741000),)",2a3c600a
408625952,-778339570,3314,1:46:39.850000,"(datetime.datetime(2026, 9, 29, 16, 59, 25, 805000),)",2a3c600d
408627809,-778336229,3339,1:46:39.880000,"(datetime.datetime(2026, 9, 29, 16, 59, 25, 840000),)",2a3c600a
408626043,-778339407,3314,1:46:39.950000,"(datetime.datetime(2026, 9, 29, 16, 59, 25, 905000),)",2a3c600d
408627914,-778336059,3339,1:46:39.990000,"(datetime.datetime(2026, 9, 29, 16, 59, 25, 941000),)",2a3c600a
408626140,-778339245,3315,1:46:40.050000,"(datetime.datetime(2026, 9, 29, 16, 59, 26, 5000),)",2a3c600d
408628018,-778335890,3339,1:46:40.090000,"(datetime.datetime(2026, 9, 29, 16, 59, 26, 42000),)",2a3c600a
408626232,-778339079,3315,1:46:40.150000,"(datetime.datetime(2026, 9, 29, 16, 59, 26, 108000),)",2a3c600d
408628119,-778335717,3338,1:46:40.180000,"(datetime.datetime(2026, 9, 29, 16, 59, 26, 140000),)",2a3c600a
408626326,-778338916,3315,1:46:40.250000,"(datetime.datetime(2026, 9, 29, 16, 59, 26, 205000),)",2a3c600d
408628227,-778335543,3338,1:46:40.290000,"(datetime.datetime(2026, 9, 29, 16, 59, 26, 247000),)",2a3c600a
408626425,-778338755,3315,1:46:40.350000,"(datetime.datetime(2026, 9, 29, 16, 59, 26, 305000),)",2a3c600d
408628331,-778335370,3338,1:46:40.390000,"(datetime.datetime(2026, 9, 29, 16, 59, 26, 341000),)",2a3c600a
408626519,-778338596,3314,1:46:40.450000,"(datetime.datetime(2026, 9, 29, 16, 59, 26, 408000),)",2a3c600d
408628430,-778335198,3338,1:46:40.490000,"(datetime.datetime(2026, 9, 29, 16, 59, 26, 441000),)",2a3c600a
408626614,-778338430,3315,1:46:40.550000,"(datetime.datetime(2026, 9, 29, 16, 59, 26, 504000),)",2a3c600d
408628535,-778335021,3339,1:46:40.590000,"(datetime.datetime(2026, 9, 29, 16, 59, 26, 542000),)",2a3c600a
408628634,-778334849,3339,1:46:40.650000,"(datetime.datetime(2026, 9, 29, 16, 59, 26, 607000),)",2a3c600a
408626709,-778338264,3315,1:46:40.680000,"(datetime.datetime(2026, 9, 29, 16, 59, 26, 634000),)",2a3c600d
408626804,-778338101,3315,1:46:40.750000,"(datetime.datetime(2026, 9, 29, 16, 59, 26, 705000),)",2a3c600d
408628738,-778334675,3339,1:46:40.770000,"(datetime.datetime(2026, 9, 29, 16, 59, 26, 725000),)",2a3c600a
408626901,-778337941,3315,1:46:40.850000,"(datetime.datetime(2026, 9, 29, 16, 59, 26, 805000),)",2a3c600d
408628840,-778334501,3339,1:46:40.880000,"(datetime.datetime(2026, 9, 29, 16, 59, 26, 833000),)",2a3c600a
408626996,-778337771,3316,1:46:40.950000,"(datetime.datetime(2026, 9, 29, 16, 59, 26, 906000),)",2a3c600d
408628943,-778334326,3339,1:46:40.990000,"(datetime.datetime(2026, 9, 29, 16, 59, 26, 941000),)",2a3c600a
408627093,-778337608,3315,1:46:41.050000,"(datetime.datetime(2026, 9, 29, 16, 59, 27, 4000),)",2a3c600d
408629043,-778334153,3339,1:46:41.070000,"(datetime.datetime(2026, 9, 29, 16, 59, 27, 30000),)",2a3c600a
408627189,-778337444,3315,1:46:41.150000,"(datetime.datetime(2026, 9, 29, 16, 59, 27, 105000),)",2a3c600d
408629144,-778333980,3339,1:46:41.170000,"(datetime.datetime(2026, 9, 29, 16, 59, 27, 128000),)",2a3c600a
408627283,-778337283,3315,1:46:41.250000,"(datetime.datetime(2026, 9, 29, 16, 59, 27, 205000),)",2a3c600d
408629248,-778333800,3338,1:46:41.270000,"(datetime.datetime(2026, 9, 29, 16, 59, 27, 226000),)",2a3c600a
408627376,-778337112,3315,1:46:41.350000,"(datetime.datetime(2026, 9, 29, 16, 59, 27, 304000),)",2a3c600d
408629350,-778333624,3339,1:46:41.370000,"(datetime.datetime(2026, 9, 29, 16, 59, 27, 326000),)",2a3c600a
408629450,-778333450,3338,1:46:41.450000,"(datetime.datetime(2026, 9, 29, 16, 59, 27, 407000),)",2a3c600a
408627477,-778336952,3315,1:46:41.470000,"(datetime.datetime(2026, 9, 29, 16, 59, 27, 427000),)",2a3c600d
408627572,-778336784,3315,1:46:41.550000,"(datetime.datetime(2026, 9, 29, 16, 59, 27, 505000),)",2a3c600d
408629552,-778333276,3339,1:46:41.570000,"(datetime.datetime(2026, 9, 29, 16, 59, 27, 529000),)",2a3c600a
408627669,-778336619,3316,1:46:41.650000,"(datetime.datetime(2026, 9, 29, 16, 59, 27, 605000),)",2a3c600d
408629653,-778333099,3339,1:46:41.670000,"(datetime.datetime(2026, 9, 29, 16, 59, 27, 630000),)",2a3c600a
408627764,-778336449,3316,1:46:41.750000,"(datetime.datetime(2026, 9, 29, 16, 59, 27, 705000),)",2a3c600d
408629753,-778332924,3338,1:46:41.770000,"(datetime.datetime(2026, 9, 29, 16, 59, 27, 730000),)",2a3c600a
408627860,-778336287,3316,1:46:41.850000,"(datetime.datetime(2026, 9, 29, 16, 59, 27, 804000),)",2a3c600d
408629853,-778332747,3338,1:46:41.870000,"(datetime.datetime(2026, 9, 29, 16, 59, 27, 826000),)",2a3c600a
408627959,-778336118,3316,1:46:41.950000,"(datetime.datetime(2026, 9, 29, 16, 59, 27, 905000),)",2a3c600d
408629956,-778332571,3339,1:46:41.970000,"(datetime.datetime(2026, 9, 29, 16, 59, 27, 928000),)",2a3c600a
408628060,-778335955,3316,1:46:42.050000,"(datetime.datetime(2026, 9, 29, 16, 59, 28, 5000),)",2a3c600d
408630061,-778332395,3339,1:46:42.070000,"(datetime.datetime(2026, 9, 29, 16, 59, 28, 29000),)",2a3c600a
408628152,-778335786,3316,1:46:42.150000,"(datetime.datetime(2026, 9, 29, 16, 59, 28, 104000),)",2a3c600d
408630165,-778332219,3339,1:46:42.170000,"(datetime.datetime(2026, 9, 29, 16, 59, 28, 123000),)",2a3c600a
408628257,-778335625,3316,1:46:42.250000,"(datetime.datetime(2026, 9, 29, 16, 59, 28, 206000),)",2a3c600d
408630264,-778332046,3338,1:46:42.280000,"(datetime.datetime(2026, 9, 29, 16, 59, 28, 232000),)",2a3c600a
408628357,-778335458,3316,1:46:42.350000,"(datetime.datetime(2026, 9, 29, 16, 59, 28, 305000),)",2a3c600d
408630363,-778331871,3338,1:46:42.380000,"(datetime.datetime(2026, 9, 29, 16, 59, 28, 332000),)",2a3c600a
408630466,-778331691,3339,1:46:42.440000,"(datetime.datetime(2026, 9, 29, 16, 59, 28, 397000),)",2a3c600a
408628447,-778335285,3316,1:46:42.480000,"(datetime.datetime(2026, 9, 29, 16, 59, 28, 432000),)",2a3c600d
408630568,-778331519,3338,1:46:42.540000,"(datetime.datetime(2026, 9, 29, 16, 59, 28, 497000),)",2a3c600a
408628549,-778335119,3316,1:46:42.560000,"(datetime.datetime(2026, 9, 29, 16, 59, 28, 515000),)",2a3c600d
408630672,-778331340,3338,1:46:42.650000,"(datetime.datetime(2026, 9, 29, 16, 59, 28, 607000),)",2a3c600a
408628644,-778334951,3316,1:46:42.680000,"(datetime.datetime(2026, 9, 29, 16, 59, 28, 638000),)",2a3c600d
408630774,-778331164,3339,1:46:42.740000,"(datetime.datetime(2026, 9, 29, 16, 59, 28, 698000),)",2a3c600a
408628743,-778334782,3316,1:46:42.760000,"(datetime.datetime(2026, 9, 29, 16, 59, 28, 713000),)",2a3c600d
408630875,-778330991,3339,1:46:43.130000,"(datetime.datetime(2026, 9, 29, 16, 59, 29, 85000),)",2a3c600a
408628840,-778334612,3317,1:46:43.280000,"(datetime.datetime(2026, 9, 29, 16, 59, 29, 239000),)",2a3c600d
408628939,-778334442,3316,1:46:43.390000,"(datetime.datetime(2026, 9, 29, 16, 59, 29, 346000),)",2a3c600d
408630976,-778330815,3339,1:46:43.470000,"(datetime.datetime(2026, 9, 29, 16, 59, 29, 428000),)",2a3c600a
408631079,-778330640,3339,1:46:43.590000,"(datetime.datetime(2026, 9, 29, 16, 59, 29, 549000),)",2a3c600a
408629038,-778334274,3317,1:46:43.740000,"(datetime.datetime(2026, 9, 29, 16, 59, 29, 699000),)",2a3c600d
408631184,-778330460,3339,1:46:43.950000,"(datetime.datetime(2026, 9, 29, 16, 59, 29, 904000),)",2a3c600a
408629137,-778334107,3317,1:46:43.990000,"(datetime.datetime(2026, 9, 29, 16, 59, 29, 942000),)",2a3c600d
408631290,-778330282,3340,1:46:44.060000,"(datetime.datetime(2026, 9, 29, 16, 59, 30, 15000),)",2a3c600a
408629239,-778333938,3317,1:46:44.220000,"(datetime.datetime(2026, 9, 29, 16, 59, 30, 178000),)",2a3c600d
408631391,-778330106,3339,1:46:44.270000,"(datetime.datetime(2026, 9, 29, 16, 59, 30, 229000),)",2a3c600a
408629339,-778333770,3316,1:46:44.340000,"(datetime.datetime(2026, 9, 29, 16, 59, 30, 299000),)",2a3c600d
408631499,-778329931,3340,1:46:44.380000,"(datetime.datetime(2026, 9, 29, 16, 59, 30, 335000),)",2a3c600a
408629436,-778333600,3316,1:46:44.480000,"(datetime.datetime(2026, 9, 29, 16, 59, 30, 439000),)",2a3c600d
408631599,-778329754,3340,1:46:44.560000,"(datetime.datetime(2026, 9, 29, 16, 59, 30, 520000),)",2a3c600a
408629534,-778333432,3316,1:46:44.700000,"(datetime.datetime(2026, 9, 29, 16, 59, 30, 652000),)",2a3c600d
408631702,-778329579,3340,1:46:44.810000,"(datetime.datetime(2026, 9, 29, 16, 59, 30, 761000),)",2a3c600a
408629631,-778333261,3316,1:46:44.890000,"(datetime.datetime(2026, 9, 29, 16, 59, 30, 848000),)",2a3c600d
408631802,-778329402,3340,1:46:45,"(datetime.datetime(2026, 9, 29, 16, 59, 30, 957000),)",2a3c600a
408629729,-778333098,3317,1:46:45.100000,"(datetime.datetime(2026, 9, 29, 16, 59, 31, 56000),)",2a3c600d
408631907,-778329227,3340,1:46:45.250000,"(datetime.datetime(2026, 9, 29, 16, 59, 31, 203000),)",2a3c600a
408629829,-778332930,3317,1:46:45.290000,"(datetime.datetime(2026, 9, 29, 16, 59, 31, 250000),)",2a3c600d
408632010,-778329052,3340,1:46:45.410000,"(datetime.datetime(2026, 9, 29, 16, 59, 31, 361000),)",2a3c600a
408629928,-778332762,3317,1:46:45.530000,"(datetime.datetime(2026, 9, 29, 16, 59, 31, 487000),)",2a3c600d
408632114,-778328876,3340,1:46:45.550000,"(datetime.datetime(2026, 9, 29, 16, 59, 31, 503000),)",2a3c600a
408630026,-778332592,3317,1:46:45.560000,"(datetime.datetime(2026, 9, 29, 16, 59, 31, 518000),)",2a3c600d
408632214,-778328700,3340,1:46:45.610000,"(datetime.datetime(2026, 9, 29, 16, 59, 31, 568000),)",2a3c600a
408630125,-778332426,3317,1:46:45.630000,"(datetime.datetime(2026, 9, 29, 16, 59, 31, 582000),)",2a3c600d
408632315,-778328524,3340,1:46:45.640000,"(datetime.datetime(2026, 9, 29, 16, 59, 31, 596000),)",2a3c600a
408630220,-778332256,3317,1:46:45.690000,"(datetime.datetime(2026, 9, 29, 16, 59, 31, 648000),)",2a3c600d
408632420,-778328347,3340,1:46:45.710000,"(datetime.datetime(2026, 9, 29, 16, 59, 31, 663000),)",2a3c600a
408630321,-778332094,3317,1:46:45.720000,"(datetime.datetime(2026, 9, 29, 16, 59, 31, 678000),)",2a3c600d
408632524,-778328171,3341,1:46:45.780000,"(datetime.datetime(2026, 9, 29, 16, 59, 31, 732000),)",2a3c600a
408630417,-778331916,3318,1:46:45.790000,"(datetime.datetime(2026, 9, 29, 16, 59, 31, 747000),)",2a3c600d
408632628,-778327994,3340,1:46:45.840000,"(datetime.datetime(2026, 9, 29, 16, 59, 31, 794000),)",2a3c600a
408630520,-778331750,3318,1:46:45.860000,"(datetime.datetime(2026, 9, 29, 16, 59, 31, 813000),)",2a3c600d
408632735,-778327821,3341,1:46:45.900000,"(datetime.datetime(2026, 9, 29, 16, 59, 31, 856000),)",2a3c600a
408630617,-778331584,3318,1:46:45.920000,"(datetime.datetime(2026, 9, 29, 16, 59, 31, 871000),)",2a3c600d
408632836,-778327646,3340,1:46:45.930000,"(datetime.datetime(2026, 9, 29, 16, 59, 31, 885000),)",2a3c600a
408630718,-778331418,3318,1:46:45.980000,"(datetime.datetime(2026, 9, 29, 16, 59, 31, 938000),)",2a3c600d
408632944,-778327470,3341,1:46:46,"(datetime.datetime(2026, 9, 29, 16, 59, 31, 953000),)",2a3c600a
408630816,-778331246,3318,1:46:46.050000,"(datetime.datetime(2026, 9, 29, 16, 59, 32, 8000),)",2a3c600d
408633044,-778327294,3341,1:46:46.070000,"(datetime.datetime(2026, 9, 29, 16, 59, 32, 25000),)",2a3c600a
408630918,-778331080,3318,1:46:46.110000,"(datetime.datetime(2026, 9, 29, 16, 59, 32, 66000),)",2a3c600d
408633149,-778327118,3340,1:46:46.120000,"(datetime.datetime(2026, 9, 29, 16, 59, 32, 80000),)",2a3c600a
408631016,-778330914,3318,1:46:46.180000,"(datetime.datetime(2026, 9, 29, 16, 59, 32, 132000),)",2a3c600d
408633253,-778326938,3341,1:46:46.200000,"(datetime.datetime(2026, 9, 29, 16, 59, 32, 152000),)",2a3c600a
408631118,-778330745,3318,1:46:46.240000,"(datetime.datetime(2026, 9, 29, 16, 59, 32, 194000),)",2a3c600d
408633362,-778326759,3341,1:46:46.260000,"(datetime.datetime(2026, 9, 29, 16, 59, 32, 211000),)",2a3c600a
408631217,-778330580,3318,1:46:46.310000,"(datetime.datetime(2026, 9, 29, 16, 59, 32, 261000),)",2a3c600d
408633467,-778326584,3341,1:46:46.320000,"(datetime.datetime(2026, 9, 29, 16, 59, 32, 276000),)",2a3c600a
408631318,-778330409,3318,1:46:46.370000,"(datetime.datetime(2026, 9, 29, 16, 59, 32, 324000),)",2a3c600d
408633569,-778326409,3341,1:46:46.380000,"(datetime.datetime(2026, 9, 29, 16, 59, 32, 338000),)",2a3c600a
408631419,-778330245,3318,1:46:46.430000,"(datetime.datetime(2026, 9, 29, 16, 59, 32, 388000),)",2a3c600d
408633674,-778326232,3341,1:46:46.450000,"(datetime.datetime(2026, 9, 29, 16, 59, 32, 403000),)",2a3c600a
408631518,-778330074,3318,1:46:46.540000,"(datetime.datetime(2026, 9, 29, 16, 59, 32, 496000),)",2a3c600d
408633778,-778326053,3341,1:46:46.560000,"(datetime.datetime(2026, 9, 29, 16, 59, 32, 518000),)",2a3c600a
408631618,-778329903,3319,1:46:46.580000,"(datetime.datetime(2026, 9, 29, 16, 59, 32, 534000),)",2a3c600d
408633880,-778325878,3340,1:46:46.620000,"(datetime.datetime(2026, 9, 29, 16, 59, 32, 577000),)",2a3c600a
408631718,-778329733,3318,1:46:46.640000,"(datetime.datetime(2026, 9, 29, 16, 59, 32, 592000),)",2a3c600d
408633983,-778325700,3341,1:46:46.690000,"(datetime.datetime(2026, 9, 29, 16, 59, 32, 647000),)",2a3c600a
408631817,-778329564,3318,1:46:46.710000,"(datetime.datetime(2026, 9, 29, 16, 59, 32, 661000),)",2a3c600d
408634088,-778325524,3341,1:46:46.720000,"(datetime.datetime(2026, 9, 29, 16, 59, 32, 675000),)",2a3c600a
408631915,-778329397,3318,1:46:46.780000,"(datetime.datetime(2026, 9, 29, 16, 59, 32, 731000),)",2a3c600d
408634192,-778325347,3341,1:46:46.790000,"(datetime.datetime(2026, 9, 29, 16, 59, 32, 744000),)",2a3c600a
408632015,-778329223,3318,1:46:46.840000,"(datetime.datetime(2026, 9, 29, 16, 59, 32, 796000),)",2a3c600d
408634301,-778325165,3342,1:46:46.860000,"(datetime.datetime(2026, 9, 29, 16, 59, 32, 812000),)",2a3c600a
408632116,-778329055,3318,1:46:46.900000,"(datetime.datetime(2026, 9, 29, 16, 59, 32, 858000),)",2a3c600d
408634403,-778324994,3342,1:46:46.920000,"(datetime.datetime(2026, 9, 29, 16, 59, 32, 872000),)",2a3c600a
408632211,-778328884,3318,1:46:46.980000,"(datetime.datetime(2026, 9, 29, 16, 59, 32, 931000),)",2a3c600d
408634506,-778324816,3342,1:46:47,"(datetime.datetime(2026, 9, 29, 16, 59, 32, 951000),)",2a3c600a
408632312,-778328710,3318,1:46:47.040000,"(datetime.datetime(2026, 9, 29, 16, 59, 32, 998000),)",2a3c600d
408634612,-778324637,3342,1:46:47.060000,"(datetime.datetime(2026, 9, 29, 16, 59, 33, 14000),)",2a3c600a
408632408,-778328536,3318,1:46:47.110000,"(datetime.datetime(2026, 9, 29, 16, 59, 33, 63000),)",2a3c600d
408634718,-778324461,3342,1:46:47.120000,"(datetime.datetime(2026, 9, 29, 16, 59, 33, 78000),)",2a3c600a
408632507,-778328371,3317,1:46:47.180000,"(datetime.datetime(2026, 9, 29, 16, 59, 33, 133000),)",2a3c600d
408634823,-778324285,3343,1:46:47.190000,"(datetime.datetime(2026, 9, 29, 16, 59, 33, 148000),)",2a3c600a
408632612,-778328200,3317,1:46:47.250000,"(datetime.datetime(2026, 9, 29, 16, 59, 33, 205000),)",2a3c600d
408634927,-778324105,3342,1:46:47.270000,"(datetime.datetime(2026, 9, 29, 16, 59, 33, 221000),)",2a3c600a
408632710,-778328031,3317,1:46:47.310000,"(datetime.datetime(2026, 9, 29, 16, 59, 33, 268000),)",2a3c600d
408635033,-778323927,3343,1:46:47.330000,"(datetime.datetime(2026, 9, 29, 16, 59, 33, 284000),)",2a3c600a
408632809,-778327856,3317,1:46:47.380000,"(datetime.datetime(2026, 9, 29, 16, 59, 33, 335000),)",2a3c600d
408635130,-778323754,3342,1:46:47.390000,"(datetime.datetime(2026, 9, 29, 16, 59, 33, 350000),)",2a3c600a
408632907,-778327692,3318,1:46:47.450000,"(datetime.datetime(2026, 9, 29, 16, 59, 33, 409000),)",2a3c600d
408635236,-778323572,3342,1:46:47.470000,"(datetime.datetime(2026, 9, 29, 16, 59, 33, 427000),)",2a3c600a
408633005,-778327518,3317,1:46:47.530000,"(datetime.datetime(2026, 9, 29, 16, 59, 33, 488000),)",2a3c600d
408635341,-778323396,3342,1:46:47.580000,"(datetime.datetime(2026, 9, 29, 16, 59, 33, 536000),)",2a3c600a
408633105,-778327344,3317,1:46:47.600000,"(datetime.datetime(2026, 9, 29, 16, 59, 33, 556000),)",2a3c600d
408635445,-778323214,3342,1:46:47.640000,"(datetime.datetime(2026, 9, 29, 16, 59, 33, 599000),)",2a3c600a
408633202,-778327176,3318,1:46:47.660000,"(datetime.datetime(2026, 9, 29, 16, 59, 33, 617000),)",2a3c600d
408635549,-778323032,3342,1:46:47.720000,"(datetime.datetime(2026, 9, 29, 16, 59, 33, 672000),)",2a3c600a
408633300,-778327001,3318,1:46:47.740000,"(datetime.datetime(2026, 9, 29, 16, 59, 33, 692000),)",2a3c600d
408633400,-778326834,3318,1:46:47.770000,"(datetime.datetime(2026, 9, 29, 16, 59, 33, 730000),)",2a3c600d
408635655,-778322855,3342,1:46:47.790000,"(datetime.datetime(2026, 9, 29, 16, 59, 33, 748000),)",2a3c600a
408635760,-778322673,3343,1:46:47.850000,"(datetime.datetime(2026, 9, 29, 16, 59, 33, 804000),)",2a3c600a
408633497,-778326663,3318,1:46:47.870000,"(datetime.datetime(2026, 9, 29, 16, 59, 33, 823000),)",2a3c600d
408635860,-778322495,3342,1:46:47.920000,"(datetime.datetime(2026, 9, 29, 16, 59, 33, 871000),)",2a3c600a
408633597,-778326490,3318,1:46:47.940000,"(datetime.datetime(2026, 9, 29, 16, 59, 33, 891000),)",2a3c600d
408635966,-778322312,3343,1:46:47.970000,"(datetime.datetime(2026, 9, 29, 16, 59, 33, 929000),)",2a3c600a
408633695,-778326321,3318,1:46:47.990000,"(datetime.datetime(2026, 9, 29, 16, 59, 33, 944000),)",2a3c600d
408636067,-778322132,3343,1:46:48.050000,"(datetime.datetime(2026, 9, 29, 16, 59, 34, 4000),)",2a3c600a
408633797,-778326149,3318,1:46:48.060000,"(datetime.datetime(2026, 9, 29, 16, 59, 34, 18000),)",2a3c600d
408636177,-778321949,3343,1:46:48.120000,"(datetime.datetime(2026, 9, 29, 16, 59, 34, 78000),)",2a3c600a
408633896,-778325984,3318,1:46:48.140000,"(datetime.datetime(2026, 9, 29, 16, 59, 34, 96000),)",2a3c600d
408636278,-778321770,3342,1:46:48.190000,"(datetime.datetime(2026, 9, 29, 16, 59, 34, 144000),)",2a3c600a
408633994,-778325811,3318,1:46:48.200000,"(datetime.datetime(2026, 9, 29, 16, 59, 34, 160000),)",2a3c600d
408634093,-778325637,3318,1:46:48.260000,"(datetime.datetime(2026, 9, 29, 16, 59, 34, 219000),)",2a3c600d
408636382,-778321585,3342,1:46:48.280000,"(datetime.datetime(2026, 9, 29, 16, 59, 34, 236000),)",2a3c600a
408636487,-778321399,3342,1:46:48.330000,"(datetime.datetime(2026, 9, 29, 16, 59, 34, 282000),)",2a3c600a
408634196,-778325471,3319,1:46:48.340000,"(datetime.datetime(2026, 9, 29, 16, 59, 34, 298000),)",2a3c600d
408636590,-778321219,3342,1:46:48.390000,"(datetime.datetime(2026, 9, 29, 16, 59, 34, 343000),)",2a3c600a
408634299,-778325307,3318,1:46:48.400000,"(datetime.datetime(2026, 9, 29, 16, 59, 34, 358000),)",2a3c600d
408636700,-778321036,3343,1:46:48.430000,"(datetime.datetime(2026, 9, 29, 16, 59, 34, 388000),)",2a3c600a
408634395,-778325130,3319,1:46:48.470000,"(datetime.datetime(2026, 9, 29, 16, 59, 34, 422000),)",2a3c600d
408636808,-778320853,3343,1:46:48.530000,"(datetime.datetime(2026, 9, 29, 16, 59, 34, 487000),)",2a3c600a
408634493,-778324957,3319,1:46:48.550000,"(datetime.datetime(2026, 9, 29, 16, 59, 34, 508000),)",2a3c600d
408636914,-778320668,3343,1:46:48.630000,"(datetime.datetime(2026, 9, 29, 16, 59, 34, 588000),)",2a3c600a
408634591,-778324784,3319,1:46:48.660000,"(datetime.datetime(2026, 9, 29, 16, 59, 34, 617000),)",2a3c600d
408637016,-778320484,3343,1:46:48.730000,"(datetime.datetime(2026, 9, 29, 16, 59, 34, 688000),)",2a3c600a
408634692,-778324617,3319,1:46:48.750000,"(datetime.datetime(2026, 9, 29, 16, 59, 34, 704000),)",2a3c600d
408637119,-778320299,3343,1:46:48.830000,"(datetime.datetime(2026, 9, 29, 16, 59, 34, 788000),)",2a3c600a
408634793,-778324447,3319,1:46:48.860000,"(datetime.datetime(2026, 9, 29, 16, 59, 34, 816000),)",2a3c600d
408634895,-778324278,3319,1:46:48.910000,"(datetime.datetime(2026, 9, 29, 16, 59, 34, 869000),)",2a3c600d
408637228,-778320109,3343,1:46:48.940000,"(datetime.datetime(2026, 9, 29, 16, 59, 34, 900000),)",2a3c600a
408634989,-778324104,3319,1:46:49.030000,"(datetime.datetime(2026, 9, 29, 16, 59, 34, 983000),)",2a3c600d
408637333,-778319926,3343,1:46:49.060000,"(datetime.datetime(2026, 9, 29, 16, 59, 35, 11000),)",2a3c600a
408635092,-778323935,3319,1:46:49.120000,"(datetime.datetime(2026, 9, 29, 16, 59, 35, 73000),)",2a3c600d
408637441,-778319744,3343,1:46:49.150000,"(datetime.datetime(2026, 9, 29, 16, 59, 35, 108000),)",2a3c600a
408635192,-778323766,3319,1:46:49.220000,"(datetime.datetime(2026, 9, 29, 16, 59, 35, 177000),)",2a3c600d
408637547,-778319554,3343,1:46:49.250000,"(datetime.datetime(2026, 9, 29, 16, 59, 35, 201000),)",2a3c600a
408635294,-778323594,3320,1:46:49.320000,"(datetime.datetime(2026, 9, 29, 16, 59, 35, 274000),)",2a3c600d
408637653,-778319369,3343,1:46:49.340000,"(datetime.datetime(2026, 9, 29, 16, 59, 35, 293000),)",2a3c600a
408635392,-778323424,3319,1:46:49.420000,"(datetime.datetime(2026, 9, 29, 16, 59, 35, 373000),)",2a3c600d
408637761,-778319182,3343,1:46:49.450000,"(datetime.datetime(2026, 9, 29, 16, 59, 35, 402000),)",2a3c600a
408635497,-778323255,3320,1:46:49.520000,"(datetime.datetime(2026, 9, 29, 16, 59, 35, 473000),)",2a3c600d
408637867,-778318997,3343,1:46:49.550000,"(datetime.datetime(2026, 9, 29, 16, 59, 35, 509000),)",2a3c600a
408635597,-778323084,3320,1:46:49.620000,"(datetime.datetime(2026, 9, 29, 16, 59, 35, 578000),)",2a3c600d
408637973,-778318810,3343,1:46:49.650000,"(datetime.datetime(2026, 9, 29, 16, 59, 35, 605000),)",2a3c600a
408635698,-778322911,3320,1:46:49.720000,"(datetime.datetime(2026, 9, 29, 16, 59, 35, 679000),)",2a3c600d
408638082,-778318621,3344,1:46:49.750000,"(datetime.datetime(2026, 9, 29, 16, 59, 35, 705000),)",2a3c600a
408635802,-778322741,3320,1:46:49.830000,"(datetime.datetime(2026, 9, 29, 16, 59, 35, 785000),)",2a3c600d
408638188,-778318431,3344,1:46:49.850000,"(datetime.datetime(2026, 9, 29, 16, 59, 35, 804000),)",2a3c600a
408635900,-778322565,3320,1:46:49.920000,"(datetime.datetime(2026, 9, 29, 16, 59, 35, 880000),)",2a3c600d
408638291,-778318245,3344,1:46:49.960000,"(datetime.datetime(2026, 9, 29, 16, 59, 35, 913000),)",2a3c600a
408638396,-778318056,3343,1:46:50.030000,"(datetime.datetime(2026, 9, 29, 16, 59, 35, 988000),)",2a3c600a
408636000,-778322392,3320,1:46:50.120000,"(datetime.datetime(2026, 9, 29, 16, 59, 36, 74000),)",2a3c600d
408638505,-778317866,3343,1:46:50.150000,"(datetime.datetime(2026, 9, 29, 16, 59, 36, 102000),)",2a3c600a
408636103,-778322220,3320,1:46:50.220000,"(datetime.datetime(2026, 9, 29, 16, 59, 36, 173000),)",2a3c600d
408638612,-778317678,3343,1:46:50.240000,"(datetime.datetime(2026, 9, 29, 16, 59, 36, 192000),)",2a3c600a
408636207,-778322051,3320,1:46:50.320000,"(datetime.datetime(2026, 9, 29, 16, 59, 36, 274000),)",2a3c600d
408638720,-778317487,3343,1:46:50.350000,"(datetime.datetime(2026, 9, 29, 16, 59, 36, 301000),)",2a3c600a
408636309,-778321875,3320,1:46:50.420000,"(datetime.datetime(2026, 9, 29, 16, 59, 36, 374000),)",2a3c600d
408638829,-778317294,3343,1:46:50.440000,"(datetime.datetime(2026, 9, 29, 16, 59, 36, 393000),)",2a3c600a
408636412,-778321698,3320,1:46:50.520000,"(datetime.datetime(2026, 9, 29, 16, 59, 36, 474000),)",2a3c600d
408638936,-778317106,3343,1:46:50.550000,"(datetime.datetime(2026, 9, 29, 16, 59, 36, 506000),)",2a3c600a
408636513,-778321522,3319,1:46:50.620000,"(datetime.datetime(2026, 9, 29, 16, 59, 36, 574000),)",2a3c600d
408639045,-778316917,3343,1:46:50.650000,"(datetime.datetime(2026, 9, 29, 16, 59, 36, 602000),)",2a3c600a
408636616,-778321345,3320,1:46:50.720000,"(datetime.datetime(2026, 9, 29, 16, 59, 36, 673000),)",2a3c600d
408639154,-778316725,3343,1:46:50.740000,"(datetime.datetime(2026, 9, 29, 16, 59, 36, 692000),)",2a3c600a
408636716,-778321166,3319,1:46:50.820000,"(datetime.datetime(2026, 9, 29, 16, 59, 36, 773000),)",2a3c600d
408639265,-778316534,3344,1:46:50.830000,"(datetime.datetime(2026, 9, 29, 16, 59, 36, 788000),)",2a3c600a
408636823,-778320990,3319,1:46:50.920000,"(datetime.datetime(2026, 9, 29, 16, 59, 36, 874000),)",2a3c600d
408639373,-778316343,3344,1:46:50.940000,"(datetime.datetime(2026, 9, 29, 16, 59, 36, 900000),)",2a3c600a
408636929,-778320811,3320,1:46:51.020000,"(datetime.datetime(2026, 9, 29, 16, 59, 36, 973000),)",2a3c600d
408639481,-778316153,3344,1:46:51.030000,"(datetime.datetime(2026, 9, 29, 16, 59, 36, 989000),)",2a3c600a
408637032,-778320633,3319,1:46:51.120000,"(datetime.datetime(2026, 9, 29, 16, 59, 37, 78000),)",2a3c600d
408639591,-778315961,3344,1:46:51.150000,"(datetime.datetime(2026, 9, 29, 16, 59, 37, 103000),)",2a3c600a
408637135,-778320451,3319,1:46:51.220000,"(datetime.datetime(2026, 9, 29, 16, 59, 37, 174000),)",2a3c600d
408639703,-778315772,3344,1:46:51.240000,"(datetime.datetime(2026, 9, 29, 16, 59, 37, 198000),)",2a3c600a
408637241,-778320277,3319,1:46:51.320000,"(datetime.datetime(2026, 9, 29, 16, 59, 37, 273000),)",2a3c600d
408637347,-778320095,3320,1:46:51.350000,"(datetime.datetime(2026, 9, 29, 16, 59, 37, 301000),)",2a3c600d
408639811,-778315582,3344,1:46:51.370000,"(datetime.datetime(2026, 9, 29, 16, 59, 37, 322000),)",2a3c600a
408639921,-778315394,3344,1:46:51.430000,"(datetime.datetime(2026, 9, 29, 16, 59, 37, 387000),)",2a3c600a
408637450,-778319910,3319,1:46:51.520000,"(datetime.datetime(2026, 9, 29, 16, 59, 37, 473000),)",2a3c600d
408640026,-778315203,3344,1:46:51.540000,"(datetime.datetime(2026, 9, 29, 16, 59, 37, 499000),)",2a3c600a
408637555,-778319728,3319,1:46:51.620000,"(datetime.datetime(2026, 9, 29, 16, 59, 37, 573000),)",2a3c600d
408640141,-778315018,3344,1:46:51.630000,"(datetime.datetime(2026, 9, 29, 16, 59, 37, 590000),)",2a3c600a
408637663,-778319545,3320,1:46:51.720000,"(datetime.datetime(2026, 9, 29, 16, 59, 37, 674000),)",2a3c600d
408640248,-778314829,3344,1:46:51.750000,"(datetime.datetime(2026, 9, 29, 16, 59, 37, 705000),)",2a3c600a
408637770,-778319360,3320,1:46:51.820000,"(datetime.datetime(2026, 9, 29, 16, 59, 37, 776000),)",2a3c600d
408640357,-778314643,3344,1:46:51.840000,"(datetime.datetime(2026, 9, 29, 16, 59, 37, 792000),)",2a3c600a
408637880,-778319181,3320,1:46:51.920000,"(datetime.datetime(2026, 9, 29, 16, 59, 37, 876000),)",2a3c600d
408640464,-778314459,3344,1:46:51.940000,"(datetime.datetime(2026, 9, 29, 16, 59, 37, 900000),)",2a3c600a
408637988,-778319000,3320,1:46:52.020000,"(datetime.datetime(2026, 9, 29, 16, 59, 37, 973000),)",2a3c600d
408638091,-778318814,3320,1:46:52.040000,"(datetime.datetime(2026, 9, 29, 16, 59, 37, 994000),)",2a3c600d
408640572,-778314274,3344,1:46:52.060000,"(datetime.datetime(2026, 9, 29, 16, 59, 38, 11000),)",2a3c600a
408638207,-778318632,3320,1:46:52.130000,"(datetime.datetime(2026, 9, 29, 16, 59, 38, 83000),)",2a3c600d
408640684,-778314090,3345,1:46:52.170000,"(datetime.datetime(2026, 9, 29, 16, 59, 38, 125000),)",2a3c600a
408638309,-778318451,3320,1:46:52.230000,"(datetime.datetime(2026, 9, 29, 16, 59, 38, 183000),)",2a3c600d
408640792,-778313903,3345,1:46:52.240000,"(datetime.datetime(2026, 9, 29, 16, 59, 38, 199000),)",2a3c600a
408638417,-778318264,3320,1:46:52.330000,"(datetime.datetime(2026, 9, 29, 16, 59, 38, 287000),)",2a3c600d
408640899,-778313723,3344,1:46:52.360000,"(datetime.datetime(2026, 9, 29, 16, 59, 38, 313000),)",2a3c600a
408638523,-778318079,3320,1:46:52.420000,"(datetime.datetime(2026, 9, 29, 16, 59, 38, 379000),)",2a3c600d
408641007,-778313545,3344,1:46:52.450000,"(datetime.datetime(2026, 9, 29, 16, 59, 38, 408000),)",2a3c600a
408638629,-778317891,3320,1:46:52.520000,"(datetime.datetime(2026, 9, 29, 16, 59, 38, 478000),)",2a3c600d
408641113,-778313362,3344,1:46:52.550000,"(datetime.datetime(2026, 9, 29, 16, 59, 38, 502000),)",2a3c600a
408638738,-778317709,3320,1:46:52.630000,"(datetime.datetime(2026, 9, 29, 16, 59, 38, 585000),)",2a3c600d
408641220,-778313188,3345,1:46:52.650000,"(datetime.datetime(2026, 9, 29, 16, 59, 38, 610000),)",2a3c600a
408638846,-778317525,3320,1:46:52.730000,"(datetime.datetime(2026, 9, 29, 16, 59, 38, 682000),)",2a3c600d
408641327,-778313009,3345,1:46:52.740000,"(datetime.datetime(2026, 9, 29, 16, 59, 38, 697000),)",2a3c600a
408638952,-778317341,3320,1:46:52.830000,"(datetime.datetime(2026, 9, 29, 16, 59, 38, 782000),)",2a3c600d
408641430,-778312832,3345,1:46:52.850000,"(datetime.datetime(2026, 9, 29, 16, 59, 38, 808000),)",2a3c600a
408641535,-778312657,3345,1:46:52.930000,"(datetime.datetime(2026, 9, 29, 16, 59, 38, 887000),)",2a3c600a
408639059,-778317157,3320,1:46:52.950000,"(datetime.datetime(2026, 9, 29, 16, 59, 38, 904000),)",2a3c600d
408639168,-778316974,3321,1:46:53.030000,"(datetime.datetime(2026, 9, 29, 16, 59, 38, 982000),)",2a3c600d
408641639,-778312486,3345,1:46:53.040000,"(datetime.datetime(2026, 9, 29, 16, 59, 38, 999000),)",2a3c600a
408639274,-778316795,3321,1:46:53.130000,"(datetime.datetime(2026, 9, 29, 16, 59, 39, 85000),)",2a3c600d
408641639,-778312486,3345,1:46:53.160000,"(datetime.datetime(2026, 9, 29, 16, 59, 39, 111000),)",2a3c600a
408639378,-778316612,3320,1:46:53.230000,"(datetime.datetime(2026, 9, 29, 16, 59, 39, 183000),)",2a3c600d
408641848,-778312139,3344,1:46:53.240000,"(datetime.datetime(2026, 9, 29, 16, 59, 39, 198000),)",2a3c600a
408639486,-778316431,3320,1:46:53.330000,"(datetime.datetime(2026, 9, 29, 16, 59, 39, 283000),)",2a3c600d
408641952,-778311969,3345,1:46:53.360000,"(datetime.datetime(2026, 9, 29, 16, 59, 39, 314000),)",2a3c600a
408639591,-778316247,3320,1:46:53.430000,"(datetime.datetime(2026, 9, 29, 16, 59, 39, 382000),)",2a3c600d
408641952,-778311969,3345,1:46:53.440000,"(datetime.datetime(2026, 9, 29, 16, 59, 39, 398000),)",2a3c600a
408639696,-778316066,3320,1:46:53.530000,"(datetime.datetime(2026, 9, 29, 16, 59, 39, 485000),)",2a3c600d
408642054,-778311799,3345,1:46:53.560000,"(datetime.datetime(2026, 9, 29, 16, 59, 39, 514000),)",2a3c600a
408639804,-778315887,3321,1:46:53.630000,"(datetime.datetime(2026, 9, 29, 16, 59, 39, 582000),)",2a3c600d
408642153,-778311632,3345,1:46:53.640000,"(datetime.datetime(2026, 9, 29, 16, 59, 39, 599000),)",2a3c600a
408639908,-778315707,3321,1:46:53.730000,"(datetime.datetime(2026, 9, 29, 16, 59, 39, 683000),)",2a3c600d
408642250,-778311469,3345,1:46:53.760000,"(datetime.datetime(2026, 9, 29, 16, 59, 39, 716000),)",2a3c600a
408640012,-778315524,3321,1:46:53.830000,"(datetime.datetime(2026, 9, 29, 16, 59, 39, 782000),)",2a3c600d
408642354,-778311303,3345,1:46:53.850000,"(datetime.datetime(2026, 9, 29, 16, 59, 39, 808000),)",2a3c600a
408640117,-778315344,3321,1:46:53.930000,"(datetime.datetime(2026, 9, 29, 16, 59, 39, 882000),)",2a3c600d
408642458,-778311140,3345,1:46:53.940000,"(datetime.datetime(2026, 9, 29, 16, 59, 39, 898000),)",2a3c600a
408640223,-778315163,3321,1:46:54.030000,"(datetime.datetime(2026, 9, 29, 16, 59, 39, 982000),)",2a3c600d
408642552,-778310974,3345,1:46:54.050000,"(datetime.datetime(2026, 9, 29, 16, 59, 40, 8000),)",2a3c600a
408640329,-778314986,3321,1:46:54.130000,"(datetime.datetime(2026, 9, 29, 16, 59, 40, 83000),)",2a3c600d
408642654,-778310813,3346,1:46:54.160000,"(datetime.datetime(2026, 9, 29, 16, 59, 40, 113000),)",2a3c600a
408640433,-778314808,3321,1:46:54.230000,"(datetime.datetime(2026, 9, 29, 16, 59, 40, 182000),)",2a3c600d
408642752,-778310650,3346,1:46:54.240000,"(datetime.datetime(2026, 9, 29, 16, 59, 40, 198000),)",2a3c600a
408640534,-778314629,3321,1:46:54.330000,"(datetime.datetime(2026, 9, 29, 16, 59, 40, 286000),)",2a3c600d
408642858,-778310483,3346,1:46:54.360000,"(datetime.datetime(2026, 9, 29, 16, 59, 40, 311000),)",2a3c600a
408640641,-778314451,3321,1:46:54.430000,"(datetime.datetime(2026, 9, 29, 16, 59, 40, 383000),)",2a3c600d
408642955,-778310330,3345,1:46:54.440000,"(datetime.datetime(2026, 9, 29, 16, 59, 40, 398000),)",2a3c600a
408640741,-778314269,3321,1:46:54.530000,"(datetime.datetime(2026, 9, 29, 16, 59, 40, 483000),)",2a3c600d
408643054,-778310166,3345,1:46:54.560000,"(datetime.datetime(2026, 9, 29, 16, 59, 40, 515000),)",2a3c600a
408640845,-778314091,3321,1:46:54.630000,"(datetime.datetime(2026, 9, 29, 16, 59, 40, 582000),)",2a3c600d
408643161,-778310008,3346,1:46:54.640000,"(datetime.datetime(2026, 9, 29, 16, 59, 40, 597000),)",2a3c600a
408640948,-778313913,3321,1:46:54.730000,"(datetime.datetime(2026, 9, 29, 16, 59, 40, 683000),)",2a3c600d
408643259,-778309854,3345,1:46:54.760000,"(datetime.datetime(2026, 9, 29, 16, 59, 40, 711000),)",2a3c600a
408641050,-778313737,3321,1:46:54.830000,"(datetime.datetime(2026, 9, 29, 16, 59, 40, 783000),)",2a3c600d
408643366,-778309696,3346,1:46:54.860000,"(datetime.datetime(2026, 9, 29, 16, 59, 40, 812000),)",2a3c600a
408641154,-778313559,3321,1:46:54.930000,"(datetime.datetime(2026, 9, 29, 16, 59, 40, 887000),)",2a3c600d
408643569,-778309389,3346,1:46:54.960000,"(datetime.datetime(2026, 9, 29, 16, 59, 40, 911000),)",2a3c600a
408641255,-778313384,3321,1:46:55.030000,"(datetime.datetime(2026, 9, 29, 16, 59, 40, 983000),)",2a3c600d
408643569,-778309389,3346,1:46:55.050000,"(datetime.datetime(2026, 9, 29, 16, 59, 41, 8000),)",2a3c600a
408641357,-778313204,3321,1:46:55.130000,"(datetime.datetime(2026, 9, 29, 16, 59, 41, 84000),)",2a3c600d
408643779,-778309087,3346,1:46:55.160000,"(datetime.datetime(2026, 9, 29, 16, 59, 41, 111000),)",2a3c600a
408641459,-778313024,3321,1:46:55.230000,"(datetime.datetime(2026, 9, 29, 16, 59, 41, 183000),)",2a3c600d
408643888,-778308934,3346,1:46:55.250000,"(datetime.datetime(2026, 9, 29, 16, 59, 41, 206000),)",2a3c600a
408641563,-778312851,3321,1:46:55.330000,"(datetime.datetime(2026, 9, 29, 16, 59, 41, 282000),)",2a3c600d
408643994,-778308794,3346,1:46:55.360000,"(datetime.datetime(2026, 9, 29, 16, 59, 41, 316000),)",2a3c600a
408641662,-778312677,3321,1:46:55.430000,"(datetime.datetime(2026, 9, 29, 16, 59, 41, 383000),)",2a3c600d
408644102,-778308651,3346,1:46:55.450000,"(datetime.datetime(2026, 9, 29, 16, 59, 41, 404000),)",2a3c600a
408641763,-778312501,3321,1:46:55.530000,"(datetime.datetime(2026, 9, 29, 16, 59, 41, 482000),)",2a3c600d
408644211,-778308510,3346,1:46:55.540000,"(datetime.datetime(2026, 9, 29, 16, 59, 41, 498000),)",2a3c600a
408641866,-778312325,3321,1:46:55.630000,"(datetime.datetime(2026, 9, 29, 16, 59, 41, 583000),)",2a3c600d
408644322,-778308371,3346,1:46:55.660000,"(datetime.datetime(2026, 9, 29, 16, 59, 41, 618000),)",2a3c600a
408641967,-778312153,3321,1:46:55.730000,"(datetime.datetime(2026, 9, 29, 16, 59, 41, 683000),)",2a3c600d
408644431,-778308232,3346,1:46:55.760000,"(datetime.datetime(2026, 9, 29, 16, 59, 41, 714000),)",2a3c600a
408642066,-778311976,3322,1:46:55.830000,"(datetime.datetime(2026, 9, 29, 16, 59, 41, 782000),)",2a3c600d
408644545,-778308097,3346,1:46:55.850000,"(datetime.datetime(2026, 9, 29, 16, 59, 41, 803000),)",2a3c600a
408642169,-778311804,3322,1:46:55.930000,"(datetime.datetime(2026, 9, 29, 16, 59, 41, 882000),)",2a3c600d
408644660,-778307963,3346,1:46:55.940000,"(datetime.datetime(2026, 9, 29, 16, 59, 41, 898000),)",2a3c600a
408642268,-778311629,3322,1:46:56.030000,"(datetime.datetime(2026, 9, 29, 16, 59, 41, 983000),)",2a3c600d
408644770,-778307833,3345,1:46:56.050000,"(datetime.datetime(2026, 9, 29, 16, 59, 42, 6000),)",2a3c600a
408642368,-778311456,3322,1:46:56.130000,"(datetime.datetime(2026, 9, 29, 16, 59, 42, 84000),)",2a3c600d
408644886,-778307705,3345,1:46:56.160000,"(datetime.datetime(2026, 9, 29, 16, 59, 42, 116000),)",2a3c600a
408642470,-778311278,3322,1:46:56.230000,"(datetime.datetime(2026, 9, 29, 16, 59, 42, 183000),)",2a3c600d
408645003,-778307575,3346,1:46:56.250000,"(datetime.datetime(2026, 9, 29, 16, 59, 42, 209000),)",2a3c600a
408642571,-778311111,3322,1:46:56.330000,"(datetime.datetime(2026, 9, 29, 16, 59, 42, 283000),)",2a3c600d
408645124,-778307454,3346,1:46:56.350000,"(datetime.datetime(2026, 9, 29, 16, 59, 42, 310000),)",2a3c600a
408642674,-778310944,3322,1:46:56.430000,"(datetime.datetime(2026, 9, 29, 16, 59, 42, 384000),)",2a3c600d
408645241,-778307332,3346,1:46:56.460000,"(datetime.datetime(2026, 9, 29, 16, 59, 42, 412000),)",2a3c600a
408642775,-778310771,3322,1:46:56.530000,"(datetime.datetime(2026, 9, 29, 16, 59, 42, 487000),)",2a3c600d
408645360,-778307213,3346,1:46:56.570000,"(datetime.datetime(2026, 9, 29, 16, 59, 42, 527000),)",2a3c600a
408642879,-778310604,3322,1:46:56.630000,"(datetime.datetime(2026, 9, 29, 16, 59, 42, 582000),)",2a3c600d
408645483,-778307095,3346,1:46:56.650000,"(datetime.datetime(2026, 9, 29, 16, 59, 42, 602000),)",2a3c600a
408642983,-778310438,3322,1:46:56.730000,"(datetime.datetime(2026, 9, 29, 16, 59, 42, 683000),)",2a3c600d
408645603,-778306980,3346,1:46:56.750000,"(datetime.datetime(2026, 9, 29, 16, 59, 42, 706000),)",2a3c600a
408643088,-778310273,3322,1:46:56.830000,"(datetime.datetime(2026, 9, 29, 16, 59, 42, 783000),)",2a3c600d
408645728,-778306867,3347,1:46:56.850000,"(datetime.datetime(2026, 9, 29, 16, 59, 42, 810000),)",2a3c600a
408643193,-778310109,3323,1:46:56.930000,"(datetime.datetime(2026, 9, 29, 16, 59, 42, 882000),)",2a3c600d
408645852,-778306755,3346,1:46:56.950000,"(datetime.datetime(2026, 9, 29, 16, 59, 42, 902000),)",2a3c600a
408643298,-778309948,3323,1:46:57.030000,"(datetime.datetime(2026, 9, 29, 16, 59, 42, 982000),)",2a3c600d
408645979,-778306648,3347,1:46:57.040000,"(datetime.datetime(2026, 9, 29, 16, 59, 42, 999000),)",2a3c600a
408643407,-778309789,3322,1:46:57.130000,"(datetime.datetime(2026, 9, 29, 16, 59, 43, 85000),)",2a3c600d
408646104,-778306543,3347,1:46:57.160000,"(datetime.datetime(2026, 9, 29, 16, 59, 43, 115000),)",2a3c600a
408643515,-778309627,3323,1:46:57.230000,"(datetime.datetime(2026, 9, 29, 16, 59, 43, 183000),)",2a3c600d
408646233,-778306435,3346,1:46:57.250000,"(datetime.datetime(2026, 9, 29, 16, 59, 43, 202000),)",2a3c600a
408643618,-778309475,3323,1:46:57.330000,"(datetime.datetime(2026, 9, 29, 16, 59, 43, 283000),)",2a3c600d
408646364,-778306340,3346,1:46:57.360000,"(datetime.datetime(2026, 9, 29, 16, 59, 43, 313000),)",2a3c600a
408643735,-778309319,3323,1:46:57.430000,"(datetime.datetime(2026, 9, 29, 16, 59, 43, 382000),)",2a3c600d
408646492,-778306243,3347,1:46:57.450000,"(datetime.datetime(2026, 9, 29, 16, 59, 43, 405000),)",2a3c600a
408643844,-778309165,3323,1:46:57.530000,"(datetime.datetime(2026, 9, 29, 16, 59, 43, 482000),)",2a3c600d
408646623,-778306153,3347,1:46:57.550000,"(datetime.datetime(2026, 9, 29, 16, 59, 43, 501000),)",2a3c600a
408643958,-778309017,3323,1:46:57.630000,"(datetime.datetime(2026, 9, 29, 16, 59, 43, 583000),)",2a3c600d
408646753,-778306061,3347,1:46:57.660000,"(datetime.datetime(2026, 9, 29, 16, 59, 43, 611000),)",2a3c600a
408644069,-778308866,3323,1:46:57.730000,"(datetime.datetime(2026, 9, 29, 16, 59, 43, 682000),)",2a3c600d
408646753,-778306061,3347,1:46:57.740000,"(datetime.datetime(2026, 9, 29, 16, 59, 43, 698000),)",2a3c600a
408644184,-778308719,3323,1:46:58.240000,"(datetime.datetime(2026, 9, 29, 16, 59, 44, 192000),)",2a3c600d
408646887,-778305975,3347,1:46:58.320000,"(datetime.datetime(2026, 9, 29, 16, 59, 44, 276000),)",2a3c600a
408644299,-778308577,3323,1:46:58.420000,"(datetime.datetime(2026, 9, 29, 16, 59, 44, 378000),)",2a3c600d
408647021,-778305889,3348,1:46:58.690000,"(datetime.datetime(2026, 9, 29, 16, 59, 44, 650000),)",2a3c600a
408644414,-778308431,3323,1:46:58.900000,"(datetime.datetime(2026, 9, 29, 16, 59, 44, 854000),)",2a3c600d
408647155,-778305810,3348,1:46:59.050000,"(datetime.datetime(2026, 9, 29, 16, 59, 45, 9000),)",2a3c600a
408644533,-778308290,3323,1:46:59.180000,"(datetime.datetime(2026, 9, 29, 16, 59, 45, 138000),)",2a3c600d
408647290,-778305731,3348,1:46:59.220000,"(datetime.datetime(2026, 9, 29, 16, 59, 45, 179000),)",2a3c600a
408644651,-778308148,3323,1:46:59.300000,"(datetime.datetime(2026, 9, 29, 16, 59, 45, 251000),)",2a3c600d
408647426,-778305655,3349,1:46:59.340000,"(datetime.datetime(2026, 9, 29, 16, 59, 45, 296000),)",2a3c600a
408644773,-778308018,3323,1:46:59.440000,"(datetime.datetime(2026, 9, 29, 16, 59, 45, 393000),)",2a3c600d
408647561,-778305570,3349,1:46:59.510000,"(datetime.datetime(2026, 9, 29, 16, 59, 45, 467000),)",2a3c600a
408644892,-778307886,3323,1:46:59.720000,"(datetime.datetime(2026, 9, 29, 16, 59, 45, 674000),)",2a3c600d
408647700,-778305509,3350,1:46:59.830000,"(datetime.datetime(2026, 9, 29, 16, 59, 45, 788000),)",2a3c600a
408647841,-778305438,3349,1:46:59.950000,"(datetime.datetime(2026, 9, 29, 16, 59, 45, 904000),)",2a3c600a
408645015,-778307752,3323,1:47:00.040000,"(datetime.datetime(2026, 9, 29, 16, 59, 45, 993000),)",2a3c600d
408647979,-778305380,3350,1:47:00.150000,"(datetime.datetime(2026, 9, 29, 16, 59, 46, 108000),)",2a3c600a
408645134,-778307621,3323,1:47:00.240000,"(datetime.datetime(2026, 9, 29, 16, 59, 46, 198000),)",2a3c600d
408648119,-778305324,3350,1:47:00.360000,"(datetime.datetime(2026, 9, 29, 16, 59, 46, 311000),)",2a3c600a
408645259,-778307493,3323,1:47:00.450000,"(datetime.datetime(2026, 9, 29, 16, 59, 46, 403000),)",2a3c600d
408648264,-778305272,3350,1:47:00.490000,"(datetime.datetime(2026, 9, 29, 16, 59, 46, 446000),)",2a3c600a
408645385,-778307371,3324,1:47:00.510000,"(datetime.datetime(2026, 9, 29, 16, 59, 46, 462000),)",2a3c600d
408648407,-778305221,3350,1:47:00.570000,"(datetime.datetime(2026, 9, 29, 16, 59, 46, 527000),)",2a3c600a
408645506,-778307248,3323,1:47:00.590000,"(datetime.datetime(2026, 9, 29, 16, 59, 46, 543000),)",2a3c600d
408648546,-778305177,3350,1:47:00.640000,"(datetime.datetime(2026, 9, 29, 16, 59, 46, 592000),)",2a3c600a
408645636,-778307128,3324,1:47:00.650000,"(datetime.datetime(2026, 9, 29, 16, 59, 46, 607000),)",2a3c600d
408648687,-778305136,3351,1:47:00.700000,"(datetime.datetime(2026, 9, 29, 16, 59, 46, 656000),)",2a3c600a
408645761,-778307012,3324,1:47:00.720000,"(datetime.datetime(2026, 9, 29, 16, 59, 46, 673000),)",2a3c600d
408648833,-778305094,3351,1:47:00.770000,"(datetime.datetime(2026, 9, 29, 16, 59, 46, 723000),)",2a3c600a
408645889,-778306886,3324,1:47:00.780000,"(datetime.datetime(2026, 9, 29, 16, 59, 46, 739000),)",2a3c600d
408648974,-778305048,3351,1:47:00.840000,"(datetime.datetime(2026, 9, 29, 16, 59, 46, 799000),)",2a3c600a
408646017,-778306777,3323,1:47:00.860000,"(datetime.datetime(2026, 9, 29, 16, 59, 46, 818000),)",2a3c600d
408649122,-778305025,3351,1:47:00.910000,"(datetime.datetime(2026, 9, 29, 16, 59, 46, 865000),)",2a3c600a
408646149,-778306669,3323,1:47:00.930000,"(datetime.datetime(2026, 9, 29, 16, 59, 46, 883000),)",2a3c600d
408649268,-778304999,3352,1:47:00.980000,"(datetime.datetime(2026, 9, 29, 16, 59, 46, 934000),)",2a3c600a
408646282,-778306563,3323,1:47:00.990000,"(datetime.datetime(2026, 9, 29, 16, 59, 46, 949000),)",2a3c600d
408649412,-778304972,3352,1:47:01.050000,"(datetime.datetime(2026, 9, 29, 16, 59, 47, 6000),)",2a3c600a
408646412,-778306462,3324,1:47:01.070000,"(datetime.datetime(2026, 9, 29, 16, 59, 47, 22000),)",2a3c600d
408649555,-778304955,3352,1:47:01.120000,"(datetime.datetime(2026, 9, 29, 16, 59, 47, 80000),)",2a3c600a
408646549,-778306367,3324,1:47:01.140000,"(datetime.datetime(2026, 9, 29, 16, 59, 47, 95000),)",2a3c600d
408649702,-778304938,3352,1:47:01.200000,"(datetime.datetime(2026, 9, 29, 16, 59, 47, 152000),)",2a3c600a
408646681,-778306271,3324,1:47:01.210000,"(datetime.datetime(2026, 9, 29, 16, 59, 47, 169000),)",2a3c600d
408649849,-778304925,3353,1:47:01.260000,"(datetime.datetime(2026, 9, 29, 16, 59, 47, 220000),)",2a3c600a
408646818,-778306175,3324,1:47:01.280000,"(datetime.datetime(2026, 9, 29, 16, 59, 47, 236000),)",2a3c600d
408649995,-778304914,3353,1:47:01.330000,"(datetime.datetime(2026, 9, 29, 16, 59, 47, 289000),)",2a3c600a
408646953,-778306089,3325,1:47:01.350000,"(datetime.datetime(2026, 9, 29, 16, 59, 47, 305000),)",2a3c600d
408650140,-778304911,3353,1:47:01.400000,"(datetime.datetime(2026, 9, 29, 16, 59, 47, 356000),)",2a3c600a
408647089,-778306002,3325,1:47:01.420000,"(datetime.datetime(2026, 9, 29, 16, 59, 47, 373000),)",2a3c600d
408650288,-778304909,3353,1:47:01.460000,"(datetime.datetime(2026, 9, 29, 16, 59, 47, 420000),)",2a3c600a
408647219,-778305907,3325,1:47:01.480000,"(datetime.datetime(2026, 9, 29, 16, 59, 47, 435000),)",2a3c600d
408650432,-778304900,3354,1:47:01.550000,"(datetime.datetime(2026, 9, 29, 16, 59, 47, 504000),)",2a3c600a
408647362,-778305834,3325,1:47:01.570000,"(datetime.datetime(2026, 9, 29, 16, 59, 47, 525000),)",2a3c600d
408650579,-778304912,3354,1:47:01.610000,"(datetime.datetime(2026, 9, 29, 16, 59, 47, 564000),)",2a3c600a
408647503,-778305762,3326,1:47:01.630000,"(datetime.datetime(2026, 9, 29, 16, 59, 47, 581000),)",2a3c600d
408650724,-778304922,3353,1:47:01.680000,"(datetime.datetime(2026, 9, 29, 16, 59, 47, 638000),)",2a3c600a
408647638,-778305694,3326,1:47:01.700000,"(datetime.datetime(2026, 9, 29, 16, 59, 47, 655000),)",2a3c600d
408650870,-778304933,3354,1:47:01.750000,"(datetime.datetime(2026, 9, 29, 16, 59, 47, 706000),)",2a3c600a
408647780,-778305627,3326,1:47:01.770000,"(datetime.datetime(2026, 9, 29, 16, 59, 47, 723000),)",2a3c600d
408651016,-778304950,3354,1:47:01.810000,"(datetime.datetime(2026, 9, 29, 16, 59, 47, 768000),)",2a3c600a
408647922,-778305570,3327,1:47:01.830000,"(datetime.datetime(2026, 9, 29, 16, 59, 47, 783000),)",2a3c600d
408651161,-778304968,3354,1:47:01.880000,"(datetime.datetime(2026, 9, 29, 16, 59, 47, 833000),)",2a3c600a
408648063,-778305512,3327,1:47:01.890000,"(datetime.datetime(2026, 9, 29, 16, 59, 47, 849000),)",2a3c600d
408651306,-778304991,3354,1:47:01.950000,"(datetime.datetime(2026, 9, 29, 16, 59, 47, 904000),)",2a3c600a
408648207,-778305457,3327,1:47:01.970000,"(datetime.datetime(2026, 9, 29, 16, 59, 47, 923000),)",2a3c600d
408651453,-778305013,3354,1:47:02.020000,"(datetime.datetime(2026, 9, 29, 16, 59, 47, 978000),)",2a3c600a
408648350,-778305407,3327,1:47:02.040000,"(datetime.datetime(2026, 9, 29, 16, 59, 47, 993000),)",2a3c600d
408651598,-778305041,3354,1:47:02.100000,"(datetime.datetime(2026, 9, 29, 16, 59, 48, 51000),)",2a3c600a
408648494,-778305360,3327,1:47:02.120000,"(datetime.datetime(2026, 9, 29, 16, 59, 48, 73000),)",2a3c600d
408651742,-778305075,3355,1:47:02.150000,"(datetime.datetime(2026, 9, 29, 16, 59, 48, 108000),)",2a3c600a
408648637,-778305303,3328,1:47:02.170000,"(datetime.datetime(2026, 9, 29, 16, 59, 48, 124000),)",2a3c600d
408651893,-778305092,3354,1:47:02.230000,"(datetime.datetime(2026, 9, 29, 16, 59, 48, 182000),)",2a3c600a
408648781,-778305273,3328,1:47:02.240000,"(datetime.datetime(2026, 9, 29, 16, 59, 48, 197000),)",2a3c600d
408652037,-778305143,3355,1:47:02.300000,"(datetime.datetime(2026, 9, 29, 16, 59, 48, 258000),)",2a3c600a
408648931,-778305236,3328,1:47:02.320000,"(datetime.datetime(2026, 9, 29, 16, 59, 48, 275000),)",2a3c600d
408652182,-778305186,3355,1:47:02.380000,"(datetime.datetime(2026, 9, 29, 16, 59, 48, 334000),)",2a3c600a
408649078,-778305201,3328,1:47:02.390000,"(datetime.datetime(2026, 9, 29, 16, 59, 48, 350000),)",2a3c600d
408652326,-778305231,3355,1:47:02.440000,"(datetime.datetime(2026, 9, 29, 16, 59, 48, 398000),)",2a3c600a
408649229,-778305173,3328,1:47:02.460000,"(datetime.datetime(2026, 9, 29, 16, 59, 48, 414000),)",2a3c600d
408652472,-778305278,3355,1:47:02.510000,"(datetime.datetime(2026, 9, 29, 16, 59, 48, 467000),)",2a3c600a
408649380,-778305144,3328,1:47:02.550000,"(datetime.datetime(2026, 9, 29, 16, 59, 48, 504000),)",2a3c600d
408652614,-778305332,3355,1:47:02.590000,"(datetime.datetime(2026, 9, 29, 16, 59, 48, 544000),)",2a3c600a
408649528,-778305122,3329,1:47:02.600000,"(datetime.datetime(2026, 9, 29, 16, 59, 48, 560000),)",2a3c600d
408652757,-778305389,3355,1:47:02.660000,"(datetime.datetime(2026, 9, 29, 16, 59, 48, 612000),)",2a3c600a
408649679,-778305104,3329,1:47:02.670000,"(datetime.datetime(2026, 9, 29, 16, 59, 48, 628000),)",2a3c600d
408652901,-778305446,3355,1:47:02.720000,"(datetime.datetime(2026, 9, 29, 16, 59, 48, 678000),)",2a3c600a
408649833,-778305091,3330,1:47:02.740000,"(datetime.datetime(2026, 9, 29, 16, 59, 48, 695000),)",2a3c600d
408653043,-778305507,3356,1:47:02.790000,"(datetime.datetime(2026, 9, 29, 16, 59, 48, 748000),)",2a3c600a
408649980,-778305073,3330,1:47:02.810000,"(datetime.datetime(2026, 9, 29, 16, 59, 48, 764000),)",2a3c600d
408653185,-778305572,3356,1:47:02.860000,"(datetime.datetime(2026, 9, 29, 16, 59, 48, 815000),)",2a3c600a
408650129,-778305051,3330,1:47:02.880000,"(datetime.datetime(2026, 9, 29, 16, 59, 48, 832000),)",2a3c600d
408653330,-778305631,3356,1:47:02.930000,"(datetime.datetime(2026, 9, 29, 16, 59, 48, 881000),)",2a3c600a
408650282,-778305055,3330,1:47:02.940000,"(datetime.datetime(2026, 9, 29, 16, 59, 48, 897000),)",2a3c600d
408653467,-778305713,3357,1:47:02.990000,"(datetime.datetime(2026, 9, 29, 16, 59, 48, 946000),)",2a3c600a
408650435,-778305054,3330,1:47:03.010000,"(datetime.datetime(2026, 9, 29, 16, 59, 48, 962000),)",2a3c600d
408653608,-778305790,3357,1:47:03.060000,"(datetime.datetime(2026, 9, 29, 16, 59, 49, 12000),)",2a3c600a
408650586,-778305056,3331,1:47:03.070000,"(datetime.datetime(2026, 9, 29, 16, 59, 49, 27000),)",2a3c600d
408653747,-778305868,3357,1:47:03.120000,"(datetime.datetime(2026, 9, 29, 16, 59, 49, 77000),)",2a3c600a
408650740,-778305063,3330,1:47:03.140000,"(datetime.datetime(2026, 9, 29, 16, 59, 49, 93000),)",2a3c600d
408653885,-778305952,3357,1:47:03.190000,"(datetime.datetime(2026, 9, 29, 16, 59, 49, 146000),)",2a3c600a
408650891,-778305072,3331,1:47:03.210000,"(datetime.datetime(2026, 9, 29, 16, 59, 49, 162000),)",2a3c600d
408654020,-778306038,3357,1:47:03.260000,"(datetime.datetime(2026, 9, 29, 16, 59, 49, 211000),)",2a3c600a
408651045,-778305087,3331,1:47:03.270000,"(datetime.datetime(2026, 9, 29, 16, 59, 49, 227000),)",2a3c600d
408654157,-778306125,3358,1:47:03.320000,"(datetime.datetime(2026, 9, 29, 16, 59, 49, 278000),)",2a3c600a
408651199,-778305101,3331,1:47:03.340000,"(datetime.datetime(2026, 9, 29, 16, 59, 49, 294000),)",2a3c600d
408654291,-778306219,3358,1:47:03.390000,"(datetime.datetime(2026, 9, 29, 16, 59, 49, 344000),)",2a3c600a
408651351,-778305124,3331,1:47:03.410000,"(datetime.datetime(2026, 9, 29, 16, 59, 49, 361000),)",2a3c600d
408654426,-778306314,3358,1:47:03.460000,"(datetime.datetime(2026, 9, 29, 16, 59, 49, 416000),)",2a3c600a
408651502,-778305148,3332,1:47:03.480000,"(datetime.datetime(2026, 9, 29, 16, 59, 49, 436000),)",2a3c600d
408654559,-778306414,3359,1:47:03.550000,"(datetime.datetime(2026, 9, 29, 16, 59, 49, 503000),)",2a3c600a
408651651,-778305158,3332,1:47:03.590000,"(datetime.datetime(2026, 9, 29, 16, 59, 49, 549000),)",2a3c600d
408654696,-778306504,3359,1:47:03.620000,"(datetime.datetime(2026, 9, 29, 16, 59, 49, 570000),)",2a3c600a
408651809,-778305202,3332,1:47:03.660000,"(datetime.datetime(2026, 9, 29, 16, 59, 49, 611000),)",2a3c600d
408654822,-778306621,3359,1:47:03.670000,"(datetime.datetime(2026, 9, 29, 16, 59, 49, 626000),)",2a3c600a
408651960,-778305239,3332,1:47:03.720000,"(datetime.datetime(2026, 9, 29, 16, 59, 49, 680000),)",2a3c600d
408654953,-778306727,3359,1:47:03.740000,"(datetime.datetime(2026, 9, 29, 16, 59, 49, 696000),)",2a3c600a
408652111,-778305278,3332,1:47:03.790000,"(datetime.datetime(2026, 9, 29, 16, 59, 49, 745000),)",2a3c600d
408655081,-778306842,3359,1:47:03.810000,"(datetime.datetime(2026, 9, 29, 16, 59, 49, 761000),)",2a3c600a
408652260,-778305322,3333,1:47:03.860000,"(datetime.datetime(2026, 9, 29, 16, 59, 49, 815000),)",2a3c600d
408655205,-778306957,3359,1:47:03.880000,"(datetime.datetime(2026, 9, 29, 16, 59, 49, 831000),)",2a3c600a
408652410,-778305368,3333,1:47:03.930000,"(datetime.datetime(2026, 9, 29, 16, 59, 49, 881000),)",2a3c600d
408655331,-778307078,3359,1:47:03.940000,"(datetime.datetime(2026, 9, 29, 16, 59, 49, 896000),)",2a3c600a
408652561,-778305420,3333,1:47:04,"(datetime.datetime(2026, 9, 29, 16, 59, 49, 950000),)",2a3c600d
408655452,-778307201,3360,1:47:04.010000,"(datetime.datetime(2026, 9, 29, 16, 59, 49, 967000),)",2a3c600a
408652711,-778305475,3333,1:47:04.060000,"(datetime.datetime(2026, 9, 29, 16, 59, 50, 14000),)",2a3c600d
408655572,-778307327,3360,1:47:04.080000,"(datetime.datetime(2026, 9, 29, 16, 59, 50, 31000),)",2a3c600a
408652861,-778305531,3333,1:47:04.120000,"(datetime.datetime(2026, 9, 29, 16, 59, 50, 80000),)",2a3c600d
408655691,-778307457,3360,1:47:04.140000,"(datetime.datetime(2026, 9, 29, 16, 59, 50, 97000),)",2a3c600a
408653009,-778305590,3333,1:47:04.200000,"(datetime.datetime(2026, 9, 29, 16, 59, 50, 155000),)",2a3c600d
408655810,-778307592,3361,1:47:04.220000,"(datetime.datetime(2026, 9, 29, 16, 59, 50, 173000),)",2a3c600a
408653159,-778305632,3334,1:47:04.270000,"(datetime.datetime(2026, 9, 29, 16, 59, 50, 221000),)",2a3c600d
408655929,-778307713,3361,1:47:04.280000,"(datetime.datetime(2026, 9, 29, 16, 59, 50, 237000),)",2a3c600a
408653306,-778305711,3334,1:47:04.340000,"(datetime.datetime(2026, 9, 29, 16, 59, 50, 290000),)",2a3c600d
408656039,-778307859,3361,1:47:04.350000,"(datetime.datetime(2026, 9, 29, 16, 59, 50, 307000),)",2a3c600a
408653453,-778305782,3334,1:47:04.400000,"(datetime.datetime(2026, 9, 29, 16, 59, 50, 359000),)",2a3c600d
408656152,-778308000,3361,1:47:04.450000,"(datetime.datetime(2026, 9, 29, 16, 59, 50, 403000),)",2a3c600a
408653599,-778305858,3335,1:47:04.500000,"(datetime.datetime(2026, 9, 29, 16, 59, 50, 459000),)",2a3c600d
408656261,-778308144,3362,1:47:04.550000,"(datetime.datetime(2026, 9, 29, 16, 59, 50, 505000),)",2a3c600a
408653745,-778305939,3335,1:47:04.610000,"(datetime.datetime(2026, 9, 29, 16, 59, 50, 561000),)",2a3c600d
408656372,-778308292,3361,1:47:04.650000,"(datetime.datetime(2026, 9, 29, 16, 59, 50, 603000),)",2a3c600a
408653889,-778306022,3335,1:47:04.700000,"(datetime.datetime(2026, 9, 29, 16, 59, 50, 659000),)",2a3c600d
408656477,-778308444,3362,1:47:04.750000,"(datetime.datetime(2026, 9, 29, 16, 59, 50, 703000),)",2a3c600a
408654032,-778306110,3336,1:47:04.810000,"(datetime.datetime(2026, 9, 29, 16, 59, 50, 765000),)",2a3c600d
408656582,-778308597,3362,1:47:04.850000,"(datetime.datetime(2026, 9, 29, 16, 59, 50, 804000),)",2a3c600a
408654172,-778306201,3336,1:47:04.900000,"(datetime.datetime(2026, 9, 29, 16, 59, 50, 859000),)",2a3c600d
408656685,-778308752,3362,1:47:04.950000,"(datetime.datetime(2026, 9, 29, 16, 59, 50, 903000),)",2a3c600a
408654313,-778306299,3336,1:47:05.010000,"(datetime.datetime(2026, 9, 29, 16, 59, 50, 961000),)",2a3c600d
408656785,-778308910,3362,1:47:05.050000,"(datetime.datetime(2026, 9, 29, 16, 59, 51, 3000),)",2a3c600a
408656884,-778309069,3362,1:47:05.080000,"(datetime.datetime(2026, 9, 29, 16, 59, 51, 36000),)",2a3c600a
408654453,-778306397,3337,1:47:05.110000,"(datetime.datetime(2026, 9, 29, 16, 59, 51, 61000),)",2a3c600d
408656988,-778309222,3362,1:47:05.180000,"(datetime.datetime(2026, 9, 29, 16, 59, 51, 137000),)",2a3c600a
408654591,-778306479,3337,1:47:05.200000,"(datetime.datetime(2026, 9, 29, 16, 59, 51, 159000),)",2a3c600d
408657077,-778309395,3362,1:47:05.280000,"(datetime.datetime(2026, 9, 29, 16, 59, 51, 236000),)",2a3c600a
408654728,-778306598,3337,1:47:05.300000,"(datetime.datetime(2026, 9, 29, 16, 59, 51, 259000),)",2a3c600d
408657168,-778309564,3363,1:47:05.380000,"(datetime.datetime(2026, 9, 29, 16, 59, 51, 337000),)",2a3c600a
408654863,-778306709,3337,1:47:05.410000,"(datetime.datetime(2026, 9, 29, 16, 59, 51, 364000),)",2a3c600d
408657258,-778309734,3363,1:47:05.490000,"(datetime.datetime(2026, 9, 29, 16, 59, 51, 450000),)",2a3c600a
408654996,-778306826,3337,1:47:05.570000,"(datetime.datetime(2026, 9, 29, 16, 59, 51, 522000),)",2a3c600d
408657345,-778309906,3363,1:47:05.590000,"(datetime.datetime(2026, 9, 29, 16, 59, 51, 547000),)",2a3c600a
408655128,-778306944,3337,1:47:05.650000,"(datetime.datetime(2026, 9, 29, 16, 59, 51, 604000),)",2a3c600d
408657430,-778310079,3363,1:47:05.680000,"(datetime.datetime(2026, 9, 29, 16, 59, 51, 636000),)",2a3c600a
408655259,-778307065,3337,1:47:05.710000,"(datetime.datetime(2026, 9, 29, 16, 59, 51, 662000),)",2a3c600d
408657514,-778310255,3363,1:47:05.790000,"(datetime.datetime(2026, 9, 29, 16, 59, 51, 743000),)",2a3c600a
408655386,-778307194,3338,1:47:05.820000,"(datetime.datetime(2026, 9, 29, 16, 59, 51, 771000),)",2a3c600d
408655514,-778307323,3338,1:47:05.910000,"(datetime.datetime(2026, 9, 29, 16, 59, 51, 860000),)",2a3c600d
408657593,-778310434,3364,1:47:05.980000,"(datetime.datetime(2026, 9, 29, 16, 59, 51, 938000),)",2a3c600a
408655637,-778307454,3338,1:47:06,"(datetime.datetime(2026, 9, 29, 16, 59, 51, 959000),)",2a3c600d
408657671,-778310617,3364,1:47:06.080000,"(datetime.datetime(2026, 9, 29, 16, 59, 52, 36000),)",2a3c600a
408657745,-778310799,3364,1:47:06.100000,"(datetime.datetime(2026, 9, 29, 16, 59, 52, 58000),)",2a3c600a
408655763,-778307589,3338,1:47:06.130000,"(datetime.datetime(2026, 9, 29, 16, 59, 52, 86000),)",2a3c600d
408655891,-778307708,3338,1:47:06.210000,"(datetime.datetime(2026, 9, 29, 16, 59, 52, 161000),)",2a3c600d
408657827,-778310974,3364,1:47:06.280000,"(datetime.datetime(2026, 9, 29, 16, 59, 52, 237000),)",2a3c600a
408656007,-778307859,3338,1:47:06.310000,"(datetime.datetime(2026, 9, 29, 16, 59, 52, 268000),)",2a3c600d
408657890,-778311167,3364,1:47:06.380000,"(datetime.datetime(2026, 9, 29, 16, 59, 52, 336000),)",2a3c600a
408656127,-778308003,3338,1:47:06.400000,"(datetime.datetime(2026, 9, 29, 16, 59, 52, 359000),)",2a3c600d
408657959,-778311356,3364,1:47:06.480000,"(datetime.datetime(2026, 9, 29, 16, 59, 52, 436000),)",2a3c600a
408656241,-778308151,3338,1:47:06.500000,"(datetime.datetime(2026, 9, 29, 16, 59, 52, 460000),)",2a3c600d
408658024,-778311547,3364,1:47:06.580000,"(datetime.datetime(2026, 9, 29, 16, 59, 52, 537000),)",2a3c600a
408658087,-778311739,3365,1:47:06.610000,"(datetime.datetime(2026, 9, 29, 16, 59, 52, 567000),)",2a3c600a
408656357,-778308304,3339,1:47:06.630000,"(datetime.datetime(2026, 9, 29, 16, 59, 52, 585000),)",2a3c600d
408656469,-778308456,3339,1:47:06.700000,"(datetime.datetime(2026, 9, 29, 16, 59, 52, 659000),)",2a3c600d
408658146,-778311929,3365,1:47:06.730000,"(datetime.datetime(2026, 9, 29, 16, 59, 52, 686000),)",2a3c600a
408656584,-778308612,3339,1:47:06.810000,"(datetime.datetime(2026, 9, 29, 16, 59, 52, 760000),)",2a3c600d
408658203,-778312125,3365,1:47:06.820000,"(datetime.datetime(2026, 9, 29, 16, 59, 52, 780000),)",2a3c600a
408658259,-778312321,3365,1:47:06.910000,"(datetime.datetime(2026, 9, 29, 16, 59, 52, 861000),)",2a3c600a
408656693,-778308772,3339,1:47:06.920000,"(datetime.datetime(2026, 9, 29, 16, 59, 52, 878000),)",2a3c600d
408656799,-778308934,3340,1:47:07.010000,"(datetime.datetime(2026, 9, 29, 16, 59, 52, 961000),)",2a3c600d
408658310,-778312518,3365,1:47:07.020000,"(datetime.datetime(2026, 9, 29, 16, 59, 52, 980000),)",2a3c600a
408656904,-778309100,3340,1:47:07.100000,"(datetime.datetime(2026, 9, 29, 16, 59, 53, 59000),)",2a3c600d
408658359,-778312716,3366,1:47:07.130000,"(datetime.datetime(2026, 9, 29, 16, 59, 53, 82000),)",2a3c600a
408657014,-778309247,3340,1:47:07.200000,"(datetime.datetime(2026, 9, 29, 16, 59, 53, 160000),)",2a3c600d
408658416,-778312906,3366,1:47:07.230000,"(datetime.datetime(2026, 9, 29, 16, 59, 53, 189000),)",2a3c600a
408657108,-778309427,3341,1:47:07.300000,"(datetime.datetime(2026, 9, 29, 16, 59, 53, 259000),)",2a3c600d
408658451,-778313116,3366,1:47:07.340000,"(datetime.datetime(2026, 9, 29, 16, 59, 53, 295000),)",2a3c600a
408657208,-778309601,3340,1:47:07.400000,"(datetime.datetime(2026, 9, 29, 16, 59, 53, 359000),)",2a3c600d
408658490,-778313320,3367,1:47:07.440000,"(datetime.datetime(2026, 9, 29, 16, 59, 53, 397000),)",2a3c600a
408657303,-778309776,3341,1:47:07.500000,"(datetime.datetime(2026, 9, 29, 16, 59, 53, 460000),)",2a3c600d
408658528,-778313524,3367,1:47:07.570000,"(datetime.datetime(2026, 9, 29, 16, 59, 53, 522000),)",2a3c600a
408657398,-778309956,3341,1:47:07.600000,"(datetime.datetime(2026, 9, 29, 16, 59, 53, 558000),)",2a3c600d
408658562,-778313729,3367,1:47:07.620000,"(datetime.datetime(2026, 9, 29, 16, 59, 53, 575000),)",2a3c600a
408657491,-778310136,3341,1:47:07.700000,"(datetime.datetime(2026, 9, 29, 16, 59, 53, 659000),)",2a3c600d
408658596,-778313934,3367,1:47:07.720000,"(datetime.datetime(2026, 9, 29, 16, 59, 53, 679000),)",2a3c600a
408657582,-778310323,3342,1:47:07.800000,"(datetime.datetime(2026, 9, 29, 16, 59, 53, 760000),)",2a3c600d
408658626,-778314140,3367,1:47:07.840000,"(datetime.datetime(2026, 9, 29, 16, 59, 53, 794000),)",2a3c600a
408657668,-778310513,3341,1:47:07.900000,"(datetime.datetime(2026, 9, 29, 16, 59, 53, 860000),)",2a3c600d
408658653,-778314347,3368,1:47:07.930000,"(datetime.datetime(2026, 9, 29, 16, 59, 53, 883000),)",2a3c600a
408658679,-778314554,3368,1:47:08.010000,"(datetime.datetime(2026, 9, 29, 16, 59, 53, 963000),)",2a3c600a
408657752,-778310701,3342,1:47:08.030000,"(datetime.datetime(2026, 9, 29, 16, 59, 53, 983000),)",2a3c600d
408657833,-778310896,3342,1:47:08.100000,"(datetime.datetime(2026, 9, 29, 16, 59, 54, 59000),)",2a3c600d
408658699,-778314764,3368,1:47:08.130000,"(datetime.datetime(2026, 9, 29, 16, 59, 54, 83000),)",2a3c600a
408657921,-778311071,3342,1:47:08.200000,"(datetime.datetime(2026, 9, 29, 16, 59, 54, 160000),)",2a3c600d
408658728,-778314965,3368,1:47:08.240000,"(datetime.datetime(2026, 9, 29, 16, 59, 54, 193000),)",2a3c600a
408657992,-778311278,3342,1:47:08.310000,"(datetime.datetime(2026, 9, 29, 16, 59, 54, 262000),)",2a3c600d
408658740,-778315179,3368,1:47:08.340000,"(datetime.datetime(2026, 9, 29, 16, 59, 54, 298000),)",2a3c600a
408658063,-778311477,3343,1:47:08.400000,"(datetime.datetime(2026, 9, 29, 16, 59, 54, 360000),)",2a3c600d
408658757,-778315388,3368,1:47:08.420000,"(datetime.datetime(2026, 9, 29, 16, 59, 54, 379000),)",2a3c600a
408658766,-778315600,3369,1:47:08.510000,"(datetime.datetime(2026, 9, 29, 16, 59, 54, 466000),)",2a3c600a
408658135,-778311682,3342,1:47:08.570000,"(datetime.datetime(2026, 9, 29, 16, 59, 54, 522000),)",2a3c600d
408658202,-778311885,3343,1:47:08.600000,"(datetime.datetime(2026, 9, 29, 16, 59, 54, 559000),)",2a3c600d
408658775,-778315814,3369,1:47:08.640000,"(datetime.datetime(2026, 9, 29, 16, 59, 54, 593000),)",2a3c600a
408658266,-778312094,3343,1:47:08.700000,"(datetime.datetime(2026, 9, 29, 16, 59, 54, 659000),)",2a3c600d
408658782,-778316026,3369,1:47:08.730000,"(datetime.datetime(2026, 9, 29, 16, 59, 54, 681000),)",2a3c600a
408658323,-778312306,3343,1:47:08.800000,"(datetime.datetime(2026, 9, 29, 16, 59, 54, 760000),)",2a3c600d
408658785,-778316240,3369,1:47:08.830000,"(datetime.datetime(2026, 9, 29, 16, 59, 54, 780000),)",2a3c600a
408658382,-778312517,3343,1:47:08.910000,"(datetime.datetime(2026, 9, 29, 16, 59, 54, 861000),)",2a3c600d
408658785,-778316452,3370,1:47:08.930000,"(datetime.datetime(2026, 9, 29, 16, 59, 54, 886000),)",2a3c600a
408658431,-778312731,3343,1:47:09,"(datetime.datetime(2026, 9, 29, 16, 59, 54, 960000),)",2a3c600d
408658783,-778316667,3370,1:47:09.040000,"(datetime.datetime(2026, 9, 29, 16, 59, 54, 994000),)",2a3c600a
408658431,-778312731,3343,1:47:09.100000,"(datetime.datetime(2026, 9, 29, 16, 59, 55, 59000),)",2a3c600d
408658780,-778316883,3370,1:47:09.120000,"(datetime.datetime(2026, 9, 29, 16, 59, 55, 79000),)",2a3c600a
408658532,-778313146,3344,1:47:09.170000,"(datetime.datetime(2026, 9, 29, 16, 59, 55, 121000),)",2a3c600d
408658783,-778317089,3370,1:47:09.210000,"(datetime.datetime(2026, 9, 29, 16, 59, 55, 163000),)",2a3c600a
408658569,-778313371,3344,1:47:09.260000,"(datetime.datetime(2026, 9, 29, 16, 59, 55, 217000),)",2a3c600d
408658764,-778317308,3370,1:47:09.320000,"(datetime.datetime(2026, 9, 29, 16, 59, 55, 273000),)",2a3c600a
408658609,-778313593,3345,1:47:09.360000,"(datetime.datetime(2026, 9, 29, 16, 59, 55, 318000),)",2a3c600d
408658751,-778317523,3370,1:47:09.410000,"(datetime.datetime(2026, 9, 29, 16, 59, 55, 364000),)",2a3c600a
408658609,-778313593,3345,1:47:09.470000,"(datetime.datetime(2026, 9, 29, 16, 59, 55, 426000),)",2a3c600d
408658734,-778317736,3370,1:47:09.510000,"(datetime.datetime(2026, 9, 29, 16, 59, 55, 464000),)",2a3c600a
408658647,-778313812,3345,1:47:09.560000,"(datetime.datetime(2026, 9, 29, 16, 59, 55, 517000),)",2a3c600d
408658714,-778317952,3371,1:47:09.610000,"(datetime.datetime(2026, 9, 29, 16, 59, 55, 566000),)",2a3c600a
408658681,-778314035,3345,1:47:09.660000,"(datetime.datetime(2026, 9, 29, 16, 59, 55, 618000),)",2a3c600d
408658692,-778318166,3371,1:47:09.710000,"(datetime.datetime(2026, 9, 29, 16, 59, 55, 664000),)",2a3c600a
408658712,-778314256,3345,1:47:09.760000,"(datetime.datetime(2026, 9, 29, 16, 59, 55, 718000),)",2a3c600d
408658666,-778318383,3371,1:47:09.820000,"(datetime.datetime(2026, 9, 29, 16, 59, 55, 775000),)",2a3c600a
408658741,-778314481,3345,1:47:09.860000,"(datetime.datetime(2026, 9, 29, 16, 59, 55, 817000),)",2a3c600d
408658642,-778318598,3371,1:47:09.910000,"(datetime.datetime(2026, 9, 29, 16, 59, 55, 865000),)",2a3c600a
408658764,-778314704,3346,1:47:09.960000,"(datetime.datetime(2026, 9, 29, 16, 59, 55, 918000),)",2a3c600d
408658613,-778318814,3371,1:47:10.010000,"(datetime.datetime(2026, 9, 29, 16, 59, 55, 963000),)",2a3c600a
408658788,-778314928,3346,1:47:10.060000,"(datetime.datetime(2026, 9, 29, 16, 59, 56, 17000),)",2a3c600d
408658585,-778319028,3371,1:47:10.110000,"(datetime.datetime(2026, 9, 29, 16, 59, 56, 63000),)",2a3c600a
408658809,-778315151,3346,1:47:10.160000,"(datetime.datetime(2026, 9, 29, 16, 59, 56, 118000),)",2a3c600d
408658562,-778319242,3372,1:47:10.210000,"(datetime.datetime(2026, 9, 29, 16, 59, 56, 164000),)",2a3c600a
408658836,-778315366,3347,1:47:10.260000,"(datetime.datetime(2026, 9, 29, 16, 59, 56, 218000),)",2a3c600d
408658523,-778319458,3372,1:47:10.310000,"(datetime.datetime(2026, 9, 29, 16, 59, 56, 263000),)",2a3c600a
408658842,-778315593,3347,1:47:10.360000,"(datetime.datetime(2026, 9, 29, 16, 59, 56, 317000),)",2a3c600d
408658486,-778319673,3372,1:47:10.410000,"(datetime.datetime(2026, 9, 29, 16, 59, 56, 363000),)",2a3c600a
408658851,-778315819,3347,1:47:10.460000,"(datetime.datetime(2026, 9, 29, 16, 59, 56, 417000),)",2a3c600d
408658448,-778319888,3372,1:47:10.500000,"(datetime.datetime(2026, 9, 29, 16, 59, 56, 456000),)",2a3c600a
408658858,-778316039,3347,1:47:10.560000,"(datetime.datetime(2026, 9, 29, 16, 59, 56, 518000),)",2a3c600d
408658408,-778320103,3372,1:47:10.610000,"(datetime.datetime(2026, 9, 29, 16, 59, 56, 565000),)",2a3c600a
408658860,-778316265,3347,1:47:10.660000,"(datetime.datetime(2026, 9, 29, 16, 59, 56, 617000),)",2a3c600d
408658368,-778320317,3373,1:47:10.700000,"(datetime.datetime(2026, 9, 29, 16, 59, 56, 656000),)",2a3c600a
408658862,-778316485,3348,1:47:10.770000,"(datetime.datetime(2026, 9, 29, 16, 59, 56, 726000),)",2a3c600d
408658326,-778320534,3373,1:47:10.810000,"(datetime.datetime(2026, 9, 29, 16, 59, 56, 765000),)",2a3c600a
408658861,-778316708,3348,1:47:10.860000,"(datetime.datetime(2026, 9, 29, 16, 59, 56, 817000),)",2a3c600d
408658285,-778320749,3373,1:47:10.900000,"(datetime.datetime(2026, 9, 29, 16, 59, 56, 857000),)",2a3c600a
408658856,-778316931,3348,1:47:10.960000,"(datetime.datetime(2026, 9, 29, 16, 59, 56, 917000),)",2a3c600d
408658243,-778320965,3373,1:47:11,"(datetime.datetime(2026, 9, 29, 16, 59, 56, 957000),)",2a3c600a
408658850,-778317149,3348,1:47:11.060000,"(datetime.datetime(2026, 9, 29, 16, 59, 57, 17000),)",2a3c600d
408658201,-778321183,3374,1:47:11.100000,"(datetime.datetime(2026, 9, 29, 16, 59, 57, 59000),)",2a3c600a
408658838,-778317373,3348,1:47:11.160000,"(datetime.datetime(2026, 9, 29, 16, 59, 57, 117000),)",2a3c600d
408658168,-778321394,3374,1:47:11.200000,"(datetime.datetime(2026, 9, 29, 16, 59, 57, 159000),)",2a3c600a
408658838,-778317585,3348,1:47:11.260000,"(datetime.datetime(2026, 9, 29, 16, 59, 57, 217000),)",2a3c600d
408658117,-778321614,3374,1:47:11.300000,"(datetime.datetime(2026, 9, 29, 16, 59, 57, 257000),)",2a3c600a
408658816,-778317808,3349,1:47:11.360000,"(datetime.datetime(2026, 9, 29, 16, 59, 57, 317000),)",2a3c600d
408658072,-778321829,3374,1:47:11.400000,"(datetime.datetime(2026, 9, 29, 16, 59, 57, 356000),)",2a3c600a
408658795,-778318028,3349,1:47:11.460000,"(datetime.datetime(2026, 9, 29, 16, 59, 57, 418000),)",2a3c600d
408658028,-778322044,3374,1:47:11.500000,"(datetime.datetime(2026, 9, 29, 16, 59, 57, 456000),)",2a3c600a
408658773,-778318246,3349,1:47:11.560000,"(datetime.datetime(2026, 9, 29, 16, 59, 57, 519000),)",2a3c600d
408657982,-778322259,3375,1:47:11.600000,"(datetime.datetime(2026, 9, 29, 16, 59, 57, 556000),)",2a3c600a
408658750,-778318464,3349,1:47:11.660000,"(datetime.datetime(2026, 9, 29, 16, 59, 57, 617000),)",2a3c600d
408657936,-778322481,3375,1:47:11.700000,"(datetime.datetime(2026, 9, 29, 16, 59, 57, 656000),)",2a3c600a
408658725,-778318682,3349,1:47:11.760000,"(datetime.datetime(2026, 9, 29, 16, 59, 57, 718000),)",2a3c600d
408657890,-778322700,3375,1:47:11.800000,"(datetime.datetime(2026, 9, 29, 16, 59, 57, 758000),)",2a3c600a
408658698,-778318898,3349,1:47:11.860000,"(datetime.datetime(2026, 9, 29, 16, 59, 57, 817000),)",2a3c600d
408657846,-778322916,3375,1:47:11.900000,"(datetime.datetime(2026, 9, 29, 16, 59, 57, 856000),)",2a3c600a
408658672,-778319112,3349,1:47:11.960000,"(datetime.datetime(2026, 9, 29, 16, 59, 57, 918000),)",2a3c600d
408657801,-778323136,3375,1:47:12,"(datetime.datetime(2026, 9, 29, 16, 59, 57, 958000),)",2a3c600a
408658642,-778319328,3349,1:47:12.060000,"(datetime.datetime(2026, 9, 29, 16, 59, 58, 17000),)",2a3c600d
408657756,-778323356,3375,1:47:12.110000,"(datetime.datetime(2026, 9, 29, 16, 59, 58, 62000),)",2a3c600a
408658609,-778319539,3350,1:47:12.160000,"(datetime.datetime(2026, 9, 29, 16, 59, 58, 118000),)",2a3c600d
408657717,-778323577,3375,1:47:12.200000,"(datetime.datetime(2026, 9, 29, 16, 59, 58, 156000),)",2a3c600a
408658587,-778319753,3350,1:47:12.270000,"(datetime.datetime(2026, 9, 29, 16, 59, 58, 223000),)",2a3c600d
408657670,-778323799,3375,1:47:12.300000,"(datetime.datetime(2026, 9, 29, 16, 59, 58, 256000),)",2a3c600a
408658541,-778319963,3350,1:47:12.360000,"(datetime.datetime(2026, 9, 29, 16, 59, 58, 318000),)",2a3c600d
408657623,-778324022,3375,1:47:12.410000,"(datetime.datetime(2026, 9, 29, 16, 59, 58, 364000),)",2a3c600a
408658504,-778320174,3350,1:47:12.460000,"(datetime.datetime(2026, 9, 29, 16, 59, 58, 417000),)",2a3c600d
408657579,-778324242,3375,1:47:12.500000,"(datetime.datetime(2026, 9, 29, 16, 59, 58, 456000),)",2a3c600a
408658467,-778320383,3351,1:47:12.560000,"(datetime.datetime(2026, 9, 29, 16, 59, 58, 517000),)",2a3c600d
408657579,-778324242,3375,1:47:12.610000,"(datetime.datetime(2026, 9, 29, 16, 59, 58, 563000),)",2a3c600a
408658428,-778320595,3351,1:47:12.660000,"(datetime.datetime(2026, 9, 29, 16, 59, 58, 617000),)",2a3c600d
408657532,-778324466,3375,1:47:12.700000,"(datetime.datetime(2026, 9, 29, 16, 59, 58, 656000),)",2a3c600a
408658386,-778320805,3351,1:47:12.760000,"(datetime.datetime(2026, 9, 29, 16, 59, 58, 717000),)",2a3c600d
408657436,-778324914,3376,1:47:12.800000,"(datetime.datetime(2026, 9, 29, 16, 59, 58, 757000),)",2a3c600a
408658343,-778321011,3351,1:47:13.030000,"(datetime.datetime(2026, 9, 29, 16, 59, 58, 985000),)",2a3c600d
408657388,-778325139,3376,1:47:13.060000,"(datetime.datetime(2026, 9, 29, 16, 59, 59, 16000),)",2a3c600a
408658300,-778321220,3352,1:47:13.230000,"(datetime.datetime(2026, 9, 29, 16, 59, 59, 188000),)",2a3c600d
408657388,-778325139,3376,1:47:13.390000,"(datetime.datetime(2026, 9, 29, 16, 59, 59, 345000),)",2a3c600a
408658256,-778321426,3352,1:47:13.480000,"(datetime.datetime(2026, 9, 29, 16, 59, 59, 433000),)",2a3c600d
408657337,-778325367,3376,1:47:13.640000,"(datetime.datetime(2026, 9, 29, 16, 59, 59, 600000),)",2a3c600a
408658208,-778321635,3352,1:47:13.850000,"(datetime.datetime(2026, 9, 29, 16, 59, 59, 805000),)",2a3c600d
408657291,-778325590,3376,1:47:13.900000,"(datetime.datetime(2026, 9, 29, 16, 59, 59, 852000),)",2a3c600a
408658173,-778321840,3352,1:47:14.050000,"(datetime.datetime(2026, 9, 29, 17, 0, 0, 9000),)",2a3c600d
408657247,-778325818,3376,1:47:14.300000,"(datetime.datetime(2026, 9, 29, 17, 0, 0, 257000),)",2a3c600a
408658123,-778322047,3353,1:47:14.460000,"(datetime.datetime(2026, 9, 29, 17, 0, 0, 419000),)",2a3c600d
408657199,-778326049,3376,1:47:14.510000,"(datetime.datetime(2026, 9, 29, 17, 0, 0, 465000),)",2a3c600a
408657151,-778326276,3376,1:47:14.750000,"(datetime.datetime(2026, 9, 29, 17, 0, 0, 708000),)",2a3c600a
408658077,-778322257,3353,1:47:14.780000,"(datetime.datetime(2026, 9, 29, 17, 0, 0, 739000),)",2a3c600d
408658028,-778322469,3353,1:47:14.910000,"(datetime.datetime(2026, 9, 29, 17, 0, 0, 862000),)",2a3c600d
408657055,-778326733,3376,1:47:15.060000,"(datetime.datetime(2026, 9, 29, 17, 0, 1, 18000),)",2a3c600a
408657982,-778322675,3353,1:47:15.100000,"(datetime.datetime(2026, 9, 29, 17, 0, 1, 51000),)",2a3c600d
408657055,-778326733,3376,1:47:15.210000,"(datetime.datetime(2026, 9, 29, 17, 0, 1, 160000),)",2a3c600a
408657934,-778322887,3353,1:47:15.290000,"(datetime.datetime(2026, 9, 29, 17, 0, 1, 241000),)",2a3c600d
408657006,-778326963,3376,1:47:15.410000,"(datetime.datetime(2026, 9, 29, 17, 0, 1, 365000),)",2a3c600a
408657889,-778323097,3353,1:47:15.490000,"(datetime.datetime(2026, 9, 29, 17, 0, 1, 446000),)",2a3c600d
408656956,-778327194,3376,1:47:15.690000,"(datetime.datetime(2026, 9, 29, 17, 0, 1, 646000),)",2a3c600a
408657841,-778323308,3353,1:47:15.810000,"(datetime.datetime(2026, 9, 29, 17, 0, 1, 763000),)",2a3c600d
408656908,-778327428,3376,1:47:15.920000,"(datetime.datetime(2026, 9, 29, 17, 0, 1, 878000),)",2a3c600a
408657795,-778323519,3353,1:47:16.070000,"(datetime.datetime(2026, 9, 29, 17, 0, 2, 29000),)",2a3c600d
408656859,-778327659,3376,1:47:16.120000,"(datetime.datetime(2026, 9, 29, 17, 0, 2, 77000),)",2a3c600a
408656812,-778327891,3376,1:47:16.240000,"(datetime.datetime(2026, 9, 29, 17, 0, 2, 198000),)",2a3c600a
408657750,-778323733,3354,1:47:16.280000,"(datetime.datetime(2026, 9, 29, 17, 0, 2, 232000),)",2a3c600d
408657706,-778323944,3354,1:47:16.290000,"(datetime.datetime(2026, 9, 29, 17, 0, 2, 249000),)",2a3c600d
408656757,-778328122,3377,1:47:16.340000,"(datetime.datetime(2026, 9, 29, 17, 0, 2, 299000),)",2a3c600a
408657659,-778324156,3354,1:47:16.360000,"(datetime.datetime(2026, 9, 29, 17, 0, 2, 315000),)",2a3c600d
408656708,-778328359,3377,1:47:16.410000,"(datetime.datetime(2026, 9, 29, 17, 0, 2, 367000),)",2a3c600a
408657610,-778324369,3354,1:47:16.440000,"(datetime.datetime(2026, 9, 29, 17, 0, 2, 391000),)",2a3c600d
408656657,-778328594,3376,1:47:16.470000,"(datetime.datetime(2026, 9, 29, 17, 0, 2, 428000),)",2a3c600a
408657565,-778324584,3354,1:47:16.490000,"(datetime.datetime(2026, 9, 29, 17, 0, 2, 444000),)",2a3c600d
408656607,-778328829,3376,1:47:16.560000,"(datetime.datetime(2026, 9, 29, 17, 0, 2, 516000),)",2a3c600a
408657518,-778324797,3354,1:47:16.600000,"(datetime.datetime(2026, 9, 29, 17, 0, 2, 556000),)",2a3c600d
408656556,-778329067,3376,1:47:16.620000,"(datetime.datetime(2026, 9, 29, 17, 0, 2, 573000),)",2a3c600a
408657467,-778325010,3354,1:47:16.680000,"(datetime.datetime(2026, 9, 29, 17, 0, 2, 632000),)",2a3c600d
408656507,-778329301,3376,1:47:16.700000,"(datetime.datetime(2026, 9, 29, 17, 0, 2, 658000),)",2a3c600a
408657418,-778325232,3354,1:47:16.740000,"(datetime.datetime(2026, 9, 29, 17, 0, 2, 697000),)",2a3c600d
408656456,-778329540,3376,1:47:16.760000,"(datetime.datetime(2026, 9, 29, 17, 0, 2, 714000),)",2a3c600a
408657371,-778325448,3354,1:47:16.800000,"(datetime.datetime(2026, 9, 29, 17, 0, 2, 760000),)",2a3c600d
408656406,-778329777,3376,1:47:16.820000,"(datetime.datetime(2026, 9, 29, 17, 0, 2, 777000),)",2a3c600a
408657322,-778325665,3354,1:47:16.880000,"(datetime.datetime(2026, 9, 29, 17, 0, 2, 832000),)",2a3c600d
408656354,-778330018,3376,1:47:16.890000,"(datetime.datetime(2026, 9, 29, 17, 0, 2, 848000),)",2a3c600a
408656300,-778330260,3376,1:47:16.940000,"(datetime.datetime(2026, 9, 29, 17, 0, 2, 897000),)",2a3c600a
408657274,-778325884,3354,1:47:16.960000,"(datetime.datetime(2026, 9, 29, 17, 0, 2, 918000),)",2a3c600d
408657229,-778326103,3354,1:47:17.010000,"(datetime.datetime(2026, 9, 29, 17, 0, 2, 969000),)",2a3c600d
408656252,-778330496,3375,1:47:17.030000,"(datetime.datetime(2026, 9, 29, 17, 0, 2, 986000),)",2a3c600a
408657183,-778326322,3355,1:47:17.080000,"(datetime.datetime(2026, 9, 29, 17, 0, 3, 31000),)",2a3c600d
408656197,-778330738,3375,1:47:17.090000,"(datetime.datetime(2026, 9, 29, 17, 0, 3, 49000),)",2a3c600a
408657134,-778326543,3354,1:47:17.150000,"(datetime.datetime(2026, 9, 29, 17, 0, 3, 101000),)",2a3c600d
408656146,-778330978,3375,1:47:17.170000,"(datetime.datetime(2026, 9, 29, 17, 0, 3, 127000),)",2a3c600a
408657083,-778326762,3354,1:47:17.210000,"(datetime.datetime(2026, 9, 29, 17, 0, 3, 169000),)",2a3c600d
408656092,-778331222,3375,1:47:17.230000,"(datetime.datetime(2026, 9, 29, 17, 0, 3, 185000),)",2a3c600a
408657035,-778326983,3355,1:47:17.290000,"(datetime.datetime(2026, 9, 29, 17, 0, 3, 244000),)",2a3c600d
408656038,-778331462,3376,1:47:17.310000,"(datetime.datetime(2026, 9, 29, 17, 0, 3, 264000),)",2a3c600a
408656990,-778327202,3355,1:47:17.350000,"(datetime.datetime(2026, 9, 29, 17, 0, 3, 307000),)",2a3c600d
408655986,-778331705,3376,1:47:17.370000,"(datetime.datetime(2026, 9, 29, 17, 0, 3, 324000),)",2a3c600a
408656939,-778327424,3355,1:47:17.420000,"(datetime.datetime(2026, 9, 29, 17, 0, 3, 376000),)",2a3c600d
408655932,-778331948,3375,1:47:17.440000,"(datetime.datetime(2026, 9, 29, 17, 0, 3, 393000),)",2a3c600a
408656892,-778327643,3355,1:47:17.490000,"(datetime.datetime(2026, 9, 29, 17, 0, 3, 448000),)",2a3c600d
408655877,-778332195,3376,1:47:17.510000,"(datetime.datetime(2026, 9, 29, 17, 0, 3, 464000),)",2a3c600a
408656843,-778327859,3355,1:47:17.560000,"(datetime.datetime(2026, 9, 29, 17, 0, 3, 516000),)",2a3c600d
408655823,-778332439,3375,1:47:17.590000,"(datetime.datetime(2026, 9, 29, 17, 0, 3, 545000),)",2a3c600a
408655770,-778332685,3375,1:47:17.640000,"(datetime.datetime(2026, 9, 29, 17, 0, 3, 592000),)",2a3c600a
408656796,-778328084,3355,1:47:17.660000,"(datetime.datetime(2026, 9, 29, 17, 0, 3, 611000),)",2a3c600d
408656749,-778328299,3355,1:47:17.710000,"(datetime.datetime(2026, 9, 29, 17, 0, 3, 668000),)",2a3c600d
408655713,-778332928,3375,1:47:17.730000,"(datetime.datetime(2026, 9, 29, 17, 0, 3, 689000),)",2a3c600a
408656698,-778328523,3355,1:47:17.780000,"(datetime.datetime(2026, 9, 29, 17, 0, 3, 735000),)",2a3c600d
408655657,-778333177,3375,1:47:17.800000,"(datetime.datetime(2026, 9, 29, 17, 0, 3, 753000),)",2a3c600a
408656655,-778328742,3355,1:47:17.860000,"(datetime.datetime(2026, 9, 29, 17, 0, 3, 811000),)",2a3c600d
408655600,-778333425,3375,1:47:17.870000,"(datetime.datetime(2026, 9, 29, 17, 0, 3, 828000),)",2a3c600a
408656605,-778328966,3355,1:47:17.930000,"(datetime.datetime(2026, 9, 29, 17, 0, 3, 889000),)",2a3c600d
408655546,-778333670,3375,1:47:17.950000,"(datetime.datetime(2026, 9, 29, 17, 0, 3, 906000),)",2a3c600a
408655489,-778333921,3374,1:47:18,"(datetime.datetime(2026, 9, 29, 17, 0, 3, 958000),)",2a3c600a
408656556,-778329188,3355,1:47:18.020000,"(datetime.datetime(2026, 9, 29, 17, 0, 3, 975000),)",2a3c600d
408656507,-778329411,3355,1:47:18.070000,"(datetime.datetime(2026, 9, 29, 17, 0, 4, 24000),)",2a3c600d
408655435,-778334168,3374,1:47:18.090000,"(datetime.datetime(2026, 9, 29, 17, 0, 4, 41000),)",2a3c600a
408656459,-778329634,3355,1:47:18.150000,"(datetime.datetime(2026, 9, 29, 17, 0, 4, 108000),)",2a3c600d
408655377,-778334418,3374,1:47:18.170000,"(datetime.datetime(2026, 9, 29, 17, 0, 4, 130000),)",2a3c600a
408656409,-778329859,3355,1:47:18.210000,"(datetime.datetime(2026, 9, 29, 17, 0, 4, 170000),)",2a3c600d
408655322,-778334670,3374,1:47:18.230000,"(datetime.datetime(2026, 9, 29, 17, 0, 4, 188000),)",2a3c600a
408656357,-778330084,3355,1:47:18.290000,"(datetime.datetime(2026, 9, 29, 17, 0, 4, 241000),)",2a3c600d
408655266,-778334921,3374,1:47:18.300000,"(datetime.datetime(2026, 9, 29, 17, 0, 4, 257000),)",2a3c600a
408656308,-778330308,3355,1:47:18.350000,"(datetime.datetime(2026, 9, 29, 17, 0, 4, 308000),)",2a3c600d
408655213,-778335170,3374,1:47:18.370000,"(datetime.datetime(2026, 9, 29, 17, 0, 4, 327000),)",2a3c600a
408656261,-778330535,3355,1:47:18.430000,"(datetime.datetime(2026, 9, 29, 17, 0, 4, 387000),)",2a3c600d
408655155,-778335425,3374,1:47:18.450000,"(datetime.datetime(2026, 9, 29, 17, 0, 4, 404000),)",2a3c600a
408656213,-778330761,3354,1:47:18.510000,"(datetime.datetime(2026, 9, 29, 17, 0, 4, 464000),)",2a3c600d
408655099,-778335679,3374,1:47:18.530000,"(datetime.datetime(2026, 9, 29, 17, 0, 4, 484000),)",2a3c600a
408656163,-778330988,3354,1:47:18.590000,"(datetime.datetime(2026, 9, 29, 17, 0, 4, 543000),)",2a3c600d
408655044,-778335933,3373,1:47:18.610000,"(datetime.datetime(2026, 9, 29, 17, 0, 4, 562000),)",2a3c600a
408656112,-778331213,3354,1:47:18.650000,"(datetime.datetime(2026, 9, 29, 17, 0, 4, 609000),)",2a3c600d
408654988,-778336188,3373,1:47:18.670000,"(datetime.datetime(2026, 9, 29, 17, 0, 4, 627000),)",2a3c600a
408656061,-778331444,3354,1:47:18.730000,"(datetime.datetime(2026, 9, 29, 17, 0, 4, 683000),)",2a3c600d
408654931,-778336443,3373,1:47:18.750000,"(datetime.datetime(2026, 9, 29, 17, 0, 4, 705000),)",2a3c600a
408656012,-778331669,3354,1:47:18.800000,"(datetime.datetime(2026, 9, 29, 17, 0, 4, 758000),)",2a3c600d
408654876,-778336698,3373,1:47:18.820000,"(datetime.datetime(2026, 9, 29, 17, 0, 4, 775000),)",2a3c600a
408655964,-778331901,3354,1:47:18.880000,"(datetime.datetime(2026, 9, 29, 17, 0, 4, 833000),)",2a3c600d
408654821,-778336954,3373,1:47:18.890000,"(datetime.datetime(2026, 9, 29, 17, 0, 4, 850000),)",2a3c600a
408655915,-778332131,3354,1:47:18.940000,"(datetime.datetime(2026, 9, 29, 17, 0, 4, 900000),)",2a3c600d
408654765,-778337211,3372,1:47:18.960000,"(datetime.datetime(2026, 9, 29, 17, 0, 4, 919000),)",2a3c600a
408655861,-778332360,3354,1:47:19.010000,"(datetime.datetime(2026, 9, 29, 17, 0, 4, 967000),)",2a3c600d
408654709,-778337467,3373,1:47:19.030000,"(datetime.datetime(2026, 9, 29, 17, 0, 4, 985000),)",2a3c600a
408654652,-778337731,3373,1:47:19.080000,"(datetime.datetime(2026, 9, 29, 17, 0, 5, 34000),)",2a3c600a
408655813,-778332592,3354,1:47:19.100000,"(datetime.datetime(2026, 9, 29, 17, 0, 5, 51000),)",2a3c600d
408655764,-778332816,3354,1:47:19.150000,"(datetime.datetime(2026, 9, 29, 17, 0, 5, 104000),)",2a3c600d
408654600,-778337985,3373,1:47:19.170000,"(datetime.datetime(2026, 9, 29, 17, 0, 5, 121000),)",2a3c600a
408655714,-778333045,3354,1:47:19.220000,"(datetime.datetime(2026, 9, 29, 17, 0, 5, 178000),)",2a3c600d
408654545,-778338247,3373,1:47:19.250000,"(datetime.datetime(2026, 9, 29, 17, 0, 5, 207000),)",2a3c600a
408655665,-778333279,3354,1:47:19.280000,"(datetime.datetime(2026, 9, 29, 17, 0, 5, 240000),)",2a3c600d
408654490,-778338507,3373,1:47:19.300000,"(datetime.datetime(2026, 9, 29, 17, 0, 5, 258000),)",2a3c600a
408655614,-778333510,3354,1:47:19.350000,"(datetime.datetime(2026, 9, 29, 17, 0, 5, 310000),)",2a3c600d
408654431,-778338772,3373,1:47:19.370000,"(datetime.datetime(2026, 9, 29, 17, 0, 5, 327000),)",2a3c600a
408655565,-778333741,3354,1:47:19.420000,"(datetime.datetime(2026, 9, 29, 17, 0, 5, 379000),)",2a3c600d
408654377,-778339029,3373,1:47:19.440000,"(datetime.datetime(2026, 9, 29, 17, 0, 5, 399000),)",2a3c600a
408655512,-778333971,3354,1:47:19.500000,"(datetime.datetime(2026, 9, 29, 17, 0, 5, 457000),)",2a3c600d
408654320,-778339294,3373,1:47:19.520000,"(datetime.datetime(2026, 9, 29, 17, 0, 5, 474000),)",2a3c600a
408655463,-778334204,3354,1:47:19.570000,"(datetime.datetime(2026, 9, 29, 17, 0, 5, 530000),)",2a3c600d
408654264,-778339556,3372,1:47:19.590000,"(datetime.datetime(2026, 9, 29, 17, 0, 5, 549000),)",2a3c600a
408655411,-778334436,3353,1:47:19.650000,"(datetime.datetime(2026, 9, 29, 17, 0, 5, 604000),)",2a3c600d
408654208,-778339819,3372,1:47:19.670000,"(datetime.datetime(2026, 9, 29, 17, 0, 5, 622000),)",2a3c600a
408655360,-778334666,3353,1:47:19.720000,"(datetime.datetime(2026, 9, 29, 17, 0, 5, 679000),)",2a3c600d
408654153,-778340081,3372,1:47:19.740000,"(datetime.datetime(2026, 9, 29, 17, 0, 5, 697000),)",2a3c600a
408655309,-778334901,3353,1:47:19.800000,"(datetime.datetime(2026, 9, 29, 17, 0, 5, 753000),)",2a3c600d
408654097,-778340344,3372,1:47:19.820000,"(datetime.datetime(2026, 9, 29, 17, 0, 5, 772000),)",2a3c600a
408655259,-778335129,3353,1:47:19.870000,"(datetime.datetime(2026, 9, 29, 17, 0, 5, 823000),)",2a3c600d
408654040,-778340609,3372,1:47:19.890000,"(datetime.datetime(2026, 9, 29, 17, 0, 5, 840000),)",2a3c600a
408655209,-778335365,3353,1:47:19.940000,"(datetime.datetime(2026, 9, 29, 17, 0, 5, 893000),)",2a3c600d
408653984,-778340874,3372,1:47:19.960000,"(datetime.datetime(2026, 9, 29, 17, 0, 5, 912000),)",2a3c600a
408655157,-778335596,3353,1:47:20.010000,"(datetime.datetime(2026, 9, 29, 17, 0, 5, 969000),)",2a3c600d
408653927,-778341137,3372,1:47:20.040000,"(datetime.datetime(2026, 9, 29, 17, 0, 5, 990000),)",2a3c600a
408655106,-778335832,3353,1:47:20.090000,"(datetime.datetime(2026, 9, 29, 17, 0, 6, 42000),)",2a3c600d
408653870,-778341402,3372,1:47:20.100000,"(datetime.datetime(2026, 9, 29, 17, 0, 6, 60000),)",2a3c600a
408655057,-778336064,3353,1:47:20.160000,"(datetime.datetime(2026, 9, 29, 17, 0, 6, 115000),)",2a3c600d
408653812,-778341665,3372,1:47:20.180000,"(datetime.datetime(2026, 9, 29, 17, 0, 6, 133000),)",2a3c600a
408655006,-778336300,3352,1:47:20.230000,"(datetime.datetime(2026, 9, 29, 17, 0, 6, 185000),)",2a3c600d
408653755,-778341928,3372,1:47:20.250000,"(datetime.datetime(2026, 9, 29, 17, 0, 6, 202000),)",2a3c600a
408654955,-778336534,3352,1:47:20.300000,"(datetime.datetime(2026, 9, 29, 17, 0, 6, 259000),)",2a3c600d
408653697,-778342190,3372,1:47:20.320000,"(datetime.datetime(2026, 9, 29, 17, 0, 6, 276000),)",2a3c600a
408654903,-778336769,3352,1:47:20.370000,"(datetime.datetime(2026, 9, 29, 17, 0, 6, 328000),)",2a3c600d
408653641,-778342453,3372,1:47:20.390000,"(datetime.datetime(2026, 9, 29, 17, 0, 6, 346000),)",2a3c600a
408654851,-778337003,3352,1:47:20.440000,"(datetime.datetime(2026, 9, 29, 17, 0, 6, 393000),)",2a3c600d
408653582,-778342714,3372,1:47:20.450000,"(datetime.datetime(2026, 9, 29, 17, 0, 6, 410000),)",2a3c600a
408653524,-778342978,3372,1:47:20.510000,"(datetime.datetime(2026, 9, 29, 17, 0, 6, 468000),)",2a3c600a
408654802,-778337239,3352,1:47:20.560000,"(datetime.datetime(2026, 9, 29, 17, 0, 6, 518000),)",2a3c600d
408654748,-778337473,3352,1:47:20.590000,"(datetime.datetime(2026, 9, 29, 17, 0, 6, 543000),)",2a3c600d
408653468,-778343238,3371,1:47:20.610000,"(datetime.datetime(2026, 9, 29, 17, 0, 6, 563000),)",2a3c600a
408654698,-778337708,3352,1:47:20.650000,"(datetime.datetime(2026, 9, 29, 17, 0, 6, 610000),)",2a3c600d
408653409,-778343498,3371,1:47:20.670000,"(datetime.datetime(2026, 9, 29, 17, 0, 6, 628000),)",2a3c600a
408654648,-778337948,3352,1:47:20.730000,"(datetime.datetime(2026, 9, 29, 17, 0, 6, 688000),)",2a3c600d
408653351,-778343759,3371,1:47:20.760000,"(datetime.datetime(2026, 9, 29, 17, 0, 6, 711000),)",2a3c600a
408654595,-778338187,3352,1:47:20.800000,"(datetime.datetime(2026, 9, 29, 17, 0, 6, 758000),)",2a3c600d
408653293,-778344017,3371,1:47:20.830000,"(datetime.datetime(2026, 9, 29, 17, 0, 6, 786000),)",2a3c600a
408653234,-778344277,3371,1:47:20.880000,"(datetime.datetime(2026, 9, 29, 17, 0, 6, 834000),)",2a3c600a
408654544,-778338425,3352,1:47:20.900000,"(datetime.datetime(2026, 9, 29, 17, 0, 6, 855000),)",2a3c600d
408654491,-778338665,3352,1:47:20.940000,"(datetime.datetime(2026, 9, 29, 17, 0, 6, 898000),)",2a3c600d
408653173,-778344537,3371,1:47:20.960000,"(datetime.datetime(2026, 9, 29, 17, 0, 6, 916000),)",2a3c600a
408654438,-778338904,3352,1:47:21.010000,"(datetime.datetime(2026, 9, 29, 17, 0, 6, 969000),)",2a3c600d
408653116,-778344799,3371,1:47:21.030000,"(datetime.datetime(2026, 9, 29, 17, 0, 6, 986000),)",2a3c600a
408654385,-778339145,3352,1:47:21.080000,"(datetime.datetime(2026, 9, 29, 17, 0, 7, 38000),)",2a3c600d
408653058,-778345054,3371,1:47:21.100000,"(datetime.datetime(2026, 9, 29, 17, 0, 7, 57000),)",2a3c600a
408654331,-778339384,3352,1:47:21.150000,"(datetime.datetime(2026, 9, 29, 17, 0, 7, 106000),)",2a3c600d
408653001,-778345312,3371,1:47:21.170000,"(datetime.datetime(2026, 9, 29, 17, 0, 7, 125000),)",2a3c600a
408654279,-778339628,3351,1:47:21.220000,"(datetime.datetime(2026, 9, 29, 17, 0, 7, 178000),)",2a3c600d
408652944,-778345569,3370,1:47:21.240000,"(datetime.datetime(2026, 9, 29, 17, 0, 7, 195000),)",2a3c600a
408652888,-778345826,3370,1:47:21.300000,"(datetime.datetime(2026, 9, 29, 17, 0, 7, 252000),)",2a3c600a
408654228,-778339863,3351,1:47:21.320000,"(datetime.datetime(2026, 9, 29, 17, 0, 7, 270000),)",2a3c600d
408654175,-778340107,3351,1:47:21.370000,"(datetime.datetime(2026, 9, 29, 17, 0, 7, 323000),)",2a3c600d
408652829,-778346084,3370,1:47:21.390000,"(datetime.datetime(2026, 9, 29, 17, 0, 7, 340000),)",2a3c600a
408654119,-778340351,3351,1:47:21.460000,"(datetime.datetime(2026, 9, 29, 17, 0, 7, 417000),)",2a3c600d
408652773,-778346339,3370,1:47:21.500000,"(datetime.datetime(2026, 9, 29, 17, 0, 7, 459000),)",2a3c600a
408654065,-778340597,3351,1:47:21.560000,"(datetime.datetime(2026, 9, 29, 17, 0, 7, 518000),)",2a3c600d
408652716,-778346597,3370,1:47:21.580000,"(datetime.datetime(2026, 9, 29, 17, 0, 7, 537000),)",2a3c600a
408654013,-778340841,3351,1:47:21.660000,"(datetime.datetime(2026, 9, 29, 17, 0, 7, 618000),)",2a3c600d
408652661,-778346849,3370,1:47:21.700000,"(datetime.datetime(2026, 9, 29, 17, 0, 7, 653000),)",2a3c600a
408652604,-778347109,3370,1:47:21.770000,"(datetime.datetime(2026, 9, 29, 17, 0, 7, 721000),)",2a3c600a
408653960,-778341082,3351,1:47:21.810000,"(datetime.datetime(2026, 9, 29, 17, 0, 7, 766000),)",2a3c600d
408653903,-778341330,3351,1:47:21.860000,"(datetime.datetime(2026, 9, 29, 17, 0, 7, 818000),)",2a3c600d
408652547,-778347366,3370,1:47:21.880000,"(datetime.datetime(2026, 9, 29, 17, 0, 7, 836000),)",2a3c600a
408653848,-778341575,3351,1:47:21.960000,"(datetime.datetime(2026, 9, 29, 17, 0, 7, 918000),)",2a3c600d
408652493,-778347620,3369,1:47:22,"(datetime.datetime(2026, 9, 29, 17, 0, 7, 952000),)",2a3c600a
408653794,-778341823,3351,1:47:22.060000,"(datetime.datetime(2026, 9, 29, 17, 0, 8, 18000),)",2a3c600d
408652438,-778347874,3369,1:47:22.110000,"(datetime.datetime(2026, 9, 29, 17, 0, 8, 63000),)",2a3c600a
408653740,-778342067,3351,1:47:22.170000,"(datetime.datetime(2026, 9, 29, 17, 0, 8, 128000),)",2a3c600d
408652385,-778348127,3369,1:47:22.230000,"(datetime.datetime(2026, 9, 29, 17, 0, 8, 186000),)",2a3c600a
408653686,-778342314,3351,1:47:22.280000,"(datetime.datetime(2026, 9, 29, 17, 0, 8, 236000),)",2a3c600d
408652330,-778348382,3369,1:47:22.300000,"(datetime.datetime(2026, 9, 29, 17, 0, 8, 253000),)",2a3c600a
408653632,-778342563,3351,1:47:22.360000,"(datetime.datetime(2026, 9, 29, 17, 0, 8, 318000),)",2a3c600d
408652277,-778348636,3369,1:47:22.410000,"(datetime.datetime(2026, 9, 29, 17, 0, 8, 365000),)",2a3c600a
408653577,-778342812,3351,1:47:22.460000,"(datetime.datetime(2026, 9, 29, 17, 0, 8, 417000),)",2a3c600d
408652224,-778348889,3369,1:47:22.480000,"(datetime.datetime(2026, 9, 29, 17, 0, 8, 437000),)",2a3c600a
408653523,-778343061,3351,1:47:22.560000,"(datetime.datetime(2026, 9, 29, 17, 0, 8, 519000),)",2a3c600d
408652171,-778349143,3368,1:47:22.590000,"(datetime.datetime(2026, 9, 29, 17, 0, 8, 545000),)",2a3c600a
408652119,-778349397,3368,1:47:22.670000,"(datetime.datetime(2026, 9, 29, 17, 0, 8, 621000),)",2a3c600a
408653467,-778343310,3350,1:47:22.700000,"(datetime.datetime(2026, 9, 29, 17, 0, 8, 651000),)",2a3c600d
408653414,-778343561,3350,1:47:22.760000,"(datetime.datetime(2026, 9, 29, 17, 0, 8, 718000),)",2a3c600d
408652069,-778349649,3368,1:47:22.790000,"(datetime.datetime(2026, 9, 29, 17, 0, 8, 744000),)",2a3c600a
408653358,-778343810,3351,1:47:22.820000,"(datetime.datetime(2026, 9, 29, 17, 0, 8, 771000),)",2a3c600d
408652015,-778349902,3368,1:47:22.870000,"(datetime.datetime(2026, 9, 29, 17, 0, 8, 821000),)",2a3c600a
408653306,-778344063,3351,1:47:22.910000,"(datetime.datetime(2026, 9, 29, 17, 0, 8, 870000),)",2a3c600d
408651964,-778350152,3367,1:47:22.960000,"(datetime.datetime(2026, 9, 29, 17, 0, 8, 920000),)",2a3c600a
408653252,-778344310,3351,1:47:23.030000,"(datetime.datetime(2026, 9, 29, 17, 0, 8, 981000),)",2a3c600d
408651912,-778350405,3367,1:47:23.070000,"(datetime.datetime(2026, 9, 29, 17, 0, 9, 21000),)",2a3c600a
408653196,-778344566,3350,1:47:23.110000,"(datetime.datetime(2026, 9, 29, 17, 0, 9, 70000),)",2a3c600d
408651861,-778350654,3367,1:47:23.170000,"(datetime.datetime(2026, 9, 29, 17, 0, 9, 124000),)",2a3c600a
408653143,-778344813,3350,1:47:23.210000,"(datetime.datetime(2026, 9, 29, 17, 0, 9, 170000),)",2a3c600d
408651806,-778350908,3367,1:47:23.270000,"(datetime.datetime(2026, 9, 29, 17, 0, 9, 221000),)",2a3c600a
408653090,-778345067,3350,1:47:23.310000,"(datetime.datetime(2026, 9, 29, 17, 0, 9, 270000),)",2a3c600d
408651755,-778351156,3367,1:47:23.380000,"(datetime.datetime(2026, 9, 29, 17, 0, 9, 334000),)",2a3c600a
408653035,-778345320,3350,1:47:23.420000,"(datetime.datetime(2026, 9, 29, 17, 0, 9, 378000),)",2a3c600d
408651705,-778351404,3366,1:47:23.470000,"(datetime.datetime(2026, 9, 29, 17, 0, 9, 420000),)",2a3c600a
408652981,-778345571,3350,1:47:23.510000,"(datetime.datetime(2026, 9, 29, 17, 0, 9, 470000),)",2a3c600d
408651653,-778351653,3367,1:47:23.570000,"(datetime.datetime(2026, 9, 29, 17, 0, 9, 522000),)",2a3c600a
408652926,-778345824,3350,1:47:23.610000,"(datetime.datetime(2026, 9, 29, 17, 0, 9, 570000),)",2a3c600d
408651603,-778351898,3366,1:47:23.670000,"(datetime.datetime(2026, 9, 29, 17, 0, 9, 623000),)",2a3c600a
408651552,-778352144,3366,1:47:23.690000,"(datetime.datetime(2026, 9, 29, 17, 0, 9, 648000),)",2a3c600a
408652869,-778346077,3349,1:47:23.710000,"(datetime.datetime(2026, 9, 29, 17, 0, 9, 669000),)",2a3c600d
408651502,-778352388,3366,1:47:23.790000,"(datetime.datetime(2026, 9, 29, 17, 0, 9, 748000),)",2a3c600a
408652816,-778346329,3349,1:47:23.820000,"(datetime.datetime(2026, 9, 29, 17, 0, 9, 777000),)",2a3c600d
408651452,-778352632,3366,1:47:23.900000,"(datetime.datetime(2026, 9, 29, 17, 0, 9, 857000),)",2a3c600a
408652761,-778346577,3349,1:47:23.930000,"(datetime.datetime(2026, 9, 29, 17, 0, 9, 884000),)",2a3c600d
408651401,-778352873,3366,1:47:23.990000,"(datetime.datetime(2026, 9, 29, 17, 0, 9, 948000),)",2a3c600a
408652706,-778346831,3349,1:47:24.020000,"(datetime.datetime(2026, 9, 29, 17, 0, 9, 971000),)",2a3c600d
408651350,-778353115,3366,1:47:24.090000,"(datetime.datetime(2026, 9, 29, 17, 0, 10, 48000),)",2a3c600a
408652653,-778347081,3349,1:47:24.120000,"(datetime.datetime(2026, 9, 29, 17, 0, 10, 72000),)",2a3c600d
408651295,-778353357,3365,1:47:24.210000,"(datetime.datetime(2026, 9, 29, 17, 0, 10, 162000),)",2a3c600a
408652596,-778347330,3349,1:47:24.240000,"(datetime.datetime(2026, 9, 29, 17, 0, 10, 192000),)",2a3c600d
408651246,-778353593,3365,1:47:24.290000,"(datetime.datetime(2026, 9, 29, 17, 0, 10, 248000),)",2a3c600a
408652543,-778347578,3349,1:47:24.330000,"(datetime.datetime(2026, 9, 29, 17, 0, 10, 289000),)",2a3c600d
408651192,-778353831,3365,1:47:24.410000,"(datetime.datetime(2026, 9, 29, 17, 0, 10, 362000),)",2a3c600a
408652490,-778347831,3348,1:47:24.430000,"(datetime.datetime(2026, 9, 29, 17, 0, 10, 386000),)",2a3c600d
408651143,-778354066,3365,1:47:24.490000,"(datetime.datetime(2026, 9, 29, 17, 0, 10, 448000),)",2a3c600a
408652434,-778348080,3348,1:47:24.520000,"(datetime.datetime(2026, 9, 29, 17, 0, 10, 477000),)",2a3c600d
408651091,-778354304,3365,1:47:24.590000,"(datetime.datetime(2026, 9, 29, 17, 0, 10, 548000),)",2a3c600a
408652380,-778348330,3348,1:47:24.620000,"(datetime.datetime(2026, 9, 29, 17, 0, 10, 570000),)",2a3c600d
408651042,-778354538,3364,1:47:24.690000,"(datetime.datetime(2026, 9, 29, 17, 0, 10, 649000),)",2a3c600a
408652326,-778348579,3348,1:47:24.720000,"(datetime.datetime(2026, 9, 29, 17, 0, 10, 673000),)",2a3c600d
408650993,-778354769,3364,1:47:24.790000,"(datetime.datetime(2026, 9, 29, 17, 0, 10, 749000),)",2a3c600a
408652275,-778348829,3348,1:47:24.820000,"(datetime.datetime(2026, 9, 29, 17, 0, 10, 772000),)",2a3c600d
408650944,-778354999,3364,1:47:24.900000,"(datetime.datetime(2026, 9, 29, 17, 0, 10, 852000),)",2a3c600a
408652221,-778349078,3347,1:47:24.930000,"(datetime.datetime(2026, 9, 29, 17, 0, 10, 884000),)",2a3c600d
408650894,-778355229,3363,1:47:25,"(datetime.datetime(2026, 9, 29, 17, 0, 10, 951000),)",2a3c600a
408652169,-778349327,3347,1:47:25.010000,"(datetime.datetime(2026, 9, 29, 17, 0, 10, 970000),)",2a3c600d
408650844,-778355457,3363,1:47:25.090000,"(datetime.datetime(2026, 9, 29, 17, 0, 11, 49000),)",2a3c600a
408652117,-778349575,3347,1:47:25.120000,"(datetime.datetime(2026, 9, 29, 17, 0, 11, 79000),)",2a3c600d
408650789,-778355691,3363,1:47:25.190000,"(datetime.datetime(2026, 9, 29, 17, 0, 11, 149000),)",2a3c600a
408652070,-778349821,3346,1:47:25.220000,"(datetime.datetime(2026, 9, 29, 17, 0, 11, 178000),)",2a3c600d
408650738,-778355913,3363,1:47:25.300000,"(datetime.datetime(2026, 9, 29, 17, 0, 11, 258000),)",2a3c600a
408652017,-778350068,3346,1:47:25.330000,"(datetime.datetime(2026, 9, 29, 17, 0, 11, 287000),)",2a3c600d
408650688,-778356135,3363,1:47:25.400000,"(datetime.datetime(2026, 9, 29, 17, 0, 11, 357000),)",2a3c600a
408651961,-778350312,3346,1:47:25.430000,"(datetime.datetime(2026, 9, 29, 17, 0, 11, 388000),)",2a3c600d
408650635,-778356361,3362,1:47:25.490000,"(datetime.datetime(2026, 9, 29, 17, 0, 11, 449000),)",2a3c600a
408651911,-778350562,3346,1:47:25.530000,"(datetime.datetime(2026, 9, 29, 17, 0, 11, 483000),)",2a3c600d
408650586,-778356581,3362,1:47:25.590000,"(datetime.datetime(2026, 9, 29, 17, 0, 11, 548000),)",2a3c600a
408651858,-778350806,3345,1:47:25.620000,"(datetime.datetime(2026, 9, 29, 17, 0, 11, 577000),)",2a3c600d
408650534,-778356801,3361,1:47:25.710000,"(datetime.datetime(2026, 9, 29, 17, 0, 11, 661000),)",2a3c600a
408651802,-778351056,3345,1:47:25.730000,"(datetime.datetime(2026, 9, 29, 17, 0, 11, 690000),)",2a3c600d
408650484,-778357021,3361,1:47:25.790000,"(datetime.datetime(2026, 9, 29, 17, 0, 11, 749000),)",2a3c600a
408651748,-778351299,3345,1:47:25.820000,"(datetime.datetime(2026, 9, 29, 17, 0, 11, 778000),)",2a3c600d
408650434,-778357240,3361,1:47:25.890000,"(datetime.datetime(2026, 9, 29, 17, 0, 11, 848000),)",2a3c600a
408651697,-778351548,3345,1:47:25.920000,"(datetime.datetime(2026, 9, 29, 17, 0, 11, 870000),)",2a3c600d
408650383,-778357455,3361,1:47:25.990000,"(datetime.datetime(2026, 9, 29, 17, 0, 11, 949000),)",2a3c600a
408651644,-778351791,3345,1:47:26.020000,"(datetime.datetime(2026, 9, 29, 17, 0, 11, 971000),)",2a3c600d
408650332,-778357670,3361,1:47:26.090000,"(datetime.datetime(2026, 9, 29, 17, 0, 12, 48000),)",2a3c600a
408651590,-778352038,3344,1:47:26.120000,"(datetime.datetime(2026, 9, 29, 17, 0, 12, 70000),)",2a3c600d
408650278,-778357890,3361,1:47:26.190000,"(datetime.datetime(2026, 9, 29, 17, 0, 12, 148000),)",2a3c600a
408651537,-778352281,3345,1:47:26.210000,"(datetime.datetime(2026, 9, 29, 17, 0, 12, 170000),)",2a3c600d
408650227,-778358100,3360,1:47:26.290000,"(datetime.datetime(2026, 9, 29, 17, 0, 12, 249000),)",2a3c600a
408651486,-778352525,3345,1:47:26.320000,"(datetime.datetime(2026, 9, 29, 17, 0, 12, 272000),)",2a3c600d
408650174,-778358311,3360,1:47:26.390000,"(datetime.datetime(2026, 9, 29, 17, 0, 12, 348000),)",2a3c600a
408651435,-778352770,3345,1:47:26.420000,"(datetime.datetime(2026, 9, 29, 17, 0, 12, 374000),)",2a3c600d
408650122,-778358522,3360,1:47:26.500000,"(datetime.datetime(2026, 9, 29, 17, 0, 12, 451000),)",2a3c600a
408651387,-778353015,3344,1:47:26.510000,"(datetime.datetime(2026, 9, 29, 17, 0, 12, 470000),)",2a3c600d
408650069,-778358733,3360,1:47:26.590000,"(datetime.datetime(2026, 9, 29, 17, 0, 12, 548000),)",2a3c600a
408651333,-778353260,3344,1:47:26.620000,"(datetime.datetime(2026, 9, 29, 17, 0, 12, 575000),)",2a3c600d
408650018,-778358937,3359,1:47:26.690000,"(datetime.datetime(2026, 9, 29, 17, 0, 12, 648000),)",2a3c600a
408651281,-778353502,3344,1:47:26.710000,"(datetime.datetime(2026, 9, 29, 17, 0, 12, 670000),)",2a3c600d
408649965,-778359145,3359,1:47:26.800000,"(datetime.datetime(2026, 9, 29, 17, 0, 12, 756000),)",2a3c600a
408651228,-778353745,3344,1:47:26.820000,"(datetime.datetime(2026, 9, 29, 17, 0, 12, 774000),)",2a3c600d
408649912,-778359348,3358,1:47:26.900000,"(datetime.datetime(2026, 9, 29, 17, 0, 12, 851000),)",2a3c600a
408651177,-778353986,3343,1:47:26.930000,"(datetime.datetime(2026, 9, 29, 17, 0, 12, 888000),)",2a3c600d
408649859,-778359551,3358,1:47:26.990000,"(datetime.datetime(2026, 9, 29, 17, 0, 12, 948000),)",2a3c600a
408651126,-778354231,3343,1:47:27.030000,"(datetime.datetime(2026, 9, 29, 17, 0, 12, 981000),)",2a3c600d
408649807,-778359751,3358,1:47:27.090000,"(datetime.datetime(2026, 9, 29, 17, 0, 13, 49000),)",2a3c600a
408651078,-778354471,3343,1:47:27.130000,"(datetime.datetime(2026, 9, 29, 17, 0, 13, 84000),)",2a3c600d
408649753,-778359956,3357,1:47:27.190000,"(datetime.datetime(2026, 9, 29, 17, 0, 13, 148000),)",2a3c600a
408651022,-778354713,3342,1:47:27.210000,"(datetime.datetime(2026, 9, 29, 17, 0, 13, 170000),)",2a3c600d
408649698,-778360151,3357,1:47:27.290000,"(datetime.datetime(2026, 9, 29, 17, 0, 13, 249000),)",2a3c600a
408650974,-778354950,3342,1:47:27.320000,"(datetime.datetime(2026, 9, 29, 17, 0, 13, 274000),)",2a3c600d
408649644,-778360347,3357,1:47:27.390000,"(datetime.datetime(2026, 9, 29, 17, 0, 13, 349000),)",2a3c600a
408650923,-778355194,3342,1:47:27.430000,"(datetime.datetime(2026, 9, 29, 17, 0, 13, 382000),)",2a3c600d
408649590,-778360546,3357,1:47:27.490000,"(datetime.datetime(2026, 9, 29, 17, 0, 13, 449000),)",2a3c600a
408650875,-778355434,3342,1:47:27.530000,"(datetime.datetime(2026, 9, 29, 17, 0, 13, 481000),)",2a3c600d
408649535,-778360739,3356,1:47:27.590000,"(datetime.datetime(2026, 9, 29, 17, 0, 13, 548000),)",2a3c600a
408650824,-778355675,3341,1:47:27.630000,"(datetime.datetime(2026, 9, 29, 17, 0, 13, 583000),)",2a3c600d
408649480,-778360933,3356,1:47:27.690000,"(datetime.datetime(2026, 9, 29, 17, 0, 13, 648000),)",2a3c600a
408650775,-778355911,3341,1:47:27.710000,"(datetime.datetime(2026, 9, 29, 17, 0, 13, 670000),)",2a3c600d
408649426,-778361123,3356,1:47:27.790000,"(datetime.datetime(2026, 9, 29, 17, 0, 13, 750000),)",2a3c600a
408650725,-778356151,3341,1:47:27.820000,"(datetime.datetime(2026, 9, 29, 17, 0, 13, 776000),)",2a3c600d
408649370,-778361316,3356,1:47:28,"(datetime.datetime(2026, 9, 29, 17, 0, 13, 960000),)",2a3c600a
408650675,-778356387,3341,1:47:28.170000,"(datetime.datetime(2026, 9, 29, 17, 0, 14, 123000),)",2a3c600d
408649314,-778361503,3356,1:47:28.240000,"(datetime.datetime(2026, 9, 29, 17, 0, 14, 192000),)",2a3c600a
408650625,-778356626,3341,1:47:28.410000,"(datetime.datetime(2026, 9, 29, 17, 0, 14, 368000),)",2a3c600d
408649258,-778361693,3356,1:47:28.600000,"(datetime.datetime(2026, 9, 29, 17, 0, 14, 551000),)",2a3c600a
408650577,-778356859,3340,1:47:28.660000,"(datetime.datetime(2026, 9, 29, 17, 0, 14, 611000),)",2a3c600d
408649202,-778361883,3355,1:47:28.810000,"(datetime.datetime(2026, 9, 29, 17, 0, 14, 766000),)",2a3c600a
408650526,-778357095,3340,1:47:28.880000,"(datetime.datetime(2026, 9, 29, 17, 0, 14, 838000),)",2a3c600d
408649145,-778362064,3355,1:47:29.070000,"(datetime.datetime(2026, 9, 29, 17, 0, 15, 28000),)",2a3c600a
408650475,-778357328,3340,1:47:29.210000,"(datetime.datetime(2026, 9, 29, 17, 0, 15, 165000),)",2a3c600d
408650424,-778357560,3340,1:47:29.410000,"(datetime.datetime(2026, 9, 29, 17, 0, 15, 370000),)",2a3c600d
408649088,-778362245,3355,1:47:29.500000,"(datetime.datetime(2026, 9, 29, 17, 0, 15, 452000),)",2a3c600a
408649029,-778362425,3354,1:47:29.630000,"(datetime.datetime(2026, 9, 29, 17, 0, 15, 588000),)",2a3c600a
408650375,-778357791,3340,1:47:29.820000,"(datetime.datetime(2026, 9, 29, 17, 0, 15, 779000),)",2a3c600d
408650322,-778358022,3339,1:47:29.880000,"(datetime.datetime(2026, 9, 29, 17, 0, 15, 835000),)",2a3c600d
408648970,-778362604,3354,1:47:30.030000,"(datetime.datetime(2026, 9, 29, 17, 0, 15, 987000),)",2a3c600a
408648911,-778362782,3354,1:47:30.080000,"(datetime.datetime(2026, 9, 29, 17, 0, 16, 33000),)",2a3c600a
408650269,-778358251,3339,1:47:30.230000,"(datetime.datetime(2026, 9, 29, 17, 0, 16, 189000),)",2a3c600d
408648851,-778362957,3354,1:47:30.290000,"(datetime.datetime(2026, 9, 29, 17, 0, 16, 241000),)",2a3c600a
408650215,-778358479,3339,1:47:30.440000,"(datetime.datetime(2026, 9, 29, 17, 0, 16, 394000),)",2a3c600d
408650164,-778358706,3339,1:47:30.520000,"(datetime.datetime(2026, 9, 29, 17, 0, 16, 473000),)",2a3c600d
408648790,-778363131,3354,1:47:30.660000,"(datetime.datetime(2026, 9, 29, 17, 0, 16, 616000),)",2a3c600a
408650108,-778358932,3339,1:47:30.850000,"(datetime.datetime(2026, 9, 29, 17, 0, 16, 804000),)",2a3c600d
408648729,-778363302,3353,1:47:31.050000,"(datetime.datetime(2026, 9, 29, 17, 0, 17, 8000),)",2a3c600a
408650055,-778359155,3339,1:47:31.260000,"(datetime.datetime(2026, 9, 29, 17, 0, 17, 213000),)",2a3c600d
408648667,-778363473,3353,1:47:31.460000,"(datetime.datetime(2026, 9, 29, 17, 0, 17, 418000),)",2a3c600a
408650003,-778359379,3338,1:47:31.870000,"(datetime.datetime(2026, 9, 29, 17, 0, 17, 828000),)",2a3c600d
408648606,-778363648,3353,1:47:32.080000,"(datetime.datetime(2026, 9, 29, 17, 0, 18, 32000),)",2a3c600a
408648542,-778363810,3353,1:47:32.160000,"(datetime.datetime(2026, 9, 29, 17, 0, 18, 119000),)",2a3c600a
408649946,-778359597,3338,1:47:32.180000,"(datetime.datetime(2026, 9, 29, 17, 0, 18, 137000),)",2a3c600d
408649890,-778359818,3338,1:47:32.220000,"(datetime.datetime(2026, 9, 29, 17, 0, 18, 180000),)",2a3c600d
408648479,-778363975,3353,1:47:32.330000,"(datetime.datetime(2026, 9, 29, 17, 0, 18, 286000),)",2a3c600a
408649831,-778360035,3337,1:47:32.490000,"(datetime.datetime(2026, 9, 29, 17, 0, 18, 449000),)",2a3c600d
408648414,-778364137,3353,1:47:32.530000,"(datetime.datetime(2026, 9, 29, 17, 0, 18, 481000),)",2a3c600a
408649773,-778360251,3337,1:47:32.710000,"(datetime.datetime(2026, 9, 29, 17, 0, 18, 664000),)",2a3c600d
408648349,-778364297,3353,1:47:32.830000,"(datetime.datetime(2026, 9, 29, 17, 0, 18, 782000),)",2a3c600a
408649714,-778360464,3337,1:47:32.980000,"(datetime.datetime(2026, 9, 29, 17, 0, 18, 932000),)",2a3c600d
408648282,-778364455,3353,1:47:33.060000,"(datetime.datetime(2026, 9, 29, 17, 0, 19, 20000),)",2a3c600a
408649659,-778360676,3336,1:47:33.150000,"(datetime.datetime(2026, 9, 29, 17, 0, 19, 104000),)",2a3c600d
408648282,-778364455,3353,1:47:33.270000,"(datetime.datetime(2026, 9, 29, 17, 0, 19, 225000),)",2a3c600a
408649600,-778360886,3336,1:47:33.350000,"(datetime.datetime(2026, 9, 29, 17, 0, 19, 305000),)",2a3c600d
408648213,-778364613,3352,1:47:33.470000,"(datetime.datetime(2026, 9, 29, 17, 0, 19, 429000),)",2a3c600a
408649540,-778361092,3336,1:47:33.540000,"(datetime.datetime(2026, 9, 29, 17, 0, 19, 499000),)",2a3c600d
408648147,-778364766,3352,1:47:33.700000,"(datetime.datetime(2026, 9, 29, 17, 0, 19, 658000),)",2a3c600a
408649479,-778361296,3336,1:47:33.720000,"(datetime.datetime(2026, 9, 29, 17, 0, 19, 676000),)",2a3c600d
408648077,-778364921,3352,1:47:33.770000,"(datetime.datetime(2026, 9, 29, 17, 0, 19, 722000),)",2a3c600a
408648008,-778365070,3352,1:47:33.780000,"(datetime.datetime(2026, 9, 29, 17, 0, 19, 740000),)",2a3c600a
408649422,-778361504,3336,1:47:33.840000,"(datetime.datetime(2026, 9, 29, 17, 0, 19, 797000),)",2a3c600d
408649360,-778361702,3335,1:47:33.900000,"(datetime.datetime(2026, 9, 29, 17, 0, 19, 854000),)",2a3c600d
408647940,-778365226,3352,1:47:33.920000,"(datetime.datetime(2026, 9, 29, 17, 0, 19, 872000),)",2a3c600a
408649298,-778361901,3335,1:47:33.960000,"(datetime.datetime(2026, 9, 29, 17, 0, 19, 917000),)",2a3c600d
408647868,-778365367,3351,1:47:33.980000,"(datetime.datetime(2026, 9, 29, 17, 0, 19, 934000),)",2a3c600a
408649236,-778362097,3334,1:47:34.040000,"(datetime.datetime(2026, 9, 29, 17, 0, 20),)",2a3c600d
408647797,-778365514,3351,1:47:34.060000,"(datetime.datetime(2026, 9, 29, 17, 0, 20, 19000),)",2a3c600a
408649176,-778362291,3334,1:47:34.120000,"(datetime.datetime(2026, 9, 29, 17, 0, 20, 77000),)",2a3c600d
408647726,-778365656,3351,1:47:34.140000,"(datetime.datetime(2026, 9, 29, 17, 0, 20, 97000),)",2a3c600a
408649114,-778362485,3334,1:47:34.200000,"(datetime.datetime(2026, 9, 29, 17, 0, 20, 158000),)",2a3c600d
408647653,-778365797,3351,1:47:34.220000,"(datetime.datetime(2026, 9, 29, 17, 0, 20, 177000),)",2a3c600a
408649050,-778362675,3334,1:47:34.280000,"(datetime.datetime(2026, 9, 29, 17, 0, 20, 237000),)",2a3c600d
408647580,-778365938,3351,1:47:34.300000,"(datetime.datetime(2026, 9, 29, 17, 0, 20, 255000),)",2a3c600a
408647506,-778366075,3351,1:47:34.360000,"(datetime.datetime(2026, 9, 29, 17, 0, 20, 310000),)",2a3c600a
408648985,-778362864,3333,1:47:34.380000,"(datetime.datetime(2026, 9, 29, 17, 0, 20, 334000),)",2a3c600d
408647432,-778366209,3351,1:47:34.430000,"(datetime.datetime(2026, 9, 29, 17, 0, 20, 389000),)",2a3c600a
408648922,-778363052,3333,1:47:34.450000,"(datetime.datetime(2026, 9, 29, 17, 0, 20, 409000),)",2a3c600d
408647357,-778366341,3351,1:47:34.500000,"(datetime.datetime(2026, 9, 29, 17, 0, 20, 454000),)",2a3c600a
408648856,-778363236,3333,1:47:34.520000,"(datetime.datetime(2026, 9, 29, 17, 0, 20, 478000),)",2a3c600d
408647282,-778366474,3350,1:47:34.590000,"(datetime.datetime(2026, 9, 29, 17, 0, 20, 543000),)",2a3c600a
408648791,-778363426,3333,1:47:34.610000,"(datetime.datetime(2026, 9, 29, 17, 0, 20, 562000),)",2a3c600d
408647210,-778366612,3350,1:47:34.650000,"(datetime.datetime(2026, 9, 29, 17, 0, 20, 605000),)",2a3c600a
408648724,-778363597,3333,1:47:34.670000,"(datetime.datetime(2026, 9, 29, 17, 0, 20, 623000),)",2a3c600d
408647132,-778366737,3350,1:47:34.730000,"(datetime.datetime(2026, 9, 29, 17, 0, 20, 681000),)",2a3c600a
408648656,-778363776,3332,1:47:34.750000,"(datetime.datetime(2026, 9, 29, 17, 0, 20, 702000),)",2a3c600d
408647057,-778366865,3350,1:47:34.800000,"(datetime.datetime(2026, 9, 29, 17, 0, 20, 751000),)",2a3c600a
408648589,-778363951,3332,1:47:34.820000,"(datetime.datetime(2026, 9, 29, 17, 0, 20, 779000),)",2a3c600d
408646978,-778366990,3350,1:47:34.870000,"(datetime.datetime(2026, 9, 29, 17, 0, 20, 823000),)",2a3c600a
408648517,-778364126,3332,1:47:34.890000,"(datetime.datetime(2026, 9, 29, 17, 0, 20, 841000),)",2a3c600d
408646900,-778367114,3350,1:47:34.940000,"(datetime.datetime(2026, 9, 29, 17, 0, 20, 898000),)",2a3c600a
408648448,-778364295,3332,1:47:34.960000,"(datetime.datetime(2026, 9, 29, 17, 0, 20, 916000),)",2a3c600d
408646820,-778367241,3350,1:47:35.020000,"(datetime.datetime(2026, 9, 29, 17, 0, 20, 972000),)",2a3c600a
408648375,-778364465,3332,1:47:35.040000,"(datetime.datetime(2026, 9, 29, 17, 0, 20, 991000),)",2a3c600d
408646741,-778367361,3350,1:47:35.100000,"(datetime.datetime(2026, 9, 29, 17, 0, 21, 51000),)",2a3c600a
408648302,-778364632,3331,1:47:35.110000,"(datetime.datetime(2026, 9, 29, 17, 0, 21, 69000),)",2a3c600d
408646663,-778367480,3350,1:47:35.170000,"(datetime.datetime(2026, 9, 29, 17, 0, 21, 123000),)",2a3c600a
408648231,-778364792,3331,1:47:35.190000,"(datetime.datetime(2026, 9, 29, 17, 0, 21, 141000),)",2a3c600d
408646581,-778367602,3350,1:47:35.240000,"(datetime.datetime(2026, 9, 29, 17, 0, 21, 198000),)",2a3c600a
408648155,-778364956,3331,1:47:35.260000,"(datetime.datetime(2026, 9, 29, 17, 0, 21, 216000),)",2a3c600d
408646504,-778367719,3350,1:47:35.330000,"(datetime.datetime(2026, 9, 29, 17, 0, 21, 285000),)",2a3c600a
408648085,-778365122,3331,1:47:35.360000,"(datetime.datetime(2026, 9, 29, 17, 0, 21, 314000),)",2a3c600d
408646428,-778367847,3350,1:47:35.410000,"(datetime.datetime(2026, 9, 29, 17, 0, 21, 363000),)",2a3c600a
408648008,-778365276,3331,1:47:35.430000,"(datetime.datetime(2026, 9, 29, 17, 0, 21, 384000),)",2a3c600d
408646346,-778367957,3350,1:47:35.480000,"(datetime.datetime(2026, 9, 29, 17, 0, 21, 434000),)",2a3c600a
408647933,-778365428,3331,1:47:35.500000,"(datetime.datetime(2026, 9, 29, 17, 0, 21, 452000),)",2a3c600d
408646265,-778368074,3350,1:47:35.590000,"(datetime.datetime(2026, 9, 29, 17, 0, 21, 543000),)",2a3c600a
408647855,-778365583,3331,1:47:35.610000,"(datetime.datetime(2026, 9, 29, 17, 0, 21, 565000),)",2a3c600d
408646182,-778368187,3350,1:47:35.630000,"(datetime.datetime(2026, 9, 29, 17, 0, 21, 584000),)",2a3c600a
408647778,-778365732,3331,1:47:35.690000,"(datetime.datetime(2026, 9, 29, 17, 0, 21, 648000),)",2a3c600d
408646103,-778368297,3349,1:47:35.710000,"(datetime.datetime(2026, 9, 29, 17, 0, 21, 668000),)",2a3c600a
408647697,-778365885,3331,1:47:35.760000,"(datetime.datetime(2026, 9, 29, 17, 0, 21, 718000),)",2a3c600d
408646019,-778368409,3350,1:47:35.780000,"(datetime.datetime(2026, 9, 29, 17, 0, 21, 735000),)",2a3c600a
408647620,-778366034,3330,1:47:35.830000,"(datetime.datetime(2026, 9, 29, 17, 0, 21, 785000),)",2a3c600d
408645935,-778368518,3350,1:47:35.850000,"(datetime.datetime(2026, 9, 29, 17, 0, 21, 808000),)",2a3c600a
408647540,-778366180,3330,1:47:35.900000,"(datetime.datetime(2026, 9, 29, 17, 0, 21, 860000),)",2a3c600d
408645854,-778368624,3350,1:47:35.930000,"(datetime.datetime(2026, 9, 29, 17, 0, 21, 882000),)",2a3c600a
408647462,-778366326,3330,1:47:35.990000,"(datetime.datetime(2026, 9, 29, 17, 0, 21, 941000),)",2a3c600d
408645770,-778368730,3349,1:47:36.030000,"(datetime.datetime(2026, 9, 29, 17, 0, 21, 989000),)",2a3c600a
408647383,-778366472,3330,1:47:36.050000,"(datetime.datetime(2026, 9, 29, 17, 0, 22, 8000),)",2a3c600d
408647307,-778366625,3330,1:47:36.100000,"(datetime.datetime(2026, 9, 29, 17, 0, 22, 59000),)",2a3c600d
408645686,-778368835,3349,1:47:36.120000,"(datetime.datetime(2026, 9, 29, 17, 0, 22, 77000),)",2a3c600a
408645607,-778368949,3349,1:47:36.180000,"(datetime.datetime(2026, 9, 29, 17, 0, 22, 136000),)",2a3c600a
408647226,-778366760,3329,1:47:36.200000,"(datetime.datetime(2026, 9, 29, 17, 0, 22, 156000),)",2a3c600d
408645524,-778369047,3349,1:47:36.250000,"(datetime.datetime(2026, 9, 29, 17, 0, 22, 210000),)",2a3c600a
408647145,-778366901,3329,1:47:36.300000,"(datetime.datetime(2026, 9, 29, 17, 0, 22, 258000),)",2a3c600d
408645440,-778369147,3349,1:47:36.320000,"(datetime.datetime(2026, 9, 29, 17, 0, 22, 276000),)",2a3c600a
408647065,-778367042,3329,1:47:36.380000,"(datetime.datetime(2026, 9, 29, 17, 0, 22, 335000),)",2a3c600d
408645357,-778369245,3349,1:47:36.400000,"(datetime.datetime(2026, 9, 29, 17, 0, 22, 359000),)",2a3c600a
408646983,-778367180,3329,1:47:36.450000,"(datetime.datetime(2026, 9, 29, 17, 0, 22, 401000),)",2a3c600d
408645273,-778369346,3348,1:47:36.460000,"(datetime.datetime(2026, 9, 29, 17, 0, 22, 420000),)",2a3c600a
408646901,-778367317,3329,1:47:36.520000,"(datetime.datetime(2026, 9, 29, 17, 0, 22, 474000),)",2a3c600d
408645190,-778369443,3348,1:47:36.540000,"(datetime.datetime(2026, 9, 29, 17, 0, 22, 492000),)",2a3c600a
408646821,-778367454,3329,1:47:36.600000,"(datetime.datetime(2026, 9, 29, 17, 0, 22, 555000),)",2a3c600d
408645106,-778369540,3348,1:47:36.620000,"(datetime.datetime(2026, 9, 29, 17, 0, 22, 574000),)",2a3c600a
408646739,-778367587,3329,1:47:36.670000,"(datetime.datetime(2026, 9, 29, 17, 0, 22, 621000),)",2a3c600d
408645022,-778369638,3348,1:47:36.690000,"(datetime.datetime(2026, 9, 29, 17, 0, 22, 646000),)",2a3c600a
408646656,-778367722,3329,1:47:36.740000,"(datetime.datetime(2026, 9, 29, 17, 0, 22, 694000),)",2a3c600d
408644939,-778369732,3348,1:47:36.760000,"(datetime.datetime(2026, 9, 29, 17, 0, 22, 713000),)",2a3c600a
408646571,-778367851,3329,1:47:36.810000,"(datetime.datetime(2026, 9, 29, 17, 0, 22, 768000),)",2a3c600d
408644859,-778369827,3348,1:47:36.830000,"(datetime.datetime(2026, 9, 29, 17, 0, 22, 786000),)",2a3c600a
408646492,-778367985,3329,1:47:36.890000,"(datetime.datetime(2026, 9, 29, 17, 0, 22, 841000),)",2a3c600d
408644774,-778369925,3348,1:47:36.910000,"(datetime.datetime(2026, 9, 29, 17, 0, 22, 862000),)",2a3c600a
408646407,-778368109,3329,1:47:36.970000,"(datetime.datetime(2026, 9, 29, 17, 0, 22, 925000),)",2a3c600d
408644691,-778370015,3348,1:47:37.020000,"(datetime.datetime(2026, 9, 29, 17, 0, 22, 971000),)",2a3c600a
408646321,-778368233,3329,1:47:37.040000,"(datetime.datetime(2026, 9, 29, 17, 0, 22, 992000),)",2a3c600d
408644606,-778370108,3348,1:47:37.100000,"(datetime.datetime(2026, 9, 29, 17, 0, 23, 50000),)",2a3c600a
408646232,-778368356,3329,1:47:37.110000,"(datetime.datetime(2026, 9, 29, 17, 0, 23, 69000),)",2a3c600d
408644522,-778370195,3348,1:47:37.180000,"(datetime.datetime(2026, 9, 29, 17, 0, 23, 134000),)",2a3c600a
408646145,-778368475,3329,1:47:37.230000,"(datetime.datetime(2026, 9, 29, 17, 0, 23, 181000),)",2a3c600d
408644440,-778370284,3348,1:47:37.240000,"(datetime.datetime(2026, 9, 29, 17, 0, 23, 199000),)",2a3c600a
408646061,-778368595,3329,1:47:37.310000,"(datetime.datetime(2026, 9, 29, 17, 0, 23, 261000),)",2a3c600d
408644355,-778370371,3348,1:47:37.320000,"(datetime.datetime(2026, 9, 29, 17, 0, 23, 279000),)",2a3c600a
408645972,-778368710,3329,1:47:37.380000,"(datetime.datetime(2026, 9, 29, 17, 0, 23, 337000),)",2a3c600d
408644273,-778370456,3348,1:47:37.400000,"(datetime.datetime(2026, 9, 29, 17, 0, 23, 355000),)",2a3c600a
408645886,-778368828,3328,1:47:37.450000,"(datetime.datetime(2026, 9, 29, 17, 0, 23, 401000),)",2a3c600d
408644189,-778370542,3347,1:47:37.460000,"(datetime.datetime(2026, 9, 29, 17, 0, 23, 419000),)",2a3c600a
408644108,-778370628,3347,1:47:37.530000,"(datetime.datetime(2026, 9, 29, 17, 0, 23, 482000),)",2a3c600a
408645803,-778368942,3329,1:47:37.550000,"(datetime.datetime(2026, 9, 29, 17, 0, 23, 505000),)",2a3c600d
408644023,-778370713,3347,1:47:37.600000,"(datetime.datetime(2026, 9, 29, 17, 0, 23, 558000),)",2a3c600a
408645717,-778369054,3328,1:47:37.620000,"(datetime.datetime(2026, 9, 29, 17, 0, 23, 576000),)",2a3c600d
408645637,-778369174,3328,1:47:37.680000,"(datetime.datetime(2026, 9, 29, 17, 0, 23, 632000),)",2a3c600d
408643939,-778370800,3347,1:47:37.700000,"(datetime.datetime(2026, 9, 29, 17, 0, 23, 651000),)",2a3c600a
408643856,-778370876,3347,1:47:37.760000,"(datetime.datetime(2026, 9, 29, 17, 0, 23, 712000),)",2a3c600a
408645551,-778369276,3328,1:47:37.780000,"(datetime.datetime(2026, 9, 29, 17, 0, 23, 731000),)",2a3c600d
408643777,-778370957,3347,1:47:37.840000,"(datetime.datetime(2026, 9, 29, 17, 0, 23, 794000),)",2a3c600a
408645468,-778369382,3328,1:47:37.860000,"(datetime.datetime(2026, 9, 29, 17, 0, 23, 813000),)",2a3c600d
408643691,-778371039,3347,1:47:37.910000,"(datetime.datetime(2026, 9, 29, 17, 0, 23, 865000),)",2a3c600a
408645385,-778369485,3328,1:47:37.930000,"(datetime.datetime(2026, 9, 29, 17, 0, 23, 883000),)",2a3c600d
408643609,-778371115,3346,1:47:37.980000,"(datetime.datetime(2026, 9, 29, 17, 0, 23, 937000),)",2a3c600a
408645300,-778369589,3328,1:47:38,"(datetime.datetime(2026, 9, 29, 17, 0, 23, 956000),)",2a3c600d
408643523,-778371194,3347,1:47:38.060000,"(datetime.datetime(2026, 9, 29, 17, 0, 24, 15000),)",2a3c600a
408645220,-778369689,3328,1:47:38.080000,"(datetime.datetime(2026, 9, 29, 17, 0, 24, 34000),)",2a3c600d
408645138,-778369787,3328,1:47:38.140000,"(datetime.datetime(2026, 9, 29, 17, 0, 24, 91000),)",2a3c600d
408643439,-778371271,3346,1:47:38.150000,"(datetime.datetime(2026, 9, 29, 17, 0, 24, 110000),)",2a3c600a
408643357,-778371344,3346,1:47:38.210000,"(datetime.datetime(2026, 9, 29, 17, 0, 24, 161000),)",2a3c600a
408645057,-778369879,3328,1:47:38.220000,"(datetime.datetime(2026, 9, 29, 17, 0, 24, 180000),)",2a3c600d
408644978,-778369976,3327,1:47:38.280000,"(datetime.datetime(2026, 9, 29, 17, 0, 24, 234000),)",2a3c600d
408643272,-778371418,3346,1:47:38.300000,"(datetime.datetime(2026, 9, 29, 17, 0, 24, 253000),)",2a3c600a
408644896,-778370064,3327,1:47:38.360000,"(datetime.datetime(2026, 9, 29, 17, 0, 24, 317000),)",2a3c600d
408643187,-778371491,3345,1:47:38.380000,"(datetime.datetime(2026, 9, 29, 17, 0, 24, 337000),)",2a3c600a
408644813,-778370162,3327,1:47:38.430000,"(datetime.datetime(2026, 9, 29, 17, 0, 24, 388000),)",2a3c600d
408643106,-778371560,3346,1:47:38.450000,"(datetime.datetime(2026, 9, 29, 17, 0, 24, 406000),)",2a3c600a
408644733,-778370249,3328,1:47:38.520000,"(datetime.datetime(2026, 9, 29, 17, 0, 24, 474000),)",2a3c600d
408643021,-778371622,3345,1:47:38.540000,"(datetime.datetime(2026, 9, 29, 17, 0, 24, 495000),)",2a3c600a
408644651,-778370331,3327,1:47:38.600000,"(datetime.datetime(2026, 9, 29, 17, 0, 24, 560000),)",2a3c600d
408642940,-778371692,3345,1:47:38.620000,"(datetime.datetime(2026, 9, 29, 17, 0, 24, 578000),)",2a3c600a
408644575,-778370417,3327,1:47:38.680000,"(datetime.datetime(2026, 9, 29, 17, 0, 24, 637000),)",2a3c600d
408642854,-778371760,3345,1:47:38.740000,"(datetime.datetime(2026, 9, 29, 17, 0, 24, 698000),)",2a3c600a
408644497,-778370500,3327,1:47:38.760000,"(datetime.datetime(2026, 9, 29, 17, 0, 24, 717000),)",2a3c600d
408642770,-778371826,3345,1:47:38.810000,"(datetime.datetime(2026, 9, 29, 17, 0, 24, 760000),)",2a3c600a
408644420,-778370585,3327,1:47:38.830000,"(datetime.datetime(2026, 9, 29, 17, 0, 24, 784000),)",2a3c600d
408642686,-778371890,3345,1:47:38.880000,"(datetime.datetime(2026, 9, 29, 17, 0, 24, 835000),)",2a3c600a
408644341,-778370667,3327,1:47:38.900000,"(datetime.datetime(2026, 9, 29, 17, 0, 24, 854000),)",2a3c600d
408642604,-778371950,3345,1:47:38.950000,"(datetime.datetime(2026, 9, 29, 17, 0, 24, 910000),)",2a3c600a
408644264,-778370747,3327,1:47:38.980000,"(datetime.datetime(2026, 9, 29, 17, 0, 24, 931000),)",2a3c600d
408642521,-778372012,3345,1:47:39.020000,"(datetime.datetime(2026, 9, 29, 17, 0, 24, 977000),)",2a3c600a
408644185,-778370828,3326,1:47:39.050000,"(datetime.datetime(2026, 9, 29, 17, 0, 25, 2000),)",2a3c600d
408642437,-778372074,3345,1:47:39.100000,"(datetime.datetime(2026, 9, 29, 17, 0, 25, 54000),)",2a3c600a
408644108,-778370907,3326,1:47:39.120000,"(datetime.datetime(2026, 9, 29, 17, 0, 25, 76000),)",2a3c600d
408642353,-778372132,3345,1:47:39.170000,"(datetime.datetime(2026, 9, 29, 17, 0, 25, 123000),)",2a3c600a
408644028,-778370994,3326,1:47:39.190000,"(datetime.datetime(2026, 9, 29, 17, 0, 25, 142000),)",2a3c600d
408642269,-778372195,3345,1:47:39.240000,"(datetime.datetime(2026, 9, 29, 17, 0, 25, 194000),)",2a3c600a
408643954,-778371066,3327,1:47:39.260000,"(datetime.datetime(2026, 9, 29, 17, 0, 25, 212000),)",2a3c600d
408642186,-778372250,3345,1:47:39.310000,"(datetime.datetime(2026, 9, 29, 17, 0, 25, 269000),)",2a3c600a
408643875,-778371144,3326,1:47:39.340000,"(datetime.datetime(2026, 9, 29, 17, 0, 25, 291000),)",2a3c600d
408642104,-778372304,3345,1:47:39.380000,"(datetime.datetime(2026, 9, 29, 17, 0, 25, 338000),)",2a3c600a
408643797,-778371218,3326,1:47:39.410000,"(datetime.datetime(2026, 9, 29, 17, 0, 25, 365000),)",2a3c600d
408642020,-778372357,3345,1:47:39.460000,"(datetime.datetime(2026, 9, 29, 17, 0, 25, 415000),)",2a3c600a
408643718,-778371294,3326,1:47:39.480000,"(datetime.datetime(2026, 9, 29, 17, 0, 25, 435000),)",2a3c600d
408641937,-778372412,3345,1:47:39.540000,"(datetime.datetime(2026, 9, 29, 17, 0, 25, 493000),)",2a3c600a
408643639,-778371365,3326,1:47:39.560000,"(datetime.datetime(2026, 9, 29, 17, 0, 25, 511000),)",2a3c600d
408641855,-778372465,3345,1:47:39.620000,"(datetime.datetime(2026, 9, 29, 17, 0, 25, 577000),)",2a3c600a
408643560,-778371439,3326,1:47:39.690000,"(datetime.datetime(2026, 9, 29, 17, 0, 25, 649000),)",2a3c600d
408641773,-778372513,3345,1:47:39.720000,"(datetime.datetime(2026, 9, 29, 17, 0, 25, 674000),)",2a3c600a
408643481,-778371507,3325,1:47:39.750000,"(datetime.datetime(2026, 9, 29, 17, 0, 25, 709000),)",2a3c600d
408641691,-778372564,3345,1:47:39.770000,"(datetime.datetime(2026, 9, 29, 17, 0, 25, 729000),)",2a3c600a
408641606,-778372612,3344,1:47:39.840000,"(datetime.datetime(2026, 9, 29, 17, 0, 25, 794000),)",2a3c600a
408643401,-778371575,3326,1:47:39.900000,"(datetime.datetime(2026, 9, 29, 17, 0, 25, 859000),)",2a3c600d
408643322,-778371644,3325,1:47:39.920000,"(datetime.datetime(2026, 9, 29, 17, 0, 25, 878000),)",2a3c600d
408641526,-778372660,3344,1:47:39.970000,"(datetime.datetime(2026, 9, 29, 17, 0, 25, 924000),)",2a3c600a
408643243,-778371717,3325,1:47:39.990000,"(datetime.datetime(2026, 9, 29, 17, 0, 25, 944000),)",2a3c600d
408641444,-778372713,3344,1:47:40.040000,"(datetime.datetime(2026, 9, 29, 17, 0, 25, 998000),)",2a3c600a
408641362,-778372757,3344,1:47:40.070000,"(datetime.datetime(2026, 9, 29, 17, 0, 26, 23000),)",2a3c600a
408643163,-778371777,3325,1:47:40.120000,"(datetime.datetime(2026, 9, 29, 17, 0, 26, 74000),)",2a3c600d
408641279,-778372801,3344,1:47:40.140000,"(datetime.datetime(2026, 9, 29, 17, 0, 26, 97000),)",2a3c600a
408643084,-778371845,3325,1:47:40.190000,"(datetime.datetime(2026, 9, 29, 17, 0, 26, 145000),)",2a3c600d
408643002,-778371907,3325,1:47:40.210000,"(datetime.datetime(2026, 9, 29, 17, 0, 26, 164000),)",2a3c600d
408641198,-778372844,3344,1:47:40.270000,"(datetime.datetime(2026, 9, 29, 17, 0, 26, 226000),)",2a3c600a
408642921,-778371970,3325,1:47:40.290000,"(datetime.datetime(2026, 9, 29, 17, 0, 26, 246000),)",2a3c600d
408641116,-778372889,3344,1:47:40.340000,"(datetime.datetime(2026, 9, 29, 17, 0, 26, 298000),)",2a3c600a
408642843,-778372028,3325,1:47:40.360000,"(datetime.datetime(2026, 9, 29, 17, 0, 26, 316000),)",2a3c600d
408641035,-778372932,3344,1:47:40.410000,"(datetime.datetime(2026, 9, 29, 17, 0, 26, 368000),)",2a3c600a
408642762,-778372090,3325,1:47:40.430000,"(datetime.datetime(2026, 9, 29, 17, 0, 26, 388000),)",2a3c600d
408640954,-778372973,3344,1:47:40.500000,"(datetime.datetime(2026, 9, 29, 17, 0, 26, 450000),)",2a3c600a
408642682,-778372149,3325,1:47:40.510000,"(datetime.datetime(2026, 9, 29, 17, 0, 26, 469000),)",2a3c600d
408640872,-778373014,3343,1:47:40.590000,"(datetime.datetime(2026, 9, 29, 17, 0, 26, 545000),)",2a3c600a
408642602,-778372207,3325,1:47:40.630000,"(datetime.datetime(2026, 9, 29, 17, 0, 26, 590000),)",2a3c600d
408640790,-778373054,3343,1:47:40.650000,"(datetime.datetime(2026, 9, 29, 17, 0, 26, 609000),)",2a3c600a
408642523,-778372263,3325,1:47:40.710000,"(datetime.datetime(2026, 9, 29, 17, 0, 26, 667000),)",2a3c600d
408640710,-778373093,3343,1:47:40.730000,"(datetime.datetime(2026, 9, 29, 17, 0, 26, 684000),)",2a3c600a
408642443,-778372322,3325,1:47:40.790000,"(datetime.datetime(2026, 9, 29, 17, 0, 26, 743000),)",2a3c600d
408640631,-778373137,3343,1:47:40.810000,"(datetime.datetime(2026, 9, 29, 17, 0, 26, 762000),)",2a3c600a
408642361,-778372374,3325,1:47:40.860000,"(datetime.datetime(2026, 9, 29, 17, 0, 26, 818000),)",2a3c600d
408640553,-778373172,3343,1:47:40.880000,"(datetime.datetime(2026, 9, 29, 17, 0, 26, 838000),)",2a3c600a
408642281,-778372428,3325,1:47:40.940000,"(datetime.datetime(2026, 9, 29, 17, 0, 26, 894000),)",2a3c600d
408640473,-778373208,3342,1:47:40.970000,"(datetime.datetime(2026, 9, 29, 17, 0, 26, 925000),)",2a3c600a
408642198,-778372481,3325,1:47:41.020000,"(datetime.datetime(2026, 9, 29, 17, 0, 26, 971000),)",2a3c600d
408640394,-778373246,3342,1:47:41.040000,"(datetime.datetime(2026, 9, 29, 17, 0, 26, 990000),)",2a3c600a
408642118,-778372532,3325,1:47:41.090000,"(datetime.datetime(2026, 9, 29, 17, 0, 27, 47000),)",2a3c600d
408640313,-778373282,3342,1:47:41.110000,"(datetime.datetime(2026, 9, 29, 17, 0, 27, 67000),)",2a3c600a
408642039,-778372582,3325,1:47:41.160000,"(datetime.datetime(2026, 9, 29, 17, 0, 27, 119000),)",2a3c600d
408640235,-778373318,3342,1:47:41.180000,"(datetime.datetime(2026, 9, 29, 17, 0, 27, 137000),)",2a3c600a
408641958,-778372633,3325,1:47:41.250000,"(datetime.datetime(2026, 9, 29, 17, 0, 27, 208000),)",2a3c600d
408640154,-778373354,3342,1:47:41.330000,"(datetime.datetime(2026, 9, 29, 17, 0, 27, 280000),)",2a3c600a
408641878,-778372684,3324,1:47:41.340000,"(datetime.datetime(2026, 9, 29, 17, 0, 27, 300000),)",2a3c600d
408640076,-778373388,3342,1:47:41.400000,"(datetime.datetime(2026, 9, 29, 17, 0, 27, 352000),)",2a3c600a
408641798,-778372734,3324,1:47:41.420000,"(datetime.datetime(2026, 9, 29, 17, 0, 27, 371000),)",2a3c600d
408639999,-778373420,3342,1:47:41.470000,"(datetime.datetime(2026, 9, 29, 17, 0, 27, 428000),)",2a3c600a
408641717,-778372781,3324,1:47:41.490000,"(datetime.datetime(2026, 9, 29, 17, 0, 27, 446000),)",2a3c600d
408639918,-778373449,3341,1:47:41.550000,"(datetime.datetime(2026, 9, 29, 17, 0, 27, 504000),)",2a3c600a
408641640,-778372837,3324,1:47:41.590000,"(datetime.datetime(2026, 9, 29, 17, 0, 27, 542000),)",2a3c600d
408639837,-778373485,3341,1:47:41.630000,"(datetime.datetime(2026, 9, 29, 17, 0, 27, 584000),)",2a3c600a
408641560,-778372882,3324,1:47:41.680000,"(datetime.datetime(2026, 9, 29, 17, 0, 27, 639000),)",2a3c600d
408639760,-778373513,3341,1:47:41.710000,"(datetime.datetime(2026, 9, 29, 17, 0, 27, 664000),)",2a3c600a
408641481,-778372929,3324,1:47:41.760000,"(datetime.datetime(2026, 9, 29, 17, 0, 27, 717000),)",2a3c600d
408639682,-778373545,3341,1:47:41.780000,"(datetime.datetime(2026, 9, 29, 17, 0, 27, 738000),)",2a3c600a
408641399,-778372974,3324,1:47:41.840000,"(datetime.datetime(2026, 9, 29, 17, 0, 27, 792000),)",2a3c600d
408639603,-778373573,3341,1:47:41.860000,"(datetime.datetime(2026, 9, 29, 17, 0, 27, 810000),)",2a3c600a
408641321,-778373018,3324,1:47:41.910000,"(datetime.datetime(2026, 9, 29, 17, 0, 27, 866000),)",2a3c600d
408639526,-778373600,3340,1:47:41.930000,"(datetime.datetime(2026, 9, 29, 17, 0, 27, 885000),)",2a3c600a
408641239,-778373063,3324,1:47:41.980000,"(datetime.datetime(2026, 9, 29, 17, 0, 27, 939000),)",2a3c600d
408639444,-778373627,3340,1:47:42,"(datetime.datetime(2026, 9, 29, 17, 0, 27, 959000),)",2a3c600a
408641160,-778373107,3324,1:47:42.060000,"(datetime.datetime(2026, 9, 29, 17, 0, 28, 14000),)",2a3c600d
408639367,-778373655,3340,1:47:42.080000,"(datetime.datetime(2026, 9, 29, 17, 0, 28, 34000),)",2a3c600a
408641078,-778373149,3324,1:47:42.140000,"(datetime.datetime(2026, 9, 29, 17, 0, 28, 91000),)",2a3c600d
408639285,-778373683,3341,1:47:42.160000,"(datetime.datetime(2026, 9, 29, 17, 0, 28, 110000),)",2a3c600a
408640999,-778373191,3324,1:47:42.220000,"(datetime.datetime(2026, 9, 29, 17, 0, 28, 177000),)",2a3c600d
408639205,-778373706,3341,1:47:42.280000,"(datetime.datetime(2026, 9, 29, 17, 0, 28, 236000),)",2a3c600a
408640918,-778373232,3323,1:47:42.300000,"(datetime.datetime(2026, 9, 29, 17, 0, 28, 258000),)",2a3c600d
408639127,-778373732,3340,1:47:42.350000,"(datetime.datetime(2026, 9, 29, 17, 0, 28, 301000),)",2a3c600a
408640842,-778373277,3323,1:47:42.370000,"(datetime.datetime(2026, 9, 29, 17, 0, 28, 322000),)",2a3c600d
408639049,-778373757,3340,1:47:42.420000,"(datetime.datetime(2026, 9, 29, 17, 0, 28, 375000),)",2a3c600a
408640762,-778373313,3323,1:47:42.440000,"(datetime.datetime(2026, 9, 29, 17, 0, 28, 398000),)",2a3c600d
408638970,-778373778,3340,1:47:42.500000,"(datetime.datetime(2026, 9, 29, 17, 0, 28, 450000),)",2a3c600a
408640681,-778373353,3323,1:47:42.520000,"(datetime.datetime(2026, 9, 29, 17, 0, 28, 471000),)",2a3c600d
408638890,-778373798,3340,1:47:42.580000,"(datetime.datetime(2026, 9, 29, 17, 0, 28, 535000),)",2a3c600a
408640603,-778373392,3323,1:47:42.630000,"(datetime.datetime(2026, 9, 29, 17, 0, 28, 583000),)",2a3c600d
408638810,-778373821,3340,1:47:42.650000,"(datetime.datetime(2026, 9, 29, 17, 0, 28, 603000),)",2a3c600a
408640522,-778373429,3323,1:47:42.690000,"(datetime.datetime(2026, 9, 29, 17, 0, 28, 650000),)",2a3c600d
408638729,-778373841,3340,1:47:42.710000,"(datetime.datetime(2026, 9, 29, 17, 0, 28, 669000),)",2a3c600a
408640442,-778373468,3323,1:47:42.770000,"(datetime.datetime(2026, 9, 29, 17, 0, 28, 728000),)",2a3c600d
408638648,-778373860,3340,1:47:42.790000,"(datetime.datetime(2026, 9, 29, 17, 0, 28, 747000),)",2a3c600a
408640364,-778373505,3323,1:47:42.930000,"(datetime.datetime(2026, 9, 29, 17, 0, 28, 885000),)",2a3c600d
408638563,-778373882,3340,1:47:43.210000,"(datetime.datetime(2026, 9, 29, 17, 0, 29, 166000),)",2a3c600a
408640282,-778373537,3322,1:47:43.290000,"(datetime.datetime(2026, 9, 29, 17, 0, 29, 248000),)",2a3c600d
408638478,-778373900,3339,1:47:43.380000,"(datetime.datetime(2026, 9, 29, 17, 0, 29, 332000),)",2a3c600a
408640204,-778373573,3322,1:47:43.420000,"(datetime.datetime(2026, 9, 29, 17, 0, 29, 378000),)",2a3c600d
408638391,-778373921,3340,1:47:43.480000,"(datetime.datetime(2026, 9, 29, 17, 0, 29, 434000),)",2a3c600a
408640123,-778373605,3322,1:47:43.600000,"(datetime.datetime(2026, 9, 29, 17, 0, 29, 555000),)",2a3c600d
408638304,-778373939,3340,1:47:43.750000,"(datetime.datetime(2026, 9, 29, 17, 0, 29, 706000),)",2a3c600a
408640043,-778373644,3322,1:47:43.960000,"(datetime.datetime(2026, 9, 29, 17, 0, 29, 910000),)",2a3c600d
408638214,-778373960,3340,1:47:44.100000,"(datetime.datetime(2026, 9, 29, 17, 0, 30, 58000),)",2a3c600a
408639959,-778373674,3322,1:47:44.240000,"(datetime.datetime(2026, 9, 29, 17, 0, 30, 196000),)",2a3c600d
408638123,-778373979,3340,1:47:44.330000,"(datetime.datetime(2026, 9, 29, 17, 0, 30, 284000),)",2a3c600a
408639877,-778373707,3322,1:47:44.410000,"(datetime.datetime(2026, 9, 29, 17, 0, 30, 369000),)",2a3c600d
408638033,-778373997,3339,1:47:44.490000,"(datetime.datetime(2026, 9, 29, 17, 0, 30, 449000),)",2a3c600a
408639794,-778373741,3321,1:47:44.680000,"(datetime.datetime(2026, 9, 29, 17, 0, 30, 640000),)",2a3c600d
408637941,-778374015,3339,1:47:44.750000,"(datetime.datetime(2026, 9, 29, 17, 0, 30, 702000),)",2a3c600a
408639794,-778373741,3321,1:47:44.790000,"(datetime.datetime(2026, 9, 29, 17, 0, 30, 744000),)",2a3c600d
408637848,-778374031,3339,1:47:44.900000,"(datetime.datetime(2026, 9, 29, 17, 0, 30, 859000),)",2a3c600a
408639713,-778373775,3321,1:47:44.990000,"(datetime.datetime(2026, 9, 29, 17, 0, 30, 941000),)",2a3c600d
408637755,-778374049,3339,1:47:45.150000,"(datetime.datetime(2026, 9, 29, 17, 0, 31, 103000),)",2a3c600a
408639628,-778373802,3321,1:47:45.270000,"(datetime.datetime(2026, 9, 29, 17, 0, 31, 221000),)",2a3c600d
408637659,-778374065,3339,1:47:45.310000,"(datetime.datetime(2026, 9, 29, 17, 0, 31, 269000),)",2a3c600a
408639542,-778373832,3322,1:47:45.420000,"(datetime.datetime(2026, 9, 29, 17, 0, 31, 372000),)",2a3c600d
408637562,-778374081,3339,1:47:45.520000,"(datetime.datetime(2026, 9, 29, 17, 0, 31, 471000),)",2a3c600a
408639456,-778373863,3321,1:47:45.640000,"(datetime.datetime(2026, 9, 29, 17, 0, 31, 592000),)",2a3c600d
408637459,-778374098,3339,1:47:45.670000,"(datetime.datetime(2026, 9, 29, 17, 0, 31, 625000),)",2a3c600a
408639371,-778373890,3321,1:47:45.740000,"(datetime.datetime(2026, 9, 29, 17, 0, 31, 692000),)",2a3c600d
408637362,-778374113,3339,1:47:45.760000,"(datetime.datetime(2026, 9, 29, 17, 0, 31, 711000),)",2a3c600a
408639285,-778373914,3321,1:47:45.800000,"(datetime.datetime(2026, 9, 29, 17, 0, 31, 758000),)",2a3c600d
408637260,-778374125,3339,1:47:45.830000,"(datetime.datetime(2026, 9, 29, 17, 0, 31, 787000),)",2a3c600a
408639200,-778373945,3321,1:47:45.880000,"(datetime.datetime(2026, 9, 29, 17, 0, 31, 834000),)",2a3c600d
408637157,-778374139,3339,1:47:45.900000,"(datetime.datetime(2026, 9, 29, 17, 0, 31, 853000),)",2a3c600a
408639113,-778373970,3321,1:47:45.950000,"(datetime.datetime(2026, 9, 29, 17, 0, 31, 907000),)",2a3c600d
408637049,-778374154,3339,1:47:45.980000,"(datetime.datetime(2026, 9, 29, 17, 0, 31, 933000),)",2a3c600a
408639025,-778373995,3321,1:47:46.040000,"(datetime.datetime(2026, 9, 29, 17, 0, 31, 993000),)",2a3c600d
408636946,-778374168,3338,1:47:46.060000,"(datetime.datetime(2026, 9, 29, 17, 0, 32, 12000),)",2a3c600a
408638936,-778374022,3321,1:47:46.110000,"(datetime.datetime(2026, 9, 29, 17, 0, 32, 64000),)",2a3c600d
408636835,-778374178,3339,1:47:46.130000,"(datetime.datetime(2026, 9, 29, 17, 0, 32, 83000),)",2a3c600a
408638846,-778374046,3321,1:47:46.190000,"(datetime.datetime(2026, 9, 29, 17, 0, 32, 145000),)",2a3c600d
408636728,-778374189,3339,1:47:46.210000,"(datetime.datetime(2026, 9, 29, 17, 0, 32, 167000),)",2a3c600a
408638753,-778374069,3321,1:47:46.260000,"(datetime.datetime(2026, 9, 29, 17, 0, 32, 220000),)",2a3c600d
408636613,-778374199,3339,1:47:46.280000,"(datetime.datetime(2026, 9, 29, 17, 0, 32, 239000),)",2a3c600a
408638662,-778374094,3321,1:47:46.350000,"(datetime.datetime(2026, 9, 29, 17, 0, 32, 300000),)",2a3c600d
408636506,-778374211,3338,1:47:46.360000,"(datetime.datetime(2026, 9, 29, 17, 0, 32, 320000),)",2a3c600a
408638569,-778374112,3320,1:47:46.420000,"(datetime.datetime(2026, 9, 29, 17, 0, 32, 378000),)",2a3c600d
408636394,-778374220,3338,1:47:46.440000,"(datetime.datetime(2026, 9, 29, 17, 0, 32, 397000),)",2a3c600a
408638474,-778374135,3320,1:47:46.490000,"(datetime.datetime(2026, 9, 29, 17, 0, 32, 445000),)",2a3c600d
408636281,-778374228,3338,1:47:46.510000,"(datetime.datetime(2026, 9, 29, 17, 0, 32, 464000),)",2a3c600a
408638380,-778374152,3320,1:47:46.570000,"(datetime.datetime(2026, 9, 29, 17, 0, 32, 529000),)",2a3c600d
408636173,-778374235,3338,1:47:46.630000,"(datetime.datetime(2026, 9, 29, 17, 0, 32, 583000),)",2a3c600a
408638284,-778374176,3320,1:47:46.650000,"(datetime.datetime(2026, 9, 29, 17, 0, 32, 603000),)",2a3c600d
408636051,-778374239,3338,1:47:46.670000,"(datetime.datetime(2026, 9, 29, 17, 0, 32, 622000),)",2a3c600a
408638187,-778374194,3320,1:47:46.730000,"(datetime.datetime(2026, 9, 29, 17, 0, 32, 684000),)",2a3c600d
408635934,-778374245,3337,1:47:46.780000,"(datetime.datetime(2026, 9, 29, 17, 0, 32, 735000),)",2a3c600a
408638087,-778374211,3319,1:47:46.800000,"(datetime.datetime(2026, 9, 29, 17, 0, 32, 757000),)",2a3c600d
408635813,-778374250,3338,1:47:46.850000,"(datetime.datetime(2026, 9, 29, 17, 0, 32, 806000),)",2a3c600a
408637988,-778374224,3319,1:47:46.870000,"(datetime.datetime(2026, 9, 29, 17, 0, 32, 826000),)",2a3c600d
408635694,-778374252,3337,1:47:46.930000,"(datetime.datetime(2026, 9, 29, 17, 0, 32, 882000),)",2a3c600a
408637888,-778374242,3319,1:47:46.950000,"(datetime.datetime(2026, 9, 29, 17, 0, 32, 901000),)",2a3c600d
408635572,-778374254,3337,1:47:47,"(datetime.datetime(2026, 9, 29, 17, 0, 32, 956000),)",2a3c600a
408637785,-778374261,3319,1:47:47.020000,"(datetime.datetime(2026, 9, 29, 17, 0, 32, 976000),)",2a3c600d
408635450,-778374253,3337,1:47:47.080000,"(datetime.datetime(2026, 9, 29, 17, 0, 33, 35000),)",2a3c600a
408637682,-778374276,3319,1:47:47.100000,"(datetime.datetime(2026, 9, 29, 17, 0, 33, 55000),)",2a3c600d
408635328,-778374252,3337,1:47:47.150000,"(datetime.datetime(2026, 9, 29, 17, 0, 33, 107000),)",2a3c600a
408637578,-778374290,3319,1:47:47.170000,"(datetime.datetime(2026, 9, 29, 17, 0, 33, 128000),)",2a3c600d
408635203,-778374250,3337,1:47:47.230000,"(datetime.datetime(2026, 9, 29, 17, 0, 33, 186000),)",2a3c600a
408637475,-778374306,3318,1:47:47.260000,"(datetime.datetime(2026, 9, 29, 17, 0, 33, 211000),)",2a3c600d
408635203,-778374250,3337,1:47:47.300000,"(datetime.datetime(2026, 9, 29, 17, 0, 33, 258000),)",2a3c600a
408637366,-778374321,3318,1:47:47.320000,"(datetime.datetime(2026, 9, 29, 17, 0, 33, 276000),)",2a3c600d
408635077,-778374245,3337,1:47:47.380000,"(datetime.datetime(2026, 9, 29, 17, 0, 33, 335000),)",2a3c600a
408637263,-778374338,3318,1:47:47.400000,"(datetime.datetime(2026, 9, 29, 17, 0, 33, 353000),)",2a3c600d
408634953,-778374245,3337,1:47:47.460000,"(datetime.datetime(2026, 9, 29, 17, 0, 33, 411000),)",2a3c600a
408637154,-778374349,3318,1:47:47.480000,"(datetime.datetime(2026, 9, 29, 17, 0, 33, 440000),)",2a3c600d
408634822,-778374235,3337,1:47:47.540000,"(datetime.datetime(2026, 9, 29, 17, 0, 33, 492000),)",2a3c600a
408637042,-778374359,3318,1:47:47.560000,"(datetime.datetime(2026, 9, 29, 17, 0, 33, 515000),)",2a3c600d
408634692,-778374228,3337,1:47:47.630000,"(datetime.datetime(2026, 9, 29, 17, 0, 33, 582000),)",2a3c600a
408636931,-778374372,3318,1:47:47.670000,"(datetime.datetime(2026, 9, 29, 17, 0, 33, 630000),)",2a3c600d
408634565,-778374218,3336,1:47:47.690000,"(datetime.datetime(2026, 9, 29, 17, 0, 33, 649000),)",2a3c600a
408636817,-778374383,3318,1:47:47.750000,"(datetime.datetime(2026, 9, 29, 17, 0, 33, 702000),)",2a3c600d
408634434,-778374207,3336,1:47:47.770000,"(datetime.datetime(2026, 9, 29, 17, 0, 33, 723000),)",2a3c600a
408636702,-778374394,3318,1:47:47.830000,"(datetime.datetime(2026, 9, 29, 17, 0, 33, 782000),)",2a3c600d
408634304,-778374195,3336,1:47:47.850000,"(datetime.datetime(2026, 9, 29, 17, 0, 33, 802000),)",2a3c600a
408636589,-778374403,3317,1:47:47.910000,"(datetime.datetime(2026, 9, 29, 17, 0, 33, 868000),)",2a3c600d
408634174,-778374179,3336,1:47:47.930000,"(datetime.datetime(2026, 9, 29, 17, 0, 33, 889000),)",2a3c600a
408636472,-778374411,3317,1:47:47.990000,"(datetime.datetime(2026, 9, 29, 17, 0, 33, 948000),)",2a3c600d
408634044,-778374163,3335,1:47:48.050000,"(datetime.datetime(2026, 9, 29, 17, 0, 34, 1000),)",2a3c600a
408636356,-778374421,3317,1:47:48.120000,"(datetime.datetime(2026, 9, 29, 17, 0, 34, 71000),)",2a3c600d
408633911,-778374145,3336,1:47:48.140000,"(datetime.datetime(2026, 9, 29, 17, 0, 34, 94000),)",2a3c600a
408636237,-778374429,3317,1:47:48.180000,"(datetime.datetime(2026, 9, 29, 17, 0, 34, 131000),)",2a3c600d
408633780,-778374125,3335,1:47:48.200000,"(datetime.datetime(2026, 9, 29, 17, 0, 34, 151000),)",2a3c600a
408636122,-778374437,3317,1:47:48.250000,"(datetime.datetime(2026, 9, 29, 17, 0, 34, 202000),)",2a3c600d
408633649,-778374109,3336,1:47:48.270000,"(datetime.datetime(2026, 9, 29, 17, 0, 34, 221000),)",2a3c600a
408636000,-778374442,3317,1:47:48.320000,"(datetime.datetime(2026, 9, 29, 17, 0, 34, 274000),)",2a3c600d
408633517,-778374081,3335,1:47:48.340000,"(datetime.datetime(2026, 9, 29, 17, 0, 34, 294000),)",2a3c600a
408635875,-778374445,3317,1:47:48.400000,"(datetime.datetime(2026, 9, 29, 17, 0, 34, 353000),)",2a3c600d
408633384,-778374060,3335,1:47:48.420000,"(datetime.datetime(2026, 9, 29, 17, 0, 34, 372000),)",2a3c600a
408635752,-778374449,3317,1:47:48.470000,"(datetime.datetime(2026, 9, 29, 17, 0, 34, 428000),)",2a3c600d
408633251,-778374034,3335,1:47:48.490000,"(datetime.datetime(2026, 9, 29, 17, 0, 34, 448000),)",2a3c600a
408635628,-778374452,3316,1:47:48.550000,"(datetime.datetime(2026, 9, 29, 17, 0, 34, 503000),)",2a3c600d
408633119,-778374005,3334,1:47:48.570000,"(datetime.datetime(2026, 9, 29, 17, 0, 34, 523000),)",2a3c600a
408635504,-778374453,3316,1:47:48.630000,"(datetime.datetime(2026, 9, 29, 17, 0, 34, 583000),)",2a3c600d
408632984,-778373977,3335,1:47:48.690000,"(datetime.datetime(2026, 9, 29, 17, 0, 34, 640000),)",2a3c600a
408635379,-778374453,3316,1:47:48.710000,"(datetime.datetime(2026, 9, 29, 17, 0, 34, 661000),)",2a3c600d
408632852,-778373946,3334,1:47:48.750000,"(datetime.datetime(2026, 9, 29, 17, 0, 34, 702000),)",2a3c600a
408635254,-778374450,3316,1:47:48.770000,"(datetime.datetime(2026, 9, 29, 17, 0, 34, 721000),)",2a3c600d
408632719,-778373914,3334,1:47:48.830000,"(datetime.datetime(2026, 9, 29, 17, 0, 34, 787000),)",2a3c600a
408635125,-778374447,3316,1:47:48.860000,"(datetime.datetime(2026, 9, 29, 17, 0, 34, 810000),)",2a3c600d
408632584,-778373881,3334,1:47:48.910000,"(datetime.datetime(2026, 9, 29, 17, 0, 34, 866000),)",2a3c600a
408634997,-778374443,3316,1:47:48.930000,"(datetime.datetime(2026, 9, 29, 17, 0, 34, 889000),)",2a3c600d
408632448,-778373846,3334,1:47:48.980000,"(datetime.datetime(2026, 9, 29, 17, 0, 34, 933000),)",2a3c600a
408634871,-778374442,3316,1:47:49,"(datetime.datetime(2026, 9, 29, 17, 0, 34, 952000),)",2a3c600d
408632314,-778373815,3335,1:47:49.060000,"(datetime.datetime(2026, 9, 29, 17, 0, 35, 17000),)",2a3c600a
408634739,-778374432,3315,1:47:49.090000,"(datetime.datetime(2026, 9, 29, 17, 0, 35, 42000),)",2a3c600d
408632177,-778373770,3334,1:47:49.130000,"(datetime.datetime(2026, 9, 29, 17, 0, 35, 84000),)",2a3c600a
408634610,-778374423,3315,1:47:49.150000,"(datetime.datetime(2026, 9, 29, 17, 0, 35, 103000),)",2a3c600d
408632043,-778373728,3334,1:47:49.210000,"(datetime.datetime(2026, 9, 29, 17, 0, 35, 161000),)",2a3c600a
408634480,-778374412,3315,1:47:49.230000,"(datetime.datetime(2026, 9, 29, 17, 0, 35, 181000),)",2a3c600d
408631909,-778373686,3334,1:47:49.280000,"(datetime.datetime(2026, 9, 29, 17, 0, 35, 236000),)",2a3c600a
408634349,-778374401,3315,1:47:49.300000,"(datetime.datetime(2026, 9, 29, 17, 0, 35, 254000),)",2a3c600d
408631775,-778373642,3333,1:47:49.360000,"(datetime.datetime(2026, 9, 29, 17, 0, 35, 313000),)",2a3c600a
408634218,-778374388,3315,1:47:49.380000,"(datetime.datetime(2026, 9, 29, 17, 0, 35, 332000),)",2a3c600d
408631640,-778373594,3333,1:47:49.440000,"(datetime.datetime(2026, 9, 29, 17, 0, 35, 394000),)",2a3c600a
408634088,-778374371,3315,1:47:49.460000,"(datetime.datetime(2026, 9, 29, 17, 0, 35, 415000),)",2a3c600d
408631506,-778373546,3333,1:47:49.530000,"(datetime.datetime(2026, 9, 29, 17, 0, 35, 481000),)",2a3c600a
408633957,-778374354,3314,1:47:49.550000,"(datetime.datetime(2026, 9, 29, 17, 0, 35, 501000),)",2a3c600d
408631373,-778373499,3333,1:47:49.630000,"(datetime.datetime(2026, 9, 29, 17, 0, 35, 582000),)",2a3c600a
408633825,-778374336,3314,1:47:49.680000,"(datetime.datetime(2026, 9, 29, 17, 0, 35, 639000),)",2a3c600d
408631241,-778373446,3333,1:47:49.700000,"(datetime.datetime(2026, 9, 29, 17, 0, 35, 659000),)",2a3c600a
408633696,-778374315,3314,1:47:49.760000,"(datetime.datetime(2026, 9, 29, 17, 0, 35, 717000),)",2a3c600d
408631110,-778373394,3333,1:47:49.790000,"(datetime.datetime(2026, 9, 29, 17, 0, 35, 742000),)",2a3c600a
408633568,-778374303,3314,1:47:49.840000,"(datetime.datetime(2026, 9, 29, 17, 0, 35, 797000),)",2a3c600d
408630974,-778373348,3333,1:47:49.860000,"(datetime.datetime(2026, 9, 29, 17, 0, 35, 817000),)",2a3c600a
408633435,-778374273,3314,1:47:49.910000,"(datetime.datetime(2026, 9, 29, 17, 0, 35, 870000),)",2a3c600d
408630842,-778373286,3333,1:47:49.930000,"(datetime.datetime(2026, 9, 29, 17, 0, 35, 890000),)",2a3c600a
408633301,-778374245,3314,1:47:50,"(datetime.datetime(2026, 9, 29, 17, 0, 35, 955000),)",2a3c600d
408630711,-778373228,3332,1:47:50.050000,"(datetime.datetime(2026, 9, 29, 17, 0, 36, 2000),)",2a3c600a
408633168,-778374219,3313,1:47:50.070000,"(datetime.datetime(2026, 9, 29, 17, 0, 36, 23000),)",2a3c600d
408630578,-778373170,3333,1:47:50.120000,"(datetime.datetime(2026, 9, 29, 17, 0, 36, 80000),)",2a3c600a
408633036,-778374188,3313,1:47:50.140000,"(datetime.datetime(2026, 9, 29, 17, 0, 36, 100000),)",2a3c600d
408630448,-778373109,3333,1:47:50.210000,"(datetime.datetime(2026, 9, 29, 17, 0, 36, 164000),)",2a3c600a
408632903,-778374157,3313,1:47:50.270000,"(datetime.datetime(2026, 9, 29, 17, 0, 36, 222000),)",2a3c600d
408630316,-778373046,3332,1:47:50.320000,"(datetime.datetime(2026, 9, 29, 17, 0, 36, 276000),)",2a3c600a
408632771,-778374123,3313,1:47:50.340000,"(datetime.datetime(2026, 9, 29, 17, 0, 36, 296000),)",2a3c600d
408630186,-778372982,3332,1:47:50.400000,"(datetime.datetime(2026, 9, 29, 17, 0, 36, 358000),)",2a3c600a
408632639,-778374089,3313,1:47:50.420000,"(datetime.datetime(2026, 9, 29, 17, 0, 36, 379000),)",2a3c600d
408630057,-778372914,3332,1:47:50.470000,"(datetime.datetime(2026, 9, 29, 17, 0, 36, 430000),)",2a3c600a
408632505,-778374056,3313,1:47:50.500000,"(datetime.datetime(2026, 9, 29, 17, 0, 36, 451000),)",2a3c600d
408629929,-778372848,3332,1:47:50.560000,"(datetime.datetime(2026, 9, 29, 17, 0, 36, 514000),)",2a3c600a
408632372,-778374020,3313,1:47:50.630000,"(datetime.datetime(2026, 9, 29, 17, 0, 36, 582000),)",2a3c600d
408629799,-778372778,3332,1:47:50.670000,"(datetime.datetime(2026, 9, 29, 17, 0, 36, 623000),)",2a3c600a
408632241,-778373995,3312,1:47:50.690000,"(datetime.datetime(2026, 9, 29, 17, 0, 36, 646000),)",2a3c600d
408629670,-778372716,3332,1:47:50.740000,"(datetime.datetime(2026, 9, 29, 17, 0, 36, 699000),)",2a3c600a
408632106,-778373952,3312,1:47:50.760000,"(datetime.datetime(2026, 9, 29, 17, 0, 36, 718000),)",2a3c600d
408629544,-778372637,3332,1:47:50.820000,"(datetime.datetime(2026, 9, 29, 17, 0, 36, 779000),)",2a3c600a
408631974,-778373912,3312,1:47:50.900000,"(datetime.datetime(2026, 9, 29, 17, 0, 36, 859000),)",2a3c600d
408629416,-778372564,3332,1:47:50.940000,"(datetime.datetime(2026, 9, 29, 17, 0, 36, 893000),)",2a3c600a
408629291,-778372489,3331,1:47:50.960000,"(datetime.datetime(2026, 9, 29, 17, 0, 36, 918000),)",2a3c600a
408631839,-778373871,3312,1:47:51.010000,"(datetime.datetime(2026, 9, 29, 17, 0, 36, 967000),)",2a3c600d
408631709,-778373828,3311,1:47:51.030000,"(datetime.datetime(2026, 9, 29, 17, 0, 36, 988000),)",2a3c600d
408629164,-778372411,3331,1:47:51.090000,"(datetime.datetime(2026, 9, 29, 17, 0, 37, 47000),)",2a3c600a
408631573,-778373782,3311,1:47:51.120000,"(datetime.datetime(2026, 9, 29, 17, 0, 37, 75000),)",2a3c600d
408629039,-778372334,3331,1:47:51.170000,"(datetime.datetime(2026, 9, 29, 17, 0, 37, 129000),)",2a3c600a
408631441,-778373734,3311,1:47:51.220000,"(datetime.datetime(2026, 9, 29, 17, 0, 37, 180000),)",2a3c600d
408628912,-778372253,3331,1:47:51.240000,"(datetime.datetime(2026, 9, 29, 17, 0, 37, 199000),)",2a3c600a
408631308,-778373686,3311,1:47:51.300000,"(datetime.datetime(2026, 9, 29, 17, 0, 37, 254000),)",2a3c600d
408628790,-778372171,3330,1:47:51.320000,"(datetime.datetime(2026, 9, 29, 17, 0, 37, 277000),)",2a3c600a
408631176,-778373636,3311,1:47:51.380000,"(datetime.datetime(2026, 9, 29, 17, 0, 37, 333000),)",2a3c600d
408628666,-778372088,3330,1:47:51.400000,"(datetime.datetime(2026, 9, 29, 17, 0, 37, 356000),)",2a3c600a
408631041,-778373582,3311,1:47:51.450000,"(datetime.datetime(2026, 9, 29, 17, 0, 37, 407000),)",2a3c600d
408628543,-778372002,3330,1:47:51.470000,"(datetime.datetime(2026, 9, 29, 17, 0, 37, 426000),)",2a3c600a
408630909,-778373538,3311,1:47:51.530000,"(datetime.datetime(2026, 9, 29, 17, 0, 37, 484000),)",2a3c600d
408628415,-778371924,3331,1:47:51.550000,"(datetime.datetime(2026, 9, 29, 17, 0, 37, 505000),)",2a3c600a
408630777,-778373476,3311,1:47:51.630000,"(datetime.datetime(2026, 9, 29, 17, 0, 37, 583000),)",2a3c600d
408628295,-778371832,3330,1:47:51.670000,"(datetime.datetime(2026, 9, 29, 17, 0, 37, 626000),)",2a3c600a
408630644,-778373418,3311,1:47:51.690000,"(datetime.datetime(2026, 9, 29, 17, 0, 37, 645000),)",2a3c600d
408628174,-778371744,3330,1:47:51.750000,"(datetime.datetime(2026, 9, 29, 17, 0, 37, 701000),)",2a3c600a
408628054,-778371652,3330,1:47:51.770000,"(datetime.datetime(2026, 9, 29, 17, 0, 37, 724000),)",2a3c600a
408630513,-778373357,3311,1:47:51.830000,"(datetime.datetime(2026, 9, 29, 17, 0, 37, 786000),)",2a3c600d
408630382,-778373296,3311,1:47:51.850000,"(datetime.datetime(2026, 9, 29, 17, 0, 37, 806000),)",2a3c600d
408627935,-778371560,3330,1:47:51.900000,"(datetime.datetime(2026, 9, 29, 17, 0, 37, 860000),)",2a3c600a
408630249,-778373233,3311,1:47:51.920000,"(datetime.datetime(2026, 9, 29, 17, 0, 37, 880000),)",2a3c600d
408627817,-778371468,3330,1:47:51.980000,"(datetime.datetime(2026, 9, 29, 17, 0, 37, 937000),)",2a3c600a
408630119,-778373165,3310,1:47:52,"(datetime.datetime(2026, 9, 29, 17, 0, 37, 957000),)",2a3c600d
408627699,-778371375,3330,1:47:52.060000,"(datetime.datetime(2026, 9, 29, 17, 0, 38, 12000),)",2a3c600a
408629988,-778373098,3310,1:47:52.080000,"(datetime.datetime(2026, 9, 29, 17, 0, 38, 30000),)",2a3c600d
408627579,-778371278,3330,1:47:52.130000,"(datetime.datetime(2026, 9, 29, 17, 0, 38, 85000),)",2a3c600a
408629854,-778373030,3310,1:47:52.150000,"(datetime.datetime(2026, 9, 29, 17, 0, 38, 106000),)",2a3c600d
408627464,-778371181,3330,1:47:52.200000,"(datetime.datetime(2026, 9, 29, 17, 0, 38, 159000),)",2a3c600a
408629724,-778372958,3310,1:47:52.220000,"(datetime.datetime(2026, 9, 29, 17, 0, 38, 179000),)",2a3c600d
408627346,-778371083,3330,1:47:52.290000,"(datetime.datetime(2026, 9, 29, 17, 0, 38, 243000),)",2a3c600a
408629594,-778372891,3310,1:47:52.340000,"(datetime.datetime(2026, 9, 29, 17, 0, 38, 296000),)",2a3c600d
408627227,-778370992,3330,1:47:52.400000,"(datetime.datetime(2026, 9, 29, 17, 0, 38, 358000),)",2a3c600a
408629463,-778372812,3310,1:47:52.450000,"(datetime.datetime(2026, 9, 29, 17, 0, 38, 405000),)",2a3c600d
408627115,-778370885,3330,1:47:52.470000,"(datetime.datetime(2026, 9, 29, 17, 0, 38, 424000),)",2a3c600a
408629331,-778372732,3310,1:47:52.530000,"(datetime.datetime(2026, 9, 29, 17, 0, 38, 482000),)",2a3c600d
408627001,-778370784,3329,1:47:52.560000,"(datetime.datetime(2026, 9, 29, 17, 0, 38, 512000),)",2a3c600a
408629202,-778372653,3310,1:47:52.630000,"(datetime.datetime(2026, 9, 29, 17, 0, 38, 582000),)",2a3c600d
408626886,-778370679,3329,1:47:52.660000,"(datetime.datetime(2026, 9, 29, 17, 0, 38, 620000),)",2a3c600a
408629072,-778372569,3310,1:47:52.680000,"(datetime.datetime(2026, 9, 29, 17, 0, 38, 639000),)",2a3c600d
408626773,-778370574,3329,1:47:52.750000,"(datetime.datetime(2026, 9, 29, 17, 0, 38, 706000),)",2a3c600a
408628945,-778372486,3309,1:47:52.770000,"(datetime.datetime(2026, 9, 29, 17, 0, 38, 726000),)",2a3c600d
408626662,-778370470,3330,1:47:52.830000,"(datetime.datetime(2026, 9, 29, 17, 0, 38, 784000),)",2a3c600a
408628815,-778372398,3309,1:47:52.850000,"(datetime.datetime(2026, 9, 29, 17, 0, 38, 804000),)",2a3c600d
408626551,-778370361,3329,1:47:52.900000,"(datetime.datetime(2026, 9, 29, 17, 0, 38, 859000),)",2a3c600a
408626440,-778370252,3329,1:47:52.920000,"(datetime.datetime(2026, 9, 29, 17, 0, 38, 878000),)",2a3c600a
408628689,-778372312,3309,1:47:52.980000,"(datetime.datetime(2026, 9, 29, 17, 0, 38, 936000),)",2a3c600d
408628559,-778372221,3309,1:47:53,"(datetime.datetime(2026, 9, 29, 17, 0, 38, 958000),)",2a3c600d
408626329,-778370141,3330,1:47:53.060000,"(datetime.datetime(2026, 9, 29, 17, 0, 39, 13000),)",2a3c600a
408628431,-778372130,3308,1:47:53.080000,"(datetime.datetime(2026, 9, 29, 17, 0, 39, 34000),)",2a3c600d
408626220,-778370029,3329,1:47:53.140000,"(datetime.datetime(2026, 9, 29, 17, 0, 39, 99000),)",2a3c600a
408628303,-778372048,3309,1:47:53.160000,"(datetime.datetime(2026, 9, 29, 17, 0, 39, 118000),)",2a3c600d
408626108,-778369923,3330,1:47:53.220000,"(datetime.datetime(2026, 9, 29, 17, 0, 39, 172000),)",2a3c600a
408628177,-778371945,3308,1:47:53.240000,"(datetime.datetime(2026, 9, 29, 17, 0, 39, 192000),)",2a3c600d
408626001,-778369803,3330,1:47:53.290000,"(datetime.datetime(2026, 9, 29, 17, 0, 39, 246000),)",2a3c600a
408628053,-778371852,3308,1:47:53.310000,"(datetime.datetime(2026, 9, 29, 17, 0, 39, 266000),)",2a3c600d
408625894,-778369687,3330,1:47:53.370000,"(datetime.datetime(2026, 9, 29, 17, 0, 39, 325000),)",2a3c600a
408627925,-778371750,3308,1:47:53.390000,"(datetime.datetime(2026, 9, 29, 17, 0, 39, 344000),)",2a3c600d
408625786,-778369569,3330,1:47:53.450000,"(datetime.datetime(2026, 9, 29, 17, 0, 39, 405000),)",2a3c600a
408627800,-778371651,3308,1:47:53.470000,"(datetime.datetime(2026, 9, 29, 17, 0, 39, 426000),)",2a3c600d
408625681,-778369452,3330,1:47:53.520000,"(datetime.datetime(2026, 9, 29, 17, 0, 39, 479000),)",2a3c600a
408627676,-778371552,3308,1:47:53.540000,"(datetime.datetime(2026, 9, 29, 17, 0, 39, 499000),)",2a3c600d
408625574,-778369329,3330,1:47:53.630000,"(datetime.datetime(2026, 9, 29, 17, 0, 39, 582000),)",2a3c600a
408627551,-778371449,3308,1:47:53.670000,"(datetime.datetime(2026, 9, 29, 17, 0, 39, 626000),)",2a3c600d
408625474,-778369208,3330,1:47:53.690000,"(datetime.datetime(2026, 9, 29, 17, 0, 39, 646000),)",2a3c600a
408627427,-778371344,3309,1:47:53.750000,"(datetime.datetime(2026, 9, 29, 17, 0, 39, 704000),)",2a3c600d
408625368,-778369084,3330,1:47:53.780000,"(datetime.datetime(2026, 9, 29, 17, 0, 39, 734000),)",2a3c600a
408627305,-778371236,3308,1:47:53.830000,"(datetime.datetime(2026, 9, 29, 17, 0, 39, 784000),)",2a3c600d
408625268,-778368958,3330,1:47:53.850000,"(datetime.datetime(2026, 9, 29, 17, 0, 39, 809000),)",2a3c600a
408627183,-778371131,3308,1:47:53.900000,"(datetime.datetime(2026, 9, 29, 17, 0, 39, 860000),)",2a3c600d
408625165,-778368831,3330,1:47:53.930000,"(datetime.datetime(2026, 9, 29, 17, 0, 39, 880000),)",2a3c600a
408625058,-778368709,3330,1:47:53.980000,"(datetime.datetime(2026, 9, 29, 17, 0, 39, 938000),)",2a3c600a
408627057,-778371032,3308,1:47:54,"(datetime.datetime(2026, 9, 29, 17, 0, 39, 957000),)",2a3c600d
408624961,-778368576,3330,1:47:54.060000,"(datetime.datetime(2026, 9, 29, 17, 0, 40, 19000),)",2a3c600a
408626934,-778370919,3308,1:47:54.080000,"(datetime.datetime(2026, 9, 29, 17, 0, 40, 37000),)",2a3c600d
408624864,-778368444,3330,1:47:54.140000,"(datetime.datetime(2026, 9, 29, 17, 0, 40, 95000),)",2a3c600a
408626815,-778370807,3308,1:47:54.190000,"(datetime.datetime(2026, 9, 29, 17, 0, 40, 148000),)",2a3c600d
408624767,-778368310,3330,1:47:54.210000,"(datetime.datetime(2026, 9, 29, 17, 0, 40, 168000),)",2a3c600a
408626695,-778370694,3308,1:47:54.270000,"(datetime.datetime(2026, 9, 29, 17, 0, 40, 228000),)",2a3c600d
408624670,-778368179,3330,1:47:54.290000,"(datetime.datetime(2026, 9, 29, 17, 0, 40, 248000),)",2a3c600a
408626576,-778370576,3308,1:47:54.350000,"(datetime.datetime(2026, 9, 29, 17, 0, 40, 305000),)",2a3c600d
408624574,-778368043,3330,1:47:54.370000,"(datetime.datetime(2026, 9, 29, 17, 0, 40, 330000),)",2a3c600a
408626458,-778370456,3308,1:47:54.420000,"(datetime.datetime(2026, 9, 29, 17, 0, 40, 379000),)",2a3c600d
408624480,-778367908,3330,1:47:54.440000,"(datetime.datetime(2026, 9, 29, 17, 0, 40, 399000),)",2a3c600a
408626341,-778370338,3309,1:47:54.510000,"(datetime.datetime(2026, 9, 29, 17, 0, 40, 469000),)",2a3c600d
408624385,-778367768,3331,1:47:54.540000,"(datetime.datetime(2026, 9, 29, 17, 0, 40, 491000),)",2a3c600a
408626226,-778370216,3308,1:47:54.640000,"(datetime.datetime(2026, 9, 29, 17, 0, 40, 592000),)",2a3c600d
408624292,-778367628,3331,1:47:54.660000,"(datetime.datetime(2026, 9, 29, 17, 0, 40, 614000),)",2a3c600a
408626110,-778370093,3308,1:47:54.710000,"(datetime.datetime(2026, 9, 29, 17, 0, 40, 667000),)",2a3c600d
408624199,-778367491,3331,1:47:54.730000,"(datetime.datetime(2026, 9, 29, 17, 0, 40, 686000),)",2a3c600a
408625995,-778369967,3308,1:47:54.790000,"(datetime.datetime(2026, 9, 29, 17, 0, 40, 747000),)",2a3c600d
408624102,-778367355,3331,1:47:54.810000,"(datetime.datetime(2026, 9, 29, 17, 0, 40, 768000),)",2a3c600a
408625876,-778369849,3308,1:47:54.870000,"(datetime.datetime(2026, 9, 29, 17, 0, 40, 827000),)",2a3c600d
408624014,-778367206,3331,1:47:54.890000,"(datetime.datetime(2026, 9, 29, 17, 0, 40, 846000),)",2a3c600a
408625766,-778369717,3307,1:47:54.950000,"(datetime.datetime(2026, 9, 29, 17, 0, 40, 901000),)",2a3c600d
408623926,-778367063,3331,1:47:54.970000,"(datetime.datetime(2026, 9, 29, 17, 0, 40, 921000),)",2a3c600a
408625655,-778369586,3307,1:47:55.030000,"(datetime.datetime(2026, 9, 29, 17, 0, 40, 983000),)",2a3c600d
408623837,-778366918,3331,1:47:55.090000,"(datetime.datetime(2026, 9, 29, 17, 0, 41, 45000),)",2a3c600a
408625543,-778369454,3307,1:47:55.110000,"(datetime.datetime(2026, 9, 29, 17, 0, 41, 65000),)",2a3c600d
408623750,-778366771,3331,1:47:55.160000,"(datetime.datetime(2026, 9, 29, 17, 0, 41, 119000),)",2a3c600a
408625436,-778369321,3308,1:47:55.180000,"(datetime.datetime(2026, 9, 29, 17, 0, 41, 139000),)",2a3c600d
408623666,-778366626,3330,1:47:55.250000,"(datetime.datetime(2026, 9, 29, 17, 0, 41, 207000),)",2a3c600a
408625325,-778369187,3308,1:47:55.270000,"(datetime.datetime(2026, 9, 29, 17, 0, 41, 229000),)",2a3c600d
408623579,-778366474,3331,1:47:55.330000,"(datetime.datetime(2026, 9, 29, 17, 0, 41, 288000),)",2a3c600a
408625217,-778369052,3308,1:47:55.350000,"(datetime.datetime(2026, 9, 29, 17, 0, 41, 308000),)",2a3c600d
408623496,-778366324,3331,1:47:55.400000,"(datetime.datetime(2026, 9, 29, 17, 0, 41, 360000),)",2a3c600a
408625108,-778368918,3308,1:47:55.430000,"(datetime.datetime(2026, 9, 29, 17, 0, 41, 383000),)",2a3c600d
408623411,-778366172,3331,1:47:55.490000,"(datetime.datetime(2026, 9, 29, 17, 0, 41, 442000),)",2a3c600a
408625002,-778368781,3308,1:47:55.510000,"(datetime.datetime(2026, 9, 29, 17, 0, 41, 463000),)",2a3c600d
408623328,-778366019,3331,1:47:55.570000,"(datetime.datetime(2026, 9, 29, 17, 0, 41, 524000),)",2a3c600a
408624895,-778368644,3308,1:47:55.590000,"(datetime.datetime(2026, 9, 29, 17, 0, 41, 544000),)",2a3c600d
408623244,-778365871,3331,1:47:55.650000,"(datetime.datetime(2026, 9, 29, 17, 0, 41, 601000),)",2a3c600a
408624787,-778368516,3308,1:47:55.670000,"(datetime.datetime(2026, 9, 29, 17, 0, 41, 623000),)",2a3c600d
408623168,-778365712,3331,1:47:55.720000,"(datetime.datetime(2026, 9, 29, 17, 0, 41, 679000),)",2a3c600a
408624687,-778368376,3308,1:47:55.790000,"(datetime.datetime(2026, 9, 29, 17, 0, 41, 748000),)",2a3c600d
408623092,-778365553,3331,1:47:55.810000,"(datetime.datetime(2026, 9, 29, 17, 0, 41, 768000),)",2a3c600a
408624585,-778368235,3308,1:47:55.860000,"(datetime.datetime(2026, 9, 29, 17, 0, 41, 811000),)",2a3c600d
408624485,-778368097,3308,1:47:55.880000,"(datetime.datetime(2026, 9, 29, 17, 0, 41, 832000),)",2a3c600d
408623013,-778365397,3331,1:47:55.940000,"(datetime.datetime(2026, 9, 29, 17, 0, 41, 897000),)",2a3c600a
408622935,-778365239,3332,1:47:55.960000,"(datetime.datetime(2026, 9, 29, 17, 0, 41, 919000),)",2a3c600a
408624384,-778367950,3308,1:47:56.020000,"(datetime.datetime(2026, 9, 29, 17, 0, 41, 975000),)",2a3c600d
408624289,-778367808,3308,1:47:56.070000,"(datetime.datetime(2026, 9, 29, 17, 0, 42, 26000),)",2a3c600d
408622861,-778365079,3331,1:47:56.090000,"(datetime.datetime(2026, 9, 29, 17, 0, 42, 45000),)",2a3c600a
408624192,-778367662,3308,1:47:56.150000,"(datetime.datetime(2026, 9, 29, 17, 0, 42, 103000),)",2a3c600d
408622786,-778364920,3331,1:47:56.170000,"(datetime.datetime(2026, 9, 29, 17, 0, 42, 125000),)",2a3c600a
408624097,-778367520,3308,1:47:56.230000,"(datetime.datetime(2026, 9, 29, 17, 0, 42, 187000),)",2a3c600d
408622713,-778364760,3332,1:47:56.250000,"(datetime.datetime(2026, 9, 29, 17, 0, 42, 207000),)",2a3c600a
408624001,-778367371,3308,1:47:56.310000,"(datetime.datetime(2026, 9, 29, 17, 0, 42, 268000),)",2a3c600d
408622639,-778364596,3332,1:47:56.330000,"(datetime.datetime(2026, 9, 29, 17, 0, 42, 288000),)",2a3c600a
408623910,-778367225,3308,1:47:56.390000,"(datetime.datetime(2026, 9, 29, 17, 0, 42, 343000),)",2a3c600d
408622568,-778364432,3332,1:47:56.410000,"(datetime.datetime(2026, 9, 29, 17, 0, 42, 363000),)",2a3c600a
408623814,-778367084,3308,1:47:56.460000,"(datetime.datetime(2026, 9, 29, 17, 0, 42, 416000),)",2a3c600d
408622492,-778364277,3332,1:47:56.480000,"(datetime.datetime(2026, 9, 29, 17, 0, 42, 436000),)",2a3c600a
408623730,-778366933,3309,1:47:56.540000,"(datetime.datetime(2026, 9, 29, 17, 0, 42, 499000),)",2a3c600d
408622426,-778364106,3332,1:47:56.560000,"(datetime.datetime(2026, 9, 29, 17, 0, 42, 520000),)",2a3c600a
408623641,-778366780,3308,1:47:56.630000,"(datetime.datetime(2026, 9, 29, 17, 0, 42, 588000),)",2a3c600d
408622357,-778363940,3331,1:47:56.680000,"(datetime.datetime(2026, 9, 29, 17, 0, 42, 635000),)",2a3c600a
408623554,-778366631,3308,1:47:56.700000,"(datetime.datetime(2026, 9, 29, 17, 0, 42, 656000),)",2a3c600d
408622290,-778363775,3332,1:47:56.760000,"(datetime.datetime(2026, 9, 29, 17, 0, 42, 720000),)",2a3c600a
408623468,-778366478,3309,1:47:56.790000,"(datetime.datetime(2026, 9, 29, 17, 0, 42, 742000),)",2a3c600d
408622223,-778363607,3332,1:47:56.840000,"(datetime.datetime(2026, 9, 29, 17, 0, 42, 791000),)",2a3c600a
408623382,-778366325,3309,1:47:56.860000,"(datetime.datetime(2026, 9, 29, 17, 0, 42, 811000),)",2a3c600d
408622159,-778363439,3332,1:47:56.920000,"(datetime.datetime(2026, 9, 29, 17, 0, 42, 871000),)",2a3c600a
408623301,-778366173,3309,1:47:56.940000,"(datetime.datetime(2026, 9, 29, 17, 0, 42, 891000),)",2a3c600d
408622095,-778363269,3332,1:47:56.990000,"(datetime.datetime(2026, 9, 29, 17, 0, 42, 949000),)",2a3c600a
408623221,-778366019,3309,1:47:57.010000,"(datetime.datetime(2026, 9, 29, 17, 0, 42, 969000),)",2a3c600d
408622032,-778363098,3332,1:47:57.080000,"(datetime.datetime(2026, 9, 29, 17, 0, 43, 35000),)",2a3c600a
408623141,-778365863,3309,1:47:57.100000,"(datetime.datetime(2026, 9, 29, 17, 0, 43, 56000),)",2a3c600d
408621969,-778362923,3332,1:47:57.180000,"(datetime.datetime(2026, 9, 29, 17, 0, 43, 131000),)",2a3c600a
408623062,-778365712,3309,1:47:57.200000,"(datetime.datetime(2026, 9, 29, 17, 0, 43, 153000),)",2a3c600d
408621911,-778362752,3332,1:47:57.270000,"(datetime.datetime(2026, 9, 29, 17, 0, 43, 228000),)",2a3c600a
408622977,-778365559,3309,1:47:57.340000,"(datetime.datetime(2026, 9, 29, 17, 0, 43, 296000),)",2a3c600d
408621845,-778362582,3333,1:47:57.380000,"(datetime.datetime(2026, 9, 29, 17, 0, 43, 336000),)",2a3c600a
408622905,-778365400,3310,1:47:57.410000,"(datetime.datetime(2026, 9, 29, 17, 0, 43, 362000),)",2a3c600d
408621792,-778362404,3332,1:47:57.460000,"(datetime.datetime(2026, 9, 29, 17, 0, 43, 412000),)",2a3c600a
408622828,-778365245,3310,1:47:57.480000,"(datetime.datetime(2026, 9, 29, 17, 0, 43, 432000),)",2a3c600d
408621736,-778362229,3332,1:47:57.540000,"(datetime.datetime(2026, 9, 29, 17, 0, 43, 491000),)",2a3c600a
408622756,-778365088,3310,1:47:57.560000,"(datetime.datetime(2026, 9, 29, 17, 0, 43, 511000),)",2a3c600d
408621680,-778362051,3333,1:47:57.640000,"(datetime.datetime(2026, 9, 29, 17, 0, 43, 592000),)",2a3c600a
408622682,-778364927,3310,1:47:57.670000,"(datetime.datetime(2026, 9, 29, 17, 0, 43, 629000),)",2a3c600d
408621628,-778361875,3333,1:47:57.690000,"(datetime.datetime(2026, 9, 29, 17, 0, 43, 649000),)",2a3c600a
408622613,-778364770,3310,1:47:57.750000,"(datetime.datetime(2026, 9, 29, 17, 0, 43, 706000),)",2a3c600d
408621575,-778361696,3333,1:47:57.770000,"(datetime.datetime(2026, 9, 29, 17, 0, 43, 727000),)",2a3c600a
408622540,-778364610,3310,1:47:58.090000,"(datetime.datetime(2026, 9, 29, 17, 0, 44, 43000),)",2a3c600d
408621524,-778361515,3333,1:47:58.250000,"(datetime.datetime(2026, 9, 29, 17, 0, 44, 200000),)",2a3c600a
408622473,-778364450,3310,1:47:58.430000,"(datetime.datetime(2026, 9, 29, 17, 0, 44, 385000),)",2a3c600d
408621473,-778361336,3333,1:47:58.560000,"(datetime.datetime(2026, 9, 29, 17, 0, 44, 518000),)",2a3c600a
408622406,-778364290,3309,1:47:58.910000,"(datetime.datetime(2026, 9, 29, 17, 0, 44, 861000),)",2a3c600d
408621427,-778361154,3333,1:47:59.130000,"(datetime.datetime(2026, 9, 29, 17, 0, 45, 87000),)",2a3c600a
408622339,-778364131,3310,1:47:59.260000,"(datetime.datetime(2026, 9, 29, 17, 0, 45, 219000),)",2a3c600d
408621377,-778360969,3333,1:47:59.340000,"(datetime.datetime(2026, 9, 29, 17, 0, 45, 294000),)",2a3c600a
408622269,-778363974,3309,1:47:59.430000,"(datetime.datetime(2026, 9, 29, 17, 0, 45, 386000),)",2a3c600d
408621331,-778360793,3333,1:47:59.550000,"(datetime.datetime(2026, 9, 29, 17, 0, 45, 508000),)",2a3c600a
408622210,-778363809,3309,1:47:59.690000,"(datetime.datetime(2026, 9, 29, 17, 0, 45, 645000),)",2a3c600d
408621292,-778360605,3333,1:47:59.780000,"(datetime.datetime(2026, 9, 29, 17, 0, 45, 731000),)",2a3c600a
408622148,-778363645,3310,1:47:59.850000,"(datetime.datetime(2026, 9, 29, 17, 0, 45, 807000),)",2a3c600d
408621247,-778360423,3333,1:47:59.930000,"(datetime.datetime(2026, 9, 29, 17, 0, 45, 883000),)",2a3c600a
408622087,-778363481,3310,1:48:00.060000,"(datetime.datetime(2026, 9, 29, 17, 0, 46, 14000),)",2a3c600d
408621205,-778360238,3333,1:48:00.140000,"(datetime.datetime(2026, 9, 29, 17, 0, 46, 97000),)",2a3c600a
408622025,-778363315,3310,1:48:00.220000,"(datetime.datetime(2026, 9, 29, 17, 0, 46, 171000),)",2a3c600d
408621165,-778360053,3334,1:48:00.250000,"(datetime.datetime(2026, 9, 29, 17, 0, 46, 210000),)",2a3c600a
408621968,-778363149,3310,1:48:00.320000,"(datetime.datetime(2026, 9, 29, 17, 0, 46, 279000),)",2a3c600d
408621126,-778359866,3333,1:48:00.380000,"(datetime.datetime(2026, 9, 29, 17, 0, 46, 338000),)",2a3c600a
408621089,-778359678,3334,1:48:00.460000,"(datetime.datetime(2026, 9, 29, 17, 0, 46, 418000),)",2a3c600a
408621911,-778362985,3310,1:48:00.530000,"(datetime.datetime(2026, 9, 29, 17, 0, 46, 484000),)",2a3c600d
408621055,-778359493,3333,1:48:00.580000,"(datetime.datetime(2026, 9, 29, 17, 0, 46, 535000),)",2a3c600a
408621854,-778362815,3310,1:48:00.710000,"(datetime.datetime(2026, 9, 29, 17, 0, 46, 664000),)",2a3c600d
408621020,-778359305,3333,1:48:00.730000,"(datetime.datetime(2026, 9, 29, 17, 0, 46, 685000),)",2a3c600a
408621800,-778362649,3310,1:48:00.770000,"(datetime.datetime(2026, 9, 29, 17, 0, 46, 722000),)",2a3c600d
408620988,-778359113,3334,1:48:00.790000,"(datetime.datetime(2026, 9, 29, 17, 0, 46, 742000),)",2a3c600a
408621745,-778362479,3310,1:48:00.850000,"(datetime.datetime(2026, 9, 29, 17, 0, 46, 801000),)",2a3c600d
408620951,-778358925,3334,1:48:00.870000,"(datetime.datetime(2026, 9, 29, 17, 0, 46, 821000),)",2a3c600a
408621688,-778362315,3310,1:48:00.920000,"(datetime.datetime(2026, 9, 29, 17, 0, 46, 880000),)",2a3c600d
408620926,-778358733,3334,1:48:00.940000,"(datetime.datetime(2026, 9, 29, 17, 0, 46, 900000),)",2a3c600a
408621638,-778362144,3310,1:48:01,"(datetime.datetime(2026, 9, 29, 17, 0, 46, 956000),)",2a3c600d
408620898,-778358543,3334,1:48:01.020000,"(datetime.datetime(2026, 9, 29, 17, 0, 46, 975000),)",2a3c600a
408621590,-778361972,3310,1:48:01.080000,"(datetime.datetime(2026, 9, 29, 17, 0, 47, 33000),)",2a3c600d
408620870,-778358352,3334,1:48:01.100000,"(datetime.datetime(2026, 9, 29, 17, 0, 47, 52000),)",2a3c600a
408621541,-778361803,3311,1:48:01.150000,"(datetime.datetime(2026, 9, 29, 17, 0, 47, 107000),)",2a3c600d
408620846,-778358160,3334,1:48:01.170000,"(datetime.datetime(2026, 9, 29, 17, 0, 47, 127000),)",2a3c600a
408621491,-778361631,3310,1:48:01.230000,"(datetime.datetime(2026, 9, 29, 17, 0, 47, 184000),)",2a3c600d
408620822,-778357967,3334,1:48:01.250000,"(datetime.datetime(2026, 9, 29, 17, 0, 47, 204000),)",2a3c600a
408621445,-778361460,3310,1:48:01.310000,"(datetime.datetime(2026, 9, 29, 17, 0, 47, 262000),)",2a3c600d
408620801,-778357775,3334,1:48:01.330000,"(datetime.datetime(2026, 9, 29, 17, 0, 47, 282000),)",2a3c600a
408621398,-778361288,3311,1:48:01.380000,"(datetime.datetime(2026, 9, 29, 17, 0, 47, 337000),)",2a3c600d
408620781,-778357582,3334,1:48:01.400000,"(datetime.datetime(2026, 9, 29, 17, 0, 47, 358000),)",2a3c600a
408621354,-778361117,3311,1:48:01.460000,"(datetime.datetime(2026, 9, 29, 17, 0, 47, 412000),)",2a3c600d
408620763,-778357389,3334,1:48:01.480000,"(datetime.datetime(2026, 9, 29, 17, 0, 47, 433000),)",2a3c600a
408621312,-778360943,3311,1:48:01.540000,"(datetime.datetime(2026, 9, 29, 17, 0, 47, 498000),)",2a3c600d
408620746,-778357193,3334,1:48:01.560000,"(datetime.datetime(2026, 9, 29, 17, 0, 47, 519000),)",2a3c600a
408621270,-778360770,3311,1:48:01.620000,"(datetime.datetime(2026, 9, 29, 17, 0, 47, 578000),)",2a3c600d
408620725,-778357000,3334,1:48:01.650000,"(datetime.datetime(2026, 9, 29, 17, 0, 47, 601000),)",2a3c600a
408621226,-778360601,3310,1:48:01.700000,"(datetime.datetime(2026, 9, 29, 17, 0, 47, 659000),)",2a3c600d
408620714,-778356803,3334,1:48:01.720000,"(datetime.datetime(2026, 9, 29, 17, 0, 47, 679000),)",2a3c600a
408621189,-778360426,3311,1:48:01.790000,"(datetime.datetime(2026, 9, 29, 17, 0, 47, 742000),)",2a3c600d
408620702,-778356607,3334,1:48:01.840000,"(datetime.datetime(2026, 9, 29, 17, 0, 47, 794000),)",2a3c600a
408621149,-778360251,3311,1:48:01.860000,"(datetime.datetime(2026, 9, 29, 17, 0, 47, 815000),)",2a3c600d
408620690,-778356413,3334,1:48:01.910000,"(datetime.datetime(2026, 9, 29, 17, 0, 47, 869000),)",2a3c600a
408621111,-778360077,3311,1:48:01.930000,"(datetime.datetime(2026, 9, 29, 17, 0, 47, 890000),)",2a3c600d
408620681,-778356215,3335,1:48:01.990000,"(datetime.datetime(2026, 9, 29, 17, 0, 47, 945000),)",2a3c600a
408621075,-778359901,3311,1:48:02.010000,"(datetime.datetime(2026, 9, 29, 17, 0, 47, 966000),)",2a3c600d
408620672,-778356019,3334,1:48:02.070000,"(datetime.datetime(2026, 9, 29, 17, 0, 48, 23000),)",2a3c600a
408621041,-778359727,3311,1:48:02.090000,"(datetime.datetime(2026, 9, 29, 17, 0, 48, 47000),)",2a3c600d
408620665,-778355822,3335,1:48:02.150000,"(datetime.datetime(2026, 9, 29, 17, 0, 48, 106000),)",2a3c600a
408621007,-778359551,3311,1:48:02.180000,"(datetime.datetime(2026, 9, 29, 17, 0, 48, 138000),)",2a3c600d
408620661,-778355625,3334,1:48:02.230000,"(datetime.datetime(2026, 9, 29, 17, 0, 48, 189000),)",2a3c600a
408620976,-778359371,3311,1:48:02.260000,"(datetime.datetime(2026, 9, 29, 17, 0, 48, 211000),)",2a3c600d
408620658,-778355429,3335,1:48:02.310000,"(datetime.datetime(2026, 9, 29, 17, 0, 48, 266000),)",2a3c600a
408620945,-778359195,3311,1:48:02.330000,"(datetime.datetime(2026, 9, 29, 17, 0, 48, 288000),)",2a3c600d
408620656,-778355233,3334,1:48:02.390000,"(datetime.datetime(2026, 9, 29, 17, 0, 48, 348000),)",2a3c600a
408620914,-778359021,3311,1:48:02.410000,"(datetime.datetime(2026, 9, 29, 17, 0, 48, 369000),)",2a3c600d
408620652,-778355034,3335,1:48:02.470000,"(datetime.datetime(2026, 9, 29, 17, 0, 48, 430000),)",2a3c600a
408620883,-778358844,3311,1:48:02.500000,"(datetime.datetime(2026, 9, 29, 17, 0, 48, 451000),)",2a3c600d
408620659,-778354835,3335,1:48:02.560000,"(datetime.datetime(2026, 9, 29, 17, 0, 48, 512000),)",2a3c600a
408620860,-778358662,3311,1:48:02.580000,"(datetime.datetime(2026, 9, 29, 17, 0, 48, 532000),)",2a3c600d
408620661,-778354638,3335,1:48:02.630000,"(datetime.datetime(2026, 9, 29, 17, 0, 48, 588000),)",2a3c600a
408620834,-778358483,3311,1:48:02.650000,"(datetime.datetime(2026, 9, 29, 17, 0, 48, 609000),)",2a3c600d
408620667,-778354438,3335,1:48:02.720000,"(datetime.datetime(2026, 9, 29, 17, 0, 48, 676000),)",2a3c600a
408620810,-778358300,3311,1:48:02.740000,"(datetime.datetime(2026, 9, 29, 17, 0, 48, 696000),)",2a3c600d
408620676,-778354241,3335,1:48:02.810000,"(datetime.datetime(2026, 9, 29, 17, 0, 48, 763000),)",2a3c600a
408620788,-778358119,3311,1:48:02.830000,"(datetime.datetime(2026, 9, 29, 17, 0, 48, 785000),)",2a3c600d
408620685,-778354045,3335,1:48:02.890000,"(datetime.datetime(2026, 9, 29, 17, 0, 48, 845000),)",2a3c600a
408620769,-778357939,3311,1:48:02.910000,"(datetime.datetime(2026, 9, 29, 17, 0, 48, 866000),)",2a3c600d
408620695,-778353847,3335,1:48:02.970000,"(datetime.datetime(2026, 9, 29, 17, 0, 48, 922000),)",2a3c600a
408620749,-778357758,3311,1:48:02.990000,"(datetime.datetime(2026, 9, 29, 17, 0, 48, 943000),)",2a3c600d
408620708,-778353649,3335,1:48:03.040000,"(datetime.datetime(2026, 9, 29, 17, 0, 48, 998000),)",2a3c600a
408620730,-778357578,3311,1:48:03.060000,"(datetime.datetime(2026, 9, 29, 17, 0, 49, 18000),)",2a3c600d
408620723,-778353451,3335,1:48:03.130000,"(datetime.datetime(2026, 9, 29, 17, 0, 49, 85000),)",2a3c600a
408620712,-778357395,3311,1:48:03.160000,"(datetime.datetime(2026, 9, 29, 17, 0, 49, 112000),)",2a3c600d
408620738,-778353253,3335,1:48:03.210000,"(datetime.datetime(2026, 9, 29, 17, 0, 49, 167000),)",2a3c600a
408620696,-778357216,3311,1:48:03.230000,"(datetime.datetime(2026, 9, 29, 17, 0, 49, 189000),)",2a3c600d
408620750,-778353054,3335,1:48:03.290000,"(datetime.datetime(2026, 9, 29, 17, 0, 49, 243000),)",2a3c600a
408620676,-778357033,3311,1:48:03.310000,"(datetime.datetime(2026, 9, 29, 17, 0, 49, 262000),)",2a3c600d
408620774,-778352856,3335,1:48:03.360000,"(datetime.datetime(2026, 9, 29, 17, 0, 49, 318000),)",2a3c600a
408620667,-778356847,3311,1:48:03.380000,"(datetime.datetime(2026, 9, 29, 17, 0, 49, 338000),)",2a3c600d
408620795,-778352656,3335,1:48:03.450000,"(datetime.datetime(2026, 9, 29, 17, 0, 49, 403000),)",2a3c600a
408620656,-778356664,3311,1:48:03.490000,"(datetime.datetime(2026, 9, 29, 17, 0, 49, 450000),)",2a3c600d
408620820,-778352458,3335,1:48:03.520000,"(datetime.datetime(2026, 9, 29, 17, 0, 49, 474000),)",2a3c600a
408620646,-778356483,3312,1:48:03.570000,"(datetime.datetime(2026, 9, 29, 17, 0, 49, 526000),)",2a3c600d
408620843,-778352263,3335,1:48:03.590000,"(datetime.datetime(2026, 9, 29, 17, 0, 49, 548000),)",2a3c600a
408620638,-778356296,3312,1:48:03.650000,"(datetime.datetime(2026, 9, 29, 17, 0, 49, 603000),)",2a3c600d
408620869,-778352066,3335,1:48:03.670000,"(datetime.datetime(2026, 9, 29, 17, 0, 49, 623000),)",2a3c600a
408620634,-778356113,3312,1:48:03.720000,"(datetime.datetime(2026, 9, 29, 17, 0, 49, 678000),)",2a3c600d
408620896,-778351867,3335,1:48:03.740000,"(datetime.datetime(2026, 9, 29, 17, 0, 49, 699000),)",2a3c600a
408620632,-778355927,3312,1:48:03.810000,"(datetime.datetime(2026, 9, 29, 17, 0, 49, 765000),)",2a3c600d
408620925,-778351669,3335,1:48:03.830000,"(datetime.datetime(2026, 9, 29, 17, 0, 49, 785000),)",2a3c600a
408620629,-778355744,3311,1:48:03.890000,"(datetime.datetime(2026, 9, 29, 17, 0, 49, 841000),)",2a3c600d
408620955,-778351473,3335,1:48:03.910000,"(datetime.datetime(2026, 9, 29, 17, 0, 49, 861000),)",2a3c600a
408620631,-778355559,3312,1:48:03.960000,"(datetime.datetime(2026, 9, 29, 17, 0, 49, 917000),)",2a3c600d
408620988,-778351279,3335,1:48:03.980000,"(datetime.datetime(2026, 9, 29, 17, 0, 49, 937000),)",2a3c600a
408620631,-778355559,3312,1:48:04.040000,"(datetime.datetime(2026, 9, 29, 17, 0, 49, 999000),)",2a3c600d
408621015,-778351080,3335,1:48:04.070000,"(datetime.datetime(2026, 9, 29, 17, 0, 50, 21000),)",2a3c600a
408620632,-778355373,3311,1:48:04.120000,"(datetime.datetime(2026, 9, 29, 17, 0, 50, 72000),)",2a3c600d
408621054,-778350886,3335,1:48:04.140000,"(datetime.datetime(2026, 9, 29, 17, 0, 50, 93000),)",2a3c600a
408620626,-778355189,3311,1:48:04.200000,"(datetime.datetime(2026, 9, 29, 17, 0, 50, 155000),)",2a3c600d
408621090,-778350688,3335,1:48:04.220000,"(datetime.datetime(2026, 9, 29, 17, 0, 50, 179000),)",2a3c600a
408620633,-778355005,3312,1:48:04.280000,"(datetime.datetime(2026, 9, 29, 17, 0, 50, 233000),)",2a3c600d
408621128,-778350492,3335,1:48:04.300000,"(datetime.datetime(2026, 9, 29, 17, 0, 50, 255000),)",2a3c600a
408620637,-778354815,3312,1:48:04.370000,"(datetime.datetime(2026, 9, 29, 17, 0, 50, 320000),)",2a3c600d
408621170,-778350299,3335,1:48:04.390000,"(datetime.datetime(2026, 9, 29, 17, 0, 50, 342000),)",2a3c600a
408620644,-778354630,3311,1:48:04.440000,"(datetime.datetime(2026, 9, 29, 17, 0, 50, 398000),)",2a3c600d
408621210,-778350104,3335,1:48:04.460000,"(datetime.datetime(2026, 9, 29, 17, 0, 50, 419000),)",2a3c600a
408620650,-778354444,3312,1:48:04.520000,"(datetime.datetime(2026, 9, 29, 17, 0, 50, 475000),)",2a3c600d
408621254,-778349910,3335,1:48:04.540000,"(datetime.datetime(2026, 9, 29, 17, 0, 50, 498000),)",2a3c600a
408620659,-778354257,3312,1:48:04.610000,"(datetime.datetime(2026, 9, 29, 17, 0, 50, 564000),)",2a3c600d
408621298,-778349717,3335,1:48:04.630000,"(datetime.datetime(2026, 9, 29, 17, 0, 50, 583000),)",2a3c600a
408620669,-778354070,3311,1:48:04.680000,"(datetime.datetime(2026, 9, 29, 17, 0, 50, 633000),)",2a3c600d
408621343,-778349524,3335,1:48:04.700000,"(datetime.datetime(2026, 9, 29, 17, 0, 50, 653000),)",2a3c600a
408620681,-778353882,3312,1:48:04.760000,"(datetime.datetime(2026, 9, 29, 17, 0, 50, 715000),)",2a3c600d
408621392,-778349331,3335,1:48:04.780000,"(datetime.datetime(2026, 9, 29, 17, 0, 50, 736000),)",2a3c600a
408620693,-778353696,3311,1:48:04.840000,"(datetime.datetime(2026, 9, 29, 17, 0, 50, 790000),)",2a3c600d
408621436,-778349139,3335,1:48:04.860000,"(datetime.datetime(2026, 9, 29, 17, 0, 50, 811000),)",2a3c600a
408620708,-778353506,3312,1:48:04.920000,"(datetime.datetime(2026, 9, 29, 17, 0, 50, 874000),)",2a3c600d
408621493,-778348948,3335,1:48:04.940000,"(datetime.datetime(2026, 9, 29, 17, 0, 50, 896000),)",2a3c600a
408620720,-778353319,3311,1:48:05,"(datetime.datetime(2026, 9, 29, 17, 0, 50, 951000),)",2a3c600d
408621548,-778348755,3336,1:48:05.020000,"(datetime.datetime(2026, 9, 29, 17, 0, 50, 971000),)",2a3c600a
408620739,-778353126,3311,1:48:05.080000,"(datetime.datetime(2026, 9, 29, 17, 0, 51, 32000),)",2a3c600d
408621602,-778348564,3336,1:48:05.100000,"(datetime.datetime(2026, 9, 29, 17, 0, 51, 53000),)",2a3c600a
408620759,-778352937,3311,1:48:05.150000,"(datetime.datetime(2026, 9, 29, 17, 0, 51, 109000),)",2a3c600d
408621653,-778348376,3335,1:48:05.170000,"(datetime.datetime(2026, 9, 29, 17, 0, 51, 130000),)",2a3c600a
408620781,-778352747,3311,1:48:05.240000,"(datetime.datetime(2026, 9, 29, 17, 0, 51, 195000),)",2a3c600d
408621713,-778348187,3335,1:48:05.260000,"(datetime.datetime(2026, 9, 29, 17, 0, 51, 216000),)",2a3c600a
408620805,-778352560,3311,1:48:05.320000,"(datetime.datetime(2026, 9, 29, 17, 0, 51, 279000),)",2a3c600d
408621771,-778347997,3335,1:48:05.370000,"(datetime.datetime(2026, 9, 29, 17, 0, 51, 329000),)",2a3c600a
408620829,-778352368,3311,1:48:05.400000,"(datetime.datetime(2026, 9, 29, 17, 0, 51, 351000),)",2a3c600d
408621832,-778347809,3335,1:48:05.450000,"(datetime.datetime(2026, 9, 29, 17, 0, 51, 407000),)",2a3c600a
408620854,-778352178,3311,1:48:05.470000,"(datetime.datetime(2026, 9, 29, 17, 0, 51, 426000),)",2a3c600d
408621893,-778347622,3335,1:48:05.530000,"(datetime.datetime(2026, 9, 29, 17, 0, 51, 483000),)",2a3c600a
408620883,-778351988,3311,1:48:05.550000,"(datetime.datetime(2026, 9, 29, 17, 0, 51, 504000),)",2a3c600d
408621960,-778347434,3335,1:48:05.610000,"(datetime.datetime(2026, 9, 29, 17, 0, 51, 568000),)",2a3c600a
408620910,-778351796,3311,1:48:05.630000,"(datetime.datetime(2026, 9, 29, 17, 0, 51, 588000),)",2a3c600d
408622020,-778347248,3336,1:48:05.690000,"(datetime.datetime(2026, 9, 29, 17, 0, 51, 643000),)",2a3c600a
408620940,-778351609,3311,1:48:05.710000,"(datetime.datetime(2026, 9, 29, 17, 0, 51, 664000),)",2a3c600d
408622092,-778347063,3336,1:48:05.770000,"(datetime.datetime(2026, 9, 29, 17, 0, 51, 720000),)",2a3c600a
408620974,-778351413,3311,1:48:05.790000,"(datetime.datetime(2026, 9, 29, 17, 0, 51, 741000),)",2a3c600d
408622157,-778346877,3335,1:48:05.840000,"(datetime.datetime(2026, 9, 29, 17, 0, 51, 800000),)",2a3c600a
408621011,-778351220,3311,1:48:05.860000,"(datetime.datetime(2026, 9, 29, 17, 0, 51, 820000),)",2a3c600d
408622229,-778346695,3335,1:48:05.920000,"(datetime.datetime(2026, 9, 29, 17, 0, 51, 876000),)",2a3c600a
408621047,-778351027,3311,1:48:05.940000,"(datetime.datetime(2026, 9, 29, 17, 0, 51, 897000),)",2a3c600d
408622296,-778346510,3336,1:48:06,"(datetime.datetime(2026, 9, 29, 17, 0, 51, 960000),)",2a3c600a
408621123,-778350645,3311,1:48:06.030000,"(datetime.datetime(2026, 9, 29, 17, 0, 51, 981000),)",2a3c600d
408622368,-778346327,3335,1:48:06.080000,"(datetime.datetime(2026, 9, 29, 17, 0, 52, 36000),)",2a3c600a
408621161,-778350451,3311,1:48:06.100000,"(datetime.datetime(2026, 9, 29, 17, 0, 52, 58000),)",2a3c600d
408622442,-778346147,3336,1:48:06.160000,"(datetime.datetime(2026, 9, 29, 17, 0, 52, 116000),)",2a3c600a
408621202,-778350257,3311,1:48:06.180000,"(datetime.datetime(2026, 9, 29, 17, 0, 52, 138000),)",2a3c600d
408622517,-778345964,3336,1:48:06.250000,"(datetime.datetime(2026, 9, 29, 17, 0, 52, 200000),)",2a3c600a
408621247,-778350065,3311,1:48:06.260000,"(datetime.datetime(2026, 9, 29, 17, 0, 52, 220000),)",2a3c600d
408622590,-778345785,3336,1:48:06.330000,"(datetime.datetime(2026, 9, 29, 17, 0, 52, 288000),)",2a3c600a
408621290,-778349870,3311,1:48:06.360000,"(datetime.datetime(2026, 9, 29, 17, 0, 52, 311000),)",2a3c600d
408622667,-778345604,3337,1:48:06.410000,"(datetime.datetime(2026, 9, 29, 17, 0, 52, 366000),)",2a3c600a
408621338,-778349677,3311,1:48:06.430000,"(datetime.datetime(2026, 9, 29, 17, 0, 52, 386000),)",2a3c600d
408622742,-778345426,3336,1:48:06.490000,"(datetime.datetime(2026, 9, 29, 17, 0, 52, 446000),)",2a3c600a
408621375,-778349483,3311,1:48:06.520000,"(datetime.datetime(2026, 9, 29, 17, 0, 52, 479000),)",2a3c600d
408622826,-778345245,3336,1:48:06.570000,"(datetime.datetime(2026, 9, 29, 17, 0, 52, 523000),)",2a3c600a
408621430,-778349290,3312,1:48:06.610000,"(datetime.datetime(2026, 9, 29, 17, 0, 52, 564000),)",2a3c600d
408622906,-778345069,3337,1:48:06.650000,"(datetime.datetime(2026, 9, 29, 17, 0, 52, 605000),)",2a3c600a
408621481,-778349095,3312,1:48:06.670000,"(datetime.datetime(2026, 9, 29, 17, 0, 52, 626000),)",2a3c600d
408622986,-778344892,3337,1:48:06.730000,"(datetime.datetime(2026, 9, 29, 17, 0, 52, 683000),)",2a3c600a
408621530,-778348903,3312,1:48:06.750000,"(datetime.datetime(2026, 9, 29, 17, 0, 52, 704000),)",2a3c600d
408623069,-778344716,3337,1:48:06.800000,"(datetime.datetime(2026, 9, 29, 17, 0, 52, 760000),)",2a3c600a
408621582,-778348708,3312,1:48:06.830000,"(datetime.datetime(2026, 9, 29, 17, 0, 52, 785000),)",2a3c600d
408623153,-778344541,3337,1:48:06.890000,"(datetime.datetime(2026, 9, 29, 17, 0, 52, 845000),)",2a3c600a
408621634,-778348516,3312,1:48:06.920000,"(datetime.datetime(2026, 9, 29, 17, 0, 52, 872000),)",2a3c600d
408623238,-778344367,3337,1:48:06.960000,"(datetime.datetime(2026, 9, 29, 17, 0, 52, 916000),)",2a3c600a
408621694,-778348326,3312,1:48:06.980000,"(datetime.datetime(2026, 9, 29, 17, 0, 52, 940000),)",2a3c600d
408623323,-778344196,3337,1:48:07.040000,"(datetime.datetime(2026, 9, 29, 17, 0, 52, 995000),)",2a3c600a
408621752,-778348135,3312,1:48:07.060000,"(datetime.datetime(2026, 9, 29, 17, 0, 53, 17000),)",2a3c600d
408623409,-778344026,3337,1:48:07.120000,"(datetime.datetime(2026, 9, 29, 17, 0, 53, 78000),)",2a3c600a
408621809,-778347945,3312,1:48:07.140000,"(datetime.datetime(2026, 9, 29, 17, 0, 53, 99000),)",2a3c600d
408623494,-778343854,3337,1:48:07.210000,"(datetime.datetime(2026, 9, 29, 17, 0, 53, 165000),)",2a3c600a
408621870,-778347752,3312,1:48:07.230000,"(datetime.datetime(2026, 9, 29, 17, 0, 53, 186000),)",2a3c600d
408623579,-778343680,3337,1:48:07.280000,"(datetime.datetime(2026, 9, 29, 17, 0, 53, 235000),)",2a3c600a
408621929,-778347560,3312,1:48:07.300000,"(datetime.datetime(2026, 9, 29, 17, 0, 53, 256000),)",2a3c600d
408623677,-778343512,3338,1:48:07.360000,"(datetime.datetime(2026, 9, 29, 17, 0, 53, 319000),)",2a3c600a
408621996,-778347374,3312,1:48:07.380000,"(datetime.datetime(2026, 9, 29, 17, 0, 53, 340000),)",2a3c600d
408623765,-778343347,3338,1:48:07.450000,"(datetime.datetime(2026, 9, 29, 17, 0, 53, 402000),)",2a3c600a
408622062,-778347184,3312,1:48:07.470000,"(datetime.datetime(2026, 9, 29, 17, 0, 53, 422000),)",2a3c600d
408623854,-778343175,3338,1:48:07.520000,"(datetime.datetime(2026, 9, 29, 17, 0, 53, 480000),)",2a3c600a
408622131,-778346992,3313,1:48:07.550000,"(datetime.datetime(2026, 9, 29, 17, 0, 53, 501000),)",2a3c600d
408623948,-778343007,3338,1:48:07.610000,"(datetime.datetime(2026, 9, 29, 17, 0, 53, 565000),)",2a3c600a
408622202,-778346807,3313,1:48:07.660000,"(datetime.datetime(2026, 9, 29, 17, 0, 53, 613000),)",2a3c600d
408624038,-778342841,3338,1:48:07.710000,"(datetime.datetime(2026, 9, 29, 17, 0, 53, 665000),)",2a3c600a
408622267,-778346617,3313,1:48:07.750000,"(datetime.datetime(2026, 9, 29, 17, 0, 53, 702000),)",2a3c600d
408624131,-778342671,3339,1:48:07.810000,"(datetime.datetime(2026, 9, 29, 17, 0, 53, 767000),)",2a3c600a
408622340,-778346430,3313,1:48:07.830000,"(datetime.datetime(2026, 9, 29, 17, 0, 53, 788000),)",2a3c600d
408624222,-778342502,3339,1:48:07.910000,"(datetime.datetime(2026, 9, 29, 17, 0, 53, 865000),)",2a3c600a
408622417,-778346245,3313,1:48:07.940000,"(datetime.datetime(2026, 9, 29, 17, 0, 53, 891000),)",2a3c600d
408624313,-778342331,3339,1:48:07.990000,"(datetime.datetime(2026, 9, 29, 17, 0, 53, 946000),)",2a3c600a
408622492,-778346058,3314,1:48:08.030000,"(datetime.datetime(2026, 9, 29, 17, 0, 53, 988000),)",2a3c600d
408624406,-778342164,3339,1:48:08.110000,"(datetime.datetime(2026, 9, 29, 17, 0, 54, 67000),)",2a3c600a
408622569,-778345876,3314,1:48:08.150000,"(datetime.datetime(2026, 9, 29, 17, 0, 54, 104000),)",2a3c600d
408624493,-778341987,3340,1:48:08.200000,"(datetime.datetime(2026, 9, 29, 17, 0, 54, 150000),)",2a3c600a
408622643,-778345686,3314,1:48:08.230000,"(datetime.datetime(2026, 9, 29, 17, 0, 54, 188000),)",2a3c600d
408624589,-778341821,3340,1:48:08.290000,"(datetime.datetime(2026, 9, 29, 17, 0, 54, 245000),)",2a3c600a
408622727,-778345501,3314,1:48:08.350000,"(datetime.datetime(2026, 9, 29, 17, 0, 54, 301000),)",2a3c600d
408624684,-778341650,3340,1:48:08.410000,"(datetime.datetime(2026, 9, 29, 17, 0, 54, 369000),)",2a3c600a
408622810,-778345320,3314,1:48:08.460000,"(datetime.datetime(2026, 9, 29, 17, 0, 54, 414000),)",2a3c600d
408624775,-778341480,3341,1:48:08.490000,"(datetime.datetime(2026, 9, 29, 17, 0, 54, 445000),)",2a3c600a
408622895,-778345140,3314,1:48:08.540000,"(datetime.datetime(2026, 9, 29, 17, 0, 54, 499000),)",2a3c600d
408624870,-778341312,3341,1:48:08.600000,"(datetime.datetime(2026, 9, 29, 17, 0, 54, 552000),)",2a3c600a
408622980,-778344956,3314,1:48:08.630000,"(datetime.datetime(2026, 9, 29, 17, 0, 54, 588000),)",2a3c600d
408624967,-778341136,3341,1:48:08.690000,"(datetime.datetime(2026, 9, 29, 17, 0, 54, 645000),)",2a3c600a
408623067,-778344778,3315,1:48:08.740000,"(datetime.datetime(2026, 9, 29, 17, 0, 54, 693000),)",2a3c600d
408625062,-778340964,3341,1:48:08.790000,"(datetime.datetime(2026, 9, 29, 17, 0, 54, 744000),)",2a3c600a
408623158,-778344600,3314,1:48:08.830000,"(datetime.datetime(2026, 9, 29, 17, 0, 54, 788000),)",2a3c600d
408625156,-778340792,3341,1:48:08.890000,"(datetime.datetime(2026, 9, 29, 17, 0, 54, 845000),)",2a3c600a
408623244,-778344424,3315,1:48:08.950000,"(datetime.datetime(2026, 9, 29, 17, 0, 54, 902000),)",2a3c600d
408625252,-778340618,3341,1:48:09,"(datetime.datetime(2026, 9, 29, 17, 0, 54, 957000),)",2a3c600a
408623333,-778344243,3315,1:48:09.030000,"(datetime.datetime(2026, 9, 29, 17, 0, 54, 988000),)",2a3c600d
408625348,-778340446,3341,1:48:09.090000,"(datetime.datetime(2026, 9, 29, 17, 0, 55, 44000),)",2a3c600a
408623428,-778344069,3316,1:48:09.140000,"(datetime.datetime(2026, 9, 29, 17, 0, 55, 96000),)",2a3c600d
408625442,-778340272,3342,1:48:09.190000,"(datetime.datetime(2026, 9, 29, 17, 0, 55, 145000),)",2a3c600a
408623517,-778343883,3316,1:48:09.230000,"(datetime.datetime(2026, 9, 29, 17, 0, 55, 189000),)",2a3c600d
408625538,-778340099,3342,1:48:09.290000,"(datetime.datetime(2026, 9, 29, 17, 0, 55, 246000),)",2a3c600a
408623615,-778343709,3316,1:48:09.340000,"(datetime.datetime(2026, 9, 29, 17, 0, 55, 293000),)",2a3c600d
408625638,-778339922,3342,1:48:09.390000,"(datetime.datetime(2026, 9, 29, 17, 0, 55, 344000),)",2a3c600a
408623707,-778343534,3316,1:48:09.440000,"(datetime.datetime(2026, 9, 29, 17, 0, 55, 395000),)",2a3c600d
408625734,-778339744,3342,1:48:09.490000,"(datetime.datetime(2026, 9, 29, 17, 0, 55, 444000),)",2a3c600a
408623805,-778343358,3316,1:48:09.530000,"(datetime.datetime(2026, 9, 29, 17, 0, 55, 489000),)",2a3c600d
408625833,-778339571,3343,1:48:09.590000,"(datetime.datetime(2026, 9, 29, 17, 0, 55, 545000),)",2a3c600a
408623899,-778343184,3316,1:48:09.640000,"(datetime.datetime(2026, 9, 29, 17, 0, 55, 594000),)",2a3c600d
408623996,-778343007,3317,1:48:09.690000,"(datetime.datetime(2026, 9, 29, 17, 0, 55, 646000),)",2a3c600d
408625934,-778339395,3343,1:48:09.720000,"(datetime.datetime(2026, 9, 29, 17, 0, 55, 673000),)",2a3c600a
408626032,-778339217,3342,1:48:09.790000,"(datetime.datetime(2026, 9, 29, 17, 0, 55, 745000),)",2a3c600a
408624094,-778342839,3317,1:48:09.810000,"(datetime.datetime(2026, 9, 29, 17, 0, 55, 768000),)",2a3c600d
408626133,-778339045,3343,1:48:09.890000,"(datetime.datetime(2026, 9, 29, 17, 0, 55, 845000),)",2a3c600a
408624191,-778342663,3317,1:48:09.930000,"(datetime.datetime(2026, 9, 29, 17, 0, 55, 889000),)",2a3c600d
408626234,-778338868,3343,1:48:09.990000,"(datetime.datetime(2026, 9, 29, 17, 0, 55, 945000),)",2a3c600a
408624288,-778342495,3317,1:48:10.010000,"(datetime.datetime(2026, 9, 29, 17, 0, 55, 970000),)",2a3c600d
408626337,-778338690,3343,1:48:10.090000,"(datetime.datetime(2026, 9, 29, 17, 0, 56, 45000),)",2a3c600a
408624384,-778342317,3317,1:48:10.110000,"(datetime.datetime(2026, 9, 29, 17, 0, 56, 66000),)",2a3c600d
408626437,-778338511,3343,1:48:10.190000,"(datetime.datetime(2026, 9, 29, 17, 0, 56, 145000),)",2a3c600a
408624477,-778342137,3317,1:48:10.220000,"(datetime.datetime(2026, 9, 29, 17, 0, 56, 173000),)",2a3c600d
408626538,-778338336,3342,1:48:10.290000,"(datetime.datetime(2026, 9, 29, 17, 0, 56, 246000),)",2a3c600a
408624580,-778341969,3317,1:48:10.320000,"(datetime.datetime(2026, 9, 29, 17, 0, 56, 272000),)",2a3c600d
408626642,-778338157,3342,1:48:10.390000,"(datetime.datetime(2026, 9, 29, 17, 0, 56, 345000),)",2a3c600a
408624678,-778341794,3318,1:48:10.410000,"(datetime.datetime(2026, 9, 29, 17, 0, 56, 370000),)",2a3c600d
408626749,-778337979,3342,1:48:10.490000,"(datetime.datetime(2026, 9, 29, 17, 0, 56, 445000),)",2a3c600a
408624776,-778341626,3318,1:48:10.510000,"(datetime.datetime(2026, 9, 29, 17, 0, 56, 468000),)",2a3c600d
408626852,-778337800,3342,1:48:10.590000,"(datetime.datetime(2026, 9, 29, 17, 0, 56, 548000),)",2a3c600a
408624878,-778341449,3318,1:48:10.650000,"(datetime.datetime(2026, 9, 29, 17, 0, 56, 602000),)",2a3c600d
408626957,-778337622,3342,1:48:10.700000,"(datetime.datetime(2026, 9, 29, 17, 0, 56, 655000),)",2a3c600a
408624976,-778341279,3319,1:48:10.730000,"(datetime.datetime(2026, 9, 29, 17, 0, 56, 682000),)",2a3c600d
408625074,-778341104,3318,1:48:10.790000,"(datetime.datetime(2026, 9, 29, 17, 0, 56, 743000),)",2a3c600d
408627066,-778337445,3343,1:48:10.860000,"(datetime.datetime(2026, 9, 29, 17, 0, 56, 815000),)",2a3c600a
408627172,-778337267,3342,1:48:10.890000,"(datetime.datetime(2026, 9, 29, 17, 0, 56, 844000),)",2a3c600a
408625177,-778340936,3318,1:48:10.930000,"(datetime.datetime(2026, 9, 29, 17, 0, 56, 883000),)",2a3c600d
408625275,-778340765,3319,1:48:10.980000,"(datetime.datetime(2026, 9, 29, 17, 0, 56, 938000),)",2a3c600d
408627278,-778337085,3342,1:48:11.010000,"(datetime.datetime(2026, 9, 29, 17, 0, 56, 962000),)",2a3c600a
408627387,-778336907,3342,1:48:11.090000,"(datetime.datetime(2026, 9, 29, 17, 0, 57, 45000),)",2a3c600a
408625374,-778340593,3319,1:48:11.120000,"(datetime.datetime(2026, 9, 29, 17, 0, 57, 77000),)",2a3c600d
408627494,-778336731,3342,1:48:11.190000,"(datetime.datetime(2026, 9, 29, 17, 0, 57, 144000),)",2a3c600a
408625471,-778340418,3319,1:48:11.210000,"(datetime.datetime(2026, 9, 29, 17, 0, 57, 167000),)",2a3c600d
408627597,-778336545,3342,1:48:11.300000,"(datetime.datetime(2026, 9, 29, 17, 0, 57, 253000),)",2a3c600a
408625570,-778340246,3319,1:48:11.330000,"(datetime.datetime(2026, 9, 29, 17, 0, 57, 286000),)",2a3c600d
408627706,-778336363,3343,1:48:11.400000,"(datetime.datetime(2026, 9, 29, 17, 0, 57, 351000),)",2a3c600a
408625669,-778340077,3319,1:48:11.420000,"(datetime.datetime(2026, 9, 29, 17, 0, 57, 372000),)",2a3c600d
408627812,-778336178,3343,1:48:11.490000,"(datetime.datetime(2026, 9, 29, 17, 0, 57, 444000),)",2a3c600a
408625770,-778339904,3319,1:48:11.530000,"(datetime.datetime(2026, 9, 29, 17, 0, 57, 480000),)",2a3c600d
408627923,-778335997,3343,1:48:11.590000,"(datetime.datetime(2026, 9, 29, 17, 0, 57, 546000),)",2a3c600a
408625869,-778339731,3320,1:48:11.650000,"(datetime.datetime(2026, 9, 29, 17, 0, 57, 602000),)",2a3c600d
408628032,-778335810,3344,1:48:11.690000,"(datetime.datetime(2026, 9, 29, 17, 0, 57, 647000),)",2a3c600a
408625971,-778339556,3320,1:48:11.740000,"(datetime.datetime(2026, 9, 29, 17, 0, 57, 691000),)",2a3c600d
408628139,-778335627,3344,1:48:11.790000,"(datetime.datetime(2026, 9, 29, 17, 0, 57, 744000),)",2a3c600a
408626069,-778339386,3320,1:48:11.830000,"(datetime.datetime(2026, 9, 29, 17, 0, 57, 782000),)",2a3c600d
408628249,-778335441,3344,1:48:11.890000,"(datetime.datetime(2026, 9, 29, 17, 0, 57, 845000),)",2a3c600a
408626171,-778339214,3320,1:48:11.910000,"(datetime.datetime(2026, 9, 29, 17, 0, 57, 866000),)",2a3c600d
408626270,-778339041,3320,1:48:11.990000,"(datetime.datetime(2026, 9, 29, 17, 0, 57, 944000),)",2a3c600d
408628359,-778335253,3343,1:48:12.040000,"(datetime.datetime(2026, 9, 29, 17, 0, 57, 993000),)",2a3c600a
408626375,-778338872,3320,1:48:12.090000,"(datetime.datetime(2026, 9, 29, 17, 0, 58, 44000),)",2a3c600d
408628467,-778335067,3344,1:48:12.110000,"(datetime.datetime(2026, 9, 29, 17, 0, 58, 68000),)",2a3c600a
408626476,-778338701,3320,1:48:12.190000,"(datetime.datetime(2026, 9, 29, 17, 0, 58, 144000),)",2a3c600d
408628576,-778334883,3344,1:48:12.220000,"(datetime.datetime(2026, 9, 29, 17, 0, 58, 171000),)",2a3c600a
408626577,-778338531,3320,1:48:12.290000,"(datetime.datetime(2026, 9, 29, 17, 0, 58, 244000),)",2a3c600d
408628687,-778334694,3344,1:48:12.310000,"(datetime.datetime(2026, 9, 29, 17, 0, 58, 266000),)",2a3c600a
408626675,-778338354,3320,1:48:12.390000,"(datetime.datetime(2026, 9, 29, 17, 0, 58, 343000),)",2a3c600d
408628797,-778334505,3344,1:48:12.410000,"(datetime.datetime(2026, 9, 29, 17, 0, 58, 365000),)",2a3c600a
408628907,-778334315,3344,1:48:12.490000,"(datetime.datetime(2026, 9, 29, 17, 0, 58, 444000),)",2a3c600a
408626776,-778338182,3320,1:48:12.530000,"(datetime.datetime(2026, 9, 29, 17, 0, 58, 485000),)",2a3c600d
408626881,-778338014,3320,1:48:12.590000,"(datetime.datetime(2026, 9, 29, 17, 0, 58, 544000),)",2a3c600d
408629019,-778334128,3344,1:48:12.660000,"(datetime.datetime(2026, 9, 29, 17, 0, 58, 612000),)",2a3c600a
408626984,-778337841,3320,1:48:12.690000,"(datetime.datetime(2026, 9, 29, 17, 0, 58, 645000),)",2a3c600d
408629127,-778333939,3344,1:48:12.740000,"(datetime.datetime(2026, 9, 29, 17, 0, 58, 691000),)",2a3c600a
408627082,-778337669,3320,1:48:12.790000,"(datetime.datetime(2026, 9, 29, 17, 0, 58, 745000),)",2a3c600d
408629239,-778333747,3344,1:48:12.830000,"(datetime.datetime(2026, 9, 29, 17, 0, 58, 789000),)",2a3c600a
408627184,-778337491,3321,1:48:13.060000,"(datetime.datetime(2026, 9, 29, 17, 0, 59, 19000),)",2a3c600d
408629347,-778333559,3344,1:48:13.240000,"(datetime.datetime(2026, 9, 29, 17, 0, 59, 196000),)",2a3c600a
408627287,-778337321,3320,1:48:13.400000,"(datetime.datetime(2026, 9, 29, 17, 0, 59, 352000),)",2a3c600d
408629459,-778333371,3344,1:48:13.580000,"(datetime.datetime(2026, 9, 29, 17, 0, 59, 540000),)",2a3c600a
408627389,-778337144,3321,1:48:13.860000,"(datetime.datetime(2026, 9, 29, 17, 0, 59, 811000),)",2a3c600d
408629569,-778333183,3344,1:48:14.060000,"(datetime.datetime(2026, 9, 29, 17, 1, 0, 17000),)",2a3c600a
408627493,-778336972,3321,1:48:14.310000,"(datetime.datetime(2026, 9, 29, 17, 1, 0, 265000),)",2a3c600d
408629678,-778333000,3344,1:48:14.470000,"(datetime.datetime(2026, 9, 29, 17, 1, 0, 426000),)",2a3c600a
408627591,-778336795,3321,1:48:14.880000,"(datetime.datetime(2026, 9, 29, 17, 1, 0, 836000),)",2a3c600d
408629791,-778332808,3345,1:48:15.030000,"(datetime.datetime(2026, 9, 29, 17, 1, 0, 981000),)",2a3c600a
408627694,-778336621,3321,1:48:15.050000,"(datetime.datetime(2026, 9, 29, 17, 1, 1, 6000),)",2a3c600d
408629900,-778332625,3344,1:48:15.100000,"(datetime.datetime(2026, 9, 29, 17, 1, 1, 60000),)",2a3c600a
408630011,-778332435,3344,1:48:15.210000,"(datetime.datetime(2026, 9, 29, 17, 1, 1, 170000),)",2a3c600a
408627795,-778336443,3321,1:48:15.400000,"(datetime.datetime(2026, 9, 29, 17, 1, 1, 360000),)",2a3c600d
408627896,-778336268,3322,1:48:15.530000,"(datetime.datetime(2026, 9, 29, 17, 1, 1, 484000),)",2a3c600d
408630122,-778332249,3344,1:48:15.680000,"(datetime.datetime(2026, 9, 29, 17, 1, 1, 632000),)",2a3c600a
408628001,-778336093,3322,1:48:15.810000,"(datetime.datetime(2026, 9, 29, 17, 1, 1, 769000),)",2a3c600d
408630235,-778332066,3345,1:48:15.930000,"(datetime.datetime(2026, 9, 29, 17, 1, 1, 887000),)",2a3c600a
408628105,-778335917,3322,1:48:16.100000,"(datetime.datetime(2026, 9, 29, 17, 1, 2, 53000),)",2a3c600d
408630342,-778331880,3345,1:48:16.140000,"(datetime.datetime(2026, 9, 29, 17, 1, 2, 95000),)",2a3c600a
408628206,-778335736,3322,1:48:16.240000,"(datetime.datetime(2026, 9, 29, 17, 1, 2, 197000),)",2a3c600d
408630455,-778331693,3345,1:48:16.350000,"(datetime.datetime(2026, 9, 29, 17, 1, 2, 306000),)",2a3c600a
408628309,-778335558,3321,1:48:16.470000,"(datetime.datetime(2026, 9, 29, 17, 1, 2, 426000),)",2a3c600d
408630565,-778331508,3345,1:48:16.540000,"(datetime.datetime(2026, 9, 29, 17, 1, 2, 494000),)",2a3c600a
408630676,-778331324,3346,1:48:16.560000,"(datetime.datetime(2026, 9, 29, 17, 1, 2, 517000),)",2a3c600a
408628413,-778335385,3321,1:48:16.610000,"(datetime.datetime(2026, 9, 29, 17, 1, 2, 561000),)",2a3c600d
408628516,-778335203,3321,1:48:16.680000,"(datetime.datetime(2026, 9, 29, 17, 1, 2, 632000),)",2a3c600d
408630786,-778331134,3345,1:48:16.730000,"(datetime.datetime(2026, 9, 29, 17, 1, 2, 680000),)",2a3c600a
408628619,-778335028,3322,1:48:16.750000,"(datetime.datetime(2026, 9, 29, 17, 1, 2, 702000),)",2a3c600d
408630892,-778330949,3346,1:48:16.800000,"(datetime.datetime(2026, 9, 29, 17, 1, 2, 760000),)",2a3c600a
408628727,-778334850,3322,1:48:16.830000,"(datetime.datetime(2026, 9, 29, 17, 1, 2, 784000),)",2a3c600d
408631006,-778330764,3346,1:48:16.890000,"(datetime.datetime(2026, 9, 29, 17, 1, 2, 846000),)",2a3c600a
408628830,-778334670,3322,1:48:16.910000,"(datetime.datetime(2026, 9, 29, 17, 1, 2, 868000),)",2a3c600d
408631113,-778330582,3345,1:48:16.970000,"(datetime.datetime(2026, 9, 29, 17, 1, 2, 927000),)",2a3c600a
408628937,-778334493,3322,1:48:16.990000,"(datetime.datetime(2026, 9, 29, 17, 1, 2, 948000),)",2a3c600d
408631224,-778330401,3346,1:48:17.050000,"(datetime.datetime(2026, 9, 29, 17, 1, 3, 3000),)",2a3c600a
408629037,-778334316,3322,1:48:17.070000,"(datetime.datetime(2026, 9, 29, 17, 1, 3, 24000),)",2a3c600d
408631335,-778330216,3347,1:48:17.140000,"(datetime.datetime(2026, 9, 29, 17, 1, 3, 98000),)",2a3c600a
408629144,-778334132,3323,1:48:17.170000,"(datetime.datetime(2026, 9, 29, 17, 1, 3, 127000),)",2a3c600d
408631442,-778330032,3346,1:48:17.220000,"(datetime.datetime(2026, 9, 29, 17, 1, 3, 180000),)",2a3c600a
408629246,-778333955,3322,1:48:17.250000,"(datetime.datetime(2026, 9, 29, 17, 1, 3, 208000),)",2a3c600d
408631548,-778329852,3345,1:48:17.300000,"(datetime.datetime(2026, 9, 29, 17, 1, 3, 259000),)",2a3c600a
408629354,-778333776,3322,1:48:17.330000,"(datetime.datetime(2026, 9, 29, 17, 1, 3, 280000),)",2a3c600d
408631660,-778329666,3346,1:48:17.380000,"(datetime.datetime(2026, 9, 29, 17, 1, 3, 338000),)",2a3c600a
408629458,-778333598,3322,1:48:17.410000,"(datetime.datetime(2026, 9, 29, 17, 1, 3, 360000),)",2a3c600d
408631660,-778329666,3346,1:48:17.470000,"(datetime.datetime(2026, 9, 29, 17, 1, 3, 422000),)",2a3c600a
408629563,-778333419,3322,1:48:17.540000,"(datetime.datetime(2026, 9, 29, 17, 1, 3, 500000),)",2a3c600d
408631872,-778329295,3345,1:48:17.590000,"(datetime.datetime(2026, 9, 29, 17, 1, 3, 544000),)",2a3c600a
408629670,-778333235,3322,1:48:17.610000,"(datetime.datetime(2026, 9, 29, 17, 1, 3, 566000),)",2a3c600d
408631988,-778329113,3346,1:48:17.670000,"(datetime.datetime(2026, 9, 29, 17, 1, 3, 625000),)",2a3c600a
408629775,-778333056,3322,1:48:17.690000,"(datetime.datetime(2026, 9, 29, 17, 1, 3, 647000),)",2a3c600d
408631988,-778329113,3346,1:48:17.750000,"(datetime.datetime(2026, 9, 29, 17, 1, 3, 706000),)",2a3c600a
408629882,-778332874,3322,1:48:17.770000,"(datetime.datetime(2026, 9, 29, 17, 1, 3, 727000),)",2a3c600d
408632205,-778328744,3346,1:48:17.830000,"(datetime.datetime(2026, 9, 29, 17, 1, 3, 790000),)",2a3c600a
408629986,-778332693,3322,1:48:17.860000,"(datetime.datetime(2026, 9, 29, 17, 1, 3, 811000),)",2a3c600d
408632313,-778328559,3346,1:48:17.920000,"(datetime.datetime(2026, 9, 29, 17, 1, 3, 877000),)",2a3c600a
408630093,-778332509,3323,1:48:17.940000,"(datetime.datetime(2026, 9, 29, 17, 1, 3, 898000),)",2a3c600d
408632420,-778328374,3346,1:48:18.010000,"(datetime.datetime(2026, 9, 29, 17, 1, 3, 964000),)",2a3c600a
408630199,-778332329,3322,1:48:18.030000,"(datetime.datetime(2026, 9, 29, 17, 1, 3, 986000),)",2a3c600d
408632532,-778328189,3347,1:48:18.100000,"(datetime.datetime(2026, 9, 29, 17, 1, 4, 52000),)",2a3c600a
408630304,-778332145,3322,1:48:18.120000,"(datetime.datetime(2026, 9, 29, 17, 1, 4, 74000),)",2a3c600d
408632641,-778328005,3346,1:48:18.180000,"(datetime.datetime(2026, 9, 29, 17, 1, 4, 136000),)",2a3c600a
408630411,-778331963,3322,1:48:18.200000,"(datetime.datetime(2026, 9, 29, 17, 1, 4, 158000),)",2a3c600d
408632641,-778328005,3346,1:48:18.260000,"(datetime.datetime(2026, 9, 29, 17, 1, 4, 215000),)",2a3c600a
408630519,-778331783,3323,1:48:18.280000,"(datetime.datetime(2026, 9, 29, 17, 1, 4, 237000),)",2a3c600d
408632748,-778327821,3346,1:48:18.340000,"(datetime.datetime(2026, 9, 29, 17, 1, 4, 298000),)",2a3c600a
408630617,-778331598,3322,1:48:18.370000,"(datetime.datetime(2026, 9, 29, 17, 1, 4, 323000),)",2a3c600d
408632972,-778327451,3346,1:48:18.420000,"(datetime.datetime(2026, 9, 29, 17, 1, 4, 377000),)",2a3c600a
408630730,-778331418,3323,1:48:18.440000,"(datetime.datetime(2026, 9, 29, 17, 1, 4, 397000),)",2a3c600d
408632972,-778327451,3346,1:48:18.500000,"(datetime.datetime(2026, 9, 29, 17, 1, 4, 456000),)",2a3c600a
408630835,-778331235,3323,1:48:18.520000,"(datetime.datetime(2026, 9, 29, 17, 1, 4, 477000),)",2a3c600d
408633082,-778327267,3347,1:48:18.580000,"(datetime.datetime(2026, 9, 29, 17, 1, 4, 539000),)",2a3c600a
408630936,-778331052,3323,1:48:18.610000,"(datetime.datetime(2026, 9, 29, 17, 1, 4, 561000),)",2a3c600d
408633187,-778327081,3346,1:48:18.660000,"(datetime.datetime(2026, 9, 29, 17, 1, 4, 617000),)",2a3c600a
408631047,-778330872,3323,1:48:18.680000,"(datetime.datetime(2026, 9, 29, 17, 1, 4, 639000),)",2a3c600d
408633300,-778326891,3346,1:48:18.740000,"(datetime.datetime(2026, 9, 29, 17, 1, 4, 699000),)",2a3c600a
408631152,-778330690,3323,1:48:18.770000,"(datetime.datetime(2026, 9, 29, 17, 1, 4, 721000),)",2a3c600d
408633410,-778326702,3347,1:48:18.830000,"(datetime.datetime(2026, 9, 29, 17, 1, 4, 782000),)",2a3c600a
408631255,-778330503,3323,1:48:18.850000,"(datetime.datetime(2026, 9, 29, 17, 1, 4, 804000),)",2a3c600d
408633518,-778326521,3347,1:48:18.910000,"(datetime.datetime(2026, 9, 29, 17, 1, 4, 861000),)",2a3c600a
408633626,-778326336,3347,1:48:18.930000,"(datetime.datetime(2026, 9, 29, 17, 1, 4, 883000),)",2a3c600a
408631363,-778330323,3323,1:48:19,"(datetime.datetime(2026, 9, 29, 17, 1, 4, 959000),)",2a3c600d
408633731,-778326150,3346,1:48:19.070000,"(datetime.datetime(2026, 9, 29, 17, 1, 5, 22000),)",2a3c600a
408631471,-778330139,3323,1:48:19.090000,"(datetime.datetime(2026, 9, 29, 17, 1, 5, 43000),)",2a3c600d
408633840,-778325963,3347,1:48:19.140000,"(datetime.datetime(2026, 9, 29, 17, 1, 5, 100000),)",2a3c600a
408631577,-778329960,3323,1:48:19.170000,"(datetime.datetime(2026, 9, 29, 17, 1, 5, 122000),)",2a3c600d
408633947,-778325776,3346,1:48:19.220000,"(datetime.datetime(2026, 9, 29, 17, 1, 5, 179000),)",2a3c600a
408631684,-778329777,3323,1:48:19.250000,"(datetime.datetime(2026, 9, 29, 17, 1, 5, 208000),)",2a3c600d
408634057,-778325591,3347,1:48:19.300000,"(datetime.datetime(2026, 9, 29, 17, 1, 5, 258000),)",2a3c600a
408631792,-778329598,3324,1:48:19.320000,"(datetime.datetime(2026, 9, 29, 17, 1, 5, 279000),)",2a3c600d
408634162,-778325406,3347,1:48:19.380000,"(datetime.datetime(2026, 9, 29, 17, 1, 5, 337000),)",2a3c600a
408631900,-778329416,3323,1:48:19.400000,"(datetime.datetime(2026, 9, 29, 17, 1, 5, 358000),)",2a3c600d
408634275,-778325219,3347,1:48:19.460000,"(datetime.datetime(2026, 9, 29, 17, 1, 5, 416000),)",2a3c600a
408632009,-778329232,3324,1:48:19.480000,"(datetime.datetime(2026, 9, 29, 17, 1, 5, 437000),)",2a3c600d
408634384,-778325032,3347,1:48:19.540000,"(datetime.datetime(2026, 9, 29, 17, 1, 5, 496000),)",2a3c600a
408632116,-778329050,3324,1:48:19.560000,"(datetime.datetime(2026, 9, 29, 17, 1, 5, 517000),)",2a3c600d
408634489,-778324845,3347,1:48:19.650000,"(datetime.datetime(2026, 9, 29, 17, 1, 5, 608000),)",2a3c600a
408632221,-778328867,3323,1:48:19.690000,"(datetime.datetime(2026, 9, 29, 17, 1, 5, 640000),)",2a3c600d
408634598,-778324656,3347,1:48:19.710000,"(datetime.datetime(2026, 9, 29, 17, 1, 5, 662000),)",2a3c600a
408632332,-778328687,3323,1:48:19.770000,"(datetime.datetime(2026, 9, 29, 17, 1, 5, 721000),)",2a3c600d
408634706,-778324469,3347,1:48:19.790000,"(datetime.datetime(2026, 9, 29, 17, 1, 5, 742000),)",2a3c600a
408632440,-778328507,3323,1:48:19.860000,"(datetime.datetime(2026, 9, 29, 17, 1, 5, 812000),)",2a3c600d
408634817,-778324283,3348,1:48:19.880000,"(datetime.datetime(2026, 9, 29, 17, 1, 5, 833000),)",2a3c600a
408632546,-778328320,3324,1:48:19.940000,"(datetime.datetime(2026, 9, 29, 17, 1, 5, 892000),)",2a3c600d
408634923,-778324091,3348,1:48:19.960000,"(datetime.datetime(2026, 9, 29, 17, 1, 5, 913000),)",2a3c600a
408632653,-778328135,3324,1:48:20.020000,"(datetime.datetime(2026, 9, 29, 17, 1, 5, 976000),)",2a3c600d
408635029,-778323903,3347,1:48:20.040000,"(datetime.datetime(2026, 9, 29, 17, 1, 5, 998000),)",2a3c600a
408632765,-778327960,3324,1:48:20.100000,"(datetime.datetime(2026, 9, 29, 17, 1, 6, 54000),)",2a3c600d
408635139,-778323711,3347,1:48:20.120000,"(datetime.datetime(2026, 9, 29, 17, 1, 6, 77000),)",2a3c600a
408632873,-778327776,3324,1:48:20.180000,"(datetime.datetime(2026, 9, 29, 17, 1, 6, 133000),)",2a3c600d
408635248,-778323526,3347,1:48:20.200000,"(datetime.datetime(2026, 9, 29, 17, 1, 6, 158000),)",2a3c600a
408632978,-778327591,3324,1:48:20.260000,"(datetime.datetime(2026, 9, 29, 17, 1, 6, 216000),)",2a3c600d
408635361,-778323335,3347,1:48:20.280000,"(datetime.datetime(2026, 9, 29, 17, 1, 6, 238000),)",2a3c600a
408633086,-778327410,3323,1:48:20.350000,"(datetime.datetime(2026, 9, 29, 17, 1, 6, 306000),)",2a3c600d
408635470,-778323145,3348,1:48:20.370000,"(datetime.datetime(2026, 9, 29, 17, 1, 6, 328000),)",2a3c600a
408633193,-778327222,3324,1:48:20.450000,"(datetime.datetime(2026, 9, 29, 17, 1, 6, 401000),)",2a3c600d
408635576,-778322957,3347,1:48:20.510000,"(datetime.datetime(2026, 9, 29, 17, 1, 6, 462000),)",2a3c600a
408633300,-778327039,3323,1:48:20.560000,"(datetime.datetime(2026, 9, 29, 17, 1, 6, 512000),)",2a3c600d
408635686,-778322767,3348,1:48:20.580000,"(datetime.datetime(2026, 9, 29, 17, 1, 6, 533000),)",2a3c600a
408633404,-778326855,3324,1:48:20.650000,"(datetime.datetime(2026, 9, 29, 17, 1, 6, 607000),)",2a3c600d
408635793,-778322575,3348,1:48:20.700000,"(datetime.datetime(2026, 9, 29, 17, 1, 6, 652000),)",2a3c600a
408633518,-778326672,3324,1:48:20.720000,"(datetime.datetime(2026, 9, 29, 17, 1, 6, 676000),)",2a3c600d
408635908,-778322384,3348,1:48:20.780000,"(datetime.datetime(2026, 9, 29, 17, 1, 6, 734000),)",2a3c600a
408633624,-778326489,3324,1:48:20.800000,"(datetime.datetime(2026, 9, 29, 17, 1, 6, 760000),)",2a3c600d
408636013,-778322195,3348,1:48:20.860000,"(datetime.datetime(2026, 9, 29, 17, 1, 6, 816000),)",2a3c600a
408633729,-778326301,3324,1:48:20.880000,"(datetime.datetime(2026, 9, 29, 17, 1, 6, 837000),)",2a3c600d
408636123,-778322003,3348,1:48:20.940000,"(datetime.datetime(2026, 9, 29, 17, 1, 6, 899000),)",2a3c600a
408633835,-778326119,3324,1:48:20.970000,"(datetime.datetime(2026, 9, 29, 17, 1, 6, 921000),)",2a3c600d
408636234,-778321814,3348,1:48:21.030000,"(datetime.datetime(2026, 9, 29, 17, 1, 6, 985000),)",2a3c600a
408633943,-778325936,3324,1:48:21.050000,"(datetime.datetime(2026, 9, 29, 17, 1, 7, 8000),)",2a3c600d
408636344,-778321623,3348,1:48:21.110000,"(datetime.datetime(2026, 9, 29, 17, 1, 7, 69000),)",2a3c600a
408634049,-778325748,3324,1:48:21.150000,"(datetime.datetime(2026, 9, 29, 17, 1, 7, 101000),)",2a3c600d
408636454,-778321430,3348,1:48:21.200000,"(datetime.datetime(2026, 9, 29, 17, 1, 7, 151000),)",2a3c600a
408634157,-778325563,3324,1:48:21.250000,"(datetime.datetime(2026, 9, 29, 17, 1, 7, 203000),)",2a3c600d
408636567,-778321242,3348,1:48:21.270000,"(datetime.datetime(2026, 9, 29, 17, 1, 7, 228000),)",2a3c600a
408634266,-778325382,3325,1:48:21.340000,"(datetime.datetime(2026, 9, 29, 17, 1, 7, 291000),)",2a3c600d
408636679,-778321051,3348,1:48:21.400000,"(datetime.datetime(2026, 9, 29, 17, 1, 7, 351000),)",2a3c600a
408634377,-778325203,3324,1:48:21.420000,"(datetime.datetime(2026, 9, 29, 17, 1, 7, 374000),)",2a3c600d
408636788,-778320859,3348,1:48:21.480000,"(datetime.datetime(2026, 9, 29, 17, 1, 7, 437000),)",2a3c600a
408634483,-778325018,3324,1:48:21.560000,"(datetime.datetime(2026, 9, 29, 17, 1, 7, 514000),)",2a3c600d
408636900,-778320669,3348,1:48:21.590000,"(datetime.datetime(2026, 9, 29, 17, 1, 7, 546000),)",2a3c600a
408634587,-778324824,3324,1:48:21.620000,"(datetime.datetime(2026, 9, 29, 17, 1, 7, 576000),)",2a3c600d
408637013,-778320478,3348,1:48:21.680000,"(datetime.datetime(2026, 9, 29, 17, 1, 7, 631000),)",2a3c600a
408634701,-778324646,3325,1:48:21.750000,"(datetime.datetime(2026, 9, 29, 17, 1, 7, 707000),)",2a3c600d
408637123,-778320285,3348,1:48:21.780000,"(datetime.datetime(2026, 9, 29, 17, 1, 7, 735000),)",2a3c600a
408634808,-778324462,3325,1:48:21.820000,"(datetime.datetime(2026, 9, 29, 17, 1, 7, 772000),)",2a3c600d
408637233,-778320090,3349,1:48:21.840000,"(datetime.datetime(2026, 9, 29, 17, 1, 7, 794000),)",2a3c600a
408634920,-778324275,3324,1:48:21.900000,"(datetime.datetime(2026, 9, 29, 17, 1, 7, 851000),)",2a3c600d
408637351,-778319900,3348,1:48:21.920000,"(datetime.datetime(2026, 9, 29, 17, 1, 7, 876000),)",2a3c600a
408635023,-778324089,3324,1:48:21.980000,"(datetime.datetime(2026, 9, 29, 17, 1, 7, 933000),)",2a3c600d
408637462,-778319707,3349,1:48:22,"(datetime.datetime(2026, 9, 29, 17, 1, 7, 956000),)",2a3c600a
408635136,-778323908,3324,1:48:22.060000,"(datetime.datetime(2026, 9, 29, 17, 1, 8, 20000),)",2a3c600d
408637573,-778319513,3349,1:48:22.090000,"(datetime.datetime(2026, 9, 29, 17, 1, 8, 41000),)",2a3c600a
408635239,-778323718,3324,1:48:22.150000,"(datetime.datetime(2026, 9, 29, 17, 1, 8, 106000),)",2a3c600d
408637686,-778319320,3349,1:48:22.180000,"(datetime.datetime(2026, 9, 29, 17, 1, 8, 131000),)",2a3c600a
408635349,-778323534,3324,1:48:22.230000,"(datetime.datetime(2026, 9, 29, 17, 1, 8, 189000),)",2a3c600d
408637797,-778319126,3349,1:48:22.260000,"(datetime.datetime(2026, 9, 29, 17, 1, 8, 215000),)",2a3c600a
408635453,-778323346,3325,1:48:22.320000,"(datetime.datetime(2026, 9, 29, 17, 1, 8, 274000),)",2a3c600d
408637910,-778318937,3349,1:48:22.380000,"(datetime.datetime(2026, 9, 29, 17, 1, 8, 336000),)",2a3c600a
408635564,-778323162,3325,1:48:22.440000,"(datetime.datetime(2026, 9, 29, 17, 1, 8, 399000),)",2a3c600d
408638016,-778318745,3349,1:48:22.490000,"(datetime.datetime(2026, 9, 29, 17, 1, 8, 448000),)",2a3c600a
408635672,-778322977,3325,1:48:22.510000,"(datetime.datetime(2026, 9, 29, 17, 1, 8, 469000),)",2a3c600d
408638129,-778318554,3349,1:48:22.580000,"(datetime.datetime(2026, 9, 29, 17, 1, 8, 532000),)",2a3c600a
408635782,-778322791,3325,1:48:22.600000,"(datetime.datetime(2026, 9, 29, 17, 1, 8, 554000),)",2a3c600d
408638241,-778318359,3350,1:48:22.650000,"(datetime.datetime(2026, 9, 29, 17, 1, 8, 610000),)",2a3c600a
408635892,-778322608,3325,1:48:22.680000,"(datetime.datetime(2026, 9, 29, 17, 1, 8, 635000),)",2a3c600d
408638350,-778318167,3349,1:48:22.740000,"(datetime.datetime(2026, 9, 29, 17, 1, 8, 693000),)",2a3c600a
408635998,-778322422,3325,1:48:22.760000,"(datetime.datetime(2026, 9, 29, 17, 1, 8, 714000),)",2a3c600d
408638462,-778317976,3350,1:48:22.810000,"(datetime.datetime(2026, 9, 29, 17, 1, 8, 768000),)",2a3c600a
408636104,-778322229,3325,1:48:22.840000,"(datetime.datetime(2026, 9, 29, 17, 1, 8, 791000),)",2a3c600d
408638571,-778317783,3350,1:48:22.890000,"(datetime.datetime(2026, 9, 29, 17, 1, 8, 849000),)",2a3c600a
408636214,-778322046,3325,1:48:22.910000,"(datetime.datetime(2026, 9, 29, 17, 1, 8, 870000),)",2a3c600d
408638679,-778317593,3350,1:48:22.970000,"(datetime.datetime(2026, 9, 29, 17, 1, 8, 929000),)",2a3c600a
408636323,-778321857,3325,1:48:23,"(datetime.datetime(2026, 9, 29, 17, 1, 8, 951000),)",2a3c600d
408638791,-778317401,3349,1:48:23.050000,"(datetime.datetime(2026, 9, 29, 17, 1, 9, 10000),)",2a3c600a
408636434,-778321671,3325,1:48:23.080000,"(datetime.datetime(2026, 9, 29, 17, 1, 9, 36000),)",2a3c600d
408638899,-778317209,3350,1:48:23.140000,"(datetime.datetime(2026, 9, 29, 17, 1, 9, 92000),)",2a3c600a
408636542,-778321484,3325,1:48:23.160000,"(datetime.datetime(2026, 9, 29, 17, 1, 9, 114000),)",2a3c600d
408639005,-778317020,3350,1:48:23.220000,"(datetime.datetime(2026, 9, 29, 17, 1, 9, 178000),)",2a3c600a
408636649,-778321292,3325,1:48:23.250000,"(datetime.datetime(2026, 9, 29, 17, 1, 9, 202000),)",2a3c600d
408639116,-778316827,3350,1:48:23.310000,"(datetime.datetime(2026, 9, 29, 17, 1, 9, 264000),)",2a3c600a
408636759,-778321104,3325,1:48:23.330000,"(datetime.datetime(2026, 9, 29, 17, 1, 9, 286000),)",2a3c600d
408639222,-778316641,3349,1:48:23.400000,"(datetime.datetime(2026, 9, 29, 17, 1, 9, 352000),)",2a3c600a
408636868,-778320911,3325,1:48:23.420000,"(datetime.datetime(2026, 9, 29, 17, 1, 9, 374000),)",2a3c600d
408639331,-778316451,3350,1:48:23.470000,"(datetime.datetime(2026, 9, 29, 17, 1, 9, 429000),)",2a3c600a
408636977,-778320722,3325,1:48:23.500000,"(datetime.datetime(2026, 9, 29, 17, 1, 9, 454000),)",2a3c600d
408639439,-778316264,3350,1:48:23.560000,"(datetime.datetime(2026, 9, 29, 17, 1, 9, 513000),)",2a3c600a
408637090,-778320539,3325,1:48:23.580000,"(datetime.datetime(2026, 9, 29, 17, 1, 9, 534000),)",2a3c600d
408639551,-778316076,3350,1:48:23.650000,"(datetime.datetime(2026, 9, 29, 17, 1, 9, 605000),)",2a3c600a
408637201,-778320349,3325,1:48:23.670000,"(datetime.datetime(2026, 9, 29, 17, 1, 9, 627000),)",2a3c600d
408639655,-778315888,3350,1:48:23.730000,"(datetime.datetime(2026, 9, 29, 17, 1, 9, 687000),)",2a3c600a
408637311,-778320160,3325,1:48:23.750000,"(datetime.datetime(2026, 9, 29, 17, 1, 9, 709000),)",2a3c600d
408639761,-778315700,3350,1:48:23.830000,"(datetime.datetime(2026, 9, 29, 17, 1, 9, 781000),)",2a3c600a
408637422,-778319973,3325,1:48:23.880000,"(datetime.datetime(2026, 9, 29, 17, 1, 9, 839000),)",2a3c600d
408639872,-778315514,3350,1:48:23.910000,"(datetime.datetime(2026, 9, 29, 17, 1, 9, 863000),)",2a3c600a
408637532,-778319781,3325,1:48:23.970000,"(datetime.datetime(2026, 9, 29, 17, 1, 9, 922000),)",2a3c600d
408639976,-778315328,3350,1:48:23.990000,"(datetime.datetime(2026, 9, 29, 17, 1, 9, 944000),)",2a3c600a
408637641,-778319593,3325,1:48:24.050000,"(datetime.datetime(2026, 9, 29, 17, 1, 10, 5000),)",2a3c600d
408640084,-778315144,3350,1:48:24.070000,"(datetime.datetime(2026, 9, 29, 17, 1, 10, 26000),)",2a3c600a
408637752,-778319405,3325,1:48:24.130000,"(datetime.datetime(2026, 9, 29, 17, 1, 10, 84000),)",2a3c600d
408640188,-778314962,3350,1:48:24.150000,"(datetime.datetime(2026, 9, 29, 17, 1, 10, 107000),)",2a3c600a
408637861,-778319218,3326,1:48:24.210000,"(datetime.datetime(2026, 9, 29, 17, 1, 10, 168000),)",2a3c600d
408640294,-778314781,3350,1:48:24.240000,"(datetime.datetime(2026, 9, 29, 17, 1, 10, 193000),)",2a3c600a
408637971,-778319032,3326,1:48:24.300000,"(datetime.datetime(2026, 9, 29, 17, 1, 10, 258000),)",2a3c600d
408640400,-778314601,3350,1:48:24.350000,"(datetime.datetime(2026, 9, 29, 17, 1, 10, 306000),)",2a3c600a
408638082,-778318843,3326,1:48:24.380000,"(datetime.datetime(2026, 9, 29, 17, 1, 10, 333000),)",2a3c600d
408640506,-778314419,3351,1:48:24.440000,"(datetime.datetime(2026, 9, 29, 17, 1, 10, 391000),)",2a3c600a
408638187,-778318653,3326,1:48:24.460000,"(datetime.datetime(2026, 9, 29, 17, 1, 10, 415000),)",2a3c600d
408640612,-778314238,3351,1:48:24.520000,"(datetime.datetime(2026, 9, 29, 17, 1, 10, 476000),)",2a3c600a
408638295,-778318469,3326,1:48:24.580000,"(datetime.datetime(2026, 9, 29, 17, 1, 10, 535000),)",2a3c600d
408640713,-778314063,3350,1:48:24.650000,"(datetime.datetime(2026, 9, 29, 17, 1, 10, 604000),)",2a3c600a
408638406,-778318283,3326,1:48:24.700000,"(datetime.datetime(2026, 9, 29, 17, 1, 10, 653000),)",2a3c600d
408640816,-778313883,3351,1:48:24.720000,"(datetime.datetime(2026, 9, 29, 17, 1, 10, 676000),)",2a3c600a
408638516,-778318096,3326,1:48:24.790000,"(datetime.datetime(2026, 9, 29, 17, 1, 10, 745000),)",2a3c600d
408640918,-778313711,3350,1:48:24.860000,"(datetime.datetime(2026, 9, 29, 17, 1, 10, 816000),)",2a3c600a
408638620,-778317907,3327,1:48:24.890000,"(datetime.datetime(2026, 9, 29, 17, 1, 10, 850000),)",2a3c600d
408641026,-778313536,3351,1:48:24.930000,"(datetime.datetime(2026, 9, 29, 17, 1, 10, 884000),)",2a3c600a
408638729,-778317719,3326,1:48:24.950000,"(datetime.datetime(2026, 9, 29, 17, 1, 10, 908000),)",2a3c600d
408641123,-778313362,3351,1:48:25.010000,"(datetime.datetime(2026, 9, 29, 17, 1, 10, 963000),)",2a3c600a
408638836,-778317534,3326,1:48:25.030000,"(datetime.datetime(2026, 9, 29, 17, 1, 10, 985000),)",2a3c600d
408641224,-778313188,3351,1:48:25.090000,"(datetime.datetime(2026, 9, 29, 17, 1, 11, 46000),)",2a3c600a
408638943,-778317350,3326,1:48:25.110000,"(datetime.datetime(2026, 9, 29, 17, 1, 11, 68000),)",2a3c600d
408641327,-778313021,3351,1:48:25.180000,"(datetime.datetime(2026, 9, 29, 17, 1, 11, 136000),)",2a3c600a
408639048,-778317166,3326,1:48:25.250000,"(datetime.datetime(2026, 9, 29, 17, 1, 11, 203000),)",2a3c600d
408641422,-778312853,3350,1:48:25.270000,"(datetime.datetime(2026, 9, 29, 17, 1, 11, 226000),)",2a3c600a
408639156,-778316981,3326,1:48:25.320000,"(datetime.datetime(2026, 9, 29, 17, 1, 11, 277000),)",2a3c600d
408641523,-778312684,3350,1:48:25.360000,"(datetime.datetime(2026, 9, 29, 17, 1, 11, 310000),)",2a3c600a
408639261,-778316796,3327,1:48:25.420000,"(datetime.datetime(2026, 9, 29, 17, 1, 11, 371000),)",2a3c600d
408641631,-778312517,3351,1:48:25.470000,"(datetime.datetime(2026, 9, 29, 17, 1, 11, 421000),)",2a3c600a
408639370,-778316613,3327,1:48:25.500000,"(datetime.datetime(2026, 9, 29, 17, 1, 11, 450000),)",2a3c600d
408641725,-778312356,3351,1:48:25.560000,"(datetime.datetime(2026, 9, 29, 17, 1, 11, 515000),)",2a3c600a
408639474,-778316431,3327,1:48:25.580000,"(datetime.datetime(2026, 9, 29, 17, 1, 11, 537000),)",2a3c600d
408641821,-778312193,3350,1:48:25.650000,"(datetime.datetime(2026, 9, 29, 17, 1, 11, 602000),)",2a3c600a
408639581,-778316244,3327,1:48:25.700000,"(datetime.datetime(2026, 9, 29, 17, 1, 11, 655000),)",2a3c600d
408641918,-778312032,3351,1:48:25.770000,"(datetime.datetime(2026, 9, 29, 17, 1, 11, 723000),)",2a3c600a
408639691,-778316062,3327,1:48:25.820000,"(datetime.datetime(2026, 9, 29, 17, 1, 11, 774000),)",2a3c600d
408642015,-778311873,3351,1:48:25.840000,"(datetime.datetime(2026, 9, 29, 17, 1, 11, 798000),)",2a3c600a
408639797,-778315880,3327,1:48:25.900000,"(datetime.datetime(2026, 9, 29, 17, 1, 11, 857000),)",2a3c600d
408642110,-778311715,3351,1:48:25.920000,"(datetime.datetime(2026, 9, 29, 17, 1, 11, 880000),)",2a3c600a
408639900,-778315697,3327,1:48:25.980000,"(datetime.datetime(2026, 9, 29, 17, 1, 11, 938000),)",2a3c600d
408642202,-778311561,3350,1:48:26,"(datetime.datetime(2026, 9, 29, 17, 1, 11, 960000),)",2a3c600a
408640007,-778315513,3327,1:48:26.070000,"(datetime.datetime(2026, 9, 29, 17, 1, 12, 22000),)",2a3c600d
408642297,-778311410,3350,1:48:26.090000,"(datetime.datetime(2026, 9, 29, 17, 1, 12, 44000),)",2a3c600a
408640111,-778315332,3327,1:48:26.150000,"(datetime.datetime(2026, 9, 29, 17, 1, 12, 106000),)",2a3c600d
408642388,-778311253,3351,1:48:26.170000,"(datetime.datetime(2026, 9, 29, 17, 1, 12, 128000),)",2a3c600a
408640217,-778315153,3327,1:48:26.230000,"(datetime.datetime(2026, 9, 29, 17, 1, 12, 188000),)",2a3c600d
408642482,-778311108,3350,1:48:26.250000,"(datetime.datetime(2026, 9, 29, 17, 1, 12, 210000),)",2a3c600a
408640324,-778314968,3327,1:48:26.310000,"(datetime.datetime(2026, 9, 29, 17, 1, 12, 267000),)",2a3c600d
408642575,-778310949,3351,1:48:26.340000,"(datetime.datetime(2026, 9, 29, 17, 1, 12, 293000),)",2a3c600a
408640432,-778314789,3327,1:48:26.400000,"(datetime.datetime(2026, 9, 29, 17, 1, 12, 352000),)",2a3c600d
408642666,-778310811,3351,1:48:26.420000,"(datetime.datetime(2026, 9, 29, 17, 1, 12, 376000),)",2a3c600a
408640532,-778314607,3327,1:48:26.490000,"(datetime.datetime(2026, 9, 29, 17, 1, 12, 446000),)",2a3c600d
408642752,-778310667,3351,1:48:26.510000,"(datetime.datetime(2026, 9, 29, 17, 1, 12, 469000),)",2a3c600a
408640639,-778314428,3327,1:48:26.570000,"(datetime.datetime(2026, 9, 29, 17, 1, 12, 530000),)",2a3c600d
408642842,-778310524,3351,1:48:26.600000,"(datetime.datetime(2026, 9, 29, 17, 1, 12, 555000),)",2a3c600a
408640745,-778314248,3327,1:48:26.680000,"(datetime.datetime(2026, 9, 29, 17, 1, 12, 632000),)",2a3c600d
408642925,-778310383,3351,1:48:26.720000,"(datetime.datetime(2026, 9, 29, 17, 1, 12, 678000),)",2a3c600a
408640846,-778314067,3327,1:48:26.740000,"(datetime.datetime(2026, 9, 29, 17, 1, 12, 700000),)",2a3c600d
408643013,-778310247,3351,1:48:26.810000,"(datetime.datetime(2026, 9, 29, 17, 1, 12, 761000),)",2a3c600a
408640950,-778313886,3327,1:48:26.830000,"(datetime.datetime(2026, 9, 29, 17, 1, 12, 783000),)",2a3c600d
408643101,-778310116,3351,1:48:26.890000,"(datetime.datetime(2026, 9, 29, 17, 1, 12, 844000),)",2a3c600a
408641054,-778313710,3327,1:48:26.910000,"(datetime.datetime(2026, 9, 29, 17, 1, 12, 866000),)",2a3c600d
408643188,-778309985,3351,1:48:26.970000,"(datetime.datetime(2026, 9, 29, 17, 1, 12, 923000),)",2a3c600a
408641157,-778313534,3327,1:48:26.990000,"(datetime.datetime(2026, 9, 29, 17, 1, 12, 945000),)",2a3c600d
408643273,-778309857,3352,1:48:27.050000,"(datetime.datetime(2026, 9, 29, 17, 1, 13, 6000),)",2a3c600a
408641256,-778313356,3327,1:48:27.070000,"(datetime.datetime(2026, 9, 29, 17, 1, 13, 27000),)",2a3c600d
408643349,-778309733,3351,1:48:27.140000,"(datetime.datetime(2026, 9, 29, 17, 1, 13, 92000),)",2a3c600a
408641359,-778313175,3328,1:48:27.160000,"(datetime.datetime(2026, 9, 29, 17, 1, 13, 114000),)",2a3c600d
408643439,-778309604,3351,1:48:27.220000,"(datetime.datetime(2026, 9, 29, 17, 1, 13, 172000),)",2a3c600a
408641457,-778313002,3327,1:48:27.240000,"(datetime.datetime(2026, 9, 29, 17, 1, 13, 194000),)",2a3c600d
408643521,-778309490,3351,1:48:27.300000,"(datetime.datetime(2026, 9, 29, 17, 1, 13, 256000),)",2a3c600a
408641555,-778312824,3327,1:48:27.320000,"(datetime.datetime(2026, 9, 29, 17, 1, 13, 278000),)",2a3c600d
408643596,-778309371,3351,1:48:27.380000,"(datetime.datetime(2026, 9, 29, 17, 1, 13, 339000),)",2a3c600a
408641652,-778312652,3328,1:48:27.410000,"(datetime.datetime(2026, 9, 29, 17, 1, 13, 363000),)",2a3c600d
408643680,-778309257,3351,1:48:27.470000,"(datetime.datetime(2026, 9, 29, 17, 1, 13, 422000),)",2a3c600a
408641748,-778312479,3328,1:48:27.490000,"(datetime.datetime(2026, 9, 29, 17, 1, 13, 444000),)",2a3c600d
408643756,-778309146,3351,1:48:27.560000,"(datetime.datetime(2026, 9, 29, 17, 1, 13, 513000),)",2a3c600a
408641847,-778312310,3328,1:48:27.580000,"(datetime.datetime(2026, 9, 29, 17, 1, 13, 534000),)",2a3c600d
408643835,-778309039,3352,1:48:27.650000,"(datetime.datetime(2026, 9, 29, 17, 1, 13, 603000),)",2a3c600a
408641944,-778312143,3328,1:48:27.710000,"(datetime.datetime(2026, 9, 29, 17, 1, 13, 666000),)",2a3c600d
408643911,-778308934,3351,1:48:27.750000,"(datetime.datetime(2026, 9, 29, 17, 1, 13, 709000),)",2a3c600a
408642037,-778311977,3328,1:48:27.770000,"(datetime.datetime(2026, 9, 29, 17, 1, 13, 730000),)",2a3c600d
408643988,-778308829,3351,1:48:27.840000,"(datetime.datetime(2026, 9, 29, 17, 1, 13, 791000),)",2a3c600a
408642129,-778311817,3328,1:48:28.020000,"(datetime.datetime(2026, 9, 29, 17, 1, 13, 972000),)",2a3c600d
408644061,-778308728,3352,1:48:28.210000,"(datetime.datetime(2026, 9, 29, 17, 1, 14, 165000),)",2a3c600a
408642222,-778311652,3328,1:48:28.350000,"(datetime.datetime(2026, 9, 29, 17, 1, 14, 303000),)",2a3c600d
408644134,-778308633,3351,1:48:28.480000,"(datetime.datetime(2026, 9, 29, 17, 1, 14, 435000),)",2a3c600a
408642317,-778311491,3328,1:48:28.540000,"(datetime.datetime(2026, 9, 29, 17, 1, 14, 491000),)",2a3c600d
408644209,-778308527,3351,1:48:28.810000,"(datetime.datetime(2026, 9, 29, 17, 1, 14, 762000),)",2a3c600a
408642411,-778311335,3328,1:48:29.010000,"(datetime.datetime(2026, 9, 29, 17, 1, 14, 967000),)",2a3c600d
408644278,-778308444,3351,1:48:29.220000,"(datetime.datetime(2026, 9, 29, 17, 1, 15, 176000),)",2a3c600a
408642501,-778311180,3328,1:48:29.370000,"(datetime.datetime(2026, 9, 29, 17, 1, 15, 323000),)",2a3c600d
408644346,-778308351,3351,1:48:29.440000,"(datetime.datetime(2026, 9, 29, 17, 1, 15, 399000),)",2a3c600a
408642592,-778311027,3328,1:48:29.540000,"(datetime.datetime(2026, 9, 29, 17, 1, 15, 492000),)",2a3c600d
408644417,-778308265,3351,1:48:29.680000,"(datetime.datetime(2026, 9, 29, 17, 1, 15, 633000),)",2a3c600a
408642682,-778310879,3328,1:48:29.760000,"(datetime.datetime(2026, 9, 29, 17, 1, 15, 714000),)",2a3c600d
408644484,-778308180,3351,1:48:29.850000,"(datetime.datetime(2026, 9, 29, 17, 1, 15, 803000),)",2a3c600a
408642769,-778310732,3329,1:48:30.020000,"(datetime.datetime(2026, 9, 29, 17, 1, 15, 971000),)",2a3c600d
408644552,-778308099,3351,1:48:30.060000,"(datetime.datetime(2026, 9, 29, 17, 1, 16, 19000),)",2a3c600a
408642856,-778310589,3329,1:48:30.160000,"(datetime.datetime(2026, 9, 29, 17, 1, 16, 118000),)",2a3c600d
408644619,-778308019,3351,1:48:30.230000,"(datetime.datetime(2026, 9, 29, 17, 1, 16, 188000),)",2a3c600a
408642938,-778310445,3329,1:48:30.300000,"(datetime.datetime(2026, 9, 29, 17, 1, 16, 253000),)",2a3c600d
408644680,-778307943,3350,1:48:30.380000,"(datetime.datetime(2026, 9, 29, 17, 1, 16, 335000),)",2a3c600a
408643028,-778310315,3329,1:48:30.440000,"(datetime.datetime(2026, 9, 29, 17, 1, 16, 399000),)",2a3c600d
408644744,-778307874,3350,1:48:30.580000,"(datetime.datetime(2026, 9, 29, 17, 1, 16, 531000),)",2a3c600a
408643107,-778310182,3329,1:48:30.770000,"(datetime.datetime(2026, 9, 29, 17, 1, 16, 720000),)",2a3c600d
408644807,-778307801,3351,1:48:30.800000,"(datetime.datetime(2026, 9, 29, 17, 1, 16, 756000),)",2a3c600a
408643196,-778310041,3328,1:48:30.830000,"(datetime.datetime(2026, 9, 29, 17, 1, 16, 789000),)",2a3c600d
408644870,-778307725,3350,1:48:30.860000,"(datetime.datetime(2026, 9, 29, 17, 1, 16, 811000),)",2a3c600a
408643277,-778309922,3328,1:48:30.930000,"(datetime.datetime(2026, 9, 29, 17, 1, 16, 885000),)",2a3c600d
408644930,-778307670,3351,1:48:30.990000,"(datetime.datetime(2026, 9, 29, 17, 1, 16, 941000),)",2a3c600a
408643360,-778309797,3328,1:48:31.010000,"(datetime.datetime(2026, 9, 29, 17, 1, 16, 964000),)",2a3c600d
408644985,-778307604,3350,1:48:31.070000,"(datetime.datetime(2026, 9, 29, 17, 1, 17, 24000),)",2a3c600a
408643439,-778309681,3328,1:48:31.090000,"(datetime.datetime(2026, 9, 29, 17, 1, 17, 47000),)",2a3c600d
408645046,-778307546,3351,1:48:31.160000,"(datetime.datetime(2026, 9, 29, 17, 1, 17, 118000),)",2a3c600a
408643521,-778309567,3329,1:48:31.220000,"(datetime.datetime(2026, 9, 29, 17, 1, 17, 175000),)",2a3c600d
408645096,-778307488,3350,1:48:31.270000,"(datetime.datetime(2026, 9, 29, 17, 1, 17, 223000),)",2a3c600a
408643599,-778309454,3329,1:48:31.290000,"(datetime.datetime(2026, 9, 29, 17, 1, 17, 248000),)",2a3c600d
408645150,-778307430,3350,1:48:31.350000,"(datetime.datetime(2026, 9, 29, 17, 1, 17, 309000),)",2a3c600a
408643679,-778309344,3329,1:48:31.380000,"(datetime.datetime(2026, 9, 29, 17, 1, 17, 335000),)",2a3c600d
408645205,-778307379,3351,1:48:31.440000,"(datetime.datetime(2026, 9, 29, 17, 1, 17, 394000),)",2a3c600a
408643753,-778309241,3328,1:48:31.460000,"(datetime.datetime(2026, 9, 29, 17, 1, 17, 416000),)",2a3c600d
408645255,-778307332,3351,1:48:31.530000,"(datetime.datetime(2026, 9, 29, 17, 1, 17, 490000),)",2a3c600a
408643753,-778309241,3328,1:48:31.560000,"(datetime.datetime(2026, 9, 29, 17, 1, 17, 513000),)",2a3c600d
408645298,-778307280,3350,1:48:31.620000,"(datetime.datetime(2026, 9, 29, 17, 1, 17, 573000),)",2a3c600a
408643905,-778309042,3329,1:48:31.640000,"(datetime.datetime(2026, 9, 29, 17, 1, 17, 595000),)",2a3c600d
408645350,-778307236,3351,1:48:31.710000,"(datetime.datetime(2026, 9, 29, 17, 1, 17, 661000),)",2a3c600a
408643977,-778308931,3328,1:48:31.730000,"(datetime.datetime(2026, 9, 29, 17, 1, 17, 690000),)",2a3c600d
408645402,-778307177,3350,1:48:31.790000,"(datetime.datetime(2026, 9, 29, 17, 1, 17, 746000),)",2a3c600a
408644051,-778308850,3328,1:48:31.850000,"(datetime.datetime(2026, 9, 29, 17, 1, 17, 803000),)",2a3c600d
408645442,-778307143,3350,1:48:31.930000,"(datetime.datetime(2026, 9, 29, 17, 1, 17, 883000),)",2a3c600a
408644120,-778308758,3329,1:48:31.950000,"(datetime.datetime(2026, 9, 29, 17, 1, 17, 905000),)",2a3c600d
408645481,-778307105,3349,1:48:32,"(datetime.datetime(2026, 9, 29, 17, 1, 17, 955000),)",2a3c600a
408644189,-778308672,3329,1:48:32.060000,"(datetime.datetime(2026, 9, 29, 17, 1, 18, 15000),)",2a3c600d
408645522,-778307067,3349,1:48:32.120000,"(datetime.datetime(2026, 9, 29, 17, 1, 18, 72000),)",2a3c600a
408644189,-778308672,3329,1:48:32.190000,"(datetime.datetime(2026, 9, 29, 17, 1, 18, 140000),)",2a3c600d
408645563,-778307032,3350,1:48:32.210000,"(datetime.datetime(2026, 9, 29, 17, 1, 18, 165000),)",2a3c600a
408644256,-778308586,3329,1:48:32.250000,"(datetime.datetime(2026, 9, 29, 17, 1, 18, 208000),)",2a3c600d
408645600,-778306997,3350,1:48:32.280000,"(datetime.datetime(2026, 9, 29, 17, 1, 18, 233000),)",2a3c600a
408644325,-778308506,3329,1:48:32.340000,"(datetime.datetime(2026, 9, 29, 17, 1, 18, 292000),)",2a3c600d
408645634,-778306964,3350,1:48:32.360000,"(datetime.datetime(2026, 9, 29, 17, 1, 18, 314000),)",2a3c600a
408644387,-778308428,3329,1:48:32.420000,"(datetime.datetime(2026, 9, 29, 17, 1, 18, 376000),)",2a3c600d
408645666,-778306934,3350,1:48:32.440000,"(datetime.datetime(2026, 9, 29, 17, 1, 18, 397000),)",2a3c600a
408644449,-778308355,3329,1:48:32.520000,"(datetime.datetime(2026, 9, 29, 17, 1, 18, 473000),)",2a3c600d
408645695,-778306903,3349,1:48:32.570000,"(datetime.datetime(2026, 9, 29, 17, 1, 18, 521000),)",2a3c600a
408644506,-778308287,3328,1:48:32.590000,"(datetime.datetime(2026, 9, 29, 17, 1, 18, 543000),)",2a3c600d
408645724,-778306875,3349,1:48:32.650000,"(datetime.datetime(2026, 9, 29, 17, 1, 18, 605000),)",2a3c600a
408644566,-778308220,3329,1:48:32.670000,"(datetime.datetime(2026, 9, 29, 17, 1, 18, 630000),)",2a3c600d
408645766,-778306850,3350,1:48:32.730000,"(datetime.datetime(2026, 9, 29, 17, 1, 18, 683000),)",2a3c600a
408644622,-778308141,3329,1:48:32.750000,"(datetime.datetime(2026, 9, 29, 17, 1, 18, 707000),)",2a3c600d
408644668,-778308088,3329,1:48:32.810000,"(datetime.datetime(2026, 9, 29, 17, 1, 18, 769000),)",2a3c600d
408645781,-778306828,3350,1:48:32.840000,"(datetime.datetime(2026, 9, 29, 17, 1, 18, 791000),)",2a3c600a
408644721,-778308029,3329,1:48:32.900000,"(datetime.datetime(2026, 9, 29, 17, 1, 18, 853000),)",2a3c600d
408645805,-778306805,3349,1:48:32.920000,"(datetime.datetime(2026, 9, 29, 17, 1, 18, 875000),)",2a3c600a
408644770,-778307975,3329,1:48:32.980000,"(datetime.datetime(2026, 9, 29, 17, 1, 18, 937000),)",2a3c600d
408645829,-778306782,3349,1:48:33.010000,"(datetime.datetime(2026, 9, 29, 17, 1, 18, 960000),)",2a3c600a
408644814,-778307922,3329,1:48:33.060000,"(datetime.datetime(2026, 9, 29, 17, 1, 19, 20000),)",2a3c600d
408645853,-778306763,3350,1:48:33.090000,"(datetime.datetime(2026, 9, 29, 17, 1, 19, 43000),)",2a3c600a
408644814,-778307922,3329,1:48:33.150000,"(datetime.datetime(2026, 9, 29, 17, 1, 19, 104000),)",2a3c600d
408645870,-778306744,3349,1:48:33.170000,"(datetime.datetime(2026, 9, 29, 17, 1, 19, 126000),)",2a3c600a
408644900,-778307829,3329,1:48:33.230000,"(datetime.datetime(2026, 9, 29, 17, 1, 19, 189000),)",2a3c600d
408645891,-778306726,3349,1:48:33.260000,"(datetime.datetime(2026, 9, 29, 17, 1, 19, 213000),)",2a3c600a
408644937,-778307785,3329,1:48:33.320000,"(datetime.datetime(2026, 9, 29, 17, 1, 19, 278000),)",2a3c600d
408645907,-778306708,3349,1:48:33.340000,"(datetime.datetime(2026, 9, 29, 17, 1, 19, 300000),)",2a3c600a
408644937,-778307785,3329,1:48:33.410000,"(datetime.datetime(2026, 9, 29, 17, 1, 19, 365000),)",2a3c600d
408645923,-778306699,3349,1:48:33.430000,"(datetime.datetime(2026, 9, 29, 17, 1, 19, 387000),)",2a3c600a
408644975,-778307749,3329,1:48:33.510000,"(datetime.datetime(2026, 9, 29, 17, 1, 19, 462000),)",2a3c600d
408645937,-778306681,3348,1:48:33.530000,"(datetime.datetime(2026, 9, 29, 17, 1, 19, 483000),)",2a3c600a
408645001,-778307708,3329,1:48:33.590000,"(datetime.datetime(2026, 9, 29, 17, 1, 19, 549000),)",2a3c600d
408645034,-778307661,3328,1:48:33.620000,"(datetime.datetime(2026, 9, 29, 17, 1, 19, 571000),)",2a3c600d
408645959,-778306667,3348,1:48:33.680000,"(datetime.datetime(2026, 9, 29, 17, 1, 19, 636000),)",2a3c600a
408645062,-778307640,3329,1:48:33.710000,"(datetime.datetime(2026, 9, 29, 17, 1, 19, 662000),)",2a3c600d
408645964,-778306662,3348,1:48:33.760000,"(datetime.datetime(2026, 9, 29, 17, 1, 19, 719000),)",2a3c600a
408645062,-778307640,3329,1:48:33.830000,"(datetime.datetime(2026, 9, 29, 17, 1, 19, 786000),)",2a3c600d
408645088,-778307610,3328,1:48:33.850000,"(datetime.datetime(2026, 9, 29, 17, 1, 19, 808000),)",2a3c600d
408645976,-778306653,3348,1:48:33.910000,"(datetime.datetime(2026, 9, 29, 17, 1, 19, 863000),)",2a3c600a
408645111,-778307580,3328,1:48:33.930000,"(datetime.datetime(2026, 9, 29, 17, 1, 19, 888000),)",2a3c600d
408645989,-778306641,3349,1:48:34,"(datetime.datetime(2026, 9, 29, 17, 1, 19, 951000),)",2a3c600a
408645141,-778307559,3329,1:48:34.060000,"(datetime.datetime(2026, 9, 29, 17, 1, 20, 10000),)",2a3c600d
408645993,-778306636,3349,1:48:34.080000,"(datetime.datetime(2026, 9, 29, 17, 1, 20, 33000),)",2a3c600a
408645164,-778307534,3329,1:48:34.150000,"(datetime.datetime(2026, 9, 29, 17, 1, 20, 100000),)",2a3c600d
408646005,-778306627,3349,1:48:34.210000,"(datetime.datetime(2026, 9, 29, 17, 1, 20, 167000),)",2a3c600a
408645183,-778307511,3329,1:48:34.270000,"(datetime.datetime(2026, 9, 29, 17, 1, 20, 226000),)",2a3c600d
408646012,-778306620,3349,1:48:34.300000,"(datetime.datetime(2026, 9, 29, 17, 1, 20, 254000),)",2a3c600a
408645206,-778307489,3329,1:48:34.350000,"(datetime.datetime(2026, 9, 29, 17, 1, 20, 305000),)",2a3c600d
408646019,-778306614,3349,1:48:34.380000,"(datetime.datetime(2026, 9, 29, 17, 1, 20, 330000),)",2a3c600a
408645224,-778307471,3329,1:48:34.440000,"(datetime.datetime(2026, 9, 29, 17, 1, 20, 395000),)",2a3c600d
408646028,-778306607,3349,1:48:34.510000,"(datetime.datetime(2026, 9, 29, 17, 1, 20, 466000),)",2a3c600a
408645238,-778307454,3329,1:48:34.540000,"(datetime.datetime(2026, 9, 29, 17, 1, 20, 499000),)",2a3c600d
408646034,-778306600,3349,1:48:34.570000,"(datetime.datetime(2026, 9, 29, 17, 1, 20, 530000),)",2a3c600a
408645265,-778307422,3328,1:48:34.600000,"(datetime.datetime(2026, 9, 29, 17, 1, 20, 551000),)",2a3c600d
408646043,-778306592,3349,1:48:34.670000,"(datetime.datetime(2026, 9, 29, 17, 1, 20, 626000),)",2a3c600a
408645271,-778307412,3329,1:48:34.720000,"(datetime.datetime(2026, 9, 29, 17, 1, 20, 672000),)",2a3c600d
408646043,-778306589,3349,1:48:34.740000,"(datetime.datetime(2026, 9, 29, 17, 1, 20, 696000),)",2a3c600a
408645286,-778307398,3329,1:48:34.810000,"(datetime.datetime(2026, 9, 29, 17, 1, 20, 767000),)",2a3c600d
408646049,-778306585,3349,1:48:34.840000,"(datetime.datetime(2026, 9, 29, 17, 1, 20, 791000),)",2a3c600a
408645300,-778307387,3329,1:48:34.890000,"(datetime.datetime(2026, 9, 29, 17, 1, 20, 849000),)",2a3c600d
408646054,-778306582,3349,1:48:34.920000,"(datetime.datetime(2026, 9, 29, 17, 1, 20, 871000),)",2a3c600a
408645309,-778307376,3329,1:48:34.980000,"(datetime.datetime(2026, 9, 29, 17, 1, 20, 932000),)",2a3c600d
408646055,-778306578,3348,1:48:35,"(datetime.datetime(2026, 9, 29, 17, 1, 20, 954000),)",2a3c600a
408645318,-778307368,3329,1:48:35.060000,"(datetime.datetime(2026, 9, 29, 17, 1, 21, 13000),)",2a3c600d
408646060,-778306575,3349,1:48:35.080000,"(datetime.datetime(2026, 9, 29, 17, 1, 21, 35000),)",2a3c600a
408645327,-778307359,3329,1:48:35.140000,"(datetime.datetime(2026, 9, 29, 17, 1, 21, 99000),)",2a3c600d
408646064,-778306571,3349,1:48:35.170000,"(datetime.datetime(2026, 9, 29, 17, 1, 21, 123000),)",2a3c600a
408645335,-778307348,3329,1:48:35.230000,"(datetime.datetime(2026, 9, 29, 17, 1, 21, 189000),)",2a3c600d
408646064,-778306569,3349,1:48:35.260000,"(datetime.datetime(2026, 9, 29, 17, 1, 21, 215000),)",2a3c600a
408645342,-778307343,3329,1:48:35.320000,"(datetime.datetime(2026, 9, 29, 17, 1, 21, 273000),)",2a3c600d
408646069,-778306567,3349,1:48:35.340000,"(datetime.datetime(2026, 9, 29, 17, 1, 21, 298000),)",2a3c600a
408645350,-778307338,3329,1:48:35.400000,"(datetime.datetime(2026, 9, 29, 17, 1, 21, 357000),)",2a3c600d
408646071,-778306566,3350,1:48:35.420000,"(datetime.datetime(2026, 9, 29, 17, 1, 21, 380000),)",2a3c600a
408645361,-778307318,3329,1:48:35.480000,"(datetime.datetime(2026, 9, 29, 17, 1, 21, 440000),)",2a3c600d
408646075,-778306564,3349,1:48:35.510000,"(datetime.datetime(2026, 9, 29, 17, 1, 21, 465000),)",2a3c600a
408645368,-778307316,3329,1:48:35.570000,"(datetime.datetime(2026, 9, 29, 17, 1, 21, 520000),)",2a3c600d
408646074,-778306566,3349,1:48:35.590000,"(datetime.datetime(2026, 9, 29, 17, 1, 21, 543000),)",2a3c600a
408645371,-778307314,3330,1:48:35.650000,"(datetime.datetime(2026, 9, 29, 17, 1, 21, 602000),)",2a3c600d
408646075,-778306565,3349,1:48:35.670000,"(datetime.datetime(2026, 9, 29, 17, 1, 21, 624000),)",2a3c600a
408645371,-778307314,3330,1:48:35.730000,"(datetime.datetime(2026, 9, 29, 17, 1, 21, 689000),)",2a3c600d
408646072,-778306566,3349,1:48:35.760000,"(datetime.datetime(2026, 9, 29, 17, 1, 21, 711000),)",2a3c600a
408645379,-778307306,3329,1:48:35.820000,"(datetime.datetime(2026, 9, 29, 17, 1, 21, 772000),)",2a3c600d
408646073,-778306566,3349,1:48:35.880000,"(datetime.datetime(2026, 9, 29, 17, 1, 21, 831000),)",2a3c600a
408645379,-778307306,3329,1:48:35.900000,"(datetime.datetime(2026, 9, 29, 17, 1, 21, 854000),)",2a3c600d
408646071,-778306567,3349,1:48:35.960000,"(datetime.datetime(2026, 9, 29, 17, 1, 21, 913000),)",2a3c600a
408645381,-778307305,3329,1:48:35.980000,"(datetime.datetime(2026, 9, 29, 17, 1, 21, 937000),)",2a3c600d
408646072,-778306567,3349,1:48:36.040000,"(datetime.datetime(2026, 9, 29, 17, 1, 21, 999000),)",2a3c600a
408645383,-778307301,3330,1:48:36.100000,"(datetime.datetime(2026, 9, 29, 17, 1, 22, 60000),)",2a3c600d
408646072,-778306566,3349,1:48:36.130000,"(datetime.datetime(2026, 9, 29, 17, 1, 22, 87000),)",2a3c600a
408645383,-778307303,3329,1:48:36.180000,"(datetime.datetime(2026, 9, 29, 17, 1, 22, 135000),)",2a3c600d
408646073,-778306567,3349,1:48:36.200000,"(datetime.datetime(2026, 9, 29, 17, 1, 22, 157000),)",2a3c600a
408645385,-778307301,3329,1:48:36.270000,"(datetime.datetime(2026, 9, 29, 17, 1, 22, 222000),)",2a3c600d
408646072,-778306566,3349,1:48:36.290000,"(datetime.datetime(2026, 9, 29, 17, 1, 22, 244000),)",2a3c600a
408645385,-778307301,3329,1:48:36.350000,"(datetime.datetime(2026, 9, 29, 17, 1, 22, 302000),)",2a3c600d
408646072,-778306570,3350,1:48:36.370000,"(datetime.datetime(2026, 9, 29, 17, 1, 22, 325000),)",2a3c600a
408645386,-778307297,3330,1:48:36.440000,"(datetime.datetime(2026, 9, 29, 17, 1, 22, 395000),)",2a3c600d
408646071,-778306571,3350,1:48:36.490000,"(datetime.datetime(2026, 9, 29, 17, 1, 22, 448000),)",2a3c600a
408645383,-778307301,3329,1:48:36.520000,"(datetime.datetime(2026, 9, 29, 17, 1, 22, 471000),)",2a3c600d
408646072,-778306571,3350,1:48:36.580000,"(datetime.datetime(2026, 9, 29, 17, 1, 22, 537000),)",2a3c600a
408645384,-778307300,3330,1:48:36.600000,"(datetime.datetime(2026, 9, 29, 17, 1, 22, 559000),)",2a3c600d
408646074,-778306570,3350,1:48:36.660000,"(datetime.datetime(2026, 9, 29, 17, 1, 22, 615000),)",2a3c600a
408645384,-778307300,3329,1:48:36.680000,"(datetime.datetime(2026, 9, 29, 17, 1, 22, 638000),)",2a3c600d
408646074,-778306570,3350,1:48:36.740000,"(datetime.datetime(2026, 9, 29, 17, 1, 22, 696000),)",2a3c600a
408645382,-778307300,3330,1:48:36.760000,"(datetime.datetime(2026, 9, 29, 17, 1, 22, 719000),)",2a3c600d
408646075,-778306570,3350,1:48:36.830000,"(datetime.datetime(2026, 9, 29, 17, 1, 22, 788000),)",2a3c600a
408645383,-778307299,3330,1:48:36.860000,"(datetime.datetime(2026, 9, 29, 17, 1, 22, 811000),)",2a3c600d
408646074,-778306569,3350,1:48:36.920000,"(datetime.datetime(2026, 9, 29, 17, 1, 22, 877000),)",2a3c600a
408645382,-778307300,3330,1:48:36.950000,"(datetime.datetime(2026, 9, 29, 17, 1, 22, 906000),)",2a3c600d
408646072,-778306572,3350,1:48:37,"(datetime.datetime(2026, 9, 29, 17, 1, 22, 953000),)",2a3c600a
408645383,-778307299,3330,1:48:37.020000,"(datetime.datetime(2026, 9, 29, 17, 1, 22, 976000),)",2a3c600d
408646072,-778306572,3349,1:48:37.090000,"(datetime.datetime(2026, 9, 29, 17, 1, 23, 41000),)",2a3c600a
408645382,-778307299,3330,1:48:37.120000,"(datetime.datetime(2026, 9, 29, 17, 1, 23, 73000),)",2a3c600d
408646073,-778306571,3350,1:48:37.170000,"(datetime.datetime(2026, 9, 29, 17, 1, 23, 123000),)",2a3c600a
408645379,-778307297,3329,1:48:37.190000,"(datetime.datetime(2026, 9, 29, 17, 1, 23, 146000),)",2a3c600d
408646073,-778306579,3350,1:48:37.260000,"(datetime.datetime(2026, 9, 29, 17, 1, 23, 220000),)",2a3c600a
408645377,-778307298,3329,1:48:37.320000,"(datetime.datetime(2026, 9, 29, 17, 1, 23, 279000),)",2a3c600d
408646074,-778306579,3350,1:48:37.350000,"(datetime.datetime(2026, 9, 29, 17, 1, 23, 303000),)",2a3c600a
408646073,-778306580,3350,1:48:37.410000,"(datetime.datetime(2026, 9, 29, 17, 1, 23, 361000),)",2a3c600a
408645376,-778307297,3330,1:48:37.430000,"(datetime.datetime(2026, 9, 29, 17, 1, 23, 383000),)",2a3c600d
408645375,-778307296,3330,1:48:37.490000,"(datetime.datetime(2026, 9, 29, 17, 1, 23, 447000),)",2a3c600d
408646073,-778306579,3350,1:48:37.570000,"(datetime.datetime(2026, 9, 29, 17, 1, 23, 523000),)",2a3c600a
408646074,-778306579,3350,1:48:37.590000,"(datetime.datetime(2026, 9, 29, 17, 1, 23, 546000),)",2a3c600a
408645375,-778307295,3330,1:48:37.630000,"(datetime.datetime(2026, 9, 29, 17, 1, 23, 588000),)",2a3c600d
408645374,-778307295,3329,1:48:37.660000,"(datetime.datetime(2026, 9, 29, 17, 1, 23, 610000),)",2a3c600d
408646072,-778306580,3350,1:48:37.720000,"(datetime.datetime(2026, 9, 29, 17, 1, 23, 675000),)",2a3c600a
408645375,-778307296,3329,1:48:37.740000,"(datetime.datetime(2026, 9, 29, 17, 1, 23, 698000),)",2a3c600d
408646071,-778306579,3350,1:48:37.810000,"(datetime.datetime(2026, 9, 29, 17, 1, 23, 768000),)",2a3c600a
408645374,-778307296,3329,1:48:37.840000,"(datetime.datetime(2026, 9, 29, 17, 1, 23, 793000),)",2a3c600d
408646074,-778306578,3350,1:48:37.910000,"(datetime.datetime(2026, 9, 29, 17, 1, 23, 866000),)",2a3c600a
408645375,-778307297,3329,1:48:37.960000,"(datetime.datetime(2026, 9, 29, 17, 1, 23, 920000),)",2a3c600d
408646072,-778306580,3350,1:48:37.990000,"(datetime.datetime(2026, 9, 29, 17, 1, 23, 944000),)",2a3c600a
408645375,-778307297,3329,1:48:38.050000,"(datetime.datetime(2026, 9, 29, 17, 1, 24, 5000),)",2a3c600d
408646075,-778306578,3350,1:48:38.080000,"(datetime.datetime(2026, 9, 29, 17, 1, 24, 32000),)",2a3c600a
408645374,-778307295,3329,1:48:38.140000,"(datetime.datetime(2026, 9, 29, 17, 1, 24, 91000),)",2a3c600d
408646075,-778306583,3350,1:48:38.160000,"(datetime.datetime(2026, 9, 29, 17, 1, 24, 115000),)",2a3c600a
408645373,-778307296,3329,1:48:38.230000,"(datetime.datetime(2026, 9, 29, 17, 1, 24, 183000),)",2a3c600d
408646074,-778306583,3350,1:48:38.250000,"(datetime.datetime(2026, 9, 29, 17, 1, 24, 206000),)",2a3c600a
408645375,-778307297,3329,1:48:38.310000,"(datetime.datetime(2026, 9, 29, 17, 1, 24, 270000),)",2a3c600d
408646074,-778306583,3350,1:48:38.340000,"(datetime.datetime(2026, 9, 29, 17, 1, 24, 294000),)",2a3c600a
408645374,-778307296,3329,1:48:38.400000,"(datetime.datetime(2026, 9, 29, 17, 1, 24, 355000),)",2a3c600d
408646074,-778306583,3350,1:48:38.420000,"(datetime.datetime(2026, 9, 29, 17, 1, 24, 377000),)",2a3c600a
408645373,-778307295,3329,1:48:38.480000,"(datetime.datetime(2026, 9, 29, 17, 1, 24, 438000),)",2a3c600d
408646074,-778306583,3350,1:48:38.510000,"(datetime.datetime(2026, 9, 29, 17, 1, 24, 461000),)",2a3c600a
408645374,-778307296,3329,1:48:38.580000,"(datetime.datetime(2026, 9, 29, 17, 1, 24, 533000),)",2a3c600d
408646074,-778306583,3350,1:48:38.600000,"(datetime.datetime(2026, 9, 29, 17, 1, 24, 557000),)",2a3c600a
408645375,-778307296,3329,1:48:38.660000,"(datetime.datetime(2026, 9, 29, 17, 1, 24, 617000),)",2a3c600d
408646074,-778306583,3350,1:48:38.720000,"(datetime.datetime(2026, 9, 29, 17, 1, 24, 672000),)",2a3c600a
408645375,-778307296,3329,1:48:38.770000,"(datetime.datetime(2026, 9, 29, 17, 1, 24, 722000),)",2a3c600d
408646074,-778306583,3350,1:48:38.790000,"(datetime.datetime(2026, 9, 29, 17, 1, 24, 744000),)",2a3c600a
408645375,-778307297,3329,1:48:38.850000,"(datetime.datetime(2026, 9, 29, 17, 1, 24, 808000),)",2a3c600d
408646074,-778306583,3350,1:48:38.880000,"(datetime.datetime(2026, 9, 29, 17, 1, 24, 831000),)",2a3c600a
408645375,-778307297,3329,1:48:38.940000,"(datetime.datetime(2026, 9, 29, 17, 1, 24, 895000),)",2a3c600d
408646074,-778306583,3350,1:48:38.960000,"(datetime.datetime(2026, 9, 29, 17, 1, 24, 917000),)",2a3c600a
408645375,-778307297,3329,1:48:39.030000,"(datetime.datetime(2026, 9, 29, 17, 1, 24, 983000),)",2a3c600d
408646075,-778306583,3350,1:48:39.050000,"(datetime.datetime(2026, 9, 29, 17, 1, 25, 10000),)",2a3c600a
408645375,-778307292,3330,1:48:39.120000,"(datetime.datetime(2026, 9, 29, 17, 1, 25, 78000),)",2a3c600d
408646075,-778306583,3350,1:48:39.150000,"(datetime.datetime(2026, 9, 29, 17, 1, 25, 103000),)",2a3c600a
408645375,-778307292,3330,1:48:39.210000,"(datetime.datetime(2026, 9, 29, 17, 1, 25, 167000),)",2a3c600d
408646075,-778306583,3350,1:48:39.240000,"(datetime.datetime(2026, 9, 29, 17, 1, 25, 191000),)",2a3c600a
408645375,-778307293,3330,1:48:39.300000,"(datetime.datetime(2026, 9, 29, 17, 1, 25, 250000),)",2a3c600d
408646075,-778306583,3350,1:48:39.380000,"(datetime.datetime(2026, 9, 29, 17, 1, 25, 337000),)",2a3c600a
408645376,-778307293,3330,1:48:39.450000,"(datetime.datetime(2026, 9, 29, 17, 1, 25, 410000),)",2a3c600d
408646075,-778306583,3350,1:48:39.490000,"(datetime.datetime(2026, 9, 29, 17, 1, 25, 445000),)",2a3c600a
408645376,-778307293,3330,1:48:39.520000,"(datetime.datetime(2026, 9, 29, 17, 1, 25, 478000),)",2a3c600d
408646075,-778306583,3350,1:48:39.550000,"(datetime.datetime(2026, 9, 29, 17, 1, 25, 501000),)",2a3c600a
408645376,-778307293,3330,1:48:39.610000,"(datetime.datetime(2026, 9, 29, 17, 1, 25, 564000),)",2a3c600d
408646075,-778306583,3350,1:48:39.640000,"(datetime.datetime(2026, 9, 29, 17, 1, 25, 593000),)",2a3c600a
408645376,-778307293,3330,1:48:39.710000,"(datetime.datetime(2026, 9, 29, 17, 1, 25, 662000),)",2a3c600d
408646075,-778306583,3350,1:48:39.760000,"(datetime.datetime(2026, 9, 29, 17, 1, 25, 712000),)",2a3c600a
408645376,-778307293,3330,1:48:39.780000,"(datetime.datetime(2026, 9, 29, 17, 1, 25, 733000),)",2a3c600d
408646075,-778306583,3350,1:48:39.840000,"(datetime.datetime(2026, 9, 29, 17, 1, 25, 795000),)",2a3c600a
408645376,-778307293,3330,1:48:39.860000,"(datetime.datetime(2026, 9, 29, 17, 1, 25, 817000),)",2a3c600d
408646075,-778306583,3350,1:48:39.930000,"(datetime.datetime(2026, 9, 29, 17, 1, 25, 885000),)",2a3c600a
408645376,-778307293,3330,1:48:39.950000,"(datetime.datetime(2026, 9, 29, 17, 1, 25, 909000),)",2a3c600d
408646074,-778306583,3350,1:48:40.020000,"(datetime.datetime(2026, 9, 29, 17, 1, 25, 970000),)",2a3c600a
408645376,-778307291,3330,1:48:40.040000,"(datetime.datetime(2026, 9, 29, 17, 1, 25, 995000),)",2a3c600d
408646074,-778306583,3350,1:48:40.110000,"(datetime.datetime(2026, 9, 29, 17, 1, 26, 62000),)",2a3c600a
408645376,-778307291,3330,1:48:40.130000,"(datetime.datetime(2026, 9, 29, 17, 1, 26, 86000),)",2a3c600d
408646074,-778306583,3350,1:48:40.190000,"(datetime.datetime(2026, 9, 29, 17, 1, 26, 140000),)",2a3c600a
408645376,-778307291,3330,1:48:40.210000,"(datetime.datetime(2026, 9, 29, 17, 1, 26, 164000),)",2a3c600d
408646074,-778306583,3350,1:48:40.270000,"(datetime.datetime(2026, 9, 29, 17, 1, 26, 228000),)",2a3c600a
408645376,-778307291,3330,1:48:40.300000,"(datetime.datetime(2026, 9, 29, 17, 1, 26, 252000),)",2a3c600d
408646074,-778306583,3350,1:48:40.360000,"(datetime.datetime(2026, 9, 29, 17, 1, 26, 316000),)",2a3c600a
408645376,-778307291,3330,1:48:40.390000,"(datetime.datetime(2026, 9, 29, 17, 1, 26, 342000),)",2a3c600d
408646074,-778306583,3350,1:48:40.440000,"(datetime.datetime(2026, 9, 29, 17, 1, 26, 398000),)",2a3c600a
408645376,-778307291,3330,1:48:40.470000,"(datetime.datetime(2026, 9, 29, 17, 1, 26, 422000),)",2a3c600d
408646074,-778306583,3350,1:48:40.530000,"(datetime.datetime(2026, 9, 29, 17, 1, 26, 482000),)",2a3c600a
408645376,-778307291,3330,1:48:40.550000,"(datetime.datetime(2026, 9, 29, 17, 1, 26, 505000),)",2a3c600d
408646074,-778306583,3350,1:48:40.620000,"(datetime.datetime(2026, 9, 29, 17, 1, 26, 575000),)",2a3c600a
408645376,-778307291,3330,1:48:40.640000,"(datetime.datetime(2026, 9, 29, 17, 1, 26, 600000),)",2a3c600d
408646074,-778306583,3350,1:48:40.710000,"(datetime.datetime(2026, 9, 29, 17, 1, 26, 663000),)",2a3c600a
408645376,-778307291,3330,1:48:40.770000,"(datetime.datetime(2026, 9, 29, 17, 1, 26, 722000),)",2a3c600d
408646074,-778306583,3350,1:48:40.820000,"(datetime.datetime(2026, 9, 29, 17, 1, 26, 778000),)",2a3c600a
408645376,-778307291,3330,1:48:40.850000,"(datetime.datetime(2026, 9, 29, 17, 1, 26, 803000),)",2a3c600d
408646074,-778306583,3350,1:48:40.900000,"(datetime.datetime(2026, 9, 29, 17, 1, 26, 859000),)",2a3c600a
408645376,-778307291,3330,1:48:40.930000,"(datetime.datetime(2026, 9, 29, 17, 1, 26, 883000),)",2a3c600d
408646074,-778306583,3350,1:48:41,"(datetime.datetime(2026, 9, 29, 17, 1, 26, 958000),)",2a3c600a
408645376,-778307291,3330,1:48:41.050000,"(datetime.datetime(2026, 9, 29, 17, 1, 27, 5000),)",2a3c600d
408646074,-778306583,3350,1:48:41.070000,"(datetime.datetime(2026, 9, 29, 17, 1, 27, 27000),)",2a3c600a
408645376,-778307291,3330,1:48:41.130000,"(datetime.datetime(2026, 9, 29, 17, 1, 27, 89000),)",2a3c600d
408646074,-778306583,3350,1:48:41.160000,"(datetime.datetime(2026, 9, 29, 17, 1, 27, 112000),)",2a3c600a
408645376,-778307291,3330,1:48:41.220000,"(datetime.datetime(2026, 9, 29, 17, 1, 27, 175000),)",2a3c600d
408646074,-778306583,3350,1:48:41.240000,"(datetime.datetime(2026, 9, 29, 17, 1, 27, 197000),)",2a3c600a
408645376,-778307291,3330,1:48:41.300000,"(datetime.datetime(2026, 9, 29, 17, 1, 27, 259000),)",2a3c600d
408646074,-778306583,3350,1:48:41.330000,"(datetime.datetime(2026, 9, 29, 17, 1, 27, 282000),)",2a3c600a
408645376,-778307291,3330,1:48:41.400000,"(datetime.datetime(2026, 9, 29, 17, 1, 27, 356000),)",2a3c600d
408646074,-778306583,3350,1:48:41.420000,"(datetime.datetime(2026, 9, 29, 17, 1, 27, 380000),)",2a3c600a
408645376,-778307291,3330,1:48:41.490000,"(datetime.datetime(2026, 9, 29, 17, 1, 27, 444000),)",2a3c600d
408646074,-778306583,3350,1:48:41.550000,"(datetime.datetime(2026, 9, 29, 17, 1, 27, 504000),)",2a3c600a
408645376,-778307291,3330,1:48:41.570000,"(datetime.datetime(2026, 9, 29, 17, 1, 27, 526000),)",2a3c600d
408646074,-778306583,3350,1:48:41.650000,"(datetime.datetime(2026, 9, 29, 17, 1, 27, 605000),)",2a3c600a
408645376,-778307291,3330,1:48:41.720000,"(datetime.datetime(2026, 9, 29, 17, 1, 27, 672000),)",2a3c600d
408646074,-778306583,3350,1:48:41.780000,"(datetime.datetime(2026, 9, 29, 17, 1, 27, 737000),)",2a3c600a
408645376,-778307291,3330,1:48:41.810000,"(datetime.datetime(2026, 9, 29, 17, 1, 27, 762000),)",2a3c600d
408646074,-778306583,3350,1:48:41.870000,"(datetime.datetime(2026, 9, 29, 17, 1, 27, 823000),)",2a3c600a
408645376,-778307291,3330,1:48:41.890000,"(datetime.datetime(2026, 9, 29, 17, 1, 27, 849000),)",2a3c600d
408646074,-778306583,3350,1:48:41.950000,"(datetime.datetime(2026, 9, 29, 17, 1, 27, 906000),)",2a3c600a
408645376,-778307291,3330,1:48:41.970000,"(datetime.datetime(2026, 9, 29, 17, 1, 27, 929000),)",2a3c600d
408646074,-778306583,3350,1:48:42.050000,"(datetime.datetime(2026, 9, 29, 17, 1, 28, 3000),)",2a3c600a
408645376,-778307291,3330,1:48:42.120000,"(datetime.datetime(2026, 9, 29, 17, 1, 28, 74000),)",2a3c600d
408646074,-778306583,3350,1:48:42.140000,"(datetime.datetime(2026, 9, 29, 17, 1, 28, 99000),)",2a3c600a
408645376,-778307291,3330,1:48:42.190000,"(datetime.datetime(2026, 9, 29, 17, 1, 28, 142000),)",2a3c600d
408646074,-778306583,3350,1:48:42.210000,"(datetime.datetime(2026, 9, 29, 17, 1, 28, 166000),)",2a3c600a
408645376,-778307291,3330,1:48:42.270000,"(datetime.datetime(2026, 9, 29, 17, 1, 28, 227000),)",2a3c600d
408646074,-778306583,3350,1:48:42.290000,"(datetime.datetime(2026, 9, 29, 17, 1, 28, 250000),)",2a3c600a
408645376,-778307291,3330,1:48:42.360000,"(datetime.datetime(2026, 9, 29, 17, 1, 28, 315000),)",2a3c600d
408646074,-778306583,3350,1:48:42.380000,"(datetime.datetime(2026, 9, 29, 17, 1, 28, 339000),)",2a3c600a
408645376,-778307291,3330,1:48:42.450000,"(datetime.datetime(2026, 9, 29, 17, 1, 28, 404000),)",2a3c600d
408646074,-778306583,3350,1:48:42.470000,"(datetime.datetime(2026, 9, 29, 17, 1, 28, 427000),)",2a3c600a
408645376,-778307291,3330,1:48:42.530000,"(datetime.datetime(2026, 9, 29, 17, 1, 28, 490000),)",2a3c600d
408646074,-778306583,3350,1:48:42.560000,"(datetime.datetime(2026, 9, 29, 17, 1, 28, 518000),)",2a3c600a
408645376,-778307291,3330,1:48:42.630000,"(datetime.datetime(2026, 9, 29, 17, 1, 28, 587000),)",2a3c600d
408646074,-778306583,3350,1:48:42.660000,"(datetime.datetime(2026, 9, 29, 17, 1, 28, 612000),)",2a3c600a
408645376,-778307291,3330,1:48:42.720000,"(datetime.datetime(2026, 9, 29, 17, 1, 28, 673000),)",2a3c600d
408646074,-778306583,3350,1:48:42.740000,"(datetime.datetime(2026, 9, 29, 17, 1, 28, 698000),)",2a3c600a
408646074,-778306583,3350,1:48:42.800000,"(datetime.datetime(2026, 9, 29, 17, 1, 28, 759000),)",2a3c600a
408645376,-778307291,3330,1:48:42.830000,"(datetime.datetime(2026, 9, 29, 17, 1, 28, 783000),)",2a3c600d
408646074,-778306583,3350,1:48:43.020000,"(datetime.datetime(2026, 9, 29, 17, 1, 28, 977000),)",2a3c600a
408645376,-778307291,3330,1:48:43.080000,"(datetime.datetime(2026, 9, 29, 17, 1, 29, 32000),)",2a3c600d
408646074,-778306583,3350,1:48:43.180000,"(datetime.datetime(2026, 9, 29, 17, 1, 29, 134000),)",2a3c600a
408645376,-778307291,3330,1:48:43.370000,"(datetime.datetime(2026, 9, 29, 17, 1, 29, 324000),)",2a3c600d
408646074,-778306583,3350,1:48:43.560000,"(datetime.datetime(2026, 9, 29, 17, 1, 29, 514000),)",2a3c600a
408645376,-778307291,3330,1:48:43.820000,"(datetime.datetime(2026, 9, 29, 17, 1, 29, 772000),)",2a3c600d
408646074,-778306583,3350,1:48:43.880000,"(datetime.datetime(2026, 9, 29, 17, 1, 29, 836000),)",2a3c600a
408645376,-778307291,3330,1:48:44.030000,"(datetime.datetime(2026, 9, 29, 17, 1, 29, 983000),)",2a3c600d
408646074,-778306583,3350,1:48:44.170000,"(datetime.datetime(2026, 9, 29, 17, 1, 30, 122000),)",2a3c600a
408645376,-778307291,3330,1:48:44.200000,"(datetime.datetime(2026, 9, 29, 17, 1, 30, 154000),)",2a3c600d
408646074,-778306583,3350,1:48:44.370000,"(datetime.datetime(2026, 9, 29, 17, 1, 30, 327000),)",2a3c600a
408645376,-778307291,3330,1:48:44.580000,"(datetime.datetime(2026, 9, 29, 17, 1, 30, 532000),)",2a3c600d
408646074,-778306583,3350,1:48:44.990000,"(datetime.datetime(2026, 9, 29, 17, 1, 30, 942000),)",2a3c600a
408645376,-778307291,3330,1:48:45.190000,"(datetime.datetime(2026, 9, 29, 17, 1, 31, 147000),)",2a3c600d
408646074,-778306583,3350,1:48:45.260000,"(datetime.datetime(2026, 9, 29, 17, 1, 31, 211000),)",2a3c600a
408645376,-778307291,3330,1:48:45.400000,"(datetime.datetime(2026, 9, 29, 17, 1, 31, 352000),)",2a3c600d
408646074,-778306583,3350,1:48:45.600000,"(datetime.datetime(2026, 9, 29, 17, 1, 31, 556000),)",2a3c600a
408645376,-778307291,3330,1:48:45.810000,"(datetime.datetime(2026, 9, 29, 17, 1, 31, 762000),)",2a3c600d
408646074,-778306583,3350,1:48:45.840000,"(datetime.datetime(2026, 9, 29, 17, 1, 31, 794000),)",2a3c600a
408645376,-778307291,3330,1:48:46.010000,"(datetime.datetime(2026, 9, 29, 17, 1, 31, 965000),)",2a3c600d
408646074,-778306583,3350,1:48:46.220000,"(datetime.datetime(2026, 9, 29, 17, 1, 32, 171000),)",2a3c600a
408645376,-778307291,3330,1:48:46.420000,"(datetime.datetime(2026, 9, 29, 17, 1, 32, 375000),)",2a3c600d
408646074,-778306583,3350,1:48:46.630000,"(datetime.datetime(2026, 9, 29, 17, 1, 32, 580000),)",2a3c600a
408645376,-778307291,3330,1:48:46.870000,"(datetime.datetime(2026, 9, 29, 17, 1, 32, 827000),)",2a3c600d
408646074,-778306583,3350,1:48:47.030000,"(datetime.datetime(2026, 9, 29, 17, 1, 32, 989000),)",2a3c600a
408645376,-778307291,3330,1:48:47.190000,"(datetime.datetime(2026, 9, 29, 17, 1, 33, 147000),)",2a3c600d
408646074,-778306583,3350,1:48:47.270000,"(datetime.datetime(2026, 9, 29, 17, 1, 33, 223000),)",2a3c600a
408645376,-778307291,3330,1:48:47.430000,"(datetime.datetime(2026, 9, 29, 17, 1, 33, 385000),)",2a3c600d
408646074,-778306582,3350,1:48:47.460000,"(datetime.datetime(2026, 9, 29, 17, 1, 33, 412000),)",2a3c600a
408645376,-778307291,3330,1:48:47.560000,"(datetime.datetime(2026, 9, 29, 17, 1, 33, 514000),)",2a3c600d
408646074,-778306582,3350,1:48:47.720000,"(datetime.datetime(2026, 9, 29, 17, 1, 33, 678000),)",2a3c600a
408645376,-778307291,3330,1:48:47.770000,"(datetime.datetime(2026, 9, 29, 17, 1, 33, 723000),)",2a3c600d
408646074,-778306582,3350,1:48:47.850000,"(datetime.datetime(2026, 9, 29, 17, 1, 33, 808000),)",2a3c600a
408645376,-778307291,3330,1:48:48.020000,"(datetime.datetime(2026, 9, 29, 17, 1, 33, 978000),)",2a3c600d
408646074,-778306582,3350,1:48:48.080000,"(datetime.datetime(2026, 9, 29, 17, 1, 34, 32000),)",2a3c600a
408645376,-778307291,3330,1:48:48.170000,"(datetime.datetime(2026, 9, 29, 17, 1, 34, 128000),)",2a3c600d
408646074,-778306582,3350,1:48:48.340000,"(datetime.datetime(2026, 9, 29, 17, 1, 34, 296000),)",2a3c600a
408645376,-778307291,3330,1:48:48.380000,"(datetime.datetime(2026, 9, 29, 17, 1, 34, 340000),)",2a3c600d
408646074,-778306583,3350,1:48:48.470000,"(datetime.datetime(2026, 9, 29, 17, 1, 34, 424000),)",2a3c600a
408645376,-778307291,3330,1:48:48.640000,"(datetime.datetime(2026, 9, 29, 17, 1, 34, 598000),)",2a3c600d
408646074,-778306582,3350,1:48:48.670000,"(datetime.datetime(2026, 9, 29, 17, 1, 34, 624000),)",2a3c600a
408645376,-778307291,3330,1:48:48.710000,"(datetime.datetime(2026, 9, 29, 17, 1, 34, 663000),)",2a3c600d
408646074,-778306582,3350,1:48:48.730000,"(datetime.datetime(2026, 9, 29, 17, 1, 34, 688000),)",2a3c600a
408645376,-778307291,3330,1:48:48.800000,"(datetime.datetime(2026, 9, 29, 17, 1, 34, 757000),)",2a3c600d
408646074,-778306582,3350,1:48:48.820000,"(datetime.datetime(2026, 9, 29, 17, 1, 34, 780000),)",2a3c600a
408645376,-778307291,3330,1:48:48.890000,"(datetime.datetime(2026, 9, 29, 17, 1, 34, 842000),)",2a3c600d
408646074,-778306582,3350,1:48:48.910000,"(datetime.datetime(2026, 9, 29, 17, 1, 34, 865000),)",2a3c600a
408645376,-778307291,3330,1:48:48.980000,"(datetime.datetime(2026, 9, 29, 17, 1, 34, 930000),)",2a3c600d
408646074,-778306582,3350,1:48:49,"(datetime.datetime(2026, 9, 29, 17, 1, 34, 956000),)",2a3c600a
408645376,-778307291,3330,1:48:49.060000,"(datetime.datetime(2026, 9, 29, 17, 1, 35, 17000),)",2a3c600d
408645376,-778307291,3330,1:48:49.090000,"(datetime.datetime(2026, 9, 29, 17, 1, 35, 42000),)",2a3c600d
408646074,-778306582,3350,1:48:49.150000,"(datetime.datetime(2026, 9, 29, 17, 1, 35, 102000),)",2a3c600a
408646074,-778306582,3350,1:48:49.170000,"(datetime.datetime(2026, 9, 29, 17, 1, 35, 125000),)",2a3c600a
408645376,-778307291,3330,1:48:49.230000,"(datetime.datetime(2026, 9, 29, 17, 1, 35, 188000),)",2a3c600d
408646074,-778306582,3350,1:48:49.260000,"(datetime.datetime(2026, 9, 29, 17, 1, 35, 212000),)",2a3c600a
408645376,-778307291,3330,1:48:49.320000,"(datetime.datetime(2026, 9, 29, 17, 1, 35, 275000),)",2a3c600d
408646074,-778306582,3350,1:48:49.350000,"(datetime.datetime(2026, 9, 29, 17, 1, 35, 303000),)",2a3c600a
408645376,-778307291,3330,1:48:49.410000,"(datetime.datetime(2026, 9, 29, 17, 1, 35, 369000),)",2a3c600d
408646074,-778306582,3350,1:48:49.470000,"(datetime.datetime(2026, 9, 29, 17, 1, 35, 421000),)",2a3c600a
408645376,-778307291,3330,1:48:49.490000,"(datetime.datetime(2026, 9, 29, 17, 1, 35, 444000),)",2a3c600d
408646074,-778306582,3350,1:48:49.550000,"(datetime.datetime(2026, 9, 29, 17, 1, 35, 510000),)",2a3c600a
408645376,-778307291,3330,1:48:49.580000,"(datetime.datetime(2026, 9, 29, 17, 1, 35, 536000),)",2a3c600d
408646074,-778306582,3350,1:48:49.640000,"(datetime.datetime(2026, 9, 29, 17, 1, 35, 600000),)",2a3c600a
408645376,-778307291,3330,1:48:49.680000,"(datetime.datetime(2026, 9, 29, 17, 1, 35, 633000),)",2a3c600d
408646074,-778306582,3350,1:48:49.730000,"(datetime.datetime(2026, 9, 29, 17, 1, 35, 686000),)",2a3c600a
408645376,-778307291,3330,1:48:49.760000,"(datetime.datetime(2026, 9, 29, 17, 1, 35, 711000),)",2a3c600d
408646074,-778306582,3350,1:48:49.820000,"(datetime.datetime(2026, 9, 29, 17, 1, 35, 775000),)",2a3c600a
408645376,-778307291,3330,1:48:49.880000,"(datetime.datetime(2026, 9, 29, 17, 1, 35, 833000),)",2a3c600d
408646074,-778306582,3350,1:48:49.930000,"(datetime.datetime(2026, 9, 29, 17, 1, 35, 887000),)",2a3c600a
408645376,-778307291,3330,1:48:49.960000,"(datetime.datetime(2026, 9, 29, 17, 1, 35, 911000),)",2a3c600d
408646074,-778306582,3350,1:48:50.020000,"(datetime.datetime(2026, 9, 29, 17, 1, 35, 977000),)",2a3c600a
408645376,-778307291,3330,1:48:50.090000,"(datetime.datetime(2026, 9, 29, 17, 1, 36, 43000),)",2a3c600d
408646074,-778306582,3350,1:48:50.110000,"(datetime.datetime(2026, 9, 29, 17, 1, 36, 69000),)",2a3c600a
408645376,-778307291,3330,1:48:50.180000,"(datetime.datetime(2026, 9, 29, 17, 1, 36, 131000),)",2a3c600d
408646074,-778306582,3350,1:48:50.200000,"(datetime.datetime(2026, 9, 29, 17, 1, 36, 154000),)",2a3c600a
408645376,-778307291,3330,1:48:50.260000,"(datetime.datetime(2026, 9, 29, 17, 1, 36, 215000),)",2a3c600d
408646074,-778306582,3350,1:48:50.280000,"(datetime.datetime(2026, 9, 29, 17, 1, 36, 240000),)",2a3c600a
408645376,-778307291,3330,1:48:50.350000,"(datetime.datetime(2026, 9, 29, 17, 1, 36, 302000),)",2a3c600d
408646074,-778306582,3350,1:48:50.370000,"(datetime.datetime(2026, 9, 29, 17, 1, 36, 326000),)",2a3c600a
408645376,-778307291,3330,1:48:50.430000,"(datetime.datetime(2026, 9, 29, 17, 1, 36, 387000),)",2a3c600d
408646074,-778306582,3350,1:48:50.460000,"(datetime.datetime(2026, 9, 29, 17, 1, 36, 411000),)",2a3c600a
408645376,-778307291,3330,1:48:50.520000,"(datetime.datetime(2026, 9, 29, 17, 1, 36, 473000),)",2a3c600d
408646074,-778306582,3350,1:48:50.540000,"(datetime.datetime(2026, 9, 29, 17, 1, 36, 497000),)",2a3c600a
408645376,-778307291,3330,1:48:50.610000,"(datetime.datetime(2026, 9, 29, 17, 1, 36, 569000),)",2a3c600d
408646074,-778306582,3350,1:48:50.640000,"(datetime.datetime(2026, 9, 29, 17, 1, 36, 592000),)",2a3c600a
408645376,-778307291,3330,1:48:50.710000,"(datetime.datetime(2026, 9, 29, 17, 1, 36, 662000),)",2a3c600d
408646074,-778306582,3350,1:48:50.730000,"(datetime.datetime(2026, 9, 29, 17, 1, 36, 687000),)",2a3c600a
408645376,-778307291,3330,1:48:50.800000,"(datetime.datetime(2026, 9, 29, 17, 1, 36, 757000),)",2a3c600d
408646074,-778306582,3350,1:48:50.830000,"(datetime.datetime(2026, 9, 29, 17, 1, 36, 780000),)",2a3c600a
408645376,-778307291,3330,1:48:50.900000,"(datetime.datetime(2026, 9, 29, 17, 1, 36, 859000),)",2a3c600d
408646074,-778306582,3350,1:48:50.950000,"(datetime.datetime(2026, 9, 29, 17, 1, 36, 910000),)",2a3c600a
408645376,-778307291,3330,1:48:50.980000,"(datetime.datetime(2026, 9, 29, 17, 1, 36, 932000),)",2a3c600d
408646074,-778306582,3350,1:48:51.040000,"(datetime.datetime(2026, 9, 29, 17, 1, 36, 994000),)",2a3c600a
408645376,-778307291,3330,1:48:51.060000,"(datetime.datetime(2026, 9, 29, 17, 1, 37, 17000),)",2a3c600d
408646074,-778306582,3350,1:48:51.120000,"(datetime.datetime(2026, 9, 29, 17, 1, 37, 78000),)",2a3c600a
408645376,-778307291,3330,1:48:51.150000,"(datetime.datetime(2026, 9, 29, 17, 1, 37, 102000),)",2a3c600d
408646074,-778306582,3350,1:48:51.210000,"(datetime.datetime(2026, 9, 29, 17, 1, 37, 170000),)",2a3c600a
408645376,-778307291,3330,1:48:51.240000,"(datetime.datetime(2026, 9, 29, 17, 1, 37, 195000),)",2a3c600d
408646074,-778306582,3350,1:48:51.310000,"(datetime.datetime(2026, 9, 29, 17, 1, 37, 264000),)",2a3c600a
408645376,-778307291,3330,1:48:51.360000,"(datetime.datetime(2026, 9, 29, 17, 1, 37, 317000),)",2a3c600d
408646074,-778306582,3350,1:48:51.390000,"(datetime.datetime(2026, 9, 29, 17, 1, 37, 342000),)",2a3c600a
408645376,-778307291,3330,1:48:51.450000,"(datetime.datetime(2026, 9, 29, 17, 1, 37, 401000),)",2a3c600d
408646074,-778306582,3350,1:48:51.470000,"(datetime.datetime(2026, 9, 29, 17, 1, 37, 425000),)",2a3c600a
408645376,-778307291,3330,1:48:51.540000,"(datetime.datetime(2026, 9, 29, 17, 1, 37, 492000),)",2a3c600d
408646074,-778306582,3350,1:48:51.620000,"(datetime.datetime(2026, 9, 29, 17, 1, 37, 575000),)",2a3c600a
408645376,-778307291,3330,1:48:51.660000,"(datetime.datetime(2026, 9, 29, 17, 1, 37, 614000),)",2a3c600d
408646074,-778306582,3350,1:48:51.700000,"(datetime.datetime(2026, 9, 29, 17, 1, 37, 653000),)",2a3c600a
408645376,-778307291,3330,1:48:51.740000,"(datetime.datetime(2026, 9, 29, 17, 1, 37, 700000),)",2a3c600d
408646074,-778306582,3350,1:48:51.770000,"(datetime.datetime(2026, 9, 29, 17, 1, 37, 726000),)",2a3c600a
408645376,-778307291,3330,1:48:51.830000,"(datetime.datetime(2026, 9, 29, 17, 1, 37, 788000),)",2a3c600d
408646074,-778306582,3350,1:48:51.860000,"(datetime.datetime(2026, 9, 29, 17, 1, 37, 811000),)",2a3c600a
408645376,-778307291,3330,1:48:51.920000,"(datetime.datetime(2026, 9, 29, 17, 1, 37, 877000),)",2a3c600d
408646074,-778306582,3350,1:48:51.940000,"(datetime.datetime(2026, 9, 29, 17, 1, 37, 900000),)",2a3c600a
408645376,-778307291,3330,1:48:52.010000,"(datetime.datetime(2026, 9, 29, 17, 1, 37, 967000),)",2a3c600d
408646074,-778306582,3350,1:48:52.080000,"(datetime.datetime(2026, 9, 29, 17, 1, 38, 35000),)",2a3c600a
408645376,-778307291,3330,1:48:52.160000,"(datetime.datetime(2026, 9, 29, 17, 1, 38, 110000),)",2a3c600d
408646074,-778306582,3350,1:48:52.180000,"(datetime.datetime(2026, 9, 29, 17, 1, 38, 135000),)",2a3c600a
408645376,-778307291,3330,1:48:52.220000,"(datetime.datetime(2026, 9, 29, 17, 1, 38, 171000),)",2a3c600d
408646109,-778306553,3350,1:48:52.240000,"(datetime.datetime(2026, 9, 29, 17, 1, 38, 197000),)",2a3c600a
408645376,-778307291,3330,1:48:52.310000,"(datetime.datetime(2026, 9, 29, 17, 1, 38, 266000),)",2a3c600d
408646116,-778306548,3350,1:48:52.370000,"(datetime.datetime(2026, 9, 29, 17, 1, 38, 328000),)",2a3c600a
408645376,-778307291,3330,1:48:52.430000,"(datetime.datetime(2026, 9, 29, 17, 1, 38, 389000),)",2a3c600d
408646126,-778306541,3350,1:48:52.460000,"(datetime.datetime(2026, 9, 29, 17, 1, 38, 414000),)",2a3c600a
408645376,-778307291,3330,1:48:52.520000,"(datetime.datetime(2026, 9, 29, 17, 1, 38, 476000),)",2a3c600d
408646134,-778306532,3350,1:48:52.550000,"(datetime.datetime(2026, 9, 29, 17, 1, 38, 504000),)",2a3c600a
408645376,-778307291,3330,1:48:52.610000,"(datetime.datetime(2026, 9, 29, 17, 1, 38, 567000),)",2a3c600d
408646143,-778306523,3350,1:48:52.640000,"(datetime.datetime(2026, 9, 29, 17, 1, 38, 593000),)",2a3c600a
408645376,-778307291,3330,1:48:52.700000,"(datetime.datetime(2026, 9, 29, 17, 1, 38, 653000),)",2a3c600d
408646153,-778306516,3350,1:48:52.760000,"(datetime.datetime(2026, 9, 29, 17, 1, 38, 720000),)",2a3c600a
408645376,-778307291,3330,1:48:52.790000,"(datetime.datetime(2026, 9, 29, 17, 1, 38, 745000),)",2a3c600d
408646163,-778306509,3350,1:48:52.860000,"(datetime.datetime(2026, 9, 29, 17, 1, 38, 813000),)",2a3c600a
408645376,-778307291,3330,1:48:52.910000,"(datetime.datetime(2026, 9, 29, 17, 1, 38, 867000),)",2a3c600d
408646173,-778306495,3350,1:48:52.940000,"(datetime.datetime(2026, 9, 29, 17, 1, 38, 890000),)",2a3c600a
408645376,-778307291,3330,1:48:53,"(datetime.datetime(2026, 9, 29, 17, 1, 38, 958000),)",2a3c600d
408646187,-778306487,3349,1:48:53.030000,"(datetime.datetime(2026, 9, 29, 17, 1, 38, 983000),)",2a3c600a
408645376,-778307291,3330,1:48:53.100000,"(datetime.datetime(2026, 9, 29, 17, 1, 39, 56000),)",2a3c600d
408646201,-778306472,3350,1:48:53.150000,"(datetime.datetime(2026, 9, 29, 17, 1, 39, 109000),)",2a3c600a
408645409,-778307258,3330,1:48:53.180000,"(datetime.datetime(2026, 9, 29, 17, 1, 39, 132000),)",2a3c600d
408646240,-778306474,3351,1:48:53.240000,"(datetime.datetime(2026, 9, 29, 17, 1, 39, 194000),)",2a3c600a
408645417,-778307251,3329,1:48:53.260000,"(datetime.datetime(2026, 9, 29, 17, 1, 39, 217000),)",2a3c600d
408646254,-778306458,3351,1:48:53.330000,"(datetime.datetime(2026, 9, 29, 17, 1, 39, 281000),)",2a3c600a
408645422,-778307245,3330,1:48:53.350000,"(datetime.datetime(2026, 9, 29, 17, 1, 39, 307000),)",2a3c600d
408646272,-778306444,3350,1:48:53.410000,"(datetime.datetime(2026, 9, 29, 17, 1, 39, 367000),)",2a3c600a
408645428,-778307238,3330,1:48:53.440000,"(datetime.datetime(2026, 9, 29, 17, 1, 39, 393000),)",2a3c600d
408646289,-778306428,3350,1:48:53.500000,"(datetime.datetime(2026, 9, 29, 17, 1, 39, 457000),)",2a3c600a
408645435,-778307231,3330,1:48:53.530000,"(datetime.datetime(2026, 9, 29, 17, 1, 39, 481000),)",2a3c600d
408646312,-778306412,3350,1:48:53.590000,"(datetime.datetime(2026, 9, 29, 17, 1, 39, 543000),)",2a3c600a
408645442,-778307224,3330,1:48:53.650000,"(datetime.datetime(2026, 9, 29, 17, 1, 39, 607000),)",2a3c600d
408646328,-778306392,3350,1:48:53.680000,"(datetime.datetime(2026, 9, 29, 17, 1, 39, 631000),)",2a3c600a
408645450,-778307214,3330,1:48:53.740000,"(datetime.datetime(2026, 9, 29, 17, 1, 39, 695000),)",2a3c600d
408646350,-778306378,3350,1:48:53.770000,"(datetime.datetime(2026, 9, 29, 17, 1, 39, 720000),)",2a3c600a
408645465,-778307205,3330,1:48:53.830000,"(datetime.datetime(2026, 9, 29, 17, 1, 39, 787000),)",2a3c600d
408646371,-778306358,3350,1:48:53.890000,"(datetime.datetime(2026, 9, 29, 17, 1, 39, 850000),)",2a3c600a
408645474,-778307197,3328,1:48:53.920000,"(datetime.datetime(2026, 9, 29, 17, 1, 39, 875000),)",2a3c600d
408646394,-778306341,3350,1:48:53.980000,"(datetime.datetime(2026, 9, 29, 17, 1, 39, 931000),)",2a3c600a
408645486,-778307182,3329,1:48:54.010000,"(datetime.datetime(2026, 9, 29, 17, 1, 39, 962000),)",2a3c600d
408646419,-778306320,3350,1:48:54.070000,"(datetime.datetime(2026, 9, 29, 17, 1, 40, 28000),)",2a3c600a
408645495,-778307149,3329,1:48:54.100000,"(datetime.datetime(2026, 9, 29, 17, 1, 40, 53000),)",2a3c600d
408646446,-778306307,3353,1:48:54.170000,"(datetime.datetime(2026, 9, 29, 17, 1, 40, 122000),)",2a3c600a
408645512,-778307138,3329,1:48:54.220000,"(datetime.datetime(2026, 9, 29, 17, 1, 40, 176000),)",2a3c600d
408646472,-778306284,3352,1:48:54.250000,"(datetime.datetime(2026, 9, 29, 17, 1, 40, 200000),)",2a3c600a
408645526,-778307118,3329,1:48:54.300000,"(datetime.datetime(2026, 9, 29, 17, 1, 40, 259000),)",2a3c600d
408646502,-778306263,3353,1:48:54.330000,"(datetime.datetime(2026, 9, 29, 17, 1, 40, 283000),)",2a3c600a
408645545,-778307110,3329,1:48:54.390000,"(datetime.datetime(2026, 9, 29, 17, 1, 40, 347000),)",2a3c600d
408646532,-778306241,3353,1:48:54.420000,"(datetime.datetime(2026, 9, 29, 17, 1, 40, 372000),)",2a3c600a
408645563,-778307089,3329,1:48:54.480000,"(datetime.datetime(2026, 9, 29, 17, 1, 40, 436000),)",2a3c600d
408646560,-778306220,3353,1:48:54.500000,"(datetime.datetime(2026, 9, 29, 17, 1, 40, 459000),)",2a3c600a
408645581,-778307074,3329,1:48:54.580000,"(datetime.datetime(2026, 9, 29, 17, 1, 40, 532000),)",2a3c600d
408646592,-778306196,3353,1:48:54.600000,"(datetime.datetime(2026, 9, 29, 17, 1, 40, 559000),)",2a3c600a
408645602,-778307059,3329,1:48:54.670000,"(datetime.datetime(2026, 9, 29, 17, 1, 40, 624000),)",2a3c600d
408646623,-778306174,3353,1:48:54.720000,"(datetime.datetime(2026, 9, 29, 17, 1, 40, 677000),)",2a3c600a
408645624,-778307036,3329,1:48:54.750000,"(datetime.datetime(2026, 9, 29, 17, 1, 40, 702000),)",2a3c600d
408646656,-778306152,3353,1:48:54.810000,"(datetime.datetime(2026, 9, 29, 17, 1, 40, 761000),)",2a3c600a
408645645,-778307019,3328,1:48:54.830000,"(datetime.datetime(2026, 9, 29, 17, 1, 40, 785000),)",2a3c600d
408646692,-778306127,3353,1:48:54.890000,"(datetime.datetime(2026, 9, 29, 17, 1, 40, 848000),)",2a3c600a
408645665,-778306997,3329,1:48:54.920000,"(datetime.datetime(2026, 9, 29, 17, 1, 40, 876000),)",2a3c600d
408646729,-778306098,3353,1:48:54.980000,"(datetime.datetime(2026, 9, 29, 17, 1, 40, 934000),)",2a3c600a
408645681,-778306952,3332,1:48:55,"(datetime.datetime(2026, 9, 29, 17, 1, 40, 958000),)",2a3c600d
408646758,-778306068,3353,1:48:55.080000,"(datetime.datetime(2026, 9, 29, 17, 1, 41, 32000),)",2a3c600a
408645709,-778306925,3332,1:48:55.130000,"(datetime.datetime(2026, 9, 29, 17, 1, 41, 90000),)",2a3c600d
408646796,-778306041,3354,1:48:55.190000,"(datetime.datetime(2026, 9, 29, 17, 1, 41, 143000),)",2a3c600a
408645737,-778306901,3333,1:48:55.210000,"(datetime.datetime(2026, 9, 29, 17, 1, 41, 167000),)",2a3c600d
408646796,-778306041,3354,1:48:55.270000,"(datetime.datetime(2026, 9, 29, 17, 1, 41, 228000),)",2a3c600a
408645768,-778306879,3333,1:48:55.300000,"(datetime.datetime(2026, 9, 29, 17, 1, 41, 253000),)",2a3c600d
408646834,-778306017,3354,1:48:55.360000,"(datetime.datetime(2026, 9, 29, 17, 1, 41, 316000),)",2a3c600a
408645792,-778306849,3333,1:48:55.390000,"(datetime.datetime(2026, 9, 29, 17, 1, 41, 340000),)",2a3c600d
408646873,-778305994,3354,1:48:55.450000,"(datetime.datetime(2026, 9, 29, 17, 1, 41, 405000),)",2a3c600a
408645826,-778306827,3333,1:48:55.470000,"(datetime.datetime(2026, 9, 29, 17, 1, 41, 429000),)",2a3c600d
408646911,-778305970,3354,1:48:55.540000,"(datetime.datetime(2026, 9, 29, 17, 1, 41, 495000),)",2a3c600a
408645854,-778306798,3333,1:48:55.620000,"(datetime.datetime(2026, 9, 29, 17, 1, 41, 576000),)",2a3c600d
408646990,-778305920,3354,1:48:55.650000,"(datetime.datetime(2026, 9, 29, 17, 1, 41, 601000),)",2a3c600a
408645889,-778306773,3333,1:48:55.700000,"(datetime.datetime(2026, 9, 29, 17, 1, 41, 660000),)",2a3c600d
408647031,-778305892,3354,1:48:55.760000,"(datetime.datetime(2026, 9, 29, 17, 1, 41, 713000),)",2a3c600a
408645923,-778306744,3333,1:48:55.780000,"(datetime.datetime(2026, 9, 29, 17, 1, 41, 737000),)",2a3c600d
408647076,-778305869,3354,1:48:55.850000,"(datetime.datetime(2026, 9, 29, 17, 1, 41, 806000),)",2a3c600a
408645956,-778306716,3333,1:48:55.900000,"(datetime.datetime(2026, 9, 29, 17, 1, 41, 859000),)",2a3c600d
408647118,-778305841,3355,1:48:55.930000,"(datetime.datetime(2026, 9, 29, 17, 1, 41, 883000),)",2a3c600a
408645970,-778306670,3335,1:48:56,"(datetime.datetime(2026, 9, 29, 17, 1, 41, 953000),)",2a3c600d
408647162,-778305829,3354,1:48:56.020000,"(datetime.datetime(2026, 9, 29, 17, 1, 41, 977000),)",2a3c600a
408646009,-778306643,3335,1:48:56.090000,"(datetime.datetime(2026, 9, 29, 17, 1, 42, 47000),)",2a3c600d
408647207,-778305805,3354,1:48:56.120000,"(datetime.datetime(2026, 9, 29, 17, 1, 42, 71000),)",2a3c600a
408646042,-778306614,3334,1:48:56.190000,"(datetime.datetime(2026, 9, 29, 17, 1, 42, 142000),)",2a3c600d
408647254,-778305774,3354,1:48:56.210000,"(datetime.datetime(2026, 9, 29, 17, 1, 42, 166000),)",2a3c600a
408646079,-778306581,3335,1:48:56.280000,"(datetime.datetime(2026, 9, 29, 17, 1, 42, 231000),)",2a3c600d
408647298,-778305750,3355,1:48:56.300000,"(datetime.datetime(2026, 9, 29, 17, 1, 42, 255000),)",2a3c600a
408646114,-778306549,3335,1:48:56.370000,"(datetime.datetime(2026, 9, 29, 17, 1, 42, 326000),)",2a3c600d
408647347,-778305726,3355,1:48:56.390000,"(datetime.datetime(2026, 9, 29, 17, 1, 42, 350000),)",2a3c600a
408646153,-778306520,3335,1:48:56.460000,"(datetime.datetime(2026, 9, 29, 17, 1, 42, 410000),)",2a3c600d
408647394,-778305698,3354,1:48:56.480000,"(datetime.datetime(2026, 9, 29, 17, 1, 42, 435000),)",2a3c600a
408646193,-778306492,3335,1:48:56.540000,"(datetime.datetime(2026, 9, 29, 17, 1, 42, 499000),)",2a3c600d
408647446,-778305675,3355,1:48:56.570000,"(datetime.datetime(2026, 9, 29, 17, 1, 42, 525000),)",2a3c600a
408646230,-778306459,3336,1:48:56.640000,"(datetime.datetime(2026, 9, 29, 17, 1, 42, 600000),)",2a3c600d
408647494,-778305652,3355,1:48:56.700000,"(datetime.datetime(2026, 9, 29, 17, 1, 42, 652000),)",2a3c600a
408646269,-778306428,3336,1:48:56.720000,"(datetime.datetime(2026, 9, 29, 17, 1, 42, 677000),)",2a3c600d
408647544,-778305628,3355,1:48:56.790000,"(datetime.datetime(2026, 9, 29, 17, 1, 42, 744000),)",2a3c600a
408646311,-778306396,3336,1:48:56.810000,"(datetime.datetime(2026, 9, 29, 17, 1, 42, 768000),)",2a3c600d
408647597,-778305600,3355,1:48:56.880000,"(datetime.datetime(2026, 9, 29, 17, 1, 42, 836000),)",2a3c600a
408646336,-778306347,3340,1:48:56.910000,"(datetime.datetime(2026, 9, 29, 17, 1, 42, 861000),)",2a3c600d
408647660,-778305568,3356,1:48:56.980000,"(datetime.datetime(2026, 9, 29, 17, 1, 42, 932000),)",2a3c600a
408646380,-778306314,3340,1:48:57,"(datetime.datetime(2026, 9, 29, 17, 1, 42, 956000),)",2a3c600d
408647714,-778305546,3356,1:48:57.060000,"(datetime.datetime(2026, 9, 29, 17, 1, 43, 18000),)",2a3c600a
408646428,-778306277,3340,1:48:57.090000,"(datetime.datetime(2026, 9, 29, 17, 1, 43, 42000),)",2a3c600d
408647766,-778305521,3356,1:48:57.170000,"(datetime.datetime(2026, 9, 29, 17, 1, 43, 121000),)",2a3c600a
408647821,-778305496,3355,1:48:57.190000,"(datetime.datetime(2026, 9, 29, 17, 1, 43, 146000),)",2a3c600a
408646473,-778306247,3341,1:48:57.260000,"(datetime.datetime(2026, 9, 29, 17, 1, 43, 212000),)",2a3c600d
408647874,-778305477,3356,1:48:57.280000,"(datetime.datetime(2026, 9, 29, 17, 1, 43, 238000),)",2a3c600a
408646515,-778306212,3341,1:48:57.350000,"(datetime.datetime(2026, 9, 29, 17, 1, 43, 304000),)",2a3c600d
408647929,-778305453,3356,1:48:57.390000,"(datetime.datetime(2026, 9, 29, 17, 1, 43, 342000),)",2a3c600a
408646566,-778306180,3340,1:48:57.440000,"(datetime.datetime(2026, 9, 29, 17, 1, 43, 395000),)",2a3c600d
408647929,-778305453,3356,1:48:57.500000,"(datetime.datetime(2026, 9, 29, 17, 1, 43, 457000),)",2a3c600a
408646613,-778306147,3340,1:48:57.570000,"(datetime.datetime(2026, 9, 29, 17, 1, 43, 530000),)",2a3c600d
408647981,-778305434,3356,1:48:57.630000,"(datetime.datetime(2026, 9, 29, 17, 1, 43, 589000),)",2a3c600a
408646661,-778306113,3340,1:48:57.660000,"(datetime.datetime(2026, 9, 29, 17, 1, 43, 614000),)",2a3c600d
408648037,-778305413,3356,1:48:57.700000,"(datetime.datetime(2026, 9, 29, 17, 1, 43, 655000),)",2a3c600a
408646708,-778306076,3340,1:48:57.720000,"(datetime.datetime(2026, 9, 29, 17, 1, 43, 679000),)",2a3c600d
408648090,-778305393,3356,1:48:57.790000,"(datetime.datetime(2026, 9, 29, 17, 1, 43, 742000),)",2a3c600a
408646763,-778306044,3340,1:48:57.810000,"(datetime.datetime(2026, 9, 29, 17, 1, 43, 767000),)",2a3c600d
408648193,-778305361,3355,1:48:57.930000,"(datetime.datetime(2026, 9, 29, 17, 1, 43, 888000),)",2a3c600a
408646814,-778306002,3341,1:48:58.170000,"(datetime.datetime(2026, 9, 29, 17, 1, 44, 123000),)",2a3c600d
408648254,-778305346,3355,1:48:58.250000,"(datetime.datetime(2026, 9, 29, 17, 1, 44, 208000),)",2a3c600a
408646870,-778305968,3342,1:48:58.390000,"(datetime.datetime(2026, 9, 29, 17, 1, 44, 341000),)",2a3c600d
408648311,-778305327,3355,1:48:58.580000,"(datetime.datetime(2026, 9, 29, 17, 1, 44, 535000),)",2a3c600a
408646924,-778305931,3341,1:48:58.710000,"(datetime.datetime(2026, 9, 29, 17, 1, 44, 663000),)",2a3c600d
408648365,-778305310,3355,1:48:59,"(datetime.datetime(2026, 9, 29, 17, 1, 44, 952000),)",2a3c600a
408646975,-778305895,3342,1:48:59.070000,"(datetime.datetime(2026, 9, 29, 17, 1, 45, 25000),)",2a3c600d
408648365,-778305310,3355,1:48:59.140000,"(datetime.datetime(2026, 9, 29, 17, 1, 45, 95000),)",2a3c600a
408647029,-778305863,3342,1:48:59.250000,"(datetime.datetime(2026, 9, 29, 17, 1, 45, 207000),)",2a3c600d
408648419,-778305293,3355,1:48:59.440000,"(datetime.datetime(2026, 9, 29, 17, 1, 45, 392000),)",2a3c600a
408647087,-778305830,3341,1:48:59.610000,"(datetime.datetime(2026, 9, 29, 17, 1, 45, 563000),)",2a3c600d
408648476,-778305276,3355,1:48:59.660000,"(datetime.datetime(2026, 9, 29, 17, 1, 45, 613000),)",2a3c600a
408647143,-778305794,3342,1:48:59.850000,"(datetime.datetime(2026, 9, 29, 17, 1, 45, 802000),)",2a3c600d
408648533,-778305262,3355,1:49:00,"(datetime.datetime(2026, 9, 29, 17, 1, 45, 959000),)",2a3c600a
408647196,-778305763,3342,1:49:00.050000,"(datetime.datetime(2026, 9, 29, 17, 1, 46, 7000),)",2a3c600d
408648586,-778305246,3355,1:49:00.220000,"(datetime.datetime(2026, 9, 29, 17, 1, 46, 172000),)",2a3c600a
408647259,-778305730,3342,1:49:00.270000,"(datetime.datetime(2026, 9, 29, 17, 1, 46, 224000),)",2a3c600d
408648638,-778305231,3355,1:49:00.380000,"(datetime.datetime(2026, 9, 29, 17, 1, 46, 340000),)",2a3c600a
408647313,-778305694,3342,1:49:00.460000,"(datetime.datetime(2026, 9, 29, 17, 1, 46, 416000),)",2a3c600d
408648696,-778305219,3355,1:49:00.510000,"(datetime.datetime(2026, 9, 29, 17, 1, 46, 464000),)",2a3c600a
408647357,-778305658,3342,1:49:00.530000,"(datetime.datetime(2026, 9, 29, 17, 1, 46, 488000),)",2a3c600d
408648744,-778305202,3356,1:49:00.610000,"(datetime.datetime(2026, 9, 29, 17, 1, 46, 560000),)",2a3c600a
408647418,-778305628,3342,1:49:00.700000,"(datetime.datetime(2026, 9, 29, 17, 1, 46, 653000),)",2a3c600d
408648799,-778305190,3356,1:49:00.720000,"(datetime.datetime(2026, 9, 29, 17, 1, 46, 679000),)",2a3c600a
408647472,-778305598,3342,1:49:00.750000,"(datetime.datetime(2026, 9, 29, 17, 1, 46, 708000),)",2a3c600d
408648854,-778305181,3356,1:49:00.810000,"(datetime.datetime(2026, 9, 29, 17, 1, 46, 768000),)",2a3c600a
408647527,-778305566,3342,1:49:00.870000,"(datetime.datetime(2026, 9, 29, 17, 1, 46, 828000),)",2a3c600d
408648909,-778305167,3356,1:49:00.900000,"(datetime.datetime(2026, 9, 29, 17, 1, 46, 853000),)",2a3c600a
408647584,-778305540,3342,1:49:00.970000,"(datetime.datetime(2026, 9, 29, 17, 1, 46, 924000),)",2a3c600d
408648964,-778305154,3356,1:49:01.020000,"(datetime.datetime(2026, 9, 29, 17, 1, 46, 979000),)",2a3c600a
408647639,-778305514,3342,1:49:01.050000,"(datetime.datetime(2026, 9, 29, 17, 1, 47, 3000),)",2a3c600d
408649019,-778305145,3356,1:49:01.120000,"(datetime.datetime(2026, 9, 29, 17, 1, 47, 79000),)",2a3c600a
408647694,-778305486,3342,1:49:01.150000,"(datetime.datetime(2026, 9, 29, 17, 1, 47, 105000),)",2a3c600d
408649127,-778305126,3356,1:49:01.210000,"(datetime.datetime(2026, 9, 29, 17, 1, 47, 170000),)",2a3c600a
408647748,-778305459,3342,1:49:01.300000,"(datetime.datetime(2026, 9, 29, 17, 1, 47, 254000),)",2a3c600d
408649182,-778305114,3356,1:49:01.360000,"(datetime.datetime(2026, 9, 29, 17, 1, 47, 313000),)",2a3c600a
408647801,-778305435,3342,1:49:01.380000,"(datetime.datetime(2026, 9, 29, 17, 1, 47, 337000),)",2a3c600d
408649237,-778305104,3356,1:49:01.420000,"(datetime.datetime(2026, 9, 29, 17, 1, 47, 374000),)",2a3c600a
408647857,-778305408,3343,1:49:01.440000,"(datetime.datetime(2026, 9, 29, 17, 1, 47, 397000),)",2a3c600d
408649281,-778305092,3357,1:49:01.500000,"(datetime.datetime(2026, 9, 29, 17, 1, 47, 460000),)",2a3c600a
408647893,-778305367,3342,1:49:01.530000,"(datetime.datetime(2026, 9, 29, 17, 1, 47, 483000),)",2a3c600d
408649281,-778305092,3357,1:49:01.590000,"(datetime.datetime(2026, 9, 29, 17, 1, 47, 547000),)",2a3c600a
408647945,-778305342,3342,1:49:01.610000,"(datetime.datetime(2026, 9, 29, 17, 1, 47, 570000),)",2a3c600d
408649337,-778305082,3357,1:49:01.680000,"(datetime.datetime(2026, 9, 29, 17, 1, 47, 637000),)",2a3c600a
408648002,-778305328,3341,1:49:01.740000,"(datetime.datetime(2026, 9, 29, 17, 1, 47, 695000),)",2a3c600d
408649390,-778305074,3358,1:49:01.770000,"(datetime.datetime(2026, 9, 29, 17, 1, 47, 722000),)",2a3c600a
408648053,-778305307,3343,1:49:01.820000,"(datetime.datetime(2026, 9, 29, 17, 1, 47, 775000),)",2a3c600d
408649443,-778305068,3357,1:49:01.840000,"(datetime.datetime(2026, 9, 29, 17, 1, 47, 800000),)",2a3c600a
408648101,-778305279,3343,1:49:01.910000,"(datetime.datetime(2026, 9, 29, 17, 1, 47, 863000),)",2a3c600d
408649496,-778305064,3358,1:49:01.980000,"(datetime.datetime(2026, 9, 29, 17, 1, 47, 931000),)",2a3c600a
408648155,-778305264,3343,1:49:02,"(datetime.datetime(2026, 9, 29, 17, 1, 47, 956000),)",2a3c600d
408649600,-778305054,3357,1:49:02.050000,"(datetime.datetime(2026, 9, 29, 17, 1, 48, 9000),)",2a3c600a
408648155,-778305264,3343,1:49:02.080000,"(datetime.datetime(2026, 9, 29, 17, 1, 48, 33000),)",2a3c600d
408649654,-778305048,3357,1:49:02.140000,"(datetime.datetime(2026, 9, 29, 17, 1, 48, 100000),)",2a3c600a
408648206,-778305249,3343,1:49:02.170000,"(datetime.datetime(2026, 9, 29, 17, 1, 48, 124000),)",2a3c600d
408649704,-778305044,3358,1:49:02.240000,"(datetime.datetime(2026, 9, 29, 17, 1, 48, 199000),)",2a3c600a
408648308,-778305210,3343,1:49:02.300000,"(datetime.datetime(2026, 9, 29, 17, 1, 48, 258000),)",2a3c600d
408649756,-778305041,3358,1:49:02.330000,"(datetime.datetime(2026, 9, 29, 17, 1, 48, 283000),)",2a3c600a
408648308,-778305210,3343,1:49:02.390000,"(datetime.datetime(2026, 9, 29, 17, 1, 48, 345000),)",2a3c600d
408649816,-778305022,3358,1:49:02.420000,"(datetime.datetime(2026, 9, 29, 17, 1, 48, 370000),)",2a3c600a
408648354,-778305189,3343,1:49:02.490000,"(datetime.datetime(2026, 9, 29, 17, 1, 48, 441000),)",2a3c600d
408649868,-778305021,3358,1:49:02.510000,"(datetime.datetime(2026, 9, 29, 17, 1, 48, 465000),)",2a3c600a
408648397,-778305158,3340,1:49:02.580000,"(datetime.datetime(2026, 9, 29, 17, 1, 48, 536000),)",2a3c600d
408648444,-778305148,3341,1:49:02.630000,"(datetime.datetime(2026, 9, 29, 17, 1, 48, 590000),)",2a3c600d
408649918,-778305020,3358,1:49:02.660000,"(datetime.datetime(2026, 9, 29, 17, 1, 48, 614000),)",2a3c600a
408649969,-778305017,3358,1:49:02.730000,"(datetime.datetime(2026, 9, 29, 17, 1, 48, 681000),)",2a3c600a
408648494,-778305129,3342,1:49:02.750000,"(datetime.datetime(2026, 9, 29, 17, 1, 48, 706000),)",2a3c600d
408650019,-778305017,3358,1:49:02.820000,"(datetime.datetime(2026, 9, 29, 17, 1, 48, 771000),)",2a3c600a
408648547,-778305114,3340,1:49:02.840000,"(datetime.datetime(2026, 9, 29, 17, 1, 48, 795000),)",2a3c600d
408650070,-778305015,3358,1:49:02.910000,"(datetime.datetime(2026, 9, 29, 17, 1, 48, 865000),)",2a3c600a
408648596,-778305103,3341,1:49:02.930000,"(datetime.datetime(2026, 9, 29, 17, 1, 48, 889000),)",2a3c600d
408648649,-778305086,3340,1:49:03.010000,"(datetime.datetime(2026, 9, 29, 17, 1, 48, 962000),)",2a3c600d
408650120,-778305016,3358,1:49:03.030000,"(datetime.datetime(2026, 9, 29, 17, 1, 48, 986000),)",2a3c600a
408648697,-778305076,3341,1:49:03.100000,"(datetime.datetime(2026, 9, 29, 17, 1, 49, 57000),)",2a3c600d
408650168,-778305015,3357,1:49:03.130000,"(datetime.datetime(2026, 9, 29, 17, 1, 49, 83000),)",2a3c600a
408648750,-778305064,3342,1:49:03.190000,"(datetime.datetime(2026, 9, 29, 17, 1, 49, 142000),)",2a3c600d
408650218,-778305017,3358,1:49:03.210000,"(datetime.datetime(2026, 9, 29, 17, 1, 49, 167000),)",2a3c600a
408648801,-778305053,3341,1:49:03.280000,"(datetime.datetime(2026, 9, 29, 17, 1, 49, 234000),)",2a3c600d
408650267,-778305016,3358,1:49:03.310000,"(datetime.datetime(2026, 9, 29, 17, 1, 49, 260000),)",2a3c600a
408648853,-778305040,3341,1:49:03.370000,"(datetime.datetime(2026, 9, 29, 17, 1, 49, 326000),)",2a3c600d
408650337,-778305011,3358,1:49:03.400000,"(datetime.datetime(2026, 9, 29, 17, 1, 49, 353000),)",2a3c600a
408648905,-778305019,3345,1:49:03.460000,"(datetime.datetime(2026, 9, 29, 17, 1, 49, 415000),)",2a3c600d
408650387,-778305013,3359,1:49:03.490000,"(datetime.datetime(2026, 9, 29, 17, 1, 49, 442000),)",2a3c600a
408648954,-778305014,3345,1:49:03.570000,"(datetime.datetime(2026, 9, 29, 17, 1, 49, 523000),)",2a3c600d
408650434,-778305018,3359,1:49:03.620000,"(datetime.datetime(2026, 9, 29, 17, 1, 49, 572000),)",2a3c600a
408650483,-778305018,3359,1:49:03.650000,"(datetime.datetime(2026, 9, 29, 17, 1, 49, 602000),)",2a3c600a
408649009,-778305000,3344,1:49:03.700000,"(datetime.datetime(2026, 9, 29, 17, 1, 49, 660000),)",2a3c600d
408649058,-778304992,3345,1:49:03.730000,"(datetime.datetime(2026, 9, 29, 17, 1, 49, 684000),)",2a3c600d
408650527,-778305024,3359,1:49:03.790000,"(datetime.datetime(2026, 9, 29, 17, 1, 49, 747000),)",2a3c600a
408650578,-778305026,3359,1:49:03.820000,"(datetime.datetime(2026, 9, 29, 17, 1, 49, 772000),)",2a3c600a
408649111,-778304984,3345,1:49:03.880000,"(datetime.datetime(2026, 9, 29, 17, 1, 49, 838000),)",2a3c600d
408650626,-778305031,3359,1:49:03.950000,"(datetime.datetime(2026, 9, 29, 17, 1, 49, 907000),)",2a3c600a
408649158,-778304971,3345,1:49:04.020000,"(datetime.datetime(2026, 9, 29, 17, 1, 49, 971000),)",2a3c600d
408650675,-778305033,3359,1:49:04.040000,"(datetime.datetime(2026, 9, 29, 17, 1, 49, 997000),)",2a3c600a
408649212,-778304962,3345,1:49:04.100000,"(datetime.datetime(2026, 9, 29, 17, 1, 50, 56000),)",2a3c600d
408650719,-778305037,3359,1:49:04.120000,"(datetime.datetime(2026, 9, 29, 17, 1, 50, 80000),)",2a3c600a
408649265,-778304953,3345,1:49:04.190000,"(datetime.datetime(2026, 9, 29, 17, 1, 50, 143000),)",2a3c600d
408650769,-778305043,3359,1:49:04.240000,"(datetime.datetime(2026, 9, 29, 17, 1, 50, 200000),)",2a3c600a
408649314,-778304945,3346,1:49:04.270000,"(datetime.datetime(2026, 9, 29, 17, 1, 50, 225000),)",2a3c600d
408650826,-778305040,3360,1:49:04.330000,"(datetime.datetime(2026, 9, 29, 17, 1, 50, 286000),)",2a3c600a
408649363,-778304937,3346,1:49:04.350000,"(datetime.datetime(2026, 9, 29, 17, 1, 50, 309000),)",2a3c600d
408649413,-778304902,3347,1:49:04.420000,"(datetime.datetime(2026, 9, 29, 17, 1, 50, 372000),)",2a3c600d
408650872,-778305046,3360,1:49:04.440000,"(datetime.datetime(2026, 9, 29, 17, 1, 50, 395000),)",2a3c600a
408650918,-778305052,3360,1:49:04.500000,"(datetime.datetime(2026, 9, 29, 17, 1, 50, 457000),)",2a3c600a
408649459,-778304901,3347,1:49:04.530000,"(datetime.datetime(2026, 9, 29, 17, 1, 50, 485000),)",2a3c600d
408650963,-778305057,3360,1:49:04.610000,"(datetime.datetime(2026, 9, 29, 17, 1, 50, 561000),)",2a3c600a
408649506,-778304895,3347,1:49:04.630000,"(datetime.datetime(2026, 9, 29, 17, 1, 50, 587000),)",2a3c600d
408651010,-778305066,3359,1:49:04.700000,"(datetime.datetime(2026, 9, 29, 17, 1, 50, 653000),)",2a3c600a
408649556,-778304892,3347,1:49:04.780000,"(datetime.datetime(2026, 9, 29, 17, 1, 50, 731000),)",2a3c600d
408651053,-778305073,3360,1:49:04.800000,"(datetime.datetime(2026, 9, 29, 17, 1, 50, 756000),)",2a3c600a
408649602,-778304887,3347,1:49:04.850000,"(datetime.datetime(2026, 9, 29, 17, 1, 50, 808000),)",2a3c600d
408651098,-778305081,3361,1:49:04.880000,"(datetime.datetime(2026, 9, 29, 17, 1, 50, 832000),)",2a3c600a
408649650,-778304882,3347,1:49:04.940000,"(datetime.datetime(2026, 9, 29, 17, 1, 50, 892000),)",2a3c600d
408651144,-778305086,3360,1:49:04.960000,"(datetime.datetime(2026, 9, 29, 17, 1, 50, 917000),)",2a3c600a
408649695,-778304879,3347,1:49:05.030000,"(datetime.datetime(2026, 9, 29, 17, 1, 50, 984000),)",2a3c600d
408651189,-778305096,3360,1:49:05.050000,"(datetime.datetime(2026, 9, 29, 17, 1, 51, 8000),)",2a3c600a
408649741,-778304870,3347,1:49:05.120000,"(datetime.datetime(2026, 9, 29, 17, 1, 51, 75000),)",2a3c600d
408651233,-778305101,3360,1:49:05.140000,"(datetime.datetime(2026, 9, 29, 17, 1, 51, 99000),)",2a3c600a
408649792,-778304870,3347,1:49:05.210000,"(datetime.datetime(2026, 9, 29, 17, 1, 51, 163000),)",2a3c600d
408651287,-778305114,3361,1:49:05.230000,"(datetime.datetime(2026, 9, 29, 17, 1, 51, 187000),)",2a3c600a
408649837,-778304864,3348,1:49:05.310000,"(datetime.datetime(2026, 9, 29, 17, 1, 51, 267000),)",2a3c600d
408651287,-778305114,3361,1:49:05.360000,"(datetime.datetime(2026, 9, 29, 17, 1, 51, 320000),)",2a3c600a
408649872,-778304831,3351,1:49:05.390000,"(datetime.datetime(2026, 9, 29, 17, 1, 51, 345000),)",2a3c600d
408651374,-778305132,3361,1:49:05.460000,"(datetime.datetime(2026, 9, 29, 17, 1, 51, 419000),)",2a3c600a
408649918,-778304831,3350,1:49:05.530000,"(datetime.datetime(2026, 9, 29, 17, 1, 51, 482000),)",2a3c600d
408651416,-778305139,3361,1:49:05.550000,"(datetime.datetime(2026, 9, 29, 17, 1, 51, 508000),)",2a3c600a
408649965,-778304829,3351,1:49:05.620000,"(datetime.datetime(2026, 9, 29, 17, 1, 51, 574000),)",2a3c600d
408651460,-778305146,3361,1:49:05.640000,"(datetime.datetime(2026, 9, 29, 17, 1, 51, 599000),)",2a3c600a
408650054,-778304825,3350,1:49:05.710000,"(datetime.datetime(2026, 9, 29, 17, 1, 51, 670000),)",2a3c600d
408651502,-778305153,3361,1:49:05.770000,"(datetime.datetime(2026, 9, 29, 17, 1, 51, 727000),)",2a3c600a
408650054,-778304825,3350,1:49:05.800000,"(datetime.datetime(2026, 9, 29, 17, 1, 51, 751000),)",2a3c600d
408651546,-778305160,3361,1:49:05.860000,"(datetime.datetime(2026, 9, 29, 17, 1, 51, 816000),)",2a3c600a
408650139,-778304823,3351,1:49:05.890000,"(datetime.datetime(2026, 9, 29, 17, 1, 51, 841000),)",2a3c600d
408651589,-778305166,3361,1:49:05.960000,"(datetime.datetime(2026, 9, 29, 17, 1, 51, 915000),)",2a3c600a
408650181,-778304819,3351,1:49:06.020000,"(datetime.datetime(2026, 9, 29, 17, 1, 51, 978000),)",2a3c600d
408651632,-778305173,3361,1:49:06.050000,"(datetime.datetime(2026, 9, 29, 17, 1, 52, 2000),)",2a3c600a
408650225,-778304819,3351,1:49:06.110000,"(datetime.datetime(2026, 9, 29, 17, 1, 52, 65000),)",2a3c600d
408651676,-778305181,3361,1:49:06.140000,"(datetime.datetime(2026, 9, 29, 17, 1, 52, 92000),)",2a3c600a
408650264,-778304816,3351,1:49:06.200000,"(datetime.datetime(2026, 9, 29, 17, 1, 52, 158000),)",2a3c600d
408651735,-778305188,3361,1:49:06.230000,"(datetime.datetime(2026, 9, 29, 17, 1, 52, 182000),)",2a3c600a
408650314,-778304811,3352,1:49:06.300000,"(datetime.datetime(2026, 9, 29, 17, 1, 52, 250000),)",2a3c600d
408651781,-778305197,3361,1:49:06.320000,"(datetime.datetime(2026, 9, 29, 17, 1, 52, 275000),)",2a3c600a
408650314,-778304811,3352,1:49:06.390000,"(datetime.datetime(2026, 9, 29, 17, 1, 52, 342000),)",2a3c600d
408651830,-778305203,3361,1:49:06.450000,"(datetime.datetime(2026, 9, 29, 17, 1, 52, 403000),)",2a3c600a
408650353,-778304813,3352,1:49:06.470000,"(datetime.datetime(2026, 9, 29, 17, 1, 52, 428000),)",2a3c600d
408651877,-778305211,3361,1:49:06.540000,"(datetime.datetime(2026, 9, 29, 17, 1, 52, 492000),)",2a3c600a
408650391,-778304815,3352,1:49:06.560000,"(datetime.datetime(2026, 9, 29, 17, 1, 52, 518000),)",2a3c600d
408651928,-778305218,3361,1:49:06.620000,"(datetime.datetime(2026, 9, 29, 17, 1, 52, 580000),)",2a3c600a
408650430,-778304814,3352,1:49:06.650000,"(datetime.datetime(2026, 9, 29, 17, 1, 52, 606000),)",2a3c600d
408651978,-778305228,3362,1:49:06.750000,"(datetime.datetime(2026, 9, 29, 17, 1, 52, 702000),)",2a3c600a
408650470,-778304817,3352,1:49:06.780000,"(datetime.datetime(2026, 9, 29, 17, 1, 52, 740000),)",2a3c600d
408652031,-778305235,3361,1:49:06.810000,"(datetime.datetime(2026, 9, 29, 17, 1, 52, 765000),)",2a3c600a
408650511,-778304818,3352,1:49:06.880000,"(datetime.datetime(2026, 9, 29, 17, 1, 52, 834000),)",2a3c600d
408652083,-778305247,3362,1:49:06.900000,"(datetime.datetime(2026, 9, 29, 17, 1, 52, 859000),)",2a3c600a
408650550,-778304817,3352,1:49:06.970000,"(datetime.datetime(2026, 9, 29, 17, 1, 52, 921000),)",2a3c600d
408652083,-778305247,3362,1:49:06.990000,"(datetime.datetime(2026, 9, 29, 17, 1, 52, 945000),)",2a3c600a
408650592,-778304821,3352,1:49:07.050000,"(datetime.datetime(2026, 9, 29, 17, 1, 53, 10000),)",2a3c600d
408652195,-778305264,3361,1:49:07.080000,"(datetime.datetime(2026, 9, 29, 17, 1, 53, 35000),)",2a3c600a
408650634,-778304823,3352,1:49:07.150000,"(datetime.datetime(2026, 9, 29, 17, 1, 53, 102000),)",2a3c600d
408652195,-778305264,3361,1:49:07.170000,"(datetime.datetime(2026, 9, 29, 17, 1, 53, 127000),)",2a3c600a
408650731,-778304818,3352,1:49:07.240000,"(datetime.datetime(2026, 9, 29, 17, 1, 53, 198000),)",2a3c600d
408652322,-778305289,3362,1:49:07.270000,"(datetime.datetime(2026, 9, 29, 17, 1, 53, 222000),)",2a3c600a
408650775,-778304820,3352,1:49:07.340000,"(datetime.datetime(2026, 9, 29, 17, 1, 53, 298000),)",2a3c600d
408652322,-778305289,3362,1:49:07.410000,"(datetime.datetime(2026, 9, 29, 17, 1, 53, 363000),)",2a3c600a
408650820,-778304824,3352,1:49:07.430000,"(datetime.datetime(2026, 9, 29, 17, 1, 53, 387000),)",2a3c600d
408652381,-778305301,3362,1:49:07.500000,"(datetime.datetime(2026, 9, 29, 17, 1, 53, 458000),)",2a3c600a
408650820,-778304824,3352,1:49:07.570000,"(datetime.datetime(2026, 9, 29, 17, 1, 53, 521000),)",2a3c600d
408652440,-778305317,3362,1:49:07.620000,"(datetime.datetime(2026, 9, 29, 17, 1, 53, 580000),)",2a3c600a
408650865,-778304829,3352,1:49:07.650000,"(datetime.datetime(2026, 9, 29, 17, 1, 53, 606000),)",2a3c600d
408652503,-778305330,3362,1:49:07.750000,"(datetime.datetime(2026, 9, 29, 17, 1, 53, 702000),)",2a3c600a
408650909,-778304833,3352,1:49:07.770000,"(datetime.datetime(2026, 9, 29, 17, 1, 53, 729000),)",2a3c600d
408652565,-778305345,3362,1:49:07.840000,"(datetime.datetime(2026, 9, 29, 17, 1, 53, 793000),)",2a3c600a
408650955,-778304838,3352,1:49:07.910000,"(datetime.datetime(2026, 9, 29, 17, 1, 53, 870000),)",2a3c600d
408652629,-778305362,3362,1:49:07.960000,"(datetime.datetime(2026, 9, 29, 17, 1, 53, 920000),)",2a3c600a
408651003,-778304842,3352,1:49:07.990000,"(datetime.datetime(2026, 9, 29, 17, 1, 53, 949000),)",2a3c600d
408652692,-778305378,3362,1:49:08.050000,"(datetime.datetime(2026, 9, 29, 17, 1, 54, 6000),)",2a3c600a
408651050,-778304848,3352,1:49:08.080000,"(datetime.datetime(2026, 9, 29, 17, 1, 54, 36000),)",2a3c600d
408652758,-778305395,3362,1:49:08.150000,"(datetime.datetime(2026, 9, 29, 17, 1, 54, 103000),)",2a3c600a
408651099,-778304858,3352,1:49:08.170000,"(datetime.datetime(2026, 9, 29, 17, 1, 54, 128000),)",2a3c600d
408652826,-778305413,3363,1:49:08.240000,"(datetime.datetime(2026, 9, 29, 17, 1, 54, 196000),)",2a3c600a
408651149,-778304861,3353,1:49:08.280000,"(datetime.datetime(2026, 9, 29, 17, 1, 54, 232000),)",2a3c600d
408652885,-778305444,3362,1:49:08.320000,"(datetime.datetime(2026, 9, 29, 17, 1, 54, 280000),)",2a3c600a
408651210,-778304860,3354,1:49:08.350000,"(datetime.datetime(2026, 9, 29, 17, 1, 54, 305000),)",2a3c600d
408653023,-778305488,3363,1:49:08.410000,"(datetime.datetime(2026, 9, 29, 17, 1, 54, 368000),)",2a3c600a
408651264,-778304869,3354,1:49:08.440000,"(datetime.datetime(2026, 9, 29, 17, 1, 54, 392000),)",2a3c600d
408653090,-778305510,3363,1:49:08.510000,"(datetime.datetime(2026, 9, 29, 17, 1, 54, 463000),)",2a3c600a
408651318,-778304877,3354,1:49:08.600000,"(datetime.datetime(2026, 9, 29, 17, 1, 54, 554000),)",2a3c600d
408653090,-778305510,3363,1:49:08.640000,"(datetime.datetime(2026, 9, 29, 17, 1, 54, 599000),)",2a3c600a
408651374,-778304886,3354,1:49:08.670000,"(datetime.datetime(2026, 9, 29, 17, 1, 54, 626000),)",2a3c600d
408653155,-778305536,3362,1:49:08.750000,"(datetime.datetime(2026, 9, 29, 17, 1, 54, 702000),)",2a3c600a
408651429,-778304898,3354,1:49:08.790000,"(datetime.datetime(2026, 9, 29, 17, 1, 54, 750000),)",2a3c600d
408653223,-778305561,3363,1:49:08.820000,"(datetime.datetime(2026, 9, 29, 17, 1, 54, 775000),)",2a3c600a
408651487,-778304908,3354,1:49:08.890000,"(datetime.datetime(2026, 9, 29, 17, 1, 54, 846000),)",2a3c600d
408653289,-778305586,3363,1:49:08.950000,"(datetime.datetime(2026, 9, 29, 17, 1, 54, 901000),)",2a3c600a
