lat,long,elev,timediff,current_time,OBUID
408656031,-778308029,3330,1:10:21.390000,"(datetime.datetime(2026, 8, 21, 17, 5, 22, 660000),)",2a3c603c
408655868,-778308252,3363,1:10:21.450000,"(datetime.datetime(2026, 8, 21, 17, 5, 22, 713000),)",2a3c600d
408656031,-778308029,3330,1:10:21.490000,"(datetime.datetime(2026, 8, 21, 17, 5, 22, 760000),)",2a3c603c
408655868,-778308252,3363,1:10:21.550000,"(datetime.datetime(2026, 8, 21, 17, 5, 22, 814000),)",2a3c600d
408656031,-778308029,3330,1:10:21.600000,"(datetime.datetime(2026, 8, 21, 17, 5, 22, 870000),)",2a3c603c
408655868,-778308252,3363,1:10:21.650000,"(datetime.datetime(2026, 8, 21, 17, 5, 22, 914000),)",2a3c600d
408656031,-778308029,3330,1:10:21.690000,"(datetime.datetime(2026, 8, 21, 17, 5, 22, 962000),)",2a3c603c
408655868,-778308252,3363,1:10:21.730000,"(datetime.datetime(2026, 8, 21, 17, 5, 22, 994000),)",2a3c600d
408656031,-778308029,3330,1:10:21.790000,"(datetime.datetime(2026, 8, 21, 17, 5, 23, 62000),)",2a3c603c
408655868,-778308252,3363,1:10:21.820000,"(datetime.datetime(2026, 8, 21, 17, 5, 23, 90000),)",2a3c600d
408656031,-778308029,3330,1:10:21.890000,"(datetime.datetime(2026, 8, 21, 17, 5, 23, 161000),)",2a3c603c
408655868,-778308252,3363,1:10:21.930000,"(datetime.datetime(2026, 8, 21, 17, 5, 23, 199000),)",2a3c600d
408656031,-778308029,3330,1:10:21.990000,"(datetime.datetime(2026, 8, 21, 17, 5, 23, 260000),)",2a3c603c
408655868,-778308252,3363,1:10:22.020000,"(datetime.datetime(2026, 8, 21, 17, 5, 23, 291000),)",2a3c600d
408656031,-778308029,3330,1:10:22.090000,"(datetime.datetime(2026, 8, 21, 17, 5, 23, 362000),)",2a3c603c
408655868,-778308252,3363,1:10:22.130000,"(datetime.datetime(2026, 8, 21, 17, 5, 23, 393000),)",2a3c600d
408656031,-778308029,3330,1:10:22.190000,"(datetime.datetime(2026, 8, 21, 17, 5, 23, 461000),)",2a3c603c
408655868,-778308252,3363,1:10:22.220000,"(datetime.datetime(2026, 8, 21, 17, 5, 23, 491000),)",2a3c600d
408656031,-778308029,3330,1:10:22.300000,"(datetime.datetime(2026, 8, 21, 17, 5, 23, 572000),)",2a3c603c
408655868,-778308252,3363,1:10:22.320000,"(datetime.datetime(2026, 8, 21, 17, 5, 23, 591000),)",2a3c600d
408656031,-778308029,3330,1:10:22.390000,"(datetime.datetime(2026, 8, 21, 17, 5, 23, 661000),)",2a3c603c
408655868,-778308252,3363,1:10:22.420000,"(datetime.datetime(2026, 8, 21, 17, 5, 23, 690000),)",2a3c600d
408656031,-778308029,3330,1:10:22.490000,"(datetime.datetime(2026, 8, 21, 17, 5, 23, 760000),)",2a3c603c
408655868,-778308252,3363,1:10:22.520000,"(datetime.datetime(2026, 8, 21, 17, 5, 23, 790000),)",2a3c600d
408656031,-778308029,3330,1:10:22.590000,"(datetime.datetime(2026, 8, 21, 17, 5, 23, 861000),)",2a3c603c
408655868,-778308252,3363,1:10:22.620000,"(datetime.datetime(2026, 8, 21, 17, 5, 23, 890000),)",2a3c600d
408656031,-778308029,3330,1:10:22.690000,"(datetime.datetime(2026, 8, 21, 17, 5, 23, 962000),)",2a3c603c
408655868,-778308252,3363,1:10:22.730000,"(datetime.datetime(2026, 8, 21, 17, 5, 23, 993000),)",2a3c600d
408656031,-778308029,3330,1:10:22.790000,"(datetime.datetime(2026, 8, 21, 17, 5, 24, 62000),)",2a3c603c
408655868,-778308252,3363,1:10:22.820000,"(datetime.datetime(2026, 8, 21, 17, 5, 24, 90000),)",2a3c600d
408656031,-778308029,3330,1:10:22.890000,"(datetime.datetime(2026, 8, 21, 17, 5, 24, 161000),)",2a3c603c
408655868,-778308252,3363,1:10:22.920000,"(datetime.datetime(2026, 8, 21, 17, 5, 24, 191000),)",2a3c600d
408656031,-778308029,3330,1:10:22.990000,"(datetime.datetime(2026, 8, 21, 17, 5, 24, 262000),)",2a3c603c
408655868,-778308252,3363,1:10:23.030000,"(datetime.datetime(2026, 8, 21, 17, 5, 24, 297000),)",2a3c600d
408656031,-778308029,3330,1:10:23.090000,"(datetime.datetime(2026, 8, 21, 17, 5, 24, 353000),)",2a3c603c
408655868,-778308252,3363,1:10:23.120000,"(datetime.datetime(2026, 8, 21, 17, 5, 24, 390000),)",2a3c600d
408656031,-778308029,3330,1:10:23.190000,"(datetime.datetime(2026, 8, 21, 17, 5, 24, 454000),)",2a3c603c
408655868,-778308252,3363,1:10:23.220000,"(datetime.datetime(2026, 8, 21, 17, 5, 24, 491000),)",2a3c600d
408656031,-778308029,3330,1:10:23.300000,"(datetime.datetime(2026, 8, 21, 17, 5, 24, 565000),)",2a3c603c
408655868,-778308252,3363,1:10:23.320000,"(datetime.datetime(2026, 8, 21, 17, 5, 24, 590000),)",2a3c600d
408656031,-778308029,3330,1:10:23.390000,"(datetime.datetime(2026, 8, 21, 17, 5, 24, 660000),)",2a3c603c
408655868,-778308252,3363,1:10:23.420000,"(datetime.datetime(2026, 8, 21, 17, 5, 24, 691000),)",2a3c600d
408656031,-778308029,3330,1:10:23.500000,"(datetime.datetime(2026, 8, 21, 17, 5, 24, 765000),)",2a3c603c
408655868,-778308252,3363,1:10:23.520000,"(datetime.datetime(2026, 8, 21, 17, 5, 24, 790000),)",2a3c600d
408656031,-778308029,3330,1:10:23.590000,"(datetime.datetime(2026, 8, 21, 17, 5, 24, 862000),)",2a3c603c
408655868,-778308252,3363,1:10:23.620000,"(datetime.datetime(2026, 8, 21, 17, 5, 24, 890000),)",2a3c600d
408656031,-778308029,3330,1:10:23.700000,"(datetime.datetime(2026, 8, 21, 17, 5, 24, 970000),)",2a3c603c
408655868,-778308252,3363,1:10:23.720000,"(datetime.datetime(2026, 8, 21, 17, 5, 24, 991000),)",2a3c600d
408656031,-778308029,3330,1:10:23.790000,"(datetime.datetime(2026, 8, 21, 17, 5, 25, 62000),)",2a3c603c
408655868,-778308252,3363,1:10:23.820000,"(datetime.datetime(2026, 8, 21, 17, 5, 25, 92000),)",2a3c600d
408655891,-778308241,3364,1:10:23.910000,"(datetime.datetime(2026, 8, 21, 17, 5, 25, 172000),)",2a3c600d
408656031,-778308029,3330,1:10:23.910000,"(datetime.datetime(2026, 8, 21, 17, 5, 25, 178000),)",2a3c603c
408656031,-778308029,3330,1:10:24,"(datetime.datetime(2026, 8, 21, 17, 5, 25, 262000),)",2a3c603c
408655895,-778308243,3364,1:10:24.010000,"(datetime.datetime(2026, 8, 21, 17, 5, 25, 277000),)",2a3c600d
408656031,-778308029,3330,1:10:24.100000,"(datetime.datetime(2026, 8, 21, 17, 5, 25, 363000),)",2a3c603c
408655896,-778308244,3364,1:10:24.100000,"(datetime.datetime(2026, 8, 21, 17, 5, 25, 370000),)",2a3c600d
408656031,-778308029,3330,1:10:24.190000,"(datetime.datetime(2026, 8, 21, 17, 5, 25, 462000),)",2a3c603c
408655897,-778308247,3364,1:10:24.200000,"(datetime.datetime(2026, 8, 21, 17, 5, 25, 470000),)",2a3c600d
408656031,-778308029,3330,1:10:24.290000,"(datetime.datetime(2026, 8, 21, 17, 5, 25, 562000),)",2a3c603c
408655897,-778308251,3364,1:10:24.300000,"(datetime.datetime(2026, 8, 21, 17, 5, 25, 571000),)",2a3c600d
408656031,-778308029,3330,1:10:24.400000,"(datetime.datetime(2026, 8, 21, 17, 5, 25, 667000),)",2a3c603c
408655901,-778308253,3364,1:10:24.410000,"(datetime.datetime(2026, 8, 21, 17, 5, 25, 673000),)",2a3c600d
408656031,-778308029,3330,1:10:24.510000,"(datetime.datetime(2026, 8, 21, 17, 5, 25, 778000),)",2a3c603c
408655902,-778308257,3364,1:10:24.520000,"(datetime.datetime(2026, 8, 21, 17, 5, 25, 788000),)",2a3c600d
408655903,-778308260,3364,1:10:24.610000,"(datetime.datetime(2026, 8, 21, 17, 5, 25, 872000),)",2a3c600d
408656031,-778308029,3330,1:10:24.700000,"(datetime.datetime(2026, 8, 21, 17, 5, 25, 970000),)",2a3c603c
408655906,-778308265,3364,1:10:24.710000,"(datetime.datetime(2026, 8, 21, 17, 5, 25, 976000),)",2a3c600d
408656031,-778308029,3330,1:10:24.790000,"(datetime.datetime(2026, 8, 21, 17, 5, 26, 62000),)",2a3c603c
408655908,-778308269,3364,1:10:24.800000,"(datetime.datetime(2026, 8, 21, 17, 5, 26, 71000),)",2a3c600d
408656031,-778308029,3330,1:10:24.900000,"(datetime.datetime(2026, 8, 21, 17, 5, 26, 164000),)",2a3c603c
408655905,-778308273,3365,1:10:24.910000,"(datetime.datetime(2026, 8, 21, 17, 5, 26, 173000),)",2a3c600d
408656031,-778308029,3330,1:10:25,"(datetime.datetime(2026, 8, 21, 17, 5, 26, 264000),)",2a3c603c
408656031,-778308029,3330,1:10:25.010000,"(datetime.datetime(2026, 8, 21, 17, 5, 26, 276000),)",2a3c603c
408655910,-778308278,3365,1:10:25.020000,"(datetime.datetime(2026, 8, 21, 17, 5, 26, 286000),)",2a3c600d
408656031,-778308029,3330,1:10:25.100000,"(datetime.datetime(2026, 8, 21, 17, 5, 26, 368000),)",2a3c603c
408655911,-778308281,3365,1:10:25.110000,"(datetime.datetime(2026, 8, 21, 17, 5, 26, 375000),)",2a3c600d
408656031,-778308029,3330,1:10:25.200000,"(datetime.datetime(2026, 8, 21, 17, 5, 26, 468000),)",2a3c603c
408655914,-778308286,3365,1:10:25.210000,"(datetime.datetime(2026, 8, 21, 17, 5, 26, 473000),)",2a3c600d
408655918,-778308291,3365,1:10:25.310000,"(datetime.datetime(2026, 8, 21, 17, 5, 26, 573000),)",2a3c600d
408656031,-778308029,3330,1:10:25.310000,"(datetime.datetime(2026, 8, 21, 17, 5, 26, 579000),)",2a3c603c
408656031,-778308029,3330,1:10:25.400000,"(datetime.datetime(2026, 8, 21, 17, 5, 26, 663000),)",2a3c603c
408655920,-778308297,3365,1:10:25.400000,"(datetime.datetime(2026, 8, 21, 17, 5, 26, 671000),)",2a3c600d
408656031,-778308029,3330,1:10:25.500000,"(datetime.datetime(2026, 8, 21, 17, 5, 26, 764000),)",2a3c603c
408655924,-778308300,3365,1:10:25.510000,"(datetime.datetime(2026, 8, 21, 17, 5, 26, 772000),)",2a3c600d
408656031,-778308029,3330,1:10:25.590000,"(datetime.datetime(2026, 8, 21, 17, 5, 26, 862000),)",2a3c603c
408655928,-778308308,3365,1:10:25.600000,"(datetime.datetime(2026, 8, 21, 17, 5, 26, 872000),)",2a3c600d
408656031,-778308029,3330,1:10:25.690000,"(datetime.datetime(2026, 8, 21, 17, 5, 26, 962000),)",2a3c603c
408655930,-778308311,3365,1:10:25.700000,"(datetime.datetime(2026, 8, 21, 17, 5, 26, 971000),)",2a3c600d
408656031,-778308029,3330,1:10:25.790000,"(datetime.datetime(2026, 8, 21, 17, 5, 27, 62000),)",2a3c603c
408655934,-778308316,3365,1:10:25.800000,"(datetime.datetime(2026, 8, 21, 17, 5, 27, 70000),)",2a3c600d
408656031,-778308029,3330,1:10:25.900000,"(datetime.datetime(2026, 8, 21, 17, 5, 27, 163000),)",2a3c603c
408655951,-778308331,3366,1:10:25.910000,"(datetime.datetime(2026, 8, 21, 17, 5, 27, 174000),)",2a3c600d
408656031,-778308029,3330,1:10:26,"(datetime.datetime(2026, 8, 21, 17, 5, 27, 263000),)",2a3c603c
408655956,-778308336,3366,1:10:26,"(datetime.datetime(2026, 8, 21, 17, 5, 27, 271000),)",2a3c600d
408656031,-778308029,3330,1:10:26.090000,"(datetime.datetime(2026, 8, 21, 17, 5, 27, 362000),)",2a3c603c
408655958,-778308344,3366,1:10:26.110000,"(datetime.datetime(2026, 8, 21, 17, 5, 27, 374000),)",2a3c600d
408656031,-778308029,3330,1:10:26.200000,"(datetime.datetime(2026, 8, 21, 17, 5, 27, 463000),)",2a3c603c
408655962,-778308350,3366,1:10:26.200000,"(datetime.datetime(2026, 8, 21, 17, 5, 27, 472000),)",2a3c600d
408656031,-778308029,3330,1:10:26.290000,"(datetime.datetime(2026, 8, 21, 17, 5, 27, 562000),)",2a3c603c
408655965,-778308354,3366,1:10:26.300000,"(datetime.datetime(2026, 8, 21, 17, 5, 27, 570000),)",2a3c600d
408656031,-778308029,3330,1:10:26.400000,"(datetime.datetime(2026, 8, 21, 17, 5, 27, 663000),)",2a3c603c
408655971,-778308359,3367,1:10:26.400000,"(datetime.datetime(2026, 8, 21, 17, 5, 27, 671000),)",2a3c600d
408656031,-778308029,3330,1:10:26.500000,"(datetime.datetime(2026, 8, 21, 17, 5, 27, 768000),)",2a3c603c
408655975,-778308365,3366,1:10:26.510000,"(datetime.datetime(2026, 8, 21, 17, 5, 27, 777000),)",2a3c600d
408656031,-778308029,3330,1:10:26.590000,"(datetime.datetime(2026, 8, 21, 17, 5, 27, 862000),)",2a3c603c
408655978,-778308372,3366,1:10:26.600000,"(datetime.datetime(2026, 8, 21, 17, 5, 27, 871000),)",2a3c600d
408656031,-778308029,3330,1:10:26.700000,"(datetime.datetime(2026, 8, 21, 17, 5, 27, 963000),)",2a3c603c
408655982,-778308379,3366,1:10:26.700000,"(datetime.datetime(2026, 8, 21, 17, 5, 27, 970000),)",2a3c600d
408656031,-778308029,3330,1:10:26.800000,"(datetime.datetime(2026, 8, 21, 17, 5, 28, 62000),)",2a3c603c
408655985,-778308384,3366,1:10:26.810000,"(datetime.datetime(2026, 8, 21, 17, 5, 28, 74000),)",2a3c600d
408656031,-778308029,3330,1:10:26.900000,"(datetime.datetime(2026, 8, 21, 17, 5, 28, 163000),)",2a3c603c
408655978,-778308397,3369,1:10:26.900000,"(datetime.datetime(2026, 8, 21, 17, 5, 28, 171000),)",2a3c600d
408656031,-778308029,3330,1:10:27,"(datetime.datetime(2026, 8, 21, 17, 5, 28, 265000),)",2a3c603c
408655984,-778308405,3369,1:10:27,"(datetime.datetime(2026, 8, 21, 17, 5, 28, 272000),)",2a3c600d
408656031,-778308029,3330,1:10:27.090000,"(datetime.datetime(2026, 8, 21, 17, 5, 28, 362000),)",2a3c603c
408655989,-778308409,3369,1:10:27.100000,"(datetime.datetime(2026, 8, 21, 17, 5, 28, 371000),)",2a3c600d
408656031,-778308029,3330,1:10:27.200000,"(datetime.datetime(2026, 8, 21, 17, 5, 28, 463000),)",2a3c603c
408655991,-778308418,3369,1:10:27.210000,"(datetime.datetime(2026, 8, 21, 17, 5, 28, 473000),)",2a3c600d
408656031,-778308029,3330,1:10:27.290000,"(datetime.datetime(2026, 8, 21, 17, 5, 28, 562000),)",2a3c603c
408655996,-778308423,3369,1:10:27.300000,"(datetime.datetime(2026, 8, 21, 17, 5, 28, 570000),)",2a3c600d
408656031,-778308029,3330,1:10:27.400000,"(datetime.datetime(2026, 8, 21, 17, 5, 28, 662000),)",2a3c603c
408656001,-778308431,3369,1:10:27.400000,"(datetime.datetime(2026, 8, 21, 17, 5, 28, 670000),)",2a3c600d
408656031,-778308029,3330,1:10:27.500000,"(datetime.datetime(2026, 8, 21, 17, 5, 28, 767000),)",2a3c603c
408656005,-778308438,3369,1:10:27.510000,"(datetime.datetime(2026, 8, 21, 17, 5, 28, 774000),)",2a3c600d
408656031,-778308029,3330,1:10:27.600000,"(datetime.datetime(2026, 8, 21, 17, 5, 28, 863000),)",2a3c603c
408656008,-778308446,3369,1:10:27.600000,"(datetime.datetime(2026, 8, 21, 17, 5, 28, 872000),)",2a3c600d
408656031,-778308029,3330,1:10:27.700000,"(datetime.datetime(2026, 8, 21, 17, 5, 28, 963000),)",2a3c603c
408656013,-778308454,3369,1:10:27.700000,"(datetime.datetime(2026, 8, 21, 17, 5, 28, 971000),)",2a3c600d
408656031,-778308029,3330,1:10:27.800000,"(datetime.datetime(2026, 8, 21, 17, 5, 29, 63000),)",2a3c603c
408656016,-778308461,3369,1:10:27.800000,"(datetime.datetime(2026, 8, 21, 17, 5, 29, 71000),)",2a3c600d
408655991,-778307979,3331,1:10:27.900000,"(datetime.datetime(2026, 8, 21, 17, 5, 29, 165000),)",2a3c603c
408656001,-778308483,3370,1:10:27.900000,"(datetime.datetime(2026, 8, 21, 17, 5, 29, 172000),)",2a3c600d
408655982,-778307966,3330,1:10:28,"(datetime.datetime(2026, 8, 21, 17, 5, 29, 263000),)",2a3c603c
408656005,-778308489,3370,1:10:28,"(datetime.datetime(2026, 8, 21, 17, 5, 29, 270000),)",2a3c600d
408655973,-778307958,3330,1:10:28.100000,"(datetime.datetime(2026, 8, 21, 17, 5, 29, 363000),)",2a3c603c
408656010,-778308496,3370,1:10:28.110000,"(datetime.datetime(2026, 8, 21, 17, 5, 29, 375000),)",2a3c600d
408655961,-778307946,3330,1:10:28.200000,"(datetime.datetime(2026, 8, 21, 17, 5, 29, 463000),)",2a3c603c
408656014,-778308503,3370,1:10:28.200000,"(datetime.datetime(2026, 8, 21, 17, 5, 29, 472000),)",2a3c600d
408655949,-778307930,3330,1:10:28.300000,"(datetime.datetime(2026, 8, 21, 17, 5, 29, 563000),)",2a3c603c
408656018,-778308511,3370,1:10:28.310000,"(datetime.datetime(2026, 8, 21, 17, 5, 29, 573000),)",2a3c600d
408655938,-778307915,3330,1:10:28.390000,"(datetime.datetime(2026, 8, 21, 17, 5, 29, 662000),)",2a3c603c
408656022,-778308516,3370,1:10:28.400000,"(datetime.datetime(2026, 8, 21, 17, 5, 29, 670000),)",2a3c600d
408655921,-778307895,3330,1:10:28.500000,"(datetime.datetime(2026, 8, 21, 17, 5, 29, 763000),)",2a3c603c
408656025,-778308525,3370,1:10:28.500000,"(datetime.datetime(2026, 8, 21, 17, 5, 29, 770000),)",2a3c600d
408656030,-778308534,3370,1:10:28.600000,"(datetime.datetime(2026, 8, 21, 17, 5, 29, 871000),)",2a3c600d
408655903,-778307878,3330,1:10:28.610000,"(datetime.datetime(2026, 8, 21, 17, 5, 29, 879000),)",2a3c603c
408655888,-778307854,3329,1:10:28.700000,"(datetime.datetime(2026, 8, 21, 17, 5, 29, 966000),)",2a3c603c
408656033,-778308539,3370,1:10:28.710000,"(datetime.datetime(2026, 8, 21, 17, 5, 29, 974000),)",2a3c600d
408655869,-778307835,3329,1:10:28.800000,"(datetime.datetime(2026, 8, 21, 17, 5, 30, 63000),)",2a3c603c
408656036,-778308548,3370,1:10:28.810000,"(datetime.datetime(2026, 8, 21, 17, 5, 30, 72000),)",2a3c600d
408655834,-778307812,3333,1:10:28.890000,"(datetime.datetime(2026, 8, 21, 17, 5, 30, 162000),)",2a3c603c
408656028,-778308575,3371,1:10:28.900000,"(datetime.datetime(2026, 8, 21, 17, 5, 30, 170000),)",2a3c600d
408655812,-778307785,3333,1:10:29,"(datetime.datetime(2026, 8, 21, 17, 5, 30, 263000),)",2a3c603c
408656030,-778308578,3371,1:10:29.010000,"(datetime.datetime(2026, 8, 21, 17, 5, 30, 275000),)",2a3c600d
408655789,-778307763,3333,1:10:29.090000,"(datetime.datetime(2026, 8, 21, 17, 5, 30, 362000),)",2a3c603c
408656032,-778308582,3371,1:10:29.110000,"(datetime.datetime(2026, 8, 21, 17, 5, 30, 373000),)",2a3c600d
408655768,-778307739,3333,1:10:29.200000,"(datetime.datetime(2026, 8, 21, 17, 5, 30, 464000),)",2a3c603c
408656033,-778308582,3371,1:10:29.200000,"(datetime.datetime(2026, 8, 21, 17, 5, 30, 471000),)",2a3c600d
408655744,-778307712,3333,1:10:29.300000,"(datetime.datetime(2026, 8, 21, 17, 5, 30, 565000),)",2a3c603c
408656033,-778308580,3371,1:10:29.310000,"(datetime.datetime(2026, 8, 21, 17, 5, 30, 573000),)",2a3c600d
408655721,-778307685,3333,1:10:29.390000,"(datetime.datetime(2026, 8, 21, 17, 5, 30, 662000),)",2a3c603c
408656031,-778308580,3372,1:10:29.400000,"(datetime.datetime(2026, 8, 21, 17, 5, 30, 670000),)",2a3c600d
408655690,-778307656,3334,1:10:29.500000,"(datetime.datetime(2026, 8, 21, 17, 5, 30, 762000),)",2a3c603c
408656028,-778308578,3372,1:10:29.500000,"(datetime.datetime(2026, 8, 21, 17, 5, 30, 771000),)",2a3c600d
408655665,-778307623,3334,1:10:29.600000,"(datetime.datetime(2026, 8, 21, 17, 5, 30, 871000),)",2a3c603c
408656030,-778308577,3371,1:10:29.610000,"(datetime.datetime(2026, 8, 21, 17, 5, 30, 878000),)",2a3c600d
408655632,-778307591,3334,1:10:29.690000,"(datetime.datetime(2026, 8, 21, 17, 5, 30, 962000),)",2a3c603c
408656031,-778308578,3371,1:10:29.710000,"(datetime.datetime(2026, 8, 21, 17, 5, 30, 973000),)",2a3c600d
408655605,-778307555,3334,1:10:29.800000,"(datetime.datetime(2026, 8, 21, 17, 5, 31, 63000),)",2a3c603c
408656030,-778308576,3371,1:10:29.810000,"(datetime.datetime(2026, 8, 21, 17, 5, 31, 73000),)",2a3c600d
408655572,-778307532,3336,1:10:29.890000,"(datetime.datetime(2026, 8, 21, 17, 5, 31, 162000),)",2a3c603c
408656045,-778308584,3369,1:10:29.900000,"(datetime.datetime(2026, 8, 21, 17, 5, 31, 171000),)",2a3c600d
408655534,-778307493,3335,1:10:30,"(datetime.datetime(2026, 8, 21, 17, 5, 31, 264000),)",2a3c603c
408656045,-778308584,3369,1:10:30,"(datetime.datetime(2026, 8, 21, 17, 5, 31, 271000),)",2a3c600d
408655496,-778307454,3336,1:10:30.090000,"(datetime.datetime(2026, 8, 21, 17, 5, 31, 362000),)",2a3c603c
408656045,-778308584,3369,1:10:30.100000,"(datetime.datetime(2026, 8, 21, 17, 5, 31, 370000),)",2a3c600d
408655459,-778307417,3336,1:10:30.190000,"(datetime.datetime(2026, 8, 21, 17, 5, 31, 462000),)",2a3c603c
408656045,-778308584,3369,1:10:30.210000,"(datetime.datetime(2026, 8, 21, 17, 5, 31, 477000),)",2a3c600d
408655418,-778307375,3337,1:10:30.300000,"(datetime.datetime(2026, 8, 21, 17, 5, 31, 563000),)",2a3c603c
408656045,-778308584,3369,1:10:30.300000,"(datetime.datetime(2026, 8, 21, 17, 5, 31, 571000),)",2a3c600d
408655378,-778307335,3337,1:10:30.400000,"(datetime.datetime(2026, 8, 21, 17, 5, 31, 662000),)",2a3c603c
408656045,-778308584,3369,1:10:30.400000,"(datetime.datetime(2026, 8, 21, 17, 5, 31, 670000),)",2a3c600d
408655338,-778307296,3337,1:10:30.500000,"(datetime.datetime(2026, 8, 21, 17, 5, 31, 763000),)",2a3c603c
408656045,-778308584,3369,1:10:30.500000,"(datetime.datetime(2026, 8, 21, 17, 5, 31, 771000),)",2a3c600d
408655294,-778307254,3336,1:10:30.600000,"(datetime.datetime(2026, 8, 21, 17, 5, 31, 863000),)",2a3c603c
408656045,-778308584,3369,1:10:30.600000,"(datetime.datetime(2026, 8, 21, 17, 5, 31, 871000),)",2a3c600d
408655294,-778307254,3336,1:10:30.690000,"(datetime.datetime(2026, 8, 21, 17, 5, 31, 962000),)",2a3c603c
408656045,-778308584,3369,1:10:30.700000,"(datetime.datetime(2026, 8, 21, 17, 5, 31, 970000),)",2a3c600d
408655250,-778307210,3336,1:10:30.800000,"(datetime.datetime(2026, 8, 21, 17, 5, 32, 68000),)",2a3c603c
408656045,-778308584,3369,1:10:30.810000,"(datetime.datetime(2026, 8, 21, 17, 5, 32, 76000),)",2a3c600d
408655204,-778307167,3337,1:10:30.900000,"(datetime.datetime(2026, 8, 21, 17, 5, 32, 163000),)",2a3c603c
408656048,-778308586,3369,1:10:30.910000,"(datetime.datetime(2026, 8, 21, 17, 5, 32, 173000),)",2a3c600d
408655155,-778307146,3338,1:10:30.990000,"(datetime.datetime(2026, 8, 21, 17, 5, 32, 261000),)",2a3c603c
408656048,-778308586,3369,1:10:31,"(datetime.datetime(2026, 8, 21, 17, 5, 32, 272000),)",2a3c600d
408655104,-778307103,3338,1:10:31.090000,"(datetime.datetime(2026, 8, 21, 17, 5, 32, 362000),)",2a3c603c
408656048,-778308586,3369,1:10:31.120000,"(datetime.datetime(2026, 8, 21, 17, 5, 32, 383000),)",2a3c600d
408655055,-778307059,3338,1:10:31.200000,"(datetime.datetime(2026, 8, 21, 17, 5, 32, 462000),)",2a3c603c
408656048,-778308586,3369,1:10:31.210000,"(datetime.datetime(2026, 8, 21, 17, 5, 32, 474000),)",2a3c600d
408655003,-778307013,3338,1:10:31.290000,"(datetime.datetime(2026, 8, 21, 17, 5, 32, 562000),)",2a3c603c
408656048,-778308586,3369,1:10:31.300000,"(datetime.datetime(2026, 8, 21, 17, 5, 32, 571000),)",2a3c600d
408654953,-778306967,3338,1:10:31.390000,"(datetime.datetime(2026, 8, 21, 17, 5, 32, 662000),)",2a3c603c
408656048,-778308586,3369,1:10:31.400000,"(datetime.datetime(2026, 8, 21, 17, 5, 32, 670000),)",2a3c600d
408654896,-778306921,3338,1:10:31.450000,"(datetime.datetime(2026, 8, 21, 17, 5, 32, 717000),)",2a3c603c
408656048,-778308586,3369,1:10:31.500000,"(datetime.datetime(2026, 8, 21, 17, 5, 32, 772000),)",2a3c600d
408654841,-778306875,3338,1:10:31.560000,"(datetime.datetime(2026, 8, 21, 17, 5, 32, 830000),)",2a3c603c
408656048,-778308586,3369,1:10:31.600000,"(datetime.datetime(2026, 8, 21, 17, 5, 32, 871000),)",2a3c600d
408654785,-778306830,3337,1:10:31.650000,"(datetime.datetime(2026, 8, 21, 17, 5, 32, 917000),)",2a3c603c
408656048,-778308586,3369,1:10:31.700000,"(datetime.datetime(2026, 8, 21, 17, 5, 32, 971000),)",2a3c600d
408654726,-778306780,3338,1:10:31.750000,"(datetime.datetime(2026, 8, 21, 17, 5, 33, 17000),)",2a3c603c
408656048,-778308586,3369,1:10:31.800000,"(datetime.datetime(2026, 8, 21, 17, 5, 33, 71000),)",2a3c600d
408654666,-778306736,3337,1:10:31.850000,"(datetime.datetime(2026, 8, 21, 17, 5, 33, 117000),)",2a3c603c
408656025,-778308545,3368,1:10:31.900000,"(datetime.datetime(2026, 8, 21, 17, 5, 33, 171000),)",2a3c600d
408654611,-778306675,3340,1:10:31.950000,"(datetime.datetime(2026, 8, 21, 17, 5, 33, 216000),)",2a3c603c
408656021,-778308532,3368,1:10:32,"(datetime.datetime(2026, 8, 21, 17, 5, 33, 271000),)",2a3c600d
408654546,-778306623,3340,1:10:32.050000,"(datetime.datetime(2026, 8, 21, 17, 5, 33, 318000),)",2a3c603c
408656013,-778308524,3368,1:10:32.100000,"(datetime.datetime(2026, 8, 21, 17, 5, 33, 370000),)",2a3c600d
408654479,-778306575,3341,1:10:32.150000,"(datetime.datetime(2026, 8, 21, 17, 5, 33, 416000),)",2a3c603c
408656005,-778308512,3368,1:10:32.200000,"(datetime.datetime(2026, 8, 21, 17, 5, 33, 472000),)",2a3c600d
408654413,-778306523,3340,1:10:32.250000,"(datetime.datetime(2026, 8, 21, 17, 5, 33, 517000),)",2a3c603c
408655996,-778308499,3368,1:10:32.300000,"(datetime.datetime(2026, 8, 21, 17, 5, 33, 572000),)",2a3c600d
408654347,-778306476,3340,1:10:32.350000,"(datetime.datetime(2026, 8, 21, 17, 5, 33, 618000),)",2a3c603c
408655987,-778308486,3368,1:10:32.410000,"(datetime.datetime(2026, 8, 21, 17, 5, 33, 677000),)",2a3c600d
408654280,-778306430,3340,1:10:32.450000,"(datetime.datetime(2026, 8, 21, 17, 5, 33, 717000),)",2a3c603c
408655978,-778308472,3368,1:10:32.500000,"(datetime.datetime(2026, 8, 21, 17, 5, 33, 772000),)",2a3c600d
408654210,-778306377,3339,1:10:32.560000,"(datetime.datetime(2026, 8, 21, 17, 5, 33, 823000),)",2a3c603c
408655966,-778308454,3368,1:10:32.610000,"(datetime.datetime(2026, 8, 21, 17, 5, 33, 873000),)",2a3c600d
408654138,-778306330,3340,1:10:32.650000,"(datetime.datetime(2026, 8, 21, 17, 5, 33, 917000),)",2a3c603c
408655954,-778308438,3368,1:10:32.700000,"(datetime.datetime(2026, 8, 21, 17, 5, 33, 970000),)",2a3c600d
408654067,-778306281,3338,1:10:32.750000,"(datetime.datetime(2026, 8, 21, 17, 5, 34, 16000),)",2a3c603c
408655941,-778308418,3368,1:10:32.810000,"(datetime.datetime(2026, 8, 21, 17, 5, 34, 72000),)",2a3c600d
408653992,-778306234,3338,1:10:32.850000,"(datetime.datetime(2026, 8, 21, 17, 5, 34, 118000),)",2a3c603c
408655928,-778308402,3367,1:10:32.900000,"(datetime.datetime(2026, 8, 21, 17, 5, 34, 171000),)",2a3c600d
408653960,-778306190,3334,1:10:32.950000,"(datetime.datetime(2026, 8, 21, 17, 5, 34, 216000),)",2a3c603c
408655910,-778308380,3367,1:10:33,"(datetime.datetime(2026, 8, 21, 17, 5, 34, 270000),)",2a3c600d
408653878,-778306142,3333,1:10:33.050000,"(datetime.datetime(2026, 8, 21, 17, 5, 34, 317000),)",2a3c603c
408655895,-778308357,3367,1:10:33.100000,"(datetime.datetime(2026, 8, 21, 17, 5, 34, 372000),)",2a3c600d
408653717,-778306051,3334,1:10:33.150000,"(datetime.datetime(2026, 8, 21, 17, 5, 34, 417000),)",2a3c603c
408655877,-778308336,3367,1:10:33.200000,"(datetime.datetime(2026, 8, 21, 17, 5, 34, 472000),)",2a3c600d
408653717,-778306051,3334,1:10:33.250000,"(datetime.datetime(2026, 8, 21, 17, 5, 34, 518000),)",2a3c603c
408655860,-778308311,3367,1:10:33.300000,"(datetime.datetime(2026, 8, 21, 17, 5, 34, 571000),)",2a3c600d
408653640,-778306001,3333,1:10:33.350000,"(datetime.datetime(2026, 8, 21, 17, 5, 34, 617000),)",2a3c603c
408655841,-778308289,3367,1:10:33.400000,"(datetime.datetime(2026, 8, 21, 17, 5, 34, 671000),)",2a3c600d
408653473,-778305918,3332,1:10:33.450000,"(datetime.datetime(2026, 8, 21, 17, 5, 34, 717000),)",2a3c603c
408655823,-778308261,3366,1:10:33.510000,"(datetime.datetime(2026, 8, 21, 17, 5, 34, 780000),)",2a3c600d
408653473,-778305918,3332,1:10:33.560000,"(datetime.datetime(2026, 8, 21, 17, 5, 34, 828000),)",2a3c603c
408655801,-778308233,3366,1:10:33.600000,"(datetime.datetime(2026, 8, 21, 17, 5, 34, 871000),)",2a3c600d
408653390,-778305872,3333,1:10:33.650000,"(datetime.datetime(2026, 8, 21, 17, 5, 34, 917000),)",2a3c603c
408655776,-778308205,3367,1:10:33.700000,"(datetime.datetime(2026, 8, 21, 17, 5, 34, 971000),)",2a3c600d
408653301,-778305832,3333,1:10:33.750000,"(datetime.datetime(2026, 8, 21, 17, 5, 35, 17000),)",2a3c603c
408655751,-778308173,3367,1:10:33.800000,"(datetime.datetime(2026, 8, 21, 17, 5, 35, 72000),)",2a3c600d
408653215,-778305792,3332,1:10:33.850000,"(datetime.datetime(2026, 8, 21, 17, 5, 35, 118000),)",2a3c603c
408655722,-778308148,3367,1:10:33.900000,"(datetime.datetime(2026, 8, 21, 17, 5, 35, 172000),)",2a3c600d
408653020,-778305687,3338,1:10:33.950000,"(datetime.datetime(2026, 8, 21, 17, 5, 35, 216000),)",2a3c603c
408655691,-778308110,3368,1:10:33.960000,"(datetime.datetime(2026, 8, 21, 17, 5, 35, 229000),)",2a3c600d
408653020,-778305687,3338,1:10:34.050000,"(datetime.datetime(2026, 8, 21, 17, 5, 35, 317000),)",2a3c603c
408655665,-778308071,3368,1:10:34.060000,"(datetime.datetime(2026, 8, 21, 17, 5, 35, 329000),)",2a3c600d
408652838,-778305617,3338,1:10:34.150000,"(datetime.datetime(2026, 8, 21, 17, 5, 35, 418000),)",2a3c603c
408655634,-778308034,3368,1:10:34.160000,"(datetime.datetime(2026, 8, 21, 17, 5, 35, 428000),)",2a3c600d
408652838,-778305617,3338,1:10:34.250000,"(datetime.datetime(2026, 8, 21, 17, 5, 35, 519000),)",2a3c603c
408655602,-778307996,3368,1:10:34.270000,"(datetime.datetime(2026, 8, 21, 17, 5, 35, 538000),)",2a3c600d
408652651,-778305546,3337,1:10:34.350000,"(datetime.datetime(2026, 8, 21, 17, 5, 35, 619000),)",2a3c603c
408655571,-778307952,3367,1:10:34.370000,"(datetime.datetime(2026, 8, 21, 17, 5, 35, 640000),)",2a3c600d
408652553,-778305515,3337,1:10:34.460000,"(datetime.datetime(2026, 8, 21, 17, 5, 35, 724000),)",2a3c603c
408655537,-778307910,3368,1:10:34.470000,"(datetime.datetime(2026, 8, 21, 17, 5, 35, 733000),)",2a3c600d
408652460,-778305484,3337,1:10:34.560000,"(datetime.datetime(2026, 8, 21, 17, 5, 35, 829000),)",2a3c603c
408655503,-778307867,3368,1:10:34.570000,"(datetime.datetime(2026, 8, 21, 17, 5, 35, 837000),)",2a3c600d
408652362,-778305452,3337,1:10:34.670000,"(datetime.datetime(2026, 8, 21, 17, 5, 35, 933000),)",2a3c603c
408655469,-778307821,3367,1:10:34.670000,"(datetime.datetime(2026, 8, 21, 17, 5, 35, 941000),)",2a3c600d
408652261,-778305423,3337,1:10:34.760000,"(datetime.datetime(2026, 8, 21, 17, 5, 36, 24000),)",2a3c603c
408655433,-778307773,3367,1:10:34.770000,"(datetime.datetime(2026, 8, 21, 17, 5, 36, 41000),)",2a3c600d
408655403,-778307732,3367,1:10:34.870000,"(datetime.datetime(2026, 8, 21, 17, 5, 36, 141000),)",2a3c600d
408652154,-778305375,3340,1:10:34.950000,"(datetime.datetime(2026, 8, 21, 17, 5, 36, 218000),)",2a3c603c
408652044,-778305353,3340,1:10:34.960000,"(datetime.datetime(2026, 8, 21, 17, 5, 36, 229000),)",2a3c603c
408655361,-778307676,3367,1:10:34.970000,"(datetime.datetime(2026, 8, 21, 17, 5, 36, 238000),)",2a3c600d
408651946,-778305330,3340,1:10:35.060000,"(datetime.datetime(2026, 8, 21, 17, 5, 36, 331000),)",2a3c603c
408655319,-778307626,3367,1:10:35.080000,"(datetime.datetime(2026, 8, 21, 17, 5, 36, 347000),)",2a3c600d
408655280,-778307571,3367,1:10:35.170000,"(datetime.datetime(2026, 8, 21, 17, 5, 36, 438000),)",2a3c600d
408651843,-778305304,3340,1:10:35.250000,"(datetime.datetime(2026, 8, 21, 17, 5, 36, 521000),)",2a3c603c
408651739,-778305283,3341,1:10:35.260000,"(datetime.datetime(2026, 8, 21, 17, 5, 36, 530000),)",2a3c603c
408655236,-778307518,3367,1:10:35.270000,"(datetime.datetime(2026, 8, 21, 17, 5, 36, 539000),)",2a3c600d
408651637,-778305264,3340,1:10:35.360000,"(datetime.datetime(2026, 8, 21, 17, 5, 36, 627000),)",2a3c603c
408655192,-778307462,3367,1:10:35.370000,"(datetime.datetime(2026, 8, 21, 17, 5, 36, 640000),)",2a3c600d
408655147,-778307406,3367,1:10:35.470000,"(datetime.datetime(2026, 8, 21, 17, 5, 36, 741000),)",2a3c600d
408651533,-778305250,3340,1:10:35.550000,"(datetime.datetime(2026, 8, 21, 17, 5, 36, 819000),)",2a3c603c
408655101,-778307345,3367,1:10:35.570000,"(datetime.datetime(2026, 8, 21, 17, 5, 36, 839000),)",2a3c600d
408651427,-778305231,3341,1:10:35.650000,"(datetime.datetime(2026, 8, 21, 17, 5, 36, 918000),)",2a3c603c
408655053,-778307287,3367,1:10:35.670000,"(datetime.datetime(2026, 8, 21, 17, 5, 36, 938000),)",2a3c600d
408651324,-778305217,3340,1:10:35.750000,"(datetime.datetime(2026, 8, 21, 17, 5, 37, 19000),)",2a3c603c
408655004,-778307226,3367,1:10:35.770000,"(datetime.datetime(2026, 8, 21, 17, 5, 37, 39000),)",2a3c600d
408651222,-778305204,3339,1:10:35.850000,"(datetime.datetime(2026, 8, 21, 17, 5, 37, 120000),)",2a3c603c
408654953,-778307180,3369,1:10:35.870000,"(datetime.datetime(2026, 8, 21, 17, 5, 37, 140000),)",2a3c600d
408651125,-778305177,3342,1:10:35.960000,"(datetime.datetime(2026, 8, 21, 17, 5, 37, 223000),)",2a3c603c
408654894,-778307111,3369,1:10:35.990000,"(datetime.datetime(2026, 8, 21, 17, 5, 37, 255000),)",2a3c600d
408651013,-778305177,3342,1:10:36.050000,"(datetime.datetime(2026, 8, 21, 17, 5, 37, 318000),)",2a3c603c
408654839,-778307053,3369,1:10:36.070000,"(datetime.datetime(2026, 8, 21, 17, 5, 37, 339000),)",2a3c600d
408650907,-778305170,3341,1:10:36.150000,"(datetime.datetime(2026, 8, 21, 17, 5, 37, 418000),)",2a3c603c
408654781,-778306991,3369,1:10:36.170000,"(datetime.datetime(2026, 8, 21, 17, 5, 37, 440000),)",2a3c600d
408650802,-778305165,3342,1:10:36.250000,"(datetime.datetime(2026, 8, 21, 17, 5, 37, 519000),)",2a3c603c
408650694,-778305163,3341,1:10:36.260000,"(datetime.datetime(2026, 8, 21, 17, 5, 37, 528000),)",2a3c603c
408654723,-778306933,3369,1:10:36.270000,"(datetime.datetime(2026, 8, 21, 17, 5, 37, 539000),)",2a3c600d
408650592,-778305156,3341,1:10:36.370000,"(datetime.datetime(2026, 8, 21, 17, 5, 37, 633000),)",2a3c603c
408654660,-778306871,3369,1:10:36.370000,"(datetime.datetime(2026, 8, 21, 17, 5, 37, 642000),)",2a3c600d
408650480,-778305158,3341,1:10:36.460000,"(datetime.datetime(2026, 8, 21, 17, 5, 37, 729000),)",2a3c603c
408654597,-778306808,3369,1:10:36.470000,"(datetime.datetime(2026, 8, 21, 17, 5, 37, 740000),)",2a3c600d
408650377,-778305160,3341,1:10:36.560000,"(datetime.datetime(2026, 8, 21, 17, 5, 37, 830000),)",2a3c603c
408654532,-778306748,3369,1:10:36.570000,"(datetime.datetime(2026, 8, 21, 17, 5, 37, 838000),)",2a3c600d
408650267,-778305164,3341,1:10:36.660000,"(datetime.datetime(2026, 8, 21, 17, 5, 37, 931000),)",2a3c603c
408654463,-778306688,3369,1:10:36.670000,"(datetime.datetime(2026, 8, 21, 17, 5, 37, 940000),)",2a3c600d
408650164,-778305163,3341,1:10:36.770000,"(datetime.datetime(2026, 8, 21, 17, 5, 38, 36000),)",2a3c603c
408654395,-778306626,3369,1:10:36.780000,"(datetime.datetime(2026, 8, 21, 17, 5, 38, 46000),)",2a3c600d
408650059,-778305176,3339,1:10:36.860000,"(datetime.datetime(2026, 8, 21, 17, 5, 38, 132000),)",2a3c603c
408654330,-778306582,3370,1:10:36.870000,"(datetime.datetime(2026, 8, 21, 17, 5, 38, 142000),)",2a3c600d
408650059,-778305176,3339,1:10:36.960000,"(datetime.datetime(2026, 8, 21, 17, 5, 38, 232000),)",2a3c603c
408654250,-778306519,3369,1:10:36.970000,"(datetime.datetime(2026, 8, 21, 17, 5, 38, 241000),)",2a3c600d
408649952,-778305192,3339,1:10:37.060000,"(datetime.datetime(2026, 8, 21, 17, 5, 38, 332000),)",2a3c603c
408654174,-778306461,3369,1:10:37.070000,"(datetime.datetime(2026, 8, 21, 17, 5, 38, 341000),)",2a3c600d
408649843,-778305203,3339,1:10:37.160000,"(datetime.datetime(2026, 8, 21, 17, 5, 38, 431000),)",2a3c603c
408654097,-778306405,3369,1:10:37.170000,"(datetime.datetime(2026, 8, 21, 17, 5, 38, 439000),)",2a3c600d
408649734,-778305215,3339,1:10:37.260000,"(datetime.datetime(2026, 8, 21, 17, 5, 38, 532000),)",2a3c603c
408654015,-778306349,3369,1:10:37.280000,"(datetime.datetime(2026, 8, 21, 17, 5, 38, 547000),)",2a3c600d
408649622,-778305232,3339,1:10:37.360000,"(datetime.datetime(2026, 8, 21, 17, 5, 38, 631000),)",2a3c603c
408653934,-778306291,3369,1:10:37.370000,"(datetime.datetime(2026, 8, 21, 17, 5, 38, 641000),)",2a3c600d
408649516,-778305246,3339,1:10:37.460000,"(datetime.datetime(2026, 8, 21, 17, 5, 38, 730000),)",2a3c603c
408653851,-778306234,3369,1:10:37.470000,"(datetime.datetime(2026, 8, 21, 17, 5, 38, 739000),)",2a3c600d
408649406,-778305265,3339,1:10:37.560000,"(datetime.datetime(2026, 8, 21, 17, 5, 38, 830000),)",2a3c603c
408653766,-778306177,3368,1:10:37.570000,"(datetime.datetime(2026, 8, 21, 17, 5, 38, 840000),)",2a3c600d
408649296,-778305284,3338,1:10:37.670000,"(datetime.datetime(2026, 8, 21, 17, 5, 38, 934000),)",2a3c603c
408653679,-778306122,3369,1:10:37.680000,"(datetime.datetime(2026, 8, 21, 17, 5, 38, 943000),)",2a3c600d
408649184,-778305307,3338,1:10:37.760000,"(datetime.datetime(2026, 8, 21, 17, 5, 39, 31000),)",2a3c603c
408653589,-778306070,3368,1:10:37.770000,"(datetime.datetime(2026, 8, 21, 17, 5, 39, 39000),)",2a3c600d
408649074,-778305327,3338,1:10:37.860000,"(datetime.datetime(2026, 8, 21, 17, 5, 39, 131000),)",2a3c603c
408653503,-778306015,3368,1:10:37.870000,"(datetime.datetime(2026, 8, 21, 17, 5, 39, 139000),)",2a3c600d
408648950,-778305348,3340,1:10:37.960000,"(datetime.datetime(2026, 8, 21, 17, 5, 39, 230000),)",2a3c603c
408653402,-778305964,3368,1:10:37.970000,"(datetime.datetime(2026, 8, 21, 17, 5, 39, 241000),)",2a3c600d
408648725,-778305404,3340,1:10:38.060000,"(datetime.datetime(2026, 8, 21, 17, 5, 39, 331000),)",2a3c603c
408653308,-778305911,3368,1:10:38.070000,"(datetime.datetime(2026, 8, 21, 17, 5, 39, 341000),)",2a3c600d
408648725,-778305404,3340,1:10:38.170000,"(datetime.datetime(2026, 8, 21, 17, 5, 39, 433000),)",2a3c603c
408653214,-778305861,3368,1:10:38.180000,"(datetime.datetime(2026, 8, 21, 17, 5, 39, 450000),)",2a3c600d
408648613,-778305429,3340,1:10:38.270000,"(datetime.datetime(2026, 8, 21, 17, 5, 39, 536000),)",2a3c603c
408653116,-778305810,3368,1:10:38.280000,"(datetime.datetime(2026, 8, 21, 17, 5, 39, 545000),)",2a3c600d
408648501,-778305457,3340,1:10:38.360000,"(datetime.datetime(2026, 8, 21, 17, 5, 39, 630000),)",2a3c603c
408653015,-778305761,3368,1:10:38.370000,"(datetime.datetime(2026, 8, 21, 17, 5, 39, 638000),)",2a3c600d
408648281,-778305534,3339,1:10:38.460000,"(datetime.datetime(2026, 8, 21, 17, 5, 39, 731000),)",2a3c603c
408652916,-778305715,3367,1:10:38.470000,"(datetime.datetime(2026, 8, 21, 17, 5, 39, 742000),)",2a3c600d
408648171,-778305572,3339,1:10:38.560000,"(datetime.datetime(2026, 8, 21, 17, 5, 39, 830000),)",2a3c603c
408652812,-778305668,3368,1:10:38.570000,"(datetime.datetime(2026, 8, 21, 17, 5, 39, 839000),)",2a3c600d
408648061,-778305620,3340,1:10:38.660000,"(datetime.datetime(2026, 8, 21, 17, 5, 39, 931000),)",2a3c603c
408652709,-778305626,3367,1:10:38.670000,"(datetime.datetime(2026, 8, 21, 17, 5, 39, 942000),)",2a3c600d
408647950,-778305662,3340,1:10:38.760000,"(datetime.datetime(2026, 8, 21, 17, 5, 40, 31000),)",2a3c603c
408652604,-778305581,3367,1:10:38.770000,"(datetime.datetime(2026, 8, 21, 17, 5, 40, 41000),)",2a3c600d
408647847,-778305680,3338,1:10:38.870000,"(datetime.datetime(2026, 8, 21, 17, 5, 40, 132000),)",2a3c603c
408652498,-778305546,3367,1:10:38.880000,"(datetime.datetime(2026, 8, 21, 17, 5, 40, 143000),)",2a3c600d
408647847,-778305680,3338,1:10:38.970000,"(datetime.datetime(2026, 8, 21, 17, 5, 40, 233000),)",2a3c603c
408652382,-778305511,3367,1:10:38.970000,"(datetime.datetime(2026, 8, 21, 17, 5, 40, 242000),)",2a3c600d
408647627,-778305789,3338,1:10:39.060000,"(datetime.datetime(2026, 8, 21, 17, 5, 40, 331000),)",2a3c603c
408652275,-778305475,3367,1:10:39.070000,"(datetime.datetime(2026, 8, 21, 17, 5, 40, 340000),)",2a3c600d
408647520,-778305842,3338,1:10:39.160000,"(datetime.datetime(2026, 8, 21, 17, 5, 40, 431000),)",2a3c603c
408652161,-778305445,3367,1:10:39.180000,"(datetime.datetime(2026, 8, 21, 17, 5, 40, 449000),)",2a3c600d
408647401,-778305900,3338,1:10:39.260000,"(datetime.datetime(2026, 8, 21, 17, 5, 40, 532000),)",2a3c603c
408652161,-778305445,3367,1:10:39.280000,"(datetime.datetime(2026, 8, 21, 17, 5, 40, 543000),)",2a3c600d
408647294,-778305961,3338,1:10:39.360000,"(datetime.datetime(2026, 8, 21, 17, 5, 40, 631000),)",2a3c603c
408652049,-778305413,3367,1:10:39.380000,"(datetime.datetime(2026, 8, 21, 17, 5, 40, 643000),)",2a3c600d
408647294,-778305961,3338,1:10:39.470000,"(datetime.datetime(2026, 8, 21, 17, 5, 40, 734000),)",2a3c603c
408651933,-778305383,3367,1:10:39.480000,"(datetime.datetime(2026, 8, 21, 17, 5, 40, 745000),)",2a3c600d
408651819,-778305357,3367,1:10:39.570000,"(datetime.datetime(2026, 8, 21, 17, 5, 40, 839000),)",2a3c600d
408647184,-778306021,3338,1:10:39.580000,"(datetime.datetime(2026, 8, 21, 17, 5, 40, 849000),)",2a3c603c
408646968,-778306150,3337,1:10:39.670000,"(datetime.datetime(2026, 8, 21, 17, 5, 40, 932000),)",2a3c603c
408651582,-778305310,3366,1:10:39.680000,"(datetime.datetime(2026, 8, 21, 17, 5, 40, 944000),)",2a3c600d
408646968,-778306150,3337,1:10:39.760000,"(datetime.datetime(2026, 8, 21, 17, 5, 41, 31000),)",2a3c603c
408651461,-778305294,3366,1:10:39.770000,"(datetime.datetime(2026, 8, 21, 17, 5, 41, 41000),)",2a3c600d
408646856,-778306221,3338,1:10:39.860000,"(datetime.datetime(2026, 8, 21, 17, 5, 41, 131000),)",2a3c603c
408651342,-778305268,3365,1:10:39.870000,"(datetime.datetime(2026, 8, 21, 17, 5, 41, 141000),)",2a3c600d
408646742,-778306293,3338,1:10:39.960000,"(datetime.datetime(2026, 8, 21, 17, 5, 41, 231000),)",2a3c603c
408651212,-778305257,3366,1:10:39.970000,"(datetime.datetime(2026, 8, 21, 17, 5, 41, 241000),)",2a3c600d
408646637,-778306366,3337,1:10:40.060000,"(datetime.datetime(2026, 8, 21, 17, 5, 41, 331000),)",2a3c603c
408651091,-778305247,3366,1:10:40.070000,"(datetime.datetime(2026, 8, 21, 17, 5, 41, 342000),)",2a3c600d
408646527,-778306439,3337,1:10:40.160000,"(datetime.datetime(2026, 8, 21, 17, 5, 41, 430000),)",2a3c603c
408650966,-778305234,3365,1:10:40.170000,"(datetime.datetime(2026, 8, 21, 17, 5, 41, 442000),)",2a3c600d
408646421,-778306513,3337,1:10:40.260000,"(datetime.datetime(2026, 8, 21, 17, 5, 41, 531000),)",2a3c603c
408650840,-778305228,3365,1:10:40.270000,"(datetime.datetime(2026, 8, 21, 17, 5, 41, 541000),)",2a3c600d
408646316,-778306594,3336,1:10:40.360000,"(datetime.datetime(2026, 8, 21, 17, 5, 41, 630000),)",2a3c603c
408650840,-778305228,3365,1:10:40.370000,"(datetime.datetime(2026, 8, 21, 17, 5, 41, 641000),)",2a3c600d
408646210,-778306676,3337,1:10:40.460000,"(datetime.datetime(2026, 8, 21, 17, 5, 41, 731000),)",2a3c603c
408650714,-778305222,3365,1:10:40.470000,"(datetime.datetime(2026, 8, 21, 17, 5, 41, 741000),)",2a3c600d
408646103,-778306764,3337,1:10:40.560000,"(datetime.datetime(2026, 8, 21, 17, 5, 41, 831000),)",2a3c603c
408650587,-778305215,3365,1:10:40.570000,"(datetime.datetime(2026, 8, 21, 17, 5, 41, 842000),)",2a3c600d
408646000,-778306850,3337,1:10:40.670000,"(datetime.datetime(2026, 8, 21, 17, 5, 41, 933000),)",2a3c603c
408650458,-778305216,3365,1:10:40.680000,"(datetime.datetime(2026, 8, 21, 17, 5, 41, 943000),)",2a3c600d
408645895,-778306940,3336,1:10:40.770000,"(datetime.datetime(2026, 8, 21, 17, 5, 42, 35000),)",2a3c603c
408650327,-778305216,3365,1:10:40.780000,"(datetime.datetime(2026, 8, 21, 17, 5, 42, 45000),)",2a3c600d
408645790,-778307031,3336,1:10:40.860000,"(datetime.datetime(2026, 8, 21, 17, 5, 42, 131000),)",2a3c603c
408650077,-778305198,3363,1:10:40.870000,"(datetime.datetime(2026, 8, 21, 17, 5, 42, 142000),)",2a3c600d
408645685,-778307114,3335,1:10:40.970000,"(datetime.datetime(2026, 8, 21, 17, 5, 42, 233000),)",2a3c603c
408649942,-778305216,3364,1:10:40.980000,"(datetime.datetime(2026, 8, 21, 17, 5, 42, 243000),)",2a3c600d
408645582,-778307219,3335,1:10:41.070000,"(datetime.datetime(2026, 8, 21, 17, 5, 42, 333000),)",2a3c603c
408649811,-778305227,3363,1:10:41.080000,"(datetime.datetime(2026, 8, 21, 17, 5, 42, 351000),)",2a3c600d
408645480,-778307314,3335,1:10:41.160000,"(datetime.datetime(2026, 8, 21, 17, 5, 42, 430000),)",2a3c603c
408649680,-778305242,3363,1:10:41.180000,"(datetime.datetime(2026, 8, 21, 17, 5, 42, 444000),)",2a3c600d
408645379,-778307411,3335,1:10:41.260000,"(datetime.datetime(2026, 8, 21, 17, 5, 42, 531000),)",2a3c603c
408649553,-778305257,3363,1:10:41.270000,"(datetime.datetime(2026, 8, 21, 17, 5, 42, 541000),)",2a3c600d
408645283,-778307507,3335,1:10:41.360000,"(datetime.datetime(2026, 8, 21, 17, 5, 42, 630000),)",2a3c603c
408649422,-778305277,3363,1:10:41.370000,"(datetime.datetime(2026, 8, 21, 17, 5, 42, 641000),)",2a3c600d
408645184,-778307608,3334,1:10:41.460000,"(datetime.datetime(2026, 8, 21, 17, 5, 42, 731000),)",2a3c603c
408649422,-778305277,3363,1:10:41.470000,"(datetime.datetime(2026, 8, 21, 17, 5, 42, 741000),)",2a3c600d
408645089,-778307711,3335,1:10:41.560000,"(datetime.datetime(2026, 8, 21, 17, 5, 42, 832000),)",2a3c603c
408649296,-778305300,3362,1:10:41.580000,"(datetime.datetime(2026, 8, 21, 17, 5, 42, 843000),)",2a3c600d
408644991,-778307815,3335,1:10:41.660000,"(datetime.datetime(2026, 8, 21, 17, 5, 42, 931000),)",2a3c603c
408649164,-778305321,3362,1:10:41.670000,"(datetime.datetime(2026, 8, 21, 17, 5, 42, 941000),)",2a3c600d
408644898,-778307920,3334,1:10:41.760000,"(datetime.datetime(2026, 8, 21, 17, 5, 43, 31000),)",2a3c603c
408649038,-778305348,3362,1:10:41.780000,"(datetime.datetime(2026, 8, 21, 17, 5, 43, 43000),)",2a3c600d
408644800,-778308028,3335,1:10:41.860000,"(datetime.datetime(2026, 8, 21, 17, 5, 43, 131000),)",2a3c603c
408648908,-778305378,3362,1:10:41.880000,"(datetime.datetime(2026, 8, 21, 17, 5, 43, 142000),)",2a3c600d
408644681,-778308115,3339,1:10:41.960000,"(datetime.datetime(2026, 8, 21, 17, 5, 43, 230000),)",2a3c603c
408648799,-778305379,3360,1:10:41.970000,"(datetime.datetime(2026, 8, 21, 17, 5, 43, 239000),)",2a3c600d
408644594,-778308228,3338,1:10:42.060000,"(datetime.datetime(2026, 8, 21, 17, 5, 43, 331000),)",2a3c603c
408648670,-778305425,3361,1:10:42.070000,"(datetime.datetime(2026, 8, 21, 17, 5, 43, 341000),)",2a3c600d
408644502,-778308341,3339,1:10:42.160000,"(datetime.datetime(2026, 8, 21, 17, 5, 43, 430000),)",2a3c603c
408648541,-778305458,3361,1:10:42.170000,"(datetime.datetime(2026, 8, 21, 17, 5, 43, 441000),)",2a3c600d
408644411,-778308455,3338,1:10:42.260000,"(datetime.datetime(2026, 8, 21, 17, 5, 43, 531000),)",2a3c603c
408648416,-778305496,3361,1:10:42.280000,"(datetime.datetime(2026, 8, 21, 17, 5, 43, 542000),)",2a3c600d
408644323,-778308568,3338,1:10:42.370000,"(datetime.datetime(2026, 8, 21, 17, 5, 43, 634000),)",2a3c603c
408648291,-778305535,3360,1:10:42.380000,"(datetime.datetime(2026, 8, 21, 17, 5, 43, 647000),)",2a3c600d
408644235,-778308681,3339,1:10:42.460000,"(datetime.datetime(2026, 8, 21, 17, 5, 43, 730000),)",2a3c603c
408648168,-778305576,3360,1:10:42.470000,"(datetime.datetime(2026, 8, 21, 17, 5, 43, 740000),)",2a3c600d
408644149,-778308797,3339,1:10:42.560000,"(datetime.datetime(2026, 8, 21, 17, 5, 43, 831000),)",2a3c603c
408647921,-778305665,3360,1:10:42.570000,"(datetime.datetime(2026, 8, 21, 17, 5, 43, 841000),)",2a3c600d
408647921,-778305665,3360,1:10:42.670000,"(datetime.datetime(2026, 8, 21, 17, 5, 43, 938000),)",2a3c600d
408644063,-778308912,3338,1:10:42.680000,"(datetime.datetime(2026, 8, 21, 17, 5, 43, 948000),)",2a3c603c
408643976,-778309030,3338,1:10:42.770000,"(datetime.datetime(2026, 8, 21, 17, 5, 44, 35000),)",2a3c603c
408647801,-778305716,3360,1:10:42.780000,"(datetime.datetime(2026, 8, 21, 17, 5, 44, 46000),)",2a3c600d
408643894,-778309150,3338,1:10:42.860000,"(datetime.datetime(2026, 8, 21, 17, 5, 44, 132000),)",2a3c603c
408647681,-778305766,3360,1:10:42.880000,"(datetime.datetime(2026, 8, 21, 17, 5, 44, 142000),)",2a3c600d
408643804,-778309262,3338,1:10:42.960000,"(datetime.datetime(2026, 8, 21, 17, 5, 44, 230000),)",2a3c603c
408647555,-778305801,3361,1:10:42.980000,"(datetime.datetime(2026, 8, 21, 17, 5, 44, 243000),)",2a3c600d
408643724,-778309379,3338,1:10:43.010000,"(datetime.datetime(2026, 8, 21, 17, 5, 44, 275000),)",2a3c603c
408647439,-778305865,3360,1:10:43.070000,"(datetime.datetime(2026, 8, 21, 17, 5, 44, 339000),)",2a3c600d
408643642,-778309504,3339,1:10:43.110000,"(datetime.datetime(2026, 8, 21, 17, 5, 44, 376000),)",2a3c603c
408647323,-778305923,3360,1:10:43.170000,"(datetime.datetime(2026, 8, 21, 17, 5, 44, 439000),)",2a3c600d
408643561,-778309627,3339,1:10:43.220000,"(datetime.datetime(2026, 8, 21, 17, 5, 44, 487000),)",2a3c603c
408647206,-778305984,3360,1:10:43.250000,"(datetime.datetime(2026, 8, 21, 17, 5, 44, 518000),)",2a3c600d
408643481,-778309751,3338,1:10:43.310000,"(datetime.datetime(2026, 8, 21, 17, 5, 44, 579000),)",2a3c603c
408647090,-778306049,3360,1:10:43.360000,"(datetime.datetime(2026, 8, 21, 17, 5, 44, 627000),)",2a3c600d
408643403,-778309873,3338,1:10:43.410000,"(datetime.datetime(2026, 8, 21, 17, 5, 44, 675000),)",2a3c603c
408646978,-778306117,3360,1:10:43.450000,"(datetime.datetime(2026, 8, 21, 17, 5, 44, 718000),)",2a3c600d
408643322,-778309994,3338,1:10:43.510000,"(datetime.datetime(2026, 8, 21, 17, 5, 44, 775000),)",2a3c603c
408646863,-778306187,3359,1:10:43.550000,"(datetime.datetime(2026, 8, 21, 17, 5, 44, 818000),)",2a3c600d
408643245,-778310120,3338,1:10:43.610000,"(datetime.datetime(2026, 8, 21, 17, 5, 44, 876000),)",2a3c603c
408646751,-778306260,3359,1:10:43.650000,"(datetime.datetime(2026, 8, 21, 17, 5, 44, 918000),)",2a3c600d
408643166,-778310241,3338,1:10:43.710000,"(datetime.datetime(2026, 8, 21, 17, 5, 44, 975000),)",2a3c603c
408646641,-778306342,3359,1:10:43.750000,"(datetime.datetime(2026, 8, 21, 17, 5, 45, 18000),)",2a3c600d
408643087,-778310366,3338,1:10:43.810000,"(datetime.datetime(2026, 8, 21, 17, 5, 45, 76000),)",2a3c603c
408646535,-778306423,3359,1:10:43.850000,"(datetime.datetime(2026, 8, 21, 17, 5, 45, 118000),)",2a3c600d
408643014,-778310486,3338,1:10:43.910000,"(datetime.datetime(2026, 8, 21, 17, 5, 45, 175000),)",2a3c603c
408646423,-778306493,3360,1:10:43.960000,"(datetime.datetime(2026, 8, 21, 17, 5, 45, 224000),)",2a3c600d
408642942,-778310614,3337,1:10:44.010000,"(datetime.datetime(2026, 8, 21, 17, 5, 45, 276000),)",2a3c603c
408646320,-778306588,3359,1:10:44.050000,"(datetime.datetime(2026, 8, 21, 17, 5, 45, 318000),)",2a3c600d
408642864,-778310740,3337,1:10:44.110000,"(datetime.datetime(2026, 8, 21, 17, 5, 45, 375000),)",2a3c603c
408646216,-778306678,3359,1:10:44.150000,"(datetime.datetime(2026, 8, 21, 17, 5, 45, 420000),)",2a3c600d
408642788,-778310866,3338,1:10:44.210000,"(datetime.datetime(2026, 8, 21, 17, 5, 45, 475000),)",2a3c603c
408646115,-778306768,3359,1:10:44.250000,"(datetime.datetime(2026, 8, 21, 17, 5, 45, 517000),)",2a3c600d
408642714,-778310993,3337,1:10:44.310000,"(datetime.datetime(2026, 8, 21, 17, 5, 45, 580000),)",2a3c603c
408646011,-778306861,3359,1:10:44.350000,"(datetime.datetime(2026, 8, 21, 17, 5, 45, 618000),)",2a3c600d
408642641,-778311118,3337,1:10:44.410000,"(datetime.datetime(2026, 8, 21, 17, 5, 45, 675000),)",2a3c603c
408645912,-778306949,3359,1:10:44.450000,"(datetime.datetime(2026, 8, 21, 17, 5, 45, 719000),)",2a3c600d
408642563,-778311247,3337,1:10:44.510000,"(datetime.datetime(2026, 8, 21, 17, 5, 45, 782000),)",2a3c603c
408645809,-778307042,3359,1:10:44.550000,"(datetime.datetime(2026, 8, 21, 17, 5, 45, 818000),)",2a3c600d
408642489,-778311376,3337,1:10:44.610000,"(datetime.datetime(2026, 8, 21, 17, 5, 45, 876000),)",2a3c603c
408645710,-778307131,3358,1:10:44.630000,"(datetime.datetime(2026, 8, 21, 17, 5, 45, 899000),)",2a3c600d
408642418,-778311500,3337,1:10:44.710000,"(datetime.datetime(2026, 8, 21, 17, 5, 45, 975000),)",2a3c603c
408645610,-778307222,3358,1:10:44.730000,"(datetime.datetime(2026, 8, 21, 17, 5, 45, 999000),)",2a3c600d
408642346,-778311627,3337,1:10:44.810000,"(datetime.datetime(2026, 8, 21, 17, 5, 46, 75000),)",2a3c603c
408645508,-778307315,3358,1:10:44.840000,"(datetime.datetime(2026, 8, 21, 17, 5, 46, 107000),)",2a3c600d
408642258,-778311736,3338,1:10:44.910000,"(datetime.datetime(2026, 8, 21, 17, 5, 46, 177000),)",2a3c603c
408645412,-778307387,3359,1:10:44.930000,"(datetime.datetime(2026, 8, 21, 17, 5, 46, 201000),)",2a3c600d
408642185,-778311864,3338,1:10:45.020000,"(datetime.datetime(2026, 8, 21, 17, 5, 46, 288000),)",2a3c603c
408645318,-778307490,3359,1:10:45.030000,"(datetime.datetime(2026, 8, 21, 17, 5, 46, 299000),)",2a3c600d
408642113,-778311989,3338,1:10:45.110000,"(datetime.datetime(2026, 8, 21, 17, 5, 46, 376000),)",2a3c603c
408645223,-778307585,3359,1:10:45.140000,"(datetime.datetime(2026, 8, 21, 17, 5, 46, 408000),)",2a3c600d
408642040,-778312120,3338,1:10:45.210000,"(datetime.datetime(2026, 8, 21, 17, 5, 46, 475000),)",2a3c603c
408645125,-778307686,3359,1:10:45.240000,"(datetime.datetime(2026, 8, 21, 17, 5, 46, 511000),)",2a3c600d
408641967,-778312247,3338,1:10:45.310000,"(datetime.datetime(2026, 8, 21, 17, 5, 46, 575000),)",2a3c603c
408641895,-778312372,3337,1:10:45.410000,"(datetime.datetime(2026, 8, 21, 17, 5, 46, 675000),)",2a3c603c
408645034,-778307783,3359,1:10:45.430000,"(datetime.datetime(2026, 8, 21, 17, 5, 46, 698000),)",2a3c600d
408641819,-778312498,3338,1:10:45.510000,"(datetime.datetime(2026, 8, 21, 17, 5, 46, 777000),)",2a3c603c
408644939,-778307882,3359,1:10:45.530000,"(datetime.datetime(2026, 8, 21, 17, 5, 46, 799000),)",2a3c600d
408641742,-778312627,3338,1:10:45.610000,"(datetime.datetime(2026, 8, 21, 17, 5, 46, 878000),)",2a3c603c
408644850,-778307981,3359,1:10:45.630000,"(datetime.datetime(2026, 8, 21, 17, 5, 46, 898000),)",2a3c600d
408641670,-778312754,3338,1:10:45.710000,"(datetime.datetime(2026, 8, 21, 17, 5, 46, 976000),)",2a3c603c
408644754,-778308086,3359,1:10:45.730000,"(datetime.datetime(2026, 8, 21, 17, 5, 46, 998000),)",2a3c600d
408644667,-778308185,3359,1:10:45.740000,"(datetime.datetime(2026, 8, 21, 17, 5, 47, 12000),)",2a3c600d
408641595,-778312885,3338,1:10:45.810000,"(datetime.datetime(2026, 8, 21, 17, 5, 47, 75000),)",2a3c603c
408641538,-778313002,3337,1:10:45.910000,"(datetime.datetime(2026, 8, 21, 17, 5, 47, 175000),)",2a3c603c
408644576,-778308291,3359,1:10:45.940000,"(datetime.datetime(2026, 8, 21, 17, 5, 47, 207000),)",2a3c600d
408644486,-778308375,3359,1:10:45.950000,"(datetime.datetime(2026, 8, 21, 17, 5, 47, 217000),)",2a3c600d
408641466,-778313131,3337,1:10:46.010000,"(datetime.datetime(2026, 8, 21, 17, 5, 47, 275000),)",2a3c603c
408644403,-778308486,3358,1:10:46.050000,"(datetime.datetime(2026, 8, 21, 17, 5, 47, 313000),)",2a3c600d
408641389,-778313264,3337,1:10:46.110000,"(datetime.datetime(2026, 8, 21, 17, 5, 47, 382000),)",2a3c603c
408641317,-778313386,3337,1:10:46.210000,"(datetime.datetime(2026, 8, 21, 17, 5, 47, 476000),)",2a3c603c
408644319,-778308591,3359,1:10:46.230000,"(datetime.datetime(2026, 8, 21, 17, 5, 47, 498000),)",2a3c600d
408644233,-778308702,3359,1:10:46.240000,"(datetime.datetime(2026, 8, 21, 17, 5, 47, 509000),)",2a3c600d
408641243,-778313514,3337,1:10:46.310000,"(datetime.datetime(2026, 8, 21, 17, 5, 47, 575000),)",2a3c603c
408641168,-778313644,3337,1:10:46.410000,"(datetime.datetime(2026, 8, 21, 17, 5, 47, 676000),)",2a3c603c
408644154,-778308808,3359,1:10:46.430000,"(datetime.datetime(2026, 8, 21, 17, 5, 47, 700000),)",2a3c600d
408641095,-778313766,3336,1:10:46.510000,"(datetime.datetime(2026, 8, 21, 17, 5, 47, 775000),)",2a3c603c
408644071,-778308919,3359,1:10:46.530000,"(datetime.datetime(2026, 8, 21, 17, 5, 47, 801000),)",2a3c600d
408641019,-778313892,3336,1:10:46.610000,"(datetime.datetime(2026, 8, 21, 17, 5, 47, 878000),)",2a3c603c
408643990,-778309032,3359,1:10:46.630000,"(datetime.datetime(2026, 8, 21, 17, 5, 47, 900000),)",2a3c600d
408640941,-778314021,3337,1:10:46.710000,"(datetime.datetime(2026, 8, 21, 17, 5, 47, 976000),)",2a3c603c
408643912,-778309142,3359,1:10:46.730000,"(datetime.datetime(2026, 8, 21, 17, 5, 47, 998000),)",2a3c600d
408640870,-778314145,3337,1:10:46.810000,"(datetime.datetime(2026, 8, 21, 17, 5, 48, 77000),)",2a3c603c
408643831,-778309254,3359,1:10:46.830000,"(datetime.datetime(2026, 8, 21, 17, 5, 48, 99000),)",2a3c600d
408640805,-778314266,3335,1:10:46.910000,"(datetime.datetime(2026, 8, 21, 17, 5, 48, 177000),)",2a3c603c
408643753,-778309364,3359,1:10:46.930000,"(datetime.datetime(2026, 8, 21, 17, 5, 48, 199000),)",2a3c600d
408643663,-778309459,3359,1:10:46.950000,"(datetime.datetime(2026, 8, 21, 17, 5, 48, 218000),)",2a3c600d
408640732,-778314396,3335,1:10:47.010000,"(datetime.datetime(2026, 8, 21, 17, 5, 48, 275000),)",2a3c603c
408643591,-778309574,3359,1:10:47.040000,"(datetime.datetime(2026, 8, 21, 17, 5, 48, 304000),)",2a3c600d
408640659,-778314521,3335,1:10:47.110000,"(datetime.datetime(2026, 8, 21, 17, 5, 48, 375000),)",2a3c603c
408643516,-778309687,3359,1:10:47.150000,"(datetime.datetime(2026, 8, 21, 17, 5, 48, 416000),)",2a3c600d
408640583,-778314650,3336,1:10:47.210000,"(datetime.datetime(2026, 8, 21, 17, 5, 48, 475000),)",2a3c603c
408643442,-778309801,3359,1:10:47.240000,"(datetime.datetime(2026, 8, 21, 17, 5, 48, 512000),)",2a3c600d
408640507,-778314775,3336,1:10:47.310000,"(datetime.datetime(2026, 8, 21, 17, 5, 48, 576000),)",2a3c603c
408643366,-778309915,3359,1:10:47.340000,"(datetime.datetime(2026, 8, 21, 17, 5, 48, 612000),)",2a3c600d
408640433,-778314903,3336,1:10:47.410000,"(datetime.datetime(2026, 8, 21, 17, 5, 48, 676000),)",2a3c603c
408643291,-778310033,3359,1:10:47.440000,"(datetime.datetime(2026, 8, 21, 17, 5, 48, 711000),)",2a3c600d
408640360,-778315030,3336,1:10:47.520000,"(datetime.datetime(2026, 8, 21, 17, 5, 48, 782000),)",2a3c603c
408643215,-778310151,3359,1:10:47.540000,"(datetime.datetime(2026, 8, 21, 17, 5, 48, 811000),)",2a3c600d
408640286,-778315158,3336,1:10:47.610000,"(datetime.datetime(2026, 8, 21, 17, 5, 48, 875000),)",2a3c603c
408643143,-778310270,3359,1:10:47.640000,"(datetime.datetime(2026, 8, 21, 17, 5, 48, 911000),)",2a3c600d
408640209,-778315285,3336,1:10:47.710000,"(datetime.datetime(2026, 8, 21, 17, 5, 48, 975000),)",2a3c603c
408643069,-778310390,3359,1:10:47.750000,"(datetime.datetime(2026, 8, 21, 17, 5, 49, 21000),)",2a3c600d
408640134,-778315410,3336,1:10:47.810000,"(datetime.datetime(2026, 8, 21, 17, 5, 49, 75000),)",2a3c603c
408642995,-778310509,3359,1:10:47.850000,"(datetime.datetime(2026, 8, 21, 17, 5, 49, 112000),)",2a3c600d
408640069,-778315548,3334,1:10:47.910000,"(datetime.datetime(2026, 8, 21, 17, 5, 49, 175000),)",2a3c603c
408642914,-778310613,3359,1:10:47.940000,"(datetime.datetime(2026, 8, 21, 17, 5, 49, 212000),)",2a3c600d
408639996,-778315671,3334,1:10:48.010000,"(datetime.datetime(2026, 8, 21, 17, 5, 49, 275000),)",2a3c603c
408642840,-778310737,3359,1:10:48.040000,"(datetime.datetime(2026, 8, 21, 17, 5, 49, 311000),)",2a3c600d
408639922,-778315801,3334,1:10:48.110000,"(datetime.datetime(2026, 8, 21, 17, 5, 49, 375000),)",2a3c603c
408642765,-778310858,3359,1:10:48.140000,"(datetime.datetime(2026, 8, 21, 17, 5, 49, 411000),)",2a3c600d
408639847,-778315925,3334,1:10:48.210000,"(datetime.datetime(2026, 8, 21, 17, 5, 49, 476000),)",2a3c603c
408642688,-778310982,3359,1:10:48.250000,"(datetime.datetime(2026, 8, 21, 17, 5, 49, 514000),)",2a3c600d
408639773,-778316053,3333,1:10:48.310000,"(datetime.datetime(2026, 8, 21, 17, 5, 49, 575000),)",2a3c603c
408642614,-778311106,3359,1:10:48.350000,"(datetime.datetime(2026, 8, 21, 17, 5, 49, 613000),)",2a3c600d
408639699,-778316183,3334,1:10:48.410000,"(datetime.datetime(2026, 8, 21, 17, 5, 49, 676000),)",2a3c603c
408642535,-778311228,3359,1:10:48.440000,"(datetime.datetime(2026, 8, 21, 17, 5, 49, 711000),)",2a3c600d
408639626,-778316307,3333,1:10:48.510000,"(datetime.datetime(2026, 8, 21, 17, 5, 49, 775000),)",2a3c603c
408642463,-778311354,3359,1:10:48.540000,"(datetime.datetime(2026, 8, 21, 17, 5, 49, 811000),)",2a3c600d
408639552,-778316436,3333,1:10:48.610000,"(datetime.datetime(2026, 8, 21, 17, 5, 49, 882000),)",2a3c603c
408642385,-778311480,3359,1:10:48.640000,"(datetime.datetime(2026, 8, 21, 17, 5, 49, 910000),)",2a3c600d
408639482,-778316560,3332,1:10:48.710000,"(datetime.datetime(2026, 8, 21, 17, 5, 49, 975000),)",2a3c603c
408642311,-778311612,3359,1:10:48.740000,"(datetime.datetime(2026, 8, 21, 17, 5, 50, 10000),)",2a3c600d
408639407,-778316688,3333,1:10:48.810000,"(datetime.datetime(2026, 8, 21, 17, 5, 50, 78000),)",2a3c603c
408642235,-778311737,3359,1:10:48.840000,"(datetime.datetime(2026, 8, 21, 17, 5, 50, 112000),)",2a3c600d
408639326,-778316803,3333,1:10:48.910000,"(datetime.datetime(2026, 8, 21, 17, 5, 50, 176000),)",2a3c603c
408642154,-778311858,3359,1:10:48.920000,"(datetime.datetime(2026, 8, 21, 17, 5, 50, 187000),)",2a3c600d
408639326,-778316803,3333,1:10:49.010000,"(datetime.datetime(2026, 8, 21, 17, 5, 50, 276000),)",2a3c603c
408642078,-778311987,3359,1:10:49.020000,"(datetime.datetime(2026, 8, 21, 17, 5, 50, 288000),)",2a3c600d
408639181,-778317057,3333,1:10:49.120000,"(datetime.datetime(2026, 8, 21, 17, 5, 50, 384000),)",2a3c603c
408642002,-778312122,3358,1:10:49.130000,"(datetime.datetime(2026, 8, 21, 17, 5, 50, 397000),)",2a3c600d
408639181,-778317057,3333,1:10:49.210000,"(datetime.datetime(2026, 8, 21, 17, 5, 50, 476000),)",2a3c603c
408641923,-778312252,3358,1:10:49.220000,"(datetime.datetime(2026, 8, 21, 17, 5, 50, 488000),)",2a3c600d
408639033,-778317310,3333,1:10:49.310000,"(datetime.datetime(2026, 8, 21, 17, 5, 50, 578000),)",2a3c603c
408641844,-778312386,3359,1:10:49.330000,"(datetime.datetime(2026, 8, 21, 17, 5, 50, 596000),)",2a3c600d
408639033,-778317310,3333,1:10:49.410000,"(datetime.datetime(2026, 8, 21, 17, 5, 50, 676000),)",2a3c603c
408641771,-778312515,3358,1:10:49.420000,"(datetime.datetime(2026, 8, 21, 17, 5, 50, 686000),)",2a3c600d
408638960,-778317434,3333,1:10:49.510000,"(datetime.datetime(2026, 8, 21, 17, 5, 50, 775000),)",2a3c603c
408641690,-778312650,3358,1:10:49.520000,"(datetime.datetime(2026, 8, 21, 17, 5, 50, 786000),)",2a3c600d
408638886,-778317563,3333,1:10:49.610000,"(datetime.datetime(2026, 8, 21, 17, 5, 50, 877000),)",2a3c603c
408641614,-778312783,3358,1:10:49.620000,"(datetime.datetime(2026, 8, 21, 17, 5, 50, 890000),)",2a3c600d
408638734,-778317819,3333,1:10:49.710000,"(datetime.datetime(2026, 8, 21, 17, 5, 50, 979000),)",2a3c603c
408641536,-778312918,3358,1:10:49.720000,"(datetime.datetime(2026, 8, 21, 17, 5, 50, 991000),)",2a3c600d
408638665,-778317945,3333,1:10:49.810000,"(datetime.datetime(2026, 8, 21, 17, 5, 51, 78000),)",2a3c603c
408641455,-778313053,3358,1:10:49.820000,"(datetime.datetime(2026, 8, 21, 17, 5, 51, 88000),)",2a3c600d
408638595,-778318080,3332,1:10:49.910000,"(datetime.datetime(2026, 8, 21, 17, 5, 51, 176000),)",2a3c603c
408641379,-778313175,3358,1:10:49.930000,"(datetime.datetime(2026, 8, 21, 17, 5, 51, 198000),)",2a3c600d
408638521,-778318207,3332,1:10:50.010000,"(datetime.datetime(2026, 8, 21, 17, 5, 51, 276000),)",2a3c603c
408641298,-778313316,3358,1:10:50.020000,"(datetime.datetime(2026, 8, 21, 17, 5, 51, 288000),)",2a3c600d
408638447,-778318331,3331,1:10:50.110000,"(datetime.datetime(2026, 8, 21, 17, 5, 51, 375000),)",2a3c603c
408641218,-778313450,3357,1:10:50.120000,"(datetime.datetime(2026, 8, 21, 17, 5, 51, 385000),)",2a3c600d
408638447,-778318331,3331,1:10:50.210000,"(datetime.datetime(2026, 8, 21, 17, 5, 51, 476000),)",2a3c603c
408641137,-778313589,3357,1:10:50.220000,"(datetime.datetime(2026, 8, 21, 17, 5, 51, 487000),)",2a3c600d
408638370,-778318459,3332,1:10:50.310000,"(datetime.datetime(2026, 8, 21, 17, 5, 51, 576000),)",2a3c603c
408641055,-778313727,3357,1:10:50.320000,"(datetime.datetime(2026, 8, 21, 17, 5, 51, 588000),)",2a3c600d
408638299,-778318589,3332,1:10:50.410000,"(datetime.datetime(2026, 8, 21, 17, 5, 51, 675000),)",2a3c603c
408640974,-778313867,3357,1:10:50.420000,"(datetime.datetime(2026, 8, 21, 17, 5, 51, 688000),)",2a3c600d
408638223,-778318714,3332,1:10:50.510000,"(datetime.datetime(2026, 8, 21, 17, 5, 51, 777000),)",2a3c603c
408640893,-778314006,3358,1:10:50.520000,"(datetime.datetime(2026, 8, 21, 17, 5, 51, 790000),)",2a3c600d
408638153,-778318840,3332,1:10:50.610000,"(datetime.datetime(2026, 8, 21, 17, 5, 51, 881000),)",2a3c603c
408640811,-778314146,3358,1:10:50.630000,"(datetime.datetime(2026, 8, 21, 17, 5, 51, 893000),)",2a3c600d
408638078,-778318971,3331,1:10:50.710000,"(datetime.datetime(2026, 8, 21, 17, 5, 51, 975000),)",2a3c603c
408640730,-778314288,3357,1:10:50.720000,"(datetime.datetime(2026, 8, 21, 17, 5, 51, 988000),)",2a3c600d
408638005,-778319095,3331,1:10:50.810000,"(datetime.datetime(2026, 8, 21, 17, 5, 52, 75000),)",2a3c603c
408640648,-778314428,3357,1:10:50.820000,"(datetime.datetime(2026, 8, 21, 17, 5, 52, 87000),)",2a3c600d
408637930,-778319219,3331,1:10:50.910000,"(datetime.datetime(2026, 8, 21, 17, 5, 52, 176000),)",2a3c603c
408640568,-778314557,3357,1:10:50.920000,"(datetime.datetime(2026, 8, 21, 17, 5, 52, 188000),)",2a3c600d
408637851,-778319338,3332,1:10:51.010000,"(datetime.datetime(2026, 8, 21, 17, 5, 52, 277000),)",2a3c603c
408640484,-778314701,3357,1:10:51.020000,"(datetime.datetime(2026, 8, 21, 17, 5, 52, 289000),)",2a3c600d
408637776,-778319461,3331,1:10:51.110000,"(datetime.datetime(2026, 8, 21, 17, 5, 52, 378000),)",2a3c603c
408640400,-778314845,3357,1:10:51.120000,"(datetime.datetime(2026, 8, 21, 17, 5, 52, 390000),)",2a3c600d
408637699,-778319591,3332,1:10:51.210000,"(datetime.datetime(2026, 8, 21, 17, 5, 52, 475000),)",2a3c603c
408640317,-778314990,3357,1:10:51.220000,"(datetime.datetime(2026, 8, 21, 17, 5, 52, 488000),)",2a3c600d
408637626,-778319716,3331,1:10:51.310000,"(datetime.datetime(2026, 8, 21, 17, 5, 52, 577000),)",2a3c603c
408640232,-778315136,3357,1:10:51.330000,"(datetime.datetime(2026, 8, 21, 17, 5, 52, 596000),)",2a3c600d
408637550,-778319846,3332,1:10:51.410000,"(datetime.datetime(2026, 8, 21, 17, 5, 52, 675000),)",2a3c603c
408640148,-778315280,3357,1:10:51.420000,"(datetime.datetime(2026, 8, 21, 17, 5, 52, 688000),)",2a3c600d
408637475,-778319974,3332,1:10:51.510000,"(datetime.datetime(2026, 8, 21, 17, 5, 52, 774000),)",2a3c603c
408640062,-778315426,3357,1:10:51.520000,"(datetime.datetime(2026, 8, 21, 17, 5, 52, 786000),)",2a3c600d
408637400,-778320100,3331,1:10:51.610000,"(datetime.datetime(2026, 8, 21, 17, 5, 52, 876000),)",2a3c603c
408639978,-778315573,3357,1:10:51.620000,"(datetime.datetime(2026, 8, 21, 17, 5, 52, 890000),)",2a3c600d
408637331,-778320224,3331,1:10:51.710000,"(datetime.datetime(2026, 8, 21, 17, 5, 52, 975000),)",2a3c603c
408639890,-778315721,3357,1:10:51.720000,"(datetime.datetime(2026, 8, 21, 17, 5, 52, 987000),)",2a3c600d
408637256,-778320355,3331,1:10:51.810000,"(datetime.datetime(2026, 8, 21, 17, 5, 53, 75000),)",2a3c603c
408639806,-778315865,3357,1:10:51.820000,"(datetime.datetime(2026, 8, 21, 17, 5, 53, 87000),)",2a3c600d
408637184,-778320478,3331,1:10:51.910000,"(datetime.datetime(2026, 8, 21, 17, 5, 53, 176000),)",2a3c603c
408639720,-778316005,3357,1:10:51.920000,"(datetime.datetime(2026, 8, 21, 17, 5, 53, 188000),)",2a3c600d
408637107,-778320608,3331,1:10:52.010000,"(datetime.datetime(2026, 8, 21, 17, 5, 53, 275000),)",2a3c603c
408639632,-778316155,3356,1:10:52.020000,"(datetime.datetime(2026, 8, 21, 17, 5, 53, 286000),)",2a3c600d
408637036,-778320735,3331,1:10:52.110000,"(datetime.datetime(2026, 8, 21, 17, 5, 53, 378000),)",2a3c603c
408639543,-778316304,3356,1:10:52.130000,"(datetime.datetime(2026, 8, 21, 17, 5, 53, 393000),)",2a3c600d
408636959,-778320860,3331,1:10:52.210000,"(datetime.datetime(2026, 8, 21, 17, 5, 53, 475000),)",2a3c603c
408639456,-778316453,3357,1:10:52.220000,"(datetime.datetime(2026, 8, 21, 17, 5, 53, 488000),)",2a3c600d
408636886,-778320990,3332,1:10:52.310000,"(datetime.datetime(2026, 8, 21, 17, 5, 53, 578000),)",2a3c603c
408639368,-778316603,3356,1:10:52.330000,"(datetime.datetime(2026, 8, 21, 17, 5, 53, 597000),)",2a3c600d
408636808,-778321113,3331,1:10:52.410000,"(datetime.datetime(2026, 8, 21, 17, 5, 53, 677000),)",2a3c603c
408639278,-778316754,3357,1:10:52.420000,"(datetime.datetime(2026, 8, 21, 17, 5, 53, 687000),)",2a3c600d
408636736,-778321243,3331,1:10:52.510000,"(datetime.datetime(2026, 8, 21, 17, 5, 53, 777000),)",2a3c603c
408639190,-778316902,3356,1:10:52.520000,"(datetime.datetime(2026, 8, 21, 17, 5, 53, 789000),)",2a3c600d
408636664,-778321365,3330,1:10:52.610000,"(datetime.datetime(2026, 8, 21, 17, 5, 53, 876000),)",2a3c603c
408639105,-778317051,3356,1:10:52.620000,"(datetime.datetime(2026, 8, 21, 17, 5, 53, 887000),)",2a3c600d
408636588,-778321495,3331,1:10:52.710000,"(datetime.datetime(2026, 8, 21, 17, 5, 53, 975000),)",2a3c603c
408639015,-778317201,3357,1:10:52.720000,"(datetime.datetime(2026, 8, 21, 17, 5, 53, 987000),)",2a3c600d
408636515,-778321621,3331,1:10:52.810000,"(datetime.datetime(2026, 8, 21, 17, 5, 54, 76000),)",2a3c603c
408638929,-778317349,3356,1:10:52.820000,"(datetime.datetime(2026, 8, 21, 17, 5, 54, 89000),)",2a3c600d
408636441,-778321752,3331,1:10:52.910000,"(datetime.datetime(2026, 8, 21, 17, 5, 54, 176000),)",2a3c603c
408638845,-778317487,3356,1:10:52.920000,"(datetime.datetime(2026, 8, 21, 17, 5, 54, 192000),)",2a3c600d
408636369,-778321867,3331,1:10:53.010000,"(datetime.datetime(2026, 8, 21, 17, 5, 54, 276000),)",2a3c603c
408638758,-778317638,3356,1:10:53.020000,"(datetime.datetime(2026, 8, 21, 17, 5, 54, 288000),)",2a3c600d
408636291,-778321997,3331,1:10:53.030000,"(datetime.datetime(2026, 8, 21, 17, 5, 54, 301000),)",2a3c603c
408638675,-778317784,3356,1:10:53.110000,"(datetime.datetime(2026, 8, 21, 17, 5, 54, 379000),)",2a3c600d
408636218,-778322124,3331,1:10:53.140000,"(datetime.datetime(2026, 8, 21, 17, 5, 54, 408000),)",2a3c603c
408638586,-778317937,3356,1:10:53.210000,"(datetime.datetime(2026, 8, 21, 17, 5, 54, 480000),)",2a3c600d
408636142,-778322252,3331,1:10:53.230000,"(datetime.datetime(2026, 8, 21, 17, 5, 54, 495000),)",2a3c603c
408638501,-778318080,3356,1:10:53.320000,"(datetime.datetime(2026, 8, 21, 17, 5, 54, 586000),)",2a3c600d
408636072,-778322375,3331,1:10:53.330000,"(datetime.datetime(2026, 8, 21, 17, 5, 54, 597000),)",2a3c603c
408638417,-778318227,3356,1:10:53.410000,"(datetime.datetime(2026, 8, 21, 17, 5, 54, 679000),)",2a3c600d
408635998,-778322503,3330,1:10:53.430000,"(datetime.datetime(2026, 8, 21, 17, 5, 54, 694000),)",2a3c603c
408638333,-778318369,3356,1:10:53.510000,"(datetime.datetime(2026, 8, 21, 17, 5, 54, 779000),)",2a3c600d
408635922,-778322630,3330,1:10:53.530000,"(datetime.datetime(2026, 8, 21, 17, 5, 54, 796000),)",2a3c603c
408638248,-778318516,3356,1:10:53.610000,"(datetime.datetime(2026, 8, 21, 17, 5, 54, 880000),)",2a3c600d
408635848,-778322758,3330,1:10:53.630000,"(datetime.datetime(2026, 8, 21, 17, 5, 54, 895000),)",2a3c603c
408638165,-778318658,3356,1:10:53.710000,"(datetime.datetime(2026, 8, 21, 17, 5, 54, 979000),)",2a3c600d
408635773,-778322886,3330,1:10:53.730000,"(datetime.datetime(2026, 8, 21, 17, 5, 54, 995000),)",2a3c603c
408638079,-778318804,3356,1:10:53.810000,"(datetime.datetime(2026, 8, 21, 17, 5, 55, 81000),)",2a3c600d
408635704,-778323011,3329,1:10:53.830000,"(datetime.datetime(2026, 8, 21, 17, 5, 55, 95000),)",2a3c603c
408638001,-778318933,3356,1:10:53.910000,"(datetime.datetime(2026, 8, 21, 17, 5, 55, 181000),)",2a3c600d
408635632,-778323127,3329,1:10:53.930000,"(datetime.datetime(2026, 8, 21, 17, 5, 55, 195000),)",2a3c603c
408637918,-778319069,3355,1:10:54.010000,"(datetime.datetime(2026, 8, 21, 17, 5, 55, 280000),)",2a3c600d
408635559,-778323260,3329,1:10:54.030000,"(datetime.datetime(2026, 8, 21, 17, 5, 55, 294000),)",2a3c603c
408637833,-778319212,3356,1:10:54.120000,"(datetime.datetime(2026, 8, 21, 17, 5, 55, 388000),)",2a3c600d
408635484,-778323382,3329,1:10:54.130000,"(datetime.datetime(2026, 8, 21, 17, 5, 55, 399000),)",2a3c603c
408637753,-778319350,3355,1:10:54.210000,"(datetime.datetime(2026, 8, 21, 17, 5, 55, 482000),)",2a3c600d
408635407,-778323511,3329,1:10:54.230000,"(datetime.datetime(2026, 8, 21, 17, 5, 55, 494000),)",2a3c603c
408637673,-778319490,3356,1:10:54.310000,"(datetime.datetime(2026, 8, 21, 17, 5, 55, 579000),)",2a3c600d
408635335,-778323634,3329,1:10:54.330000,"(datetime.datetime(2026, 8, 21, 17, 5, 55, 599000),)",2a3c603c
408637590,-778319629,3356,1:10:54.410000,"(datetime.datetime(2026, 8, 21, 17, 5, 55, 680000),)",2a3c600d
408635264,-778323766,3329,1:10:54.430000,"(datetime.datetime(2026, 8, 21, 17, 5, 55, 696000),)",2a3c603c
408637511,-778319764,3356,1:10:54.510000,"(datetime.datetime(2026, 8, 21, 17, 5, 55, 779000),)",2a3c600d
408635187,-778323892,3329,1:10:54.530000,"(datetime.datetime(2026, 8, 21, 17, 5, 55, 794000),)",2a3c603c
408637432,-778319900,3355,1:10:54.610000,"(datetime.datetime(2026, 8, 21, 17, 5, 55, 881000),)",2a3c600d
408635112,-778324019,3329,1:10:54.630000,"(datetime.datetime(2026, 8, 21, 17, 5, 55, 894000),)",2a3c603c
408637354,-778320039,3356,1:10:54.710000,"(datetime.datetime(2026, 8, 21, 17, 5, 55, 979000),)",2a3c600d
408635035,-778324147,3329,1:10:54.730000,"(datetime.datetime(2026, 8, 21, 17, 5, 55, 994000),)",2a3c603c
408637274,-778320172,3355,1:10:54.810000,"(datetime.datetime(2026, 8, 21, 17, 5, 56, 79000),)",2a3c600d
408634962,-778324274,3329,1:10:54.830000,"(datetime.datetime(2026, 8, 21, 17, 5, 56, 96000),)",2a3c603c
408637199,-778320294,3355,1:10:54.910000,"(datetime.datetime(2026, 8, 21, 17, 5, 56, 180000),)",2a3c600d
408634889,-778324392,3329,1:10:54.930000,"(datetime.datetime(2026, 8, 21, 17, 5, 56, 197000),)",2a3c603c
408637125,-778320429,3355,1:10:55.010000,"(datetime.datetime(2026, 8, 21, 17, 5, 56, 280000),)",2a3c600d
408634814,-778324522,3329,1:10:55.030000,"(datetime.datetime(2026, 8, 21, 17, 5, 56, 294000),)",2a3c603c
408637047,-778320566,3355,1:10:55.110000,"(datetime.datetime(2026, 8, 21, 17, 5, 56, 381000),)",2a3c600d
408634742,-778324652,3329,1:10:55.130000,"(datetime.datetime(2026, 8, 21, 17, 5, 56, 394000),)",2a3c603c
408636971,-778320698,3355,1:10:55.210000,"(datetime.datetime(2026, 8, 21, 17, 5, 56, 481000),)",2a3c600d
408634663,-778324780,3329,1:10:55.230000,"(datetime.datetime(2026, 8, 21, 17, 5, 56, 497000),)",2a3c603c
408636891,-778320832,3355,1:10:55.310000,"(datetime.datetime(2026, 8, 21, 17, 5, 56, 582000),)",2a3c600d
408634594,-778324902,3329,1:10:55.330000,"(datetime.datetime(2026, 8, 21, 17, 5, 56, 596000),)",2a3c603c
408636814,-778320964,3355,1:10:55.410000,"(datetime.datetime(2026, 8, 21, 17, 5, 56, 680000),)",2a3c600d
408634521,-778325027,3328,1:10:55.430000,"(datetime.datetime(2026, 8, 21, 17, 5, 56, 694000),)",2a3c603c
408636736,-778321097,3355,1:10:55.520000,"(datetime.datetime(2026, 8, 21, 17, 5, 56, 789000),)",2a3c600d
408634445,-778325158,3329,1:10:55.540000,"(datetime.datetime(2026, 8, 21, 17, 5, 56, 803000),)",2a3c603c
408636659,-778321229,3355,1:10:55.610000,"(datetime.datetime(2026, 8, 21, 17, 5, 56, 881000),)",2a3c600d
408634368,-778325284,3329,1:10:55.630000,"(datetime.datetime(2026, 8, 21, 17, 5, 56, 895000),)",2a3c603c
408636583,-778321364,3355,1:10:55.710000,"(datetime.datetime(2026, 8, 21, 17, 5, 56, 979000),)",2a3c600d
408634297,-778325409,3328,1:10:55.730000,"(datetime.datetime(2026, 8, 21, 17, 5, 56, 994000),)",2a3c603c
408636508,-778321495,3355,1:10:55.810000,"(datetime.datetime(2026, 8, 21, 17, 5, 57, 81000),)",2a3c600d
408634223,-778325533,3328,1:10:55.830000,"(datetime.datetime(2026, 8, 21, 17, 5, 57, 95000),)",2a3c603c
408636430,-778321622,3354,1:10:55.910000,"(datetime.datetime(2026, 8, 21, 17, 5, 57, 181000),)",2a3c600d
408634159,-778325663,3328,1:10:55.930000,"(datetime.datetime(2026, 8, 21, 17, 5, 57, 197000),)",2a3c603c
408636357,-778321746,3354,1:10:56.010000,"(datetime.datetime(2026, 8, 21, 17, 5, 57, 279000),)",2a3c600d
408634083,-778325787,3328,1:10:56.030000,"(datetime.datetime(2026, 8, 21, 17, 5, 57, 294000),)",2a3c603c
408636278,-778321880,3354,1:10:56.120000,"(datetime.datetime(2026, 8, 21, 17, 5, 57, 387000),)",2a3c600d
408634007,-778325912,3327,1:10:56.130000,"(datetime.datetime(2026, 8, 21, 17, 5, 57, 399000),)",2a3c603c
408636203,-778322008,3354,1:10:56.210000,"(datetime.datetime(2026, 8, 21, 17, 5, 57, 480000),)",2a3c600d
408633934,-778326038,3327,1:10:56.230000,"(datetime.datetime(2026, 8, 21, 17, 5, 57, 496000),)",2a3c603c
408636127,-778322139,3354,1:10:56.310000,"(datetime.datetime(2026, 8, 21, 17, 5, 57, 580000),)",2a3c600d
408633856,-778326164,3327,1:10:56.330000,"(datetime.datetime(2026, 8, 21, 17, 5, 57, 595000),)",2a3c603c
408636052,-778322267,3354,1:10:56.410000,"(datetime.datetime(2026, 8, 21, 17, 5, 57, 682000),)",2a3c600d
408633781,-778326291,3327,1:10:56.430000,"(datetime.datetime(2026, 8, 21, 17, 5, 57, 695000),)",2a3c603c
408635974,-778322399,3353,1:10:56.510000,"(datetime.datetime(2026, 8, 21, 17, 5, 57, 779000),)",2a3c600d
408633706,-778326415,3326,1:10:56.530000,"(datetime.datetime(2026, 8, 21, 17, 5, 57, 793000),)",2a3c603c
408635902,-778322525,3354,1:10:56.610000,"(datetime.datetime(2026, 8, 21, 17, 5, 57, 879000),)",2a3c600d
408633633,-778326544,3327,1:10:56.630000,"(datetime.datetime(2026, 8, 21, 17, 5, 57, 895000),)",2a3c603c
408635822,-778322656,3354,1:10:56.720000,"(datetime.datetime(2026, 8, 21, 17, 5, 57, 991000),)",2a3c600d
408633555,-778326672,3327,1:10:56.740000,"(datetime.datetime(2026, 8, 21, 17, 5, 58, 3000),)",2a3c603c
408635749,-778322785,3354,1:10:56.810000,"(datetime.datetime(2026, 8, 21, 17, 5, 58, 80000),)",2a3c600d
408633485,-778326796,3326,1:10:56.830000,"(datetime.datetime(2026, 8, 21, 17, 5, 58, 94000),)",2a3c603c
408635673,-778322905,3353,1:10:56.910000,"(datetime.datetime(2026, 8, 21, 17, 5, 58, 179000),)",2a3c600d
408633413,-778326922,3327,1:10:56.930000,"(datetime.datetime(2026, 8, 21, 17, 5, 58, 194000),)",2a3c603c
408635601,-778323032,3353,1:10:57.010000,"(datetime.datetime(2026, 8, 21, 17, 5, 58, 280000),)",2a3c600d
408633336,-778327055,3327,1:10:57.030000,"(datetime.datetime(2026, 8, 21, 17, 5, 58, 294000),)",2a3c603c
408635527,-778323163,3354,1:10:57.110000,"(datetime.datetime(2026, 8, 21, 17, 5, 58, 378000),)",2a3c600d
408633263,-778327175,3326,1:10:57.130000,"(datetime.datetime(2026, 8, 21, 17, 5, 58, 395000),)",2a3c603c
408635454,-778323290,3354,1:10:57.210000,"(datetime.datetime(2026, 8, 21, 17, 5, 58, 479000),)",2a3c600d
408633189,-778327303,3326,1:10:57.230000,"(datetime.datetime(2026, 8, 21, 17, 5, 58, 494000),)",2a3c603c
408635377,-778323414,3353,1:10:57.320000,"(datetime.datetime(2026, 8, 21, 17, 5, 58, 592000),)",2a3c600d
408633114,-778327425,3326,1:10:57.340000,"(datetime.datetime(2026, 8, 21, 17, 5, 58, 611000),)",2a3c603c
408635304,-778323540,3354,1:10:57.410000,"(datetime.datetime(2026, 8, 21, 17, 5, 58, 680000),)",2a3c600d
408633036,-778327557,3327,1:10:57.430000,"(datetime.datetime(2026, 8, 21, 17, 5, 58, 696000),)",2a3c603c
408635230,-778323667,3354,1:10:57.510000,"(datetime.datetime(2026, 8, 21, 17, 5, 58, 780000),)",2a3c600d
408632964,-778327678,3326,1:10:57.530000,"(datetime.datetime(2026, 8, 21, 17, 5, 58, 794000),)",2a3c603c
408635157,-778323793,3354,1:10:57.610000,"(datetime.datetime(2026, 8, 21, 17, 5, 58, 879000),)",2a3c600d
408632887,-778327810,3327,1:10:57.630000,"(datetime.datetime(2026, 8, 21, 17, 5, 58, 894000),)",2a3c603c
408635083,-778323919,3354,1:10:57.710000,"(datetime.datetime(2026, 8, 21, 17, 5, 58, 979000),)",2a3c600d
408632811,-778327934,3327,1:10:57.730000,"(datetime.datetime(2026, 8, 21, 17, 5, 58, 994000),)",2a3c603c
408635011,-778324041,3353,1:10:57.810000,"(datetime.datetime(2026, 8, 21, 17, 5, 59, 79000),)",2a3c600d
408632739,-778328063,3327,1:10:57.830000,"(datetime.datetime(2026, 8, 21, 17, 5, 59, 102000),)",2a3c603c
408634937,-778324162,3353,1:10:57.910000,"(datetime.datetime(2026, 8, 21, 17, 5, 59, 179000),)",2a3c600d
408632661,-778328201,3328,1:10:57.930000,"(datetime.datetime(2026, 8, 21, 17, 5, 59, 195000),)",2a3c603c
408634867,-778324283,3353,1:10:58.010000,"(datetime.datetime(2026, 8, 21, 17, 5, 59, 279000),)",2a3c600d
408632580,-778328324,3328,1:10:58.030000,"(datetime.datetime(2026, 8, 21, 17, 5, 59, 296000),)",2a3c603c
408634794,-778324407,3353,1:10:58.110000,"(datetime.datetime(2026, 8, 21, 17, 5, 59, 379000),)",2a3c600d
408632507,-778328448,3328,1:10:58.140000,"(datetime.datetime(2026, 8, 21, 17, 5, 59, 403000),)",2a3c603c
408634724,-778324532,3353,1:10:58.210000,"(datetime.datetime(2026, 8, 21, 17, 5, 59, 479000),)",2a3c600d
408632435,-778328575,3328,1:10:58.230000,"(datetime.datetime(2026, 8, 21, 17, 5, 59, 494000),)",2a3c603c
408634649,-778324658,3353,1:10:58.310000,"(datetime.datetime(2026, 8, 21, 17, 5, 59, 579000),)",2a3c600d
408632357,-778328699,3328,1:10:58.330000,"(datetime.datetime(2026, 8, 21, 17, 5, 59, 594000),)",2a3c603c
408634576,-778324782,3353,1:10:58.420000,"(datetime.datetime(2026, 8, 21, 17, 5, 59, 689000),)",2a3c600d
408632284,-778328826,3328,1:10:58.440000,"(datetime.datetime(2026, 8, 21, 17, 5, 59, 703000),)",2a3c603c
408634502,-778324906,3353,1:10:58.520000,"(datetime.datetime(2026, 8, 21, 17, 5, 59, 783000),)",2a3c600d
408632207,-778328949,3327,1:10:58.530000,"(datetime.datetime(2026, 8, 21, 17, 5, 59, 796000),)",2a3c603c
408634430,-778325032,3353,1:10:58.610000,"(datetime.datetime(2026, 8, 21, 17, 5, 59, 880000),)",2a3c600d
408632135,-778329078,3328,1:10:58.630000,"(datetime.datetime(2026, 8, 21, 17, 5, 59, 895000),)",2a3c603c
408634355,-778325156,3353,1:10:58.710000,"(datetime.datetime(2026, 8, 21, 17, 5, 59, 980000),)",2a3c600d
408632057,-778329202,3328,1:10:58.730000,"(datetime.datetime(2026, 8, 21, 17, 5, 59, 994000),)",2a3c603c
408634285,-778325279,3353,1:10:58.810000,"(datetime.datetime(2026, 8, 21, 17, 6, 0, 80000),)",2a3c600d
408631983,-778329333,3328,1:10:58.830000,"(datetime.datetime(2026, 8, 21, 17, 6, 0, 93000),)",2a3c603c
408634211,-778325401,3354,1:10:58.910000,"(datetime.datetime(2026, 8, 21, 17, 6, 0, 180000),)",2a3c600d
408631913,-778329464,3328,1:10:58.930000,"(datetime.datetime(2026, 8, 21, 17, 6, 0, 202000),)",2a3c603c
408634138,-778325524,3353,1:10:59.010000,"(datetime.datetime(2026, 8, 21, 17, 6, 0, 280000),)",2a3c600d
408631841,-778329582,3327,1:10:59.030000,"(datetime.datetime(2026, 8, 21, 17, 6, 0, 298000),)",2a3c603c
408634066,-778325648,3353,1:10:59.110000,"(datetime.datetime(2026, 8, 21, 17, 6, 0, 380000),)",2a3c600d
408631767,-778329713,3327,1:10:59.140000,"(datetime.datetime(2026, 8, 21, 17, 6, 0, 405000),)",2a3c603c
408633992,-778325773,3353,1:10:59.210000,"(datetime.datetime(2026, 8, 21, 17, 6, 0, 478000),)",2a3c600d
408631692,-778329835,3327,1:10:59.230000,"(datetime.datetime(2026, 8, 21, 17, 6, 0, 497000),)",2a3c603c
408633920,-778325897,3353,1:10:59.310000,"(datetime.datetime(2026, 8, 21, 17, 6, 0, 582000),)",2a3c600d
408631616,-778329962,3327,1:10:59.330000,"(datetime.datetime(2026, 8, 21, 17, 6, 0, 596000),)",2a3c603c
408633843,-778326022,3353,1:10:59.410000,"(datetime.datetime(2026, 8, 21, 17, 6, 0, 680000),)",2a3c600d
408631543,-778330089,3327,1:10:59.430000,"(datetime.datetime(2026, 8, 21, 17, 6, 0, 697000),)",2a3c603c
408633771,-778326150,3353,1:10:59.510000,"(datetime.datetime(2026, 8, 21, 17, 6, 0, 782000),)",2a3c600d
408631471,-778330217,3327,1:10:59.530000,"(datetime.datetime(2026, 8, 21, 17, 6, 0, 798000),)",2a3c603c
408633695,-778326274,3353,1:10:59.610000,"(datetime.datetime(2026, 8, 21, 17, 6, 0, 879000),)",2a3c600d
408631397,-778330341,3326,1:10:59.640000,"(datetime.datetime(2026, 8, 21, 17, 6, 0, 903000),)",2a3c603c
408633623,-778326402,3353,1:10:59.710000,"(datetime.datetime(2026, 8, 21, 17, 6, 0, 979000),)",2a3c600d
408631325,-778330469,3326,1:10:59.730000,"(datetime.datetime(2026, 8, 21, 17, 6, 0, 995000),)",2a3c603c
408633549,-778326528,3353,1:10:59.810000,"(datetime.datetime(2026, 8, 21, 17, 6, 1, 81000),)",2a3c600d
408631248,-778330598,3326,1:10:59.840000,"(datetime.datetime(2026, 8, 21, 17, 6, 1, 104000),)",2a3c603c
408633477,-778326651,3353,1:10:59.910000,"(datetime.datetime(2026, 8, 21, 17, 6, 1, 179000),)",2a3c600d
408631179,-778330720,3327,1:10:59.930000,"(datetime.datetime(2026, 8, 21, 17, 6, 1, 196000),)",2a3c603c
408633404,-778326776,3353,1:11:00.020000,"(datetime.datetime(2026, 8, 21, 17, 6, 1, 288000),)",2a3c600d
408631098,-778330850,3327,1:11:00.040000,"(datetime.datetime(2026, 8, 21, 17, 6, 1, 303000),)",2a3c603c
408633329,-778326905,3354,1:11:00.110000,"(datetime.datetime(2026, 8, 21, 17, 6, 1, 379000),)",2a3c600d
408631025,-778330978,3327,1:11:00.130000,"(datetime.datetime(2026, 8, 21, 17, 6, 1, 394000),)",2a3c603c
408633256,-778327031,3354,1:11:00.210000,"(datetime.datetime(2026, 8, 21, 17, 6, 1, 479000),)",2a3c600d
408630950,-778331104,3327,1:11:00.230000,"(datetime.datetime(2026, 8, 21, 17, 6, 1, 495000),)",2a3c603c
408633181,-778327158,3353,1:11:00.310000,"(datetime.datetime(2026, 8, 21, 17, 6, 1, 580000),)",2a3c600d
408630950,-778331104,3327,1:11:00.330000,"(datetime.datetime(2026, 8, 21, 17, 6, 1, 595000),)",2a3c603c
408633106,-778327280,3353,1:11:00.410000,"(datetime.datetime(2026, 8, 21, 17, 6, 1, 679000),)",2a3c600d
408630876,-778331230,3327,1:11:00.430000,"(datetime.datetime(2026, 8, 21, 17, 6, 1, 701000),)",2a3c603c
408633034,-778327411,3353,1:11:00.510000,"(datetime.datetime(2026, 8, 21, 17, 6, 1, 780000),)",2a3c600d
408630803,-778331356,3327,1:11:00.530000,"(datetime.datetime(2026, 8, 21, 17, 6, 1, 796000),)",2a3c603c
408632960,-778327536,3353,1:11:00.580000,"(datetime.datetime(2026, 8, 21, 17, 6, 1, 847000),)",2a3c600d
408630728,-778331486,3327,1:11:00.630000,"(datetime.datetime(2026, 8, 21, 17, 6, 1, 895000),)",2a3c603c
408632883,-778327661,3354,1:11:00.680000,"(datetime.datetime(2026, 8, 21, 17, 6, 1, 948000),)",2a3c600d
408630655,-778331613,3328,1:11:00.730000,"(datetime.datetime(2026, 8, 21, 17, 6, 1, 995000),)",2a3c603c
408632813,-778327790,3353,1:11:00.780000,"(datetime.datetime(2026, 8, 21, 17, 6, 2, 47000),)",2a3c600d
408630578,-778331739,3327,1:11:00.830000,"(datetime.datetime(2026, 8, 21, 17, 6, 2, 95000),)",2a3c603c
408632739,-778327910,3354,1:11:00.880000,"(datetime.datetime(2026, 8, 21, 17, 6, 2, 147000),)",2a3c600d
408630431,-778331990,3327,1:11:00.930000,"(datetime.datetime(2026, 8, 21, 17, 6, 2, 197000),)",2a3c603c
408630351,-778332122,3328,1:11:00.950000,"(datetime.datetime(2026, 8, 21, 17, 6, 2, 222000),)",2a3c603c
408632663,-778328034,3353,1:11:00.980000,"(datetime.datetime(2026, 8, 21, 17, 6, 2, 249000),)",2a3c600d
408630279,-778332247,3328,1:11:01.050000,"(datetime.datetime(2026, 8, 21, 17, 6, 2, 322000),)",2a3c603c
408632586,-778328165,3353,1:11:01.090000,"(datetime.datetime(2026, 8, 21, 17, 6, 2, 355000),)",2a3c600d
408630279,-778332247,3328,1:11:01.150000,"(datetime.datetime(2026, 8, 21, 17, 6, 2, 421000),)",2a3c603c
408632514,-778328293,3353,1:11:01.180000,"(datetime.datetime(2026, 8, 21, 17, 6, 2, 448000),)",2a3c600d
408630205,-778332375,3328,1:11:01.250000,"(datetime.datetime(2026, 8, 21, 17, 6, 2, 521000),)",2a3c603c
408632440,-778328414,3353,1:11:01.280000,"(datetime.datetime(2026, 8, 21, 17, 6, 2, 547000),)",2a3c600d
408630130,-778332498,3327,1:11:01.370000,"(datetime.datetime(2026, 8, 21, 17, 6, 2, 633000),)",2a3c603c
408632362,-778328542,3353,1:11:01.380000,"(datetime.datetime(2026, 8, 21, 17, 6, 2, 649000),)",2a3c600d
408629980,-778332758,3327,1:11:01.450000,"(datetime.datetime(2026, 8, 21, 17, 6, 2, 722000),)",2a3c603c
408632362,-778328542,3353,1:11:01.480000,"(datetime.datetime(2026, 8, 21, 17, 6, 2, 747000),)",2a3c600d
408629907,-778332880,3327,1:11:01.560000,"(datetime.datetime(2026, 8, 21, 17, 6, 2, 824000),)",2a3c603c
408632290,-778328669,3353,1:11:01.580000,"(datetime.datetime(2026, 8, 21, 17, 6, 2, 846000),)",2a3c600d
408629907,-778332880,3327,1:11:01.660000,"(datetime.datetime(2026, 8, 21, 17, 6, 2, 924000),)",2a3c603c
408632216,-778328792,3353,1:11:01.680000,"(datetime.datetime(2026, 8, 21, 17, 6, 2, 947000),)",2a3c600d
408629759,-778333135,3327,1:11:01.750000,"(datetime.datetime(2026, 8, 21, 17, 6, 3, 22000),)",2a3c603c
408632143,-778328922,3353,1:11:01.780000,"(datetime.datetime(2026, 8, 21, 17, 6, 3, 47000),)",2a3c600d
408629682,-778333257,3328,1:11:01.850000,"(datetime.datetime(2026, 8, 21, 17, 6, 3, 121000),)",2a3c603c
408632071,-778329049,3352,1:11:01.880000,"(datetime.datetime(2026, 8, 21, 17, 6, 3, 146000),)",2a3c600d
408631998,-778329174,3352,1:11:01.940000,"(datetime.datetime(2026, 8, 21, 17, 6, 3, 205000),)",2a3c600d
408629682,-778333257,3328,1:11:01.950000,"(datetime.datetime(2026, 8, 21, 17, 6, 3, 221000),)",2a3c603c
408631924,-778329299,3352,1:11:02.040000,"(datetime.datetime(2026, 8, 21, 17, 6, 3, 305000),)",2a3c600d
408629610,-778333384,3328,1:11:02.050000,"(datetime.datetime(2026, 8, 21, 17, 6, 3, 320000),)",2a3c603c
408631849,-778329428,3352,1:11:02.140000,"(datetime.datetime(2026, 8, 21, 17, 6, 3, 405000),)",2a3c600d
408629533,-778333513,3328,1:11:02.150000,"(datetime.datetime(2026, 8, 21, 17, 6, 3, 420000),)",2a3c603c
408631776,-778329554,3352,1:11:02.240000,"(datetime.datetime(2026, 8, 21, 17, 6, 3, 508000),)",2a3c600d
408629460,-778333644,3328,1:11:02.250000,"(datetime.datetime(2026, 8, 21, 17, 6, 3, 520000),)",2a3c603c
408631702,-778329680,3352,1:11:02.340000,"(datetime.datetime(2026, 8, 21, 17, 6, 3, 606000),)",2a3c600d
408629388,-778333767,3328,1:11:02.350000,"(datetime.datetime(2026, 8, 21, 17, 6, 3, 621000),)",2a3c603c
408631628,-778329806,3352,1:11:02.440000,"(datetime.datetime(2026, 8, 21, 17, 6, 3, 706000),)",2a3c600d
408629315,-778333889,3327,1:11:02.450000,"(datetime.datetime(2026, 8, 21, 17, 6, 3, 720000),)",2a3c603c
408631551,-778329933,3353,1:11:02.540000,"(datetime.datetime(2026, 8, 21, 17, 6, 3, 807000),)",2a3c600d
408629241,-778334019,3328,1:11:02.570000,"(datetime.datetime(2026, 8, 21, 17, 6, 3, 835000),)",2a3c603c
408631479,-778330060,3352,1:11:02.640000,"(datetime.datetime(2026, 8, 21, 17, 6, 3, 905000),)",2a3c600d
408629164,-778334145,3327,1:11:02.650000,"(datetime.datetime(2026, 8, 21, 17, 6, 3, 921000),)",2a3c603c
408631405,-778330184,3352,1:11:02.740000,"(datetime.datetime(2026, 8, 21, 17, 6, 4, 11000),)",2a3c600d
408629094,-778334272,3327,1:11:02.760000,"(datetime.datetime(2026, 8, 21, 17, 6, 4, 24000),)",2a3c603c
408631331,-778330311,3352,1:11:02.840000,"(datetime.datetime(2026, 8, 21, 17, 6, 4, 106000),)",2a3c600d
408629016,-778334403,3327,1:11:02.860000,"(datetime.datetime(2026, 8, 21, 17, 6, 4, 125000),)",2a3c603c
408631263,-778330432,3352,1:11:02.940000,"(datetime.datetime(2026, 8, 21, 17, 6, 4, 206000),)",2a3c600d
408628944,-778334524,3327,1:11:02.960000,"(datetime.datetime(2026, 8, 21, 17, 6, 4, 225000),)",2a3c603c
408631184,-778330556,3352,1:11:03.040000,"(datetime.datetime(2026, 8, 21, 17, 6, 4, 305000),)",2a3c600d
408628866,-778334655,3328,1:11:03.050000,"(datetime.datetime(2026, 8, 21, 17, 6, 4, 321000),)",2a3c603c
408631111,-778330683,3352,1:11:03.140000,"(datetime.datetime(2026, 8, 21, 17, 6, 4, 405000),)",2a3c600d
408628794,-778334782,3328,1:11:03.160000,"(datetime.datetime(2026, 8, 21, 17, 6, 4, 430000),)",2a3c603c
408631037,-778330809,3351,1:11:03.240000,"(datetime.datetime(2026, 8, 21, 17, 6, 4, 505000),)",2a3c600d
408628722,-778334908,3327,1:11:03.250000,"(datetime.datetime(2026, 8, 21, 17, 6, 4, 521000),)",2a3c603c
408630962,-778330935,3351,1:11:03.340000,"(datetime.datetime(2026, 8, 21, 17, 6, 4, 605000),)",2a3c600d
408628650,-778335037,3327,1:11:03.350000,"(datetime.datetime(2026, 8, 21, 17, 6, 4, 620000),)",2a3c603c
408630889,-778331061,3351,1:11:03.440000,"(datetime.datetime(2026, 8, 21, 17, 6, 4, 707000),)",2a3c600d
408628577,-778335163,3327,1:11:03.450000,"(datetime.datetime(2026, 8, 21, 17, 6, 4, 721000),)",2a3c603c
408630816,-778331187,3351,1:11:03.540000,"(datetime.datetime(2026, 8, 21, 17, 6, 4, 807000),)",2a3c600d
408628427,-778335420,3327,1:11:03.550000,"(datetime.datetime(2026, 8, 21, 17, 6, 4, 822000),)",2a3c603c
408630741,-778331318,3351,1:11:03.640000,"(datetime.datetime(2026, 8, 21, 17, 6, 4, 905000),)",2a3c600d
408628427,-778335420,3327,1:11:03.660000,"(datetime.datetime(2026, 8, 21, 17, 6, 4, 926000),)",2a3c603c
408630671,-778331440,3351,1:11:03.740000,"(datetime.datetime(2026, 8, 21, 17, 6, 5, 6000),)",2a3c600d
408628352,-778335546,3327,1:11:03.760000,"(datetime.datetime(2026, 8, 21, 17, 6, 5, 27000),)",2a3c603c
408630596,-778331569,3351,1:11:03.840000,"(datetime.datetime(2026, 8, 21, 17, 6, 5, 107000),)",2a3c600d
408628279,-778335673,3327,1:11:03.860000,"(datetime.datetime(2026, 8, 21, 17, 6, 5, 131000),)",2a3c603c
408630522,-778331686,3350,1:11:03.940000,"(datetime.datetime(2026, 8, 21, 17, 6, 5, 206000),)",2a3c600d
408628210,-778335804,3327,1:11:03.960000,"(datetime.datetime(2026, 8, 21, 17, 6, 5, 224000),)",2a3c603c
408630446,-778331814,3350,1:11:04.040000,"(datetime.datetime(2026, 8, 21, 17, 6, 5, 305000),)",2a3c600d
408628137,-778335932,3327,1:11:04.050000,"(datetime.datetime(2026, 8, 21, 17, 6, 5, 320000),)",2a3c603c
408630373,-778331942,3350,1:11:04.150000,"(datetime.datetime(2026, 8, 21, 17, 6, 5, 413000),)",2a3c600d
408628061,-778336061,3327,1:11:04.170000,"(datetime.datetime(2026, 8, 21, 17, 6, 5, 434000),)",2a3c603c
408630299,-778332068,3350,1:11:04.240000,"(datetime.datetime(2026, 8, 21, 17, 6, 5, 505000),)",2a3c600d
408627915,-778336318,3327,1:11:04.250000,"(datetime.datetime(2026, 8, 21, 17, 6, 5, 520000),)",2a3c603c
408630223,-778332193,3350,1:11:04.340000,"(datetime.datetime(2026, 8, 21, 17, 6, 5, 605000),)",2a3c600d
408627915,-778336318,3327,1:11:04.350000,"(datetime.datetime(2026, 8, 21, 17, 6, 5, 621000),)",2a3c603c
408630150,-778332318,3350,1:11:04.430000,"(datetime.datetime(2026, 8, 21, 17, 6, 5, 697000),)",2a3c600d
408627843,-778336445,3327,1:11:04.450000,"(datetime.datetime(2026, 8, 21, 17, 6, 5, 721000),)",2a3c603c
408630075,-778332447,3350,1:11:04.530000,"(datetime.datetime(2026, 8, 21, 17, 6, 5, 798000),)",2a3c600d
408627696,-778336699,3327,1:11:04.560000,"(datetime.datetime(2026, 8, 21, 17, 6, 5, 823000),)",2a3c603c
408630002,-778332575,3350,1:11:04.630000,"(datetime.datetime(2026, 8, 21, 17, 6, 5, 902000),)",2a3c600d
408627615,-778336826,3327,1:11:04.650000,"(datetime.datetime(2026, 8, 21, 17, 6, 5, 921000),)",2a3c603c
408629929,-778332700,3350,1:11:04.730000,"(datetime.datetime(2026, 8, 21, 17, 6, 5, 997000),)",2a3c600d
408627615,-778336826,3327,1:11:04.750000,"(datetime.datetime(2026, 8, 21, 17, 6, 6, 21000),)",2a3c603c
408629854,-778332823,3349,1:11:04.830000,"(datetime.datetime(2026, 8, 21, 17, 6, 6, 100000),)",2a3c600d
408627543,-778336949,3326,1:11:04.850000,"(datetime.datetime(2026, 8, 21, 17, 6, 6, 122000),)",2a3c603c
408629781,-778332947,3350,1:11:04.930000,"(datetime.datetime(2026, 8, 21, 17, 6, 6, 197000),)",2a3c600d
408627405,-778337199,3325,1:11:04.970000,"(datetime.datetime(2026, 8, 21, 17, 6, 6, 235000),)",2a3c603c
408629706,-778333072,3350,1:11:05.030000,"(datetime.datetime(2026, 8, 21, 17, 6, 6, 297000),)",2a3c600d
408627326,-778337326,3325,1:11:05.050000,"(datetime.datetime(2026, 8, 21, 17, 6, 6, 320000),)",2a3c603c
408629630,-778333196,3350,1:11:05.130000,"(datetime.datetime(2026, 8, 21, 17, 6, 6, 397000),)",2a3c600d
408627255,-778337454,3325,1:11:05.150000,"(datetime.datetime(2026, 8, 21, 17, 6, 6, 420000),)",2a3c603c
408629556,-778333327,3350,1:11:05.230000,"(datetime.datetime(2026, 8, 21, 17, 6, 6, 498000),)",2a3c600d
408627255,-778337454,3325,1:11:05.250000,"(datetime.datetime(2026, 8, 21, 17, 6, 6, 522000),)",2a3c603c
408629482,-778333453,3350,1:11:05.330000,"(datetime.datetime(2026, 8, 21, 17, 6, 6, 601000),)",2a3c600d
408627179,-778337578,3325,1:11:05.350000,"(datetime.datetime(2026, 8, 21, 17, 6, 6, 621000),)",2a3c603c
408629409,-778333577,3350,1:11:05.430000,"(datetime.datetime(2026, 8, 21, 17, 6, 6, 697000),)",2a3c600d
408627103,-778337707,3324,1:11:05.460000,"(datetime.datetime(2026, 8, 21, 17, 6, 6, 723000),)",2a3c603c
408629333,-778333704,3350,1:11:05.530000,"(datetime.datetime(2026, 8, 21, 17, 6, 6, 796000),)",2a3c600d
408627029,-778337834,3325,1:11:05.550000,"(datetime.datetime(2026, 8, 21, 17, 6, 6, 820000),)",2a3c603c
408629264,-778333827,3350,1:11:05.630000,"(datetime.datetime(2026, 8, 21, 17, 6, 6, 900000),)",2a3c600d
408626953,-778337961,3325,1:11:05.660000,"(datetime.datetime(2026, 8, 21, 17, 6, 6, 928000),)",2a3c603c
408629188,-778333956,3350,1:11:05.730000,"(datetime.datetime(2026, 8, 21, 17, 6, 6, 997000),)",2a3c600d
408626878,-778338084,3325,1:11:05.750000,"(datetime.datetime(2026, 8, 21, 17, 6, 7, 21000),)",2a3c603c
408629113,-778334081,3350,1:11:05.810000,"(datetime.datetime(2026, 8, 21, 17, 6, 7, 80000),)",2a3c600d
408626802,-778338212,3325,1:11:05.850000,"(datetime.datetime(2026, 8, 21, 17, 6, 7, 121000),)",2a3c603c
408629040,-778334203,3349,1:11:05.910000,"(datetime.datetime(2026, 8, 21, 17, 6, 7, 180000),)",2a3c600d
408626721,-778338338,3325,1:11:05.950000,"(datetime.datetime(2026, 8, 21, 17, 6, 7, 221000),)",2a3c603c
408628967,-778334326,3349,1:11:06.020000,"(datetime.datetime(2026, 8, 21, 17, 6, 7, 288000),)",2a3c600d
408626644,-778338462,3325,1:11:06.050000,"(datetime.datetime(2026, 8, 21, 17, 6, 7, 322000),)",2a3c603c
408628890,-778334453,3349,1:11:06.120000,"(datetime.datetime(2026, 8, 21, 17, 6, 7, 389000),)",2a3c600d
408626572,-778338587,3325,1:11:06.150000,"(datetime.datetime(2026, 8, 21, 17, 6, 7, 420000),)",2a3c603c
408628817,-778334579,3349,1:11:06.230000,"(datetime.datetime(2026, 8, 21, 17, 6, 7, 494000),)",2a3c600d
408626497,-778338712,3325,1:11:06.250000,"(datetime.datetime(2026, 8, 21, 17, 6, 7, 521000),)",2a3c603c
408628743,-778334705,3349,1:11:06.320000,"(datetime.datetime(2026, 8, 21, 17, 6, 7, 585000),)",2a3c600d
408626423,-778338841,3326,1:11:06.350000,"(datetime.datetime(2026, 8, 21, 17, 6, 7, 620000),)",2a3c603c
408628669,-778334828,3349,1:11:06.420000,"(datetime.datetime(2026, 8, 21, 17, 6, 7, 692000),)",2a3c600d
408626346,-778338968,3326,1:11:06.450000,"(datetime.datetime(2026, 8, 21, 17, 6, 7, 720000),)",2a3c603c
408628595,-778334958,3349,1:11:06.520000,"(datetime.datetime(2026, 8, 21, 17, 6, 7, 789000),)",2a3c600d
408626273,-778339091,3325,1:11:06.550000,"(datetime.datetime(2026, 8, 21, 17, 6, 7, 822000),)",2a3c603c
408628520,-778335084,3349,1:11:06.630000,"(datetime.datetime(2026, 8, 21, 17, 6, 7, 898000),)",2a3c600d
408626199,-778339218,3325,1:11:06.650000,"(datetime.datetime(2026, 8, 21, 17, 6, 7, 922000),)",2a3c603c
408628446,-778335209,3349,1:11:06.730000,"(datetime.datetime(2026, 8, 21, 17, 6, 7, 998000),)",2a3c600d
408626126,-778339344,3326,1:11:06.770000,"(datetime.datetime(2026, 8, 21, 17, 6, 8, 35000),)",2a3c603c
408628371,-778335334,3349,1:11:06.830000,"(datetime.datetime(2026, 8, 21, 17, 6, 8, 96000),)",2a3c600d
408626051,-778339471,3326,1:11:06.850000,"(datetime.datetime(2026, 8, 21, 17, 6, 8, 121000),)",2a3c603c
408628297,-778335461,3349,1:11:06.940000,"(datetime.datetime(2026, 8, 21, 17, 6, 8, 203000),)",2a3c600d
408625972,-778339598,3326,1:11:06.950000,"(datetime.datetime(2026, 8, 21, 17, 6, 8, 220000),)",2a3c603c
408628221,-778335586,3349,1:11:07.030000,"(datetime.datetime(2026, 8, 21, 17, 6, 8, 297000),)",2a3c600d
408625898,-778339728,3326,1:11:07.050000,"(datetime.datetime(2026, 8, 21, 17, 6, 8, 320000),)",2a3c603c
408628150,-778335710,3349,1:11:07.130000,"(datetime.datetime(2026, 8, 21, 17, 6, 8, 399000),)",2a3c600d
408625821,-778339850,3326,1:11:07.150000,"(datetime.datetime(2026, 8, 21, 17, 6, 8, 422000),)",2a3c603c
408628076,-778335837,3349,1:11:07.230000,"(datetime.datetime(2026, 8, 21, 17, 6, 8, 498000),)",2a3c600d
408625750,-778339981,3325,1:11:07.250000,"(datetime.datetime(2026, 8, 21, 17, 6, 8, 521000),)",2a3c603c
408628002,-778335965,3348,1:11:07.330000,"(datetime.datetime(2026, 8, 21, 17, 6, 8, 597000),)",2a3c600d
408625677,-778340108,3326,1:11:07.350000,"(datetime.datetime(2026, 8, 21, 17, 6, 8, 621000),)",2a3c603c
408627926,-778336092,3348,1:11:07.430000,"(datetime.datetime(2026, 8, 21, 17, 6, 8, 698000),)",2a3c600d
408625602,-778340237,3326,1:11:07.450000,"(datetime.datetime(2026, 8, 21, 17, 6, 8, 720000),)",2a3c603c
408627852,-778336217,3348,1:11:07.530000,"(datetime.datetime(2026, 8, 21, 17, 6, 8, 797000),)",2a3c600d
408625530,-778340362,3326,1:11:07.560000,"(datetime.datetime(2026, 8, 21, 17, 6, 8, 823000),)",2a3c603c
408627778,-778336345,3348,1:11:07.630000,"(datetime.datetime(2026, 8, 21, 17, 6, 8, 898000),)",2a3c600d
408625456,-778340487,3325,1:11:07.650000,"(datetime.datetime(2026, 8, 21, 17, 6, 8, 921000),)",2a3c603c
408627706,-778336471,3348,1:11:07.730000,"(datetime.datetime(2026, 8, 21, 17, 6, 8, 999000),)",2a3c600d
408625383,-778340615,3325,1:11:07.760000,"(datetime.datetime(2026, 8, 21, 17, 6, 9, 28000),)",2a3c603c
408627631,-778336599,3348,1:11:07.830000,"(datetime.datetime(2026, 8, 21, 17, 6, 9, 99000),)",2a3c600d
408625307,-778340748,3326,1:11:07.850000,"(datetime.datetime(2026, 8, 21, 17, 6, 9, 121000),)",2a3c603c
408627555,-778336718,3348,1:11:07.930000,"(datetime.datetime(2026, 8, 21, 17, 6, 9, 201000),)",2a3c600d
408625235,-778340867,3326,1:11:07.950000,"(datetime.datetime(2026, 8, 21, 17, 6, 9, 220000),)",2a3c603c
408627480,-778336849,3348,1:11:08.030000,"(datetime.datetime(2026, 8, 21, 17, 6, 9, 298000),)",2a3c600d
408625160,-778340997,3326,1:11:08.050000,"(datetime.datetime(2026, 8, 21, 17, 6, 9, 322000),)",2a3c603c
408627406,-778336974,3348,1:11:08.130000,"(datetime.datetime(2026, 8, 21, 17, 6, 9, 398000),)",2a3c600d
408625085,-778341120,3325,1:11:08.160000,"(datetime.datetime(2026, 8, 21, 17, 6, 9, 423000),)",2a3c603c
408627331,-778337104,3348,1:11:08.230000,"(datetime.datetime(2026, 8, 21, 17, 6, 9, 498000),)",2a3c600d
408625013,-778341255,3325,1:11:08.250000,"(datetime.datetime(2026, 8, 21, 17, 6, 9, 521000),)",2a3c603c
408627260,-778337229,3348,1:11:08.330000,"(datetime.datetime(2026, 8, 21, 17, 6, 9, 597000),)",2a3c600d
408624938,-778341380,3325,1:11:08.350000,"(datetime.datetime(2026, 8, 21, 17, 6, 9, 621000),)",2a3c603c
408627185,-778337356,3348,1:11:08.430000,"(datetime.datetime(2026, 8, 21, 17, 6, 9, 700000),)",2a3c600d
408624867,-778341505,3325,1:11:08.450000,"(datetime.datetime(2026, 8, 21, 17, 6, 9, 722000),)",2a3c603c
408627111,-778337483,3348,1:11:08.530000,"(datetime.datetime(2026, 8, 21, 17, 6, 9, 797000),)",2a3c600d
408624795,-778341630,3324,1:11:08.550000,"(datetime.datetime(2026, 8, 21, 17, 6, 9, 822000),)",2a3c603c
408627037,-778337610,3347,1:11:08.630000,"(datetime.datetime(2026, 8, 21, 17, 6, 9, 897000),)",2a3c600d
408624724,-778341759,3324,1:11:08.660000,"(datetime.datetime(2026, 8, 21, 17, 6, 9, 923000),)",2a3c603c
408626962,-778337737,3347,1:11:08.730000,"(datetime.datetime(2026, 8, 21, 17, 6, 9, 997000),)",2a3c600d
408624648,-778341894,3324,1:11:08.750000,"(datetime.datetime(2026, 8, 21, 17, 6, 10, 21000),)",2a3c603c
408626888,-778337864,3348,1:11:08.830000,"(datetime.datetime(2026, 8, 21, 17, 6, 10, 97000),)",2a3c600d
408624507,-778342146,3323,1:11:08.850000,"(datetime.datetime(2026, 8, 21, 17, 6, 10, 120000),)",2a3c603c
408626817,-778337983,3347,1:11:08.930000,"(datetime.datetime(2026, 8, 21, 17, 6, 10, 197000),)",2a3c600d
408624433,-778342276,3323,1:11:08.960000,"(datetime.datetime(2026, 8, 21, 17, 6, 10, 227000),)",2a3c603c
408626742,-778338113,3347,1:11:09.030000,"(datetime.datetime(2026, 8, 21, 17, 6, 10, 299000),)",2a3c600d
408624433,-778342276,3323,1:11:09.050000,"(datetime.datetime(2026, 8, 21, 17, 6, 10, 321000),)",2a3c603c
408626668,-778338236,3347,1:11:09.130000,"(datetime.datetime(2026, 8, 21, 17, 6, 10, 398000),)",2a3c600d
408624360,-778342403,3323,1:11:09.150000,"(datetime.datetime(2026, 8, 21, 17, 6, 10, 421000),)",2a3c603c
408626593,-778338367,3347,1:11:09.230000,"(datetime.datetime(2026, 8, 21, 17, 6, 10, 497000),)",2a3c600d
408624288,-778342539,3324,1:11:09.250000,"(datetime.datetime(2026, 8, 21, 17, 6, 10, 520000),)",2a3c603c
408626521,-778338488,3346,1:11:09.340000,"(datetime.datetime(2026, 8, 21, 17, 6, 10, 605000),)",2a3c600d
408624145,-778342795,3323,1:11:09.360000,"(datetime.datetime(2026, 8, 21, 17, 6, 10, 623000),)",2a3c603c
408626447,-778338616,3347,1:11:09.430000,"(datetime.datetime(2026, 8, 21, 17, 6, 10, 698000),)",2a3c600d
408624145,-778342795,3323,1:11:09.450000,"(datetime.datetime(2026, 8, 21, 17, 6, 10, 721000),)",2a3c603c
408626373,-778338744,3346,1:11:09.530000,"(datetime.datetime(2026, 8, 21, 17, 6, 10, 797000),)",2a3c600d
408624003,-778343060,3323,1:11:09.550000,"(datetime.datetime(2026, 8, 21, 17, 6, 10, 821000),)",2a3c603c
408626303,-778338870,3346,1:11:09.630000,"(datetime.datetime(2026, 8, 21, 17, 6, 10, 897000),)",2a3c600d
408623934,-778343189,3323,1:11:09.650000,"(datetime.datetime(2026, 8, 21, 17, 6, 10, 920000),)",2a3c603c
408626227,-778339001,3346,1:11:09.730000,"(datetime.datetime(2026, 8, 21, 17, 6, 10, 996000),)",2a3c600d
408623865,-778343326,3323,1:11:09.760000,"(datetime.datetime(2026, 8, 21, 17, 6, 11, 27000),)",2a3c603c
408626156,-778339125,3346,1:11:09.830000,"(datetime.datetime(2026, 8, 21, 17, 6, 11, 98000),)",2a3c600d
408623797,-778343462,3323,1:11:09.850000,"(datetime.datetime(2026, 8, 21, 17, 6, 11, 121000),)",2a3c603c
408626082,-778339248,3346,1:11:09.930000,"(datetime.datetime(2026, 8, 21, 17, 6, 11, 198000),)",2a3c600d
408623727,-778343600,3323,1:11:09.950000,"(datetime.datetime(2026, 8, 21, 17, 6, 11, 220000),)",2a3c603c
408626012,-778339372,3346,1:11:10.030000,"(datetime.datetime(2026, 8, 21, 17, 6, 11, 297000),)",2a3c600d
408623727,-778343600,3323,1:11:10.050000,"(datetime.datetime(2026, 8, 21, 17, 6, 11, 321000),)",2a3c603c
408625936,-778339502,3346,1:11:10.130000,"(datetime.datetime(2026, 8, 21, 17, 6, 11, 397000),)",2a3c600d
408623663,-778343731,3323,1:11:10.150000,"(datetime.datetime(2026, 8, 21, 17, 6, 11, 422000),)",2a3c603c
408625864,-778339629,3346,1:11:10.230000,"(datetime.datetime(2026, 8, 21, 17, 6, 11, 497000),)",2a3c600d
408623595,-778343866,3323,1:11:10.250000,"(datetime.datetime(2026, 8, 21, 17, 6, 11, 520000),)",2a3c603c
408625789,-778339754,3345,1:11:10.340000,"(datetime.datetime(2026, 8, 21, 17, 6, 11, 605000),)",2a3c600d
408623526,-778344001,3323,1:11:10.350000,"(datetime.datetime(2026, 8, 21, 17, 6, 11, 620000),)",2a3c603c
408625715,-778339881,3345,1:11:10.430000,"(datetime.datetime(2026, 8, 21, 17, 6, 11, 701000),)",2a3c600d
408623459,-778344138,3323,1:11:10.450000,"(datetime.datetime(2026, 8, 21, 17, 6, 11, 721000),)",2a3c603c
408625643,-778340009,3345,1:11:10.540000,"(datetime.datetime(2026, 8, 21, 17, 6, 11, 803000),)",2a3c600d
408623393,-778344272,3322,1:11:10.550000,"(datetime.datetime(2026, 8, 21, 17, 6, 11, 817000),)",2a3c603c
408625569,-778340137,3345,1:11:10.630000,"(datetime.datetime(2026, 8, 21, 17, 6, 11, 900000),)",2a3c600d
408623328,-778344408,3323,1:11:10.650000,"(datetime.datetime(2026, 8, 21, 17, 6, 11, 917000),)",2a3c603c
408625497,-778340264,3345,1:11:10.730000,"(datetime.datetime(2026, 8, 21, 17, 6, 11, 997000),)",2a3c600d
408623263,-778344546,3323,1:11:10.760000,"(datetime.datetime(2026, 8, 21, 17, 6, 12, 23000),)",2a3c603c
408625421,-778340393,3345,1:11:10.840000,"(datetime.datetime(2026, 8, 21, 17, 6, 12, 105000),)",2a3c600d
408623197,-778344682,3323,1:11:10.850000,"(datetime.datetime(2026, 8, 21, 17, 6, 12, 119000),)",2a3c603c
408625353,-778340519,3346,1:11:10.930000,"(datetime.datetime(2026, 8, 21, 17, 6, 12, 198000),)",2a3c600d
408623129,-778344810,3322,1:11:10.950000,"(datetime.datetime(2026, 8, 21, 17, 6, 12, 213000),)",2a3c603c
408625277,-778340647,3346,1:11:11.030000,"(datetime.datetime(2026, 8, 21, 17, 6, 12, 298000),)",2a3c600d
408623069,-778344948,3323,1:11:11.050000,"(datetime.datetime(2026, 8, 21, 17, 6, 12, 313000),)",2a3c603c
408625207,-778340774,3346,1:11:11.130000,"(datetime.datetime(2026, 8, 21, 17, 6, 12, 398000),)",2a3c600d
408623005,-778345091,3323,1:11:11.140000,"(datetime.datetime(2026, 8, 21, 17, 6, 12, 410000),)",2a3c603c
408625129,-778340904,3346,1:11:11.230000,"(datetime.datetime(2026, 8, 21, 17, 6, 12, 498000),)",2a3c600d
408622941,-778345222,3322,1:11:11.240000,"(datetime.datetime(2026, 8, 21, 17, 6, 12, 512000),)",2a3c603c
408625053,-778341027,3345,1:11:11.340000,"(datetime.datetime(2026, 8, 21, 17, 6, 12, 603000),)",2a3c600d
408622881,-778345362,3322,1:11:11.350000,"(datetime.datetime(2026, 8, 21, 17, 6, 12, 618000),)",2a3c603c
408624980,-778341158,3345,1:11:11.440000,"(datetime.datetime(2026, 8, 21, 17, 6, 12, 705000),)",2a3c600d
408622819,-778345507,3323,1:11:11.450000,"(datetime.datetime(2026, 8, 21, 17, 6, 12, 720000),)",2a3c603c
408624909,-778341284,3346,1:11:11.530000,"(datetime.datetime(2026, 8, 21, 17, 6, 12, 798000),)",2a3c600d
408622758,-778345642,3322,1:11:11.550000,"(datetime.datetime(2026, 8, 21, 17, 6, 12, 813000),)",2a3c603c
408624834,-778341415,3346,1:11:11.630000,"(datetime.datetime(2026, 8, 21, 17, 6, 12, 898000),)",2a3c600d
408622698,-778345781,3322,1:11:11.650000,"(datetime.datetime(2026, 8, 21, 17, 6, 12, 914000),)",2a3c603c
408624761,-778341539,3346,1:11:11.730000,"(datetime.datetime(2026, 8, 21, 17, 6, 12, 998000),)",2a3c600d
408622636,-778345922,3322,1:11:11.750000,"(datetime.datetime(2026, 8, 21, 17, 6, 13, 15000),)",2a3c603c
408624688,-778341669,3345,1:11:11.830000,"(datetime.datetime(2026, 8, 21, 17, 6, 13, 97000),)",2a3c600d
408622580,-778346065,3322,1:11:11.860000,"(datetime.datetime(2026, 8, 21, 17, 6, 13, 123000),)",2a3c603c
408624617,-778341791,3345,1:11:11.930000,"(datetime.datetime(2026, 8, 21, 17, 6, 13, 201000),)",2a3c600d
408622516,-778346198,3322,1:11:11.950000,"(datetime.datetime(2026, 8, 21, 17, 6, 13, 221000),)",2a3c603c
408624544,-778341920,3344,1:11:12.030000,"(datetime.datetime(2026, 8, 21, 17, 6, 13, 299000),)",2a3c600d
408622459,-778346345,3322,1:11:12.050000,"(datetime.datetime(2026, 8, 21, 17, 6, 13, 314000),)",2a3c603c
408624469,-778342046,3344,1:11:12.130000,"(datetime.datetime(2026, 8, 21, 17, 6, 13, 397000),)",2a3c600d
408622404,-778346485,3321,1:11:12.150000,"(datetime.datetime(2026, 8, 21, 17, 6, 13, 419000),)",2a3c603c
408624395,-778342175,3344,1:11:12.230000,"(datetime.datetime(2026, 8, 21, 17, 6, 13, 497000),)",2a3c600d
408622348,-778346627,3321,1:11:12.240000,"(datetime.datetime(2026, 8, 21, 17, 6, 13, 512000),)",2a3c603c
408624322,-778342302,3344,1:11:12.330000,"(datetime.datetime(2026, 8, 21, 17, 6, 13, 597000),)",2a3c600d
408622294,-778346772,3322,1:11:12.350000,"(datetime.datetime(2026, 8, 21, 17, 6, 13, 613000),)",2a3c603c
408624251,-778342429,3344,1:11:12.430000,"(datetime.datetime(2026, 8, 21, 17, 6, 13, 697000),)",2a3c600d
408622240,-778346914,3321,1:11:12.450000,"(datetime.datetime(2026, 8, 21, 17, 6, 13, 716000),)",2a3c603c
408624179,-778342558,3344,1:11:12.530000,"(datetime.datetime(2026, 8, 21, 17, 6, 13, 798000),)",2a3c600d
408622186,-778347062,3322,1:11:12.550000,"(datetime.datetime(2026, 8, 21, 17, 6, 13, 814000),)",2a3c603c
408624106,-778342684,3344,1:11:12.640000,"(datetime.datetime(2026, 8, 21, 17, 6, 13, 906000),)",2a3c600d
408622137,-778347203,3321,1:11:12.650000,"(datetime.datetime(2026, 8, 21, 17, 6, 13, 919000),)",2a3c603c
408624035,-778342816,3343,1:11:12.730000,"(datetime.datetime(2026, 8, 21, 17, 6, 13, 997000),)",2a3c600d
408622085,-778347347,3321,1:11:12.750000,"(datetime.datetime(2026, 8, 21, 17, 6, 14, 14000),)",2a3c603c
408623962,-778342946,3344,1:11:12.830000,"(datetime.datetime(2026, 8, 21, 17, 6, 14, 97000),)",2a3c600d
408622038,-778347492,3321,1:11:12.850000,"(datetime.datetime(2026, 8, 21, 17, 6, 14, 116000),)",2a3c603c
408623897,-778343077,3344,1:11:12.930000,"(datetime.datetime(2026, 8, 21, 17, 6, 14, 197000),)",2a3c600d
408621980,-778347642,3321,1:11:12.960000,"(datetime.datetime(2026, 8, 21, 17, 6, 14, 227000),)",2a3c603c
408623822,-778343209,3344,1:11:13.030000,"(datetime.datetime(2026, 8, 21, 17, 6, 14, 299000),)",2a3c600d
408621932,-778347788,3321,1:11:13.050000,"(datetime.datetime(2026, 8, 21, 17, 6, 14, 317000),)",2a3c603c
408623752,-778343338,3344,1:11:13.130000,"(datetime.datetime(2026, 8, 21, 17, 6, 14, 397000),)",2a3c600d
408621885,-778347936,3321,1:11:13.150000,"(datetime.datetime(2026, 8, 21, 17, 6, 14, 414000),)",2a3c603c
408623686,-778343469,3344,1:11:13.230000,"(datetime.datetime(2026, 8, 21, 17, 6, 14, 497000),)",2a3c600d
408621837,-778348081,3321,1:11:13.240000,"(datetime.datetime(2026, 8, 21, 17, 6, 14, 510000),)",2a3c603c
408623617,-778343605,3344,1:11:13.330000,"(datetime.datetime(2026, 8, 21, 17, 6, 14, 598000),)",2a3c600d
408621792,-778348227,3321,1:11:13.350000,"(datetime.datetime(2026, 8, 21, 17, 6, 14, 621000),)",2a3c603c
408623549,-778343738,3344,1:11:13.430000,"(datetime.datetime(2026, 8, 21, 17, 6, 14, 700000),)",2a3c600d
408621748,-778348376,3321,1:11:13.450000,"(datetime.datetime(2026, 8, 21, 17, 6, 14, 722000),)",2a3c603c
408623480,-778343871,3344,1:11:13.530000,"(datetime.datetime(2026, 8, 21, 17, 6, 14, 798000),)",2a3c600d
408621704,-778348523,3321,1:11:13.550000,"(datetime.datetime(2026, 8, 21, 17, 6, 14, 814000),)",2a3c603c
408623414,-778344002,3344,1:11:13.630000,"(datetime.datetime(2026, 8, 21, 17, 6, 14, 900000),)",2a3c600d
408621658,-778348674,3321,1:11:13.650000,"(datetime.datetime(2026, 8, 21, 17, 6, 14, 916000),)",2a3c603c
408621616,-778348825,3321,1:11:13.740000,"(datetime.datetime(2026, 8, 21, 17, 6, 15, 12000),)",2a3c603c
408623346,-778344139,3344,1:11:13.760000,"(datetime.datetime(2026, 8, 21, 17, 6, 15, 29000),)",2a3c600d
408623279,-778344270,3344,1:11:13.830000,"(datetime.datetime(2026, 8, 21, 17, 6, 15, 97000),)",2a3c600d
408621575,-778348973,3321,1:11:13.850000,"(datetime.datetime(2026, 8, 21, 17, 6, 15, 114000),)",2a3c603c
408623214,-778344402,3344,1:11:13.930000,"(datetime.datetime(2026, 8, 21, 17, 6, 15, 197000),)",2a3c600d
408621532,-778349128,3321,1:11:13.940000,"(datetime.datetime(2026, 8, 21, 17, 6, 15, 212000),)",2a3c603c
408623149,-778344538,3344,1:11:14.030000,"(datetime.datetime(2026, 8, 21, 17, 6, 15, 297000),)",2a3c600d
408621496,-778349276,3321,1:11:14.050000,"(datetime.datetime(2026, 8, 21, 17, 6, 15, 313000),)",2a3c603c
408623084,-778344670,3343,1:11:14.130000,"(datetime.datetime(2026, 8, 21, 17, 6, 15, 397000),)",2a3c600d
408621458,-778349431,3321,1:11:14.150000,"(datetime.datetime(2026, 8, 21, 17, 6, 15, 415000),)",2a3c603c
408623023,-778344809,3344,1:11:14.230000,"(datetime.datetime(2026, 8, 21, 17, 6, 15, 497000),)",2a3c600d
408621421,-778349580,3321,1:11:14.240000,"(datetime.datetime(2026, 8, 21, 17, 6, 15, 510000),)",2a3c603c
408622959,-778344945,3343,1:11:14.330000,"(datetime.datetime(2026, 8, 21, 17, 6, 15, 597000),)",2a3c600d
408621384,-778349734,3321,1:11:14.350000,"(datetime.datetime(2026, 8, 21, 17, 6, 15, 613000),)",2a3c603c
408622897,-778345081,3343,1:11:14.430000,"(datetime.datetime(2026, 8, 21, 17, 6, 15, 697000),)",2a3c600d
408621350,-778349884,3321,1:11:14.450000,"(datetime.datetime(2026, 8, 21, 17, 6, 15, 719000),)",2a3c603c
408622835,-778345218,3343,1:11:14.530000,"(datetime.datetime(2026, 8, 21, 17, 6, 15, 798000),)",2a3c600d
408621315,-778350038,3321,1:11:14.550000,"(datetime.datetime(2026, 8, 21, 17, 6, 15, 813000),)",2a3c603c
408622773,-778345357,3343,1:11:14.630000,"(datetime.datetime(2026, 8, 21, 17, 6, 15, 898000),)",2a3c600d
408621283,-778350192,3321,1:11:14.660000,"(datetime.datetime(2026, 8, 21, 17, 6, 15, 925000),)",2a3c603c
408622714,-778345496,3343,1:11:14.730000,"(datetime.datetime(2026, 8, 21, 17, 6, 15, 997000),)",2a3c600d
408621251,-778350343,3321,1:11:14.750000,"(datetime.datetime(2026, 8, 21, 17, 6, 16, 14000),)",2a3c603c
408622655,-778345635,3343,1:11:14.840000,"(datetime.datetime(2026, 8, 21, 17, 6, 16, 107000),)",2a3c600d
408621221,-778350497,3321,1:11:14.850000,"(datetime.datetime(2026, 8, 21, 17, 6, 16, 121000),)",2a3c603c
408622597,-778345766,3343,1:11:14.930000,"(datetime.datetime(2026, 8, 21, 17, 6, 16, 197000),)",2a3c600d
408621187,-778350647,3320,1:11:14.940000,"(datetime.datetime(2026, 8, 21, 17, 6, 16, 212000),)",2a3c603c
408622541,-778345911,3343,1:11:15.030000,"(datetime.datetime(2026, 8, 21, 17, 6, 16, 298000),)",2a3c600d
408621165,-778350804,3320,1:11:15.040000,"(datetime.datetime(2026, 8, 21, 17, 6, 16, 309000),)",2a3c603c
408622485,-778346049,3343,1:11:15.130000,"(datetime.datetime(2026, 8, 21, 17, 6, 16, 397000),)",2a3c600d
408621138,-778350957,3320,1:11:15.160000,"(datetime.datetime(2026, 8, 21, 17, 6, 16, 423000),)",2a3c603c
408622430,-778346192,3343,1:11:15.230000,"(datetime.datetime(2026, 8, 21, 17, 6, 16, 498000),)",2a3c600d
408621110,-778351114,3320,1:11:15.250000,"(datetime.datetime(2026, 8, 21, 17, 6, 16, 520000),)",2a3c603c
408622374,-778346334,3343,1:11:15.330000,"(datetime.datetime(2026, 8, 21, 17, 6, 16, 598000),)",2a3c600d
408621084,-778351269,3320,1:11:15.350000,"(datetime.datetime(2026, 8, 21, 17, 6, 16, 615000),)",2a3c603c
408622320,-778346477,3342,1:11:15.430000,"(datetime.datetime(2026, 8, 21, 17, 6, 16, 697000),)",2a3c600d
408621059,-778351425,3319,1:11:15.450000,"(datetime.datetime(2026, 8, 21, 17, 6, 16, 714000),)",2a3c603c
408622266,-778346622,3342,1:11:15.530000,"(datetime.datetime(2026, 8, 21, 17, 6, 16, 797000),)",2a3c600d
408621037,-778351578,3319,1:11:15.540000,"(datetime.datetime(2026, 8, 21, 17, 6, 16, 812000),)",2a3c603c
408622214,-778346764,3342,1:11:15.630000,"(datetime.datetime(2026, 8, 21, 17, 6, 16, 901000),)",2a3c600d
408621016,-778351732,3320,1:11:15.650000,"(datetime.datetime(2026, 8, 21, 17, 6, 16, 919000),)",2a3c603c
408622162,-778346910,3342,1:11:15.730000,"(datetime.datetime(2026, 8, 21, 17, 6, 16, 998000),)",2a3c600d
408620993,-778351895,3320,1:11:15.760000,"(datetime.datetime(2026, 8, 21, 17, 6, 17, 24000),)",2a3c603c
408622113,-778347052,3342,1:11:15.830000,"(datetime.datetime(2026, 8, 21, 17, 6, 17, 96000),)",2a3c600d
408620972,-778352045,3319,1:11:15.850000,"(datetime.datetime(2026, 8, 21, 17, 6, 17, 115000),)",2a3c603c
408622061,-778347192,3341,1:11:15.930000,"(datetime.datetime(2026, 8, 21, 17, 6, 17, 197000),)",2a3c600d
408620945,-778352207,3320,1:11:15.950000,"(datetime.datetime(2026, 8, 21, 17, 6, 17, 213000),)",2a3c603c
408622017,-778347338,3342,1:11:16.030000,"(datetime.datetime(2026, 8, 21, 17, 6, 17, 298000),)",2a3c600d
408620929,-778352364,3319,1:11:16.040000,"(datetime.datetime(2026, 8, 21, 17, 6, 17, 311000),)",2a3c603c
408621969,-778347486,3342,1:11:16.130000,"(datetime.datetime(2026, 8, 21, 17, 6, 17, 398000),)",2a3c600d
408620911,-778352521,3319,1:11:16.160000,"(datetime.datetime(2026, 8, 21, 17, 6, 17, 424000),)",2a3c603c
408621920,-778347632,3341,1:11:16.230000,"(datetime.datetime(2026, 8, 21, 17, 6, 17, 499000),)",2a3c600d
408620896,-778352676,3319,1:11:16.250000,"(datetime.datetime(2026, 8, 21, 17, 6, 17, 515000),)",2a3c603c
408621874,-778347780,3341,1:11:16.330000,"(datetime.datetime(2026, 8, 21, 17, 6, 17, 599000),)",2a3c600d
408620878,-778352833,3320,1:11:16.350000,"(datetime.datetime(2026, 8, 21, 17, 6, 17, 616000),)",2a3c603c
408621828,-778347926,3342,1:11:16.430000,"(datetime.datetime(2026, 8, 21, 17, 6, 17, 697000),)",2a3c600d
408620862,-778352992,3320,1:11:16.450000,"(datetime.datetime(2026, 8, 21, 17, 6, 17, 720000),)",2a3c603c
408621783,-778348073,3341,1:11:16.540000,"(datetime.datetime(2026, 8, 21, 17, 6, 17, 805000),)",2a3c600d
408620849,-778353149,3319,1:11:16.550000,"(datetime.datetime(2026, 8, 21, 17, 6, 17, 820000),)",2a3c603c
408621741,-778348221,3341,1:11:16.640000,"(datetime.datetime(2026, 8, 21, 17, 6, 17, 905000),)",2a3c600d
408620834,-778353307,3319,1:11:16.660000,"(datetime.datetime(2026, 8, 21, 17, 6, 17, 923000),)",2a3c603c
408621699,-778348371,3341,1:11:16.730000,"(datetime.datetime(2026, 8, 21, 17, 6, 18),)",2a3c600d
408620819,-778353466,3319,1:11:16.750000,"(datetime.datetime(2026, 8, 21, 17, 6, 18, 16000),)",2a3c603c
408621657,-778348519,3341,1:11:16.830000,"(datetime.datetime(2026, 8, 21, 17, 6, 18, 97000),)",2a3c600d
408620811,-778353623,3319,1:11:16.850000,"(datetime.datetime(2026, 8, 21, 17, 6, 18, 121000),)",2a3c603c
408621613,-778348662,3341,1:11:16.930000,"(datetime.datetime(2026, 8, 21, 17, 6, 18, 197000),)",2a3c600d
408620793,-778353780,3319,1:11:16.950000,"(datetime.datetime(2026, 8, 21, 17, 6, 18, 213000),)",2a3c603c
408621575,-778348815,3341,1:11:17.030000,"(datetime.datetime(2026, 8, 21, 17, 6, 18, 298000),)",2a3c600d
408620784,-778353940,3319,1:11:17.050000,"(datetime.datetime(2026, 8, 21, 17, 6, 18, 314000),)",2a3c603c
408621537,-778348960,3340,1:11:17.130000,"(datetime.datetime(2026, 8, 21, 17, 6, 18, 397000),)",2a3c600d
408620772,-778354098,3320,1:11:17.150000,"(datetime.datetime(2026, 8, 21, 17, 6, 18, 413000),)",2a3c603c
408621498,-778349113,3340,1:11:17.230000,"(datetime.datetime(2026, 8, 21, 17, 6, 18, 497000),)",2a3c600d
408620768,-778354262,3319,1:11:17.250000,"(datetime.datetime(2026, 8, 21, 17, 6, 18, 514000),)",2a3c603c
408621463,-778349264,3340,1:11:17.330000,"(datetime.datetime(2026, 8, 21, 17, 6, 18, 597000),)",2a3c600d
408620758,-778354414,3319,1:11:17.340000,"(datetime.datetime(2026, 8, 21, 17, 6, 18, 612000),)",2a3c603c
408621424,-778349415,3340,1:11:17.430000,"(datetime.datetime(2026, 8, 21, 17, 6, 18, 697000),)",2a3c600d
408620750,-778354574,3319,1:11:17.450000,"(datetime.datetime(2026, 8, 21, 17, 6, 18, 719000),)",2a3c603c
408621389,-778349565,3340,1:11:17.530000,"(datetime.datetime(2026, 8, 21, 17, 6, 18, 797000),)",2a3c600d
408620746,-778354733,3319,1:11:17.550000,"(datetime.datetime(2026, 8, 21, 17, 6, 18, 814000),)",2a3c603c
408621355,-778349717,3340,1:11:17.630000,"(datetime.datetime(2026, 8, 21, 17, 6, 18, 897000),)",2a3c600d
408620742,-778354893,3319,1:11:17.650000,"(datetime.datetime(2026, 8, 21, 17, 6, 18, 920000),)",2a3c603c
408621318,-778349869,3340,1:11:17.730000,"(datetime.datetime(2026, 8, 21, 17, 6, 18, 997000),)",2a3c600d
408620736,-778355051,3319,1:11:17.750000,"(datetime.datetime(2026, 8, 21, 17, 6, 19, 15000),)",2a3c603c
408621318,-778349869,3340,1:11:17.830000,"(datetime.datetime(2026, 8, 21, 17, 6, 19, 97000),)",2a3c600d
408620735,-778355211,3319,1:11:17.850000,"(datetime.datetime(2026, 8, 21, 17, 6, 19, 121000),)",2a3c603c
408621285,-778350022,3340,1:11:17.940000,"(datetime.datetime(2026, 8, 21, 17, 6, 19, 206000),)",2a3c600d
408621249,-778350165,3340,1:11:18.030000,"(datetime.datetime(2026, 8, 21, 17, 6, 19, 298000),)",2a3c600d
408620719,-778355371,3319,1:11:18.050000,"(datetime.datetime(2026, 8, 21, 17, 6, 19, 314000),)",2a3c603c
408621221,-778350323,3340,1:11:18.130000,"(datetime.datetime(2026, 8, 21, 17, 6, 19, 397000),)",2a3c600d
408620723,-778355690,3319,1:11:18.150000,"(datetime.datetime(2026, 8, 21, 17, 6, 19, 413000),)",2a3c603c
408621191,-778350472,3340,1:11:18.160000,"(datetime.datetime(2026, 8, 21, 17, 6, 19, 424000),)",2a3c600d
408620723,-778355690,3319,1:11:18.180000,"(datetime.datetime(2026, 8, 21, 17, 6, 19, 448000),)",2a3c603c
408621161,-778350629,3340,1:11:18.250000,"(datetime.datetime(2026, 8, 21, 17, 6, 19, 516000),)",2a3c600d
408620728,-778355847,3318,1:11:18.260000,"(datetime.datetime(2026, 8, 21, 17, 6, 19, 530000),)",2a3c603c
408621132,-778350784,3340,1:11:18.350000,"(datetime.datetime(2026, 8, 21, 17, 6, 19, 619000),)",2a3c600d
408620730,-778356006,3318,1:11:18.370000,"(datetime.datetime(2026, 8, 21, 17, 6, 19, 636000),)",2a3c603c
408621103,-778350938,3340,1:11:18.450000,"(datetime.datetime(2026, 8, 21, 17, 6, 19, 718000),)",2a3c600d
408620735,-778356165,3318,1:11:18.470000,"(datetime.datetime(2026, 8, 21, 17, 6, 19, 732000),)",2a3c603c
408620744,-778356322,3318,1:11:18.560000,"(datetime.datetime(2026, 8, 21, 17, 6, 19, 823000),)",2a3c603c
408621049,-778351247,3340,1:11:18.570000,"(datetime.datetime(2026, 8, 21, 17, 6, 19, 838000),)",2a3c600d
408621049,-778351247,3340,1:11:18.650000,"(datetime.datetime(2026, 8, 21, 17, 6, 19, 917000),)",2a3c600d
408620749,-778356482,3318,1:11:18.670000,"(datetime.datetime(2026, 8, 21, 17, 6, 19, 933000),)",2a3c603c
408621024,-778351401,3340,1:11:18.750000,"(datetime.datetime(2026, 8, 21, 17, 6, 20, 17000),)",2a3c600d
408620761,-778356637,3318,1:11:18.770000,"(datetime.datetime(2026, 8, 21, 17, 6, 20, 33000),)",2a3c603c
408620999,-778351558,3340,1:11:18.850000,"(datetime.datetime(2026, 8, 21, 17, 6, 20, 118000),)",2a3c600d
408620769,-778356797,3318,1:11:18.870000,"(datetime.datetime(2026, 8, 21, 17, 6, 20, 134000),)",2a3c603c
408620971,-778351708,3339,1:11:18.950000,"(datetime.datetime(2026, 8, 21, 17, 6, 20, 217000),)",2a3c600d
408620768,-778356961,3320,1:11:18.960000,"(datetime.datetime(2026, 8, 21, 17, 6, 20, 232000),)",2a3c603c
408620949,-778351863,3339,1:11:19.050000,"(datetime.datetime(2026, 8, 21, 17, 6, 20, 317000),)",2a3c600d
408620785,-778357124,3319,1:11:19.070000,"(datetime.datetime(2026, 8, 21, 17, 6, 20, 333000),)",2a3c603c
408620928,-778352020,3339,1:11:19.150000,"(datetime.datetime(2026, 8, 21, 17, 6, 20, 417000),)",2a3c600d
408620799,-778357279,3319,1:11:19.170000,"(datetime.datetime(2026, 8, 21, 17, 6, 20, 433000),)",2a3c603c
408620905,-778352176,3339,1:11:19.250000,"(datetime.datetime(2026, 8, 21, 17, 6, 20, 517000),)",2a3c600d
408620812,-778357437,3319,1:11:19.260000,"(datetime.datetime(2026, 8, 21, 17, 6, 20, 531000),)",2a3c603c
408620886,-778352333,3339,1:11:19.350000,"(datetime.datetime(2026, 8, 21, 17, 6, 20, 618000),)",2a3c600d
408620825,-778357595,3319,1:11:19.370000,"(datetime.datetime(2026, 8, 21, 17, 6, 20, 633000),)",2a3c603c
408620867,-778352490,3339,1:11:19.450000,"(datetime.datetime(2026, 8, 21, 17, 6, 20, 718000),)",2a3c600d
408620842,-778357753,3319,1:11:19.470000,"(datetime.datetime(2026, 8, 21, 17, 6, 20, 734000),)",2a3c603c
408620850,-778352647,3339,1:11:19.550000,"(datetime.datetime(2026, 8, 21, 17, 6, 20, 817000),)",2a3c600d
408620857,-778357906,3319,1:11:19.580000,"(datetime.datetime(2026, 8, 21, 17, 6, 20, 847000),)",2a3c603c
408620834,-778352807,3339,1:11:19.650000,"(datetime.datetime(2026, 8, 21, 17, 6, 20, 917000),)",2a3c600d
408620872,-778358066,3319,1:11:19.670000,"(datetime.datetime(2026, 8, 21, 17, 6, 20, 936000),)",2a3c603c
408620821,-778352962,3339,1:11:19.750000,"(datetime.datetime(2026, 8, 21, 17, 6, 21, 17000),)",2a3c600d
408620893,-778358227,3319,1:11:19.770000,"(datetime.datetime(2026, 8, 21, 17, 6, 21, 33000),)",2a3c603c
408620805,-778353120,3339,1:11:19.850000,"(datetime.datetime(2026, 8, 21, 17, 6, 21, 117000),)",2a3c600d
408620912,-778358380,3319,1:11:19.880000,"(datetime.datetime(2026, 8, 21, 17, 6, 21, 143000),)",2a3c603c
408620790,-778353273,3339,1:11:19.950000,"(datetime.datetime(2026, 8, 21, 17, 6, 21, 219000),)",2a3c600d
408620930,-778358539,3319,1:11:19.970000,"(datetime.datetime(2026, 8, 21, 17, 6, 21, 237000),)",2a3c603c
408620780,-778353433,3338,1:11:20.050000,"(datetime.datetime(2026, 8, 21, 17, 6, 21, 320000),)",2a3c600d
408620955,-778358695,3319,1:11:20.070000,"(datetime.datetime(2026, 8, 21, 17, 6, 21, 336000),)",2a3c603c
408620771,-778353592,3338,1:11:20.150000,"(datetime.datetime(2026, 8, 21, 17, 6, 21, 417000),)",2a3c600d
408620977,-778358853,3318,1:11:20.160000,"(datetime.datetime(2026, 8, 21, 17, 6, 21, 432000),)",2a3c603c
408620758,-778353749,3338,1:11:20.250000,"(datetime.datetime(2026, 8, 21, 17, 6, 21, 517000),)",2a3c600d
408620997,-778359008,3318,1:11:20.270000,"(datetime.datetime(2026, 8, 21, 17, 6, 21, 534000),)",2a3c603c
408620750,-778353908,3338,1:11:20.350000,"(datetime.datetime(2026, 8, 21, 17, 6, 21, 617000),)",2a3c600d
408621024,-778359164,3318,1:11:20.370000,"(datetime.datetime(2026, 8, 21, 17, 6, 21, 634000),)",2a3c603c
408620743,-778354066,3338,1:11:20.450000,"(datetime.datetime(2026, 8, 21, 17, 6, 21, 720000),)",2a3c600d
408621051,-778359319,3318,1:11:20.470000,"(datetime.datetime(2026, 8, 21, 17, 6, 21, 739000),)",2a3c603c
408620737,-778354223,3338,1:11:20.550000,"(datetime.datetime(2026, 8, 21, 17, 6, 21, 817000),)",2a3c600d
408621075,-778359475,3318,1:11:20.560000,"(datetime.datetime(2026, 8, 21, 17, 6, 21, 831000),)",2a3c603c
408620732,-778354382,3338,1:11:20.650000,"(datetime.datetime(2026, 8, 21, 17, 6, 21, 918000),)",2a3c600d
408621103,-778359635,3318,1:11:20.670000,"(datetime.datetime(2026, 8, 21, 17, 6, 21, 939000),)",2a3c603c
408620728,-778354541,3338,1:11:20.750000,"(datetime.datetime(2026, 8, 21, 17, 6, 22, 18000),)",2a3c600d
408621132,-778359785,3319,1:11:20.770000,"(datetime.datetime(2026, 8, 21, 17, 6, 22, 41000),)",2a3c603c
408620728,-778354701,3338,1:11:20.850000,"(datetime.datetime(2026, 8, 21, 17, 6, 22, 117000),)",2a3c600d
408621173,-778360100,3319,1:11:20.870000,"(datetime.datetime(2026, 8, 21, 17, 6, 22, 133000),)",2a3c603c
408620719,-778354858,3337,1:11:20.950000,"(datetime.datetime(2026, 8, 21, 17, 6, 22, 219000),)",2a3c600d
408621211,-778360254,3319,1:11:20.970000,"(datetime.datetime(2026, 8, 21, 17, 6, 22, 235000),)",2a3c603c
408620723,-778355016,3337,1:11:21.050000,"(datetime.datetime(2026, 8, 21, 17, 6, 22, 318000),)",2a3c600d
408621243,-778360408,3319,1:11:21.070000,"(datetime.datetime(2026, 8, 21, 17, 6, 22, 341000),)",2a3c603c
408620723,-778355174,3337,1:11:21.150000,"(datetime.datetime(2026, 8, 21, 17, 6, 22, 419000),)",2a3c600d
408621274,-778360561,3319,1:11:21.170000,"(datetime.datetime(2026, 8, 21, 17, 6, 22, 434000),)",2a3c603c
408620726,-778355334,3336,1:11:21.250000,"(datetime.datetime(2026, 8, 21, 17, 6, 22, 517000),)",2a3c600d
408621312,-778360716,3319,1:11:21.260000,"(datetime.datetime(2026, 8, 21, 17, 6, 22, 529000),)",2a3c603c
408620727,-778355493,3336,1:11:21.350000,"(datetime.datetime(2026, 8, 21, 17, 6, 22, 620000),)",2a3c600d
408621348,-778360866,3318,1:11:21.370000,"(datetime.datetime(2026, 8, 21, 17, 6, 22, 635000),)",2a3c603c
408620730,-778355653,3336,1:11:21.450000,"(datetime.datetime(2026, 8, 21, 17, 6, 22, 719000),)",2a3c600d
408621384,-778361018,3318,1:11:21.470000,"(datetime.datetime(2026, 8, 21, 17, 6, 22, 734000),)",2a3c603c
408620735,-778355811,3336,1:11:21.550000,"(datetime.datetime(2026, 8, 21, 17, 6, 22, 818000),)",2a3c600d
408621419,-778361169,3319,1:11:21.580000,"(datetime.datetime(2026, 8, 21, 17, 6, 22, 843000),)",2a3c603c
408620742,-778355971,3336,1:11:21.650000,"(datetime.datetime(2026, 8, 21, 17, 6, 22, 917000),)",2a3c600d
408621460,-778361322,3319,1:11:21.670000,"(datetime.datetime(2026, 8, 21, 17, 6, 22, 939000),)",2a3c603c
408620747,-778356131,3336,1:11:21.750000,"(datetime.datetime(2026, 8, 21, 17, 6, 23, 18000),)",2a3c600d
408621498,-778361473,3318,1:11:21.770000,"(datetime.datetime(2026, 8, 21, 17, 6, 23, 34000),)",2a3c603c
408620753,-778356291,3337,1:11:21.850000,"(datetime.datetime(2026, 8, 21, 17, 6, 23, 121000),)",2a3c600d
408621538,-778361621,3318,1:11:21.880000,"(datetime.datetime(2026, 8, 21, 17, 6, 23, 143000),)",2a3c603c
408620757,-778356447,3337,1:11:21.950000,"(datetime.datetime(2026, 8, 21, 17, 6, 23, 218000),)",2a3c600d
408621583,-778361762,3318,1:11:21.970000,"(datetime.datetime(2026, 8, 21, 17, 6, 23, 234000),)",2a3c603c
408620770,-778356608,3337,1:11:22.050000,"(datetime.datetime(2026, 8, 21, 17, 6, 23, 319000),)",2a3c600d
408621624,-778361913,3317,1:11:22.070000,"(datetime.datetime(2026, 8, 21, 17, 6, 23, 336000),)",2a3c603c
408620779,-778356768,3337,1:11:22.150000,"(datetime.datetime(2026, 8, 21, 17, 6, 23, 416000),)",2a3c600d
408621669,-778362060,3317,1:11:22.180000,"(datetime.datetime(2026, 8, 21, 17, 6, 23, 443000),)",2a3c603c
408620792,-778356926,3337,1:11:22.250000,"(datetime.datetime(2026, 8, 21, 17, 6, 23, 518000),)",2a3c600d
408621716,-778362209,3317,1:11:22.270000,"(datetime.datetime(2026, 8, 21, 17, 6, 23, 537000),)",2a3c603c
408620803,-778357087,3337,1:11:22.350000,"(datetime.datetime(2026, 8, 21, 17, 6, 23, 616000),)",2a3c600d
408621759,-778362355,3317,1:11:22.370000,"(datetime.datetime(2026, 8, 21, 17, 6, 23, 640000),)",2a3c603c
408620814,-778357243,3337,1:11:22.450000,"(datetime.datetime(2026, 8, 21, 17, 6, 23, 717000),)",2a3c600d
408621805,-778362504,3317,1:11:22.470000,"(datetime.datetime(2026, 8, 21, 17, 6, 23, 733000),)",2a3c603c
408620827,-778357402,3338,1:11:22.550000,"(datetime.datetime(2026, 8, 21, 17, 6, 23, 817000),)",2a3c600d
408621853,-778362652,3318,1:11:22.570000,"(datetime.datetime(2026, 8, 21, 17, 6, 23, 839000),)",2a3c603c
408620843,-778357559,3337,1:11:22.650000,"(datetime.datetime(2026, 8, 21, 17, 6, 23, 919000),)",2a3c600d
408621903,-778362799,3318,1:11:22.680000,"(datetime.datetime(2026, 8, 21, 17, 6, 23, 943000),)",2a3c603c
408620858,-778357717,3337,1:11:22.750000,"(datetime.datetime(2026, 8, 21, 17, 6, 24, 19000),)",2a3c600d
408621951,-778362942,3317,1:11:22.770000,"(datetime.datetime(2026, 8, 21, 17, 6, 24, 39000),)",2a3c603c
408620874,-778357875,3338,1:11:22.850000,"(datetime.datetime(2026, 8, 21, 17, 6, 24, 117000),)",2a3c600d
408622003,-778363085,3317,1:11:22.870000,"(datetime.datetime(2026, 8, 21, 17, 6, 24, 136000),)",2a3c603c
408620888,-778358034,3337,1:11:22.950000,"(datetime.datetime(2026, 8, 21, 17, 6, 24, 218000),)",2a3c600d
408622003,-778363085,3317,1:11:22.980000,"(datetime.datetime(2026, 8, 21, 17, 6, 24, 244000),)",2a3c603c
408620910,-778358190,3337,1:11:23.050000,"(datetime.datetime(2026, 8, 21, 17, 6, 24, 317000),)",2a3c600d
408622060,-778363228,3317,1:11:23.070000,"(datetime.datetime(2026, 8, 21, 17, 6, 24, 335000),)",2a3c603c
408620928,-778358346,3337,1:11:23.150000,"(datetime.datetime(2026, 8, 21, 17, 6, 24, 417000),)",2a3c600d
408622114,-778363372,3316,1:11:23.170000,"(datetime.datetime(2026, 8, 21, 17, 6, 24, 433000),)",2a3c603c
408620951,-778358503,3337,1:11:23.250000,"(datetime.datetime(2026, 8, 21, 17, 6, 24, 518000),)",2a3c600d
408622166,-778363516,3316,1:11:23.280000,"(datetime.datetime(2026, 8, 21, 17, 6, 24, 543000),)",2a3c603c
408620972,-778358658,3337,1:11:23.350000,"(datetime.datetime(2026, 8, 21, 17, 6, 24, 617000),)",2a3c600d
408622220,-778363658,3316,1:11:23.370000,"(datetime.datetime(2026, 8, 21, 17, 6, 24, 640000),)",2a3c603c
408620997,-778358814,3337,1:11:23.450000,"(datetime.datetime(2026, 8, 21, 17, 6, 24, 718000),)",2a3c600d
408622277,-778363799,3316,1:11:23.470000,"(datetime.datetime(2026, 8, 21, 17, 6, 24, 742000),)",2a3c603c
408621022,-778358972,3337,1:11:23.550000,"(datetime.datetime(2026, 8, 21, 17, 6, 24, 817000),)",2a3c600d
408622332,-778363940,3316,1:11:23.570000,"(datetime.datetime(2026, 8, 21, 17, 6, 24, 838000),)",2a3c603c
408621046,-778359127,3336,1:11:23.660000,"(datetime.datetime(2026, 8, 21, 17, 6, 24, 929000),)",2a3c600d
408622389,-778364084,3316,1:11:23.690000,"(datetime.datetime(2026, 8, 21, 17, 6, 24, 956000),)",2a3c603c
408621074,-778359282,3337,1:11:23.750000,"(datetime.datetime(2026, 8, 21, 17, 6, 25, 17000),)",2a3c600d
408622448,-778364223,3316,1:11:23.770000,"(datetime.datetime(2026, 8, 21, 17, 6, 25, 36000),)",2a3c603c
408621101,-778359439,3337,1:11:23.850000,"(datetime.datetime(2026, 8, 21, 17, 6, 25, 117000),)",2a3c600d
408622506,-778364360,3316,1:11:23.870000,"(datetime.datetime(2026, 8, 21, 17, 6, 25, 134000),)",2a3c603c
408621121,-778359590,3336,1:11:23.950000,"(datetime.datetime(2026, 8, 21, 17, 6, 25, 218000),)",2a3c600d
408622561,-778364499,3316,1:11:23.970000,"(datetime.datetime(2026, 8, 21, 17, 6, 25, 237000),)",2a3c603c
408621155,-778359747,3336,1:11:24.050000,"(datetime.datetime(2026, 8, 21, 17, 6, 25, 318000),)",2a3c600d
408622629,-778364636,3316,1:11:24.070000,"(datetime.datetime(2026, 8, 21, 17, 6, 25, 339000),)",2a3c603c
408621186,-778359900,3336,1:11:24.150000,"(datetime.datetime(2026, 8, 21, 17, 6, 25, 421000),)",2a3c600d
408622751,-778364910,3316,1:11:24.170000,"(datetime.datetime(2026, 8, 21, 17, 6, 25, 442000),)",2a3c603c
408621218,-778360055,3336,1:11:24.250000,"(datetime.datetime(2026, 8, 21, 17, 6, 25, 519000),)",2a3c600d
408622815,-778365047,3316,1:11:24.270000,"(datetime.datetime(2026, 8, 21, 17, 6, 25, 537000),)",2a3c603c
408621249,-778360207,3336,1:11:24.350000,"(datetime.datetime(2026, 8, 21, 17, 6, 25, 618000),)",2a3c600d
408622882,-778365182,3316,1:11:24.370000,"(datetime.datetime(2026, 8, 21, 17, 6, 25, 636000),)",2a3c603c
408621283,-778360360,3336,1:11:24.450000,"(datetime.datetime(2026, 8, 21, 17, 6, 25, 716000),)",2a3c600d
408622947,-778365316,3316,1:11:24.470000,"(datetime.datetime(2026, 8, 21, 17, 6, 25, 733000),)",2a3c603c
408621318,-778360512,3336,1:11:24.550000,"(datetime.datetime(2026, 8, 21, 17, 6, 25, 817000),)",2a3c600d
408623013,-778365451,3315,1:11:24.570000,"(datetime.datetime(2026, 8, 21, 17, 6, 25, 834000),)",2a3c603c
408621354,-778360664,3335,1:11:24.650000,"(datetime.datetime(2026, 8, 21, 17, 6, 25, 917000),)",2a3c600d
408623077,-778365581,3315,1:11:24.670000,"(datetime.datetime(2026, 8, 21, 17, 6, 25, 938000),)",2a3c603c
408621387,-778360816,3336,1:11:24.760000,"(datetime.datetime(2026, 8, 21, 17, 6, 26, 25000),)",2a3c600d
408623146,-778365716,3316,1:11:24.780000,"(datetime.datetime(2026, 8, 21, 17, 6, 26, 44000),)",2a3c603c
408621427,-778360968,3336,1:11:24.850000,"(datetime.datetime(2026, 8, 21, 17, 6, 26, 117000),)",2a3c600d
408623213,-778365846,3316,1:11:24.870000,"(datetime.datetime(2026, 8, 21, 17, 6, 26, 134000),)",2a3c603c
408621460,-778361120,3336,1:11:24.950000,"(datetime.datetime(2026, 8, 21, 17, 6, 26, 216000),)",2a3c600d
408623283,-778365974,3316,1:11:24.980000,"(datetime.datetime(2026, 8, 21, 17, 6, 26, 246000),)",2a3c603c
408621503,-778361273,3336,1:11:25.050000,"(datetime.datetime(2026, 8, 21, 17, 6, 26, 319000),)",2a3c600d
408623355,-778366105,3315,1:11:25.070000,"(datetime.datetime(2026, 8, 21, 17, 6, 26, 335000),)",2a3c603c
408621542,-778361421,3336,1:11:25.150000,"(datetime.datetime(2026, 8, 21, 17, 6, 26, 418000),)",2a3c600d
408623424,-778366233,3316,1:11:25.170000,"(datetime.datetime(2026, 8, 21, 17, 6, 26, 439000),)",2a3c603c
408621583,-778361572,3335,1:11:25.250000,"(datetime.datetime(2026, 8, 21, 17, 6, 26, 516000),)",2a3c600d
408623499,-778366361,3316,1:11:25.270000,"(datetime.datetime(2026, 8, 21, 17, 6, 26, 536000),)",2a3c603c
408621624,-778361720,3335,1:11:25.350000,"(datetime.datetime(2026, 8, 21, 17, 6, 26, 617000),)",2a3c600d
408623569,-778366486,3315,1:11:25.370000,"(datetime.datetime(2026, 8, 21, 17, 6, 26, 635000),)",2a3c603c
408621667,-778361868,3335,1:11:25.450000,"(datetime.datetime(2026, 8, 21, 17, 6, 26, 717000),)",2a3c600d
408623642,-778366619,3315,1:11:25.470000,"(datetime.datetime(2026, 8, 21, 17, 6, 26, 734000),)",2a3c603c
408621713,-778362017,3335,1:11:25.550000,"(datetime.datetime(2026, 8, 21, 17, 6, 26, 819000),)",2a3c600d
408623716,-778366741,3316,1:11:25.570000,"(datetime.datetime(2026, 8, 21, 17, 6, 26, 840000),)",2a3c603c
408621758,-778362165,3335,1:11:25.650000,"(datetime.datetime(2026, 8, 21, 17, 6, 26, 920000),)",2a3c600d
408623792,-778366864,3315,1:11:25.670000,"(datetime.datetime(2026, 8, 21, 17, 6, 26, 934000),)",2a3c603c
408621803,-778362312,3335,1:11:25.750000,"(datetime.datetime(2026, 8, 21, 17, 6, 27, 20000),)",2a3c600d
408623867,-778366993,3316,1:11:25.770000,"(datetime.datetime(2026, 8, 21, 17, 6, 27, 40000),)",2a3c603c
408621852,-778362459,3335,1:11:25.850000,"(datetime.datetime(2026, 8, 21, 17, 6, 27, 117000),)",2a3c600d
408623940,-778367124,3316,1:11:25.870000,"(datetime.datetime(2026, 8, 21, 17, 6, 27, 138000),)",2a3c603c
408621893,-778362605,3335,1:11:25.950000,"(datetime.datetime(2026, 8, 21, 17, 6, 27, 217000),)",2a3c600d
408624019,-778367244,3316,1:11:25.970000,"(datetime.datetime(2026, 8, 21, 17, 6, 27, 235000),)",2a3c603c
408621947,-778362749,3335,1:11:26.050000,"(datetime.datetime(2026, 8, 21, 17, 6, 27, 317000),)",2a3c600d
408624096,-778367367,3316,1:11:26.070000,"(datetime.datetime(2026, 8, 21, 17, 6, 27, 335000),)",2a3c603c
408621995,-778362895,3335,1:11:26.150000,"(datetime.datetime(2026, 8, 21, 17, 6, 27, 417000),)",2a3c600d
408624175,-778367486,3316,1:11:26.180000,"(datetime.datetime(2026, 8, 21, 17, 6, 27, 445000),)",2a3c603c
408622049,-778363040,3335,1:11:26.260000,"(datetime.datetime(2026, 8, 21, 17, 6, 27, 524000),)",2a3c600d
408624256,-778367608,3316,1:11:26.270000,"(datetime.datetime(2026, 8, 21, 17, 6, 27, 540000),)",2a3c603c
408622101,-778363182,3335,1:11:26.350000,"(datetime.datetime(2026, 8, 21, 17, 6, 27, 618000),)",2a3c600d
408624335,-778367730,3316,1:11:26.370000,"(datetime.datetime(2026, 8, 21, 17, 6, 27, 635000),)",2a3c603c
408622155,-778363323,3335,1:11:26.450000,"(datetime.datetime(2026, 8, 21, 17, 6, 27, 717000),)",2a3c600d
408624415,-778367850,3316,1:11:26.480000,"(datetime.datetime(2026, 8, 21, 17, 6, 27, 744000),)",2a3c603c
408622210,-778363468,3335,1:11:26.550000,"(datetime.datetime(2026, 8, 21, 17, 6, 27, 817000),)",2a3c600d
408624415,-778367850,3316,1:11:26.570000,"(datetime.datetime(2026, 8, 21, 17, 6, 27, 840000),)",2a3c603c
408622263,-778363608,3335,1:11:26.650000,"(datetime.datetime(2026, 8, 21, 17, 6, 27, 919000),)",2a3c600d
408624498,-778367966,3316,1:11:26.670000,"(datetime.datetime(2026, 8, 21, 17, 6, 27, 937000),)",2a3c603c
408622319,-778363752,3335,1:11:26.750000,"(datetime.datetime(2026, 8, 21, 17, 6, 28, 17000),)",2a3c600d
408624581,-778368084,3316,1:11:26.770000,"(datetime.datetime(2026, 8, 21, 17, 6, 28, 34000),)",2a3c603c
408622378,-778363891,3335,1:11:26.850000,"(datetime.datetime(2026, 8, 21, 17, 6, 28, 117000),)",2a3c600d
408624742,-778368321,3316,1:11:26.870000,"(datetime.datetime(2026, 8, 21, 17, 6, 28, 134000),)",2a3c603c
408622431,-778364036,3335,1:11:26.950000,"(datetime.datetime(2026, 8, 21, 17, 6, 28, 217000),)",2a3c600d
408624742,-778368321,3316,1:11:26.970000,"(datetime.datetime(2026, 8, 21, 17, 6, 28, 235000),)",2a3c603c
408622492,-778364173,3335,1:11:27.050000,"(datetime.datetime(2026, 8, 21, 17, 6, 28, 318000),)",2a3c600d
408624916,-778368552,3316,1:11:27.070000,"(datetime.datetime(2026, 8, 21, 17, 6, 28, 337000),)",2a3c603c
408622552,-778364311,3335,1:11:27.150000,"(datetime.datetime(2026, 8, 21, 17, 6, 28, 421000),)",2a3c600d
408624999,-778368665,3316,1:11:27.170000,"(datetime.datetime(2026, 8, 21, 17, 6, 28, 438000),)",2a3c603c
408622611,-778364448,3335,1:11:27.250000,"(datetime.datetime(2026, 8, 21, 17, 6, 28, 518000),)",2a3c600d
408625086,-778368777,3315,1:11:27.270000,"(datetime.datetime(2026, 8, 21, 17, 6, 28, 536000),)",2a3c603c
408622673,-778364587,3335,1:11:27.350000,"(datetime.datetime(2026, 8, 21, 17, 6, 28, 620000),)",2a3c600d
408625176,-778368886,3316,1:11:27.370000,"(datetime.datetime(2026, 8, 21, 17, 6, 28, 638000),)",2a3c603c
408622733,-778364723,3335,1:11:27.450000,"(datetime.datetime(2026, 8, 21, 17, 6, 28, 717000),)",2a3c600d
408625260,-778368999,3316,1:11:27.470000,"(datetime.datetime(2026, 8, 21, 17, 6, 28, 734000),)",2a3c603c
408622797,-778364860,3335,1:11:27.550000,"(datetime.datetime(2026, 8, 21, 17, 6, 28, 816000),)",2a3c600d
408625352,-778369109,3315,1:11:27.570000,"(datetime.datetime(2026, 8, 21, 17, 6, 28, 834000),)",2a3c603c
408622860,-778364995,3335,1:11:27.650000,"(datetime.datetime(2026, 8, 21, 17, 6, 28, 917000),)",2a3c600d
408625352,-778369109,3315,1:11:27.670000,"(datetime.datetime(2026, 8, 21, 17, 6, 28, 937000),)",2a3c603c
408622923,-778365130,3335,1:11:27.750000,"(datetime.datetime(2026, 8, 21, 17, 6, 29, 17000),)",2a3c600d
408625440,-778369216,3315,1:11:27.760000,"(datetime.datetime(2026, 8, 21, 17, 6, 29, 32000),)",2a3c603c
408622988,-778365266,3335,1:11:27.850000,"(datetime.datetime(2026, 8, 21, 17, 6, 29, 118000),)",2a3c600d
408625532,-778369326,3315,1:11:27.870000,"(datetime.datetime(2026, 8, 21, 17, 6, 29, 135000),)",2a3c603c
408623049,-778365403,3335,1:11:27.950000,"(datetime.datetime(2026, 8, 21, 17, 6, 29, 217000),)",2a3c600d
408625621,-778369431,3315,1:11:27.970000,"(datetime.datetime(2026, 8, 21, 17, 6, 29, 240000),)",2a3c603c
408623117,-778365532,3335,1:11:28.050000,"(datetime.datetime(2026, 8, 21, 17, 6, 29, 318000),)",2a3c600d
408625714,-778369535,3314,1:11:28.070000,"(datetime.datetime(2026, 8, 21, 17, 6, 29, 332000),)",2a3c603c
408623183,-778365667,3335,1:11:28.150000,"(datetime.datetime(2026, 8, 21, 17, 6, 29, 418000),)",2a3c600d
408625805,-778369639,3314,1:11:28.170000,"(datetime.datetime(2026, 8, 21, 17, 6, 29, 436000),)",2a3c603c
408623252,-778365800,3335,1:11:28.250000,"(datetime.datetime(2026, 8, 21, 17, 6, 29, 517000),)",2a3c600d
408625897,-778369746,3315,1:11:28.270000,"(datetime.datetime(2026, 8, 21, 17, 6, 29, 540000),)",2a3c603c
408623320,-778365931,3334,1:11:28.350000,"(datetime.datetime(2026, 8, 21, 17, 6, 29, 618000),)",2a3c600d
408625990,-778369845,3315,1:11:28.370000,"(datetime.datetime(2026, 8, 21, 17, 6, 29, 634000),)",2a3c603c
408623390,-778366063,3335,1:11:28.450000,"(datetime.datetime(2026, 8, 21, 17, 6, 29, 717000),)",2a3c600d
408626085,-778369950,3315,1:11:28.470000,"(datetime.datetime(2026, 8, 21, 17, 6, 29, 733000),)",2a3c603c
408626177,-778370052,3315,1:11:28.560000,"(datetime.datetime(2026, 8, 21, 17, 6, 29, 825000),)",2a3c603c
408623460,-778366191,3335,1:11:28.580000,"(datetime.datetime(2026, 8, 21, 17, 6, 29, 845000),)",2a3c600d
408623531,-778366323,3334,1:11:28.610000,"(datetime.datetime(2026, 8, 21, 17, 6, 29, 877000),)",2a3c600d
408626274,-778370155,3315,1:11:28.660000,"(datetime.datetime(2026, 8, 21, 17, 6, 29, 923000),)",2a3c603c
408623601,-778366450,3335,1:11:28.750000,"(datetime.datetime(2026, 8, 21, 17, 6, 30, 17000),)",2a3c600d
408626368,-778370249,3314,1:11:28.770000,"(datetime.datetime(2026, 8, 21, 17, 6, 30, 41000),)",2a3c603c
408623674,-778366577,3334,1:11:28.790000,"(datetime.datetime(2026, 8, 21, 17, 6, 30, 62000),)",2a3c600d
408623743,-778366706,3335,1:11:28.850000,"(datetime.datetime(2026, 8, 21, 17, 6, 30, 121000),)",2a3c600d
408626463,-778370346,3314,1:11:28.870000,"(datetime.datetime(2026, 8, 21, 17, 6, 30, 138000),)",2a3c603c
408626561,-778370450,3315,1:11:28.960000,"(datetime.datetime(2026, 8, 21, 17, 6, 30, 224000),)",2a3c603c
408623821,-778366834,3335,1:11:28.990000,"(datetime.datetime(2026, 8, 21, 17, 6, 30, 253000),)",2a3c600d
408623895,-778366957,3335,1:11:29.070000,"(datetime.datetime(2026, 8, 21, 17, 6, 30, 332000),)",2a3c600d
408626657,-778370540,3315,1:11:29.080000,"(datetime.datetime(2026, 8, 21, 17, 6, 30, 349000),)",2a3c603c
408623895,-778366957,3335,1:11:29.150000,"(datetime.datetime(2026, 8, 21, 17, 6, 30, 421000),)",2a3c600d
408626754,-778370639,3315,1:11:29.170000,"(datetime.datetime(2026, 8, 21, 17, 6, 30, 439000),)",2a3c603c
408624047,-778367204,3335,1:11:29.250000,"(datetime.datetime(2026, 8, 21, 17, 6, 30, 517000),)",2a3c600d
408626854,-778370732,3315,1:11:29.260000,"(datetime.datetime(2026, 8, 21, 17, 6, 30, 532000),)",2a3c603c
408624123,-778367325,3335,1:11:29.350000,"(datetime.datetime(2026, 8, 21, 17, 6, 30, 618000),)",2a3c600d
408626951,-778370823,3315,1:11:29.370000,"(datetime.datetime(2026, 8, 21, 17, 6, 30, 634000),)",2a3c603c
408624202,-778367448,3336,1:11:29.450000,"(datetime.datetime(2026, 8, 21, 17, 6, 30, 718000),)",2a3c600d
408627049,-778370919,3315,1:11:29.470000,"(datetime.datetime(2026, 8, 21, 17, 6, 30, 742000),)",2a3c603c
408624202,-778367448,3336,1:11:29.550000,"(datetime.datetime(2026, 8, 21, 17, 6, 30, 818000),)",2a3c600d
408627148,-778371010,3315,1:11:29.570000,"(datetime.datetime(2026, 8, 21, 17, 6, 30, 835000),)",2a3c603c
408624279,-778367569,3335,1:11:29.650000,"(datetime.datetime(2026, 8, 21, 17, 6, 30, 918000),)",2a3c600d
408627247,-778371099,3316,1:11:29.670000,"(datetime.datetime(2026, 8, 21, 17, 6, 30, 934000),)",2a3c603c
408624360,-778367690,3335,1:11:29.750000,"(datetime.datetime(2026, 8, 21, 17, 6, 31, 18000),)",2a3c600d
408627349,-778371186,3316,1:11:29.770000,"(datetime.datetime(2026, 8, 21, 17, 6, 31, 40000),)",2a3c603c
408624440,-778367807,3335,1:11:29.850000,"(datetime.datetime(2026, 8, 21, 17, 6, 31, 118000),)",2a3c600d
408627449,-778371273,3316,1:11:29.880000,"(datetime.datetime(2026, 8, 21, 17, 6, 31, 143000),)",2a3c603c
408624512,-778367929,3335,1:11:29.950000,"(datetime.datetime(2026, 8, 21, 17, 6, 31, 222000),)",2a3c600d
408627545,-778371370,3317,1:11:29.970000,"(datetime.datetime(2026, 8, 21, 17, 6, 31, 239000),)",2a3c603c
408624596,-778368042,3334,1:11:30.050000,"(datetime.datetime(2026, 8, 21, 17, 6, 31, 322000),)",2a3c600d
408627649,-778371448,3316,1:11:30.070000,"(datetime.datetime(2026, 8, 21, 17, 6, 31, 339000),)",2a3c603c
408624681,-778368156,3335,1:11:30.150000,"(datetime.datetime(2026, 8, 21, 17, 6, 31, 417000),)",2a3c600d
408627748,-778371537,3316,1:11:30.170000,"(datetime.datetime(2026, 8, 21, 17, 6, 31, 435000),)",2a3c603c
408624764,-778368271,3334,1:11:30.250000,"(datetime.datetime(2026, 8, 21, 17, 6, 31, 517000),)",2a3c600d
408627851,-778371619,3316,1:11:30.270000,"(datetime.datetime(2026, 8, 21, 17, 6, 31, 540000),)",2a3c603c
408624850,-778368386,3334,1:11:30.350000,"(datetime.datetime(2026, 8, 21, 17, 6, 31, 619000),)",2a3c600d
408627956,-778371700,3316,1:11:30.370000,"(datetime.datetime(2026, 8, 21, 17, 6, 31, 637000),)",2a3c603c
408624936,-778368497,3334,1:11:30.450000,"(datetime.datetime(2026, 8, 21, 17, 6, 31, 719000),)",2a3c600d
408628058,-778371782,3317,1:11:30.470000,"(datetime.datetime(2026, 8, 21, 17, 6, 31, 737000),)",2a3c603c
408628163,-778371861,3316,1:11:30.560000,"(datetime.datetime(2026, 8, 21, 17, 6, 31, 826000),)",2a3c603c
408625022,-778368609,3334,1:11:30.580000,"(datetime.datetime(2026, 8, 21, 17, 6, 31, 843000),)",2a3c600d
408625109,-778368717,3334,1:11:30.650000,"(datetime.datetime(2026, 8, 21, 17, 6, 31, 917000),)",2a3c600d
408628269,-778371937,3317,1:11:30.670000,"(datetime.datetime(2026, 8, 21, 17, 6, 31, 937000),)",2a3c603c
408625196,-778368831,3334,1:11:30.750000,"(datetime.datetime(2026, 8, 21, 17, 6, 32, 17000),)",2a3c600d
408628374,-778372016,3317,1:11:30.770000,"(datetime.datetime(2026, 8, 21, 17, 6, 32, 34000),)",2a3c603c
408625368,-778369053,3334,1:11:30.850000,"(datetime.datetime(2026, 8, 21, 17, 6, 32, 117000),)",2a3c600d
408628478,-778372093,3317,1:11:30.870000,"(datetime.datetime(2026, 8, 21, 17, 6, 32, 136000),)",2a3c603c
408625368,-778369053,3334,1:11:30.950000,"(datetime.datetime(2026, 8, 21, 17, 6, 32, 220000),)",2a3c600d
408628580,-778372171,3318,1:11:30.970000,"(datetime.datetime(2026, 8, 21, 17, 6, 32, 241000),)",2a3c603c
408625461,-778369156,3334,1:11:31.050000,"(datetime.datetime(2026, 8, 21, 17, 6, 32, 317000),)",2a3c600d
408628689,-778372239,3318,1:11:31.070000,"(datetime.datetime(2026, 8, 21, 17, 6, 32, 335000),)",2a3c603c
408625550,-778369262,3334,1:11:31.150000,"(datetime.datetime(2026, 8, 21, 17, 6, 32, 419000),)",2a3c600d
408628795,-778372315,3318,1:11:31.170000,"(datetime.datetime(2026, 8, 21, 17, 6, 32, 438000),)",2a3c603c
408625643,-778369368,3334,1:11:31.250000,"(datetime.datetime(2026, 8, 21, 17, 6, 32, 518000),)",2a3c600d
408628902,-778372383,3318,1:11:31.270000,"(datetime.datetime(2026, 8, 21, 17, 6, 32, 536000),)",2a3c603c
408625734,-778369472,3334,1:11:31.350000,"(datetime.datetime(2026, 8, 21, 17, 6, 32, 619000),)",2a3c600d
408629009,-778372454,3319,1:11:31.370000,"(datetime.datetime(2026, 8, 21, 17, 6, 32, 638000),)",2a3c603c
408625827,-778369578,3334,1:11:31.450000,"(datetime.datetime(2026, 8, 21, 17, 6, 32, 717000),)",2a3c600d
408629118,-778372523,3319,1:11:31.470000,"(datetime.datetime(2026, 8, 21, 17, 6, 32, 736000),)",2a3c603c
408629227,-778372591,3319,1:11:31.520000,"(datetime.datetime(2026, 8, 21, 17, 6, 32, 792000),)",2a3c603c
408625918,-778369678,3334,1:11:31.570000,"(datetime.datetime(2026, 8, 21, 17, 6, 32, 833000),)",2a3c600d
408629335,-778372654,3319,1:11:31.630000,"(datetime.datetime(2026, 8, 21, 17, 6, 32, 893000),)",2a3c603c
408626012,-778369782,3334,1:11:31.650000,"(datetime.datetime(2026, 8, 21, 17, 6, 32, 916000),)",2a3c600d
408629445,-778372721,3320,1:11:31.730000,"(datetime.datetime(2026, 8, 21, 17, 6, 32, 993000),)",2a3c603c
408626105,-778369880,3334,1:11:31.750000,"(datetime.datetime(2026, 8, 21, 17, 6, 33, 20000),)",2a3c600d
408629555,-778372786,3320,1:11:31.830000,"(datetime.datetime(2026, 8, 21, 17, 6, 33, 93000),)",2a3c603c
408626200,-778369982,3334,1:11:31.850000,"(datetime.datetime(2026, 8, 21, 17, 6, 33, 117000),)",2a3c600d
408629662,-778372852,3320,1:11:31.930000,"(datetime.datetime(2026, 8, 21, 17, 6, 33, 197000),)",2a3c603c
408626291,-778370089,3335,1:11:31.950000,"(datetime.datetime(2026, 8, 21, 17, 6, 33, 219000),)",2a3c600d
408629773,-778372910,3320,1:11:32.030000,"(datetime.datetime(2026, 8, 21, 17, 6, 33, 294000),)",2a3c603c
408626390,-778370182,3334,1:11:32.050000,"(datetime.datetime(2026, 8, 21, 17, 6, 33, 316000),)",2a3c600d
408629885,-778372969,3320,1:11:32.130000,"(datetime.datetime(2026, 8, 21, 17, 6, 33, 393000),)",2a3c603c
408626486,-778370279,3334,1:11:32.150000,"(datetime.datetime(2026, 8, 21, 17, 6, 33, 416000),)",2a3c600d
408629995,-778373030,3320,1:11:32.230000,"(datetime.datetime(2026, 8, 21, 17, 6, 33, 493000),)",2a3c603c
408626582,-778370376,3334,1:11:32.250000,"(datetime.datetime(2026, 8, 21, 17, 6, 33, 516000),)",2a3c600d
408630107,-778373087,3320,1:11:32.350000,"(datetime.datetime(2026, 8, 21, 17, 6, 33, 616000),)",2a3c603c
408626679,-778370468,3334,1:11:32.370000,"(datetime.datetime(2026, 8, 21, 17, 6, 33, 633000),)",2a3c600d
408630219,-778373144,3321,1:11:32.430000,"(datetime.datetime(2026, 8, 21, 17, 6, 33, 693000),)",2a3c603c
408626775,-778370563,3334,1:11:32.450000,"(datetime.datetime(2026, 8, 21, 17, 6, 33, 718000),)",2a3c600d
408630331,-778373200,3321,1:11:32.530000,"(datetime.datetime(2026, 8, 21, 17, 6, 33, 793000),)",2a3c603c
408626873,-778370656,3334,1:11:32.550000,"(datetime.datetime(2026, 8, 21, 17, 6, 33, 816000),)",2a3c600d
408630440,-778373255,3321,1:11:32.630000,"(datetime.datetime(2026, 8, 21, 17, 6, 33, 895000),)",2a3c603c
408626972,-778370748,3334,1:11:32.650000,"(datetime.datetime(2026, 8, 21, 17, 6, 33, 913000),)",2a3c600d
408630556,-778373306,3321,1:11:32.730000,"(datetime.datetime(2026, 8, 21, 17, 6, 33, 993000),)",2a3c603c
408627071,-778370838,3334,1:11:32.750000,"(datetime.datetime(2026, 8, 21, 17, 6, 34, 21000),)",2a3c600d
408630669,-778373358,3321,1:11:32.830000,"(datetime.datetime(2026, 8, 21, 17, 6, 34, 94000),)",2a3c603c
408627169,-778370926,3334,1:11:32.840000,"(datetime.datetime(2026, 8, 21, 17, 6, 34, 109000),)",2a3c600d
408630780,-778373419,3321,1:11:32.930000,"(datetime.datetime(2026, 8, 21, 17, 6, 34, 196000),)",2a3c603c
408627263,-778371023,3334,1:11:32.950000,"(datetime.datetime(2026, 8, 21, 17, 6, 34, 216000),)",2a3c600d
408630896,-778373464,3322,1:11:33.020000,"(datetime.datetime(2026, 8, 21, 17, 6, 34, 292000),)",2a3c603c
408627366,-778371107,3335,1:11:33.040000,"(datetime.datetime(2026, 8, 21, 17, 6, 34, 310000),)",2a3c600d
408631009,-778373511,3322,1:11:33.130000,"(datetime.datetime(2026, 8, 21, 17, 6, 34, 397000),)",2a3c603c
408627468,-778371197,3335,1:11:33.150000,"(datetime.datetime(2026, 8, 21, 17, 6, 34, 417000),)",2a3c600d
408631123,-778373557,3322,1:11:33.230000,"(datetime.datetime(2026, 8, 21, 17, 6, 34, 496000),)",2a3c603c
408627570,-778371280,3335,1:11:33.250000,"(datetime.datetime(2026, 8, 21, 17, 6, 34, 520000),)",2a3c600d
408631239,-778373599,3322,1:11:33.330000,"(datetime.datetime(2026, 8, 21, 17, 6, 34, 593000),)",2a3c603c
408627671,-778371364,3335,1:11:33.340000,"(datetime.datetime(2026, 8, 21, 17, 6, 34, 612000),)",2a3c600d
408631353,-778373644,3322,1:11:33.430000,"(datetime.datetime(2026, 8, 21, 17, 6, 34, 694000),)",2a3c603c
408627774,-778371446,3335,1:11:33.490000,"(datetime.datetime(2026, 8, 21, 17, 6, 34, 754000),)",2a3c600d
408631473,-778373685,3322,1:11:33.530000,"(datetime.datetime(2026, 8, 21, 17, 6, 34, 793000),)",2a3c603c
408627877,-778371531,3335,1:11:33.560000,"(datetime.datetime(2026, 8, 21, 17, 6, 34, 825000),)",2a3c600d
408631585,-778373726,3322,1:11:33.630000,"(datetime.datetime(2026, 8, 21, 17, 6, 34, 893000),)",2a3c603c
408627979,-778371611,3335,1:11:33.640000,"(datetime.datetime(2026, 8, 21, 17, 6, 34, 908000),)",2a3c600d
408631704,-778373766,3323,1:11:33.730000,"(datetime.datetime(2026, 8, 21, 17, 6, 34, 997000),)",2a3c603c
408628085,-778371692,3335,1:11:33.750000,"(datetime.datetime(2026, 8, 21, 17, 6, 35, 21000),)",2a3c600d
408631816,-778373802,3322,1:11:33.830000,"(datetime.datetime(2026, 8, 21, 17, 6, 35, 92000),)",2a3c603c
408628189,-778371768,3335,1:11:33.850000,"(datetime.datetime(2026, 8, 21, 17, 6, 35, 113000),)",2a3c600d
408631938,-778373842,3323,1:11:33.930000,"(datetime.datetime(2026, 8, 21, 17, 6, 35, 195000),)",2a3c603c
408628285,-778371849,3336,1:11:33.950000,"(datetime.datetime(2026, 8, 21, 17, 6, 35, 215000),)",2a3c600d
408632055,-778373872,3322,1:11:34.030000,"(datetime.datetime(2026, 8, 21, 17, 6, 35, 294000),)",2a3c603c
408628391,-778371920,3336,1:11:34.050000,"(datetime.datetime(2026, 8, 21, 17, 6, 35, 317000),)",2a3c600d
408632175,-778373905,3322,1:11:34.130000,"(datetime.datetime(2026, 8, 21, 17, 6, 35, 393000),)",2a3c603c
408628497,-778371996,3336,1:11:34.140000,"(datetime.datetime(2026, 8, 21, 17, 6, 35, 410000),)",2a3c600d
408632289,-778373938,3322,1:11:34.230000,"(datetime.datetime(2026, 8, 21, 17, 6, 35, 493000),)",2a3c603c
408628604,-778372071,3336,1:11:34.240000,"(datetime.datetime(2026, 8, 21, 17, 6, 35, 510000),)",2a3c600d
408632408,-778373967,3322,1:11:34.330000,"(datetime.datetime(2026, 8, 21, 17, 6, 35, 593000),)",2a3c603c
408628710,-778372142,3336,1:11:34.350000,"(datetime.datetime(2026, 8, 21, 17, 6, 35, 622000),)",2a3c600d
408632524,-778373998,3323,1:11:34.430000,"(datetime.datetime(2026, 8, 21, 17, 6, 35, 697000),)",2a3c603c
408628818,-778372210,3336,1:11:34.500000,"(datetime.datetime(2026, 8, 21, 17, 6, 35, 764000),)",2a3c600d
408632644,-778374024,3323,1:11:34.530000,"(datetime.datetime(2026, 8, 21, 17, 6, 35, 793000),)",2a3c603c
408628927,-778372280,3336,1:11:34.540000,"(datetime.datetime(2026, 8, 21, 17, 6, 35, 811000),)",2a3c600d
408632764,-778374054,3323,1:11:34.630000,"(datetime.datetime(2026, 8, 21, 17, 6, 35, 893000),)",2a3c603c
408629035,-778372347,3336,1:11:34.650000,"(datetime.datetime(2026, 8, 21, 17, 6, 35, 918000),)",2a3c600d
408632880,-778374080,3323,1:11:34.730000,"(datetime.datetime(2026, 8, 21, 17, 6, 35, 992000),)",2a3c603c
408629144,-778372414,3336,1:11:34.740000,"(datetime.datetime(2026, 8, 21, 17, 6, 36, 9000),)",2a3c600d
408633000,-778374102,3323,1:11:34.830000,"(datetime.datetime(2026, 8, 21, 17, 6, 36, 93000),)",2a3c603c
408629252,-778372480,3337,1:11:34.840000,"(datetime.datetime(2026, 8, 21, 17, 6, 36, 110000),)",2a3c600d
408633118,-778374132,3323,1:11:34.930000,"(datetime.datetime(2026, 8, 21, 17, 6, 36, 193000),)",2a3c603c
408629359,-778372549,3337,1:11:34.940000,"(datetime.datetime(2026, 8, 21, 17, 6, 36, 210000),)",2a3c600d
408633238,-778374146,3323,1:11:35.030000,"(datetime.datetime(2026, 8, 21, 17, 6, 36, 293000),)",2a3c603c
408629471,-778372608,3337,1:11:35.050000,"(datetime.datetime(2026, 8, 21, 17, 6, 36, 313000),)",2a3c600d
408633358,-778374168,3323,1:11:35.130000,"(datetime.datetime(2026, 8, 21, 17, 6, 36, 393000),)",2a3c603c
408629582,-778372672,3337,1:11:35.150000,"(datetime.datetime(2026, 8, 21, 17, 6, 36, 415000),)",2a3c600d
408633476,-778374188,3323,1:11:35.230000,"(datetime.datetime(2026, 8, 21, 17, 6, 36, 493000),)",2a3c603c
408629692,-778372730,3337,1:11:35.260000,"(datetime.datetime(2026, 8, 21, 17, 6, 36, 523000),)",2a3c600d
408633595,-778374206,3323,1:11:35.330000,"(datetime.datetime(2026, 8, 21, 17, 6, 36, 594000),)",2a3c603c
408629804,-778372790,3338,1:11:35.350000,"(datetime.datetime(2026, 8, 21, 17, 6, 36, 613000),)",2a3c600d
408633714,-778374226,3324,1:11:35.430000,"(datetime.datetime(2026, 8, 21, 17, 6, 36, 693000),)",2a3c603c
408629915,-778372845,3338,1:11:35.500000,"(datetime.datetime(2026, 8, 21, 17, 6, 36, 764000),)",2a3c600d
408633836,-778374241,3324,1:11:35.530000,"(datetime.datetime(2026, 8, 21, 17, 6, 36, 793000),)",2a3c603c
408630028,-778372906,3338,1:11:35.550000,"(datetime.datetime(2026, 8, 21, 17, 6, 36, 818000),)",2a3c600d
408633953,-778374261,3323,1:11:35.630000,"(datetime.datetime(2026, 8, 21, 17, 6, 36, 893000),)",2a3c603c
408630142,-778372959,3338,1:11:35.640000,"(datetime.datetime(2026, 8, 21, 17, 6, 36, 910000),)",2a3c600d
408634072,-778374272,3324,1:11:35.730000,"(datetime.datetime(2026, 8, 21, 17, 6, 36, 994000),)",2a3c603c
408630254,-778373014,3338,1:11:35.740000,"(datetime.datetime(2026, 8, 21, 17, 6, 37, 11000),)",2a3c600d
408634193,-778374285,3324,1:11:35.830000,"(datetime.datetime(2026, 8, 21, 17, 6, 37, 93000),)",2a3c603c
408630366,-778373066,3338,1:11:35.850000,"(datetime.datetime(2026, 8, 21, 17, 6, 37, 119000),)",2a3c600d
408634318,-778374305,3323,1:11:35.930000,"(datetime.datetime(2026, 8, 21, 17, 6, 37, 197000),)",2a3c603c
408630474,-778373124,3338,1:11:35.950000,"(datetime.datetime(2026, 8, 21, 17, 6, 37, 215000),)",2a3c600d
408634438,-778374313,3323,1:11:36.030000,"(datetime.datetime(2026, 8, 21, 17, 6, 37, 293000),)",2a3c603c
408630588,-778373171,3338,1:11:36.040000,"(datetime.datetime(2026, 8, 21, 17, 6, 37, 311000),)",2a3c600d
408634560,-778374323,3323,1:11:36.130000,"(datetime.datetime(2026, 8, 21, 17, 6, 37, 393000),)",2a3c603c
408630703,-778373218,3338,1:11:36.140000,"(datetime.datetime(2026, 8, 21, 17, 6, 37, 409000),)",2a3c600d
408634678,-778374335,3323,1:11:36.230000,"(datetime.datetime(2026, 8, 21, 17, 6, 37, 494000),)",2a3c603c
408630818,-778373268,3338,1:11:36.260000,"(datetime.datetime(2026, 8, 21, 17, 6, 37, 528000),)",2a3c600d
408634798,-778374340,3323,1:11:36.330000,"(datetime.datetime(2026, 8, 21, 17, 6, 37, 593000),)",2a3c603c
408630933,-778373315,3338,1:11:36.350000,"(datetime.datetime(2026, 8, 21, 17, 6, 37, 616000),)",2a3c600d
408634919,-778374348,3323,1:11:36.430000,"(datetime.datetime(2026, 8, 21, 17, 6, 37, 692000),)",2a3c603c
408631049,-778373362,3339,1:11:36.440000,"(datetime.datetime(2026, 8, 21, 17, 6, 37, 710000),)",2a3c600d
408635041,-778374353,3323,1:11:36.530000,"(datetime.datetime(2026, 8, 21, 17, 6, 37, 793000),)",2a3c603c
408631164,-778373403,3339,1:11:36.550000,"(datetime.datetime(2026, 8, 21, 17, 6, 37, 819000),)",2a3c600d
408635160,-778374357,3323,1:11:36.630000,"(datetime.datetime(2026, 8, 21, 17, 6, 37, 893000),)",2a3c603c
408631281,-778373448,3339,1:11:36.650000,"(datetime.datetime(2026, 8, 21, 17, 6, 37, 915000),)",2a3c600d
408635279,-778374359,3324,1:11:36.730000,"(datetime.datetime(2026, 8, 21, 17, 6, 37, 993000),)",2a3c603c
408631398,-778373488,3339,1:11:36.750000,"(datetime.datetime(2026, 8, 21, 17, 6, 38, 19000),)",2a3c600d
408635397,-778374367,3324,1:11:36.830000,"(datetime.datetime(2026, 8, 21, 17, 6, 38, 94000),)",2a3c603c
408631517,-778373530,3339,1:11:36.850000,"(datetime.datetime(2026, 8, 21, 17, 6, 38, 113000),)",2a3c600d
408635523,-778374369,3322,1:11:36.930000,"(datetime.datetime(2026, 8, 21, 17, 6, 38, 193000),)",2a3c603c
408631628,-778373574,3340,1:11:36.940000,"(datetime.datetime(2026, 8, 21, 17, 6, 38, 210000),)",2a3c600d
408635642,-778374365,3322,1:11:37.030000,"(datetime.datetime(2026, 8, 21, 17, 6, 38, 293000),)",2a3c603c
408631747,-778373608,3339,1:11:37.050000,"(datetime.datetime(2026, 8, 21, 17, 6, 38, 319000),)",2a3c600d
408635764,-778374364,3322,1:11:37.130000,"(datetime.datetime(2026, 8, 21, 17, 6, 38, 393000),)",2a3c603c
408631863,-778373641,3340,1:11:37.140000,"(datetime.datetime(2026, 8, 21, 17, 6, 38, 408000),)",2a3c600d
408635885,-778374364,3322,1:11:37.230000,"(datetime.datetime(2026, 8, 21, 17, 6, 38, 494000),)",2a3c603c
408631983,-778373678,3340,1:11:37.240000,"(datetime.datetime(2026, 8, 21, 17, 6, 38, 512000),)",2a3c600d
408636002,-778374358,3323,1:11:37.330000,"(datetime.datetime(2026, 8, 21, 17, 6, 38, 599000),)",2a3c603c
408632101,-778373713,3340,1:11:37.350000,"(datetime.datetime(2026, 8, 21, 17, 6, 38, 614000),)",2a3c600d
408636121,-778374355,3323,1:11:37.430000,"(datetime.datetime(2026, 8, 21, 17, 6, 38, 701000),)",2a3c603c
408632219,-778373746,3340,1:11:37.510000,"(datetime.datetime(2026, 8, 21, 17, 6, 38, 774000),)",2a3c600d
408632336,-778373776,3340,1:11:37.540000,"(datetime.datetime(2026, 8, 21, 17, 6, 38, 808000),)",2a3c600d
408636241,-778374350,3323,1:11:37.560000,"(datetime.datetime(2026, 8, 21, 17, 6, 38, 830000),)",2a3c603c
408636363,-778374348,3323,1:11:37.630000,"(datetime.datetime(2026, 8, 21, 17, 6, 38, 893000),)",2a3c603c
408632455,-778373806,3340,1:11:37.640000,"(datetime.datetime(2026, 8, 21, 17, 6, 38, 912000),)",2a3c600d
408636483,-778374335,3323,1:11:37.730000,"(datetime.datetime(2026, 8, 21, 17, 6, 38, 994000),)",2a3c603c
408632575,-778373838,3340,1:11:37.740000,"(datetime.datetime(2026, 8, 21, 17, 6, 39, 11000),)",2a3c600d
408636603,-778374326,3323,1:11:37.830000,"(datetime.datetime(2026, 8, 21, 17, 6, 39, 102000),)",2a3c603c
408632694,-778373865,3341,1:11:37.850000,"(datetime.datetime(2026, 8, 21, 17, 6, 39, 121000),)",2a3c600d
408636717,-778374321,3324,1:11:37.930000,"(datetime.datetime(2026, 8, 21, 17, 6, 39, 195000),)",2a3c603c
408632806,-778373901,3340,1:11:37.950000,"(datetime.datetime(2026, 8, 21, 17, 6, 39, 215000),)",2a3c600d
408636836,-778374305,3324,1:11:38.030000,"(datetime.datetime(2026, 8, 21, 17, 6, 39, 299000),)",2a3c603c
408632925,-778373924,3341,1:11:38.050000,"(datetime.datetime(2026, 8, 21, 17, 6, 39, 315000),)",2a3c600d
408636957,-778374292,3323,1:11:38.130000,"(datetime.datetime(2026, 8, 21, 17, 6, 39, 393000),)",2a3c603c
408633046,-778373949,3340,1:11:38.150000,"(datetime.datetime(2026, 8, 21, 17, 6, 39, 412000),)",2a3c600d
408637074,-778374280,3324,1:11:38.230000,"(datetime.datetime(2026, 8, 21, 17, 6, 39, 493000),)",2a3c603c
408633165,-778373973,3341,1:11:38.250000,"(datetime.datetime(2026, 8, 21, 17, 6, 39, 520000),)",2a3c600d
408637196,-778374265,3324,1:11:38.330000,"(datetime.datetime(2026, 8, 21, 17, 6, 39, 594000),)",2a3c603c
408633286,-778374000,3340,1:11:38.350000,"(datetime.datetime(2026, 8, 21, 17, 6, 39, 614000),)",2a3c600d
408637313,-778374249,3324,1:11:38.430000,"(datetime.datetime(2026, 8, 21, 17, 6, 39, 693000),)",2a3c603c
408633404,-778374019,3341,1:11:38.450000,"(datetime.datetime(2026, 8, 21, 17, 6, 39, 713000),)",2a3c600d
408637435,-778374231,3324,1:11:38.530000,"(datetime.datetime(2026, 8, 21, 17, 6, 39, 794000),)",2a3c603c
408633524,-778374041,3341,1:11:38.550000,"(datetime.datetime(2026, 8, 21, 17, 6, 39, 821000),)",2a3c600d
408637550,-778374211,3324,1:11:38.630000,"(datetime.datetime(2026, 8, 21, 17, 6, 39, 894000),)",2a3c603c
408633643,-778374062,3341,1:11:38.640000,"(datetime.datetime(2026, 8, 21, 17, 6, 39, 910000),)",2a3c600d
408637671,-778374191,3324,1:11:38.740000,"(datetime.datetime(2026, 8, 21, 17, 6, 40, 8000),)",2a3c603c
408633765,-778374081,3341,1:11:38.760000,"(datetime.datetime(2026, 8, 21, 17, 6, 40, 27000),)",2a3c600d
408637790,-778374169,3324,1:11:38.830000,"(datetime.datetime(2026, 8, 21, 17, 6, 40, 95000),)",2a3c603c
408633885,-778374099,3341,1:11:38.860000,"(datetime.datetime(2026, 8, 21, 17, 6, 40, 126000),)",2a3c600d
408637908,-778374157,3324,1:11:38.930000,"(datetime.datetime(2026, 8, 21, 17, 6, 40, 193000),)",2a3c603c
408633999,-778374121,3341,1:11:38.950000,"(datetime.datetime(2026, 8, 21, 17, 6, 40, 215000),)",2a3c600d
408638028,-778374129,3324,1:11:39.030000,"(datetime.datetime(2026, 8, 21, 17, 6, 40, 294000),)",2a3c603c
408634120,-778374131,3342,1:11:39.060000,"(datetime.datetime(2026, 8, 21, 17, 6, 40, 323000),)",2a3c600d
408638149,-778374102,3324,1:11:39.130000,"(datetime.datetime(2026, 8, 21, 17, 6, 40, 393000),)",2a3c603c
408634239,-778374148,3342,1:11:39.140000,"(datetime.datetime(2026, 8, 21, 17, 6, 40, 411000),)",2a3c600d
408638267,-778374080,3324,1:11:39.230000,"(datetime.datetime(2026, 8, 21, 17, 6, 40, 493000),)",2a3c603c
408634361,-778374159,3342,1:11:39.250000,"(datetime.datetime(2026, 8, 21, 17, 6, 40, 516000),)",2a3c600d
408638384,-778374054,3324,1:11:39.330000,"(datetime.datetime(2026, 8, 21, 17, 6, 40, 595000),)",2a3c603c
408634481,-778374171,3342,1:11:39.340000,"(datetime.datetime(2026, 8, 21, 17, 6, 40, 611000),)",2a3c600d
408638503,-778374027,3324,1:11:39.430000,"(datetime.datetime(2026, 8, 21, 17, 6, 40, 692000),)",2a3c603c
408634603,-778374183,3342,1:11:39.440000,"(datetime.datetime(2026, 8, 21, 17, 6, 40, 708000),)",2a3c600d
408638620,-778374000,3324,1:11:39.530000,"(datetime.datetime(2026, 8, 21, 17, 6, 40, 794000),)",2a3c603c
408634723,-778374192,3342,1:11:39.550000,"(datetime.datetime(2026, 8, 21, 17, 6, 40, 822000),)",2a3c600d
408638739,-778373972,3325,1:11:39.630000,"(datetime.datetime(2026, 8, 21, 17, 6, 40, 894000),)",2a3c603c
408634843,-778374199,3342,1:11:39.640000,"(datetime.datetime(2026, 8, 21, 17, 6, 40, 908000),)",2a3c600d
408638858,-778373946,3325,1:11:39.730000,"(datetime.datetime(2026, 8, 21, 17, 6, 40, 994000),)",2a3c603c
408634963,-778374208,3342,1:11:39.740000,"(datetime.datetime(2026, 8, 21, 17, 6, 41, 11000),)",2a3c600d
408638975,-778373911,3325,1:11:39.830000,"(datetime.datetime(2026, 8, 21, 17, 6, 41, 94000),)",2a3c603c
408635085,-778374213,3343,1:11:39.860000,"(datetime.datetime(2026, 8, 21, 17, 6, 41, 124000),)",2a3c600d
408639093,-778373889,3325,1:11:39.930000,"(datetime.datetime(2026, 8, 21, 17, 6, 41, 194000),)",2a3c603c
408635204,-778374220,3343,1:11:39.950000,"(datetime.datetime(2026, 8, 21, 17, 6, 41, 213000),)",2a3c600d
408639213,-778373856,3325,1:11:40.030000,"(datetime.datetime(2026, 8, 21, 17, 6, 41, 293000),)",2a3c603c
408635324,-778374222,3344,1:11:40.040000,"(datetime.datetime(2026, 8, 21, 17, 6, 41, 311000),)",2a3c600d
408639331,-778373819,3326,1:11:40.130000,"(datetime.datetime(2026, 8, 21, 17, 6, 41, 394000),)",2a3c603c
408635444,-778374225,3344,1:11:40.150000,"(datetime.datetime(2026, 8, 21, 17, 6, 41, 416000),)",2a3c600d
408639447,-778373784,3325,1:11:40.230000,"(datetime.datetime(2026, 8, 21, 17, 6, 41, 493000),)",2a3c603c
408635565,-778374225,3343,1:11:40.240000,"(datetime.datetime(2026, 8, 21, 17, 6, 41, 509000),)",2a3c600d
408639563,-778373750,3325,1:11:40.330000,"(datetime.datetime(2026, 8, 21, 17, 6, 41, 599000),)",2a3c603c
408635686,-778374224,3344,1:11:40.350000,"(datetime.datetime(2026, 8, 21, 17, 6, 41, 619000),)",2a3c600d
408639682,-778373715,3326,1:11:40.430000,"(datetime.datetime(2026, 8, 21, 17, 6, 41, 694000),)",2a3c603c
408635807,-778374222,3344,1:11:40.450000,"(datetime.datetime(2026, 8, 21, 17, 6, 41, 713000),)",2a3c600d
408639798,-778373673,3326,1:11:40.530000,"(datetime.datetime(2026, 8, 21, 17, 6, 41, 793000),)",2a3c603c
408635929,-778374215,3344,1:11:40.540000,"(datetime.datetime(2026, 8, 21, 17, 6, 41, 811000),)",2a3c600d
408639913,-778373635,3326,1:11:40.630000,"(datetime.datetime(2026, 8, 21, 17, 6, 41, 894000),)",2a3c603c
408636049,-778374211,3344,1:11:40.650000,"(datetime.datetime(2026, 8, 21, 17, 6, 41, 914000),)",2a3c600d
408640031,-778373592,3326,1:11:40.730000,"(datetime.datetime(2026, 8, 21, 17, 6, 41, 993000),)",2a3c603c
408636170,-778374203,3344,1:11:40.740000,"(datetime.datetime(2026, 8, 21, 17, 6, 42, 10000),)",2a3c600d
408640145,-778373549,3326,1:11:40.830000,"(datetime.datetime(2026, 8, 21, 17, 6, 42, 93000),)",2a3c603c
408636290,-778374193,3344,1:11:40.850000,"(datetime.datetime(2026, 8, 21, 17, 6, 42, 112000),)",2a3c600d
408640261,-778373505,3326,1:11:40.930000,"(datetime.datetime(2026, 8, 21, 17, 6, 42, 193000),)",2a3c603c
408636405,-778374192,3344,1:11:40.950000,"(datetime.datetime(2026, 8, 21, 17, 6, 42, 219000),)",2a3c600d
408640374,-778373451,3327,1:11:41.030000,"(datetime.datetime(2026, 8, 21, 17, 6, 42, 295000),)",2a3c603c
408636525,-778374176,3344,1:11:41.050000,"(datetime.datetime(2026, 8, 21, 17, 6, 42, 313000),)",2a3c600d
408640492,-778373403,3327,1:11:41.130000,"(datetime.datetime(2026, 8, 21, 17, 6, 42, 397000),)",2a3c603c
408636647,-778374164,3344,1:11:41.150000,"(datetime.datetime(2026, 8, 21, 17, 6, 42, 415000),)",2a3c600d
408640607,-778373354,3328,1:11:41.230000,"(datetime.datetime(2026, 8, 21, 17, 6, 42, 495000),)",2a3c603c
408636765,-778374153,3345,1:11:41.250000,"(datetime.datetime(2026, 8, 21, 17, 6, 42, 514000),)",2a3c600d
408640718,-778373301,3327,1:11:41.330000,"(datetime.datetime(2026, 8, 21, 17, 6, 42, 594000),)",2a3c603c
408636886,-778374139,3345,1:11:41.350000,"(datetime.datetime(2026, 8, 21, 17, 6, 42, 613000),)",2a3c600d
408640832,-778373249,3328,1:11:41.430000,"(datetime.datetime(2026, 8, 21, 17, 6, 42, 694000),)",2a3c603c
408637007,-778374123,3345,1:11:41.450000,"(datetime.datetime(2026, 8, 21, 17, 6, 42, 716000),)",2a3c600d
408640941,-778373196,3328,1:11:41.530000,"(datetime.datetime(2026, 8, 21, 17, 6, 42, 793000),)",2a3c603c
408637128,-778374107,3345,1:11:41.550000,"(datetime.datetime(2026, 8, 21, 17, 6, 42, 815000),)",2a3c600d
408637248,-778374089,3345,1:11:41.640000,"(datetime.datetime(2026, 8, 21, 17, 6, 42, 903000),)",2a3c600d
408641050,-778373139,3328,1:11:41.660000,"(datetime.datetime(2026, 8, 21, 17, 6, 42, 931000),)",2a3c603c
408641164,-778373082,3328,1:11:41.730000,"(datetime.datetime(2026, 8, 21, 17, 6, 42, 995000),)",2a3c603c
408637369,-778374071,3345,1:11:41.750000,"(datetime.datetime(2026, 8, 21, 17, 6, 43, 13000),)",2a3c600d
408641274,-778373019,3328,1:11:41.830000,"(datetime.datetime(2026, 8, 21, 17, 6, 43, 95000),)",2a3c603c
408637491,-778374053,3345,1:11:41.850000,"(datetime.datetime(2026, 8, 21, 17, 6, 43, 116000),)",2a3c600d
408641391,-778372973,3327,1:11:41.930000,"(datetime.datetime(2026, 8, 21, 17, 6, 43, 195000),)",2a3c603c
408637605,-778374041,3345,1:11:41.950000,"(datetime.datetime(2026, 8, 21, 17, 6, 43, 218000),)",2a3c600d
408641496,-778372902,3327,1:11:42.030000,"(datetime.datetime(2026, 8, 21, 17, 6, 43, 293000),)",2a3c603c
408637725,-778374016,3345,1:11:42.050000,"(datetime.datetime(2026, 8, 21, 17, 6, 43, 319000),)",2a3c600d
408641606,-778372841,3327,1:11:42.130000,"(datetime.datetime(2026, 8, 21, 17, 6, 43, 395000),)",2a3c603c
408637845,-778373992,3345,1:11:42.150000,"(datetime.datetime(2026, 8, 21, 17, 6, 43, 414000),)",2a3c600d
408641719,-778372769,3327,1:11:42.230000,"(datetime.datetime(2026, 8, 21, 17, 6, 43, 493000),)",2a3c603c
408637967,-778373971,3345,1:11:42.250000,"(datetime.datetime(2026, 8, 21, 17, 6, 43, 516000),)",2a3c600d
408641823,-778372701,3328,1:11:42.330000,"(datetime.datetime(2026, 8, 21, 17, 6, 43, 593000),)",2a3c603c
408638085,-778373947,3345,1:11:42.350000,"(datetime.datetime(2026, 8, 21, 17, 6, 43, 613000),)",2a3c600d
408641933,-778372634,3328,1:11:42.430000,"(datetime.datetime(2026, 8, 21, 17, 6, 43, 694000),)",2a3c603c
408638205,-778373926,3346,1:11:42.450000,"(datetime.datetime(2026, 8, 21, 17, 6, 43, 717000),)",2a3c600d
408642043,-778372556,3328,1:11:42.530000,"(datetime.datetime(2026, 8, 21, 17, 6, 43, 796000),)",2a3c603c
408638324,-778373901,3346,1:11:42.550000,"(datetime.datetime(2026, 8, 21, 17, 6, 43, 814000),)",2a3c600d
408642146,-778372491,3327,1:11:42.630000,"(datetime.datetime(2026, 8, 21, 17, 6, 43, 896000),)",2a3c603c
408638443,-778373876,3346,1:11:42.650000,"(datetime.datetime(2026, 8, 21, 17, 6, 43, 916000),)",2a3c600d
408642253,-778372416,3328,1:11:42.730000,"(datetime.datetime(2026, 8, 21, 17, 6, 43, 999000),)",2a3c603c
408638562,-778373850,3346,1:11:42.750000,"(datetime.datetime(2026, 8, 21, 17, 6, 44, 18000),)",2a3c600d
408638683,-778373823,3347,1:11:42.840000,"(datetime.datetime(2026, 8, 21, 17, 6, 44, 104000),)",2a3c600d
408642357,-778372341,3328,1:11:42.860000,"(datetime.datetime(2026, 8, 21, 17, 6, 44, 127000),)",2a3c603c
408642464,-778372266,3327,1:11:42.930000,"(datetime.datetime(2026, 8, 21, 17, 6, 44, 194000),)",2a3c603c
408638801,-778373798,3346,1:11:42.950000,"(datetime.datetime(2026, 8, 21, 17, 6, 44, 214000),)",2a3c600d
408642570,-778372185,3327,1:11:43.030000,"(datetime.datetime(2026, 8, 21, 17, 6, 44, 295000),)",2a3c603c
408638919,-778373766,3346,1:11:43.050000,"(datetime.datetime(2026, 8, 21, 17, 6, 44, 315000),)",2a3c600d
408642670,-778372107,3327,1:11:43.130000,"(datetime.datetime(2026, 8, 21, 17, 6, 44, 394000),)",2a3c603c
408639041,-778373738,3346,1:11:43.140000,"(datetime.datetime(2026, 8, 21, 17, 6, 44, 410000),)",2a3c600d
408642772,-778372028,3327,1:11:43.230000,"(datetime.datetime(2026, 8, 21, 17, 6, 44, 493000),)",2a3c603c
408639157,-778373703,3347,1:11:43.250000,"(datetime.datetime(2026, 8, 21, 17, 6, 44, 513000),)",2a3c600d
408642878,-778371944,3326,1:11:43.330000,"(datetime.datetime(2026, 8, 21, 17, 6, 44, 593000),)",2a3c603c
408639275,-778373672,3347,1:11:43.350000,"(datetime.datetime(2026, 8, 21, 17, 6, 44, 613000),)",2a3c600d
408642979,-778371862,3326,1:11:43.430000,"(datetime.datetime(2026, 8, 21, 17, 6, 44, 693000),)",2a3c603c
408639392,-778373638,3347,1:11:43.450000,"(datetime.datetime(2026, 8, 21, 17, 6, 44, 714000),)",2a3c600d
408643084,-778371776,3326,1:11:43.530000,"(datetime.datetime(2026, 8, 21, 17, 6, 44, 793000),)",2a3c603c
408639512,-778373600,3347,1:11:43.540000,"(datetime.datetime(2026, 8, 21, 17, 6, 44, 812000),)",2a3c600d
408643185,-778371690,3326,1:11:43.630000,"(datetime.datetime(2026, 8, 21, 17, 6, 44, 894000),)",2a3c603c
408639629,-778373567,3347,1:11:43.650000,"(datetime.datetime(2026, 8, 21, 17, 6, 44, 914000),)",2a3c600d
408643286,-778371604,3326,1:11:43.730000,"(datetime.datetime(2026, 8, 21, 17, 6, 44, 993000),)",2a3c603c
408639746,-778373529,3348,1:11:43.750000,"(datetime.datetime(2026, 8, 21, 17, 6, 45, 14000),)",2a3c600d
408639863,-778373490,3348,1:11:43.820000,"(datetime.datetime(2026, 8, 21, 17, 6, 45, 92000),)",2a3c600d
408643386,-778371513,3326,1:11:43.840000,"(datetime.datetime(2026, 8, 21, 17, 6, 45, 112000),)",2a3c603c
408639977,-778373448,3347,1:11:43.930000,"(datetime.datetime(2026, 8, 21, 17, 6, 45, 193000),)",2a3c600d
408643493,-778371423,3325,1:11:43.950000,"(datetime.datetime(2026, 8, 21, 17, 6, 45, 217000),)",2a3c603c
408640090,-778373402,3347,1:11:44.030000,"(datetime.datetime(2026, 8, 21, 17, 6, 45, 293000),)",2a3c600d
408643590,-778371321,3326,1:11:44.040000,"(datetime.datetime(2026, 8, 21, 17, 6, 45, 312000),)",2a3c603c
408643690,-778371239,3326,1:11:44.130000,"(datetime.datetime(2026, 8, 21, 17, 6, 45, 396000),)",2a3c603c
408640208,-778373360,3348,1:11:44.150000,"(datetime.datetime(2026, 8, 21, 17, 6, 45, 415000),)",2a3c600d
408640317,-778373312,3348,1:11:44.230000,"(datetime.datetime(2026, 8, 21, 17, 6, 45, 494000),)",2a3c600d
408643788,-778371142,3326,1:11:44.250000,"(datetime.datetime(2026, 8, 21, 17, 6, 45, 513000),)",2a3c603c
408643886,-778371047,3326,1:11:44.330000,"(datetime.datetime(2026, 8, 21, 17, 6, 45, 596000),)",2a3c603c
408640438,-778373267,3349,1:11:44.360000,"(datetime.datetime(2026, 8, 21, 17, 6, 45, 623000),)",2a3c600d
408643981,-778370949,3325,1:11:44.430000,"(datetime.datetime(2026, 8, 21, 17, 6, 45, 695000),)",2a3c603c
408640550,-778373214,3349,1:11:44.450000,"(datetime.datetime(2026, 8, 21, 17, 6, 45, 720000),)",2a3c600d
408644078,-778370847,3326,1:11:44.530000,"(datetime.datetime(2026, 8, 21, 17, 6, 45, 794000),)",2a3c603c
408640663,-778373161,3349,1:11:44.630000,"(datetime.datetime(2026, 8, 21, 17, 6, 45, 896000),)",2a3c600d
408644174,-778370749,3326,1:11:44.650000,"(datetime.datetime(2026, 8, 21, 17, 6, 45, 916000),)",2a3c603c
408640775,-778373108,3349,1:11:44.730000,"(datetime.datetime(2026, 8, 21, 17, 6, 45, 992000),)",2a3c600d
408644266,-778370651,3325,1:11:44.740000,"(datetime.datetime(2026, 8, 21, 17, 6, 46, 12000),)",2a3c603c
408640888,-778373050,3350,1:11:44.770000,"(datetime.datetime(2026, 8, 21, 17, 6, 46, 35000),)",2a3c600d
408644358,-778370552,3326,1:11:44.830000,"(datetime.datetime(2026, 8, 21, 17, 6, 46, 92000),)",2a3c603c
408640998,-778372995,3349,1:11:44.930000,"(datetime.datetime(2026, 8, 21, 17, 6, 46, 194000),)",2a3c600d
408644451,-778370453,3326,1:11:44.960000,"(datetime.datetime(2026, 8, 21, 17, 6, 46, 223000),)",2a3c603c
408641110,-778372937,3349,1:11:45.030000,"(datetime.datetime(2026, 8, 21, 17, 6, 46, 292000),)",2a3c600d
408644542,-778370349,3326,1:11:45.040000,"(datetime.datetime(2026, 8, 21, 17, 6, 46, 310000),)",2a3c603c
408641217,-778372872,3350,1:11:45.130000,"(datetime.datetime(2026, 8, 21, 17, 6, 46, 393000),)",2a3c600d
408644635,-778370244,3327,1:11:45.150000,"(datetime.datetime(2026, 8, 21, 17, 6, 46, 421000),)",2a3c603c
408641330,-778372809,3350,1:11:45.190000,"(datetime.datetime(2026, 8, 21, 17, 6, 46, 455000),)",2a3c600d
408644725,-778370143,3327,1:11:45.200000,"(datetime.datetime(2026, 8, 21, 17, 6, 46, 467000),)",2a3c603c
408641437,-778372743,3350,1:11:45.240000,"(datetime.datetime(2026, 8, 21, 17, 6, 46, 506000),)",2a3c600d
408644817,-778370035,3327,1:11:45.260000,"(datetime.datetime(2026, 8, 21, 17, 6, 46, 526000),)",2a3c603c
408644904,-778369926,3327,1:11:45.370000,"(datetime.datetime(2026, 8, 21, 17, 6, 46, 634000),)",2a3c603c
408641548,-778372677,3350,1:11:45.440000,"(datetime.datetime(2026, 8, 21, 17, 6, 46, 706000),)",2a3c600d
408641657,-778372610,3350,1:11:45.460000,"(datetime.datetime(2026, 8, 21, 17, 6, 46, 726000),)",2a3c600d
408644994,-778369820,3327,1:11:45.480000,"(datetime.datetime(2026, 8, 21, 17, 6, 46, 750000),)",2a3c603c
408641765,-778372537,3350,1:11:45.540000,"(datetime.datetime(2026, 8, 21, 17, 6, 46, 811000),)",2a3c600d
408645082,-778369710,3327,1:11:45.570000,"(datetime.datetime(2026, 8, 21, 17, 6, 46, 838000),)",2a3c603c
408645169,-778369595,3327,1:11:45.670000,"(datetime.datetime(2026, 8, 21, 17, 6, 46, 937000),)",2a3c603c
408641872,-778372467,3350,1:11:45.730000,"(datetime.datetime(2026, 8, 21, 17, 6, 46, 992000),)",2a3c600d
408645259,-778369486,3327,1:11:45.770000,"(datetime.datetime(2026, 8, 21, 17, 6, 47, 37000),)",2a3c603c
408641981,-778372394,3350,1:11:45.830000,"(datetime.datetime(2026, 8, 21, 17, 6, 47, 93000),)",2a3c600d
408645346,-778369383,3327,1:11:45.870000,"(datetime.datetime(2026, 8, 21, 17, 6, 47, 135000),)",2a3c603c
408642089,-778372322,3350,1:11:45.930000,"(datetime.datetime(2026, 8, 21, 17, 6, 47, 193000),)",2a3c600d
408645431,-778369264,3328,1:11:45.970000,"(datetime.datetime(2026, 8, 21, 17, 6, 47, 235000),)",2a3c603c
408642194,-778372253,3350,1:11:46.040000,"(datetime.datetime(2026, 8, 21, 17, 6, 47, 307000),)",2a3c600d
408645513,-778369153,3328,1:11:46.080000,"(datetime.datetime(2026, 8, 21, 17, 6, 47, 351000),)",2a3c603c
408642298,-778372173,3350,1:11:46.120000,"(datetime.datetime(2026, 8, 21, 17, 6, 47, 391000),)",2a3c600d
408645602,-778369036,3328,1:11:46.170000,"(datetime.datetime(2026, 8, 21, 17, 6, 47, 437000),)",2a3c603c
408642405,-778372094,3350,1:11:46.230000,"(datetime.datetime(2026, 8, 21, 17, 6, 47, 501000),)",2a3c600d
408645684,-778368924,3327,1:11:46.270000,"(datetime.datetime(2026, 8, 21, 17, 6, 47, 538000),)",2a3c603c
408642510,-778372012,3351,1:11:46.330000,"(datetime.datetime(2026, 8, 21, 17, 6, 47, 601000),)",2a3c600d
408645684,-778368924,3327,1:11:46.370000,"(datetime.datetime(2026, 8, 21, 17, 6, 47, 637000),)",2a3c603c
408642616,-778371933,3350,1:11:46.420000,"(datetime.datetime(2026, 8, 21, 17, 6, 47, 691000),)",2a3c600d
408645773,-778368808,3328,1:11:46.470000,"(datetime.datetime(2026, 8, 21, 17, 6, 47, 735000),)",2a3c603c
408642719,-778371851,3350,1:11:46.520000,"(datetime.datetime(2026, 8, 21, 17, 6, 47, 791000),)",2a3c600d
408645854,-778368693,3328,1:11:46.570000,"(datetime.datetime(2026, 8, 21, 17, 6, 47, 837000),)",2a3c603c
408642824,-778371768,3350,1:11:46.620000,"(datetime.datetime(2026, 8, 21, 17, 6, 47, 891000),)",2a3c600d
408646019,-778368461,3327,1:11:46.670000,"(datetime.datetime(2026, 8, 21, 17, 6, 47, 936000),)",2a3c603c
408642926,-778371685,3350,1:11:46.720000,"(datetime.datetime(2026, 8, 21, 17, 6, 47, 991000),)",2a3c600d
408646019,-778368461,3327,1:11:46.770000,"(datetime.datetime(2026, 8, 21, 17, 6, 48, 36000),)",2a3c603c
408643030,-778371597,3351,1:11:46.820000,"(datetime.datetime(2026, 8, 21, 17, 6, 48, 92000),)",2a3c600d
408646100,-778368339,3328,1:11:46.870000,"(datetime.datetime(2026, 8, 21, 17, 6, 48, 136000),)",2a3c603c
408643131,-778371511,3351,1:11:46.930000,"(datetime.datetime(2026, 8, 21, 17, 6, 48, 195000),)",2a3c600d
408646185,-778368221,3327,1:11:46.970000,"(datetime.datetime(2026, 8, 21, 17, 6, 48, 238000),)",2a3c603c
408643231,-778371430,3350,1:11:47.030000,"(datetime.datetime(2026, 8, 21, 17, 6, 48, 297000),)",2a3c600d
408646265,-778368100,3328,1:11:47.080000,"(datetime.datetime(2026, 8, 21, 17, 6, 48, 349000),)",2a3c603c
408643328,-778371339,3349,1:11:47.130000,"(datetime.datetime(2026, 8, 21, 17, 6, 48, 392000),)",2a3c600d
408646345,-778367981,3327,1:11:47.170000,"(datetime.datetime(2026, 8, 21, 17, 6, 48, 435000),)",2a3c603c
408643430,-778371247,3350,1:11:47.220000,"(datetime.datetime(2026, 8, 21, 17, 6, 48, 492000),)",2a3c600d
408646423,-778367861,3327,1:11:47.270000,"(datetime.datetime(2026, 8, 21, 17, 6, 48, 536000),)",2a3c603c
408643526,-778371156,3350,1:11:47.330000,"(datetime.datetime(2026, 8, 21, 17, 6, 48, 593000),)",2a3c600d
408646504,-778367738,3327,1:11:47.370000,"(datetime.datetime(2026, 8, 21, 17, 6, 48, 635000),)",2a3c603c
408643624,-778371066,3351,1:11:47.430000,"(datetime.datetime(2026, 8, 21, 17, 6, 48, 696000),)",2a3c600d
408646580,-778367613,3327,1:11:47.470000,"(datetime.datetime(2026, 8, 21, 17, 6, 48, 738000),)",2a3c603c
408643722,-778370971,3351,1:11:47.530000,"(datetime.datetime(2026, 8, 21, 17, 6, 48, 798000),)",2a3c600d
408646660,-778367488,3327,1:11:47.570000,"(datetime.datetime(2026, 8, 21, 17, 6, 48, 836000),)",2a3c603c
408643822,-778370875,3351,1:11:47.620000,"(datetime.datetime(2026, 8, 21, 17, 6, 48, 892000),)",2a3c600d
408646737,-778367367,3327,1:11:47.670000,"(datetime.datetime(2026, 8, 21, 17, 6, 48, 936000),)",2a3c603c
408643920,-778370779,3351,1:11:47.720000,"(datetime.datetime(2026, 8, 21, 17, 6, 48, 992000),)",2a3c600d
408646815,-778367242,3327,1:11:47.770000,"(datetime.datetime(2026, 8, 21, 17, 6, 49, 36000),)",2a3c603c
408644016,-778370681,3351,1:11:47.820000,"(datetime.datetime(2026, 8, 21, 17, 6, 49, 92000),)",2a3c600d
408646889,-778367118,3327,1:11:47.870000,"(datetime.datetime(2026, 8, 21, 17, 6, 49, 138000),)",2a3c603c
408644111,-778370583,3351,1:11:47.920000,"(datetime.datetime(2026, 8, 21, 17, 6, 49, 192000),)",2a3c600d
408646972,-778366997,3327,1:11:47.970000,"(datetime.datetime(2026, 8, 21, 17, 6, 49, 235000),)",2a3c603c
408644205,-778370490,3351,1:11:48.030000,"(datetime.datetime(2026, 8, 21, 17, 6, 49, 292000),)",2a3c600d
408647046,-778366871,3327,1:11:48.070000,"(datetime.datetime(2026, 8, 21, 17, 6, 49, 336000),)",2a3c603c
408644295,-778370386,3351,1:11:48.130000,"(datetime.datetime(2026, 8, 21, 17, 6, 49, 393000),)",2a3c600d
408647119,-778366744,3328,1:11:48.170000,"(datetime.datetime(2026, 8, 21, 17, 6, 49, 436000),)",2a3c603c
408644391,-778370286,3352,1:11:48.220000,"(datetime.datetime(2026, 8, 21, 17, 6, 49, 492000),)",2a3c600d
408647193,-778366623,3328,1:11:48.270000,"(datetime.datetime(2026, 8, 21, 17, 6, 49, 535000),)",2a3c603c
408644484,-778370184,3352,1:11:48.330000,"(datetime.datetime(2026, 8, 21, 17, 6, 49, 598000),)",2a3c600d
408644577,-778370082,3352,1:11:48.350000,"(datetime.datetime(2026, 8, 21, 17, 6, 49, 618000),)",2a3c600d
408647269,-778366492,3328,1:11:48.380000,"(datetime.datetime(2026, 8, 21, 17, 6, 49, 646000),)",2a3c603c
408644669,-778369980,3352,1:11:48.430000,"(datetime.datetime(2026, 8, 21, 17, 6, 49, 700000),)",2a3c600d
408647341,-778366366,3327,1:11:48.480000,"(datetime.datetime(2026, 8, 21, 17, 6, 49, 745000),)",2a3c603c
408644759,-778369875,3352,1:11:48.540000,"(datetime.datetime(2026, 8, 21, 17, 6, 49, 810000),)",2a3c600d
408647416,-778366234,3328,1:11:48.570000,"(datetime.datetime(2026, 8, 21, 17, 6, 49, 837000),)",2a3c603c
408647486,-778366108,3328,1:11:48.670000,"(datetime.datetime(2026, 8, 21, 17, 6, 49, 935000),)",2a3c603c
408644852,-778369774,3353,1:11:48.720000,"(datetime.datetime(2026, 8, 21, 17, 6, 49, 991000),)",2a3c600d
408647556,-778365978,3328,1:11:48.770000,"(datetime.datetime(2026, 8, 21, 17, 6, 50, 35000),)",2a3c603c
408644943,-778369665,3353,1:11:48.820000,"(datetime.datetime(2026, 8, 21, 17, 6, 50, 92000),)",2a3c600d
408645032,-778369559,3353,1:11:48.840000,"(datetime.datetime(2026, 8, 21, 17, 6, 50, 105000),)",2a3c600d
408647626,-778365848,3329,1:11:48.870000,"(datetime.datetime(2026, 8, 21, 17, 6, 50, 136000),)",2a3c603c
408645119,-778369454,3352,1:11:48.930000,"(datetime.datetime(2026, 8, 21, 17, 6, 50, 202000),)",2a3c600d
408647706,-778365717,3327,1:11:48.980000,"(datetime.datetime(2026, 8, 21, 17, 6, 50, 250000),)",2a3c603c
408647771,-778365584,3328,1:11:49.070000,"(datetime.datetime(2026, 8, 21, 17, 6, 50, 336000),)",2a3c603c
408645205,-778369342,3352,1:11:49.130000,"(datetime.datetime(2026, 8, 21, 17, 6, 50, 393000),)",2a3c600d
408645293,-778369232,3352,1:11:49.160000,"(datetime.datetime(2026, 8, 21, 17, 6, 50, 424000),)",2a3c600d
408647840,-778365451,3328,1:11:49.170000,"(datetime.datetime(2026, 8, 21, 17, 6, 50, 438000),)",2a3c603c
408645380,-778369125,3352,1:11:49.230000,"(datetime.datetime(2026, 8, 21, 17, 6, 50, 499000),)",2a3c600d
408647907,-778365321,3328,1:11:49.270000,"(datetime.datetime(2026, 8, 21, 17, 6, 50, 536000),)",2a3c603c
408645468,-778369011,3352,1:11:49.320000,"(datetime.datetime(2026, 8, 21, 17, 6, 50, 592000),)",2a3c600d
408647976,-778365191,3328,1:11:49.370000,"(datetime.datetime(2026, 8, 21, 17, 6, 50, 637000),)",2a3c603c
408645554,-778368901,3353,1:11:49.430000,"(datetime.datetime(2026, 8, 21, 17, 6, 50, 692000),)",2a3c600d
408648042,-778365056,3328,1:11:49.470000,"(datetime.datetime(2026, 8, 21, 17, 6, 50, 740000),)",2a3c603c
408645641,-778368787,3353,1:11:49.520000,"(datetime.datetime(2026, 8, 21, 17, 6, 50, 791000),)",2a3c600d
408648106,-778364923,3328,1:11:49.570000,"(datetime.datetime(2026, 8, 21, 17, 6, 50, 839000),)",2a3c603c
408645727,-778368676,3353,1:11:49.620000,"(datetime.datetime(2026, 8, 21, 17, 6, 50, 892000),)",2a3c600d
408648171,-778364785,3329,1:11:49.670000,"(datetime.datetime(2026, 8, 21, 17, 6, 50, 938000),)",2a3c603c
408645810,-778368561,3353,1:11:49.720000,"(datetime.datetime(2026, 8, 21, 17, 6, 50, 992000),)",2a3c600d
408648233,-778364651,3329,1:11:49.770000,"(datetime.datetime(2026, 8, 21, 17, 6, 51, 36000),)",2a3c603c
408645894,-778368448,3353,1:11:49.830000,"(datetime.datetime(2026, 8, 21, 17, 6, 51, 93000),)",2a3c600d
408648294,-778364512,3330,1:11:49.870000,"(datetime.datetime(2026, 8, 21, 17, 6, 51, 137000),)",2a3c603c
408645979,-778368334,3353,1:11:49.930000,"(datetime.datetime(2026, 8, 21, 17, 6, 51, 195000),)",2a3c600d
408648362,-778364381,3330,1:11:49.970000,"(datetime.datetime(2026, 8, 21, 17, 6, 51, 236000),)",2a3c603c
408646058,-778368213,3354,1:11:50.020000,"(datetime.datetime(2026, 8, 21, 17, 6, 51, 292000),)",2a3c600d
408648420,-778364241,3330,1:11:50.070000,"(datetime.datetime(2026, 8, 21, 17, 6, 51, 336000),)",2a3c603c
408646141,-778368096,3354,1:11:50.130000,"(datetime.datetime(2026, 8, 21, 17, 6, 51, 400000),)",2a3c600d
408648479,-778364105,3330,1:11:50.180000,"(datetime.datetime(2026, 8, 21, 17, 6, 51, 450000),)",2a3c603c
408646222,-778367979,3354,1:11:50.230000,"(datetime.datetime(2026, 8, 21, 17, 6, 51, 498000),)",2a3c600d
408648539,-778363965,3330,1:11:50.270000,"(datetime.datetime(2026, 8, 21, 17, 6, 51, 540000),)",2a3c603c
408646304,-778367858,3354,1:11:50.320000,"(datetime.datetime(2026, 8, 21, 17, 6, 51, 592000),)",2a3c600d
408648598,-778363825,3330,1:11:50.380000,"(datetime.datetime(2026, 8, 21, 17, 6, 51, 644000),)",2a3c603c
408646381,-778367739,3354,1:11:50.430000,"(datetime.datetime(2026, 8, 21, 17, 6, 51, 693000),)",2a3c600d
408648653,-778363681,3331,1:11:50.470000,"(datetime.datetime(2026, 8, 21, 17, 6, 51, 736000),)",2a3c603c
408646461,-778367617,3354,1:11:50.530000,"(datetime.datetime(2026, 8, 21, 17, 6, 51, 795000),)",2a3c600d
408648710,-778363545,3331,1:11:50.570000,"(datetime.datetime(2026, 8, 21, 17, 6, 51, 835000),)",2a3c603c
408646541,-778367497,3354,1:11:50.620000,"(datetime.datetime(2026, 8, 21, 17, 6, 51, 892000),)",2a3c600d
408648765,-778363401,3331,1:11:50.670000,"(datetime.datetime(2026, 8, 21, 17, 6, 51, 936000),)",2a3c603c
408646617,-778367374,3354,1:11:50.720000,"(datetime.datetime(2026, 8, 21, 17, 6, 51, 991000),)",2a3c600d
408648820,-778363260,3331,1:11:50.770000,"(datetime.datetime(2026, 8, 21, 17, 6, 52, 36000),)",2a3c603c
408646695,-778367251,3354,1:11:50.830000,"(datetime.datetime(2026, 8, 21, 17, 6, 52, 98000),)",2a3c600d
408648872,-778363118,3331,1:11:50.880000,"(datetime.datetime(2026, 8, 21, 17, 6, 52, 143000),)",2a3c603c
408646766,-778367129,3353,1:11:50.920000,"(datetime.datetime(2026, 8, 21, 17, 6, 52, 192000),)",2a3c600d
408648929,-778362977,3331,1:11:50.970000,"(datetime.datetime(2026, 8, 21, 17, 6, 52, 237000),)",2a3c603c
408646843,-778367003,3353,1:11:51.020000,"(datetime.datetime(2026, 8, 21, 17, 6, 52, 292000),)",2a3c600d
408648978,-778362834,3332,1:11:51.080000,"(datetime.datetime(2026, 8, 21, 17, 6, 52, 343000),)",2a3c603c
408646917,-778366878,3353,1:11:51.090000,"(datetime.datetime(2026, 8, 21, 17, 6, 52, 360000),)",2a3c600d
408649027,-778362688,3332,1:11:51.170000,"(datetime.datetime(2026, 8, 21, 17, 6, 52, 437000),)",2a3c603c
408646994,-778366754,3354,1:11:51.200000,"(datetime.datetime(2026, 8, 21, 17, 6, 52, 465000),)",2a3c600d
408649077,-778362547,3332,1:11:51.270000,"(datetime.datetime(2026, 8, 21, 17, 6, 52, 535000),)",2a3c603c
408647068,-778366629,3354,1:11:51.300000,"(datetime.datetime(2026, 8, 21, 17, 6, 52, 566000),)",2a3c600d
408649126,-778362401,3332,1:11:51.370000,"(datetime.datetime(2026, 8, 21, 17, 6, 52, 639000),)",2a3c603c
408647143,-778366503,3354,1:11:51.390000,"(datetime.datetime(2026, 8, 21, 17, 6, 52, 659000),)",2a3c600d
408649173,-778362255,3333,1:11:51.470000,"(datetime.datetime(2026, 8, 21, 17, 6, 52, 738000),)",2a3c603c
408647218,-778366375,3354,1:11:51.510000,"(datetime.datetime(2026, 8, 21, 17, 6, 52, 777000),)",2a3c600d
408649219,-778362108,3333,1:11:51.570000,"(datetime.datetime(2026, 8, 21, 17, 6, 52, 839000),)",2a3c603c
408647289,-778366247,3355,1:11:51.590000,"(datetime.datetime(2026, 8, 21, 17, 6, 52, 860000),)",2a3c600d
408649265,-778361963,3333,1:11:51.670000,"(datetime.datetime(2026, 8, 21, 17, 6, 52, 936000),)",2a3c603c
408647360,-778366119,3355,1:11:51.700000,"(datetime.datetime(2026, 8, 21, 17, 6, 52, 963000),)",2a3c600d
408649307,-778361816,3333,1:11:51.770000,"(datetime.datetime(2026, 8, 21, 17, 6, 53, 35000),)",2a3c603c
408647430,-778365988,3355,1:11:51.790000,"(datetime.datetime(2026, 8, 21, 17, 6, 53, 59000),)",2a3c600d
408649351,-778361666,3333,1:11:51.870000,"(datetime.datetime(2026, 8, 21, 17, 6, 53, 136000),)",2a3c603c
408647502,-778365863,3355,1:11:51.890000,"(datetime.datetime(2026, 8, 21, 17, 6, 53, 160000),)",2a3c600d
408649399,-778361524,3334,1:11:51.970000,"(datetime.datetime(2026, 8, 21, 17, 6, 53, 236000),)",2a3c603c
408647569,-778365727,3355,1:11:51.990000,"(datetime.datetime(2026, 8, 21, 17, 6, 53, 259000),)",2a3c600d
408649439,-778361376,3334,1:11:52.070000,"(datetime.datetime(2026, 8, 21, 17, 6, 53, 338000),)",2a3c603c
408647636,-778365598,3355,1:11:52.090000,"(datetime.datetime(2026, 8, 21, 17, 6, 53, 360000),)",2a3c600d
408649476,-778361222,3335,1:11:52.170000,"(datetime.datetime(2026, 8, 21, 17, 6, 53, 441000),)",2a3c603c
408647704,-778365464,3355,1:11:52.200000,"(datetime.datetime(2026, 8, 21, 17, 6, 53, 468000),)",2a3c600d
408649516,-778361072,3335,1:11:52.270000,"(datetime.datetime(2026, 8, 21, 17, 6, 53, 536000),)",2a3c603c
408647772,-778365333,3355,1:11:52.310000,"(datetime.datetime(2026, 8, 21, 17, 6, 53, 572000),)",2a3c600d
408649555,-778360923,3335,1:11:52.370000,"(datetime.datetime(2026, 8, 21, 17, 6, 53, 640000),)",2a3c603c
408647837,-778365199,3356,1:11:52.400000,"(datetime.datetime(2026, 8, 21, 17, 6, 53, 665000),)",2a3c600d
408649593,-778360779,3335,1:11:52.470000,"(datetime.datetime(2026, 8, 21, 17, 6, 53, 736000),)",2a3c603c
408647901,-778365065,3356,1:11:52.490000,"(datetime.datetime(2026, 8, 21, 17, 6, 53, 759000),)",2a3c600d
408649632,-778360623,3335,1:11:52.570000,"(datetime.datetime(2026, 8, 21, 17, 6, 53, 835000),)",2a3c603c
408647963,-778364931,3356,1:11:52.590000,"(datetime.datetime(2026, 8, 21, 17, 6, 53, 860000),)",2a3c600d
408649666,-778360471,3335,1:11:52.670000,"(datetime.datetime(2026, 8, 21, 17, 6, 53, 937000),)",2a3c603c
408648027,-778364794,3356,1:11:52.690000,"(datetime.datetime(2026, 8, 21, 17, 6, 53, 959000),)",2a3c600d
408649704,-778360323,3335,1:11:52.770000,"(datetime.datetime(2026, 8, 21, 17, 6, 54, 35000),)",2a3c603c
408648087,-778364659,3356,1:11:52.790000,"(datetime.datetime(2026, 8, 21, 17, 6, 54, 59000),)",2a3c600d
408649740,-778360173,3335,1:11:52.870000,"(datetime.datetime(2026, 8, 21, 17, 6, 54, 135000),)",2a3c603c
408648150,-778364526,3356,1:11:52.900000,"(datetime.datetime(2026, 8, 21, 17, 6, 54, 164000),)",2a3c600d
408649778,-778360025,3335,1:11:52.980000,"(datetime.datetime(2026, 8, 21, 17, 6, 54, 243000),)",2a3c603c
408648207,-778364384,3356,1:11:52.990000,"(datetime.datetime(2026, 8, 21, 17, 6, 54, 260000),)",2a3c600d
408649810,-778359871,3335,1:11:53.070000,"(datetime.datetime(2026, 8, 21, 17, 6, 54, 339000),)",2a3c603c
408648265,-778364246,3356,1:11:53.100000,"(datetime.datetime(2026, 8, 21, 17, 6, 54, 363000),)",2a3c600d
408649846,-778359717,3335,1:11:53.170000,"(datetime.datetime(2026, 8, 21, 17, 6, 54, 440000),)",2a3c603c
408648321,-778364109,3357,1:11:53.200000,"(datetime.datetime(2026, 8, 21, 17, 6, 54, 463000),)",2a3c600d
408649880,-778359566,3336,1:11:53.270000,"(datetime.datetime(2026, 8, 21, 17, 6, 54, 536000),)",2a3c603c
408648379,-778363964,3357,1:11:53.290000,"(datetime.datetime(2026, 8, 21, 17, 6, 54, 560000),)",2a3c600d
408649916,-778359412,3336,1:11:53.370000,"(datetime.datetime(2026, 8, 21, 17, 6, 54, 636000),)",2a3c603c
408648430,-778363825,3357,1:11:53.410000,"(datetime.datetime(2026, 8, 21, 17, 6, 54, 678000),)",2a3c600d
408649949,-778359259,3336,1:11:53.470000,"(datetime.datetime(2026, 8, 21, 17, 6, 54, 738000),)",2a3c603c
408648486,-778363681,3357,1:11:53.490000,"(datetime.datetime(2026, 8, 21, 17, 6, 54, 761000),)",2a3c600d
408649988,-778359112,3336,1:11:53.570000,"(datetime.datetime(2026, 8, 21, 17, 6, 54, 836000),)",2a3c603c
408648536,-778363538,3357,1:11:53.590000,"(datetime.datetime(2026, 8, 21, 17, 6, 54, 860000),)",2a3c600d
408650022,-778358959,3336,1:11:53.680000,"(datetime.datetime(2026, 8, 21, 17, 6, 54, 949000),)",2a3c603c
408648589,-778363394,3357,1:11:53.700000,"(datetime.datetime(2026, 8, 21, 17, 6, 54, 969000),)",2a3c600d
408650056,-778358806,3337,1:11:53.770000,"(datetime.datetime(2026, 8, 21, 17, 6, 55, 37000),)",2a3c603c
408648640,-778363250,3357,1:11:53.800000,"(datetime.datetime(2026, 8, 21, 17, 6, 55, 64000),)",2a3c600d
408650090,-778358648,3337,1:11:53.870000,"(datetime.datetime(2026, 8, 21, 17, 6, 55, 137000),)",2a3c603c
408648693,-778363110,3357,1:11:53.910000,"(datetime.datetime(2026, 8, 21, 17, 6, 55, 173000),)",2a3c600d
408650130,-778358505,3336,1:11:53.970000,"(datetime.datetime(2026, 8, 21, 17, 6, 55, 237000),)",2a3c603c
408648738,-778362963,3357,1:11:53.990000,"(datetime.datetime(2026, 8, 21, 17, 6, 55, 259000),)",2a3c600d
408650161,-778358352,3336,1:11:54.080000,"(datetime.datetime(2026, 8, 21, 17, 6, 55, 342000),)",2a3c603c
408648787,-778362818,3358,1:11:54.090000,"(datetime.datetime(2026, 8, 21, 17, 6, 55, 360000),)",2a3c600d
408650196,-778358196,3336,1:11:54.170000,"(datetime.datetime(2026, 8, 21, 17, 6, 55, 435000),)",2a3c603c
408648836,-778362670,3358,1:11:54.190000,"(datetime.datetime(2026, 8, 21, 17, 6, 55, 460000),)",2a3c600d
408650233,-778358048,3336,1:11:54.270000,"(datetime.datetime(2026, 8, 21, 17, 6, 55, 539000),)",2a3c603c
408648885,-778362526,3358,1:11:54.290000,"(datetime.datetime(2026, 8, 21, 17, 6, 55, 560000),)",2a3c600d
408650264,-778357894,3337,1:11:54.370000,"(datetime.datetime(2026, 8, 21, 17, 6, 55, 636000),)",2a3c603c
408648933,-778362379,3358,1:11:54.390000,"(datetime.datetime(2026, 8, 21, 17, 6, 55, 660000),)",2a3c600d
408650299,-778357742,3337,1:11:54.470000,"(datetime.datetime(2026, 8, 21, 17, 6, 55, 735000),)",2a3c603c
408648981,-778362235,3358,1:11:54.490000,"(datetime.datetime(2026, 8, 21, 17, 6, 55, 761000),)",2a3c600d
408650333,-778357586,3337,1:11:54.570000,"(datetime.datetime(2026, 8, 21, 17, 6, 55, 835000),)",2a3c603c
408649028,-778362086,3358,1:11:54.610000,"(datetime.datetime(2026, 8, 21, 17, 6, 55, 877000),)",2a3c600d
408650368,-778357435,3337,1:11:54.670000,"(datetime.datetime(2026, 8, 21, 17, 6, 55, 937000),)",2a3c603c
408649074,-778361938,3359,1:11:54.690000,"(datetime.datetime(2026, 8, 21, 17, 6, 55, 959000),)",2a3c600d
408650401,-778357284,3337,1:11:54.770000,"(datetime.datetime(2026, 8, 21, 17, 6, 56, 40000),)",2a3c603c
408649118,-778361793,3359,1:11:54.790000,"(datetime.datetime(2026, 8, 21, 17, 6, 56, 60000),)",2a3c600d
408650434,-778357131,3337,1:11:54.870000,"(datetime.datetime(2026, 8, 21, 17, 6, 56, 139000),)",2a3c603c
408649166,-778361649,3359,1:11:54.890000,"(datetime.datetime(2026, 8, 21, 17, 6, 56, 162000),)",2a3c600d
408650473,-778356979,3337,1:11:54.970000,"(datetime.datetime(2026, 8, 21, 17, 6, 56, 236000),)",2a3c603c
408649208,-778361499,3359,1:11:54.990000,"(datetime.datetime(2026, 8, 21, 17, 6, 56, 260000),)",2a3c600d
408650507,-778356827,3338,1:11:55.070000,"(datetime.datetime(2026, 8, 21, 17, 6, 56, 337000),)",2a3c603c
408649250,-778361351,3359,1:11:55.100000,"(datetime.datetime(2026, 8, 21, 17, 6, 56, 364000),)",2a3c600d
408650538,-778356673,3337,1:11:55.170000,"(datetime.datetime(2026, 8, 21, 17, 6, 56, 435000),)",2a3c603c
408649294,-778361203,3360,1:11:55.190000,"(datetime.datetime(2026, 8, 21, 17, 6, 56, 460000),)",2a3c600d
408650574,-778356522,3337,1:11:55.290000,"(datetime.datetime(2026, 8, 21, 17, 6, 56, 555000),)",2a3c603c
408649335,-778361058,3360,1:11:55.310000,"(datetime.datetime(2026, 8, 21, 17, 6, 56, 577000),)",2a3c600d
408650606,-778356370,3338,1:11:55.370000,"(datetime.datetime(2026, 8, 21, 17, 6, 56, 636000),)",2a3c603c
408649377,-778360908,3360,1:11:55.400000,"(datetime.datetime(2026, 8, 21, 17, 6, 56, 664000),)",2a3c600d
408650637,-778356216,3338,1:11:55.490000,"(datetime.datetime(2026, 8, 21, 17, 6, 56, 759000),)",2a3c603c
408649420,-778360757,3360,1:11:55.510000,"(datetime.datetime(2026, 8, 21, 17, 6, 56, 781000),)",2a3c600d
408650673,-778356066,3338,1:11:55.570000,"(datetime.datetime(2026, 8, 21, 17, 6, 56, 836000),)",2a3c603c
408649460,-778360608,3360,1:11:55.600000,"(datetime.datetime(2026, 8, 21, 17, 6, 56, 870000),)",2a3c600d
408650707,-778355911,3339,1:11:55.670000,"(datetime.datetime(2026, 8, 21, 17, 6, 56, 936000),)",2a3c603c
408649500,-778360458,3360,1:11:55.690000,"(datetime.datetime(2026, 8, 21, 17, 6, 56, 960000),)",2a3c600d
408650736,-778355761,3339,1:11:55.770000,"(datetime.datetime(2026, 8, 21, 17, 6, 57, 36000),)",2a3c603c
408649541,-778360307,3360,1:11:55.790000,"(datetime.datetime(2026, 8, 21, 17, 6, 57, 60000),)",2a3c600d
408650772,-778355605,3339,1:11:55.870000,"(datetime.datetime(2026, 8, 21, 17, 6, 57, 136000),)",2a3c603c
408649581,-778360164,3361,1:11:55.890000,"(datetime.datetime(2026, 8, 21, 17, 6, 57, 159000),)",2a3c600d
408650805,-778355457,3339,1:11:55.970000,"(datetime.datetime(2026, 8, 21, 17, 6, 57, 238000),)",2a3c603c
408649617,-778360012,3361,1:11:55.990000,"(datetime.datetime(2026, 8, 21, 17, 6, 57, 261000),)",2a3c600d
408650839,-778355302,3339,1:11:56.080000,"(datetime.datetime(2026, 8, 21, 17, 6, 57, 350000),)",2a3c603c
408649654,-778359861,3361,1:11:56.110000,"(datetime.datetime(2026, 8, 21, 17, 6, 57, 376000),)",2a3c600d
408650870,-778355151,3340,1:11:56.170000,"(datetime.datetime(2026, 8, 21, 17, 6, 57, 435000),)",2a3c603c
408649694,-778359710,3361,1:11:56.190000,"(datetime.datetime(2026, 8, 21, 17, 6, 57, 460000),)",2a3c600d
408650903,-778354996,3340,1:11:56.270000,"(datetime.datetime(2026, 8, 21, 17, 6, 57, 539000),)",2a3c603c
408649730,-778359557,3362,1:11:56.290000,"(datetime.datetime(2026, 8, 21, 17, 6, 57, 559000),)",2a3c600d
408650937,-778354841,3339,1:11:56.370000,"(datetime.datetime(2026, 8, 21, 17, 6, 57, 638000),)",2a3c603c
408649766,-778359407,3362,1:11:56.390000,"(datetime.datetime(2026, 8, 21, 17, 6, 57, 660000),)",2a3c600d
408650967,-778354690,3340,1:11:56.490000,"(datetime.datetime(2026, 8, 21, 17, 6, 57, 760000),)",2a3c603c
408649804,-778359252,3362,1:11:56.510000,"(datetime.datetime(2026, 8, 21, 17, 6, 57, 781000),)",2a3c600d
408651002,-778354536,3340,1:11:56.570000,"(datetime.datetime(2026, 8, 21, 17, 6, 57, 837000),)",2a3c603c
408649839,-778359103,3362,1:11:56.600000,"(datetime.datetime(2026, 8, 21, 17, 6, 57, 864000),)",2a3c600d
408651031,-778354386,3340,1:11:56.670000,"(datetime.datetime(2026, 8, 21, 17, 6, 57, 935000),)",2a3c603c
408649875,-778358951,3363,1:11:56.690000,"(datetime.datetime(2026, 8, 21, 17, 6, 57, 960000),)",2a3c600d
408651068,-778354226,3340,1:11:56.780000,"(datetime.datetime(2026, 8, 21, 17, 6, 58, 50000),)",2a3c603c
408649909,-778358800,3363,1:11:56.800000,"(datetime.datetime(2026, 8, 21, 17, 6, 58, 71000),)",2a3c600d
408651095,-778354076,3340,1:11:56.870000,"(datetime.datetime(2026, 8, 21, 17, 6, 58, 136000),)",2a3c603c
408649946,-778358650,3363,1:11:56.890000,"(datetime.datetime(2026, 8, 21, 17, 6, 58, 159000),)",2a3c600d
408651131,-778353921,3339,1:11:56.980000,"(datetime.datetime(2026, 8, 21, 17, 6, 58, 251000),)",2a3c603c
408649978,-778358497,3363,1:11:57.010000,"(datetime.datetime(2026, 8, 21, 17, 6, 58, 277000),)",2a3c600d
408651164,-778353766,3339,1:11:57.070000,"(datetime.datetime(2026, 8, 21, 17, 6, 58, 338000),)",2a3c603c
408650012,-778358344,3363,1:11:57.100000,"(datetime.datetime(2026, 8, 21, 17, 6, 58, 363000),)",2a3c600d
408651199,-778353612,3340,1:11:57.170000,"(datetime.datetime(2026, 8, 21, 17, 6, 58, 436000),)",2a3c603c
408650048,-778358191,3364,1:11:57.200000,"(datetime.datetime(2026, 8, 21, 17, 6, 58, 468000),)",2a3c600d
408651235,-778353461,3340,1:11:57.270000,"(datetime.datetime(2026, 8, 21, 17, 6, 58, 537000),)",2a3c603c
408650083,-778358039,3364,1:11:57.300000,"(datetime.datetime(2026, 8, 21, 17, 6, 58, 568000),)",2a3c600d
408651268,-778353309,3340,1:11:57.370000,"(datetime.datetime(2026, 8, 21, 17, 6, 58, 641000),)",2a3c603c
408650119,-778357885,3364,1:11:57.400000,"(datetime.datetime(2026, 8, 21, 17, 6, 58, 671000),)",2a3c600d
408651307,-778353154,3340,1:11:57.490000,"(datetime.datetime(2026, 8, 21, 17, 6, 58, 760000),)",2a3c603c
408650154,-778357733,3364,1:11:57.510000,"(datetime.datetime(2026, 8, 21, 17, 6, 58, 782000),)",2a3c600d
408651338,-778353002,3340,1:11:57.570000,"(datetime.datetime(2026, 8, 21, 17, 6, 58, 838000),)",2a3c603c
408650188,-778357580,3364,1:11:57.590000,"(datetime.datetime(2026, 8, 21, 17, 6, 58, 859000),)",2a3c600d
408651374,-778352849,3340,1:11:57.670000,"(datetime.datetime(2026, 8, 21, 17, 6, 58, 937000),)",2a3c603c
408650225,-778357429,3364,1:11:57.700000,"(datetime.datetime(2026, 8, 21, 17, 6, 58, 963000),)",2a3c600d
408651408,-778352698,3340,1:11:57.770000,"(datetime.datetime(2026, 8, 21, 17, 6, 59, 39000),)",2a3c603c
408650260,-778357273,3364,1:11:57.800000,"(datetime.datetime(2026, 8, 21, 17, 6, 59, 70000),)",2a3c600d
408651442,-778352542,3340,1:11:57.870000,"(datetime.datetime(2026, 8, 21, 17, 6, 59, 138000),)",2a3c603c
408650294,-778357124,3364,1:11:57.890000,"(datetime.datetime(2026, 8, 21, 17, 6, 59, 162000),)",2a3c600d
408651479,-778352390,3341,1:11:57.970000,"(datetime.datetime(2026, 8, 21, 17, 6, 59, 240000),)",2a3c603c
408650330,-778356970,3365,1:11:57.990000,"(datetime.datetime(2026, 8, 21, 17, 6, 59, 261000),)",2a3c600d
408651515,-778352236,3341,1:11:58.070000,"(datetime.datetime(2026, 8, 21, 17, 6, 59, 335000),)",2a3c603c
408650363,-778356817,3364,1:11:58.090000,"(datetime.datetime(2026, 8, 21, 17, 6, 59, 360000),)",2a3c600d
408651548,-778352081,3340,1:11:58.170000,"(datetime.datetime(2026, 8, 21, 17, 6, 59, 435000),)",2a3c603c
408650398,-778356664,3365,1:11:58.190000,"(datetime.datetime(2026, 8, 21, 17, 6, 59, 459000),)",2a3c600d
408651582,-778351925,3340,1:11:58.270000,"(datetime.datetime(2026, 8, 21, 17, 6, 59, 536000),)",2a3c603c
408650434,-778356511,3365,1:11:58.290000,"(datetime.datetime(2026, 8, 21, 17, 6, 59, 561000),)",2a3c600d
408651617,-778351775,3340,1:11:58.380000,"(datetime.datetime(2026, 8, 21, 17, 6, 59, 643000),)",2a3c603c
408650469,-778356359,3365,1:11:58.410000,"(datetime.datetime(2026, 8, 21, 17, 6, 59, 674000),)",2a3c600d
408651648,-778351620,3340,1:11:58.470000,"(datetime.datetime(2026, 8, 21, 17, 6, 59, 736000),)",2a3c603c
408650502,-778356208,3366,1:11:58.500000,"(datetime.datetime(2026, 8, 21, 17, 6, 59, 764000),)",2a3c600d
408651684,-778351467,3340,1:11:58.570000,"(datetime.datetime(2026, 8, 21, 17, 6, 59, 835000),)",2a3c603c
408650536,-778356056,3366,1:11:58.590000,"(datetime.datetime(2026, 8, 21, 17, 6, 59, 860000),)",2a3c600d
408651718,-778351313,3341,1:11:58.670000,"(datetime.datetime(2026, 8, 21, 17, 6, 59, 936000),)",2a3c603c
408650572,-778355902,3366,1:11:58.690000,"(datetime.datetime(2026, 8, 21, 17, 6, 59, 962000),)",2a3c600d
408650607,-778355750,3366,1:11:58.750000,"(datetime.datetime(2026, 8, 21, 17, 7, 0, 22000),)",2a3c600d
408651752,-778351160,3341,1:11:58.780000,"(datetime.datetime(2026, 8, 21, 17, 7, 0, 48000),)",2a3c603c
408650642,-778355598,3366,1:11:58.850000,"(datetime.datetime(2026, 8, 21, 17, 7, 0, 122000),)",2a3c600d
408651784,-778351005,3341,1:11:58.870000,"(datetime.datetime(2026, 8, 21, 17, 7, 0, 140000),)",2a3c603c
408650642,-778355598,3366,1:11:58.960000,"(datetime.datetime(2026, 8, 21, 17, 7, 0, 223000),)",2a3c600d
408651818,-778350850,3341,1:11:58.980000,"(datetime.datetime(2026, 8, 21, 17, 7, 0, 247000),)",2a3c603c
408650679,-778355445,3367,1:11:59.050000,"(datetime.datetime(2026, 8, 21, 17, 7, 0, 322000),)",2a3c600d
408651854,-778350701,3341,1:11:59.070000,"(datetime.datetime(2026, 8, 21, 17, 7, 0, 340000),)",2a3c603c
408650713,-778355293,3367,1:11:59.160000,"(datetime.datetime(2026, 8, 21, 17, 7, 0, 428000),)",2a3c600d
408651891,-778350546,3342,1:11:59.180000,"(datetime.datetime(2026, 8, 21, 17, 7, 0, 450000),)",2a3c603c
408650748,-778355140,3367,1:11:59.250000,"(datetime.datetime(2026, 8, 21, 17, 7, 0, 522000),)",2a3c600d
408651921,-778350392,3341,1:11:59.280000,"(datetime.datetime(2026, 8, 21, 17, 7, 0, 549000),)",2a3c603c
408650783,-778354987,3367,1:11:59.350000,"(datetime.datetime(2026, 8, 21, 17, 7, 0, 622000),)",2a3c600d
408651957,-778350237,3342,1:11:59.380000,"(datetime.datetime(2026, 8, 21, 17, 7, 0, 644000),)",2a3c603c
408650819,-778354835,3368,1:11:59.460000,"(datetime.datetime(2026, 8, 21, 17, 7, 0, 726000),)",2a3c600d
408651991,-778350082,3341,1:11:59.520000,"(datetime.datetime(2026, 8, 21, 17, 7, 0, 784000),)",2a3c603c
408650853,-778354681,3368,1:11:59.560000,"(datetime.datetime(2026, 8, 21, 17, 7, 0, 824000),)",2a3c600d
408652023,-778349929,3341,1:11:59.570000,"(datetime.datetime(2026, 8, 21, 17, 7, 0, 840000),)",2a3c603c
408650887,-778354529,3368,1:11:59.660000,"(datetime.datetime(2026, 8, 21, 17, 7, 0, 926000),)",2a3c600d
408652059,-778349774,3342,1:11:59.680000,"(datetime.datetime(2026, 8, 21, 17, 7, 0, 945000),)",2a3c603c
408650921,-778354375,3368,1:11:59.760000,"(datetime.datetime(2026, 8, 21, 17, 7, 1, 29000),)",2a3c600d
408652090,-778349622,3342,1:11:59.780000,"(datetime.datetime(2026, 8, 21, 17, 7, 1, 46000),)",2a3c603c
408650956,-778354223,3368,1:11:59.850000,"(datetime.datetime(2026, 8, 21, 17, 7, 1, 122000),)",2a3c600d
408652122,-778349467,3343,1:11:59.870000,"(datetime.datetime(2026, 8, 21, 17, 7, 1, 141000),)",2a3c603c
408650992,-778354071,3368,1:11:59.960000,"(datetime.datetime(2026, 8, 21, 17, 7, 1, 223000),)",2a3c600d
408652149,-778349319,3344,1:11:59.990000,"(datetime.datetime(2026, 8, 21, 17, 7, 1, 260000),)",2a3c603c
408651026,-778353918,3368,1:12:00.060000,"(datetime.datetime(2026, 8, 21, 17, 7, 1, 325000),)",2a3c600d
408652182,-778349161,3345,1:12:00.080000,"(datetime.datetime(2026, 8, 21, 17, 7, 1, 352000),)",2a3c603c
408651060,-778353763,3369,1:12:00.150000,"(datetime.datetime(2026, 8, 21, 17, 7, 1, 421000),)",2a3c600d
408652213,-778349009,3344,1:12:00.180000,"(datetime.datetime(2026, 8, 21, 17, 7, 1, 451000),)",2a3c603c
408651095,-778353611,3369,1:12:00.250000,"(datetime.datetime(2026, 8, 21, 17, 7, 1, 522000),)",2a3c600d
408652246,-778348852,3345,1:12:00.270000,"(datetime.datetime(2026, 8, 21, 17, 7, 1, 540000),)",2a3c603c
408651132,-778353456,3369,1:12:00.350000,"(datetime.datetime(2026, 8, 21, 17, 7, 1, 622000),)",2a3c600d
408652278,-778348696,3345,1:12:00.380000,"(datetime.datetime(2026, 8, 21, 17, 7, 1, 643000),)",2a3c603c
408651166,-778353306,3369,1:12:00.450000,"(datetime.datetime(2026, 8, 21, 17, 7, 1, 721000),)",2a3c600d
408652310,-778348545,3345,1:12:00.530000,"(datetime.datetime(2026, 8, 21, 17, 7, 1, 794000),)",2a3c603c
408651200,-778353149,3369,1:12:00.550000,"(datetime.datetime(2026, 8, 21, 17, 7, 1, 822000),)",2a3c600d
408652344,-778348390,3345,1:12:00.570000,"(datetime.datetime(2026, 8, 21, 17, 7, 1, 837000),)",2a3c603c
408651268,-778352844,3369,1:12:00.660000,"(datetime.datetime(2026, 8, 21, 17, 7, 1, 924000),)",2a3c600d
408652378,-778348238,3346,1:12:00.680000,"(datetime.datetime(2026, 8, 21, 17, 7, 1, 948000),)",2a3c603c
408651268,-778352844,3369,1:12:00.760000,"(datetime.datetime(2026, 8, 21, 17, 7, 2, 25000),)",2a3c600d
408652409,-778348083,3345,1:12:00.770000,"(datetime.datetime(2026, 8, 21, 17, 7, 2, 42000),)",2a3c603c
408651303,-778352690,3369,1:12:00.850000,"(datetime.datetime(2026, 8, 21, 17, 7, 2, 122000),)",2a3c600d
408652440,-778347929,3346,1:12:00.880000,"(datetime.datetime(2026, 8, 21, 17, 7, 2, 144000),)",2a3c603c
408651336,-778352535,3369,1:12:00.950000,"(datetime.datetime(2026, 8, 21, 17, 7, 2, 221000),)",2a3c600d
408652472,-778347781,3345,1:12:00.980000,"(datetime.datetime(2026, 8, 21, 17, 7, 2, 245000),)",2a3c603c
408651372,-778352383,3369,1:12:01.060000,"(datetime.datetime(2026, 8, 21, 17, 7, 2, 325000),)",2a3c600d
408652506,-778347629,3346,1:12:01.080000,"(datetime.datetime(2026, 8, 21, 17, 7, 2, 347000),)",2a3c603c
408651404,-778352228,3370,1:12:01.160000,"(datetime.datetime(2026, 8, 21, 17, 7, 2, 424000),)",2a3c600d
408652539,-778347474,3346,1:12:01.170000,"(datetime.datetime(2026, 8, 21, 17, 7, 2, 442000),)",2a3c603c
408651437,-778352072,3370,1:12:01.270000,"(datetime.datetime(2026, 8, 21, 17, 7, 2, 532000),)",2a3c600d
408652572,-778347323,3346,1:12:01.290000,"(datetime.datetime(2026, 8, 21, 17, 7, 2, 558000),)",2a3c603c
408651468,-778351918,3370,1:12:01.360000,"(datetime.datetime(2026, 8, 21, 17, 7, 2, 624000),)",2a3c600d
408652604,-778347165,3346,1:12:01.380000,"(datetime.datetime(2026, 8, 21, 17, 7, 2, 643000),)",2a3c603c
408651501,-778351764,3370,1:12:01.450000,"(datetime.datetime(2026, 8, 21, 17, 7, 2, 722000),)",2a3c600d
408652635,-778347006,3346,1:12:01.530000,"(datetime.datetime(2026, 8, 21, 17, 7, 2, 794000),)",2a3c603c
408651534,-778351611,3370,1:12:01.550000,"(datetime.datetime(2026, 8, 21, 17, 7, 2, 822000),)",2a3c600d
408652667,-778346855,3346,1:12:01.570000,"(datetime.datetime(2026, 8, 21, 17, 7, 2, 839000),)",2a3c603c
408651565,-778351455,3370,1:12:01.650000,"(datetime.datetime(2026, 8, 21, 17, 7, 2, 922000),)",2a3c600d
408652700,-778346699,3347,1:12:01.680000,"(datetime.datetime(2026, 8, 21, 17, 7, 2, 944000),)",2a3c603c
408651595,-778351301,3370,1:12:01.760000,"(datetime.datetime(2026, 8, 21, 17, 7, 3, 23000),)",2a3c600d
408652733,-778346547,3347,1:12:01.790000,"(datetime.datetime(2026, 8, 21, 17, 7, 3, 53000),)",2a3c603c
408651628,-778351147,3370,1:12:01.850000,"(datetime.datetime(2026, 8, 21, 17, 7, 3, 122000),)",2a3c600d
408652766,-778346393,3347,1:12:01.880000,"(datetime.datetime(2026, 8, 21, 17, 7, 3, 143000),)",2a3c603c
408651661,-778350994,3370,1:12:01.950000,"(datetime.datetime(2026, 8, 21, 17, 7, 3, 220000),)",2a3c600d
408652796,-778346236,3347,1:12:01.970000,"(datetime.datetime(2026, 8, 21, 17, 7, 3, 241000),)",2a3c603c
408651693,-778350839,3370,1:12:02.050000,"(datetime.datetime(2026, 8, 21, 17, 7, 3, 321000),)",2a3c600d
408652829,-778346080,3347,1:12:02.070000,"(datetime.datetime(2026, 8, 21, 17, 7, 3, 336000),)",2a3c603c
408651724,-778350686,3370,1:12:02.160000,"(datetime.datetime(2026, 8, 21, 17, 7, 3, 426000),)",2a3c600d
408652861,-778345925,3347,1:12:02.180000,"(datetime.datetime(2026, 8, 21, 17, 7, 3, 443000),)",2a3c603c
408651757,-778350531,3371,1:12:02.260000,"(datetime.datetime(2026, 8, 21, 17, 7, 3, 528000),)",2a3c600d
408652895,-778345777,3347,1:12:02.280000,"(datetime.datetime(2026, 8, 21, 17, 7, 3, 547000),)",2a3c603c
408651789,-778350378,3371,1:12:02.350000,"(datetime.datetime(2026, 8, 21, 17, 7, 3, 622000),)",2a3c600d
408652927,-778345620,3347,1:12:02.380000,"(datetime.datetime(2026, 8, 21, 17, 7, 3, 643000),)",2a3c603c
408651820,-778350225,3371,1:12:02.450000,"(datetime.datetime(2026, 8, 21, 17, 7, 3, 719000),)",2a3c600d
408652959,-778345466,3347,1:12:02.530000,"(datetime.datetime(2026, 8, 21, 17, 7, 3, 794000),)",2a3c603c
408651886,-778349917,3371,1:12:02.550000,"(datetime.datetime(2026, 8, 21, 17, 7, 3, 820000),)",2a3c600d
408652995,-778345311,3347,1:12:02.570000,"(datetime.datetime(2026, 8, 21, 17, 7, 3, 835000),)",2a3c603c
408651886,-778349917,3371,1:12:02.650000,"(datetime.datetime(2026, 8, 21, 17, 7, 3, 914000),)",2a3c600d
408653027,-778345157,3347,1:12:02.670000,"(datetime.datetime(2026, 8, 21, 17, 7, 3, 935000),)",2a3c603c
408651917,-778349763,3371,1:12:02.750000,"(datetime.datetime(2026, 8, 21, 17, 7, 4, 16000),)",2a3c600d
408653064,-778345003,3347,1:12:02.770000,"(datetime.datetime(2026, 8, 21, 17, 7, 4, 36000),)",2a3c603c
408651950,-778349611,3372,1:12:02.850000,"(datetime.datetime(2026, 8, 21, 17, 7, 4, 114000),)",2a3c600d
408653096,-778344849,3347,1:12:02.870000,"(datetime.datetime(2026, 8, 21, 17, 7, 4, 139000),)",2a3c603c
408651985,-778349460,3372,1:12:02.950000,"(datetime.datetime(2026, 8, 21, 17, 7, 4, 215000),)",2a3c600d
408653131,-778344695,3347,1:12:02.970000,"(datetime.datetime(2026, 8, 21, 17, 7, 4, 240000),)",2a3c603c
408653164,-778344542,3348,1:12:03.010000,"(datetime.datetime(2026, 8, 21, 17, 7, 4, 277000),)",2a3c603c
408652017,-778349307,3372,1:12:03.050000,"(datetime.datetime(2026, 8, 21, 17, 7, 4, 313000),)",2a3c600d
408653200,-778344388,3348,1:12:03.110000,"(datetime.datetime(2026, 8, 21, 17, 7, 4, 376000),)",2a3c603c
408652052,-778349151,3372,1:12:03.150000,"(datetime.datetime(2026, 8, 21, 17, 7, 4, 413000),)",2a3c600d
408653234,-778344236,3348,1:12:03.210000,"(datetime.datetime(2026, 8, 21, 17, 7, 4, 476000),)",2a3c603c
408652084,-778348999,3372,1:12:03.250000,"(datetime.datetime(2026, 8, 21, 17, 7, 4, 513000),)",2a3c600d
408653264,-778344080,3347,1:12:03.310000,"(datetime.datetime(2026, 8, 21, 17, 7, 4, 577000),)",2a3c603c
408652117,-778348843,3373,1:12:03.360000,"(datetime.datetime(2026, 8, 21, 17, 7, 4, 628000),)",2a3c600d
408653297,-778343928,3348,1:12:03.410000,"(datetime.datetime(2026, 8, 21, 17, 7, 4, 677000),)",2a3c603c
408652149,-778348691,3373,1:12:03.450000,"(datetime.datetime(2026, 8, 21, 17, 7, 4, 715000),)",2a3c600d
408653334,-778343773,3349,1:12:03.520000,"(datetime.datetime(2026, 8, 21, 17, 7, 4, 783000),)",2a3c603c
408652183,-778348536,3373,1:12:03.550000,"(datetime.datetime(2026, 8, 21, 17, 7, 4, 813000),)",2a3c600d
408653366,-778343618,3349,1:12:03.610000,"(datetime.datetime(2026, 8, 21, 17, 7, 4, 877000),)",2a3c603c
408652215,-778348383,3373,1:12:03.650000,"(datetime.datetime(2026, 8, 21, 17, 7, 4, 914000),)",2a3c600d
408653403,-778343466,3348,1:12:03.710000,"(datetime.datetime(2026, 8, 21, 17, 7, 4, 978000),)",2a3c603c
408652248,-778348230,3373,1:12:03.750000,"(datetime.datetime(2026, 8, 21, 17, 7, 5, 14000),)",2a3c600d
408653437,-778343311,3348,1:12:03.810000,"(datetime.datetime(2026, 8, 21, 17, 7, 5, 77000),)",2a3c603c
408652283,-778348077,3373,1:12:03.850000,"(datetime.datetime(2026, 8, 21, 17, 7, 5, 114000),)",2a3c600d
408653477,-778343159,3349,1:12:03.910000,"(datetime.datetime(2026, 8, 21, 17, 7, 5, 178000),)",2a3c603c
408652319,-778347926,3374,1:12:03.950000,"(datetime.datetime(2026, 8, 21, 17, 7, 5, 217000),)",2a3c600d
408653510,-778343010,3349,1:12:04.010000,"(datetime.datetime(2026, 8, 21, 17, 7, 5, 276000),)",2a3c603c
408652353,-778347771,3374,1:12:04.050000,"(datetime.datetime(2026, 8, 21, 17, 7, 5, 313000),)",2a3c600d
408653547,-778342852,3349,1:12:04.110000,"(datetime.datetime(2026, 8, 21, 17, 7, 5, 377000),)",2a3c603c
408652386,-778347620,3373,1:12:04.150000,"(datetime.datetime(2026, 8, 21, 17, 7, 5, 414000),)",2a3c600d
408653579,-778342700,3349,1:12:04.210000,"(datetime.datetime(2026, 8, 21, 17, 7, 5, 476000),)",2a3c603c
408652419,-778347467,3374,1:12:04.250000,"(datetime.datetime(2026, 8, 21, 17, 7, 5, 515000),)",2a3c600d
408653614,-778342547,3349,1:12:04.310000,"(datetime.datetime(2026, 8, 21, 17, 7, 5, 579000),)",2a3c603c
408652453,-778347313,3374,1:12:04.350000,"(datetime.datetime(2026, 8, 21, 17, 7, 5, 613000),)",2a3c600d
408653649,-778342394,3349,1:12:04.410000,"(datetime.datetime(2026, 8, 21, 17, 7, 5, 677000),)",2a3c603c
408652485,-778347158,3374,1:12:04.450000,"(datetime.datetime(2026, 8, 21, 17, 7, 5, 713000),)",2a3c600d
408653681,-778342237,3349,1:12:04.510000,"(datetime.datetime(2026, 8, 21, 17, 7, 5, 782000),)",2a3c603c
408652521,-778347004,3374,1:12:04.550000,"(datetime.datetime(2026, 8, 21, 17, 7, 5, 813000),)",2a3c600d
408653716,-778342085,3349,1:12:04.610000,"(datetime.datetime(2026, 8, 21, 17, 7, 5, 877000),)",2a3c603c
408652553,-778346854,3374,1:12:04.650000,"(datetime.datetime(2026, 8, 21, 17, 7, 5, 916000),)",2a3c600d
408653753,-778341926,3349,1:12:04.710000,"(datetime.datetime(2026, 8, 21, 17, 7, 5, 976000),)",2a3c603c
408652587,-778346698,3374,1:12:04.750000,"(datetime.datetime(2026, 8, 21, 17, 7, 6, 13000),)",2a3c600d
408653787,-778341773,3349,1:12:04.810000,"(datetime.datetime(2026, 8, 21, 17, 7, 6, 77000),)",2a3c603c
408652621,-778346546,3374,1:12:04.850000,"(datetime.datetime(2026, 8, 21, 17, 7, 6, 114000),)",2a3c600d
408653819,-778341622,3349,1:12:04.910000,"(datetime.datetime(2026, 8, 21, 17, 7, 6, 176000),)",2a3c603c
408652658,-778346389,3374,1:12:04.950000,"(datetime.datetime(2026, 8, 21, 17, 7, 6, 216000),)",2a3c600d
408653853,-778341467,3349,1:12:05.010000,"(datetime.datetime(2026, 8, 21, 17, 7, 6, 276000),)",2a3c603c
408652693,-778346239,3374,1:12:05.050000,"(datetime.datetime(2026, 8, 21, 17, 7, 6, 313000),)",2a3c600d
408653889,-778341311,3349,1:12:05.110000,"(datetime.datetime(2026, 8, 21, 17, 7, 6, 377000),)",2a3c603c
408652727,-778346087,3374,1:12:05.150000,"(datetime.datetime(2026, 8, 21, 17, 7, 6, 415000),)",2a3c600d
408653925,-778341155,3349,1:12:05.210000,"(datetime.datetime(2026, 8, 21, 17, 7, 6, 476000),)",2a3c603c
408652759,-778345932,3374,1:12:05.250000,"(datetime.datetime(2026, 8, 21, 17, 7, 6, 515000),)",2a3c600d
408653958,-778341002,3349,1:12:05.310000,"(datetime.datetime(2026, 8, 21, 17, 7, 6, 576000),)",2a3c603c
408652794,-778345780,3374,1:12:05.350000,"(datetime.datetime(2026, 8, 21, 17, 7, 6, 617000),)",2a3c600d
408653992,-778340847,3349,1:12:05.410000,"(datetime.datetime(2026, 8, 21, 17, 7, 6, 679000),)",2a3c603c
408652829,-778345623,3374,1:12:05.450000,"(datetime.datetime(2026, 8, 21, 17, 7, 6, 719000),)",2a3c600d
408654023,-778340694,3349,1:12:05.520000,"(datetime.datetime(2026, 8, 21, 17, 7, 6, 784000),)",2a3c603c
408652862,-778345469,3374,1:12:05.550000,"(datetime.datetime(2026, 8, 21, 17, 7, 6, 813000),)",2a3c600d
408654059,-778340538,3350,1:12:05.610000,"(datetime.datetime(2026, 8, 21, 17, 7, 6, 877000),)",2a3c603c
408652895,-778345316,3374,1:12:05.650000,"(datetime.datetime(2026, 8, 21, 17, 7, 6, 914000),)",2a3c600d
408654092,-778340388,3349,1:12:05.710000,"(datetime.datetime(2026, 8, 21, 17, 7, 6, 976000),)",2a3c603c
408652931,-778345165,3375,1:12:05.750000,"(datetime.datetime(2026, 8, 21, 17, 7, 7, 13000),)",2a3c600d
408654127,-778340232,3350,1:12:05.810000,"(datetime.datetime(2026, 8, 21, 17, 7, 7, 77000),)",2a3c603c
408652966,-778345009,3375,1:12:05.850000,"(datetime.datetime(2026, 8, 21, 17, 7, 7, 113000),)",2a3c600d
408654162,-778340077,3350,1:12:05.910000,"(datetime.datetime(2026, 8, 21, 17, 7, 7, 177000),)",2a3c603c
408653002,-778344859,3375,1:12:05.950000,"(datetime.datetime(2026, 8, 21, 17, 7, 7, 216000),)",2a3c600d
408654196,-778339920,3349,1:12:06.010000,"(datetime.datetime(2026, 8, 21, 17, 7, 7, 276000),)",2a3c603c
408653035,-778344705,3376,1:12:06.060000,"(datetime.datetime(2026, 8, 21, 17, 7, 7, 328000),)",2a3c600d
408654229,-778339765,3350,1:12:06.110000,"(datetime.datetime(2026, 8, 21, 17, 7, 7, 377000),)",2a3c603c
408653069,-778344551,3375,1:12:06.150000,"(datetime.datetime(2026, 8, 21, 17, 7, 7, 413000),)",2a3c600d
408654263,-778339612,3350,1:12:06.210000,"(datetime.datetime(2026, 8, 21, 17, 7, 7, 477000),)",2a3c603c
408653104,-778344398,3376,1:12:06.250000,"(datetime.datetime(2026, 8, 21, 17, 7, 7, 514000),)",2a3c600d
408654298,-778339455,3350,1:12:06.310000,"(datetime.datetime(2026, 8, 21, 17, 7, 7, 576000),)",2a3c603c
408653137,-778344244,3376,1:12:06.350000,"(datetime.datetime(2026, 8, 21, 17, 7, 7, 613000),)",2a3c600d
408654331,-778339302,3349,1:12:06.420000,"(datetime.datetime(2026, 8, 21, 17, 7, 7, 684000),)",2a3c603c
408653171,-778344091,3376,1:12:06.450000,"(datetime.datetime(2026, 8, 21, 17, 7, 7, 714000),)",2a3c600d
408654364,-778339146,3349,1:12:06.510000,"(datetime.datetime(2026, 8, 21, 17, 7, 7, 776000),)",2a3c603c
408653206,-778343937,3376,1:12:06.550000,"(datetime.datetime(2026, 8, 21, 17, 7, 7, 813000),)",2a3c600d
408654400,-778338992,3350,1:12:06.610000,"(datetime.datetime(2026, 8, 21, 17, 7, 7, 878000),)",2a3c603c
408653237,-778343784,3376,1:12:06.650000,"(datetime.datetime(2026, 8, 21, 17, 7, 7, 913000),)",2a3c600d
408654431,-778338838,3350,1:12:06.710000,"(datetime.datetime(2026, 8, 21, 17, 7, 7, 978000),)",2a3c603c
408653274,-778343630,3376,1:12:06.750000,"(datetime.datetime(2026, 8, 21, 17, 7, 8, 14000),)",2a3c600d
408654464,-778338681,3350,1:12:06.810000,"(datetime.datetime(2026, 8, 21, 17, 7, 8, 78000),)",2a3c603c
408653308,-778343475,3376,1:12:06.850000,"(datetime.datetime(2026, 8, 21, 17, 7, 8, 114000),)",2a3c600d
408654502,-778338531,3350,1:12:06.910000,"(datetime.datetime(2026, 8, 21, 17, 7, 8, 178000),)",2a3c603c
408653343,-778343323,3376,1:12:06.950000,"(datetime.datetime(2026, 8, 21, 17, 7, 8, 214000),)",2a3c600d
408654535,-778338378,3350,1:12:07.010000,"(datetime.datetime(2026, 8, 21, 17, 7, 8, 276000),)",2a3c603c
408653377,-778343170,3376,1:12:07.050000,"(datetime.datetime(2026, 8, 21, 17, 7, 8, 315000),)",2a3c600d
408654571,-778338226,3350,1:12:07.130000,"(datetime.datetime(2026, 8, 21, 17, 7, 8, 399000),)",2a3c603c
408653414,-778343019,3376,1:12:07.150000,"(datetime.datetime(2026, 8, 21, 17, 7, 8, 418000),)",2a3c600d
408654606,-778338066,3351,1:12:07.210000,"(datetime.datetime(2026, 8, 21, 17, 7, 8, 478000),)",2a3c603c
408653445,-778342864,3376,1:12:07.260000,"(datetime.datetime(2026, 8, 21, 17, 7, 8, 527000),)",2a3c600d
408654639,-778337914,3350,1:12:07.310000,"(datetime.datetime(2026, 8, 21, 17, 7, 8, 578000),)",2a3c603c
408653478,-778342709,3376,1:12:07.350000,"(datetime.datetime(2026, 8, 21, 17, 7, 8, 614000),)",2a3c600d
408654671,-778337761,3350,1:12:07.410000,"(datetime.datetime(2026, 8, 21, 17, 7, 8, 678000),)",2a3c603c
408653512,-778342552,3376,1:12:07.450000,"(datetime.datetime(2026, 8, 21, 17, 7, 8, 713000),)",2a3c600d
408654706,-778337607,3350,1:12:07.510000,"(datetime.datetime(2026, 8, 21, 17, 7, 8, 777000),)",2a3c603c
408653543,-778342398,3376,1:12:07.550000,"(datetime.datetime(2026, 8, 21, 17, 7, 8, 814000),)",2a3c600d
408654739,-778337453,3350,1:12:07.610000,"(datetime.datetime(2026, 8, 21, 17, 7, 8, 876000),)",2a3c603c
408653574,-778342245,3376,1:12:07.650000,"(datetime.datetime(2026, 8, 21, 17, 7, 8, 913000),)",2a3c600d
408654773,-778337297,3350,1:12:07.710000,"(datetime.datetime(2026, 8, 21, 17, 7, 8, 982000),)",2a3c603c
408653606,-778342089,3376,1:12:07.750000,"(datetime.datetime(2026, 8, 21, 17, 7, 9, 13000),)",2a3c600d
408654805,-778337142,3350,1:12:07.780000,"(datetime.datetime(2026, 8, 21, 17, 7, 9, 50000),)",2a3c603c
408653637,-778341934,3376,1:12:07.850000,"(datetime.datetime(2026, 8, 21, 17, 7, 9, 115000),)",2a3c600d
408654844,-778336983,3351,1:12:07.880000,"(datetime.datetime(2026, 8, 21, 17, 7, 9, 146000),)",2a3c603c
408653671,-778341782,3377,1:12:07.890000,"(datetime.datetime(2026, 8, 21, 17, 7, 9, 162000),)",2a3c600d
408654876,-778336836,3351,1:12:07.970000,"(datetime.datetime(2026, 8, 21, 17, 7, 9, 236000),)",2a3c603c
408653701,-778341628,3377,1:12:08,"(datetime.datetime(2026, 8, 21, 17, 7, 9, 265000),)",2a3c600d
408654909,-778336677,3351,1:12:08.070000,"(datetime.datetime(2026, 8, 21, 17, 7, 9, 334000),)",2a3c603c
408653733,-778341474,3377,1:12:08.100000,"(datetime.datetime(2026, 8, 21, 17, 7, 9, 364000),)",2a3c600d
408654946,-778336523,3351,1:12:08.170000,"(datetime.datetime(2026, 8, 21, 17, 7, 9, 435000),)",2a3c603c
408653766,-778341320,3377,1:12:08.190000,"(datetime.datetime(2026, 8, 21, 17, 7, 9, 462000),)",2a3c600d
408654978,-778336368,3351,1:12:08.270000,"(datetime.datetime(2026, 8, 21, 17, 7, 9, 536000),)",2a3c603c
408653797,-778341166,3377,1:12:08.300000,"(datetime.datetime(2026, 8, 21, 17, 7, 9, 567000),)",2a3c600d
408655013,-778336214,3351,1:12:08.370000,"(datetime.datetime(2026, 8, 21, 17, 7, 9, 635000),)",2a3c603c
408653829,-778341013,3377,1:12:08.400000,"(datetime.datetime(2026, 8, 21, 17, 7, 9, 669000),)",2a3c600d
408655045,-778336064,3351,1:12:08.470000,"(datetime.datetime(2026, 8, 21, 17, 7, 9, 736000),)",2a3c603c
408655080,-778335908,3351,1:12:08.570000,"(datetime.datetime(2026, 8, 21, 17, 7, 9, 836000),)",2a3c603c
408653862,-778340859,3377,1:12:08.600000,"(datetime.datetime(2026, 8, 21, 17, 7, 9, 863000),)",2a3c600d
408653893,-778340706,3377,1:12:08.630000,"(datetime.datetime(2026, 8, 21, 17, 7, 9, 892000),)",2a3c600d
408655113,-778335754,3351,1:12:08.670000,"(datetime.datetime(2026, 8, 21, 17, 7, 9, 935000),)",2a3c603c
408653924,-778340549,3377,1:12:08.700000,"(datetime.datetime(2026, 8, 21, 17, 7, 9, 968000),)",2a3c600d
408655113,-778335754,3351,1:12:08.780000,"(datetime.datetime(2026, 8, 21, 17, 7, 10, 43000),)",2a3c603c
408653960,-778340394,3377,1:12:08.800000,"(datetime.datetime(2026, 8, 21, 17, 7, 10, 68000),)",2a3c600d
408655146,-778335598,3351,1:12:08.870000,"(datetime.datetime(2026, 8, 21, 17, 7, 10, 140000),)",2a3c603c
408653994,-778340244,3378,1:12:08.900000,"(datetime.datetime(2026, 8, 21, 17, 7, 10, 171000),)",2a3c600d
408655183,-778335444,3352,1:12:08.970000,"(datetime.datetime(2026, 8, 21, 17, 7, 10, 235000),)",2a3c603c
408654028,-778340087,3378,1:12:09.010000,"(datetime.datetime(2026, 8, 21, 17, 7, 10, 275000),)",2a3c600d
408655215,-778335293,3353,1:12:09.070000,"(datetime.datetime(2026, 8, 21, 17, 7, 10, 336000),)",2a3c603c
408654061,-778339935,3378,1:12:09.100000,"(datetime.datetime(2026, 8, 21, 17, 7, 10, 370000),)",2a3c600d
408655247,-778335138,3353,1:12:09.170000,"(datetime.datetime(2026, 8, 21, 17, 7, 10, 438000),)",2a3c603c
408654093,-778339780,3378,1:12:09.200000,"(datetime.datetime(2026, 8, 21, 17, 7, 10, 470000),)",2a3c600d
408655282,-778334984,3352,1:12:09.270000,"(datetime.datetime(2026, 8, 21, 17, 7, 10, 536000),)",2a3c603c
408654127,-778339626,3378,1:12:09.300000,"(datetime.datetime(2026, 8, 21, 17, 7, 10, 570000),)",2a3c600d
408655318,-778334830,3352,1:12:09.370000,"(datetime.datetime(2026, 8, 21, 17, 7, 10, 635000),)",2a3c603c
408654161,-778339472,3378,1:12:09.400000,"(datetime.datetime(2026, 8, 21, 17, 7, 10, 671000),)",2a3c600d
408655350,-778334676,3353,1:12:09.470000,"(datetime.datetime(2026, 8, 21, 17, 7, 10, 735000),)",2a3c603c
408654196,-778339320,3378,1:12:09.500000,"(datetime.datetime(2026, 8, 21, 17, 7, 10, 771000),)",2a3c600d
408655384,-778334519,3353,1:12:09.570000,"(datetime.datetime(2026, 8, 21, 17, 7, 10, 835000),)",2a3c603c
408654229,-778339165,3378,1:12:09.600000,"(datetime.datetime(2026, 8, 21, 17, 7, 10, 871000),)",2a3c600d
408655418,-778334369,3353,1:12:09.670000,"(datetime.datetime(2026, 8, 21, 17, 7, 10, 937000),)",2a3c603c
408654265,-778339013,3378,1:12:09.700000,"(datetime.datetime(2026, 8, 21, 17, 7, 10, 970000),)",2a3c600d
408655454,-778334214,3352,1:12:09.770000,"(datetime.datetime(2026, 8, 21, 17, 7, 11, 37000),)",2a3c603c
408654299,-778338859,3378,1:12:09.800000,"(datetime.datetime(2026, 8, 21, 17, 7, 11, 71000),)",2a3c600d
408655486,-778334062,3353,1:12:09.880000,"(datetime.datetime(2026, 8, 21, 17, 7, 11, 143000),)",2a3c603c
408654333,-778338711,3378,1:12:09.910000,"(datetime.datetime(2026, 8, 21, 17, 7, 11, 173000),)",2a3c600d
408655517,-778333909,3354,1:12:09.980000,"(datetime.datetime(2026, 8, 21, 17, 7, 11, 245000),)",2a3c603c
408654368,-778338558,3379,1:12:10,"(datetime.datetime(2026, 8, 21, 17, 7, 11, 271000),)",2a3c600d
408655550,-778333756,3355,1:12:10.070000,"(datetime.datetime(2026, 8, 21, 17, 7, 11, 335000),)",2a3c603c
408654404,-778338403,3379,1:12:10.100000,"(datetime.datetime(2026, 8, 21, 17, 7, 11, 371000),)",2a3c600d
408655586,-778333603,3354,1:12:10.170000,"(datetime.datetime(2026, 8, 21, 17, 7, 11, 436000),)",2a3c603c
408654438,-778338252,3379,1:12:10.210000,"(datetime.datetime(2026, 8, 21, 17, 7, 11, 474000),)",2a3c600d
408655619,-778333446,3354,1:12:10.270000,"(datetime.datetime(2026, 8, 21, 17, 7, 11, 535000),)",2a3c603c
408654473,-778338099,3379,1:12:10.310000,"(datetime.datetime(2026, 8, 21, 17, 7, 11, 572000),)",2a3c600d
408655655,-778333292,3354,1:12:10.370000,"(datetime.datetime(2026, 8, 21, 17, 7, 11, 637000),)",2a3c603c
408654508,-778337948,3379,1:12:10.400000,"(datetime.datetime(2026, 8, 21, 17, 7, 11, 671000),)",2a3c600d
408655690,-778333141,3354,1:12:10.470000,"(datetime.datetime(2026, 8, 21, 17, 7, 11, 737000),)",2a3c603c
408654543,-778337793,3379,1:12:10.500000,"(datetime.datetime(2026, 8, 21, 17, 7, 11, 771000),)",2a3c600d
408655725,-778332986,3355,1:12:10.570000,"(datetime.datetime(2026, 8, 21, 17, 7, 11, 835000),)",2a3c603c
408654577,-778337643,3379,1:12:10.600000,"(datetime.datetime(2026, 8, 21, 17, 7, 11, 871000),)",2a3c600d
408655760,-778332832,3354,1:12:10.680000,"(datetime.datetime(2026, 8, 21, 17, 7, 11, 945000),)",2a3c603c
408654613,-778337487,3379,1:12:10.700000,"(datetime.datetime(2026, 8, 21, 17, 7, 11, 972000),)",2a3c600d
408655793,-778332680,3354,1:12:10.770000,"(datetime.datetime(2026, 8, 21, 17, 7, 12, 37000),)",2a3c603c
408654646,-778337335,3378,1:12:10.800000,"(datetime.datetime(2026, 8, 21, 17, 7, 12, 72000),)",2a3c600d
408655830,-778332525,3355,1:12:10.870000,"(datetime.datetime(2026, 8, 21, 17, 7, 12, 137000),)",2a3c603c
408654683,-778337179,3378,1:12:10.900000,"(datetime.datetime(2026, 8, 21, 17, 7, 12, 170000),)",2a3c600d
408655864,-778332375,3355,1:12:10.970000,"(datetime.datetime(2026, 8, 21, 17, 7, 12, 237000),)",2a3c603c
408654715,-778337029,3379,1:12:11,"(datetime.datetime(2026, 8, 21, 17, 7, 12, 271000),)",2a3c600d
408655903,-778332220,3354,1:12:11.070000,"(datetime.datetime(2026, 8, 21, 17, 7, 12, 336000),)",2a3c603c
408654748,-778336874,3379,1:12:11.100000,"(datetime.datetime(2026, 8, 21, 17, 7, 12, 371000),)",2a3c600d
408655935,-778332068,3354,1:12:11.170000,"(datetime.datetime(2026, 8, 21, 17, 7, 12, 435000),)",2a3c603c
408654781,-778336723,3379,1:12:11.210000,"(datetime.datetime(2026, 8, 21, 17, 7, 12, 475000),)",2a3c600d
408655970,-778331915,3354,1:12:11.270000,"(datetime.datetime(2026, 8, 21, 17, 7, 12, 540000),)",2a3c603c
408654815,-778336567,3379,1:12:11.300000,"(datetime.datetime(2026, 8, 21, 17, 7, 12, 571000),)",2a3c600d
408656003,-778331761,3354,1:12:11.370000,"(datetime.datetime(2026, 8, 21, 17, 7, 12, 637000),)",2a3c603c
408654848,-778336416,3379,1:12:11.410000,"(datetime.datetime(2026, 8, 21, 17, 7, 12, 675000),)",2a3c600d
408656039,-778331604,3354,1:12:11.470000,"(datetime.datetime(2026, 8, 21, 17, 7, 12, 738000),)",2a3c603c
408654880,-778336262,3379,1:12:11.500000,"(datetime.datetime(2026, 8, 21, 17, 7, 12, 771000),)",2a3c600d
408656071,-778331451,3354,1:12:11.550000,"(datetime.datetime(2026, 8, 21, 17, 7, 12, 813000),)",2a3c603c
408654913,-778336108,3379,1:12:11.600000,"(datetime.datetime(2026, 8, 21, 17, 7, 12, 870000),)",2a3c600d
408656107,-778331298,3354,1:12:11.650000,"(datetime.datetime(2026, 8, 21, 17, 7, 12, 914000),)",2a3c603c
408654944,-778335954,3379,1:12:11.700000,"(datetime.datetime(2026, 8, 21, 17, 7, 12, 971000),)",2a3c600d
408656142,-778331143,3354,1:12:11.750000,"(datetime.datetime(2026, 8, 21, 17, 7, 13, 13000),)",2a3c603c
408654977,-778335801,3379,1:12:11.800000,"(datetime.datetime(2026, 8, 21, 17, 7, 13, 71000),)",2a3c600d
408656177,-778330988,3354,1:12:11.850000,"(datetime.datetime(2026, 8, 21, 17, 7, 13, 114000),)",2a3c603c
408655012,-778335653,3380,1:12:11.910000,"(datetime.datetime(2026, 8, 21, 17, 7, 13, 180000),)",2a3c600d
408656205,-778330834,3355,1:12:11.950000,"(datetime.datetime(2026, 8, 21, 17, 7, 13, 216000),)",2a3c603c
408655044,-778335500,3380,1:12:12,"(datetime.datetime(2026, 8, 21, 17, 7, 13, 271000),)",2a3c600d
408656237,-778330685,3355,1:12:12.050000,"(datetime.datetime(2026, 8, 21, 17, 7, 13, 315000),)",2a3c603c
408655075,-778335346,3380,1:12:12.100000,"(datetime.datetime(2026, 8, 21, 17, 7, 13, 372000),)",2a3c600d
408656274,-778330530,3355,1:12:12.150000,"(datetime.datetime(2026, 8, 21, 17, 7, 13, 416000),)",2a3c603c
408655109,-778335193,3380,1:12:12.200000,"(datetime.datetime(2026, 8, 21, 17, 7, 13, 470000),)",2a3c600d
408656306,-778330377,3355,1:12:12.250000,"(datetime.datetime(2026, 8, 21, 17, 7, 13, 513000),)",2a3c603c
408655141,-778335037,3380,1:12:12.300000,"(datetime.datetime(2026, 8, 21, 17, 7, 13, 571000),)",2a3c600d
408656340,-778330223,3355,1:12:12.350000,"(datetime.datetime(2026, 8, 21, 17, 7, 13, 614000),)",2a3c603c
408655174,-778334886,3380,1:12:12.400000,"(datetime.datetime(2026, 8, 21, 17, 7, 13, 671000),)",2a3c600d
408656376,-778330071,3355,1:12:12.450000,"(datetime.datetime(2026, 8, 21, 17, 7, 13, 715000),)",2a3c603c
408655207,-778334734,3380,1:12:12.500000,"(datetime.datetime(2026, 8, 21, 17, 7, 13, 771000),)",2a3c600d
408656411,-778329916,3355,1:12:12.550000,"(datetime.datetime(2026, 8, 21, 17, 7, 13, 820000),)",2a3c603c
408655242,-778334581,3380,1:12:12.610000,"(datetime.datetime(2026, 8, 21, 17, 7, 13, 873000),)",2a3c600d
408656444,-778329761,3355,1:12:12.650000,"(datetime.datetime(2026, 8, 21, 17, 7, 13, 915000),)",2a3c603c
408655274,-778334427,3380,1:12:12.700000,"(datetime.datetime(2026, 8, 21, 17, 7, 13, 971000),)",2a3c600d
408656480,-778329609,3355,1:12:12.750000,"(datetime.datetime(2026, 8, 21, 17, 7, 14, 14000),)",2a3c603c
408655308,-778334276,3380,1:12:12.800000,"(datetime.datetime(2026, 8, 21, 17, 7, 14, 71000),)",2a3c600d
408656516,-778329455,3355,1:12:12.850000,"(datetime.datetime(2026, 8, 21, 17, 7, 14, 115000),)",2a3c603c
408655345,-778334120,3380,1:12:12.900000,"(datetime.datetime(2026, 8, 21, 17, 7, 14, 171000),)",2a3c600d
408656550,-778329301,3356,1:12:12.950000,"(datetime.datetime(2026, 8, 21, 17, 7, 14, 215000),)",2a3c603c
408655380,-778333968,3380,1:12:13,"(datetime.datetime(2026, 8, 21, 17, 7, 14, 271000),)",2a3c600d
408656581,-778329153,3356,1:12:13.050000,"(datetime.datetime(2026, 8, 21, 17, 7, 14, 314000),)",2a3c603c
408655414,-778333816,3381,1:12:13.110000,"(datetime.datetime(2026, 8, 21, 17, 7, 14, 372000),)",2a3c600d
408656617,-778328994,3355,1:12:13.150000,"(datetime.datetime(2026, 8, 21, 17, 7, 14, 413000),)",2a3c603c
408655448,-778333661,3381,1:12:13.200000,"(datetime.datetime(2026, 8, 21, 17, 7, 14, 471000),)",2a3c600d
408656651,-778328843,3356,1:12:13.250000,"(datetime.datetime(2026, 8, 21, 17, 7, 14, 514000),)",2a3c603c
408655484,-778333510,3381,1:12:13.300000,"(datetime.datetime(2026, 8, 21, 17, 7, 14, 570000),)",2a3c600d
408656720,-778328537,3355,1:12:13.360000,"(datetime.datetime(2026, 8, 21, 17, 7, 14, 626000),)",2a3c603c
408655519,-778333357,3381,1:12:13.410000,"(datetime.datetime(2026, 8, 21, 17, 7, 14, 676000),)",2a3c600d
408656754,-778328385,3355,1:12:13.450000,"(datetime.datetime(2026, 8, 21, 17, 7, 14, 722000),)",2a3c603c
408655553,-778333204,3381,1:12:13.510000,"(datetime.datetime(2026, 8, 21, 17, 7, 14, 773000),)",2a3c600d
408656787,-778328227,3355,1:12:13.570000,"(datetime.datetime(2026, 8, 21, 17, 7, 14, 833000),)",2a3c603c
408655588,-778333050,3381,1:12:13.610000,"(datetime.datetime(2026, 8, 21, 17, 7, 14, 873000),)",2a3c600d
408656820,-778328074,3355,1:12:13.670000,"(datetime.datetime(2026, 8, 21, 17, 7, 14, 933000),)",2a3c603c
408655622,-778332898,3381,1:12:13.700000,"(datetime.datetime(2026, 8, 21, 17, 7, 14, 971000),)",2a3c600d
408656858,-778327919,3355,1:12:13.750000,"(datetime.datetime(2026, 8, 21, 17, 7, 15, 21000),)",2a3c603c
408655658,-778332744,3381,1:12:13.800000,"(datetime.datetime(2026, 8, 21, 17, 7, 15, 70000),)",2a3c600d
408656891,-778327772,3355,1:12:13.850000,"(datetime.datetime(2026, 8, 21, 17, 7, 15, 122000),)",2a3c603c
408655693,-778332594,3381,1:12:13.910000,"(datetime.datetime(2026, 8, 21, 17, 7, 15, 176000),)",2a3c600d
408656926,-778327614,3355,1:12:13.960000,"(datetime.datetime(2026, 8, 21, 17, 7, 15, 227000),)",2a3c603c
408655725,-778332441,3381,1:12:14,"(datetime.datetime(2026, 8, 21, 17, 7, 15, 270000),)",2a3c600d
408656961,-778327461,3356,1:12:14.070000,"(datetime.datetime(2026, 8, 21, 17, 7, 15, 334000),)",2a3c603c
408655757,-778332287,3381,1:12:14.100000,"(datetime.datetime(2026, 8, 21, 17, 7, 15, 372000),)",2a3c600d
408656993,-778327303,3355,1:12:14.160000,"(datetime.datetime(2026, 8, 21, 17, 7, 15, 424000),)",2a3c603c
408655792,-778332134,3382,1:12:14.200000,"(datetime.datetime(2026, 8, 21, 17, 7, 15, 471000),)",2a3c600d
408657029,-778327154,3355,1:12:14.250000,"(datetime.datetime(2026, 8, 21, 17, 7, 15, 522000),)",2a3c603c
408655826,-778331980,3382,1:12:14.300000,"(datetime.datetime(2026, 8, 21, 17, 7, 15, 570000),)",2a3c600d
408657062,-778326999,3355,1:12:14.360000,"(datetime.datetime(2026, 8, 21, 17, 7, 15, 622000),)",2a3c603c
408655859,-778331828,3382,1:12:14.420000,"(datetime.datetime(2026, 8, 21, 17, 7, 15, 691000),)",2a3c600d
408657062,-778326999,3355,1:12:14.460000,"(datetime.datetime(2026, 8, 21, 17, 7, 15, 723000),)",2a3c603c
408655892,-778331675,3382,1:12:14.500000,"(datetime.datetime(2026, 8, 21, 17, 7, 15, 772000),)",2a3c600d
408657097,-778326842,3355,1:12:14.550000,"(datetime.datetime(2026, 8, 21, 17, 7, 15, 822000),)",2a3c603c
408655928,-778331523,3382,1:12:14.610000,"(datetime.datetime(2026, 8, 21, 17, 7, 15, 876000),)",2a3c600d
408657131,-778326685,3355,1:12:14.660000,"(datetime.datetime(2026, 8, 21, 17, 7, 15, 923000),)",2a3c603c
408655960,-778331368,3382,1:12:14.710000,"(datetime.datetime(2026, 8, 21, 17, 7, 15, 976000),)",2a3c600d
408657162,-778326533,3355,1:12:14.750000,"(datetime.datetime(2026, 8, 21, 17, 7, 16, 21000),)",2a3c603c
408655993,-778331214,3382,1:12:14.800000,"(datetime.datetime(2026, 8, 21, 17, 7, 16, 71000),)",2a3c600d
408657196,-778326379,3355,1:12:14.860000,"(datetime.datetime(2026, 8, 21, 17, 7, 16, 124000),)",2a3c603c
408656027,-778331065,3382,1:12:14.910000,"(datetime.datetime(2026, 8, 21, 17, 7, 16, 172000),)",2a3c600d
408657226,-778326228,3355,1:12:14.950000,"(datetime.datetime(2026, 8, 21, 17, 7, 16, 222000),)",2a3c603c
408656060,-778330911,3382,1:12:15,"(datetime.datetime(2026, 8, 21, 17, 7, 16, 271000),)",2a3c600d
408657259,-778326074,3355,1:12:15.050000,"(datetime.datetime(2026, 8, 21, 17, 7, 16, 321000),)",2a3c603c
408656095,-778330759,3382,1:12:15.100000,"(datetime.datetime(2026, 8, 21, 17, 7, 16, 370000),)",2a3c600d
408657295,-778325921,3355,1:12:15.160000,"(datetime.datetime(2026, 8, 21, 17, 7, 16, 423000),)",2a3c603c
408656128,-778330606,3382,1:12:15.200000,"(datetime.datetime(2026, 8, 21, 17, 7, 16, 471000),)",2a3c600d
408657330,-778325766,3355,1:12:15.260000,"(datetime.datetime(2026, 8, 21, 17, 7, 16, 529000),)",2a3c603c
408656161,-778330450,3382,1:12:15.310000,"(datetime.datetime(2026, 8, 21, 17, 7, 16, 582000),)",2a3c600d
408657362,-778325611,3354,1:12:15.350000,"(datetime.datetime(2026, 8, 21, 17, 7, 16, 622000),)",2a3c603c
408656194,-778330300,3383,1:12:15.400000,"(datetime.datetime(2026, 8, 21, 17, 7, 16, 671000),)",2a3c600d
408657396,-778325460,3354,1:12:15.450000,"(datetime.datetime(2026, 8, 21, 17, 7, 16, 722000),)",2a3c603c
408656229,-778330144,3382,1:12:15.510000,"(datetime.datetime(2026, 8, 21, 17, 7, 16, 780000),)",2a3c600d
408657430,-778325299,3354,1:12:15.550000,"(datetime.datetime(2026, 8, 21, 17, 7, 16, 821000),)",2a3c603c
408656263,-778329992,3383,1:12:15.600000,"(datetime.datetime(2026, 8, 21, 17, 7, 16, 870000),)",2a3c600d
408657462,-778325148,3354,1:12:15.650000,"(datetime.datetime(2026, 8, 21, 17, 7, 16, 921000),)",2a3c603c
408656296,-778329840,3383,1:12:15.700000,"(datetime.datetime(2026, 8, 21, 17, 7, 16, 971000),)",2a3c600d
408657498,-778324988,3354,1:12:15.760000,"(datetime.datetime(2026, 8, 21, 17, 7, 17, 23000),)",2a3c603c
408656331,-778329685,3383,1:12:15.800000,"(datetime.datetime(2026, 8, 21, 17, 7, 17, 71000),)",2a3c600d
408657528,-778324839,3355,1:12:15.860000,"(datetime.datetime(2026, 8, 21, 17, 7, 17, 123000),)",2a3c603c
408656367,-778329533,3383,1:12:15.900000,"(datetime.datetime(2026, 8, 21, 17, 7, 17, 172000),)",2a3c600d
408657563,-778324687,3354,1:12:15.960000,"(datetime.datetime(2026, 8, 21, 17, 7, 17, 224000),)",2a3c603c
408656400,-778329376,3383,1:12:16.010000,"(datetime.datetime(2026, 8, 21, 17, 7, 17, 273000),)",2a3c600d
408657598,-778324534,3354,1:12:16.050000,"(datetime.datetime(2026, 8, 21, 17, 7, 17, 321000),)",2a3c603c
408656433,-778329226,3383,1:12:16.100000,"(datetime.datetime(2026, 8, 21, 17, 7, 17, 370000),)",2a3c600d
408657634,-778324377,3354,1:12:16.160000,"(datetime.datetime(2026, 8, 21, 17, 7, 17, 423000),)",2a3c603c
408656467,-778329072,3383,1:12:16.200000,"(datetime.datetime(2026, 8, 21, 17, 7, 17, 472000),)",2a3c600d
408657667,-778324222,3353,1:12:16.250000,"(datetime.datetime(2026, 8, 21, 17, 7, 17, 522000),)",2a3c603c
408656498,-778328921,3383,1:12:16.320000,"(datetime.datetime(2026, 8, 21, 17, 7, 17, 582000),)",2a3c600d
408657699,-778324064,3354,1:12:16.350000,"(datetime.datetime(2026, 8, 21, 17, 7, 17, 621000),)",2a3c603c
408656533,-778328763,3383,1:12:16.400000,"(datetime.datetime(2026, 8, 21, 17, 7, 17, 671000),)",2a3c600d
408657732,-778323912,3354,1:12:16.470000,"(datetime.datetime(2026, 8, 21, 17, 7, 17, 735000),)",2a3c603c
408656566,-778328613,3383,1:12:16.500000,"(datetime.datetime(2026, 8, 21, 17, 7, 17, 772000),)",2a3c600d
408657765,-778323757,3354,1:12:16.550000,"(datetime.datetime(2026, 8, 21, 17, 7, 17, 822000),)",2a3c603c
408656599,-778328458,3383,1:12:16.600000,"(datetime.datetime(2026, 8, 21, 17, 7, 17, 871000),)",2a3c600d
408657796,-778323596,3354,1:12:16.650000,"(datetime.datetime(2026, 8, 21, 17, 7, 17, 922000),)",2a3c603c
408656631,-778328307,3383,1:12:16.700000,"(datetime.datetime(2026, 8, 21, 17, 7, 17, 971000),)",2a3c600d
408657830,-778323438,3354,1:12:16.760000,"(datetime.datetime(2026, 8, 21, 17, 7, 18, 23000),)",2a3c603c
408656666,-778328151,3383,1:12:16.800000,"(datetime.datetime(2026, 8, 21, 17, 7, 18, 72000),)",2a3c600d
408657861,-778323286,3354,1:12:16.850000,"(datetime.datetime(2026, 8, 21, 17, 7, 18, 122000),)",2a3c603c
408656666,-778328151,3383,1:12:16.900000,"(datetime.datetime(2026, 8, 21, 17, 7, 18, 171000),)",2a3c600d
408657890,-778323131,3354,1:12:16.960000,"(datetime.datetime(2026, 8, 21, 17, 7, 18, 223000),)",2a3c603c
408656700,-778327999,3383,1:12:17,"(datetime.datetime(2026, 8, 21, 17, 7, 18, 272000),)",2a3c600d
408657921,-778322979,3354,1:12:17.060000,"(datetime.datetime(2026, 8, 21, 17, 7, 18, 323000),)",2a3c603c
408656734,-778327847,3383,1:12:17.100000,"(datetime.datetime(2026, 8, 21, 17, 7, 18, 371000),)",2a3c600d
408657956,-778322823,3354,1:12:17.160000,"(datetime.datetime(2026, 8, 21, 17, 7, 18, 425000),)",2a3c603c
408656767,-778327692,3383,1:12:17.200000,"(datetime.datetime(2026, 8, 21, 17, 7, 18, 471000),)",2a3c600d
408657988,-778322669,3354,1:12:17.250000,"(datetime.datetime(2026, 8, 21, 17, 7, 18, 522000),)",2a3c603c
408656801,-778327538,3383,1:12:17.300000,"(datetime.datetime(2026, 8, 21, 17, 7, 18, 571000),)",2a3c600d
408658019,-778322511,3354,1:12:17.350000,"(datetime.datetime(2026, 8, 21, 17, 7, 18, 622000),)",2a3c603c
408656834,-778327386,3383,1:12:17.400000,"(datetime.datetime(2026, 8, 21, 17, 7, 18, 670000),)",2a3c600d
408658051,-778322356,3354,1:12:17.450000,"(datetime.datetime(2026, 8, 21, 17, 7, 18, 722000),)",2a3c603c
408656867,-778327230,3383,1:12:17.500000,"(datetime.datetime(2026, 8, 21, 17, 7, 18, 771000),)",2a3c600d
408656901,-778327079,3383,1:12:17.550000,"(datetime.datetime(2026, 8, 21, 17, 7, 18, 813000),)",2a3c600d
408658086,-778322201,3354,1:12:17.570000,"(datetime.datetime(2026, 8, 21, 17, 7, 18, 834000),)",2a3c603c
408656935,-778326923,3383,1:12:17.640000,"(datetime.datetime(2026, 8, 21, 17, 7, 18, 911000),)",2a3c600d
408658116,-778322046,3354,1:12:17.670000,"(datetime.datetime(2026, 8, 21, 17, 7, 18, 935000),)",2a3c603c
408656969,-778326770,3383,1:12:17.750000,"(datetime.datetime(2026, 8, 21, 17, 7, 19, 12000),)",2a3c600d
408658150,-778321884,3354,1:12:17.770000,"(datetime.datetime(2026, 8, 21, 17, 7, 19, 34000),)",2a3c603c
408657002,-778326614,3383,1:12:17.860000,"(datetime.datetime(2026, 8, 21, 17, 7, 19, 122000),)",2a3c600d
408658182,-778321735,3353,1:12:17.870000,"(datetime.datetime(2026, 8, 21, 17, 7, 19, 142000),)",2a3c603c
408657035,-778326460,3383,1:12:17.940000,"(datetime.datetime(2026, 8, 21, 17, 7, 19, 212000),)",2a3c600d
408658214,-778321576,3354,1:12:17.970000,"(datetime.datetime(2026, 8, 21, 17, 7, 19, 235000),)",2a3c603c
408657070,-778326304,3383,1:12:18.050000,"(datetime.datetime(2026, 8, 21, 17, 7, 19, 313000),)",2a3c600d
408658244,-778321416,3353,1:12:18.060000,"(datetime.datetime(2026, 8, 21, 17, 7, 19, 328000),)",2a3c603c
408657103,-778326154,3383,1:12:18.140000,"(datetime.datetime(2026, 8, 21, 17, 7, 19, 412000),)",2a3c600d
408658277,-778321259,3353,1:12:18.170000,"(datetime.datetime(2026, 8, 21, 17, 7, 19, 433000),)",2a3c603c
408657138,-778325997,3382,1:12:18.240000,"(datetime.datetime(2026, 8, 21, 17, 7, 19, 510000),)",2a3c600d
408658306,-778321104,3352,1:12:18.250000,"(datetime.datetime(2026, 8, 21, 17, 7, 19, 522000),)",2a3c603c
408657170,-778325844,3383,1:12:18.360000,"(datetime.datetime(2026, 8, 21, 17, 7, 19, 628000),)",2a3c600d
408658336,-778320945,3352,1:12:18.380000,"(datetime.datetime(2026, 8, 21, 17, 7, 19, 652000),)",2a3c603c
408657204,-778325690,3383,1:12:18.440000,"(datetime.datetime(2026, 8, 21, 17, 7, 19, 711000),)",2a3c600d
408658366,-778320792,3352,1:12:18.470000,"(datetime.datetime(2026, 8, 21, 17, 7, 19, 733000),)",2a3c603c
408657238,-778325535,3382,1:12:18.550000,"(datetime.datetime(2026, 8, 21, 17, 7, 19, 813000),)",2a3c600d
408658393,-778320631,3352,1:12:18.570000,"(datetime.datetime(2026, 8, 21, 17, 7, 19, 834000),)",2a3c603c
408657271,-778325382,3382,1:12:18.640000,"(datetime.datetime(2026, 8, 21, 17, 7, 19, 911000),)",2a3c600d
408658420,-778320475,3351,1:12:18.670000,"(datetime.datetime(2026, 8, 21, 17, 7, 19, 933000),)",2a3c603c
408657305,-778325225,3383,1:12:18.740000,"(datetime.datetime(2026, 8, 21, 17, 7, 20, 11000),)",2a3c600d
408658443,-778320311,3352,1:12:18.760000,"(datetime.datetime(2026, 8, 21, 17, 7, 20, 26000),)",2a3c603c
408657337,-778325072,3382,1:12:18.850000,"(datetime.datetime(2026, 8, 21, 17, 7, 20, 115000),)",2a3c600d
408658470,-778320157,3352,1:12:18.870000,"(datetime.datetime(2026, 8, 21, 17, 7, 20, 138000),)",2a3c603c
408657375,-778324920,3383,1:12:18.950000,"(datetime.datetime(2026, 8, 21, 17, 7, 20, 219000),)",2a3c600d
408658493,-778320000,3352,1:12:18.970000,"(datetime.datetime(2026, 8, 21, 17, 7, 20, 239000),)",2a3c603c
408657405,-778324767,3383,1:12:19.050000,"(datetime.datetime(2026, 8, 21, 17, 7, 20, 313000),)",2a3c600d
408658512,-778319840,3353,1:12:19.070000,"(datetime.datetime(2026, 8, 21, 17, 7, 20, 334000),)",2a3c603c
408657442,-778324611,3382,1:12:19.140000,"(datetime.datetime(2026, 8, 21, 17, 7, 20, 411000),)",2a3c600d
408658539,-778319681,3352,1:12:19.160000,"(datetime.datetime(2026, 8, 21, 17, 7, 20, 430000),)",2a3c603c
408657474,-778324460,3383,1:12:19.250000,"(datetime.datetime(2026, 8, 21, 17, 7, 20, 514000),)",2a3c600d
408658583,-778319360,3351,1:12:19.260000,"(datetime.datetime(2026, 8, 21, 17, 7, 20, 526000),)",2a3c603c
408657511,-778324303,3383,1:12:19.350000,"(datetime.datetime(2026, 8, 21, 17, 7, 20, 613000),)",2a3c600d
408658604,-778319201,3351,1:12:19.370000,"(datetime.datetime(2026, 8, 21, 17, 7, 20, 640000),)",2a3c603c
408657544,-778324150,3382,1:12:19.440000,"(datetime.datetime(2026, 8, 21, 17, 7, 20, 712000),)",2a3c600d
408658622,-778319041,3351,1:12:19.460000,"(datetime.datetime(2026, 8, 21, 17, 7, 20, 725000),)",2a3c603c
408657580,-778323993,3382,1:12:19.550000,"(datetime.datetime(2026, 8, 21, 17, 7, 20, 814000),)",2a3c600d
408658643,-778318884,3350,1:12:19.570000,"(datetime.datetime(2026, 8, 21, 17, 7, 20, 837000),)",2a3c603c
408657611,-778323844,3382,1:12:19.650000,"(datetime.datetime(2026, 8, 21, 17, 7, 20, 914000),)",2a3c600d
408658659,-778318726,3350,1:12:19.670000,"(datetime.datetime(2026, 8, 21, 17, 7, 20, 936000),)",2a3c603c
408657642,-778323689,3382,1:12:19.740000,"(datetime.datetime(2026, 8, 21, 17, 7, 21, 12000),)",2a3c600d
408658676,-778318559,3350,1:12:19.760000,"(datetime.datetime(2026, 8, 21, 17, 7, 21, 30000),)",2a3c603c
408657675,-778323535,3382,1:12:19.840000,"(datetime.datetime(2026, 8, 21, 17, 7, 21, 112000),)",2a3c600d
408658699,-778318407,3350,1:12:19.860000,"(datetime.datetime(2026, 8, 21, 17, 7, 21, 131000),)",2a3c603c
408657707,-778323383,3382,1:12:19.940000,"(datetime.datetime(2026, 8, 21, 17, 7, 21, 212000),)",2a3c600d
408658709,-778318247,3350,1:12:19.960000,"(datetime.datetime(2026, 8, 21, 17, 7, 21, 231000),)",2a3c603c
408657737,-778323228,3382,1:12:20.040000,"(datetime.datetime(2026, 8, 21, 17, 7, 21, 311000),)",2a3c600d
408658721,-778318086,3350,1:12:20.060000,"(datetime.datetime(2026, 8, 21, 17, 7, 21, 326000),)",2a3c603c
408657771,-778323073,3382,1:12:20.150000,"(datetime.datetime(2026, 8, 21, 17, 7, 21, 412000),)",2a3c600d
408658731,-778317923,3350,1:12:20.170000,"(datetime.datetime(2026, 8, 21, 17, 7, 21, 439000),)",2a3c603c
408657805,-778322917,3382,1:12:20.210000,"(datetime.datetime(2026, 8, 21, 17, 7, 21, 473000),)",2a3c600d
408658743,-778317762,3349,1:12:20.260000,"(datetime.datetime(2026, 8, 21, 17, 7, 21, 523000),)",2a3c603c
408657836,-778322763,3381,1:12:20.310000,"(datetime.datetime(2026, 8, 21, 17, 7, 21, 574000),)",2a3c600d
408658743,-778317762,3349,1:12:20.360000,"(datetime.datetime(2026, 8, 21, 17, 7, 21, 624000),)",2a3c603c
408657869,-778322607,3382,1:12:20.410000,"(datetime.datetime(2026, 8, 21, 17, 7, 21, 675000),)",2a3c600d
408658754,-778317603,3349,1:12:20.460000,"(datetime.datetime(2026, 8, 21, 17, 7, 21, 722000),)",2a3c603c
408657900,-778322456,3381,1:12:20.510000,"(datetime.datetime(2026, 8, 21, 17, 7, 21, 773000),)",2a3c600d
408658760,-778317440,3349,1:12:20.560000,"(datetime.datetime(2026, 8, 21, 17, 7, 21, 823000),)",2a3c603c
408657934,-778322300,3381,1:12:20.610000,"(datetime.datetime(2026, 8, 21, 17, 7, 21, 875000),)",2a3c600d
408658768,-778317282,3349,1:12:20.660000,"(datetime.datetime(2026, 8, 21, 17, 7, 21, 923000),)",2a3c603c
408657967,-778322148,3381,1:12:20.710000,"(datetime.datetime(2026, 8, 21, 17, 7, 21, 978000),)",2a3c600d
408658773,-778317117,3349,1:12:20.760000,"(datetime.datetime(2026, 8, 21, 17, 7, 22, 23000),)",2a3c603c
408658000,-778321993,3381,1:12:20.810000,"(datetime.datetime(2026, 8, 21, 17, 7, 22, 75000),)",2a3c600d
408658786,-778316792,3349,1:12:20.860000,"(datetime.datetime(2026, 8, 21, 17, 7, 22, 123000),)",2a3c603c
408658034,-778321842,3381,1:12:20.910000,"(datetime.datetime(2026, 8, 21, 17, 7, 22, 174000),)",2a3c600d
408658786,-778316792,3349,1:12:20.960000,"(datetime.datetime(2026, 8, 21, 17, 7, 22, 223000),)",2a3c603c
408658068,-778321687,3381,1:12:21.010000,"(datetime.datetime(2026, 8, 21, 17, 7, 22, 275000),)",2a3c600d
408658786,-778316636,3349,1:12:21.060000,"(datetime.datetime(2026, 8, 21, 17, 7, 22, 323000),)",2a3c603c
408658099,-778321534,3381,1:12:21.110000,"(datetime.datetime(2026, 8, 21, 17, 7, 22, 374000),)",2a3c600d
408658784,-778316472,3349,1:12:21.160000,"(datetime.datetime(2026, 8, 21, 17, 7, 22, 422000),)",2a3c603c
408658132,-778321377,3380,1:12:21.210000,"(datetime.datetime(2026, 8, 21, 17, 7, 22, 473000),)",2a3c600d
408658786,-778316311,3349,1:12:21.250000,"(datetime.datetime(2026, 8, 21, 17, 7, 22, 522000),)",2a3c603c
408658163,-778321223,3380,1:12:21.310000,"(datetime.datetime(2026, 8, 21, 17, 7, 22, 574000),)",2a3c600d
408658784,-778316154,3348,1:12:21.360000,"(datetime.datetime(2026, 8, 21, 17, 7, 22, 624000),)",2a3c603c
408658194,-778321066,3380,1:12:21.410000,"(datetime.datetime(2026, 8, 21, 17, 7, 22, 675000),)",2a3c600d
408658780,-778315993,3348,1:12:21.460000,"(datetime.datetime(2026, 8, 21, 17, 7, 22, 726000),)",2a3c603c
408658224,-778320914,3380,1:12:21.510000,"(datetime.datetime(2026, 8, 21, 17, 7, 22, 773000),)",2a3c600d
408658775,-778315833,3348,1:12:21.560000,"(datetime.datetime(2026, 8, 21, 17, 7, 22, 824000),)",2a3c603c
408658255,-778320757,3379,1:12:21.610000,"(datetime.datetime(2026, 8, 21, 17, 7, 22, 875000),)",2a3c600d
408658760,-778315514,3348,1:12:21.660000,"(datetime.datetime(2026, 8, 21, 17, 7, 22, 924000),)",2a3c603c
408658284,-778320600,3380,1:12:21.710000,"(datetime.datetime(2026, 8, 21, 17, 7, 22, 974000),)",2a3c600d
408658760,-778315514,3348,1:12:21.750000,"(datetime.datetime(2026, 8, 21, 17, 7, 23, 22000),)",2a3c603c
408658313,-778320446,3379,1:12:21.810000,"(datetime.datetime(2026, 8, 21, 17, 7, 23, 74000),)",2a3c600d
408658743,-778315192,3347,1:12:21.860000,"(datetime.datetime(2026, 8, 21, 17, 7, 23, 124000),)",2a3c603c
408658343,-778320289,3379,1:12:21.910000,"(datetime.datetime(2026, 8, 21, 17, 7, 23, 174000),)",2a3c600d
408658722,-778315030,3347,1:12:21.960000,"(datetime.datetime(2026, 8, 21, 17, 7, 23, 229000),)",2a3c603c
408658370,-778320133,3379,1:12:22.010000,"(datetime.datetime(2026, 8, 21, 17, 7, 23, 273000),)",2a3c600d
408658722,-778315030,3347,1:12:22.070000,"(datetime.datetime(2026, 8, 21, 17, 7, 23, 334000),)",2a3c603c
408658395,-778319976,3379,1:12:22.110000,"(datetime.datetime(2026, 8, 21, 17, 7, 23, 380000),)",2a3c600d
408658708,-778314874,3347,1:12:22.160000,"(datetime.datetime(2026, 8, 21, 17, 7, 23, 431000),)",2a3c603c
408658421,-778319818,3379,1:12:22.210000,"(datetime.datetime(2026, 8, 21, 17, 7, 23, 474000),)",2a3c600d
408658692,-778314713,3347,1:12:22.260000,"(datetime.datetime(2026, 8, 21, 17, 7, 23, 529000),)",2a3c603c
408658445,-778319660,3378,1:12:22.310000,"(datetime.datetime(2026, 8, 21, 17, 7, 23, 573000),)",2a3c600d
408658673,-778314552,3347,1:12:22.360000,"(datetime.datetime(2026, 8, 21, 17, 7, 23, 629000),)",2a3c603c
408658469,-778319504,3378,1:12:22.410000,"(datetime.datetime(2026, 8, 21, 17, 7, 23, 674000),)",2a3c600d
408658655,-778314394,3347,1:12:22.460000,"(datetime.datetime(2026, 8, 21, 17, 7, 23, 728000),)",2a3c603c
408658493,-778319342,3378,1:12:22.510000,"(datetime.datetime(2026, 8, 21, 17, 7, 23, 774000),)",2a3c600d
408658632,-778314239,3346,1:12:22.560000,"(datetime.datetime(2026, 8, 21, 17, 7, 23, 829000),)",2a3c603c
408658513,-778319186,3378,1:12:22.610000,"(datetime.datetime(2026, 8, 21, 17, 7, 23, 875000),)",2a3c600d
408658609,-778314081,3346,1:12:22.660000,"(datetime.datetime(2026, 8, 21, 17, 7, 23, 930000),)",2a3c603c
408658533,-778319029,3378,1:12:22.710000,"(datetime.datetime(2026, 8, 21, 17, 7, 23, 974000),)",2a3c600d
408658583,-778313923,3346,1:12:22.760000,"(datetime.datetime(2026, 8, 21, 17, 7, 24, 28000),)",2a3c603c
408658553,-778318871,3378,1:12:22.810000,"(datetime.datetime(2026, 8, 21, 17, 7, 24, 73000),)",2a3c600d
408658557,-778313765,3346,1:12:22.860000,"(datetime.datetime(2026, 8, 21, 17, 7, 24, 131000),)",2a3c603c
408658571,-778318714,3377,1:12:22.910000,"(datetime.datetime(2026, 8, 21, 17, 7, 24, 175000),)",2a3c600d
408658533,-778313611,3346,1:12:22.960000,"(datetime.datetime(2026, 8, 21, 17, 7, 24, 230000),)",2a3c603c
408658586,-778318553,3377,1:12:23.020000,"(datetime.datetime(2026, 8, 21, 17, 7, 24, 284000),)",2a3c600d
408658496,-778313460,3346,1:12:23.060000,"(datetime.datetime(2026, 8, 21, 17, 7, 24, 331000),)",2a3c603c
408658601,-778318394,3377,1:12:23.110000,"(datetime.datetime(2026, 8, 21, 17, 7, 24, 374000),)",2a3c600d
408658468,-778313302,3346,1:12:23.160000,"(datetime.datetime(2026, 8, 21, 17, 7, 24, 429000),)",2a3c603c
408658618,-778318232,3377,1:12:23.210000,"(datetime.datetime(2026, 8, 21, 17, 7, 24, 475000),)",2a3c600d
408658434,-778313149,3346,1:12:23.260000,"(datetime.datetime(2026, 8, 21, 17, 7, 24, 528000),)",2a3c603c
408658633,-778318075,3377,1:12:23.310000,"(datetime.datetime(2026, 8, 21, 17, 7, 24, 573000),)",2a3c600d
408658400,-778312995,3345,1:12:23.360000,"(datetime.datetime(2026, 8, 21, 17, 7, 24, 628000),)",2a3c603c
408658646,-778317913,3377,1:12:23.410000,"(datetime.datetime(2026, 8, 21, 17, 7, 24, 673000),)",2a3c600d
408658364,-778312844,3345,1:12:23.470000,"(datetime.datetime(2026, 8, 21, 17, 7, 24, 738000),)",2a3c603c
408658660,-778317753,3376,1:12:23.510000,"(datetime.datetime(2026, 8, 21, 17, 7, 24, 773000),)",2a3c600d
408658329,-778312689,3345,1:12:23.560000,"(datetime.datetime(2026, 8, 21, 17, 7, 24, 830000),)",2a3c603c
408658671,-778317592,3376,1:12:23.610000,"(datetime.datetime(2026, 8, 21, 17, 7, 24, 876000),)",2a3c600d
408658293,-778312538,3345,1:12:23.660000,"(datetime.datetime(2026, 8, 21, 17, 7, 24, 930000),)",2a3c603c
408658681,-778317433,3376,1:12:23.710000,"(datetime.datetime(2026, 8, 21, 17, 7, 24, 974000),)",2a3c600d
408658249,-778312387,3345,1:12:23.760000,"(datetime.datetime(2026, 8, 21, 17, 7, 25, 28000),)",2a3c603c
408658690,-778317273,3376,1:12:23.810000,"(datetime.datetime(2026, 8, 21, 17, 7, 25, 73000),)",2a3c600d
408658206,-778312235,3345,1:12:23.860000,"(datetime.datetime(2026, 8, 21, 17, 7, 25, 130000),)",2a3c603c
408658703,-778317118,3376,1:12:23.910000,"(datetime.datetime(2026, 8, 21, 17, 7, 25, 174000),)",2a3c600d
408658170,-778312081,3344,1:12:23.960000,"(datetime.datetime(2026, 8, 21, 17, 7, 25, 228000),)",2a3c603c
408658704,-778316957,3376,1:12:24.010000,"(datetime.datetime(2026, 8, 21, 17, 7, 25, 274000),)",2a3c600d
408658118,-778311942,3344,1:12:24.070000,"(datetime.datetime(2026, 8, 21, 17, 7, 25, 335000),)",2a3c603c
408658708,-778316795,3375,1:12:24.110000,"(datetime.datetime(2026, 8, 21, 17, 7, 25, 373000),)",2a3c600d
408658067,-778311794,3343,1:12:24.160000,"(datetime.datetime(2026, 8, 21, 17, 7, 25, 429000),)",2a3c603c
408658708,-778316635,3375,1:12:24.210000,"(datetime.datetime(2026, 8, 21, 17, 7, 25, 480000),)",2a3c600d
408658018,-778311645,3344,1:12:24.260000,"(datetime.datetime(2026, 8, 21, 17, 7, 25, 529000),)",2a3c603c
408658707,-778316477,3375,1:12:24.310000,"(datetime.datetime(2026, 8, 21, 17, 7, 25, 574000),)",2a3c600d
408657969,-778311503,3343,1:12:24.360000,"(datetime.datetime(2026, 8, 21, 17, 7, 25, 629000),)",2a3c603c
408658705,-778316316,3375,1:12:24.410000,"(datetime.datetime(2026, 8, 21, 17, 7, 25, 673000),)",2a3c600d
408657915,-778311358,3344,1:12:24.460000,"(datetime.datetime(2026, 8, 21, 17, 7, 25, 729000),)",2a3c603c
408658702,-778316156,3375,1:12:24.480000,"(datetime.datetime(2026, 8, 21, 17, 7, 25, 752000),)",2a3c600d
408657859,-778311217,3343,1:12:24.560000,"(datetime.datetime(2026, 8, 21, 17, 7, 25, 828000),)",2a3c603c
408658697,-778315996,3375,1:12:24.580000,"(datetime.datetime(2026, 8, 21, 17, 7, 25, 845000),)",2a3c600d
408657806,-778311072,3342,1:12:24.660000,"(datetime.datetime(2026, 8, 21, 17, 7, 25, 929000),)",2a3c603c
408658692,-778315838,3374,1:12:24.690000,"(datetime.datetime(2026, 8, 21, 17, 7, 25, 954000),)",2a3c600d
408657748,-778310932,3342,1:12:24.760000,"(datetime.datetime(2026, 8, 21, 17, 7, 26, 28000),)",2a3c603c
408658684,-778315678,3374,1:12:24.780000,"(datetime.datetime(2026, 8, 21, 17, 7, 26, 46000),)",2a3c600d
408657688,-778310796,3342,1:12:24.860000,"(datetime.datetime(2026, 8, 21, 17, 7, 26, 130000),)",2a3c603c
408658682,-778315520,3374,1:12:24.890000,"(datetime.datetime(2026, 8, 21, 17, 7, 26, 155000),)",2a3c600d
408657631,-778310655,3341,1:12:24.960000,"(datetime.datetime(2026, 8, 21, 17, 7, 26, 229000),)",2a3c603c
408658668,-778315358,3374,1:12:24.980000,"(datetime.datetime(2026, 8, 21, 17, 7, 26, 248000),)",2a3c600d
408657564,-778310516,3341,1:12:25.060000,"(datetime.datetime(2026, 8, 21, 17, 7, 26, 329000),)",2a3c603c
408658658,-778315202,3373,1:12:25.080000,"(datetime.datetime(2026, 8, 21, 17, 7, 26, 351000),)",2a3c600d
408657499,-778310384,3341,1:12:25.160000,"(datetime.datetime(2026, 8, 21, 17, 7, 26, 429000),)",2a3c603c
408658646,-778315043,3374,1:12:25.190000,"(datetime.datetime(2026, 8, 21, 17, 7, 26, 456000),)",2a3c600d
408657432,-778310253,3340,1:12:25.260000,"(datetime.datetime(2026, 8, 21, 17, 7, 26, 529000),)",2a3c603c
408658634,-778314883,3373,1:12:25.280000,"(datetime.datetime(2026, 8, 21, 17, 7, 26, 552000),)",2a3c600d
408657363,-778310116,3340,1:12:25.360000,"(datetime.datetime(2026, 8, 21, 17, 7, 26, 629000),)",2a3c603c
408658621,-778314723,3373,1:12:25.380000,"(datetime.datetime(2026, 8, 21, 17, 7, 26, 651000),)",2a3c600d
408657297,-778309989,3340,1:12:25.460000,"(datetime.datetime(2026, 8, 21, 17, 7, 26, 729000),)",2a3c603c
408658604,-778314564,3373,1:12:25.480000,"(datetime.datetime(2026, 8, 21, 17, 7, 26, 750000),)",2a3c600d
408657225,-778309862,3339,1:12:25.570000,"(datetime.datetime(2026, 8, 21, 17, 7, 26, 836000),)",2a3c603c
408658590,-778314406,3373,1:12:25.580000,"(datetime.datetime(2026, 8, 21, 17, 7, 26, 852000),)",2a3c600d
408657155,-778309731,3338,1:12:25.660000,"(datetime.datetime(2026, 8, 21, 17, 7, 26, 932000),)",2a3c603c
408658590,-778314406,3373,1:12:25.690000,"(datetime.datetime(2026, 8, 21, 17, 7, 26, 956000),)",2a3c600d
408657078,-778309605,3339,1:12:25.760000,"(datetime.datetime(2026, 8, 21, 17, 7, 27, 29000),)",2a3c603c
408658571,-778314247,3373,1:12:25.780000,"(datetime.datetime(2026, 8, 21, 17, 7, 27, 44000),)",2a3c600d
408657002,-778309479,3339,1:12:25.860000,"(datetime.datetime(2026, 8, 21, 17, 7, 27, 130000),)",2a3c603c
408658541,-778313934,3373,1:12:25.890000,"(datetime.datetime(2026, 8, 21, 17, 7, 27, 153000),)",2a3c600d
408656933,-778309355,3338,1:12:25.960000,"(datetime.datetime(2026, 8, 21, 17, 7, 27, 232000),)",2a3c603c
408658541,-778313934,3373,1:12:25.990000,"(datetime.datetime(2026, 8, 21, 17, 7, 27, 257000),)",2a3c600d
408656853,-778309237,3338,1:12:26.070000,"(datetime.datetime(2026, 8, 21, 17, 7, 27, 333000),)",2a3c603c
408658514,-778313778,3372,1:12:26.090000,"(datetime.datetime(2026, 8, 21, 17, 7, 27, 356000),)",2a3c600d
408656776,-778309115,3337,1:12:26.160000,"(datetime.datetime(2026, 8, 21, 17, 7, 27, 428000),)",2a3c603c
408658488,-778313623,3372,1:12:26.180000,"(datetime.datetime(2026, 8, 21, 17, 7, 27, 448000),)",2a3c600d
408656694,-778308993,3337,1:12:26.260000,"(datetime.datetime(2026, 8, 21, 17, 7, 27, 530000),)",2a3c603c
408658462,-778313467,3372,1:12:26.290000,"(datetime.datetime(2026, 8, 21, 17, 7, 27, 559000),)",2a3c600d
408656610,-778308873,3338,1:12:26.360000,"(datetime.datetime(2026, 8, 21, 17, 7, 27, 628000),)",2a3c603c
408658431,-778313311,3372,1:12:26.380000,"(datetime.datetime(2026, 8, 21, 17, 7, 27, 651000),)",2a3c600d
408656527,-778308757,3337,1:12:26.460000,"(datetime.datetime(2026, 8, 21, 17, 7, 27, 729000),)",2a3c603c
408658400,-778313160,3372,1:12:26.480000,"(datetime.datetime(2026, 8, 21, 17, 7, 27, 743000),)",2a3c600d
408656447,-778308641,3337,1:12:26.560000,"(datetime.datetime(2026, 8, 21, 17, 7, 27, 830000),)",2a3c603c
408658366,-778313004,3372,1:12:26.590000,"(datetime.datetime(2026, 8, 21, 17, 7, 27, 855000),)",2a3c600d
408656360,-778308530,3337,1:12:26.660000,"(datetime.datetime(2026, 8, 21, 17, 7, 27, 929000),)",2a3c603c
408658331,-778312853,3371,1:12:26.690000,"(datetime.datetime(2026, 8, 21, 17, 7, 27, 958000),)",2a3c600d
408656270,-778308413,3338,1:12:26.760000,"(datetime.datetime(2026, 8, 21, 17, 7, 28, 29000),)",2a3c603c
408658293,-778312703,3371,1:12:26.780000,"(datetime.datetime(2026, 8, 21, 17, 7, 28, 49000),)",2a3c600d
408656186,-778308301,3338,1:12:26.860000,"(datetime.datetime(2026, 8, 21, 17, 7, 28, 129000),)",2a3c603c
408658254,-778312553,3371,1:12:26.890000,"(datetime.datetime(2026, 8, 21, 17, 7, 28, 155000),)",2a3c600d
408656114,-778308189,3336,1:12:26.960000,"(datetime.datetime(2026, 8, 21, 17, 7, 28, 232000),)",2a3c603c
408658222,-778312407,3371,1:12:26.990000,"(datetime.datetime(2026, 8, 21, 17, 7, 28, 254000),)",2a3c600d
408656020,-778308080,3336,1:12:27.060000,"(datetime.datetime(2026, 8, 21, 17, 7, 28, 329000),)",2a3c603c
408658175,-778312258,3371,1:12:27.080000,"(datetime.datetime(2026, 8, 21, 17, 7, 28, 345000),)",2a3c600d
408655930,-778307977,3335,1:12:27.160000,"(datetime.datetime(2026, 8, 21, 17, 7, 28, 430000),)",2a3c603c
408658131,-778312107,3371,1:12:27.190000,"(datetime.datetime(2026, 8, 21, 17, 7, 28, 454000),)",2a3c600d
408655838,-778307872,3336,1:12:27.260000,"(datetime.datetime(2026, 8, 21, 17, 7, 28, 529000),)",2a3c603c
408658086,-778311959,3370,1:12:27.290000,"(datetime.datetime(2026, 8, 21, 17, 7, 28, 553000),)",2a3c600d
408655742,-778307766,3336,1:12:27.360000,"(datetime.datetime(2026, 8, 21, 17, 7, 28, 629000),)",2a3c603c
408658039,-778311814,3370,1:12:27.380000,"(datetime.datetime(2026, 8, 21, 17, 7, 28, 649000),)",2a3c600d
408655648,-778307664,3336,1:12:27.460000,"(datetime.datetime(2026, 8, 21, 17, 7, 28, 729000),)",2a3c603c
408657989,-778311670,3371,1:12:27.490000,"(datetime.datetime(2026, 8, 21, 17, 7, 28, 755000),)",2a3c600d
408655553,-778307564,3335,1:12:27.560000,"(datetime.datetime(2026, 8, 21, 17, 7, 28, 829000),)",2a3c603c
408657942,-778311524,3370,1:12:27.580000,"(datetime.datetime(2026, 8, 21, 17, 7, 28, 842000),)",2a3c600d
408655457,-778307471,3335,1:12:27.660000,"(datetime.datetime(2026, 8, 21, 17, 7, 28, 929000),)",2a3c603c
408657889,-778311377,3370,1:12:27.690000,"(datetime.datetime(2026, 8, 21, 17, 7, 28, 953000),)",2a3c600d
408655362,-778307377,3335,1:12:27.760000,"(datetime.datetime(2026, 8, 21, 17, 7, 29, 29000),)",2a3c603c
408657837,-778311239,3370,1:12:27.770000,"(datetime.datetime(2026, 8, 21, 17, 7, 29, 42000),)",2a3c600d
408655260,-778307277,3335,1:12:27.860000,"(datetime.datetime(2026, 8, 21, 17, 7, 29, 129000),)",2a3c603c
408657782,-778311096,3370,1:12:27.880000,"(datetime.datetime(2026, 8, 21, 17, 7, 29, 152000),)",2a3c600d
408655174,-778307179,3334,1:12:27.960000,"(datetime.datetime(2026, 8, 21, 17, 7, 29, 229000),)",2a3c603c
408657737,-778310957,3369,1:12:27.980000,"(datetime.datetime(2026, 8, 21, 17, 7, 29, 247000),)",2a3c600d
408655066,-778307093,3334,1:12:28.060000,"(datetime.datetime(2026, 8, 21, 17, 7, 29, 329000),)",2a3c603c
408657673,-778310819,3369,1:12:28.080000,"(datetime.datetime(2026, 8, 21, 17, 7, 29, 343000),)",2a3c600d
408657614,-778310683,3369,1:12:28.170000,"(datetime.datetime(2026, 8, 21, 17, 7, 29, 440000),)",2a3c600d
408654967,-778307000,3334,1:12:28.200000,"(datetime.datetime(2026, 8, 21, 17, 7, 29, 472000),)",2a3c603c
408654865,-778306918,3334,1:12:28.260000,"(datetime.datetime(2026, 8, 21, 17, 7, 29, 529000),)",2a3c603c
408657554,-778310543,3368,1:12:28.280000,"(datetime.datetime(2026, 8, 21, 17, 7, 29, 549000),)",2a3c600d
408654762,-778306831,3334,1:12:28.360000,"(datetime.datetime(2026, 8, 21, 17, 7, 29, 628000),)",2a3c603c
408657492,-778310410,3368,1:12:28.390000,"(datetime.datetime(2026, 8, 21, 17, 7, 29, 656000),)",2a3c600d
408654661,-778306749,3334,1:12:28.460000,"(datetime.datetime(2026, 8, 21, 17, 7, 29, 729000),)",2a3c603c
408657428,-778310275,3368,1:12:28.490000,"(datetime.datetime(2026, 8, 21, 17, 7, 29, 757000),)",2a3c600d
408654556,-778306663,3334,1:12:28.560000,"(datetime.datetime(2026, 8, 21, 17, 7, 29, 829000),)",2a3c603c
408654454,-778306584,3333,1:12:28.580000,"(datetime.datetime(2026, 8, 21, 17, 7, 29, 852000),)",2a3c603c
408657362,-778310138,3368,1:12:28.620000,"(datetime.datetime(2026, 8, 21, 17, 7, 29, 888000),)",2a3c600d
408654346,-778306505,3333,1:12:28.670000,"(datetime.datetime(2026, 8, 21, 17, 7, 29, 938000),)",2a3c603c
408657297,-778310007,3368,1:12:28.680000,"(datetime.datetime(2026, 8, 21, 17, 7, 29, 951000),)",2a3c600d
408654238,-778306431,3333,1:12:28.770000,"(datetime.datetime(2026, 8, 21, 17, 7, 30, 37000),)",2a3c603c
408657226,-778309876,3368,1:12:28.790000,"(datetime.datetime(2026, 8, 21, 17, 7, 30, 62000),)",2a3c600d
408657157,-778309747,3367,1:12:28.870000,"(datetime.datetime(2026, 8, 21, 17, 7, 30, 138000),)",2a3c600d
408657095,-778309613,3367,1:12:28.920000,"(datetime.datetime(2026, 8, 21, 17, 7, 30, 187000),)",2a3c600d
408654134,-778306347,3334,1:12:28.960000,"(datetime.datetime(2026, 8, 21, 17, 7, 30, 228000),)",2a3c603c
408654024,-778306280,3334,1:12:28.980000,"(datetime.datetime(2026, 8, 21, 17, 7, 30, 247000),)",2a3c603c
408657018,-778309489,3367,1:12:29.020000,"(datetime.datetime(2026, 8, 21, 17, 7, 30, 288000),)",2a3c600d
408653915,-778306207,3333,1:12:29.070000,"(datetime.datetime(2026, 8, 21, 17, 7, 30, 339000),)",2a3c603c
408656943,-778309361,3367,1:12:29.120000,"(datetime.datetime(2026, 8, 21, 17, 7, 30, 390000),)",2a3c600d
408653807,-778306138,3333,1:12:29.160000,"(datetime.datetime(2026, 8, 21, 17, 7, 30, 429000),)",2a3c603c
408656870,-778309236,3367,1:12:29.220000,"(datetime.datetime(2026, 8, 21, 17, 7, 30, 488000),)",2a3c600d
408653695,-778306076,3333,1:12:29.270000,"(datetime.datetime(2026, 8, 21, 17, 7, 30, 541000),)",2a3c603c
408656793,-778309111,3366,1:12:29.320000,"(datetime.datetime(2026, 8, 21, 17, 7, 30, 588000),)",2a3c600d
408653584,-778306010,3333,1:12:29.360000,"(datetime.datetime(2026, 8, 21, 17, 7, 30, 630000),)",2a3c603c
408656718,-778308989,3366,1:12:29.420000,"(datetime.datetime(2026, 8, 21, 17, 7, 30, 689000),)",2a3c600d
408653469,-778305952,3333,1:12:29.470000,"(datetime.datetime(2026, 8, 21, 17, 7, 30, 737000),)",2a3c603c
408656638,-778308865,3366,1:12:29.520000,"(datetime.datetime(2026, 8, 21, 17, 7, 30, 788000),)",2a3c600d
408653355,-778305897,3333,1:12:29.560000,"(datetime.datetime(2026, 8, 21, 17, 7, 30, 828000),)",2a3c603c
408656559,-778308749,3366,1:12:29.620000,"(datetime.datetime(2026, 8, 21, 17, 7, 30, 887000),)",2a3c600d
408653243,-778305844,3332,1:12:29.660000,"(datetime.datetime(2026, 8, 21, 17, 7, 30, 928000),)",2a3c603c
408656480,-778308629,3366,1:12:29.720000,"(datetime.datetime(2026, 8, 21, 17, 7, 30, 988000),)",2a3c600d
408653129,-778305791,3332,1:12:29.760000,"(datetime.datetime(2026, 8, 21, 17, 7, 31, 29000),)",2a3c603c
408656398,-778308513,3365,1:12:29.820000,"(datetime.datetime(2026, 8, 21, 17, 7, 31, 89000),)",2a3c600d
408653015,-778305731,3332,1:12:29.870000,"(datetime.datetime(2026, 8, 21, 17, 7, 31, 133000),)",2a3c603c
408656324,-778308393,3366,1:12:29.920000,"(datetime.datetime(2026, 8, 21, 17, 7, 31, 188000),)",2a3c600d
408652900,-778305693,3332,1:12:29.970000,"(datetime.datetime(2026, 8, 21, 17, 7, 31, 240000),)",2a3c603c
408656234,-778308284,3366,1:12:30.020000,"(datetime.datetime(2026, 8, 21, 17, 7, 31, 288000),)",2a3c600d
408652781,-778305647,3333,1:12:30.060000,"(datetime.datetime(2026, 8, 21, 17, 7, 31, 330000),)",2a3c603c
408656150,-778308173,3365,1:12:30.120000,"(datetime.datetime(2026, 8, 21, 17, 7, 31, 388000),)",2a3c600d
408652665,-778305603,3332,1:12:30.160000,"(datetime.datetime(2026, 8, 21, 17, 7, 31, 430000),)",2a3c603c
408656064,-778308060,3365,1:12:30.220000,"(datetime.datetime(2026, 8, 21, 17, 7, 31, 488000),)",2a3c600d
408652550,-778305562,3332,1:12:30.270000,"(datetime.datetime(2026, 8, 21, 17, 7, 31, 536000),)",2a3c603c
408655978,-778307949,3365,1:12:30.320000,"(datetime.datetime(2026, 8, 21, 17, 7, 31, 588000),)",2a3c600d
408652431,-778305527,3332,1:12:30.370000,"(datetime.datetime(2026, 8, 21, 17, 7, 31, 642000),)",2a3c603c
408655889,-778307839,3365,1:12:30.420000,"(datetime.datetime(2026, 8, 21, 17, 7, 31, 687000),)",2a3c600d
408652313,-778305490,3331,1:12:30.460000,"(datetime.datetime(2026, 8, 21, 17, 7, 31, 728000),)",2a3c603c
408655800,-778307733,3365,1:12:30.530000,"(datetime.datetime(2026, 8, 21, 17, 7, 31, 792000),)",2a3c600d
408652192,-778305460,3332,1:12:30.560000,"(datetime.datetime(2026, 8, 21, 17, 7, 31, 830000),)",2a3c603c
408655708,-778307627,3365,1:12:30.620000,"(datetime.datetime(2026, 8, 21, 17, 7, 31, 887000),)",2a3c600d
408652076,-778305430,3331,1:12:30.660000,"(datetime.datetime(2026, 8, 21, 17, 7, 31, 929000),)",2a3c603c
408655618,-778307525,3364,1:12:30.720000,"(datetime.datetime(2026, 8, 21, 17, 7, 31, 988000),)",2a3c600d
408651955,-778305404,3331,1:12:30.760000,"(datetime.datetime(2026, 8, 21, 17, 7, 32, 29000),)",2a3c603c
408655525,-778307423,3364,1:12:30.820000,"(datetime.datetime(2026, 8, 21, 17, 7, 32, 89000),)",2a3c600d
408651838,-778305369,3332,1:12:30.860000,"(datetime.datetime(2026, 8, 21, 17, 7, 32, 130000),)",2a3c603c
408655439,-778307318,3364,1:12:30.920000,"(datetime.datetime(2026, 8, 21, 17, 7, 32, 188000),)",2a3c600d
408651717,-778305352,3332,1:12:30.970000,"(datetime.datetime(2026, 8, 21, 17, 7, 32, 236000),)",2a3c603c
408655341,-778307224,3364,1:12:31.020000,"(datetime.datetime(2026, 8, 21, 17, 7, 32, 288000),)",2a3c600d
408651598,-778305326,3331,1:12:31.060000,"(datetime.datetime(2026, 8, 21, 17, 7, 32, 331000),)",2a3c603c
408655245,-778307127,3364,1:12:31.120000,"(datetime.datetime(2026, 8, 21, 17, 7, 32, 390000),)",2a3c600d
408651478,-778305307,3331,1:12:31.160000,"(datetime.datetime(2026, 8, 21, 17, 7, 32, 431000),)",2a3c603c
408655147,-778307033,3364,1:12:31.220000,"(datetime.datetime(2026, 8, 21, 17, 7, 32, 487000),)",2a3c600d
408651357,-778305289,3331,1:12:31.260000,"(datetime.datetime(2026, 8, 21, 17, 7, 32, 529000),)",2a3c603c
408655050,-778306938,3364,1:12:31.320000,"(datetime.datetime(2026, 8, 21, 17, 7, 32, 588000),)",2a3c600d
408651236,-778305273,3331,1:12:31.360000,"(datetime.datetime(2026, 8, 21, 17, 7, 32, 630000),)",2a3c603c
408654953,-778306846,3364,1:12:31.420000,"(datetime.datetime(2026, 8, 21, 17, 7, 32, 688000),)",2a3c600d
408651118,-778305260,3330,1:12:31.460000,"(datetime.datetime(2026, 8, 21, 17, 7, 32, 729000),)",2a3c603c
408654853,-778306757,3363,1:12:31.520000,"(datetime.datetime(2026, 8, 21, 17, 7, 32, 789000),)",2a3c600d
408651118,-778305260,3330,1:12:31.570000,"(datetime.datetime(2026, 8, 21, 17, 7, 32, 833000),)",2a3c603c
408654753,-778306671,3364,1:12:31.620000,"(datetime.datetime(2026, 8, 21, 17, 7, 32, 888000),)",2a3c600d
408650998,-778305254,3330,1:12:31.660000,"(datetime.datetime(2026, 8, 21, 17, 7, 32, 930000),)",2a3c603c
408654650,-778306583,3364,1:12:31.720000,"(datetime.datetime(2026, 8, 21, 17, 7, 32, 988000),)",2a3c600d
408650877,-778305245,3330,1:12:31.760000,"(datetime.datetime(2026, 8, 21, 17, 7, 33, 30000),)",2a3c603c
408654548,-778306502,3363,1:12:31.820000,"(datetime.datetime(2026, 8, 21, 17, 7, 33, 88000),)",2a3c600d
408650754,-778305243,3330,1:12:31.860000,"(datetime.datetime(2026, 8, 21, 17, 7, 33, 129000),)",2a3c603c
408654451,-778306419,3363,1:12:31.920000,"(datetime.datetime(2026, 8, 21, 17, 7, 33, 188000),)",2a3c600d
408650635,-778305238,3330,1:12:31.960000,"(datetime.datetime(2026, 8, 21, 17, 7, 33, 229000),)",2a3c603c
408654341,-778306343,3363,1:12:32.020000,"(datetime.datetime(2026, 8, 21, 17, 7, 33, 288000),)",2a3c600d
408650515,-778305230,3330,1:12:32.060000,"(datetime.datetime(2026, 8, 21, 17, 7, 33, 330000),)",2a3c603c
408654237,-778306268,3363,1:12:32.130000,"(datetime.datetime(2026, 8, 21, 17, 7, 33, 395000),)",2a3c600d
408650391,-778305248,3330,1:12:32.160000,"(datetime.datetime(2026, 8, 21, 17, 7, 33, 429000),)",2a3c603c
408654128,-778306195,3363,1:12:32.220000,"(datetime.datetime(2026, 8, 21, 17, 7, 33, 488000),)",2a3c600d
408650272,-778305250,3329,1:12:32.270000,"(datetime.datetime(2026, 8, 21, 17, 7, 33, 535000),)",2a3c603c
408654024,-778306120,3362,1:12:32.320000,"(datetime.datetime(2026, 8, 21, 17, 7, 33, 590000),)",2a3c600d
408650149,-778305258,3330,1:12:32.360000,"(datetime.datetime(2026, 8, 21, 17, 7, 33, 629000),)",2a3c603c
408653913,-778306051,3362,1:12:32.420000,"(datetime.datetime(2026, 8, 21, 17, 7, 33, 687000),)",2a3c600d
408650030,-778305264,3329,1:12:32.460000,"(datetime.datetime(2026, 8, 21, 17, 7, 33, 729000),)",2a3c603c
408653805,-778305985,3362,1:12:32.520000,"(datetime.datetime(2026, 8, 21, 17, 7, 33, 787000),)",2a3c600d
408649909,-778305276,3329,1:12:32.560000,"(datetime.datetime(2026, 8, 21, 17, 7, 33, 830000),)",2a3c603c
408653696,-778305919,3362,1:12:32.620000,"(datetime.datetime(2026, 8, 21, 17, 7, 33, 889000),)",2a3c600d
408649787,-778305288,3329,1:12:32.660000,"(datetime.datetime(2026, 8, 21, 17, 7, 33, 931000),)",2a3c603c
408653584,-778305858,3362,1:12:32.720000,"(datetime.datetime(2026, 8, 21, 17, 7, 33, 990000),)",2a3c600d
408649665,-778305309,3329,1:12:32.760000,"(datetime.datetime(2026, 8, 21, 17, 7, 34, 30000),)",2a3c603c
408653473,-778305796,3361,1:12:32.820000,"(datetime.datetime(2026, 8, 21, 17, 7, 34, 91000),)",2a3c600d
408649544,-778305328,3329,1:12:32.860000,"(datetime.datetime(2026, 8, 21, 17, 7, 34, 130000),)",2a3c603c
408653366,-778305731,3361,1:12:32.920000,"(datetime.datetime(2026, 8, 21, 17, 7, 34, 187000),)",2a3c600d
408649422,-778305333,3329,1:12:32.960000,"(datetime.datetime(2026, 8, 21, 17, 7, 34, 229000),)",2a3c603c
408653248,-778305685,3361,1:12:33.020000,"(datetime.datetime(2026, 8, 21, 17, 7, 34, 288000),)",2a3c600d
408649302,-778305366,3329,1:12:33.060000,"(datetime.datetime(2026, 8, 21, 17, 7, 34, 330000),)",2a3c603c
408653132,-778305632,3361,1:12:33.120000,"(datetime.datetime(2026, 8, 21, 17, 7, 34, 390000),)",2a3c600d
408649183,-778305393,3328,1:12:33.170000,"(datetime.datetime(2026, 8, 21, 17, 7, 34, 438000),)",2a3c603c
408653017,-778305582,3360,1:12:33.220000,"(datetime.datetime(2026, 8, 21, 17, 7, 34, 487000),)",2a3c600d
408649065,-778305417,3328,1:12:33.260000,"(datetime.datetime(2026, 8, 21, 17, 7, 34, 530000),)",2a3c603c
408652902,-778305536,3360,1:12:33.320000,"(datetime.datetime(2026, 8, 21, 17, 7, 34, 588000),)",2a3c600d
408648942,-778305443,3328,1:12:33.360000,"(datetime.datetime(2026, 8, 21, 17, 7, 34, 631000),)",2a3c603c
408652788,-778305493,3360,1:12:33.420000,"(datetime.datetime(2026, 8, 21, 17, 7, 34, 690000),)",2a3c600d
408648827,-778305478,3328,1:12:33.460000,"(datetime.datetime(2026, 8, 21, 17, 7, 34, 730000),)",2a3c603c
408652670,-778305450,3360,1:12:33.520000,"(datetime.datetime(2026, 8, 21, 17, 7, 34, 787000),)",2a3c600d
408648706,-778305511,3328,1:12:33.560000,"(datetime.datetime(2026, 8, 21, 17, 7, 34, 829000),)",2a3c603c
408652552,-778305410,3360,1:12:33.620000,"(datetime.datetime(2026, 8, 21, 17, 7, 34, 890000),)",2a3c600d
408648590,-778305546,3327,1:12:33.660000,"(datetime.datetime(2026, 8, 21, 17, 7, 34, 931000),)",2a3c603c
408652434,-778305373,3360,1:12:33.720000,"(datetime.datetime(2026, 8, 21, 17, 7, 34, 989000),)",2a3c600d
408648471,-778305586,3327,1:12:33.760000,"(datetime.datetime(2026, 8, 21, 17, 7, 35, 29000),)",2a3c603c
408652316,-778305338,3359,1:12:33.820000,"(datetime.datetime(2026, 8, 21, 17, 7, 35, 88000),)",2a3c600d
408648352,-778305622,3327,1:12:33.860000,"(datetime.datetime(2026, 8, 21, 17, 7, 35, 130000),)",2a3c603c
408652204,-778305292,3359,1:12:33.920000,"(datetime.datetime(2026, 8, 21, 17, 7, 35, 189000),)",2a3c600d
408648231,-778305653,3327,1:12:33.980000,"(datetime.datetime(2026, 8, 21, 17, 7, 35, 242000),)",2a3c603c
408652082,-778305269,3359,1:12:34.020000,"(datetime.datetime(2026, 8, 21, 17, 7, 35, 289000),)",2a3c600d
408648121,-778305702,3327,1:12:34.060000,"(datetime.datetime(2026, 8, 21, 17, 7, 35, 332000),)",2a3c603c
408651967,-778305240,3359,1:12:34.120000,"(datetime.datetime(2026, 8, 21, 17, 7, 35, 388000),)",2a3c600d
408648005,-778305749,3327,1:12:34.160000,"(datetime.datetime(2026, 8, 21, 17, 7, 35, 432000),)",2a3c603c
408651844,-778305215,3358,1:12:34.230000,"(datetime.datetime(2026, 8, 21, 17, 7, 35, 495000),)",2a3c600d
408647887,-778305800,3326,1:12:34.260000,"(datetime.datetime(2026, 8, 21, 17, 7, 35, 529000),)",2a3c603c
408651726,-778305192,3359,1:12:34.320000,"(datetime.datetime(2026, 8, 21, 17, 7, 35, 587000),)",2a3c600d
408647771,-778305846,3326,1:12:34.360000,"(datetime.datetime(2026, 8, 21, 17, 7, 35, 629000),)",2a3c603c
408651605,-778305172,3358,1:12:34.420000,"(datetime.datetime(2026, 8, 21, 17, 7, 35, 687000),)",2a3c600d
408647655,-778305900,3326,1:12:34.460000,"(datetime.datetime(2026, 8, 21, 17, 7, 35, 731000),)",2a3c603c
408651485,-778305151,3358,1:12:34.520000,"(datetime.datetime(2026, 8, 21, 17, 7, 35, 788000),)",2a3c600d
408647545,-778305953,3326,1:12:34.560000,"(datetime.datetime(2026, 8, 21, 17, 7, 35, 829000),)",2a3c603c
408651366,-778305134,3358,1:12:34.620000,"(datetime.datetime(2026, 8, 21, 17, 7, 35, 888000),)",2a3c600d
408647432,-778306008,3325,1:12:34.660000,"(datetime.datetime(2026, 8, 21, 17, 7, 35, 930000),)",2a3c603c
408651246,-778305117,3358,1:12:34.720000,"(datetime.datetime(2026, 8, 21, 17, 7, 35, 990000),)",2a3c600d
408647321,-778306076,3326,1:12:34.760000,"(datetime.datetime(2026, 8, 21, 17, 7, 36, 30000),)",2a3c603c
408651126,-778305103,3357,1:12:34.820000,"(datetime.datetime(2026, 8, 21, 17, 7, 36, 88000),)",2a3c600d
408647206,-778306135,3326,1:12:34.860000,"(datetime.datetime(2026, 8, 21, 17, 7, 36, 129000),)",2a3c603c
408651010,-778305077,3357,1:12:34.920000,"(datetime.datetime(2026, 8, 21, 17, 7, 36, 187000),)",2a3c600d
408647097,-778306190,3325,1:12:34.960000,"(datetime.datetime(2026, 8, 21, 17, 7, 36, 232000),)",2a3c603c
408650890,-778305073,3357,1:12:35.020000,"(datetime.datetime(2026, 8, 21, 17, 7, 36, 289000),)",2a3c600d
408646987,-778306260,3325,1:12:35.060000,"(datetime.datetime(2026, 8, 21, 17, 7, 36, 330000),)",2a3c603c
408650768,-778305064,3357,1:12:35.120000,"(datetime.datetime(2026, 8, 21, 17, 7, 36, 389000),)",2a3c600d
408646874,-778306328,3326,1:12:35.170000,"(datetime.datetime(2026, 8, 21, 17, 7, 36, 438000),)",2a3c603c
408650648,-778305055,3357,1:12:35.220000,"(datetime.datetime(2026, 8, 21, 17, 7, 36, 487000),)",2a3c600d
408646767,-778306402,3326,1:12:35.260000,"(datetime.datetime(2026, 8, 21, 17, 7, 36, 530000),)",2a3c603c
408650528,-778305049,3357,1:12:35.320000,"(datetime.datetime(2026, 8, 21, 17, 7, 36, 587000),)",2a3c600d
408646659,-778306474,3325,1:12:35.360000,"(datetime.datetime(2026, 8, 21, 17, 7, 36, 629000),)",2a3c603c
408650407,-778305045,3356,1:12:35.420000,"(datetime.datetime(2026, 8, 21, 17, 7, 36, 688000),)",2a3c600d
408646552,-778306551,3325,1:12:35.460000,"(datetime.datetime(2026, 8, 21, 17, 7, 36, 730000),)",2a3c603c
408650284,-778305045,3356,1:12:35.520000,"(datetime.datetime(2026, 8, 21, 17, 7, 36, 788000),)",2a3c600d
408646449,-778306625,3324,1:12:35.560000,"(datetime.datetime(2026, 8, 21, 17, 7, 36, 829000),)",2a3c603c
408650165,-778305048,3356,1:12:35.630000,"(datetime.datetime(2026, 8, 21, 17, 7, 36, 894000),)",2a3c600d
408646348,-778306702,3323,1:12:35.670000,"(datetime.datetime(2026, 8, 21, 17, 7, 36, 934000),)",2a3c603c
408650045,-778305050,3356,1:12:35.720000,"(datetime.datetime(2026, 8, 21, 17, 7, 36, 988000),)",2a3c600d
408646238,-778306786,3324,1:12:35.760000,"(datetime.datetime(2026, 8, 21, 17, 7, 37, 29000),)",2a3c603c
408649926,-778305056,3356,1:12:35.820000,"(datetime.datetime(2026, 8, 21, 17, 7, 37, 87000),)",2a3c600d
408646133,-778306872,3324,1:12:35.860000,"(datetime.datetime(2026, 8, 21, 17, 7, 37, 131000),)",2a3c603c
408649802,-778305054,3356,1:12:35.920000,"(datetime.datetime(2026, 8, 21, 17, 7, 37, 188000),)",2a3c600d
408646026,-778306949,3325,1:12:35.960000,"(datetime.datetime(2026, 8, 21, 17, 7, 37, 230000),)",2a3c603c
408649682,-778305070,3356,1:12:36.020000,"(datetime.datetime(2026, 8, 21, 17, 7, 37, 288000),)",2a3c600d
408645931,-778307040,3324,1:12:36.060000,"(datetime.datetime(2026, 8, 21, 17, 7, 37, 331000),)",2a3c603c
408649561,-778305084,3355,1:12:36.120000,"(datetime.datetime(2026, 8, 21, 17, 7, 37, 389000),)",2a3c600d
408645830,-778307129,3324,1:12:36.140000,"(datetime.datetime(2026, 8, 21, 17, 7, 37, 410000),)",2a3c603c
408649443,-778305101,3355,1:12:36.220000,"(datetime.datetime(2026, 8, 21, 17, 7, 37, 490000),)",2a3c600d
408645730,-778307223,3324,1:12:36.250000,"(datetime.datetime(2026, 8, 21, 17, 7, 37, 515000),)",2a3c603c
408649321,-778305118,3355,1:12:36.320000,"(datetime.datetime(2026, 8, 21, 17, 7, 37, 587000),)",2a3c600d
408645632,-778307311,3324,1:12:36.340000,"(datetime.datetime(2026, 8, 21, 17, 7, 37, 606000),)",2a3c603c
408649201,-778305138,3355,1:12:36.420000,"(datetime.datetime(2026, 8, 21, 17, 7, 37, 688000),)",2a3c600d
408645533,-778307406,3323,1:12:36.450000,"(datetime.datetime(2026, 8, 21, 17, 7, 37, 715000),)",2a3c603c
408649082,-778305164,3355,1:12:36.520000,"(datetime.datetime(2026, 8, 21, 17, 7, 37, 788000),)",2a3c600d
408645438,-778307498,3323,1:12:36.550000,"(datetime.datetime(2026, 8, 21, 17, 7, 37, 813000),)",2a3c603c
408648965,-778305189,3355,1:12:36.620000,"(datetime.datetime(2026, 8, 21, 17, 7, 37, 888000),)",2a3c600d
408645343,-778307594,3323,1:12:36.650000,"(datetime.datetime(2026, 8, 21, 17, 7, 37, 913000),)",2a3c603c
408648846,-778305213,3354,1:12:36.720000,"(datetime.datetime(2026, 8, 21, 17, 7, 37, 988000),)",2a3c600d
408645249,-778307693,3323,1:12:36.740000,"(datetime.datetime(2026, 8, 21, 17, 7, 38, 10000),)",2a3c603c
408648730,-778305245,3354,1:12:36.820000,"(datetime.datetime(2026, 8, 21, 17, 7, 38, 88000),)",2a3c600d
408645155,-778307796,3323,1:12:36.840000,"(datetime.datetime(2026, 8, 21, 17, 7, 38, 108000),)",2a3c603c
408648609,-778305269,3354,1:12:36.930000,"(datetime.datetime(2026, 8, 21, 17, 7, 38, 196000),)",2a3c600d
408645057,-778307888,3324,1:12:36.950000,"(datetime.datetime(2026, 8, 21, 17, 7, 38, 220000),)",2a3c603c
408648490,-778305308,3354,1:12:37.020000,"(datetime.datetime(2026, 8, 21, 17, 7, 38, 289000),)",2a3c600d
408644968,-778307997,3324,1:12:37.060000,"(datetime.datetime(2026, 8, 21, 17, 7, 38, 325000),)",2a3c603c
408648373,-778305345,3354,1:12:37.120000,"(datetime.datetime(2026, 8, 21, 17, 7, 38, 387000),)",2a3c600d
408644876,-778308102,3324,1:12:37.140000,"(datetime.datetime(2026, 8, 21, 17, 7, 38, 411000),)",2a3c603c
408648254,-778305384,3353,1:12:37.220000,"(datetime.datetime(2026, 8, 21, 17, 7, 38, 488000),)",2a3c600d
408644789,-778308201,3324,1:12:37.240000,"(datetime.datetime(2026, 8, 21, 17, 7, 38, 511000),)",2a3c603c
408648141,-778305419,3353,1:12:37.320000,"(datetime.datetime(2026, 8, 21, 17, 7, 38, 587000),)",2a3c600d
408644698,-778308313,3323,1:12:37.340000,"(datetime.datetime(2026, 8, 21, 17, 7, 38, 608000),)",2a3c603c
408648021,-778305463,3353,1:12:37.420000,"(datetime.datetime(2026, 8, 21, 17, 7, 38, 690000),)",2a3c600d
408644612,-778308418,3323,1:12:37.450000,"(datetime.datetime(2026, 8, 21, 17, 7, 38, 718000),)",2a3c603c
408647904,-778305505,3353,1:12:37.520000,"(datetime.datetime(2026, 8, 21, 17, 7, 38, 788000),)",2a3c600d
408644524,-778308530,3323,1:12:37.540000,"(datetime.datetime(2026, 8, 21, 17, 7, 38, 806000),)",2a3c603c
408647791,-778305552,3353,1:12:37.620000,"(datetime.datetime(2026, 8, 21, 17, 7, 38, 887000),)",2a3c600d
408644441,-778308638,3323,1:12:37.640000,"(datetime.datetime(2026, 8, 21, 17, 7, 38, 910000),)",2a3c603c
408647678,-778305600,3353,1:12:37.720000,"(datetime.datetime(2026, 8, 21, 17, 7, 38, 990000),)",2a3c600d
408644354,-778308748,3323,1:12:37.740000,"(datetime.datetime(2026, 8, 21, 17, 7, 39, 12000),)",2a3c603c
408647559,-778305646,3352,1:12:37.820000,"(datetime.datetime(2026, 8, 21, 17, 7, 39, 87000),)",2a3c600d
408644269,-778308858,3323,1:12:37.840000,"(datetime.datetime(2026, 8, 21, 17, 7, 39, 110000),)",2a3c603c
408647444,-778305692,3353,1:12:37.920000,"(datetime.datetime(2026, 8, 21, 17, 7, 39, 189000),)",2a3c600d
408644182,-778308969,3324,1:12:37.950000,"(datetime.datetime(2026, 8, 21, 17, 7, 39, 214000),)",2a3c603c
408647333,-778305755,3353,1:12:38.020000,"(datetime.datetime(2026, 8, 21, 17, 7, 39, 288000),)",2a3c600d
408644102,-778309089,3324,1:12:38.040000,"(datetime.datetime(2026, 8, 21, 17, 7, 39, 304000),)",2a3c603c
408647221,-778305812,3353,1:12:38.120000,"(datetime.datetime(2026, 8, 21, 17, 7, 39, 388000),)",2a3c600d
408644019,-778309206,3324,1:12:38.130000,"(datetime.datetime(2026, 8, 21, 17, 7, 39, 402000),)",2a3c603c
408647109,-778305876,3352,1:12:38.220000,"(datetime.datetime(2026, 8, 21, 17, 7, 39, 488000),)",2a3c600d
408643938,-778309318,3324,1:12:38.250000,"(datetime.datetime(2026, 8, 21, 17, 7, 39, 519000),)",2a3c603c
408647001,-778305941,3352,1:12:38.320000,"(datetime.datetime(2026, 8, 21, 17, 7, 39, 589000),)",2a3c600d
408643858,-778309437,3324,1:12:38.340000,"(datetime.datetime(2026, 8, 21, 17, 7, 39, 610000),)",2a3c603c
408646892,-778306010,3352,1:12:38.420000,"(datetime.datetime(2026, 8, 21, 17, 7, 39, 688000),)",2a3c600d
408643778,-778309553,3323,1:12:38.440000,"(datetime.datetime(2026, 8, 21, 17, 7, 39, 711000),)",2a3c603c
408646784,-778306079,3352,1:12:38.530000,"(datetime.datetime(2026, 8, 21, 17, 7, 39, 794000),)",2a3c600d
408643698,-778309675,3323,1:12:38.550000,"(datetime.datetime(2026, 8, 21, 17, 7, 39, 816000),)",2a3c603c
408646678,-778306155,3351,1:12:38.620000,"(datetime.datetime(2026, 8, 21, 17, 7, 39, 888000),)",2a3c600d
408643622,-778309790,3323,1:12:38.640000,"(datetime.datetime(2026, 8, 21, 17, 7, 39, 907000),)",2a3c603c
408646572,-778306231,3351,1:12:38.720000,"(datetime.datetime(2026, 8, 21, 17, 7, 39, 988000),)",2a3c600d
408643539,-778309910,3323,1:12:38.750000,"(datetime.datetime(2026, 8, 21, 17, 7, 40, 14000),)",2a3c603c
408646468,-778306308,3351,1:12:38.820000,"(datetime.datetime(2026, 8, 21, 17, 7, 40, 88000),)",2a3c600d
408643458,-778310032,3324,1:12:38.840000,"(datetime.datetime(2026, 8, 21, 17, 7, 40, 104000),)",2a3c603c
408646363,-778306378,3351,1:12:38.920000,"(datetime.datetime(2026, 8, 21, 17, 7, 40, 189000),)",2a3c600d
408643378,-778310144,3324,1:12:38.940000,"(datetime.datetime(2026, 8, 21, 17, 7, 40, 211000),)",2a3c603c
408646261,-778306472,3351,1:12:39.020000,"(datetime.datetime(2026, 8, 21, 17, 7, 40, 288000),)",2a3c600d
408643302,-778310267,3324,1:12:39.040000,"(datetime.datetime(2026, 8, 21, 17, 7, 40, 310000),)",2a3c603c
408646159,-778306555,3350,1:12:39.120000,"(datetime.datetime(2026, 8, 21, 17, 7, 40, 388000),)",2a3c600d
408643227,-778310386,3323,1:12:39.140000,"(datetime.datetime(2026, 8, 21, 17, 7, 40, 412000),)",2a3c603c
408646059,-778306643,3350,1:12:39.230000,"(datetime.datetime(2026, 8, 21, 17, 7, 40, 496000),)",2a3c600d
408643148,-778310503,3323,1:12:39.260000,"(datetime.datetime(2026, 8, 21, 17, 7, 40, 526000),)",2a3c603c
408645959,-778306734,3350,1:12:39.320000,"(datetime.datetime(2026, 8, 21, 17, 7, 40, 588000),)",2a3c600d
408645861,-778306823,3350,1:12:39.420000,"(datetime.datetime(2026, 8, 21, 17, 7, 40, 688000),)",2a3c600d
408643069,-778310623,3323,1:12:39.440000,"(datetime.datetime(2026, 8, 21, 17, 7, 40, 710000),)",2a3c603c
408645762,-778306916,3350,1:12:39.520000,"(datetime.datetime(2026, 8, 21, 17, 7, 40, 787000),)",2a3c600d
408642992,-778310744,3323,1:12:39.530000,"(datetime.datetime(2026, 8, 21, 17, 7, 40, 801000),)",2a3c603c
408645667,-778307006,3349,1:12:39.620000,"(datetime.datetime(2026, 8, 21, 17, 7, 40, 887000),)",2a3c600d
408642915,-778310861,3323,1:12:39.640000,"(datetime.datetime(2026, 8, 21, 17, 7, 40, 908000),)",2a3c603c
408645568,-778307102,3349,1:12:39.720000,"(datetime.datetime(2026, 8, 21, 17, 7, 40, 988000),)",2a3c600d
408642836,-778310987,3323,1:12:39.740000,"(datetime.datetime(2026, 8, 21, 17, 7, 41, 12000),)",2a3c603c
408645470,-778307195,3349,1:12:39.820000,"(datetime.datetime(2026, 8, 21, 17, 7, 41, 88000),)",2a3c600d
408642757,-778311106,3323,1:12:39.840000,"(datetime.datetime(2026, 8, 21, 17, 7, 41, 110000),)",2a3c603c
408645369,-778307277,3349,1:12:39.920000,"(datetime.datetime(2026, 8, 21, 17, 7, 41, 188000),)",2a3c600d
408642680,-778311228,3323,1:12:39.940000,"(datetime.datetime(2026, 8, 21, 17, 7, 41, 210000),)",2a3c603c
408645278,-778307381,3349,1:12:40.020000,"(datetime.datetime(2026, 8, 21, 17, 7, 41, 289000),)",2a3c600d
408642602,-778311346,3323,1:12:40.040000,"(datetime.datetime(2026, 8, 21, 17, 7, 41, 310000),)",2a3c603c
408645180,-778307479,3349,1:12:40.130000,"(datetime.datetime(2026, 8, 21, 17, 7, 41, 393000),)",2a3c600d
408642526,-778311467,3323,1:12:40.150000,"(datetime.datetime(2026, 8, 21, 17, 7, 41, 418000),)",2a3c603c
408645089,-778307575,3350,1:12:40.220000,"(datetime.datetime(2026, 8, 21, 17, 7, 41, 487000),)",2a3c600d
408642374,-778311712,3323,1:12:40.240000,"(datetime.datetime(2026, 8, 21, 17, 7, 41, 505000),)",2a3c603c
408644995,-778307675,3349,1:12:40.320000,"(datetime.datetime(2026, 8, 21, 17, 7, 41, 589000),)",2a3c600d
408642374,-778311712,3323,1:12:40.350000,"(datetime.datetime(2026, 8, 21, 17, 7, 41, 613000),)",2a3c603c
408644901,-778307777,3350,1:12:40.420000,"(datetime.datetime(2026, 8, 21, 17, 7, 41, 688000),)",2a3c600d
408642221,-778311955,3323,1:12:40.440000,"(datetime.datetime(2026, 8, 21, 17, 7, 41, 710000),)",2a3c603c
408644812,-778307880,3350,1:12:40.520000,"(datetime.datetime(2026, 8, 21, 17, 7, 41, 787000),)",2a3c600d
408642221,-778311955,3323,1:12:40.540000,"(datetime.datetime(2026, 8, 21, 17, 7, 41, 809000),)",2a3c603c
408644721,-778307983,3349,1:12:40.620000,"(datetime.datetime(2026, 8, 21, 17, 7, 41, 888000),)",2a3c600d
408642069,-778312200,3322,1:12:40.640000,"(datetime.datetime(2026, 8, 21, 17, 7, 41, 908000),)",2a3c603c
408644632,-778308088,3349,1:12:40.720000,"(datetime.datetime(2026, 8, 21, 17, 7, 41, 987000),)",2a3c600d
408641991,-778312322,3322,1:12:40.740000,"(datetime.datetime(2026, 8, 21, 17, 7, 42, 7000),)",2a3c603c
408644543,-778308196,3349,1:12:40.800000,"(datetime.datetime(2026, 8, 21, 17, 7, 42, 67000),)",2a3c600d
408641919,-778312448,3322,1:12:40.830000,"(datetime.datetime(2026, 8, 21, 17, 7, 42, 96000),)",2a3c603c
408644451,-778308294,3349,1:12:40.900000,"(datetime.datetime(2026, 8, 21, 17, 7, 42, 168000),)",2a3c600d
408641919,-778312448,3322,1:12:40.930000,"(datetime.datetime(2026, 8, 21, 17, 7, 42, 195000),)",2a3c603c
408644370,-778308406,3348,1:12:41,"(datetime.datetime(2026, 8, 21, 17, 7, 42, 268000),)",2a3c600d
408641838,-778312575,3323,1:12:41.030000,"(datetime.datetime(2026, 8, 21, 17, 7, 42, 297000),)",2a3c603c
408644283,-778308517,3349,1:12:41.120000,"(datetime.datetime(2026, 8, 21, 17, 7, 42, 382000),)",2a3c600d
408641765,-778312702,3323,1:12:41.140000,"(datetime.datetime(2026, 8, 21, 17, 7, 42, 407000),)",2a3c603c
408641687,-778312828,3323,1:12:41.160000,"(datetime.datetime(2026, 8, 21, 17, 7, 42, 426000),)",2a3c603c
408644198,-778308630,3348,1:12:41.200000,"(datetime.datetime(2026, 8, 21, 17, 7, 42, 467000),)",2a3c600d
408644113,-778308742,3348,1:12:41.300000,"(datetime.datetime(2026, 8, 21, 17, 7, 42, 568000),)",2a3c600d
408641617,-778312949,3323,1:12:41.330000,"(datetime.datetime(2026, 8, 21, 17, 7, 42, 595000),)",2a3c603c
408644029,-778308858,3349,1:12:41.400000,"(datetime.datetime(2026, 8, 21, 17, 7, 42, 668000),)",2a3c600d
408641541,-778313079,3323,1:12:41.430000,"(datetime.datetime(2026, 8, 21, 17, 7, 42, 695000),)",2a3c603c
408643948,-778308969,3349,1:12:41.500000,"(datetime.datetime(2026, 8, 21, 17, 7, 42, 768000),)",2a3c600d
408641467,-778313205,3324,1:12:41.530000,"(datetime.datetime(2026, 8, 21, 17, 7, 42, 796000),)",2a3c603c
408643863,-778309085,3348,1:12:41.600000,"(datetime.datetime(2026, 8, 21, 17, 7, 42, 867000),)",2a3c600d
408641392,-778313334,3323,1:12:41.630000,"(datetime.datetime(2026, 8, 21, 17, 7, 42, 898000),)",2a3c603c
408643783,-778309199,3349,1:12:41.700000,"(datetime.datetime(2026, 8, 21, 17, 7, 42, 969000),)",2a3c600d
408641319,-778313454,3323,1:12:41.730000,"(datetime.datetime(2026, 8, 21, 17, 7, 42, 995000),)",2a3c603c
408643702,-778309318,3348,1:12:41.810000,"(datetime.datetime(2026, 8, 21, 17, 7, 43, 78000),)",2a3c600d
408641245,-778313577,3323,1:12:41.840000,"(datetime.datetime(2026, 8, 21, 17, 7, 43, 109000),)",2a3c603c
408643618,-778309426,3349,1:12:41.900000,"(datetime.datetime(2026, 8, 21, 17, 7, 43, 168000),)",2a3c600d
408641168,-778313706,3323,1:12:41.930000,"(datetime.datetime(2026, 8, 21, 17, 7, 43, 198000),)",2a3c603c
408641094,-778313828,3324,1:12:41.960000,"(datetime.datetime(2026, 8, 21, 17, 7, 43, 230000),)",2a3c603c
408643541,-778309547,3348,1:12:42.010000,"(datetime.datetime(2026, 8, 21, 17, 7, 43, 273000),)",2a3c600d
408643460,-778309665,3348,1:12:42.100000,"(datetime.datetime(2026, 8, 21, 17, 7, 43, 368000),)",2a3c600d
408641025,-778313951,3323,1:12:42.130000,"(datetime.datetime(2026, 8, 21, 17, 7, 43, 398000),)",2a3c603c
408643380,-778309785,3349,1:12:42.210000,"(datetime.datetime(2026, 8, 21, 17, 7, 43, 480000),)",2a3c600d
408640949,-778314078,3323,1:12:42.230000,"(datetime.datetime(2026, 8, 21, 17, 7, 43, 500000),)",2a3c603c
408643301,-778309906,3349,1:12:42.300000,"(datetime.datetime(2026, 8, 21, 17, 7, 43, 572000),)",2a3c600d
408640874,-778314204,3323,1:12:42.330000,"(datetime.datetime(2026, 8, 21, 17, 7, 43, 601000),)",2a3c603c
408643224,-778310024,3348,1:12:42.420000,"(datetime.datetime(2026, 8, 21, 17, 7, 43, 687000),)",2a3c600d
408640800,-778314329,3323,1:12:42.440000,"(datetime.datetime(2026, 8, 21, 17, 7, 43, 712000),)",2a3c603c
408640724,-778314449,3323,1:12:42.460000,"(datetime.datetime(2026, 8, 21, 17, 7, 43, 725000),)",2a3c603c
408643145,-778310144,3348,1:12:42.500000,"(datetime.datetime(2026, 8, 21, 17, 7, 43, 772000),)",2a3c600d
408643068,-778310266,3348,1:12:42.610000,"(datetime.datetime(2026, 8, 21, 17, 7, 43, 879000),)",2a3c600d
408640650,-778314576,3323,1:12:42.640000,"(datetime.datetime(2026, 8, 21, 17, 7, 43, 911000),)",2a3c603c
408642990,-778310387,3348,1:12:42.710000,"(datetime.datetime(2026, 8, 21, 17, 7, 43, 981000),)",2a3c600d
408640575,-778314699,3323,1:12:42.740000,"(datetime.datetime(2026, 8, 21, 17, 7, 44, 4000),)",2a3c603c
408642911,-778310510,3348,1:12:42.820000,"(datetime.datetime(2026, 8, 21, 17, 7, 44, 88000),)",2a3c600d
408640498,-778314823,3323,1:12:42.850000,"(datetime.datetime(2026, 8, 21, 17, 7, 44, 116000),)",2a3c603c
408642832,-778310626,3349,1:12:42.920000,"(datetime.datetime(2026, 8, 21, 17, 7, 44, 182000),)",2a3c600d
408640423,-778314948,3323,1:12:42.940000,"(datetime.datetime(2026, 8, 21, 17, 7, 44, 207000),)",2a3c603c
408642756,-778310752,3348,1:12:43.010000,"(datetime.datetime(2026, 8, 21, 17, 7, 44, 282000),)",2a3c600d
408640349,-778315069,3323,1:12:43.030000,"(datetime.datetime(2026, 8, 21, 17, 7, 44, 295000),)",2a3c603c
408642681,-778310876,3348,1:12:43.120000,"(datetime.datetime(2026, 8, 21, 17, 7, 44, 383000),)",2a3c600d
408640270,-778315198,3324,1:12:43.140000,"(datetime.datetime(2026, 8, 21, 17, 7, 44, 407000),)",2a3c603c
408642606,-778310999,3348,1:12:43.220000,"(datetime.datetime(2026, 8, 21, 17, 7, 44, 484000),)",2a3c600d
408640195,-778315319,3323,1:12:43.230000,"(datetime.datetime(2026, 8, 21, 17, 7, 44, 498000),)",2a3c603c
408642529,-778311124,3348,1:12:43.320000,"(datetime.datetime(2026, 8, 21, 17, 7, 44, 588000),)",2a3c600d
408640121,-778315442,3323,1:12:43.370000,"(datetime.datetime(2026, 8, 21, 17, 7, 44, 632000),)",2a3c603c
408640046,-778315566,3323,1:12:43.380000,"(datetime.datetime(2026, 8, 21, 17, 7, 44, 647000),)",2a3c603c
408642453,-778311249,3348,1:12:43.420000,"(datetime.datetime(2026, 8, 21, 17, 7, 44, 683000),)",2a3c600d
408639967,-778315690,3323,1:12:43.440000,"(datetime.datetime(2026, 8, 21, 17, 7, 44, 709000),)",2a3c603c
408642379,-778311375,3348,1:12:43.530000,"(datetime.datetime(2026, 8, 21, 17, 7, 44, 795000),)",2a3c600d
408639891,-778315814,3323,1:12:43.540000,"(datetime.datetime(2026, 8, 21, 17, 7, 44, 812000),)",2a3c603c
408642306,-778311502,3348,1:12:43.610000,"(datetime.datetime(2026, 8, 21, 17, 7, 44, 882000),)",2a3c600d
408639814,-778315939,3323,1:12:43.640000,"(datetime.datetime(2026, 8, 21, 17, 7, 44, 906000),)",2a3c603c
408642230,-778311628,3348,1:12:43.710000,"(datetime.datetime(2026, 8, 21, 17, 7, 44, 982000),)",2a3c600d
408639739,-778316060,3323,1:12:43.740000,"(datetime.datetime(2026, 8, 21, 17, 7, 45, 5000),)",2a3c603c
408642155,-778311752,3348,1:12:43.810000,"(datetime.datetime(2026, 8, 21, 17, 7, 45, 82000),)",2a3c600d
408639667,-778316183,3323,1:12:43.840000,"(datetime.datetime(2026, 8, 21, 17, 7, 45, 110000),)",2a3c603c
408642076,-778311875,3348,1:12:43.910000,"(datetime.datetime(2026, 8, 21, 17, 7, 45, 181000),)",2a3c600d
408639590,-778316303,3323,1:12:43.930000,"(datetime.datetime(2026, 8, 21, 17, 7, 45, 202000),)",2a3c603c
408642003,-778312002,3348,1:12:44.010000,"(datetime.datetime(2026, 8, 21, 17, 7, 45, 282000),)",2a3c600d
408639515,-778316428,3323,1:12:44.040000,"(datetime.datetime(2026, 8, 21, 17, 7, 45, 307000),)",2a3c603c
408641928,-778312128,3348,1:12:44.110000,"(datetime.datetime(2026, 8, 21, 17, 7, 45, 382000),)",2a3c600d
408639438,-778316553,3323,1:12:44.130000,"(datetime.datetime(2026, 8, 21, 17, 7, 45, 402000),)",2a3c603c
408639367,-778316684,3323,1:12:44.230000,"(datetime.datetime(2026, 8, 21, 17, 7, 45, 497000),)",2a3c603c
408641855,-778312248,3347,1:12:44.250000,"(datetime.datetime(2026, 8, 21, 17, 7, 45, 519000),)",2a3c600d
408641779,-778312376,3347,1:12:44.310000,"(datetime.datetime(2026, 8, 21, 17, 7, 45, 581000),)",2a3c600d
408639293,-778316811,3323,1:12:44.330000,"(datetime.datetime(2026, 8, 21, 17, 7, 45, 601000),)",2a3c603c
408641704,-778312500,3347,1:12:44.420000,"(datetime.datetime(2026, 8, 21, 17, 7, 45, 683000),)",2a3c600d
408639218,-778316936,3323,1:12:44.430000,"(datetime.datetime(2026, 8, 21, 17, 7, 45, 696000),)",2a3c603c
408641628,-778312623,3347,1:12:44.530000,"(datetime.datetime(2026, 8, 21, 17, 7, 45, 795000),)",2a3c600d
408639144,-778317064,3323,1:12:44.560000,"(datetime.datetime(2026, 8, 21, 17, 7, 45, 823000),)",2a3c603c
408641556,-778312749,3347,1:12:44.610000,"(datetime.datetime(2026, 8, 21, 17, 7, 45, 881000),)",2a3c600d
408639073,-778317192,3323,1:12:44.650000,"(datetime.datetime(2026, 8, 21, 17, 7, 45, 915000),)",2a3c603c
408641481,-778312875,3347,1:12:44.720000,"(datetime.datetime(2026, 8, 21, 17, 7, 45, 982000),)",2a3c600d
408638999,-778317317,3323,1:12:44.730000,"(datetime.datetime(2026, 8, 21, 17, 7, 45, 999000),)",2a3c603c
408641404,-778313000,3347,1:12:44.810000,"(datetime.datetime(2026, 8, 21, 17, 7, 46, 82000),)",2a3c600d
408638924,-778317442,3322,1:12:44.840000,"(datetime.datetime(2026, 8, 21, 17, 7, 46, 107000),)",2a3c603c
408641328,-778313119,3347,1:12:44.920000,"(datetime.datetime(2026, 8, 21, 17, 7, 46, 185000),)",2a3c600d
408638852,-778317568,3323,1:12:44.940000,"(datetime.datetime(2026, 8, 21, 17, 7, 46, 209000),)",2a3c603c
408641252,-778313248,3348,1:12:45.010000,"(datetime.datetime(2026, 8, 21, 17, 7, 46, 281000),)",2a3c600d
408638778,-778317696,3323,1:12:45.040000,"(datetime.datetime(2026, 8, 21, 17, 7, 46, 304000),)",2a3c603c
408641178,-778313371,3348,1:12:45.110000,"(datetime.datetime(2026, 8, 21, 17, 7, 46, 381000),)",2a3c600d
408638707,-778317825,3323,1:12:45.130000,"(datetime.datetime(2026, 8, 21, 17, 7, 46, 397000),)",2a3c603c
408641101,-778313498,3348,1:12:45.220000,"(datetime.datetime(2026, 8, 21, 17, 7, 46, 483000),)",2a3c600d
408638638,-778317955,3322,1:12:45.240000,"(datetime.datetime(2026, 8, 21, 17, 7, 46, 507000),)",2a3c603c
408641027,-778313621,3348,1:12:45.320000,"(datetime.datetime(2026, 8, 21, 17, 7, 46, 586000),)",2a3c600d
408638564,-778318082,3322,1:12:45.340000,"(datetime.datetime(2026, 8, 21, 17, 7, 46, 607000),)",2a3c603c
408640952,-778313747,3348,1:12:45.420000,"(datetime.datetime(2026, 8, 21, 17, 7, 46, 686000),)",2a3c600d
408638489,-778318211,3322,1:12:45.440000,"(datetime.datetime(2026, 8, 21, 17, 7, 46, 708000),)",2a3c603c
408640876,-778313875,3348,1:12:45.520000,"(datetime.datetime(2026, 8, 21, 17, 7, 46, 782000),)",2a3c600d
408638420,-778318337,3323,1:12:45.540000,"(datetime.datetime(2026, 8, 21, 17, 7, 46, 804000),)",2a3c603c
408640803,-778314001,3348,1:12:45.610000,"(datetime.datetime(2026, 8, 21, 17, 7, 46, 881000),)",2a3c600d
408638344,-778318468,3322,1:12:45.630000,"(datetime.datetime(2026, 8, 21, 17, 7, 46, 895000),)",2a3c603c
408640729,-778314127,3348,1:12:45.710000,"(datetime.datetime(2026, 8, 21, 17, 7, 46, 982000),)",2a3c600d
408638276,-778318597,3322,1:12:45.730000,"(datetime.datetime(2026, 8, 21, 17, 7, 47, 2000),)",2a3c603c
408640655,-778314253,3348,1:12:45.810000,"(datetime.datetime(2026, 8, 21, 17, 7, 47, 81000),)",2a3c600d
408638200,-778318725,3322,1:12:45.830000,"(datetime.datetime(2026, 8, 21, 17, 7, 47, 99000),)",2a3c603c
408640583,-778314378,3348,1:12:45.910000,"(datetime.datetime(2026, 8, 21, 17, 7, 47, 181000),)",2a3c600d
408638124,-778318850,3323,1:12:45.940000,"(datetime.datetime(2026, 8, 21, 17, 7, 47, 209000),)",2a3c603c
408640510,-778314508,3348,1:12:46.020000,"(datetime.datetime(2026, 8, 21, 17, 7, 47, 283000),)",2a3c600d
408638056,-778318985,3323,1:12:46.030000,"(datetime.datetime(2026, 8, 21, 17, 7, 47, 301000),)",2a3c603c
408640438,-778314633,3348,1:12:46.110000,"(datetime.datetime(2026, 8, 21, 17, 7, 47, 382000),)",2a3c600d
408637981,-778319105,3323,1:12:46.140000,"(datetime.datetime(2026, 8, 21, 17, 7, 47, 403000),)",2a3c603c
408640366,-778314763,3348,1:12:46.210000,"(datetime.datetime(2026, 8, 21, 17, 7, 47, 482000),)",2a3c600d
408637909,-778319240,3323,1:12:46.230000,"(datetime.datetime(2026, 8, 21, 17, 7, 47, 499000),)",2a3c603c
408640293,-778314889,3348,1:12:46.320000,"(datetime.datetime(2026, 8, 21, 17, 7, 47, 586000),)",2a3c600d
408637833,-778319365,3323,1:12:46.340000,"(datetime.datetime(2026, 8, 21, 17, 7, 47, 609000),)",2a3c603c
408640223,-778315018,3348,1:12:46.410000,"(datetime.datetime(2026, 8, 21, 17, 7, 47, 681000),)",2a3c600d
408637761,-778319491,3323,1:12:46.430000,"(datetime.datetime(2026, 8, 21, 17, 7, 47, 701000),)",2a3c603c
408640148,-778315147,3348,1:12:46.520000,"(datetime.datetime(2026, 8, 21, 17, 7, 47, 783000),)",2a3c600d
408637687,-778319620,3322,1:12:46.540000,"(datetime.datetime(2026, 8, 21, 17, 7, 47, 806000),)",2a3c603c
408640077,-778315273,3348,1:12:46.620000,"(datetime.datetime(2026, 8, 21, 17, 7, 47, 884000),)",2a3c600d
408637614,-778319744,3322,1:12:46.640000,"(datetime.datetime(2026, 8, 21, 17, 7, 47, 909000),)",2a3c603c
408640003,-778315402,3348,1:12:46.710000,"(datetime.datetime(2026, 8, 21, 17, 7, 47, 982000),)",2a3c600d
408637539,-778319871,3322,1:12:46.730000,"(datetime.datetime(2026, 8, 21, 17, 7, 47, 996000),)",2a3c603c
408639929,-778315530,3348,1:12:46.820000,"(datetime.datetime(2026, 8, 21, 17, 7, 48, 90000),)",2a3c600d
408637470,-778320001,3323,1:12:46.850000,"(datetime.datetime(2026, 8, 21, 17, 7, 48, 117000),)",2a3c603c
408639856,-778315658,3348,1:12:46.910000,"(datetime.datetime(2026, 8, 21, 17, 7, 48, 181000),)",2a3c600d
408637399,-778320124,3322,1:12:46.950000,"(datetime.datetime(2026, 8, 21, 17, 7, 48, 213000),)",2a3c603c
408639785,-778315784,3348,1:12:47.010000,"(datetime.datetime(2026, 8, 21, 17, 7, 48, 282000),)",2a3c600d
408637323,-778320254,3323,1:12:47.040000,"(datetime.datetime(2026, 8, 21, 17, 7, 48, 304000),)",2a3c603c
408639711,-778315913,3347,1:12:47.110000,"(datetime.datetime(2026, 8, 21, 17, 7, 48, 382000),)",2a3c600d
408637251,-778320380,3322,1:12:47.130000,"(datetime.datetime(2026, 8, 21, 17, 7, 48, 398000),)",2a3c603c
408639638,-778316040,3347,1:12:47.220000,"(datetime.datetime(2026, 8, 21, 17, 7, 48, 483000),)",2a3c600d
408637176,-778320507,3323,1:12:47.240000,"(datetime.datetime(2026, 8, 21, 17, 7, 48, 508000),)",2a3c603c
408639564,-778316169,3347,1:12:47.310000,"(datetime.datetime(2026, 8, 21, 17, 7, 48, 582000),)",2a3c600d
408637103,-778320634,3322,1:12:47.340000,"(datetime.datetime(2026, 8, 21, 17, 7, 48, 605000),)",2a3c603c
408639493,-778316296,3347,1:12:47.420000,"(datetime.datetime(2026, 8, 21, 17, 7, 48, 689000),)",2a3c600d
408637032,-778320762,3322,1:12:47.450000,"(datetime.datetime(2026, 8, 21, 17, 7, 48, 714000),)",2a3c603c
408639419,-778316427,3347,1:12:47.520000,"(datetime.datetime(2026, 8, 21, 17, 7, 48, 785000),)",2a3c600d
408636950,-778320887,3323,1:12:47.570000,"(datetime.datetime(2026, 8, 21, 17, 7, 48, 837000),)",2a3c603c
408639348,-778316551,3347,1:12:47.610000,"(datetime.datetime(2026, 8, 21, 17, 7, 48, 882000),)",2a3c600d
408636883,-778321017,3323,1:12:47.630000,"(datetime.datetime(2026, 8, 21, 17, 7, 48, 895000),)",2a3c603c
408639272,-778316680,3347,1:12:47.710000,"(datetime.datetime(2026, 8, 21, 17, 7, 48, 981000),)",2a3c600d
408636802,-778321140,3322,1:12:47.750000,"(datetime.datetime(2026, 8, 21, 17, 7, 49, 22000),)",2a3c603c
408639200,-778316804,3347,1:12:47.820000,"(datetime.datetime(2026, 8, 21, 17, 7, 49, 83000),)",2a3c600d
408636731,-778321265,3322,1:12:47.830000,"(datetime.datetime(2026, 8, 21, 17, 7, 49, 100000),)",2a3c603c
408639127,-778316932,3347,1:12:47.910000,"(datetime.datetime(2026, 8, 21, 17, 7, 49, 181000),)",2a3c600d
408636658,-778321392,3322,1:12:47.940000,"(datetime.datetime(2026, 8, 21, 17, 7, 49, 203000),)",2a3c603c
408639052,-778317059,3347,1:12:48.010000,"(datetime.datetime(2026, 8, 21, 17, 7, 49, 282000),)",2a3c600d
408636582,-778321518,3322,1:12:48.040000,"(datetime.datetime(2026, 8, 21, 17, 7, 49, 302000),)",2a3c603c
408638976,-778317183,3347,1:12:48.110000,"(datetime.datetime(2026, 8, 21, 17, 7, 49, 382000),)",2a3c600d
408636510,-778321642,3322,1:12:48.130000,"(datetime.datetime(2026, 8, 21, 17, 7, 49, 398000),)",2a3c603c
408638903,-778317310,3347,1:12:48.220000,"(datetime.datetime(2026, 8, 21, 17, 7, 49, 489000),)",2a3c600d
408636433,-778321772,3322,1:12:48.250000,"(datetime.datetime(2026, 8, 21, 17, 7, 49, 513000),)",2a3c603c
408638830,-778317435,3347,1:12:48.310000,"(datetime.datetime(2026, 8, 21, 17, 7, 49, 581000),)",2a3c600d
408636361,-778321895,3322,1:12:48.330000,"(datetime.datetime(2026, 8, 21, 17, 7, 49, 597000),)",2a3c603c
408638755,-778317561,3347,1:12:48.410000,"(datetime.datetime(2026, 8, 21, 17, 7, 49, 682000),)",2a3c600d
408636283,-778322025,3322,1:12:48.440000,"(datetime.datetime(2026, 8, 21, 17, 7, 49, 704000),)",2a3c603c
408638682,-778317690,3347,1:12:48.510000,"(datetime.datetime(2026, 8, 21, 17, 7, 49, 782000),)",2a3c600d
408636212,-778322151,3323,1:12:48.530000,"(datetime.datetime(2026, 8, 21, 17, 7, 49, 798000),)",2a3c603c
408638605,-778317817,3346,1:12:48.610000,"(datetime.datetime(2026, 8, 21, 17, 7, 49, 882000),)",2a3c600d
408636137,-778322281,3323,1:12:48.640000,"(datetime.datetime(2026, 8, 21, 17, 7, 49, 907000),)",2a3c603c
408638530,-778317939,3346,1:12:48.720000,"(datetime.datetime(2026, 8, 21, 17, 7, 49, 983000),)",2a3c600d
408636064,-778322404,3323,1:12:48.740000,"(datetime.datetime(2026, 8, 21, 17, 7, 50, 4000),)",2a3c603c
408638460,-778318068,3347,1:12:48.820000,"(datetime.datetime(2026, 8, 21, 17, 7, 50, 84000),)",2a3c600d
408635992,-778322537,3323,1:12:48.830000,"(datetime.datetime(2026, 8, 21, 17, 7, 50, 101000),)",2a3c603c
408638384,-778318189,3346,1:12:48.920000,"(datetime.datetime(2026, 8, 21, 17, 7, 50, 184000),)",2a3c600d
408635910,-778322658,3323,1:12:48.940000,"(datetime.datetime(2026, 8, 21, 17, 7, 50, 205000),)",2a3c603c
408638308,-778318319,3346,1:12:49.020000,"(datetime.datetime(2026, 8, 21, 17, 7, 50, 285000),)",2a3c600d
408635841,-778322789,3323,1:12:49.040000,"(datetime.datetime(2026, 8, 21, 17, 7, 50, 309000),)",2a3c603c
408638238,-778318444,3346,1:12:49.120000,"(datetime.datetime(2026, 8, 21, 17, 7, 50, 384000),)",2a3c600d
408635768,-778322917,3323,1:12:49.140000,"(datetime.datetime(2026, 8, 21, 17, 7, 50, 405000),)",2a3c603c
408638162,-778318572,3346,1:12:49.220000,"(datetime.datetime(2026, 8, 21, 17, 7, 50, 484000),)",2a3c600d
408635694,-778323042,3323,1:12:49.240000,"(datetime.datetime(2026, 8, 21, 17, 7, 50, 510000),)",2a3c603c
408638087,-778318698,3346,1:12:49.310000,"(datetime.datetime(2026, 8, 21, 17, 7, 50, 582000),)",2a3c600d
408635619,-778323171,3323,1:12:49.340000,"(datetime.datetime(2026, 8, 21, 17, 7, 50, 607000),)",2a3c603c
408638014,-778318822,3346,1:12:49.410000,"(datetime.datetime(2026, 8, 21, 17, 7, 50, 682000),)",2a3c600d
408635549,-778323298,3323,1:12:49.440000,"(datetime.datetime(2026, 8, 21, 17, 7, 50, 703000),)",2a3c603c
408637942,-778318947,3346,1:12:49.520000,"(datetime.datetime(2026, 8, 21, 17, 7, 50, 784000),)",2a3c600d
408635473,-778323427,3323,1:12:49.580000,"(datetime.datetime(2026, 8, 21, 17, 7, 50, 844000),)",2a3c603c
408637866,-778319073,3346,1:12:49.620000,"(datetime.datetime(2026, 8, 21, 17, 7, 50, 884000),)",2a3c600d
408635398,-778323553,3324,1:12:49.630000,"(datetime.datetime(2026, 8, 21, 17, 7, 50, 901000),)",2a3c603c
408637791,-778319201,3346,1:12:49.720000,"(datetime.datetime(2026, 8, 21, 17, 7, 50, 983000),)",2a3c600d
408635325,-778323685,3324,1:12:49.740000,"(datetime.datetime(2026, 8, 21, 17, 7, 51, 11000),)",2a3c603c
408637717,-778319326,3346,1:12:49.810000,"(datetime.datetime(2026, 8, 21, 17, 7, 51, 82000),)",2a3c600d
408635253,-778323810,3323,1:12:49.830000,"(datetime.datetime(2026, 8, 21, 17, 7, 51, 102000),)",2a3c603c
408637644,-778319451,3346,1:12:49.910000,"(datetime.datetime(2026, 8, 21, 17, 7, 51, 181000),)",2a3c600d
408635179,-778323936,3324,1:12:49.930000,"(datetime.datetime(2026, 8, 21, 17, 7, 51, 201000),)",2a3c603c
408637568,-778319576,3346,1:12:50.010000,"(datetime.datetime(2026, 8, 21, 17, 7, 51, 281000),)",2a3c600d
408635106,-778324065,3324,1:12:50.040000,"(datetime.datetime(2026, 8, 21, 17, 7, 51, 309000),)",2a3c603c
408637497,-778319701,3346,1:12:50.120000,"(datetime.datetime(2026, 8, 21, 17, 7, 51, 384000),)",2a3c600d
408635032,-778324194,3324,1:12:50.130000,"(datetime.datetime(2026, 8, 21, 17, 7, 51, 402000),)",2a3c603c
408637420,-778319826,3345,1:12:50.210000,"(datetime.datetime(2026, 8, 21, 17, 7, 51, 482000),)",2a3c600d
408634959,-778324324,3324,1:12:50.250000,"(datetime.datetime(2026, 8, 21, 17, 7, 51, 517000),)",2a3c603c
408637343,-778319954,3346,1:12:50.310000,"(datetime.datetime(2026, 8, 21, 17, 7, 51, 582000),)",2a3c600d
408634884,-778324442,3323,1:12:50.340000,"(datetime.datetime(2026, 8, 21, 17, 7, 51, 603000),)",2a3c603c
408637269,-778320081,3346,1:12:50.410000,"(datetime.datetime(2026, 8, 21, 17, 7, 51, 682000),)",2a3c600d
408634812,-778324573,3323,1:12:50.450000,"(datetime.datetime(2026, 8, 21, 17, 7, 51, 718000),)",2a3c603c
408637195,-778320209,3346,1:12:50.510000,"(datetime.datetime(2026, 8, 21, 17, 7, 51, 781000),)",2a3c600d
408634740,-778324701,3324,1:12:50.540000,"(datetime.datetime(2026, 8, 21, 17, 7, 51, 802000),)",2a3c603c
408637121,-778320333,3346,1:12:50.610000,"(datetime.datetime(2026, 8, 21, 17, 7, 51, 882000),)",2a3c600d
408634669,-778324826,3323,1:12:50.650000,"(datetime.datetime(2026, 8, 21, 17, 7, 51, 917000),)",2a3c603c
408637046,-778320462,3346,1:12:50.710000,"(datetime.datetime(2026, 8, 21, 17, 7, 51, 981000),)",2a3c600d
408634594,-778324953,3323,1:12:50.750000,"(datetime.datetime(2026, 8, 21, 17, 7, 52, 15000),)",2a3c603c
408636974,-778320589,3346,1:12:50.820000,"(datetime.datetime(2026, 8, 21, 17, 7, 52, 83000),)",2a3c600d
408634519,-778325080,3324,1:12:50.850000,"(datetime.datetime(2026, 8, 21, 17, 7, 52, 119000),)",2a3c603c
408636900,-778320711,3345,1:12:50.920000,"(datetime.datetime(2026, 8, 21, 17, 7, 52, 192000),)",2a3c600d
408634445,-778325203,3324,1:12:50.950000,"(datetime.datetime(2026, 8, 21, 17, 7, 52, 218000),)",2a3c603c
408636826,-778320839,3345,1:12:51.010000,"(datetime.datetime(2026, 8, 21, 17, 7, 52, 282000),)",2a3c600d
408634369,-778325331,3323,1:12:51.050000,"(datetime.datetime(2026, 8, 21, 17, 7, 52, 316000),)",2a3c603c
408636752,-778320965,3345,1:12:51.120000,"(datetime.datetime(2026, 8, 21, 17, 7, 52, 382000),)",2a3c600d
408634294,-778325461,3324,1:12:51.160000,"(datetime.datetime(2026, 8, 21, 17, 7, 52, 424000),)",2a3c603c
408636677,-778321092,3345,1:12:51.210000,"(datetime.datetime(2026, 8, 21, 17, 7, 52, 482000),)",2a3c600d
408634222,-778325590,3324,1:12:51.250000,"(datetime.datetime(2026, 8, 21, 17, 7, 52, 515000),)",2a3c603c
408636604,-778321219,3345,1:12:51.310000,"(datetime.datetime(2026, 8, 21, 17, 7, 52, 581000),)",2a3c600d
408634147,-778325713,3324,1:12:51.350000,"(datetime.datetime(2026, 8, 21, 17, 7, 52, 615000),)",2a3c603c
408636533,-778321345,3346,1:12:51.410000,"(datetime.datetime(2026, 8, 21, 17, 7, 52, 682000),)",2a3c600d
408634073,-778325843,3324,1:12:51.450000,"(datetime.datetime(2026, 8, 21, 17, 7, 52, 716000),)",2a3c603c
408636456,-778321474,3346,1:12:51.510000,"(datetime.datetime(2026, 8, 21, 17, 7, 52, 782000),)",2a3c600d
408634000,-778325968,3324,1:12:51.550000,"(datetime.datetime(2026, 8, 21, 17, 7, 52, 816000),)",2a3c603c
408636385,-778321600,3345,1:12:51.620000,"(datetime.datetime(2026, 8, 21, 17, 7, 52, 892000),)",2a3c600d
408633923,-778326094,3323,1:12:51.640000,"(datetime.datetime(2026, 8, 21, 17, 7, 52, 907000),)",2a3c603c
408636312,-778321727,3345,1:12:51.710000,"(datetime.datetime(2026, 8, 21, 17, 7, 52, 982000),)",2a3c600d
408633847,-778326222,3323,1:12:51.740000,"(datetime.datetime(2026, 8, 21, 17, 7, 53, 3000),)",2a3c603c
408636237,-778321855,3345,1:12:51.810000,"(datetime.datetime(2026, 8, 21, 17, 7, 53, 82000),)",2a3c600d
408633772,-778326353,3324,1:12:51.840000,"(datetime.datetime(2026, 8, 21, 17, 7, 53, 110000),)",2a3c603c
408636164,-778321979,3345,1:12:51.870000,"(datetime.datetime(2026, 8, 21, 17, 7, 53, 138000),)",2a3c600d
408633697,-778326477,3324,1:12:51.940000,"(datetime.datetime(2026, 8, 21, 17, 7, 53, 208000),)",2a3c603c
408636090,-778322104,3345,1:12:51.970000,"(datetime.datetime(2026, 8, 21, 17, 7, 53, 240000),)",2a3c600d
408633623,-778326605,3324,1:12:52.030000,"(datetime.datetime(2026, 8, 21, 17, 7, 53, 298000),)",2a3c603c
408636014,-778322233,3345,1:12:52.070000,"(datetime.datetime(2026, 8, 21, 17, 7, 53, 336000),)",2a3c600d
408633549,-778326732,3324,1:12:52.140000,"(datetime.datetime(2026, 8, 21, 17, 7, 53, 408000),)",2a3c603c
408635943,-778322361,3345,1:12:52.170000,"(datetime.datetime(2026, 8, 21, 17, 7, 53, 437000),)",2a3c600d
408633475,-778326858,3324,1:12:52.230000,"(datetime.datetime(2026, 8, 21, 17, 7, 53, 497000),)",2a3c603c
408635870,-778322489,3345,1:12:52.270000,"(datetime.datetime(2026, 8, 21, 17, 7, 53, 537000),)",2a3c600d
408633400,-778326986,3324,1:12:52.330000,"(datetime.datetime(2026, 8, 21, 17, 7, 53, 601000),)",2a3c603c
408635794,-778322612,3345,1:12:52.370000,"(datetime.datetime(2026, 8, 21, 17, 7, 53, 639000),)",2a3c600d
408633327,-778327110,3324,1:12:52.430000,"(datetime.datetime(2026, 8, 21, 17, 7, 53, 699000),)",2a3c603c
408635721,-778322740,3345,1:12:52.470000,"(datetime.datetime(2026, 8, 21, 17, 7, 53, 737000),)",2a3c600d
408633252,-778327238,3323,1:12:52.530000,"(datetime.datetime(2026, 8, 21, 17, 7, 53, 799000),)",2a3c603c
408635649,-778322866,3345,1:12:52.570000,"(datetime.datetime(2026, 8, 21, 17, 7, 53, 837000),)",2a3c600d
408633180,-778327363,3323,1:12:52.630000,"(datetime.datetime(2026, 8, 21, 17, 7, 53, 899000),)",2a3c603c
408635573,-778322994,3346,1:12:52.670000,"(datetime.datetime(2026, 8, 21, 17, 7, 53, 936000),)",2a3c600d
408633106,-778327486,3323,1:12:52.740000,"(datetime.datetime(2026, 8, 21, 17, 7, 54, 7000),)",2a3c603c
408635498,-778323118,3345,1:12:52.770000,"(datetime.datetime(2026, 8, 21, 17, 7, 54, 36000),)",2a3c600d
408633034,-778327616,3323,1:12:52.830000,"(datetime.datetime(2026, 8, 21, 17, 7, 54, 98000),)",2a3c603c
408635424,-778323238,3345,1:12:52.870000,"(datetime.datetime(2026, 8, 21, 17, 7, 54, 137000),)",2a3c600d
408632960,-778327737,3323,1:12:52.930000,"(datetime.datetime(2026, 8, 21, 17, 7, 54, 198000),)",2a3c603c
408635351,-778323367,3345,1:12:52.970000,"(datetime.datetime(2026, 8, 21, 17, 7, 54, 236000),)",2a3c600d
408632883,-778327864,3323,1:12:53.030000,"(datetime.datetime(2026, 8, 21, 17, 7, 54, 297000),)",2a3c603c
408635276,-778323487,3345,1:12:53.070000,"(datetime.datetime(2026, 8, 21, 17, 7, 54, 336000),)",2a3c600d
408632812,-778327991,3323,1:12:53.130000,"(datetime.datetime(2026, 8, 21, 17, 7, 54, 399000),)",2a3c603c
408635201,-778323617,3345,1:12:53.170000,"(datetime.datetime(2026, 8, 21, 17, 7, 54, 441000),)",2a3c600d
408632737,-778328117,3323,1:12:53.230000,"(datetime.datetime(2026, 8, 21, 17, 7, 54, 501000),)",2a3c603c
408635125,-778323741,3344,1:12:53.270000,"(datetime.datetime(2026, 8, 21, 17, 7, 54, 536000),)",2a3c600d
408632664,-778328243,3323,1:12:53.340000,"(datetime.datetime(2026, 8, 21, 17, 7, 54, 603000),)",2a3c603c
408635125,-778323741,3344,1:12:53.370000,"(datetime.datetime(2026, 8, 21, 17, 7, 54, 637000),)",2a3c600d
408632587,-778328374,3323,1:12:53.430000,"(datetime.datetime(2026, 8, 21, 17, 7, 54, 698000),)",2a3c603c
408635048,-778323868,3345,1:12:53.480000,"(datetime.datetime(2026, 8, 21, 17, 7, 54, 749000),)",2a3c600d
408632517,-778328497,3322,1:12:53.530000,"(datetime.datetime(2026, 8, 21, 17, 7, 54, 797000),)",2a3c603c
408634897,-778324116,3345,1:12:53.570000,"(datetime.datetime(2026, 8, 21, 17, 7, 54, 836000),)",2a3c600d
408632439,-778328629,3323,1:12:53.630000,"(datetime.datetime(2026, 8, 21, 17, 7, 54, 897000),)",2a3c603c
408634824,-778324238,3344,1:12:53.670000,"(datetime.datetime(2026, 8, 21, 17, 7, 54, 937000),)",2a3c600d
408632367,-778328753,3323,1:12:53.730000,"(datetime.datetime(2026, 8, 21, 17, 7, 54, 999000),)",2a3c603c
408634748,-778324368,3345,1:12:53.770000,"(datetime.datetime(2026, 8, 21, 17, 7, 55, 37000),)",2a3c600d
408632296,-778328879,3323,1:12:53.840000,"(datetime.datetime(2026, 8, 21, 17, 7, 55, 105000),)",2a3c603c
408634676,-778324486,3344,1:12:53.870000,"(datetime.datetime(2026, 8, 21, 17, 7, 55, 138000),)",2a3c600d
408632222,-778329002,3322,1:12:53.940000,"(datetime.datetime(2026, 8, 21, 17, 7, 55, 204000),)",2a3c603c
408634597,-778324612,3344,1:12:53.970000,"(datetime.datetime(2026, 8, 21, 17, 7, 55, 240000),)",2a3c600d
408632151,-778329137,3323,1:12:54.030000,"(datetime.datetime(2026, 8, 21, 17, 7, 55, 300000),)",2a3c603c
408634523,-778324736,3344,1:12:54.070000,"(datetime.datetime(2026, 8, 21, 17, 7, 55, 336000),)",2a3c600d
408632075,-778329259,3323,1:12:54.130000,"(datetime.datetime(2026, 8, 21, 17, 7, 55, 401000),)",2a3c603c
408634446,-778324860,3344,1:12:54.170000,"(datetime.datetime(2026, 8, 21, 17, 7, 55, 441000),)",2a3c600d
408632002,-778329389,3322,1:12:54.230000,"(datetime.datetime(2026, 8, 21, 17, 7, 55, 501000),)",2a3c603c
408634371,-778324984,3344,1:12:54.270000,"(datetime.datetime(2026, 8, 21, 17, 7, 55, 536000),)",2a3c600d
408631926,-778329520,3322,1:12:54.330000,"(datetime.datetime(2026, 8, 21, 17, 7, 55, 600000),)",2a3c603c
408634298,-778325113,3344,1:12:54.370000,"(datetime.datetime(2026, 8, 21, 17, 7, 55, 636000),)",2a3c600d
408631856,-778329641,3322,1:12:54.450000,"(datetime.datetime(2026, 8, 21, 17, 7, 55, 715000),)",2a3c603c
408634224,-778325234,3343,1:12:54.480000,"(datetime.datetime(2026, 8, 21, 17, 7, 55, 752000),)",2a3c600d
408631779,-778329775,3323,1:12:54.570000,"(datetime.datetime(2026, 8, 21, 17, 7, 55, 836000),)",2a3c603c
408634150,-778325361,3343,1:12:54.600000,"(datetime.datetime(2026, 8, 21, 17, 7, 55, 864000),)",2a3c600d
408631709,-778329899,3323,1:12:54.630000,"(datetime.datetime(2026, 8, 21, 17, 7, 55, 902000),)",2a3c603c
408634074,-778325492,3343,1:12:54.680000,"(datetime.datetime(2026, 8, 21, 17, 7, 55, 943000),)",2a3c600d
408631632,-778330029,3322,1:12:54.730000,"(datetime.datetime(2026, 8, 21, 17, 7, 56),)",2a3c603c
408634002,-778325614,3342,1:12:54.770000,"(datetime.datetime(2026, 8, 21, 17, 7, 56, 36000),)",2a3c600d
408631556,-778330156,3322,1:12:54.830000,"(datetime.datetime(2026, 8, 21, 17, 7, 56, 102000),)",2a3c603c
408633926,-778325743,3343,1:12:54.870000,"(datetime.datetime(2026, 8, 21, 17, 7, 56, 137000),)",2a3c600d
408631482,-778330279,3322,1:12:54.930000,"(datetime.datetime(2026, 8, 21, 17, 7, 56, 202000),)",2a3c603c
408633852,-778325871,3343,1:12:54.970000,"(datetime.datetime(2026, 8, 21, 17, 7, 56, 241000),)",2a3c600d
408631409,-778330405,3323,1:12:55.030000,"(datetime.datetime(2026, 8, 21, 17, 7, 56, 300000),)",2a3c603c
408633778,-778325994,3342,1:12:55.070000,"(datetime.datetime(2026, 8, 21, 17, 7, 56, 338000),)",2a3c600d
408631330,-778330535,3323,1:12:55.130000,"(datetime.datetime(2026, 8, 21, 17, 7, 56, 402000),)",2a3c603c
408633701,-778326123,3342,1:12:55.170000,"(datetime.datetime(2026, 8, 21, 17, 7, 56, 438000),)",2a3c600d
408631258,-778330662,3323,1:12:55.230000,"(datetime.datetime(2026, 8, 21, 17, 7, 56, 500000),)",2a3c603c
408633624,-778326251,3342,1:12:55.270000,"(datetime.datetime(2026, 8, 21, 17, 7, 56, 536000),)",2a3c600d
408631181,-778330788,3323,1:12:55.330000,"(datetime.datetime(2026, 8, 21, 17, 7, 56, 599000),)",2a3c603c
408633552,-778326376,3342,1:12:55.380000,"(datetime.datetime(2026, 8, 21, 17, 7, 56, 647000),)",2a3c600d
408631109,-778330919,3323,1:12:55.430000,"(datetime.datetime(2026, 8, 21, 17, 7, 56, 700000),)",2a3c603c
408633478,-778326504,3342,1:12:55.470000,"(datetime.datetime(2026, 8, 21, 17, 7, 56, 741000),)",2a3c600d
408631033,-778331045,3323,1:12:55.530000,"(datetime.datetime(2026, 8, 21, 17, 7, 56, 799000),)",2a3c603c
408633407,-778326629,3342,1:12:55.570000,"(datetime.datetime(2026, 8, 21, 17, 7, 56, 836000),)",2a3c600d
408630958,-778331171,3323,1:12:55.630000,"(datetime.datetime(2026, 8, 21, 17, 7, 56, 901000),)",2a3c603c
408633330,-778326756,3342,1:12:55.670000,"(datetime.datetime(2026, 8, 21, 17, 7, 56, 939000),)",2a3c600d
408630887,-778331295,3323,1:12:55.740000,"(datetime.datetime(2026, 8, 21, 17, 7, 57, 6000),)",2a3c603c
408633256,-778326883,3342,1:12:55.770000,"(datetime.datetime(2026, 8, 21, 17, 7, 57, 41000),)",2a3c600d
408630813,-778331425,3323,1:12:55.830000,"(datetime.datetime(2026, 8, 21, 17, 7, 57, 101000),)",2a3c603c
408633183,-778327009,3342,1:12:55.870000,"(datetime.datetime(2026, 8, 21, 17, 7, 57, 136000),)",2a3c600d
408630746,-778331551,3322,1:12:55.940000,"(datetime.datetime(2026, 8, 21, 17, 7, 57, 203000),)",2a3c603c
408633108,-778327131,3342,1:12:55.980000,"(datetime.datetime(2026, 8, 21, 17, 7, 57, 243000),)",2a3c600d
408630669,-778331676,3323,1:12:56.030000,"(datetime.datetime(2026, 8, 21, 17, 7, 57, 299000),)",2a3c603c
408633035,-778327256,3342,1:12:56.070000,"(datetime.datetime(2026, 8, 21, 17, 7, 57, 342000),)",2a3c600d
408630600,-778331808,3323,1:12:56.130000,"(datetime.datetime(2026, 8, 21, 17, 7, 57, 400000),)",2a3c603c
408632958,-778327379,3342,1:12:56.170000,"(datetime.datetime(2026, 8, 21, 17, 7, 57, 440000),)",2a3c600d
408630526,-778331932,3322,1:12:56.230000,"(datetime.datetime(2026, 8, 21, 17, 7, 57, 500000),)",2a3c603c
408632884,-778327504,3341,1:12:56.270000,"(datetime.datetime(2026, 8, 21, 17, 7, 57, 537000),)",2a3c600d
408630445,-778332059,3322,1:12:56.330000,"(datetime.datetime(2026, 8, 21, 17, 7, 57, 600000),)",2a3c603c
408632809,-778327630,3342,1:12:56.380000,"(datetime.datetime(2026, 8, 21, 17, 7, 57, 649000),)",2a3c600d
408630369,-778332184,3322,1:12:56.430000,"(datetime.datetime(2026, 8, 21, 17, 7, 57, 700000),)",2a3c603c
408632735,-778327755,3342,1:12:56.470000,"(datetime.datetime(2026, 8, 21, 17, 7, 57, 738000),)",2a3c600d
408630296,-778332310,3322,1:12:56.530000,"(datetime.datetime(2026, 8, 21, 17, 7, 57, 799000),)",2a3c603c
408632660,-778327882,3342,1:12:56.570000,"(datetime.datetime(2026, 8, 21, 17, 7, 57, 836000),)",2a3c600d
408630224,-778332440,3323,1:12:56.630000,"(datetime.datetime(2026, 8, 21, 17, 7, 57, 899000),)",2a3c603c
408632585,-778328006,3342,1:12:56.670000,"(datetime.datetime(2026, 8, 21, 17, 7, 57, 936000),)",2a3c600d
408630146,-778332568,3323,1:12:56.740000,"(datetime.datetime(2026, 8, 21, 17, 7, 58, 5000),)",2a3c603c
408632508,-778328130,3341,1:12:56.770000,"(datetime.datetime(2026, 8, 21, 17, 7, 58, 37000),)",2a3c600d
408630076,-778332693,3322,1:12:56.830000,"(datetime.datetime(2026, 8, 21, 17, 7, 58, 101000),)",2a3c603c
408632435,-778328254,3341,1:12:56.870000,"(datetime.datetime(2026, 8, 21, 17, 7, 58, 138000),)",2a3c600d
408629997,-778332819,3322,1:12:56.930000,"(datetime.datetime(2026, 8, 21, 17, 7, 58, 200000),)",2a3c603c
408632361,-778328380,3341,1:12:56.970000,"(datetime.datetime(2026, 8, 21, 17, 7, 58, 236000),)",2a3c600d
408629924,-778332945,3323,1:12:57.030000,"(datetime.datetime(2026, 8, 21, 17, 7, 58, 299000),)",2a3c603c
408632288,-778328503,3341,1:12:57.070000,"(datetime.datetime(2026, 8, 21, 17, 7, 58, 338000),)",2a3c600d
408629852,-778333074,3323,1:12:57.130000,"(datetime.datetime(2026, 8, 21, 17, 7, 58, 399000),)",2a3c603c
408632217,-778328631,3341,1:12:57.180000,"(datetime.datetime(2026, 8, 21, 17, 7, 58, 443000),)",2a3c600d
408629771,-778333197,3323,1:12:57.230000,"(datetime.datetime(2026, 8, 21, 17, 7, 58, 500000),)",2a3c603c
408632143,-778328760,3341,1:12:57.270000,"(datetime.datetime(2026, 8, 21, 17, 7, 58, 539000),)",2a3c600d
408629699,-778333319,3322,1:12:57.330000,"(datetime.datetime(2026, 8, 21, 17, 7, 58, 599000),)",2a3c603c
408632074,-778328887,3341,1:12:57.370000,"(datetime.datetime(2026, 8, 21, 17, 7, 58, 639000),)",2a3c600d
408629621,-778333448,3322,1:12:57.430000,"(datetime.datetime(2026, 8, 21, 17, 7, 58, 700000),)",2a3c603c
408632000,-778329014,3341,1:12:57.470000,"(datetime.datetime(2026, 8, 21, 17, 7, 58, 738000),)",2a3c600d
408629546,-778333578,3323,1:12:57.530000,"(datetime.datetime(2026, 8, 21, 17, 7, 58, 799000),)",2a3c603c
408631931,-778329142,3340,1:12:57.570000,"(datetime.datetime(2026, 8, 21, 17, 7, 58, 837000),)",2a3c600d
408629474,-778333701,3323,1:12:57.630000,"(datetime.datetime(2026, 8, 21, 17, 7, 58, 899000),)",2a3c603c
408631858,-778329273,3341,1:12:57.670000,"(datetime.datetime(2026, 8, 21, 17, 7, 58, 936000),)",2a3c600d
408629396,-778333828,3322,1:12:57.720000,"(datetime.datetime(2026, 8, 21, 17, 7, 58, 992000),)",2a3c603c
408631787,-778329403,3341,1:12:57.770000,"(datetime.datetime(2026, 8, 21, 17, 7, 59, 36000),)",2a3c600d
408629322,-778333953,3322,1:12:57.820000,"(datetime.datetime(2026, 8, 21, 17, 7, 59, 91000),)",2a3c603c
408631714,-778329528,3341,1:12:57.850000,"(datetime.datetime(2026, 8, 21, 17, 7, 59, 117000),)",2a3c600d
408629247,-778334079,3323,1:12:57.920000,"(datetime.datetime(2026, 8, 21, 17, 7, 59, 192000),)",2a3c603c
408631641,-778329656,3341,1:12:57.950000,"(datetime.datetime(2026, 8, 21, 17, 7, 59, 218000),)",2a3c600d
408629173,-778334206,3323,1:12:58.020000,"(datetime.datetime(2026, 8, 21, 17, 7, 59, 292000),)",2a3c603c
408631570,-778329786,3341,1:12:58.050000,"(datetime.datetime(2026, 8, 21, 17, 7, 59, 317000),)",2a3c600d
408629099,-778334331,3322,1:12:58.130000,"(datetime.datetime(2026, 8, 21, 17, 7, 59, 397000),)",2a3c603c
408631570,-778329786,3341,1:12:58.160000,"(datetime.datetime(2026, 8, 21, 17, 7, 59, 423000),)",2a3c600d
408629022,-778334461,3323,1:12:58.230000,"(datetime.datetime(2026, 8, 21, 17, 7, 59, 500000),)",2a3c603c
408631497,-778329914,3341,1:12:58.260000,"(datetime.datetime(2026, 8, 21, 17, 7, 59, 523000),)",2a3c600d
408628945,-778334583,3322,1:12:58.330000,"(datetime.datetime(2026, 8, 21, 17, 7, 59, 599000),)",2a3c603c
408631427,-778330042,3340,1:12:58.350000,"(datetime.datetime(2026, 8, 21, 17, 7, 59, 616000),)",2a3c600d
408628877,-778334710,3322,1:12:58.420000,"(datetime.datetime(2026, 8, 21, 17, 7, 59, 691000),)",2a3c603c
408631352,-778330171,3340,1:12:58.450000,"(datetime.datetime(2026, 8, 21, 17, 7, 59, 717000),)",2a3c600d
408628798,-778334835,3321,1:12:58.530000,"(datetime.datetime(2026, 8, 21, 17, 7, 59, 794000),)",2a3c603c
408631278,-778330301,3340,1:12:58.550000,"(datetime.datetime(2026, 8, 21, 17, 7, 59, 817000),)",2a3c600d
408628723,-778334965,3322,1:12:58.620000,"(datetime.datetime(2026, 8, 21, 17, 7, 59, 892000),)",2a3c603c
408631208,-778330428,3340,1:12:58.650000,"(datetime.datetime(2026, 8, 21, 17, 7, 59, 918000),)",2a3c600d
408628650,-778335089,3322,1:12:58.720000,"(datetime.datetime(2026, 8, 21, 17, 7, 59, 992000),)",2a3c603c
408631133,-778330557,3340,1:12:58.750000,"(datetime.datetime(2026, 8, 21, 17, 8, 0, 18000),)",2a3c600d
408628577,-778335213,3321,1:12:58.820000,"(datetime.datetime(2026, 8, 21, 17, 8, 0, 92000),)",2a3c603c
408631062,-778330685,3340,1:12:58.850000,"(datetime.datetime(2026, 8, 21, 17, 8, 0, 117000),)",2a3c600d
408628503,-778335338,3322,1:12:58.920000,"(datetime.datetime(2026, 8, 21, 17, 8, 0, 191000),)",2a3c603c
408630985,-778330809,3340,1:12:58.950000,"(datetime.datetime(2026, 8, 21, 17, 8, 0, 218000),)",2a3c600d
408628429,-778335468,3322,1:12:59.020000,"(datetime.datetime(2026, 8, 21, 17, 8, 0, 292000),)",2a3c603c
408630913,-778330940,3340,1:12:59.050000,"(datetime.datetime(2026, 8, 21, 17, 8, 0, 317000),)",2a3c600d
408628356,-778335592,3322,1:12:59.120000,"(datetime.datetime(2026, 8, 21, 17, 8, 0, 392000),)",2a3c603c
408630843,-778331066,3340,1:12:59.150000,"(datetime.datetime(2026, 8, 21, 17, 8, 0, 418000),)",2a3c600d
408628277,-778335717,3321,1:12:59.220000,"(datetime.datetime(2026, 8, 21, 17, 8, 0, 492000),)",2a3c603c
408630767,-778331199,3340,1:12:59.250000,"(datetime.datetime(2026, 8, 21, 17, 8, 0, 521000),)",2a3c600d
408628205,-778335845,3322,1:12:59.320000,"(datetime.datetime(2026, 8, 21, 17, 8, 0, 592000),)",2a3c603c
408630695,-778331323,3340,1:12:59.350000,"(datetime.datetime(2026, 8, 21, 17, 8, 0, 617000),)",2a3c600d
408628131,-778335970,3322,1:12:59.430000,"(datetime.datetime(2026, 8, 21, 17, 8, 0, 699000),)",2a3c603c
408630623,-778331449,3340,1:12:59.460000,"(datetime.datetime(2026, 8, 21, 17, 8, 0, 731000),)",2a3c600d
408628058,-778336096,3322,1:12:59.520000,"(datetime.datetime(2026, 8, 21, 17, 8, 0, 792000),)",2a3c603c
408630548,-778331575,3340,1:12:59.560000,"(datetime.datetime(2026, 8, 21, 17, 8, 0, 824000),)",2a3c600d
408627980,-778336223,3322,1:12:59.620000,"(datetime.datetime(2026, 8, 21, 17, 8, 0, 891000),)",2a3c603c
408630474,-778331700,3339,1:12:59.650000,"(datetime.datetime(2026, 8, 21, 17, 8, 0, 919000),)",2a3c600d
408627907,-778336354,3322,1:12:59.720000,"(datetime.datetime(2026, 8, 21, 17, 8, 0, 992000),)",2a3c603c
408630398,-778331829,3340,1:12:59.750000,"(datetime.datetime(2026, 8, 21, 17, 8, 1, 17000),)",2a3c600d
408627836,-778336475,3322,1:12:59.830000,"(datetime.datetime(2026, 8, 21, 17, 8, 1, 93000),)",2a3c603c
408630324,-778331952,3339,1:12:59.850000,"(datetime.datetime(2026, 8, 21, 17, 8, 1, 117000),)",2a3c600d
408627757,-778336606,3322,1:12:59.920000,"(datetime.datetime(2026, 8, 21, 17, 8, 1, 192000),)",2a3c603c
408630250,-778332079,3340,1:12:59.950000,"(datetime.datetime(2026, 8, 21, 17, 8, 1, 219000),)",2a3c600d
408627682,-778336734,3322,1:13:00.020000,"(datetime.datetime(2026, 8, 21, 17, 8, 1, 291000),)",2a3c603c
408630175,-778332205,3339,1:13:00.050000,"(datetime.datetime(2026, 8, 21, 17, 8, 1, 318000),)",2a3c600d
408627607,-778336860,3322,1:13:00.120000,"(datetime.datetime(2026, 8, 21, 17, 8, 1, 392000),)",2a3c603c
408630101,-778332329,3339,1:13:00.150000,"(datetime.datetime(2026, 8, 21, 17, 8, 1, 417000),)",2a3c600d
408627532,-778336985,3321,1:13:00.230000,"(datetime.datetime(2026, 8, 21, 17, 8, 1, 493000),)",2a3c603c
408630022,-778332455,3339,1:13:00.250000,"(datetime.datetime(2026, 8, 21, 17, 8, 1, 518000),)",2a3c600d
408627458,-778337113,3322,1:13:00.320000,"(datetime.datetime(2026, 8, 21, 17, 8, 1, 592000),)",2a3c603c
408629947,-778332580,3339,1:13:00.350000,"(datetime.datetime(2026, 8, 21, 17, 8, 1, 618000),)",2a3c600d
408627383,-778337245,3322,1:13:00.430000,"(datetime.datetime(2026, 8, 21, 17, 8, 1, 692000),)",2a3c603c
408629872,-778332708,3339,1:13:00.460000,"(datetime.datetime(2026, 8, 21, 17, 8, 1, 731000),)",2a3c600d
408627311,-778337369,3321,1:13:00.520000,"(datetime.datetime(2026, 8, 21, 17, 8, 1, 792000),)",2a3c603c
408629799,-778332833,3340,1:13:00.560000,"(datetime.datetime(2026, 8, 21, 17, 8, 1, 831000),)",2a3c600d
408627239,-778337496,3321,1:13:00.620000,"(datetime.datetime(2026, 8, 21, 17, 8, 1, 891000),)",2a3c603c
408629721,-778332957,3340,1:13:00.650000,"(datetime.datetime(2026, 8, 21, 17, 8, 1, 917000),)",2a3c600d
408627164,-778337619,3321,1:13:00.720000,"(datetime.datetime(2026, 8, 21, 17, 8, 1, 991000),)",2a3c603c
408629646,-778333079,3339,1:13:00.750000,"(datetime.datetime(2026, 8, 21, 17, 8, 2, 18000),)",2a3c600d
408627093,-778337750,3321,1:13:00.840000,"(datetime.datetime(2026, 8, 21, 17, 8, 2, 103000),)",2a3c603c
408629572,-778333207,3339,1:13:00.850000,"(datetime.datetime(2026, 8, 21, 17, 8, 2, 118000),)",2a3c600d
408627015,-778337876,3321,1:13:00.930000,"(datetime.datetime(2026, 8, 21, 17, 8, 2, 192000),)",2a3c603c
408629496,-778333331,3339,1:13:00.950000,"(datetime.datetime(2026, 8, 21, 17, 8, 2, 220000),)",2a3c600d
408626944,-778338004,3321,1:13:01.020000,"(datetime.datetime(2026, 8, 21, 17, 8, 2, 291000),)",2a3c603c
408629418,-778333455,3339,1:13:01.050000,"(datetime.datetime(2026, 8, 21, 17, 8, 2, 318000),)",2a3c600d
408626868,-778338125,3320,1:13:01.120000,"(datetime.datetime(2026, 8, 21, 17, 8, 2, 392000),)",2a3c603c
408629345,-778333579,3339,1:13:01.150000,"(datetime.datetime(2026, 8, 21, 17, 8, 2, 417000),)",2a3c600d
408626793,-778338259,3321,1:13:01.230000,"(datetime.datetime(2026, 8, 21, 17, 8, 2, 493000),)",2a3c603c
408629269,-778333705,3339,1:13:01.250000,"(datetime.datetime(2026, 8, 21, 17, 8, 2, 517000),)",2a3c600d
408626717,-778338382,3320,1:13:01.320000,"(datetime.datetime(2026, 8, 21, 17, 8, 2, 592000),)",2a3c603c
408629196,-778333828,3339,1:13:01.350000,"(datetime.datetime(2026, 8, 21, 17, 8, 2, 617000),)",2a3c600d
408626646,-778338513,3320,1:13:01.420000,"(datetime.datetime(2026, 8, 21, 17, 8, 2, 691000),)",2a3c603c
408629119,-778333954,3339,1:13:01.450000,"(datetime.datetime(2026, 8, 21, 17, 8, 2, 717000),)",2a3c600d
408626573,-778338641,3321,1:13:01.530000,"(datetime.datetime(2026, 8, 21, 17, 8, 2, 793000),)",2a3c603c
408629044,-778334080,3339,1:13:01.560000,"(datetime.datetime(2026, 8, 21, 17, 8, 2, 825000),)",2a3c600d
408626500,-778338767,3321,1:13:01.630000,"(datetime.datetime(2026, 8, 21, 17, 8, 2, 893000),)",2a3c603c
408628970,-778334206,3339,1:13:01.660000,"(datetime.datetime(2026, 8, 21, 17, 8, 2, 925000),)",2a3c600d
408626426,-778338895,3321,1:13:01.720000,"(datetime.datetime(2026, 8, 21, 17, 8, 2, 991000),)",2a3c603c
408628897,-778334330,3339,1:13:01.750000,"(datetime.datetime(2026, 8, 21, 17, 8, 3, 17000),)",2a3c600d
408626350,-778339020,3321,1:13:01.820000,"(datetime.datetime(2026, 8, 21, 17, 8, 3, 91000),)",2a3c603c
408628821,-778334458,3339,1:13:01.850000,"(datetime.datetime(2026, 8, 21, 17, 8, 3, 117000),)",2a3c600d
408626279,-778339152,3321,1:13:01.920000,"(datetime.datetime(2026, 8, 21, 17, 8, 3, 191000),)",2a3c603c
408628747,-778334580,3339,1:13:01.950000,"(datetime.datetime(2026, 8, 21, 17, 8, 3, 217000),)",2a3c600d
408626206,-778339276,3321,1:13:02.020000,"(datetime.datetime(2026, 8, 21, 17, 8, 3, 291000),)",2a3c603c
408628601,-778334836,3339,1:13:02.050000,"(datetime.datetime(2026, 8, 21, 17, 8, 3, 317000),)",2a3c600d
408626125,-778339408,3321,1:13:02.120000,"(datetime.datetime(2026, 8, 21, 17, 8, 3, 392000),)",2a3c603c
408628601,-778334836,3339,1:13:02.150000,"(datetime.datetime(2026, 8, 21, 17, 8, 3, 417000),)",2a3c600d
408626056,-778339534,3321,1:13:02.220000,"(datetime.datetime(2026, 8, 21, 17, 8, 3, 492000),)",2a3c603c
408628528,-778334965,3339,1:13:02.250000,"(datetime.datetime(2026, 8, 21, 17, 8, 3, 518000),)",2a3c600d
408625980,-778339664,3321,1:13:02.330000,"(datetime.datetime(2026, 8, 21, 17, 8, 3, 593000),)",2a3c603c
408628456,-778335093,3339,1:13:02.350000,"(datetime.datetime(2026, 8, 21, 17, 8, 3, 617000),)",2a3c600d
408625908,-778339788,3320,1:13:02.430000,"(datetime.datetime(2026, 8, 21, 17, 8, 3, 696000),)",2a3c603c
408628387,-778335218,3339,1:13:02.450000,"(datetime.datetime(2026, 8, 21, 17, 8, 3, 719000),)",2a3c600d
408625831,-778339917,3321,1:13:02.530000,"(datetime.datetime(2026, 8, 21, 17, 8, 3, 793000),)",2a3c603c
408628311,-778335349,3339,1:13:02.550000,"(datetime.datetime(2026, 8, 21, 17, 8, 3, 819000),)",2a3c600d
408625760,-778340042,3320,1:13:02.630000,"(datetime.datetime(2026, 8, 21, 17, 8, 3, 894000),)",2a3c603c
408628239,-778335475,3339,1:13:02.650000,"(datetime.datetime(2026, 8, 21, 17, 8, 3, 918000),)",2a3c600d
408625686,-778340171,3320,1:13:02.750000,"(datetime.datetime(2026, 8, 21, 17, 8, 4, 12000),)",2a3c603c
408628169,-778335603,3339,1:13:02.770000,"(datetime.datetime(2026, 8, 21, 17, 8, 4, 36000),)",2a3c600d
408625611,-778340296,3320,1:13:02.820000,"(datetime.datetime(2026, 8, 21, 17, 8, 4, 91000),)",2a3c603c
408628098,-778335730,3339,1:13:02.850000,"(datetime.datetime(2026, 8, 21, 17, 8, 4, 117000),)",2a3c600d
408625536,-778340429,3321,1:13:02.930000,"(datetime.datetime(2026, 8, 21, 17, 8, 4, 193000),)",2a3c603c
408628023,-778335857,3339,1:13:02.950000,"(datetime.datetime(2026, 8, 21, 17, 8, 4, 217000),)",2a3c600d
408625458,-778340553,3321,1:13:03.020000,"(datetime.datetime(2026, 8, 21, 17, 8, 4, 292000),)",2a3c603c
408627879,-778336118,3339,1:13:03.050000,"(datetime.datetime(2026, 8, 21, 17, 8, 4, 317000),)",2a3c600d
408625386,-778340682,3320,1:13:03.130000,"(datetime.datetime(2026, 8, 21, 17, 8, 4, 395000),)",2a3c603c
408627809,-778336243,3339,1:13:03.160000,"(datetime.datetime(2026, 8, 21, 17, 8, 4, 427000),)",2a3c600d
408625315,-778340811,3321,1:13:03.230000,"(datetime.datetime(2026, 8, 21, 17, 8, 4, 495000),)",2a3c603c
408627809,-778336243,3339,1:13:03.250000,"(datetime.datetime(2026, 8, 21, 17, 8, 4, 519000),)",2a3c600d
408625235,-778340938,3320,1:13:03.320000,"(datetime.datetime(2026, 8, 21, 17, 8, 4, 592000),)",2a3c603c
408627735,-778336376,3339,1:13:03.360000,"(datetime.datetime(2026, 8, 21, 17, 8, 4, 626000),)",2a3c600d
408625164,-778341066,3320,1:13:03.430000,"(datetime.datetime(2026, 8, 21, 17, 8, 4, 701000),)",2a3c603c
408627662,-778336502,3339,1:13:03.450000,"(datetime.datetime(2026, 8, 21, 17, 8, 4, 719000),)",2a3c600d
408625085,-778341195,3320,1:13:03.520000,"(datetime.datetime(2026, 8, 21, 17, 8, 4, 791000),)",2a3c603c
408627588,-778336632,3339,1:13:03.550000,"(datetime.datetime(2026, 8, 21, 17, 8, 4, 818000),)",2a3c600d
408625013,-778341321,3320,1:13:03.620000,"(datetime.datetime(2026, 8, 21, 17, 8, 4, 891000),)",2a3c603c
408627517,-778336758,3338,1:13:03.650000,"(datetime.datetime(2026, 8, 21, 17, 8, 4, 918000),)",2a3c600d
408624939,-778341453,3321,1:13:03.720000,"(datetime.datetime(2026, 8, 21, 17, 8, 4, 991000),)",2a3c603c
408627442,-778336887,3339,1:13:03.750000,"(datetime.datetime(2026, 8, 21, 17, 8, 5, 15000),)",2a3c600d
408624868,-778341578,3320,1:13:03.830000,"(datetime.datetime(2026, 8, 21, 17, 8, 5, 93000),)",2a3c603c
408627369,-778337014,3338,1:13:03.860000,"(datetime.datetime(2026, 8, 21, 17, 8, 5, 124000),)",2a3c600d
408624794,-778341706,3321,1:13:03.900000,"(datetime.datetime(2026, 8, 21, 17, 8, 5, 165000),)",2a3c603c
408627294,-778337138,3338,1:13:03.950000,"(datetime.datetime(2026, 8, 21, 17, 8, 5, 216000),)",2a3c600d
408624720,-778341830,3321,1:13:04,"(datetime.datetime(2026, 8, 21, 17, 8, 5, 264000),)",2a3c603c
408627220,-778337264,3338,1:13:04.050000,"(datetime.datetime(2026, 8, 21, 17, 8, 5, 316000),)",2a3c600d
408624646,-778341952,3321,1:13:04.100000,"(datetime.datetime(2026, 8, 21, 17, 8, 5, 366000),)",2a3c603c
408627145,-778337389,3338,1:13:04.150000,"(datetime.datetime(2026, 8, 21, 17, 8, 5, 419000),)",2a3c600d
408624572,-778342083,3320,1:13:04.200000,"(datetime.datetime(2026, 8, 21, 17, 8, 5, 466000),)",2a3c603c
408624501,-778342213,3320,1:13:04.300000,"(datetime.datetime(2026, 8, 21, 17, 8, 5, 571000),)",2a3c603c
408626993,-778337641,3338,1:13:04.360000,"(datetime.datetime(2026, 8, 21, 17, 8, 5, 623000),)",2a3c600d
408626920,-778337770,3339,1:13:04.380000,"(datetime.datetime(2026, 8, 21, 17, 8, 5, 649000),)",2a3c600d
408624423,-778342339,3320,1:13:04.410000,"(datetime.datetime(2026, 8, 21, 17, 8, 5, 675000),)",2a3c603c
408624351,-778342464,3319,1:13:04.500000,"(datetime.datetime(2026, 8, 21, 17, 8, 5, 765000),)",2a3c603c
408626843,-778337890,3338,1:13:04.540000,"(datetime.datetime(2026, 8, 21, 17, 8, 5, 807000),)",2a3c600d
408624277,-778342595,3320,1:13:04.600000,"(datetime.datetime(2026, 8, 21, 17, 8, 5, 866000),)",2a3c603c
408626765,-778338016,3338,1:13:04.640000,"(datetime.datetime(2026, 8, 21, 17, 8, 5, 908000),)",2a3c600d
408624204,-778342721,3320,1:13:04.700000,"(datetime.datetime(2026, 8, 21, 17, 8, 5, 966000),)",2a3c603c
408626688,-778338141,3338,1:13:04.740000,"(datetime.datetime(2026, 8, 21, 17, 8, 6, 11000),)",2a3c600d
408624128,-778342856,3320,1:13:04.800000,"(datetime.datetime(2026, 8, 21, 17, 8, 6, 66000),)",2a3c603c
408626612,-778338265,3338,1:13:04.840000,"(datetime.datetime(2026, 8, 21, 17, 8, 6, 111000),)",2a3c600d
408626612,-778338265,3338,1:13:04.860000,"(datetime.datetime(2026, 8, 21, 17, 8, 6, 132000),)",2a3c600d
408624054,-778342986,3321,1:13:04.910000,"(datetime.datetime(2026, 8, 21, 17, 8, 6, 179000),)",2a3c603c
408626461,-778338509,3338,1:13:04.950000,"(datetime.datetime(2026, 8, 21, 17, 8, 6, 220000),)",2a3c600d
408623982,-778343118,3321,1:13:05,"(datetime.datetime(2026, 8, 21, 17, 8, 6, 270000),)",2a3c603c
408626461,-778338509,3338,1:13:05.060000,"(datetime.datetime(2026, 8, 21, 17, 8, 6, 323000),)",2a3c600d
408623910,-778343247,3320,1:13:05.100000,"(datetime.datetime(2026, 8, 21, 17, 8, 6, 366000),)",2a3c603c
408626384,-778338633,3338,1:13:05.150000,"(datetime.datetime(2026, 8, 21, 17, 8, 6, 421000),)",2a3c600d
408623841,-778343374,3320,1:13:05.200000,"(datetime.datetime(2026, 8, 21, 17, 8, 6, 465000),)",2a3c603c
408626310,-778338757,3338,1:13:05.250000,"(datetime.datetime(2026, 8, 21, 17, 8, 6, 517000),)",2a3c600d
408623771,-778343508,3320,1:13:05.300000,"(datetime.datetime(2026, 8, 21, 17, 8, 6, 566000),)",2a3c603c
408626234,-778338883,3338,1:13:05.350000,"(datetime.datetime(2026, 8, 21, 17, 8, 6, 618000),)",2a3c600d
408623701,-778343638,3320,1:13:05.400000,"(datetime.datetime(2026, 8, 21, 17, 8, 6, 671000),)",2a3c603c
408626156,-778339003,3338,1:13:05.480000,"(datetime.datetime(2026, 8, 21, 17, 8, 6, 745000),)",2a3c600d
408623632,-778343771,3320,1:13:05.500000,"(datetime.datetime(2026, 8, 21, 17, 8, 6, 772000),)",2a3c603c
408626084,-778339130,3338,1:13:05.550000,"(datetime.datetime(2026, 8, 21, 17, 8, 6, 820000),)",2a3c600d
408623558,-778343904,3320,1:13:05.600000,"(datetime.datetime(2026, 8, 21, 17, 8, 6, 868000),)",2a3c603c
408626010,-778339254,3337,1:13:05.660000,"(datetime.datetime(2026, 8, 21, 17, 8, 6, 930000),)",2a3c600d
408623487,-778344037,3320,1:13:05.700000,"(datetime.datetime(2026, 8, 21, 17, 8, 6, 966000),)",2a3c603c
408625937,-778339380,3337,1:13:05.760000,"(datetime.datetime(2026, 8, 21, 17, 8, 7, 28000),)",2a3c600d
408623422,-778344169,3320,1:13:05.800000,"(datetime.datetime(2026, 8, 21, 17, 8, 7, 68000),)",2a3c603c
408625864,-778339510,3337,1:13:05.850000,"(datetime.datetime(2026, 8, 21, 17, 8, 7, 118000),)",2a3c600d
408623356,-778344303,3320,1:13:05.910000,"(datetime.datetime(2026, 8, 21, 17, 8, 7, 173000),)",2a3c603c
408625790,-778339635,3338,1:13:05.960000,"(datetime.datetime(2026, 8, 21, 17, 8, 7, 223000),)",2a3c600d
408623290,-778344438,3320,1:13:06.020000,"(datetime.datetime(2026, 8, 21, 17, 8, 7, 292000),)",2a3c603c
408625719,-778339764,3337,1:13:06.060000,"(datetime.datetime(2026, 8, 21, 17, 8, 7, 323000),)",2a3c600d
408623225,-778344575,3321,1:13:06.110000,"(datetime.datetime(2026, 8, 21, 17, 8, 7, 378000),)",2a3c603c
408625647,-778339889,3337,1:13:06.160000,"(datetime.datetime(2026, 8, 21, 17, 8, 7, 427000),)",2a3c600d
408623157,-778344712,3320,1:13:06.220000,"(datetime.datetime(2026, 8, 21, 17, 8, 7, 490000),)",2a3c603c
408625573,-778340018,3337,1:13:06.250000,"(datetime.datetime(2026, 8, 21, 17, 8, 7, 518000),)",2a3c600d
408623094,-778344847,3320,1:13:06.310000,"(datetime.datetime(2026, 8, 21, 17, 8, 7, 579000),)",2a3c603c
408625500,-778340143,3337,1:13:06.350000,"(datetime.datetime(2026, 8, 21, 17, 8, 7, 621000),)",2a3c600d
408623030,-778344981,3320,1:13:06.410000,"(datetime.datetime(2026, 8, 21, 17, 8, 7, 681000),)",2a3c603c
408625427,-778340275,3337,1:13:06.450000,"(datetime.datetime(2026, 8, 21, 17, 8, 7, 722000),)",2a3c600d
408622969,-778345119,3320,1:13:06.510000,"(datetime.datetime(2026, 8, 21, 17, 8, 7, 776000),)",2a3c603c
408625357,-778340403,3337,1:13:06.550000,"(datetime.datetime(2026, 8, 21, 17, 8, 7, 817000),)",2a3c600d
408622906,-778345256,3320,1:13:06.610000,"(datetime.datetime(2026, 8, 21, 17, 8, 7, 876000),)",2a3c603c
408625282,-778340532,3337,1:13:06.650000,"(datetime.datetime(2026, 8, 21, 17, 8, 7, 917000),)",2a3c600d
408622845,-778345394,3319,1:13:06.710000,"(datetime.datetime(2026, 8, 21, 17, 8, 7, 976000),)",2a3c603c
408625208,-778340659,3336,1:13:06.750000,"(datetime.datetime(2026, 8, 21, 17, 8, 8, 17000),)",2a3c600d
408622781,-778345534,3320,1:13:06.810000,"(datetime.datetime(2026, 8, 21, 17, 8, 8, 77000),)",2a3c603c
408625137,-778340790,3336,1:13:06.860000,"(datetime.datetime(2026, 8, 21, 17, 8, 8, 123000),)",2a3c600d
408622714,-778345676,3320,1:13:06.910000,"(datetime.datetime(2026, 8, 21, 17, 8, 8, 176000),)",2a3c603c
408625063,-778340918,3336,1:13:06.950000,"(datetime.datetime(2026, 8, 21, 17, 8, 8, 218000),)",2a3c600d
408622656,-778345817,3320,1:13:07.010000,"(datetime.datetime(2026, 8, 21, 17, 8, 8, 278000),)",2a3c603c
408624991,-778341048,3336,1:13:07.050000,"(datetime.datetime(2026, 8, 21, 17, 8, 8, 318000),)",2a3c600d
408622596,-778345957,3321,1:13:07.110000,"(datetime.datetime(2026, 8, 21, 17, 8, 8, 377000),)",2a3c603c
408624920,-778341174,3336,1:13:07.150000,"(datetime.datetime(2026, 8, 21, 17, 8, 8, 419000),)",2a3c600d
408622539,-778346098,3321,1:13:07.220000,"(datetime.datetime(2026, 8, 21, 17, 8, 8, 483000),)",2a3c603c
408624846,-778341306,3336,1:13:07.250000,"(datetime.datetime(2026, 8, 21, 17, 8, 8, 518000),)",2a3c600d
408622478,-778346239,3321,1:13:07.310000,"(datetime.datetime(2026, 8, 21, 17, 8, 8, 582000),)",2a3c603c
408624774,-778341434,3336,1:13:07.350000,"(datetime.datetime(2026, 8, 21, 17, 8, 8, 616000),)",2a3c600d
408622424,-778346379,3320,1:13:07.410000,"(datetime.datetime(2026, 8, 21, 17, 8, 8, 679000),)",2a3c603c
408624703,-778341563,3336,1:13:07.450000,"(datetime.datetime(2026, 8, 21, 17, 8, 8, 717000),)",2a3c600d
408622369,-778346523,3320,1:13:07.510000,"(datetime.datetime(2026, 8, 21, 17, 8, 8, 776000),)",2a3c603c
408624628,-778341691,3336,1:13:07.600000,"(datetime.datetime(2026, 8, 21, 17, 8, 8, 865000),)",2a3c600d
408622314,-778346664,3320,1:13:07.620000,"(datetime.datetime(2026, 8, 21, 17, 8, 8, 892000),)",2a3c603c
408624556,-778341821,3336,1:13:07.660000,"(datetime.datetime(2026, 8, 21, 17, 8, 8, 931000),)",2a3c600d
408622259,-778346810,3320,1:13:07.710000,"(datetime.datetime(2026, 8, 21, 17, 8, 8, 978000),)",2a3c603c
408624486,-778341949,3336,1:13:07.750000,"(datetime.datetime(2026, 8, 21, 17, 8, 9, 18000),)",2a3c600d
408622208,-778346954,3320,1:13:07.810000,"(datetime.datetime(2026, 8, 21, 17, 8, 9, 81000),)",2a3c603c
408624411,-778342079,3335,1:13:07.850000,"(datetime.datetime(2026, 8, 21, 17, 8, 9, 117000),)",2a3c600d
408622152,-778347097,3320,1:13:07.910000,"(datetime.datetime(2026, 8, 21, 17, 8, 9, 177000),)",2a3c603c
408624338,-778342206,3336,1:13:07.950000,"(datetime.datetime(2026, 8, 21, 17, 8, 9, 218000),)",2a3c600d
408622103,-778347244,3320,1:13:08.010000,"(datetime.datetime(2026, 8, 21, 17, 8, 9, 277000),)",2a3c603c
408624264,-778342336,3336,1:13:08.060000,"(datetime.datetime(2026, 8, 21, 17, 8, 9, 323000),)",2a3c600d
408622050,-778347395,3320,1:13:08.110000,"(datetime.datetime(2026, 8, 21, 17, 8, 9, 378000),)",2a3c603c
408624193,-778342465,3335,1:13:08.150000,"(datetime.datetime(2026, 8, 21, 17, 8, 9, 420000),)",2a3c600d
408622004,-778347536,3320,1:13:08.210000,"(datetime.datetime(2026, 8, 21, 17, 8, 9, 480000),)",2a3c603c
408624118,-778342596,3335,1:13:08.250000,"(datetime.datetime(2026, 8, 21, 17, 8, 9, 522000),)",2a3c600d
408621954,-778347683,3320,1:13:08.320000,"(datetime.datetime(2026, 8, 21, 17, 8, 9, 583000),)",2a3c603c
408624050,-778342723,3335,1:13:08.350000,"(datetime.datetime(2026, 8, 21, 17, 8, 9, 618000),)",2a3c600d
408621906,-778347833,3320,1:13:08.410000,"(datetime.datetime(2026, 8, 21, 17, 8, 9, 677000),)",2a3c603c
408623978,-778342855,3335,1:13:08.450000,"(datetime.datetime(2026, 8, 21, 17, 8, 9, 717000),)",2a3c600d
408621861,-778347977,3320,1:13:08.520000,"(datetime.datetime(2026, 8, 21, 17, 8, 9, 785000),)",2a3c603c
408623907,-778342984,3335,1:13:08.600000,"(datetime.datetime(2026, 8, 21, 17, 8, 9, 866000),)",2a3c600d
408621817,-778348128,3320,1:13:08.620000,"(datetime.datetime(2026, 8, 21, 17, 8, 9, 887000),)",2a3c603c
408623837,-778343117,3335,1:13:08.650000,"(datetime.datetime(2026, 8, 21, 17, 8, 9, 918000),)",2a3c600d
408621772,-778348276,3319,1:13:08.720000,"(datetime.datetime(2026, 8, 21, 17, 8, 9, 990000),)",2a3c603c
408623766,-778343245,3335,1:13:08.750000,"(datetime.datetime(2026, 8, 21, 17, 8, 10, 18000),)",2a3c600d
408621732,-778348422,3319,1:13:08.810000,"(datetime.datetime(2026, 8, 21, 17, 8, 10, 76000),)",2a3c603c
408623698,-778343378,3335,1:13:08.850000,"(datetime.datetime(2026, 8, 21, 17, 8, 10, 117000),)",2a3c600d
408621684,-778348572,3319,1:13:08.910000,"(datetime.datetime(2026, 8, 21, 17, 8, 10, 177000),)",2a3c603c
408623627,-778343508,3335,1:13:08.950000,"(datetime.datetime(2026, 8, 21, 17, 8, 10, 221000),)",2a3c600d
408621646,-778348724,3319,1:13:09.010000,"(datetime.datetime(2026, 8, 21, 17, 8, 10, 276000),)",2a3c603c
408623561,-778343642,3335,1:13:09.050000,"(datetime.datetime(2026, 8, 21, 17, 8, 10, 320000),)",2a3c600d
408621606,-778348874,3319,1:13:09.110000,"(datetime.datetime(2026, 8, 21, 17, 8, 10, 377000),)",2a3c603c
408623495,-778343774,3334,1:13:09.150000,"(datetime.datetime(2026, 8, 21, 17, 8, 10, 417000),)",2a3c600d
408621566,-778349023,3319,1:13:09.210000,"(datetime.datetime(2026, 8, 21, 17, 8, 10, 477000),)",2a3c603c
408623429,-778343910,3335,1:13:09.250000,"(datetime.datetime(2026, 8, 21, 17, 8, 10, 518000),)",2a3c600d
408621527,-778349173,3319,1:13:09.310000,"(datetime.datetime(2026, 8, 21, 17, 8, 10, 578000),)",2a3c603c
408623362,-778344045,3334,1:13:09.360000,"(datetime.datetime(2026, 8, 21, 17, 8, 10, 623000),)",2a3c600d
408621491,-778349327,3319,1:13:09.410000,"(datetime.datetime(2026, 8, 21, 17, 8, 10, 678000),)",2a3c603c
408623298,-778344182,3335,1:13:09.460000,"(datetime.datetime(2026, 8, 21, 17, 8, 10, 729000),)",2a3c600d
408621456,-778349479,3319,1:13:09.510000,"(datetime.datetime(2026, 8, 21, 17, 8, 10, 776000),)",2a3c603c
408623235,-778344319,3334,1:13:09.610000,"(datetime.datetime(2026, 8, 21, 17, 8, 10, 874000),)",2a3c600d
408621420,-778349632,3319,1:13:09.630000,"(datetime.datetime(2026, 8, 21, 17, 8, 10, 901000),)",2a3c603c
408623171,-778344454,3335,1:13:09.690000,"(datetime.datetime(2026, 8, 21, 17, 8, 10, 955000),)",2a3c600d
408621385,-778349783,3319,1:13:09.710000,"(datetime.datetime(2026, 8, 21, 17, 8, 10, 979000),)",2a3c603c
408623108,-778344590,3334,1:13:09.750000,"(datetime.datetime(2026, 8, 21, 17, 8, 11, 21000),)",2a3c600d
408621348,-778349936,3319,1:13:09.810000,"(datetime.datetime(2026, 8, 21, 17, 8, 11, 78000),)",2a3c603c
408623046,-778344725,3334,1:13:09.860000,"(datetime.datetime(2026, 8, 21, 17, 8, 11, 128000),)",2a3c600d
408621311,-778350088,3318,1:13:09.910000,"(datetime.datetime(2026, 8, 21, 17, 8, 11, 177000),)",2a3c603c
408622986,-778344860,3334,1:13:09.950000,"(datetime.datetime(2026, 8, 21, 17, 8, 11, 218000),)",2a3c600d
408621279,-778350243,3318,1:13:10.010000,"(datetime.datetime(2026, 8, 21, 17, 8, 11, 276000),)",2a3c603c
408622924,-778344998,3334,1:13:10.050000,"(datetime.datetime(2026, 8, 21, 17, 8, 11, 317000),)",2a3c600d
408621250,-778350396,3318,1:13:10.110000,"(datetime.datetime(2026, 8, 21, 17, 8, 11, 377000),)",2a3c603c
408622861,-778345138,3334,1:13:10.150000,"(datetime.datetime(2026, 8, 21, 17, 8, 11, 418000),)",2a3c600d
408621219,-778350551,3318,1:13:10.210000,"(datetime.datetime(2026, 8, 21, 17, 8, 11, 479000),)",2a3c603c
408622803,-778345274,3333,1:13:10.250000,"(datetime.datetime(2026, 8, 21, 17, 8, 11, 518000),)",2a3c600d
408621190,-778350704,3318,1:13:10.310000,"(datetime.datetime(2026, 8, 21, 17, 8, 11, 579000),)",2a3c603c
408622742,-778345413,3333,1:13:10.350000,"(datetime.datetime(2026, 8, 21, 17, 8, 11, 618000),)",2a3c600d
408621160,-778350858,3318,1:13:10.410000,"(datetime.datetime(2026, 8, 21, 17, 8, 11, 676000),)",2a3c603c
408622683,-778345549,3333,1:13:10.450000,"(datetime.datetime(2026, 8, 21, 17, 8, 11, 718000),)",2a3c600d
408621134,-778351012,3318,1:13:10.510000,"(datetime.datetime(2026, 8, 21, 17, 8, 11, 776000),)",2a3c603c
408622624,-778345691,3333,1:13:10.600000,"(datetime.datetime(2026, 8, 21, 17, 8, 11, 865000),)",2a3c600d
408621105,-778351171,3318,1:13:10.620000,"(datetime.datetime(2026, 8, 21, 17, 8, 11, 891000),)",2a3c603c
408622565,-778345829,3333,1:13:10.650000,"(datetime.datetime(2026, 8, 21, 17, 8, 11, 918000),)",2a3c600d
408621081,-778351323,3318,1:13:10.710000,"(datetime.datetime(2026, 8, 21, 17, 8, 11, 980000),)",2a3c603c
408622505,-778345972,3333,1:13:10.750000,"(datetime.datetime(2026, 8, 21, 17, 8, 12, 18000),)",2a3c600d
408621055,-778351481,3318,1:13:10.810000,"(datetime.datetime(2026, 8, 21, 17, 8, 12, 76000),)",2a3c603c
408622450,-778346111,3333,1:13:10.850000,"(datetime.datetime(2026, 8, 21, 17, 8, 12, 117000),)",2a3c600d
408621026,-778351637,3318,1:13:10.910000,"(datetime.datetime(2026, 8, 21, 17, 8, 12, 176000),)",2a3c603c
408622392,-778346247,3333,1:13:10.950000,"(datetime.datetime(2026, 8, 21, 17, 8, 12, 218000),)",2a3c600d
408621005,-778351795,3318,1:13:11.010000,"(datetime.datetime(2026, 8, 21, 17, 8, 12, 276000),)",2a3c603c
408622337,-778346390,3333,1:13:11.060000,"(datetime.datetime(2026, 8, 21, 17, 8, 12, 326000),)",2a3c600d
408620985,-778351949,3318,1:13:11.130000,"(datetime.datetime(2026, 8, 21, 17, 8, 12, 393000),)",2a3c603c
408622283,-778346531,3333,1:13:11.160000,"(datetime.datetime(2026, 8, 21, 17, 8, 12, 425000),)",2a3c600d
408620962,-778352105,3318,1:13:11.210000,"(datetime.datetime(2026, 8, 21, 17, 8, 12, 478000),)",2a3c603c
408622229,-778346674,3333,1:13:11.260000,"(datetime.datetime(2026, 8, 21, 17, 8, 12, 529000),)",2a3c600d
408620943,-778352264,3318,1:13:11.310000,"(datetime.datetime(2026, 8, 21, 17, 8, 12, 576000),)",2a3c603c
408622175,-778346817,3333,1:13:11.370000,"(datetime.datetime(2026, 8, 21, 17, 8, 12, 638000),)",2a3c600d
408620921,-778352417,3318,1:13:11.410000,"(datetime.datetime(2026, 8, 21, 17, 8, 12, 675000),)",2a3c603c
408622123,-778346962,3332,1:13:11.450000,"(datetime.datetime(2026, 8, 21, 17, 8, 12, 717000),)",2a3c600d
408620904,-778352575,3318,1:13:11.510000,"(datetime.datetime(2026, 8, 21, 17, 8, 12, 777000),)",2a3c603c
408622073,-778347104,3332,1:13:11.550000,"(datetime.datetime(2026, 8, 21, 17, 8, 12, 818000),)",2a3c600d
408620884,-778352732,3318,1:13:11.620000,"(datetime.datetime(2026, 8, 21, 17, 8, 12, 886000),)",2a3c603c
408622023,-778347252,3333,1:13:11.650000,"(datetime.datetime(2026, 8, 21, 17, 8, 12, 918000),)",2a3c600d
408620867,-778352894,3318,1:13:11.710000,"(datetime.datetime(2026, 8, 21, 17, 8, 12, 977000),)",2a3c603c
408621974,-778347394,3333,1:13:11.750000,"(datetime.datetime(2026, 8, 21, 17, 8, 13, 18000),)",2a3c600d
408620854,-778353050,3318,1:13:11.810000,"(datetime.datetime(2026, 8, 21, 17, 8, 13, 77000),)",2a3c603c
408621925,-778347541,3332,1:13:11.850000,"(datetime.datetime(2026, 8, 21, 17, 8, 13, 118000),)",2a3c600d
408620835,-778353213,3318,1:13:11.910000,"(datetime.datetime(2026, 8, 21, 17, 8, 13, 177000),)",2a3c603c
408621872,-778347679,3332,1:13:11.950000,"(datetime.datetime(2026, 8, 21, 17, 8, 13, 218000),)",2a3c600d
408620822,-778353368,3318,1:13:12.010000,"(datetime.datetime(2026, 8, 21, 17, 8, 13, 279000),)",2a3c603c
408621829,-778347829,3332,1:13:12.080000,"(datetime.datetime(2026, 8, 21, 17, 8, 13, 347000),)",2a3c600d
408620809,-778353528,3318,1:13:12.110000,"(datetime.datetime(2026, 8, 21, 17, 8, 13, 378000),)",2a3c603c
408621783,-778347973,3332,1:13:12.150000,"(datetime.datetime(2026, 8, 21, 17, 8, 13, 418000),)",2a3c600d
408620799,-778353683,3318,1:13:12.210000,"(datetime.datetime(2026, 8, 21, 17, 8, 13, 479000),)",2a3c603c
408621739,-778348121,3332,1:13:12.260000,"(datetime.datetime(2026, 8, 21, 17, 8, 13, 528000),)",2a3c600d
408620782,-778353845,3318,1:13:12.310000,"(datetime.datetime(2026, 8, 21, 17, 8, 13, 577000),)",2a3c603c
408621696,-778348266,3332,1:13:12.350000,"(datetime.datetime(2026, 8, 21, 17, 8, 13, 618000),)",2a3c600d
408620775,-778354005,3318,1:13:12.420000,"(datetime.datetime(2026, 8, 21, 17, 8, 13, 683000),)",2a3c603c
408621650,-778348416,3332,1:13:12.450000,"(datetime.datetime(2026, 8, 21, 17, 8, 13, 716000),)",2a3c600d
408620761,-778354161,3318,1:13:12.510000,"(datetime.datetime(2026, 8, 21, 17, 8, 13, 777000),)",2a3c603c
408621607,-778348564,3332,1:13:12.550000,"(datetime.datetime(2026, 8, 21, 17, 8, 13, 818000),)",2a3c600d
408620754,-778354322,3318,1:13:12.590000,"(datetime.datetime(2026, 8, 21, 17, 8, 13, 859000),)",2a3c603c
408621566,-778348711,3332,1:13:12.610000,"(datetime.datetime(2026, 8, 21, 17, 8, 13, 879000),)",2a3c600d
408620746,-778354478,3319,1:13:12.660000,"(datetime.datetime(2026, 8, 21, 17, 8, 13, 930000),)",2a3c603c
408621524,-778348859,3332,1:13:12.710000,"(datetime.datetime(2026, 8, 21, 17, 8, 13, 979000),)",2a3c600d
408620743,-778354639,3318,1:13:12.760000,"(datetime.datetime(2026, 8, 21, 17, 8, 14, 29000),)",2a3c603c
408621482,-778349010,3332,1:13:12.810000,"(datetime.datetime(2026, 8, 21, 17, 8, 14, 74000),)",2a3c600d
408620730,-778354793,3319,1:13:12.860000,"(datetime.datetime(2026, 8, 21, 17, 8, 14, 126000),)",2a3c603c
408621438,-778349155,3332,1:13:12.910000,"(datetime.datetime(2026, 8, 21, 17, 8, 14, 175000),)",2a3c600d
408620729,-778354953,3318,1:13:12.960000,"(datetime.datetime(2026, 8, 21, 17, 8, 14, 226000),)",2a3c603c
408621403,-778349307,3332,1:13:13.010000,"(datetime.datetime(2026, 8, 21, 17, 8, 14, 279000),)",2a3c600d
408620724,-778355111,3318,1:13:13.060000,"(datetime.datetime(2026, 8, 21, 17, 8, 14, 327000),)",2a3c603c
408621365,-778349455,3332,1:13:13.110000,"(datetime.datetime(2026, 8, 21, 17, 8, 14, 375000),)",2a3c600d
408620725,-778355270,3318,1:13:13.160000,"(datetime.datetime(2026, 8, 21, 17, 8, 14, 425000),)",2a3c603c
408621328,-778349604,3331,1:13:13.210000,"(datetime.datetime(2026, 8, 21, 17, 8, 14, 475000),)",2a3c600d
408620721,-778355428,3318,1:13:13.260000,"(datetime.datetime(2026, 8, 21, 17, 8, 14, 527000),)",2a3c603c
408621293,-778349756,3331,1:13:13.310000,"(datetime.datetime(2026, 8, 21, 17, 8, 14, 574000),)",2a3c600d
408620721,-778355428,3318,1:13:13.360000,"(datetime.datetime(2026, 8, 21, 17, 8, 14, 627000),)",2a3c603c
408621258,-778349908,3332,1:13:13.410000,"(datetime.datetime(2026, 8, 21, 17, 8, 14, 681000),)",2a3c600d
408620719,-778355589,3318,1:13:13.460000,"(datetime.datetime(2026, 8, 21, 17, 8, 14, 726000),)",2a3c603c
408621224,-778350062,3332,1:13:13.520000,"(datetime.datetime(2026, 8, 21, 17, 8, 14, 788000),)",2a3c600d
408620720,-778355746,3319,1:13:13.560000,"(datetime.datetime(2026, 8, 21, 17, 8, 14, 828000),)",2a3c603c
408620721,-778355908,3318,1:13:13.660000,"(datetime.datetime(2026, 8, 21, 17, 8, 14, 927000),)",2a3c603c
408621192,-778350215,3332,1:13:13.710000,"(datetime.datetime(2026, 8, 21, 17, 8, 14, 974000),)",2a3c600d
408620725,-778356064,3318,1:13:13.760000,"(datetime.datetime(2026, 8, 21, 17, 8, 15, 27000),)",2a3c603c
408621161,-778350370,3332,1:13:13.810000,"(datetime.datetime(2026, 8, 21, 17, 8, 15, 75000),)",2a3c600d
408621132,-778350519,3332,1:13:13.840000,"(datetime.datetime(2026, 8, 21, 17, 8, 15, 110000),)",2a3c600d
408620729,-778356223,3318,1:13:13.860000,"(datetime.datetime(2026, 8, 21, 17, 8, 15, 126000),)",2a3c603c
408621099,-778350673,3332,1:13:13.910000,"(datetime.datetime(2026, 8, 21, 17, 8, 15, 178000),)",2a3c600d
408620731,-778356385,3319,1:13:13.960000,"(datetime.datetime(2026, 8, 21, 17, 8, 15, 226000),)",2a3c603c
408621075,-778350827,3332,1:13:14.020000,"(datetime.datetime(2026, 8, 21, 17, 8, 15, 290000),)",2a3c600d
408620741,-778356544,3318,1:13:14.060000,"(datetime.datetime(2026, 8, 21, 17, 8, 15, 328000),)",2a3c603c
408620749,-778356701,3318,1:13:14.170000,"(datetime.datetime(2026, 8, 21, 17, 8, 15, 439000),)",2a3c603c
408621048,-778350984,3332,1:13:14.210000,"(datetime.datetime(2026, 8, 21, 17, 8, 15, 474000),)",2a3c600d
408621023,-778351137,3332,1:13:14.240000,"(datetime.datetime(2026, 8, 21, 17, 8, 15, 505000),)",2a3c600d
408620758,-778356861,3318,1:13:14.260000,"(datetime.datetime(2026, 8, 21, 17, 8, 15, 527000),)",2a3c603c
408620767,-778357019,3318,1:13:14.360000,"(datetime.datetime(2026, 8, 21, 17, 8, 15, 626000),)",2a3c603c
408620999,-778351293,3332,1:13:14.420000,"(datetime.datetime(2026, 8, 21, 17, 8, 15, 683000),)",2a3c600d
408620776,-778357176,3318,1:13:14.460000,"(datetime.datetime(2026, 8, 21, 17, 8, 15, 729000),)",2a3c603c
408620973,-778351445,3332,1:13:14.510000,"(datetime.datetime(2026, 8, 21, 17, 8, 15, 774000),)",2a3c600d
408620788,-778357338,3318,1:13:14.560000,"(datetime.datetime(2026, 8, 21, 17, 8, 15, 830000),)",2a3c603c
408620950,-778351602,3332,1:13:14.610000,"(datetime.datetime(2026, 8, 21, 17, 8, 15, 876000),)",2a3c600d
408620802,-778357491,3318,1:13:14.660000,"(datetime.datetime(2026, 8, 21, 17, 8, 15, 926000),)",2a3c603c
408620926,-778351757,3332,1:13:14.710000,"(datetime.datetime(2026, 8, 21, 17, 8, 15, 975000),)",2a3c600d
408620816,-778357648,3318,1:13:14.760000,"(datetime.datetime(2026, 8, 21, 17, 8, 16, 26000),)",2a3c603c
408620904,-778351911,3331,1:13:14.810000,"(datetime.datetime(2026, 8, 21, 17, 8, 16, 76000),)",2a3c600d
408620884,-778352068,3331,1:13:14.830000,"(datetime.datetime(2026, 8, 21, 17, 8, 16, 93000),)",2a3c600d
408620832,-778357804,3318,1:13:14.860000,"(datetime.datetime(2026, 8, 21, 17, 8, 16, 126000),)",2a3c603c
408620859,-778352217,3331,1:13:14.920000,"(datetime.datetime(2026, 8, 21, 17, 8, 16, 188000),)",2a3c600d
408620842,-778357967,3318,1:13:14.960000,"(datetime.datetime(2026, 8, 21, 17, 8, 16, 227000),)",2a3c603c
408620843,-778352376,3331,1:13:15.020000,"(datetime.datetime(2026, 8, 21, 17, 8, 16, 290000),)",2a3c600d
408620864,-778358127,3318,1:13:15.070000,"(datetime.datetime(2026, 8, 21, 17, 8, 16, 333000),)",2a3c603c
408620827,-778352534,3331,1:13:15.110000,"(datetime.datetime(2026, 8, 21, 17, 8, 16, 378000),)",2a3c600d
408620880,-778358286,3318,1:13:15.160000,"(datetime.datetime(2026, 8, 21, 17, 8, 16, 428000),)",2a3c603c
408620807,-778352692,3331,1:13:15.210000,"(datetime.datetime(2026, 8, 21, 17, 8, 16, 475000),)",2a3c600d
408620902,-778358441,3318,1:13:15.260000,"(datetime.datetime(2026, 8, 21, 17, 8, 16, 528000),)",2a3c603c
408620791,-778352847,3331,1:13:15.310000,"(datetime.datetime(2026, 8, 21, 17, 8, 16, 576000),)",2a3c600d
408620918,-778358598,3318,1:13:15.360000,"(datetime.datetime(2026, 8, 21, 17, 8, 16, 626000),)",2a3c603c
408620774,-778353007,3331,1:13:15.410000,"(datetime.datetime(2026, 8, 21, 17, 8, 16, 679000),)",2a3c600d
408620940,-778358757,3318,1:13:15.470000,"(datetime.datetime(2026, 8, 21, 17, 8, 16, 737000),)",2a3c603c
408620762,-778353161,3331,1:13:15.510000,"(datetime.datetime(2026, 8, 21, 17, 8, 16, 778000),)",2a3c600d
408620962,-778358911,3318,1:13:15.560000,"(datetime.datetime(2026, 8, 21, 17, 8, 16, 829000),)",2a3c603c
408620748,-778353323,3331,1:13:15.610000,"(datetime.datetime(2026, 8, 21, 17, 8, 16, 878000),)",2a3c600d
408621012,-778359225,3317,1:13:15.660000,"(datetime.datetime(2026, 8, 21, 17, 8, 16, 926000),)",2a3c603c
408620736,-778353478,3331,1:13:15.710000,"(datetime.datetime(2026, 8, 21, 17, 8, 16, 978000),)",2a3c600d
408621036,-778359381,3318,1:13:15.760000,"(datetime.datetime(2026, 8, 21, 17, 8, 17, 26000),)",2a3c603c
408620725,-778353638,3331,1:13:15.810000,"(datetime.datetime(2026, 8, 21, 17, 8, 17, 79000),)",2a3c600d
408621056,-778359534,3317,1:13:15.860000,"(datetime.datetime(2026, 8, 21, 17, 8, 17, 127000),)",2a3c603c
408620710,-778353792,3331,1:13:15.910000,"(datetime.datetime(2026, 8, 21, 17, 8, 17, 173000),)",2a3c600d
408621084,-778359688,3317,1:13:15.960000,"(datetime.datetime(2026, 8, 21, 17, 8, 17, 226000),)",2a3c603c
408620706,-778353952,3331,1:13:16.010000,"(datetime.datetime(2026, 8, 21, 17, 8, 17, 275000),)",2a3c600d
408621116,-778359843,3317,1:13:16.060000,"(datetime.datetime(2026, 8, 21, 17, 8, 17, 328000),)",2a3c603c
408620698,-778354107,3331,1:13:16.110000,"(datetime.datetime(2026, 8, 21, 17, 8, 17, 375000),)",2a3c600d
408621147,-778359994,3317,1:13:16.170000,"(datetime.datetime(2026, 8, 21, 17, 8, 17, 434000),)",2a3c603c
408620691,-778354267,3331,1:13:16.210000,"(datetime.datetime(2026, 8, 21, 17, 8, 17, 478000),)",2a3c600d
408621175,-778360152,3317,1:13:16.270000,"(datetime.datetime(2026, 8, 21, 17, 8, 17, 537000),)",2a3c603c
408620685,-778354426,3332,1:13:16.300000,"(datetime.datetime(2026, 8, 21, 17, 8, 17, 572000),)",2a3c600d
408621206,-778360308,3317,1:13:16.370000,"(datetime.datetime(2026, 8, 21, 17, 8, 17, 637000),)",2a3c603c
408620680,-778354584,3331,1:13:16.410000,"(datetime.datetime(2026, 8, 21, 17, 8, 17, 673000),)",2a3c600d
408621240,-778360459,3316,1:13:16.470000,"(datetime.datetime(2026, 8, 21, 17, 8, 17, 733000),)",2a3c603c
408620676,-778354744,3331,1:13:16.500000,"(datetime.datetime(2026, 8, 21, 17, 8, 17, 772000),)",2a3c600d
408621273,-778360614,3316,1:13:16.570000,"(datetime.datetime(2026, 8, 21, 17, 8, 17, 835000),)",2a3c603c
408620672,-778354899,3331,1:13:16.610000,"(datetime.datetime(2026, 8, 21, 17, 8, 17, 873000),)",2a3c600d
408621309,-778360763,3316,1:13:16.670000,"(datetime.datetime(2026, 8, 21, 17, 8, 17, 936000),)",2a3c603c
408620670,-778355062,3332,1:13:16.710000,"(datetime.datetime(2026, 8, 21, 17, 8, 17, 980000),)",2a3c600d
408621345,-778360914,3316,1:13:16.770000,"(datetime.datetime(2026, 8, 21, 17, 8, 18, 33000),)",2a3c603c
408620668,-778355219,3331,1:13:16.800000,"(datetime.datetime(2026, 8, 21, 17, 8, 18, 71000),)",2a3c600d
408621377,-778361059,3316,1:13:16.870000,"(datetime.datetime(2026, 8, 21, 17, 8, 18, 133000),)",2a3c603c
408620663,-778355376,3331,1:13:16.900000,"(datetime.datetime(2026, 8, 21, 17, 8, 18, 172000),)",2a3c600d
408621419,-778361215,3316,1:13:16.980000,"(datetime.datetime(2026, 8, 21, 17, 8, 18, 242000),)",2a3c603c
408620667,-778355537,3331,1:13:17,"(datetime.datetime(2026, 8, 21, 17, 8, 18, 272000),)",2a3c600d
408621457,-778361364,3316,1:13:17.070000,"(datetime.datetime(2026, 8, 21, 17, 8, 18, 334000),)",2a3c603c
408620669,-778355695,3331,1:13:17.110000,"(datetime.datetime(2026, 8, 21, 17, 8, 18, 376000),)",2a3c600d
408621498,-778361519,3316,1:13:17.170000,"(datetime.datetime(2026, 8, 21, 17, 8, 18, 434000),)",2a3c603c
408620672,-778355853,3331,1:13:17.210000,"(datetime.datetime(2026, 8, 21, 17, 8, 18, 473000),)",2a3c600d
408621539,-778361665,3315,1:13:17.270000,"(datetime.datetime(2026, 8, 21, 17, 8, 18, 534000),)",2a3c603c
408620678,-778356012,3331,1:13:17.300000,"(datetime.datetime(2026, 8, 21, 17, 8, 18, 572000),)",2a3c600d
408621584,-778361817,3316,1:13:17.370000,"(datetime.datetime(2026, 8, 21, 17, 8, 18, 636000),)",2a3c603c
408620685,-778356171,3331,1:13:17.400000,"(datetime.datetime(2026, 8, 21, 17, 8, 18, 672000),)",2a3c600d
408621627,-778361963,3316,1:13:17.470000,"(datetime.datetime(2026, 8, 21, 17, 8, 18, 733000),)",2a3c603c
408620692,-778356330,3331,1:13:17.500000,"(datetime.datetime(2026, 8, 21, 17, 8, 18, 772000),)",2a3c600d
408621671,-778362119,3316,1:13:17.570000,"(datetime.datetime(2026, 8, 21, 17, 8, 18, 834000),)",2a3c603c
408620699,-778356486,3331,1:13:17.600000,"(datetime.datetime(2026, 8, 21, 17, 8, 18, 871000),)",2a3c600d
408621713,-778362261,3316,1:13:17.660000,"(datetime.datetime(2026, 8, 21, 17, 8, 18, 927000),)",2a3c603c
408620710,-778356647,3331,1:13:17.710000,"(datetime.datetime(2026, 8, 21, 17, 8, 18, 975000),)",2a3c600d
408621763,-778362411,3316,1:13:17.760000,"(datetime.datetime(2026, 8, 21, 17, 8, 19, 28000),)",2a3c603c
408620720,-778356803,3331,1:13:17.810000,"(datetime.datetime(2026, 8, 21, 17, 8, 19, 73000),)",2a3c600d
408621806,-778362554,3316,1:13:17.860000,"(datetime.datetime(2026, 8, 21, 17, 8, 19, 127000),)",2a3c603c
408620731,-778356962,3331,1:13:17.910000,"(datetime.datetime(2026, 8, 21, 17, 8, 19, 173000),)",2a3c600d
408621860,-778362702,3316,1:13:17.970000,"(datetime.datetime(2026, 8, 21, 17, 8, 19, 236000),)",2a3c603c
408620747,-778357119,3331,1:13:18.010000,"(datetime.datetime(2026, 8, 21, 17, 8, 19, 278000),)",2a3c600d
408621906,-778362844,3316,1:13:18.060000,"(datetime.datetime(2026, 8, 21, 17, 8, 19, 326000),)",2a3c603c
408620762,-778357278,3331,1:13:18.110000,"(datetime.datetime(2026, 8, 21, 17, 8, 19, 374000),)",2a3c600d
408621958,-778362992,3316,1:13:18.160000,"(datetime.datetime(2026, 8, 21, 17, 8, 19, 427000),)",2a3c603c
408620778,-778357433,3331,1:13:18.210000,"(datetime.datetime(2026, 8, 21, 17, 8, 19, 473000),)",2a3c600d
408622009,-778363138,3316,1:13:18.260000,"(datetime.datetime(2026, 8, 21, 17, 8, 19, 526000),)",2a3c603c
408620793,-778357593,3331,1:13:18.300000,"(datetime.datetime(2026, 8, 21, 17, 8, 19, 572000),)",2a3c600d
408622059,-778363282,3316,1:13:18.370000,"(datetime.datetime(2026, 8, 21, 17, 8, 19, 635000),)",2a3c603c
408620811,-778357748,3331,1:13:18.400000,"(datetime.datetime(2026, 8, 21, 17, 8, 19, 672000),)",2a3c600d
408622113,-778363427,3316,1:13:18.460000,"(datetime.datetime(2026, 8, 21, 17, 8, 19, 732000),)",2a3c603c
408620828,-778357908,3331,1:13:18.500000,"(datetime.datetime(2026, 8, 21, 17, 8, 19, 772000),)",2a3c600d
408622169,-778363569,3316,1:13:18.560000,"(datetime.datetime(2026, 8, 21, 17, 8, 19, 827000),)",2a3c603c
408620846,-778358063,3331,1:13:18.610000,"(datetime.datetime(2026, 8, 21, 17, 8, 19, 873000),)",2a3c600d
408622220,-778363713,3316,1:13:18.670000,"(datetime.datetime(2026, 8, 21, 17, 8, 19, 935000),)",2a3c603c
408620867,-778358221,3331,1:13:18.710000,"(datetime.datetime(2026, 8, 21, 17, 8, 19, 973000),)",2a3c600d
408622273,-778363855,3316,1:13:18.770000,"(datetime.datetime(2026, 8, 21, 17, 8, 20, 42000),)",2a3c603c
408620887,-778358379,3331,1:13:18.800000,"(datetime.datetime(2026, 8, 21, 17, 8, 20, 72000),)",2a3c600d
408622331,-778363990,3315,1:13:18.870000,"(datetime.datetime(2026, 8, 21, 17, 8, 20, 133000),)",2a3c603c
408620905,-778358535,3331,1:13:18.910000,"(datetime.datetime(2026, 8, 21, 17, 8, 20, 181000),)",2a3c600d
408622391,-778364127,3315,1:13:18.960000,"(datetime.datetime(2026, 8, 21, 17, 8, 20, 227000),)",2a3c603c
408620932,-778358692,3331,1:13:19.010000,"(datetime.datetime(2026, 8, 21, 17, 8, 20, 274000),)",2a3c600d
408622450,-778364271,3314,1:13:19.060000,"(datetime.datetime(2026, 8, 21, 17, 8, 20, 326000),)",2a3c603c
408620957,-778358846,3331,1:13:19.110000,"(datetime.datetime(2026, 8, 21, 17, 8, 20, 377000),)",2a3c600d
408622507,-778364408,3314,1:13:19.160000,"(datetime.datetime(2026, 8, 21, 17, 8, 20, 427000),)",2a3c603c
408620983,-778359002,3330,1:13:19.210000,"(datetime.datetime(2026, 8, 21, 17, 8, 20, 473000),)",2a3c600d
408622565,-778364550,3315,1:13:19.260000,"(datetime.datetime(2026, 8, 21, 17, 8, 20, 527000),)",2a3c603c
408621010,-778359158,3330,1:13:19.310000,"(datetime.datetime(2026, 8, 21, 17, 8, 20, 573000),)",2a3c600d
408622621,-778364687,3315,1:13:19.360000,"(datetime.datetime(2026, 8, 21, 17, 8, 20, 627000),)",2a3c603c
408621036,-778359312,3330,1:13:19.410000,"(datetime.datetime(2026, 8, 21, 17, 8, 20, 672000),)",2a3c600d
408622687,-778364826,3315,1:13:19.460000,"(datetime.datetime(2026, 8, 21, 17, 8, 20, 732000),)",2a3c603c
408621065,-778359468,3331,1:13:19.520000,"(datetime.datetime(2026, 8, 21, 17, 8, 20, 786000),)",2a3c600d
408622747,-778364960,3315,1:13:19.600000,"(datetime.datetime(2026, 8, 21, 17, 8, 20, 871000),)",2a3c603c
408621094,-778359624,3331,1:13:19.620000,"(datetime.datetime(2026, 8, 21, 17, 8, 20, 890000),)",2a3c600d
408622812,-778365097,3315,1:13:19.660000,"(datetime.datetime(2026, 8, 21, 17, 8, 20, 926000),)",2a3c603c
408621124,-778359777,3331,1:13:19.710000,"(datetime.datetime(2026, 8, 21, 17, 8, 20, 973000),)",2a3c600d
408622873,-778365235,3315,1:13:19.760000,"(datetime.datetime(2026, 8, 21, 17, 8, 21, 26000),)",2a3c603c
408621155,-778359932,3330,1:13:19.810000,"(datetime.datetime(2026, 8, 21, 17, 8, 21, 74000),)",2a3c600d
408622935,-778365369,3315,1:13:19.860000,"(datetime.datetime(2026, 8, 21, 17, 8, 21, 127000),)",2a3c603c
408621182,-778360088,3331,1:13:19.910000,"(datetime.datetime(2026, 8, 21, 17, 8, 21, 173000),)",2a3c600d
408623003,-778365500,3314,1:13:19.960000,"(datetime.datetime(2026, 8, 21, 17, 8, 21, 227000),)",2a3c603c
408621217,-778360243,3330,1:13:20.010000,"(datetime.datetime(2026, 8, 21, 17, 8, 21, 276000),)",2a3c600d
408623068,-778365638,3314,1:13:20.060000,"(datetime.datetime(2026, 8, 21, 17, 8, 21, 326000),)",2a3c603c
408621250,-778360394,3330,1:13:20.100000,"(datetime.datetime(2026, 8, 21, 17, 8, 21, 372000),)",2a3c600d
408623133,-778365769,3315,1:13:20.160000,"(datetime.datetime(2026, 8, 21, 17, 8, 21, 426000),)",2a3c603c
408621284,-778360547,3330,1:13:20.210000,"(datetime.datetime(2026, 8, 21, 17, 8, 21, 473000),)",2a3c600d
408623198,-778365905,3314,1:13:20.260000,"(datetime.datetime(2026, 8, 21, 17, 8, 21, 526000),)",2a3c603c
408621317,-778360699,3330,1:13:20.310000,"(datetime.datetime(2026, 8, 21, 17, 8, 21, 574000),)",2a3c600d
408623269,-778366036,3314,1:13:20.370000,"(datetime.datetime(2026, 8, 21, 17, 8, 21, 634000),)",2a3c603c
408621354,-778360854,3330,1:13:20.400000,"(datetime.datetime(2026, 8, 21, 17, 8, 21, 672000),)",2a3c600d
408623269,-778366036,3314,1:13:20.460000,"(datetime.datetime(2026, 8, 21, 17, 8, 21, 727000),)",2a3c603c
408621391,-778361003,3331,1:13:20.510000,"(datetime.datetime(2026, 8, 21, 17, 8, 21, 780000),)",2a3c600d
408623335,-778366169,3314,1:13:20.600000,"(datetime.datetime(2026, 8, 21, 17, 8, 21, 872000),)",2a3c603c
408621431,-778361155,3331,1:13:20.630000,"(datetime.datetime(2026, 8, 21, 17, 8, 21, 896000),)",2a3c600d
408623403,-778366300,3314,1:13:20.670000,"(datetime.datetime(2026, 8, 21, 17, 8, 21, 937000),)",2a3c603c
408621470,-778361305,3330,1:13:20.710000,"(datetime.datetime(2026, 8, 21, 17, 8, 21, 973000),)",2a3c600d
408623477,-778366429,3314,1:13:20.760000,"(datetime.datetime(2026, 8, 21, 17, 8, 22, 27000),)",2a3c603c
408621510,-778361454,3330,1:13:20.810000,"(datetime.datetime(2026, 8, 21, 17, 8, 22, 73000),)",2a3c600d
408623546,-778366560,3314,1:13:20.860000,"(datetime.datetime(2026, 8, 21, 17, 8, 22, 127000),)",2a3c603c
408621550,-778361603,3330,1:13:20.910000,"(datetime.datetime(2026, 8, 21, 17, 8, 22, 173000),)",2a3c600d
408623617,-778366687,3315,1:13:20.960000,"(datetime.datetime(2026, 8, 21, 17, 8, 22, 229000),)",2a3c603c
408621590,-778361755,3330,1:13:21.010000,"(datetime.datetime(2026, 8, 21, 17, 8, 22, 275000),)",2a3c600d
408623691,-778366815,3315,1:13:21.060000,"(datetime.datetime(2026, 8, 21, 17, 8, 22, 326000),)",2a3c603c
408621635,-778361902,3330,1:13:21.110000,"(datetime.datetime(2026, 8, 21, 17, 8, 22, 373000),)",2a3c600d
408623765,-778366940,3315,1:13:21.160000,"(datetime.datetime(2026, 8, 21, 17, 8, 22, 430000),)",2a3c603c
408621680,-778362050,3330,1:13:21.210000,"(datetime.datetime(2026, 8, 21, 17, 8, 22, 473000),)",2a3c600d
408623839,-778367070,3315,1:13:21.260000,"(datetime.datetime(2026, 8, 21, 17, 8, 22, 526000),)",2a3c603c
408621723,-778362197,3330,1:13:21.310000,"(datetime.datetime(2026, 8, 21, 17, 8, 22, 572000),)",2a3c600d
408623913,-778367192,3315,1:13:21.360000,"(datetime.datetime(2026, 8, 21, 17, 8, 22, 626000),)",2a3c603c
408621771,-778362343,3330,1:13:21.400000,"(datetime.datetime(2026, 8, 21, 17, 8, 22, 672000),)",2a3c600d
408623993,-778367318,3314,1:13:21.460000,"(datetime.datetime(2026, 8, 21, 17, 8, 22, 727000),)",2a3c603c
408621771,-778362343,3330,1:13:21.510000,"(datetime.datetime(2026, 8, 21, 17, 8, 22, 779000),)",2a3c600d
408624067,-778367440,3315,1:13:21.600000,"(datetime.datetime(2026, 8, 21, 17, 8, 22, 872000),)",2a3c603c
408621819,-778362491,3330,1:13:21.630000,"(datetime.datetime(2026, 8, 21, 17, 8, 22, 894000),)",2a3c600d
408624148,-778367564,3315,1:13:21.670000,"(datetime.datetime(2026, 8, 21, 17, 8, 22, 933000),)",2a3c603c
408621870,-778362636,3330,1:13:21.720000,"(datetime.datetime(2026, 8, 21, 17, 8, 22, 983000),)",2a3c600d
408624223,-778367682,3315,1:13:21.760000,"(datetime.datetime(2026, 8, 21, 17, 8, 23, 28000),)",2a3c603c
408621921,-778362779,3330,1:13:21.810000,"(datetime.datetime(2026, 8, 21, 17, 8, 23, 74000),)",2a3c600d
408624307,-778367803,3315,1:13:21.860000,"(datetime.datetime(2026, 8, 21, 17, 8, 23, 126000),)",2a3c603c
408621968,-778362925,3330,1:13:21.900000,"(datetime.datetime(2026, 8, 21, 17, 8, 23, 172000),)",2a3c600d
408624380,-778367921,3315,1:13:21.960000,"(datetime.datetime(2026, 8, 21, 17, 8, 23, 226000),)",2a3c603c
408622019,-778363073,3330,1:13:22.010000,"(datetime.datetime(2026, 8, 21, 17, 8, 23, 273000),)",2a3c600d
408624467,-778368032,3315,1:13:22.060000,"(datetime.datetime(2026, 8, 21, 17, 8, 23, 327000),)",2a3c603c
408622073,-778363214,3330,1:13:22.110000,"(datetime.datetime(2026, 8, 21, 17, 8, 23, 375000),)",2a3c600d
408624549,-778368150,3315,1:13:22.160000,"(datetime.datetime(2026, 8, 21, 17, 8, 23, 427000),)",2a3c603c
408622127,-778363360,3330,1:13:22.210000,"(datetime.datetime(2026, 8, 21, 17, 8, 23, 477000),)",2a3c600d
408624633,-778368266,3315,1:13:22.260000,"(datetime.datetime(2026, 8, 21, 17, 8, 23, 527000),)",2a3c603c
408622180,-778363500,3330,1:13:22.310000,"(datetime.datetime(2026, 8, 21, 17, 8, 23, 573000),)",2a3c600d
408624717,-778368381,3315,1:13:22.360000,"(datetime.datetime(2026, 8, 21, 17, 8, 23, 629000),)",2a3c603c
408622237,-778363641,3330,1:13:22.400000,"(datetime.datetime(2026, 8, 21, 17, 8, 23, 672000),)",2a3c600d
408624800,-778368494,3315,1:13:22.460000,"(datetime.datetime(2026, 8, 21, 17, 8, 23, 727000),)",2a3c603c
408622293,-778363781,3330,1:13:22.510000,"(datetime.datetime(2026, 8, 21, 17, 8, 23, 774000),)",2a3c600d
408624889,-778368608,3314,1:13:22.610000,"(datetime.datetime(2026, 8, 21, 17, 8, 23, 873000),)",2a3c603c
408622353,-778363922,3329,1:13:22.630000,"(datetime.datetime(2026, 8, 21, 17, 8, 23, 901000),)",2a3c600d
408624972,-778368717,3314,1:13:22.680000,"(datetime.datetime(2026, 8, 21, 17, 8, 23, 948000),)",2a3c603c
408622413,-778364061,3330,1:13:22.700000,"(datetime.datetime(2026, 8, 21, 17, 8, 23, 971000),)",2a3c600d
408625062,-778368829,3314,1:13:22.760000,"(datetime.datetime(2026, 8, 21, 17, 8, 24, 27000),)",2a3c603c
408622472,-778364196,3329,1:13:22.800000,"(datetime.datetime(2026, 8, 21, 17, 8, 24, 72000),)",2a3c600d
408625148,-778368939,3314,1:13:22.860000,"(datetime.datetime(2026, 8, 21, 17, 8, 24, 126000),)",2a3c603c
408622533,-778364333,3329,1:13:22.910000,"(datetime.datetime(2026, 8, 21, 17, 8, 24, 174000),)",2a3c600d
408625234,-778369053,3314,1:13:22.960000,"(datetime.datetime(2026, 8, 21, 17, 8, 24, 226000),)",2a3c603c
408622590,-778364470,3330,1:13:23.010000,"(datetime.datetime(2026, 8, 21, 17, 8, 24, 276000),)",2a3c600d
408625327,-778369157,3314,1:13:23.060000,"(datetime.datetime(2026, 8, 21, 17, 8, 24, 327000),)",2a3c603c
408622658,-778364606,3330,1:13:23.120000,"(datetime.datetime(2026, 8, 21, 17, 8, 24, 384000),)",2a3c600d
408625415,-778369264,3314,1:13:23.170000,"(datetime.datetime(2026, 8, 21, 17, 8, 24, 436000),)",2a3c603c
408622721,-778364736,3329,1:13:23.210000,"(datetime.datetime(2026, 8, 21, 17, 8, 24, 473000),)",2a3c600d
408625508,-778369369,3314,1:13:23.260000,"(datetime.datetime(2026, 8, 21, 17, 8, 24, 528000),)",2a3c603c
408622788,-778364873,3329,1:13:23.310000,"(datetime.datetime(2026, 8, 21, 17, 8, 24, 582000),)",2a3c600d
408625599,-778369476,3313,1:13:23.360000,"(datetime.datetime(2026, 8, 21, 17, 8, 24, 626000),)",2a3c603c
408622853,-778365007,3329,1:13:23.400000,"(datetime.datetime(2026, 8, 21, 17, 8, 24, 672000),)",2a3c600d
408625692,-778369577,3313,1:13:23.460000,"(datetime.datetime(2026, 8, 21, 17, 8, 24, 726000),)",2a3c603c
408622918,-778365141,3329,1:13:23.510000,"(datetime.datetime(2026, 8, 21, 17, 8, 24, 774000),)",2a3c600d
408625785,-778369681,3313,1:13:23.600000,"(datetime.datetime(2026, 8, 21, 17, 8, 24, 872000),)",2a3c603c
408623055,-778365403,3329,1:13:23.650000,"(datetime.datetime(2026, 8, 21, 17, 8, 24, 916000),)",2a3c600d
408625880,-778369783,3313,1:13:23.670000,"(datetime.datetime(2026, 8, 21, 17, 8, 24, 936000),)",2a3c603c
408623124,-778365534,3329,1:13:23.700000,"(datetime.datetime(2026, 8, 21, 17, 8, 24, 972000),)",2a3c600d
408625974,-778369884,3313,1:13:23.770000,"(datetime.datetime(2026, 8, 21, 17, 8, 25, 39000),)",2a3c603c
408623192,-778365664,3329,1:13:23.810000,"(datetime.datetime(2026, 8, 21, 17, 8, 25, 74000),)",2a3c600d
408626069,-778369984,3313,1:13:23.860000,"(datetime.datetime(2026, 8, 21, 17, 8, 25, 127000),)",2a3c603c
408623257,-778365798,3329,1:13:23.910000,"(datetime.datetime(2026, 8, 21, 17, 8, 25, 173000),)",2a3c600d
408626163,-778370088,3313,1:13:23.960000,"(datetime.datetime(2026, 8, 21, 17, 8, 25, 227000),)",2a3c603c
408623332,-778365924,3329,1:13:24,"(datetime.datetime(2026, 8, 21, 17, 8, 25, 272000),)",2a3c600d
408626261,-778370183,3313,1:13:24.060000,"(datetime.datetime(2026, 8, 21, 17, 8, 25, 327000),)",2a3c603c
408623405,-778366054,3329,1:13:24.110000,"(datetime.datetime(2026, 8, 21, 17, 8, 25, 374000),)",2a3c600d
408626358,-778370282,3313,1:13:24.160000,"(datetime.datetime(2026, 8, 21, 17, 8, 25, 427000),)",2a3c603c
408623477,-778366181,3329,1:13:24.200000,"(datetime.datetime(2026, 8, 21, 17, 8, 25, 472000),)",2a3c600d
408626456,-778370373,3313,1:13:24.260000,"(datetime.datetime(2026, 8, 21, 17, 8, 25, 526000),)",2a3c603c
408623549,-778366309,3329,1:13:24.310000,"(datetime.datetime(2026, 8, 21, 17, 8, 25, 574000),)",2a3c600d
408626554,-778370470,3313,1:13:24.370000,"(datetime.datetime(2026, 8, 21, 17, 8, 25, 634000),)",2a3c603c
408623621,-778366434,3329,1:13:24.410000,"(datetime.datetime(2026, 8, 21, 17, 8, 25, 673000),)",2a3c600d
408626651,-778370563,3313,1:13:24.460000,"(datetime.datetime(2026, 8, 21, 17, 8, 25, 728000),)",2a3c603c
408623695,-778366563,3329,1:13:24.510000,"(datetime.datetime(2026, 8, 21, 17, 8, 25, 772000),)",2a3c600d
408626751,-778370657,3313,1:13:24.560000,"(datetime.datetime(2026, 8, 21, 17, 8, 25, 826000),)",2a3c603c
408623768,-778366688,3329,1:13:24.610000,"(datetime.datetime(2026, 8, 21, 17, 8, 25, 874000),)",2a3c600d
408626850,-778370745,3312,1:13:24.660000,"(datetime.datetime(2026, 8, 21, 17, 8, 25, 926000),)",2a3c603c
408623843,-778366817,3329,1:13:24.700000,"(datetime.datetime(2026, 8, 21, 17, 8, 25, 972000),)",2a3c600d
408626950,-778370840,3313,1:13:24.760000,"(datetime.datetime(2026, 8, 21, 17, 8, 26, 27000),)",2a3c603c
408623914,-778366940,3329,1:13:24.810000,"(datetime.datetime(2026, 8, 21, 17, 8, 26, 74000),)",2a3c600d
408627049,-778370927,3313,1:13:24.860000,"(datetime.datetime(2026, 8, 21, 17, 8, 26, 128000),)",2a3c603c
408623986,-778367072,3329,1:13:24.910000,"(datetime.datetime(2026, 8, 21, 17, 8, 26, 177000),)",2a3c600d
408627151,-778371016,3312,1:13:24.960000,"(datetime.datetime(2026, 8, 21, 17, 8, 26, 226000),)",2a3c603c
408624062,-778367194,3329,1:13:25.010000,"(datetime.datetime(2026, 8, 21, 17, 8, 26, 272000),)",2a3c600d
408627255,-778371102,3312,1:13:25.060000,"(datetime.datetime(2026, 8, 21, 17, 8, 26, 326000),)",2a3c603c
408624138,-778367319,3329,1:13:25.110000,"(datetime.datetime(2026, 8, 21, 17, 8, 26, 373000),)",2a3c600d
408627353,-778371188,3313,1:13:25.160000,"(datetime.datetime(2026, 8, 21, 17, 8, 26, 427000),)",2a3c603c
408624211,-778367442,3329,1:13:25.210000,"(datetime.datetime(2026, 8, 21, 17, 8, 26, 476000),)",2a3c600d
408627457,-778371273,3313,1:13:25.260000,"(datetime.datetime(2026, 8, 21, 17, 8, 26, 527000),)",2a3c603c
408624290,-778367566,3330,1:13:25.310000,"(datetime.datetime(2026, 8, 21, 17, 8, 26, 573000),)",2a3c600d
408627559,-778371359,3313,1:13:25.360000,"(datetime.datetime(2026, 8, 21, 17, 8, 26, 631000),)",2a3c603c
408624290,-778367566,3330,1:13:25.410000,"(datetime.datetime(2026, 8, 21, 17, 8, 26, 673000),)",2a3c600d
408627664,-778371445,3313,1:13:25.460000,"(datetime.datetime(2026, 8, 21, 17, 8, 26, 726000),)",2a3c603c
408624364,-778367689,3329,1:13:25.510000,"(datetime.datetime(2026, 8, 21, 17, 8, 26, 773000),)",2a3c600d
408627767,-778371526,3313,1:13:25.560000,"(datetime.datetime(2026, 8, 21, 17, 8, 26, 828000),)",2a3c603c
408624445,-778367811,3329,1:13:25.610000,"(datetime.datetime(2026, 8, 21, 17, 8, 26, 873000),)",2a3c600d
408624523,-778367930,3329,1:13:25.650000,"(datetime.datetime(2026, 8, 21, 17, 8, 26, 918000),)",2a3c600d
408627868,-778371607,3313,1:13:25.690000,"(datetime.datetime(2026, 8, 21, 17, 8, 26, 961000),)",2a3c603c
408624604,-778368049,3329,1:13:25.750000,"(datetime.datetime(2026, 8, 21, 17, 8, 27, 17000),)",2a3c600d
408627972,-778371688,3313,1:13:25.770000,"(datetime.datetime(2026, 8, 21, 17, 8, 27, 33000),)",2a3c603c
408624685,-778368166,3329,1:13:25.850000,"(datetime.datetime(2026, 8, 21, 17, 8, 27, 117000),)",2a3c600d
408628077,-778371770,3313,1:13:25.870000,"(datetime.datetime(2026, 8, 21, 17, 8, 27, 141000),)",2a3c603c
408624763,-778368287,3329,1:13:25.950000,"(datetime.datetime(2026, 8, 21, 17, 8, 27, 220000),)",2a3c600d
408628180,-778371854,3313,1:13:25.970000,"(datetime.datetime(2026, 8, 21, 17, 8, 27, 240000),)",2a3c603c
408624930,-778368517,3329,1:13:26.050000,"(datetime.datetime(2026, 8, 21, 17, 8, 27, 318000),)",2a3c600d
408628287,-778371927,3312,1:13:26.070000,"(datetime.datetime(2026, 8, 21, 17, 8, 27, 339000),)",2a3c603c
408625014,-778368632,3329,1:13:26.150000,"(datetime.datetime(2026, 8, 21, 17, 8, 27, 420000),)",2a3c600d
408628389,-778372003,3313,1:13:26.170000,"(datetime.datetime(2026, 8, 21, 17, 8, 27, 442000),)",2a3c603c
408625099,-778368742,3329,1:13:26.250000,"(datetime.datetime(2026, 8, 21, 17, 8, 27, 518000),)",2a3c600d
408628495,-778372076,3313,1:13:26.280000,"(datetime.datetime(2026, 8, 21, 17, 8, 27, 543000),)",2a3c603c
408625099,-778368742,3329,1:13:26.350000,"(datetime.datetime(2026, 8, 21, 17, 8, 27, 617000),)",2a3c600d
408628601,-778372153,3313,1:13:26.370000,"(datetime.datetime(2026, 8, 21, 17, 8, 27, 641000),)",2a3c603c
408625188,-778368855,3329,1:13:26.450000,"(datetime.datetime(2026, 8, 21, 17, 8, 27, 718000),)",2a3c600d
408628706,-778372227,3313,1:13:26.480000,"(datetime.datetime(2026, 8, 21, 17, 8, 27, 748000),)",2a3c603c
408625274,-778368964,3329,1:13:26.550000,"(datetime.datetime(2026, 8, 21, 17, 8, 27, 817000),)",2a3c600d
408628815,-778372299,3313,1:13:26.580000,"(datetime.datetime(2026, 8, 21, 17, 8, 27, 846000),)",2a3c603c
408625363,-778369075,3329,1:13:26.650000,"(datetime.datetime(2026, 8, 21, 17, 8, 27, 919000),)",2a3c600d
408628922,-778372370,3314,1:13:26.670000,"(datetime.datetime(2026, 8, 21, 17, 8, 27, 935000),)",2a3c603c
408625451,-778369178,3329,1:13:26.750000,"(datetime.datetime(2026, 8, 21, 17, 8, 28, 18000),)",2a3c600d
408629033,-778372439,3314,1:13:26.780000,"(datetime.datetime(2026, 8, 21, 17, 8, 28, 45000),)",2a3c603c
408625542,-778369287,3329,1:13:26.850000,"(datetime.datetime(2026, 8, 21, 17, 8, 28, 117000),)",2a3c600d
408629136,-778372507,3313,1:13:26.870000,"(datetime.datetime(2026, 8, 21, 17, 8, 28, 137000),)",2a3c603c
408625625,-778369399,3330,1:13:26.950000,"(datetime.datetime(2026, 8, 21, 17, 8, 28, 218000),)",2a3c600d
408629243,-778372583,3314,1:13:26.980000,"(datetime.datetime(2026, 8, 21, 17, 8, 28, 245000),)",2a3c603c
408625722,-778369499,3329,1:13:27.050000,"(datetime.datetime(2026, 8, 21, 17, 8, 28, 319000),)",2a3c600d
408629348,-778372649,3314,1:13:27.070000,"(datetime.datetime(2026, 8, 21, 17, 8, 28, 335000),)",2a3c603c
408629458,-778372714,3315,1:13:27.160000,"(datetime.datetime(2026, 8, 21, 17, 8, 28, 427000),)",2a3c603c
408625811,-778369605,3329,1:13:27.190000,"(datetime.datetime(2026, 8, 21, 17, 8, 28, 455000),)",2a3c600d
408625905,-778369707,3329,1:13:27.250000,"(datetime.datetime(2026, 8, 21, 17, 8, 28, 518000),)",2a3c600d
408629567,-778372779,3315,1:13:27.270000,"(datetime.datetime(2026, 8, 21, 17, 8, 28, 534000),)",2a3c603c
408625997,-778369809,3329,1:13:27.350000,"(datetime.datetime(2026, 8, 21, 17, 8, 28, 617000),)",2a3c600d
408629676,-778372841,3315,1:13:27.380000,"(datetime.datetime(2026, 8, 21, 17, 8, 28, 644000),)",2a3c603c
408626091,-778369913,3330,1:13:27.450000,"(datetime.datetime(2026, 8, 21, 17, 8, 28, 718000),)",2a3c600d
408629787,-778372904,3315,1:13:27.480000,"(datetime.datetime(2026, 8, 21, 17, 8, 28, 750000),)",2a3c603c
408626184,-778370011,3330,1:13:27.550000,"(datetime.datetime(2026, 8, 21, 17, 8, 28, 818000),)",2a3c600d
408629896,-778372965,3315,1:13:27.620000,"(datetime.datetime(2026, 8, 21, 17, 8, 28, 886000),)",2a3c603c
408626280,-778370109,3330,1:13:27.650000,"(datetime.datetime(2026, 8, 21, 17, 8, 28, 917000),)",2a3c600d
408630009,-778373025,3316,1:13:27.700000,"(datetime.datetime(2026, 8, 21, 17, 8, 28, 963000),)",2a3c603c
408626373,-778370205,3329,1:13:27.750000,"(datetime.datetime(2026, 8, 21, 17, 8, 29, 18000),)",2a3c600d
408630118,-778373082,3315,1:13:27.770000,"(datetime.datetime(2026, 8, 21, 17, 8, 29, 36000),)",2a3c603c
408626561,-778370405,3330,1:13:27.850000,"(datetime.datetime(2026, 8, 21, 17, 8, 29, 119000),)",2a3c600d
408630229,-778373141,3316,1:13:27.870000,"(datetime.datetime(2026, 8, 21, 17, 8, 29, 136000),)",2a3c603c
408626561,-778370405,3330,1:13:27.950000,"(datetime.datetime(2026, 8, 21, 17, 8, 29, 218000),)",2a3c600d
408630341,-778373199,3316,1:13:27.990000,"(datetime.datetime(2026, 8, 21, 17, 8, 29, 253000),)",2a3c603c
408626658,-778370495,3330,1:13:28.050000,"(datetime.datetime(2026, 8, 21, 17, 8, 29, 318000),)",2a3c600d
408630456,-778373251,3316,1:13:28.080000,"(datetime.datetime(2026, 8, 21, 17, 8, 29, 343000),)",2a3c603c
408626758,-778370588,3330,1:13:28.150000,"(datetime.datetime(2026, 8, 21, 17, 8, 29, 417000),)",2a3c600d
408630568,-778373307,3316,1:13:28.170000,"(datetime.datetime(2026, 8, 21, 17, 8, 29, 435000),)",2a3c603c
408626854,-778370683,3330,1:13:28.250000,"(datetime.datetime(2026, 8, 21, 17, 8, 29, 518000),)",2a3c600d
408630682,-778373357,3316,1:13:28.280000,"(datetime.datetime(2026, 8, 21, 17, 8, 29, 544000),)",2a3c603c
408626955,-778370773,3330,1:13:28.350000,"(datetime.datetime(2026, 8, 21, 17, 8, 29, 619000),)",2a3c600d
408630793,-778373410,3317,1:13:28.370000,"(datetime.datetime(2026, 8, 21, 17, 8, 29, 636000),)",2a3c603c
408627052,-778370865,3330,1:13:28.450000,"(datetime.datetime(2026, 8, 21, 17, 8, 29, 719000),)",2a3c600d
408630909,-778373459,3317,1:13:28.480000,"(datetime.datetime(2026, 8, 21, 17, 8, 29, 745000),)",2a3c603c
408627152,-778370955,3330,1:13:28.550000,"(datetime.datetime(2026, 8, 21, 17, 8, 29, 817000),)",2a3c600d
408631023,-778373507,3317,1:13:28.630000,"(datetime.datetime(2026, 8, 21, 17, 8, 29, 894000),)",2a3c603c
408627250,-778371042,3330,1:13:28.650000,"(datetime.datetime(2026, 8, 21, 17, 8, 29, 917000),)",2a3c600d
408631135,-778373553,3317,1:13:28.690000,"(datetime.datetime(2026, 8, 21, 17, 8, 29, 957000),)",2a3c603c
408627351,-778371131,3330,1:13:28.750000,"(datetime.datetime(2026, 8, 21, 17, 8, 30, 17000),)",2a3c600d
408631251,-778373599,3317,1:13:28.770000,"(datetime.datetime(2026, 8, 21, 17, 8, 30, 34000),)",2a3c603c
408627453,-778371219,3330,1:13:28.850000,"(datetime.datetime(2026, 8, 21, 17, 8, 30, 117000),)",2a3c600d
408631365,-778373645,3317,1:13:28.870000,"(datetime.datetime(2026, 8, 21, 17, 8, 30, 136000),)",2a3c603c
408627552,-778371310,3330,1:13:28.930000,"(datetime.datetime(2026, 8, 21, 17, 8, 30, 201000),)",2a3c600d
408631482,-778373698,3317,1:13:28.960000,"(datetime.datetime(2026, 8, 21, 17, 8, 30, 228000),)",2a3c603c
408627656,-778371391,3330,1:13:29.030000,"(datetime.datetime(2026, 8, 21, 17, 8, 30, 298000),)",2a3c600d
408631596,-778373735,3317,1:13:29.070000,"(datetime.datetime(2026, 8, 21, 17, 8, 30, 333000),)",2a3c603c
408627760,-778371472,3330,1:13:29.130000,"(datetime.datetime(2026, 8, 21, 17, 8, 30, 401000),)",2a3c600d
408631714,-778373775,3317,1:13:29.160000,"(datetime.datetime(2026, 8, 21, 17, 8, 30, 428000),)",2a3c603c
408627860,-778371556,3331,1:13:29.230000,"(datetime.datetime(2026, 8, 21, 17, 8, 30, 498000),)",2a3c600d
408631828,-778373816,3317,1:13:29.270000,"(datetime.datetime(2026, 8, 21, 17, 8, 30, 538000),)",2a3c603c
408627967,-778371633,3330,1:13:29.330000,"(datetime.datetime(2026, 8, 21, 17, 8, 30, 599000),)",2a3c600d
408631944,-778373854,3317,1:13:29.360000,"(datetime.datetime(2026, 8, 21, 17, 8, 30, 627000),)",2a3c603c
408628070,-778371713,3330,1:13:29.440000,"(datetime.datetime(2026, 8, 21, 17, 8, 30, 704000),)",2a3c600d
408632060,-778373893,3318,1:13:29.460000,"(datetime.datetime(2026, 8, 21, 17, 8, 30, 728000),)",2a3c603c
408628174,-778371793,3331,1:13:29.530000,"(datetime.datetime(2026, 8, 21, 17, 8, 30, 800000),)",2a3c600d
408632177,-778373930,3318,1:13:29.560000,"(datetime.datetime(2026, 8, 21, 17, 8, 30, 826000),)",2a3c603c
408628278,-778371869,3331,1:13:29.630000,"(datetime.datetime(2026, 8, 21, 17, 8, 30, 899000),)",2a3c600d
408632296,-778373964,3318,1:13:29.660000,"(datetime.datetime(2026, 8, 21, 17, 8, 30, 929000),)",2a3c603c
408628383,-778371946,3331,1:13:29.730000,"(datetime.datetime(2026, 8, 21, 17, 8, 30, 998000),)",2a3c600d
408632411,-778373999,3318,1:13:29.760000,"(datetime.datetime(2026, 8, 21, 17, 8, 31, 26000),)",2a3c603c
408628490,-778372021,3331,1:13:29.830000,"(datetime.datetime(2026, 8, 21, 17, 8, 31, 99000),)",2a3c600d
408632527,-778374031,3318,1:13:29.860000,"(datetime.datetime(2026, 8, 21, 17, 8, 31, 128000),)",2a3c603c
408628591,-778372100,3331,1:13:29.930000,"(datetime.datetime(2026, 8, 21, 17, 8, 31, 201000),)",2a3c600d
408632645,-778374069,3319,1:13:29.970000,"(datetime.datetime(2026, 8, 21, 17, 8, 31, 235000),)",2a3c603c
408628699,-778372169,3331,1:13:30.030000,"(datetime.datetime(2026, 8, 21, 17, 8, 31, 298000),)",2a3c600d
408632762,-778374097,3318,1:13:30.060000,"(datetime.datetime(2026, 8, 21, 17, 8, 31, 327000),)",2a3c603c
408628805,-778372241,3332,1:13:30.130000,"(datetime.datetime(2026, 8, 21, 17, 8, 31, 399000),)",2a3c600d
408632882,-778374129,3319,1:13:30.160000,"(datetime.datetime(2026, 8, 21, 17, 8, 31, 426000),)",2a3c603c
408628914,-778372312,3332,1:13:30.230000,"(datetime.datetime(2026, 8, 21, 17, 8, 31, 499000),)",2a3c600d
408632997,-778374159,3319,1:13:30.260000,"(datetime.datetime(2026, 8, 21, 17, 8, 31, 526000),)",2a3c603c
408629021,-778372381,3331,1:13:30.340000,"(datetime.datetime(2026, 8, 21, 17, 8, 31, 611000),)",2a3c600d
408633117,-778374186,3319,1:13:30.370000,"(datetime.datetime(2026, 8, 21, 17, 8, 31, 637000),)",2a3c603c
408629130,-778372446,3332,1:13:30.430000,"(datetime.datetime(2026, 8, 21, 17, 8, 31, 698000),)",2a3c600d
408633235,-778374211,3319,1:13:30.470000,"(datetime.datetime(2026, 8, 21, 17, 8, 31, 733000),)",2a3c603c
408629236,-778372515,3332,1:13:30.530000,"(datetime.datetime(2026, 8, 21, 17, 8, 31, 798000),)",2a3c600d
408633353,-778374235,3319,1:13:30.560000,"(datetime.datetime(2026, 8, 21, 17, 8, 31, 827000),)",2a3c603c
408629347,-778372581,3332,1:13:30.630000,"(datetime.datetime(2026, 8, 21, 17, 8, 31, 899000),)",2a3c600d
408633469,-778374262,3319,1:13:30.660000,"(datetime.datetime(2026, 8, 21, 17, 8, 31, 926000),)",2a3c603c
408629455,-778372643,3332,1:13:30.730000,"(datetime.datetime(2026, 8, 21, 17, 8, 31, 998000),)",2a3c600d
408633590,-778374285,3320,1:13:30.760000,"(datetime.datetime(2026, 8, 21, 17, 8, 32, 30000),)",2a3c603c
408629566,-778372706,3332,1:13:30.830000,"(datetime.datetime(2026, 8, 21, 17, 8, 32, 98000),)",2a3c600d
408633709,-778374307,3320,1:13:30.860000,"(datetime.datetime(2026, 8, 21, 17, 8, 32, 127000),)",2a3c603c
408629670,-778372774,3333,1:13:30.930000,"(datetime.datetime(2026, 8, 21, 17, 8, 32, 198000),)",2a3c600d
408633829,-778374336,3320,1:13:30.960000,"(datetime.datetime(2026, 8, 21, 17, 8, 32, 225000),)",2a3c603c
408629782,-778372830,3333,1:13:31.030000,"(datetime.datetime(2026, 8, 21, 17, 8, 32, 298000),)",2a3c600d
408633947,-778374353,3320,1:13:31.060000,"(datetime.datetime(2026, 8, 21, 17, 8, 32, 327000),)",2a3c603c
408629893,-778372891,3333,1:13:31.130000,"(datetime.datetime(2026, 8, 21, 17, 8, 32, 399000),)",2a3c600d
408634062,-778374371,3320,1:13:31.160000,"(datetime.datetime(2026, 8, 21, 17, 8, 32, 429000),)",2a3c603c
408630005,-778372948,3333,1:13:31.230000,"(datetime.datetime(2026, 8, 21, 17, 8, 32, 499000),)",2a3c600d
408634185,-778374387,3320,1:13:31.260000,"(datetime.datetime(2026, 8, 21, 17, 8, 32, 527000),)",2a3c603c
408630116,-778373003,3333,1:13:31.330000,"(datetime.datetime(2026, 8, 21, 17, 8, 32, 599000),)",2a3c600d
408634302,-778374404,3320,1:13:31.360000,"(datetime.datetime(2026, 8, 21, 17, 8, 32, 627000),)",2a3c603c
408630228,-778373057,3333,1:13:31.430000,"(datetime.datetime(2026, 8, 21, 17, 8, 32, 699000),)",2a3c600d
408634424,-778374420,3321,1:13:31.460000,"(datetime.datetime(2026, 8, 21, 17, 8, 32, 726000),)",2a3c603c
408630340,-778373111,3333,1:13:31.540000,"(datetime.datetime(2026, 8, 21, 17, 8, 32, 804000),)",2a3c600d
408634542,-778374437,3321,1:13:31.570000,"(datetime.datetime(2026, 8, 21, 17, 8, 32, 837000),)",2a3c603c
408630456,-778373161,3333,1:13:31.630000,"(datetime.datetime(2026, 8, 21, 17, 8, 32, 900000),)",2a3c600d
408634662,-778374446,3320,1:13:31.670000,"(datetime.datetime(2026, 8, 21, 17, 8, 32, 939000),)",2a3c603c
408630567,-778373209,3333,1:13:31.730000,"(datetime.datetime(2026, 8, 21, 17, 8, 32, 998000),)",2a3c600d
408634779,-778374463,3321,1:13:31.760000,"(datetime.datetime(2026, 8, 21, 17, 8, 33, 26000),)",2a3c603c
408630683,-778373258,3333,1:13:31.830000,"(datetime.datetime(2026, 8, 21, 17, 8, 33, 98000),)",2a3c600d
408634902,-778374471,3321,1:13:31.860000,"(datetime.datetime(2026, 8, 21, 17, 8, 33, 126000),)",2a3c603c
408630791,-778373310,3334,1:13:31.930000,"(datetime.datetime(2026, 8, 21, 17, 8, 33, 200000),)",2a3c600d
408635022,-778374485,3321,1:13:31.960000,"(datetime.datetime(2026, 8, 21, 17, 8, 33, 228000),)",2a3c603c
408630908,-778373353,3334,1:13:32.030000,"(datetime.datetime(2026, 8, 21, 17, 8, 33, 302000),)",2a3c600d
408635146,-778374489,3320,1:13:32.060000,"(datetime.datetime(2026, 8, 21, 17, 8, 33, 330000),)",2a3c603c
408631022,-778373396,3334,1:13:32.130000,"(datetime.datetime(2026, 8, 21, 17, 8, 33, 398000),)",2a3c600d
408635265,-778374491,3321,1:13:32.160000,"(datetime.datetime(2026, 8, 21, 17, 8, 33, 426000),)",2a3c603c
408631138,-778373438,3334,1:13:32.230000,"(datetime.datetime(2026, 8, 21, 17, 8, 33, 501000),)",2a3c600d
408635386,-778374490,3321,1:13:32.260000,"(datetime.datetime(2026, 8, 21, 17, 8, 33, 527000),)",2a3c603c
408631253,-778373480,3334,1:13:32.330000,"(datetime.datetime(2026, 8, 21, 17, 8, 33, 598000),)",2a3c600d
408635504,-778374489,3321,1:13:32.360000,"(datetime.datetime(2026, 8, 21, 17, 8, 33, 627000),)",2a3c603c
408631370,-778373524,3335,1:13:32.430000,"(datetime.datetime(2026, 8, 21, 17, 8, 33, 699000),)",2a3c600d
408635625,-778374487,3321,1:13:32.460000,"(datetime.datetime(2026, 8, 21, 17, 8, 33, 727000),)",2a3c603c
408631485,-778373563,3335,1:13:32.530000,"(datetime.datetime(2026, 8, 21, 17, 8, 33, 800000),)",2a3c600d
408635746,-778374482,3321,1:13:32.560000,"(datetime.datetime(2026, 8, 21, 17, 8, 33, 827000),)",2a3c603c
408631600,-778373603,3334,1:13:32.630000,"(datetime.datetime(2026, 8, 21, 17, 8, 33, 898000),)",2a3c600d
408635863,-778374482,3321,1:13:32.660000,"(datetime.datetime(2026, 8, 21, 17, 8, 33, 927000),)",2a3c603c
408631716,-778373639,3335,1:13:32.730000,"(datetime.datetime(2026, 8, 21, 17, 8, 33, 998000),)",2a3c600d
408635984,-778374475,3321,1:13:32.760000,"(datetime.datetime(2026, 8, 21, 17, 8, 34, 26000),)",2a3c603c
408631833,-778373675,3335,1:13:32.830000,"(datetime.datetime(2026, 8, 21, 17, 8, 34, 100000),)",2a3c600d
408636105,-778374465,3321,1:13:32.860000,"(datetime.datetime(2026, 8, 21, 17, 8, 34, 126000),)",2a3c603c
408631941,-778373717,3335,1:13:32.930000,"(datetime.datetime(2026, 8, 21, 17, 8, 34, 200000),)",2a3c600d
408636222,-778374461,3322,1:13:32.970000,"(datetime.datetime(2026, 8, 21, 17, 8, 34, 233000),)",2a3c603c
408632062,-778373746,3335,1:13:33.030000,"(datetime.datetime(2026, 8, 21, 17, 8, 34, 298000),)",2a3c600d
408636343,-778374445,3322,1:13:33.060000,"(datetime.datetime(2026, 8, 21, 17, 8, 34, 332000),)",2a3c603c
408632179,-778373782,3335,1:13:33.130000,"(datetime.datetime(2026, 8, 21, 17, 8, 34, 399000),)",2a3c600d
408636462,-778374432,3322,1:13:33.160000,"(datetime.datetime(2026, 8, 21, 17, 8, 34, 427000),)",2a3c603c
408632296,-778373815,3335,1:13:33.230000,"(datetime.datetime(2026, 8, 21, 17, 8, 34, 500000),)",2a3c600d
408636581,-778374418,3321,1:13:33.260000,"(datetime.datetime(2026, 8, 21, 17, 8, 34, 525000),)",2a3c603c
408632414,-778373849,3336,1:13:33.330000,"(datetime.datetime(2026, 8, 21, 17, 8, 34, 600000),)",2a3c600d
408636700,-778374403,3322,1:13:33.360000,"(datetime.datetime(2026, 8, 21, 17, 8, 34, 628000),)",2a3c603c
408632533,-778373879,3336,1:13:33.430000,"(datetime.datetime(2026, 8, 21, 17, 8, 34, 701000),)",2a3c600d
408636820,-778374387,3322,1:13:33.460000,"(datetime.datetime(2026, 8, 21, 17, 8, 34, 726000),)",2a3c603c
408632651,-778373910,3336,1:13:33.530000,"(datetime.datetime(2026, 8, 21, 17, 8, 34, 798000),)",2a3c600d
408636938,-778374369,3323,1:13:33.560000,"(datetime.datetime(2026, 8, 21, 17, 8, 34, 826000),)",2a3c603c
408632769,-778373939,3336,1:13:33.630000,"(datetime.datetime(2026, 8, 21, 17, 8, 34, 898000),)",2a3c600d
408637057,-778374350,3322,1:13:33.660000,"(datetime.datetime(2026, 8, 21, 17, 8, 34, 928000),)",2a3c603c
408632888,-778373963,3336,1:13:33.730000,"(datetime.datetime(2026, 8, 21, 17, 8, 34, 999000),)",2a3c600d
408637179,-778374332,3322,1:13:33.760000,"(datetime.datetime(2026, 8, 21, 17, 8, 35, 28000),)",2a3c603c
408637299,-778374308,3322,1:13:33.780000,"(datetime.datetime(2026, 8, 21, 17, 8, 35, 46000),)",2a3c603c
408633009,-778373992,3336,1:13:33.840000,"(datetime.datetime(2026, 8, 21, 17, 8, 35, 110000),)",2a3c600d
408637421,-778374295,3322,1:13:33.890000,"(datetime.datetime(2026, 8, 21, 17, 8, 35, 156000),)",2a3c603c
408633122,-778374019,3336,1:13:33.930000,"(datetime.datetime(2026, 8, 21, 17, 8, 35, 197000),)",2a3c600d
408637540,-778374266,3322,1:13:33.960000,"(datetime.datetime(2026, 8, 21, 17, 8, 35, 227000),)",2a3c603c
408633242,-778374040,3336,1:13:34.030000,"(datetime.datetime(2026, 8, 21, 17, 8, 35, 299000),)",2a3c600d
408637658,-778374241,3322,1:13:34.070000,"(datetime.datetime(2026, 8, 21, 17, 8, 35, 336000),)",2a3c603c
408633360,-778374060,3337,1:13:34.130000,"(datetime.datetime(2026, 8, 21, 17, 8, 35, 401000),)",2a3c600d
408637779,-778374215,3323,1:13:34.170000,"(datetime.datetime(2026, 8, 21, 17, 8, 35, 433000),)",2a3c603c
408633481,-778374079,3337,1:13:34.230000,"(datetime.datetime(2026, 8, 21, 17, 8, 35, 500000),)",2a3c600d
408637898,-778374187,3322,1:13:34.270000,"(datetime.datetime(2026, 8, 21, 17, 8, 35, 540000),)",2a3c603c
408633598,-778374099,3337,1:13:34.330000,"(datetime.datetime(2026, 8, 21, 17, 8, 35, 599000),)",2a3c600d
408638018,-778374157,3323,1:13:34.380000,"(datetime.datetime(2026, 8, 21, 17, 8, 35, 644000),)",2a3c603c
408633721,-778374113,3337,1:13:34.430000,"(datetime.datetime(2026, 8, 21, 17, 8, 35, 698000),)",2a3c600d
408638136,-778374125,3323,1:13:34.470000,"(datetime.datetime(2026, 8, 21, 17, 8, 35, 740000),)",2a3c603c
408633838,-778374131,3338,1:13:34.530000,"(datetime.datetime(2026, 8, 21, 17, 8, 35, 798000),)",2a3c600d
408638257,-778374094,3323,1:13:34.570000,"(datetime.datetime(2026, 8, 21, 17, 8, 35, 841000),)",2a3c603c
408633960,-778374142,3338,1:13:34.630000,"(datetime.datetime(2026, 8, 21, 17, 8, 35, 900000),)",2a3c600d
408638372,-778374066,3323,1:13:34.680000,"(datetime.datetime(2026, 8, 21, 17, 8, 35, 945000),)",2a3c603c
408634079,-778374154,3338,1:13:34.730000,"(datetime.datetime(2026, 8, 21, 17, 8, 35, 998000),)",2a3c600d
408638487,-778374034,3323,1:13:34.780000,"(datetime.datetime(2026, 8, 21, 17, 8, 36, 42000),)",2a3c603c
408634201,-778374165,3338,1:13:34.830000,"(datetime.datetime(2026, 8, 21, 17, 8, 36, 98000),)",2a3c600d
408638613,-778374005,3322,1:13:34.880000,"(datetime.datetime(2026, 8, 21, 17, 8, 36, 146000),)",2a3c603c
408634316,-778374182,3338,1:13:34.940000,"(datetime.datetime(2026, 8, 21, 17, 8, 36, 211000),)",2a3c600d
408638731,-778373966,3323,1:13:34.970000,"(datetime.datetime(2026, 8, 21, 17, 8, 36, 241000),)",2a3c603c
408634440,-778374185,3338,1:13:35.030000,"(datetime.datetime(2026, 8, 21, 17, 8, 36, 299000),)",2a3c600d
408638849,-778373934,3323,1:13:35.070000,"(datetime.datetime(2026, 8, 21, 17, 8, 36, 340000),)",2a3c603c
408634559,-778374193,3338,1:13:35.130000,"(datetime.datetime(2026, 8, 21, 17, 8, 36, 399000),)",2a3c600d
408638963,-778373898,3323,1:13:35.170000,"(datetime.datetime(2026, 8, 21, 17, 8, 36, 440000),)",2a3c603c
408634680,-778374198,3339,1:13:35.230000,"(datetime.datetime(2026, 8, 21, 17, 8, 36, 499000),)",2a3c600d
408639081,-778373861,3323,1:13:35.270000,"(datetime.datetime(2026, 8, 21, 17, 8, 36, 541000),)",2a3c603c
408634799,-778374205,3339,1:13:35.330000,"(datetime.datetime(2026, 8, 21, 17, 8, 36, 599000),)",2a3c600d
408639200,-778373821,3323,1:13:35.370000,"(datetime.datetime(2026, 8, 21, 17, 8, 36, 640000),)",2a3c603c
408634921,-778374206,3339,1:13:35.430000,"(datetime.datetime(2026, 8, 21, 17, 8, 36, 698000),)",2a3c600d
408639319,-778373785,3323,1:13:35.470000,"(datetime.datetime(2026, 8, 21, 17, 8, 36, 742000),)",2a3c603c
408635042,-778374208,3339,1:13:35.530000,"(datetime.datetime(2026, 8, 21, 17, 8, 36, 798000),)",2a3c600d
408639435,-778373748,3323,1:13:35.570000,"(datetime.datetime(2026, 8, 21, 17, 8, 36, 841000),)",2a3c603c
408635162,-778374210,3339,1:13:35.630000,"(datetime.datetime(2026, 8, 21, 17, 8, 36, 898000),)",2a3c600d
408639553,-778373710,3323,1:13:35.660000,"(datetime.datetime(2026, 8, 21, 17, 8, 36, 925000),)",2a3c603c
408635283,-778374210,3339,1:13:35.730000,"(datetime.datetime(2026, 8, 21, 17, 8, 36, 998000),)",2a3c600d
408639670,-778373664,3324,1:13:35.760000,"(datetime.datetime(2026, 8, 21, 17, 8, 37, 30000),)",2a3c603c
408635403,-778374210,3340,1:13:35.830000,"(datetime.datetime(2026, 8, 21, 17, 8, 37, 98000),)",2a3c600d
408639789,-778373632,3324,1:13:35.860000,"(datetime.datetime(2026, 8, 21, 17, 8, 37, 126000),)",2a3c603c
408635521,-778374218,3339,1:13:35.930000,"(datetime.datetime(2026, 8, 21, 17, 8, 37, 198000),)",2a3c600d
408639909,-778373586,3323,1:13:35.960000,"(datetime.datetime(2026, 8, 21, 17, 8, 37, 225000),)",2a3c603c
408635643,-778374209,3339,1:13:36.030000,"(datetime.datetime(2026, 8, 21, 17, 8, 37, 302000),)",2a3c600d
408640024,-778373547,3324,1:13:36.060000,"(datetime.datetime(2026, 8, 21, 17, 8, 37, 330000),)",2a3c603c
408635763,-778374207,3340,1:13:36.130000,"(datetime.datetime(2026, 8, 21, 17, 8, 37, 398000),)",2a3c600d
408635883,-778374202,3340,1:13:36.230000,"(datetime.datetime(2026, 8, 21, 17, 8, 37, 499000),)",2a3c600d
408640138,-778373504,3324,1:13:36.260000,"(datetime.datetime(2026, 8, 21, 17, 8, 37, 530000),)",2a3c603c
408640250,-778373462,3324,1:13:36.290000,"(datetime.datetime(2026, 8, 21, 17, 8, 37, 556000),)",2a3c603c
408636006,-778374196,3340,1:13:36.330000,"(datetime.datetime(2026, 8, 21, 17, 8, 37, 598000),)",2a3c600d
408640366,-778373415,3325,1:13:36.360000,"(datetime.datetime(2026, 8, 21, 17, 8, 37, 627000),)",2a3c603c
408636125,-778374189,3340,1:13:36.430000,"(datetime.datetime(2026, 8, 21, 17, 8, 37, 699000),)",2a3c600d
408640479,-778373365,3325,1:13:36.460000,"(datetime.datetime(2026, 8, 21, 17, 8, 37, 726000),)",2a3c603c
408636248,-778374181,3340,1:13:36.530000,"(datetime.datetime(2026, 8, 21, 17, 8, 37, 800000),)",2a3c600d
408640598,-778373317,3325,1:13:36.560000,"(datetime.datetime(2026, 8, 21, 17, 8, 37, 826000),)",2a3c603c
408636367,-778374173,3340,1:13:36.630000,"(datetime.datetime(2026, 8, 21, 17, 8, 37, 898000),)",2a3c600d
408640709,-778373266,3326,1:13:36.660000,"(datetime.datetime(2026, 8, 21, 17, 8, 37, 925000),)",2a3c603c
408636489,-778374163,3340,1:13:36.730000,"(datetime.datetime(2026, 8, 21, 17, 8, 37, 999000),)",2a3c600d
408640824,-778373212,3326,1:13:36.760000,"(datetime.datetime(2026, 8, 21, 17, 8, 38, 25000),)",2a3c603c
408636609,-778374153,3340,1:13:36.830000,"(datetime.datetime(2026, 8, 21, 17, 8, 38, 100000),)",2a3c600d
408640944,-778373158,3325,1:13:36.860000,"(datetime.datetime(2026, 8, 21, 17, 8, 38, 129000),)",2a3c603c
408636728,-778374148,3341,1:13:36.930000,"(datetime.datetime(2026, 8, 21, 17, 8, 38, 198000),)",2a3c600d
408640944,-778373158,3325,1:13:36.960000,"(datetime.datetime(2026, 8, 21, 17, 8, 38, 226000),)",2a3c603c
408636846,-778374132,3341,1:13:37.030000,"(datetime.datetime(2026, 8, 21, 17, 8, 38, 300000),)",2a3c600d
408641052,-778373101,3326,1:13:37.060000,"(datetime.datetime(2026, 8, 21, 17, 8, 38, 326000),)",2a3c603c
408636969,-778374117,3341,1:13:37.140000,"(datetime.datetime(2026, 8, 21, 17, 8, 38, 412000),)",2a3c600d
408641167,-778373045,3326,1:13:37.170000,"(datetime.datetime(2026, 8, 21, 17, 8, 38, 434000),)",2a3c603c
408637089,-778374104,3341,1:13:37.230000,"(datetime.datetime(2026, 8, 21, 17, 8, 38, 500000),)",2a3c600d
408641274,-778372988,3326,1:13:37.260000,"(datetime.datetime(2026, 8, 21, 17, 8, 38, 525000),)",2a3c603c
408637207,-778374087,3341,1:13:37.330000,"(datetime.datetime(2026, 8, 21, 17, 8, 38, 599000),)",2a3c600d
408641389,-778372931,3326,1:13:37.370000,"(datetime.datetime(2026, 8, 21, 17, 8, 38, 632000),)",2a3c603c
408637327,-778374074,3342,1:13:37.430000,"(datetime.datetime(2026, 8, 21, 17, 8, 38, 699000),)",2a3c600d
408641496,-778372869,3327,1:13:37.460000,"(datetime.datetime(2026, 8, 21, 17, 8, 38, 732000),)",2a3c603c
408637447,-778374053,3342,1:13:37.530000,"(datetime.datetime(2026, 8, 21, 17, 8, 38, 799000),)",2a3c600d
408641605,-778372806,3327,1:13:37.560000,"(datetime.datetime(2026, 8, 21, 17, 8, 38, 831000),)",2a3c603c
408637568,-778374033,3342,1:13:37.630000,"(datetime.datetime(2026, 8, 21, 17, 8, 38, 899000),)",2a3c600d
408641714,-778372745,3327,1:13:37.660000,"(datetime.datetime(2026, 8, 21, 17, 8, 38, 925000),)",2a3c603c
408637685,-778374016,3342,1:13:37.740000,"(datetime.datetime(2026, 8, 21, 17, 8, 39, 8000),)",2a3c600d
408641826,-778372677,3328,1:13:37.770000,"(datetime.datetime(2026, 8, 21, 17, 8, 39, 36000),)",2a3c603c
408637807,-778373994,3342,1:13:37.830000,"(datetime.datetime(2026, 8, 21, 17, 8, 39, 98000),)",2a3c600d
408641932,-778372611,3327,1:13:37.860000,"(datetime.datetime(2026, 8, 21, 17, 8, 39, 128000),)",2a3c603c
408637924,-778373975,3342,1:13:37.930000,"(datetime.datetime(2026, 8, 21, 17, 8, 39, 198000),)",2a3c600d
408642147,-778372476,3328,1:13:37.960000,"(datetime.datetime(2026, 8, 21, 17, 8, 39, 227000),)",2a3c603c
408638041,-778373951,3342,1:13:38.030000,"(datetime.datetime(2026, 8, 21, 17, 8, 39, 297000),)",2a3c600d
408642257,-778372404,3328,1:13:38.060000,"(datetime.datetime(2026, 8, 21, 17, 8, 39, 330000),)",2a3c603c
408638163,-778373926,3342,1:13:38.130000,"(datetime.datetime(2026, 8, 21, 17, 8, 39, 400000),)",2a3c600d
408642361,-778372331,3328,1:13:38.160000,"(datetime.datetime(2026, 8, 21, 17, 8, 39, 431000),)",2a3c603c
408638280,-778373904,3343,1:13:38.230000,"(datetime.datetime(2026, 8, 21, 17, 8, 39, 499000),)",2a3c600d
408642467,-778372256,3328,1:13:38.260000,"(datetime.datetime(2026, 8, 21, 17, 8, 39, 525000),)",2a3c603c
408638398,-778373876,3343,1:13:38.330000,"(datetime.datetime(2026, 8, 21, 17, 8, 39, 598000),)",2a3c600d
408642573,-778372179,3328,1:13:38.360000,"(datetime.datetime(2026, 8, 21, 17, 8, 39, 628000),)",2a3c603c
408638516,-778373848,3343,1:13:38.430000,"(datetime.datetime(2026, 8, 21, 17, 8, 39, 700000),)",2a3c600d
408642677,-778372101,3328,1:13:38.460000,"(datetime.datetime(2026, 8, 21, 17, 8, 39, 729000),)",2a3c603c
408638636,-778373821,3344,1:13:38.530000,"(datetime.datetime(2026, 8, 21, 17, 8, 39, 798000),)",2a3c600d
408642677,-778372101,3328,1:13:38.560000,"(datetime.datetime(2026, 8, 21, 17, 8, 39, 825000),)",2a3c603c
408638755,-778373794,3344,1:13:38.630000,"(datetime.datetime(2026, 8, 21, 17, 8, 39, 898000),)",2a3c600d
408642780,-778372022,3328,1:13:38.660000,"(datetime.datetime(2026, 8, 21, 17, 8, 39, 925000),)",2a3c603c
408638870,-778373764,3344,1:13:38.730000,"(datetime.datetime(2026, 8, 21, 17, 8, 39, 999000),)",2a3c600d
408642883,-778371940,3328,1:13:38.760000,"(datetime.datetime(2026, 8, 21, 17, 8, 40, 29000),)",2a3c603c
408638988,-778373732,3344,1:13:38.830000,"(datetime.datetime(2026, 8, 21, 17, 8, 40, 101000),)",2a3c600d
408643091,-778371775,3328,1:13:38.860000,"(datetime.datetime(2026, 8, 21, 17, 8, 40, 130000),)",2a3c603c
408639105,-778373703,3344,1:13:38.930000,"(datetime.datetime(2026, 8, 21, 17, 8, 40, 198000),)",2a3c600d
408643091,-778371775,3328,1:13:38.960000,"(datetime.datetime(2026, 8, 21, 17, 8, 40, 226000),)",2a3c603c
408639221,-778373664,3344,1:13:39.040000,"(datetime.datetime(2026, 8, 21, 17, 8, 40, 304000),)",2a3c600d
408643192,-778371685,3328,1:13:39.060000,"(datetime.datetime(2026, 8, 21, 17, 8, 40, 325000),)",2a3c603c
408639338,-778373630,3344,1:13:39.130000,"(datetime.datetime(2026, 8, 21, 17, 8, 40, 398000),)",2a3c600d
408643294,-778371602,3328,1:13:39.160000,"(datetime.datetime(2026, 8, 21, 17, 8, 40, 425000),)",2a3c603c
408639456,-778373592,3345,1:13:39.230000,"(datetime.datetime(2026, 8, 21, 17, 8, 40, 498000),)",2a3c600d
408643496,-778371422,3328,1:13:39.260000,"(datetime.datetime(2026, 8, 21, 17, 8, 40, 528000),)",2a3c603c
408639574,-778373555,3345,1:13:39.330000,"(datetime.datetime(2026, 8, 21, 17, 8, 40, 598000),)",2a3c600d
408643594,-778371329,3329,1:13:39.360000,"(datetime.datetime(2026, 8, 21, 17, 8, 40, 625000),)",2a3c603c
408639691,-778373517,3345,1:13:39.430000,"(datetime.datetime(2026, 8, 21, 17, 8, 40, 699000),)",2a3c600d
408643594,-778371329,3329,1:13:39.470000,"(datetime.datetime(2026, 8, 21, 17, 8, 40, 733000),)",2a3c603c
408639808,-778373478,3345,1:13:39.530000,"(datetime.datetime(2026, 8, 21, 17, 8, 40, 801000),)",2a3c600d
408643693,-778371243,3329,1:13:39.570000,"(datetime.datetime(2026, 8, 21, 17, 8, 40, 836000),)",2a3c603c
408639925,-778373431,3345,1:13:39.630000,"(datetime.datetime(2026, 8, 21, 17, 8, 40, 900000),)",2a3c600d
408643894,-778371056,3330,1:13:39.680000,"(datetime.datetime(2026, 8, 21, 17, 8, 40, 943000),)",2a3c603c
408640037,-778373387,3345,1:13:39.730000,"(datetime.datetime(2026, 8, 21, 17, 8, 40, 999000),)",2a3c600d
408643991,-778370959,3330,1:13:39.760000,"(datetime.datetime(2026, 8, 21, 17, 8, 41, 29000),)",2a3c603c
408640152,-778373339,3346,1:13:39.830000,"(datetime.datetime(2026, 8, 21, 17, 8, 41, 98000),)",2a3c600d
408643991,-778370959,3330,1:13:39.860000,"(datetime.datetime(2026, 8, 21, 17, 8, 41, 125000),)",2a3c603c
408640261,-778373293,3345,1:13:39.930000,"(datetime.datetime(2026, 8, 21, 17, 8, 41, 198000),)",2a3c600d
408644092,-778370864,3329,1:13:39.960000,"(datetime.datetime(2026, 8, 21, 17, 8, 41, 230000),)",2a3c603c
408640377,-778373240,3346,1:13:40.030000,"(datetime.datetime(2026, 8, 21, 17, 8, 41, 298000),)",2a3c600d
408644186,-778370764,3330,1:13:40.060000,"(datetime.datetime(2026, 8, 21, 17, 8, 41, 328000),)",2a3c603c
408640490,-778373189,3346,1:13:40.140000,"(datetime.datetime(2026, 8, 21, 17, 8, 41, 408000),)",2a3c600d
408644277,-778370666,3330,1:13:40.170000,"(datetime.datetime(2026, 8, 21, 17, 8, 41, 436000),)",2a3c603c
408640602,-778373136,3347,1:13:40.230000,"(datetime.datetime(2026, 8, 21, 17, 8, 41, 499000),)",2a3c600d
408644370,-778370567,3330,1:13:40.280000,"(datetime.datetime(2026, 8, 21, 17, 8, 41, 543000),)",2a3c603c
408640715,-778373081,3347,1:13:40.340000,"(datetime.datetime(2026, 8, 21, 17, 8, 41, 604000),)",2a3c600d
408644466,-778370467,3330,1:13:40.350000,"(datetime.datetime(2026, 8, 21, 17, 8, 41, 621000),)",2a3c603c
408640829,-778373028,3346,1:13:40.430000,"(datetime.datetime(2026, 8, 21, 17, 8, 41, 701000),)",2a3c600d
408644556,-778370369,3331,1:13:40.460000,"(datetime.datetime(2026, 8, 21, 17, 8, 41, 729000),)",2a3c603c
408640938,-778372971,3347,1:13:40.530000,"(datetime.datetime(2026, 8, 21, 17, 8, 41, 798000),)",2a3c600d
408644651,-778370264,3331,1:13:40.560000,"(datetime.datetime(2026, 8, 21, 17, 8, 41, 827000),)",2a3c603c
408641052,-778372912,3347,1:13:40.630000,"(datetime.datetime(2026, 8, 21, 17, 8, 41, 898000),)",2a3c600d
408644739,-778370156,3331,1:13:40.650000,"(datetime.datetime(2026, 8, 21, 17, 8, 41, 916000),)",2a3c603c
408641160,-778372852,3347,1:13:40.730000,"(datetime.datetime(2026, 8, 21, 17, 8, 41, 998000),)",2a3c600d
408644832,-778370054,3330,1:13:40.750000,"(datetime.datetime(2026, 8, 21, 17, 8, 42, 22000),)",2a3c603c
408641273,-778372793,3347,1:13:40.830000,"(datetime.datetime(2026, 8, 21, 17, 8, 42, 99000),)",2a3c600d
408644919,-778369948,3331,1:13:40.850000,"(datetime.datetime(2026, 8, 21, 17, 8, 42, 119000),)",2a3c603c
408641378,-778372737,3347,1:13:40.930000,"(datetime.datetime(2026, 8, 21, 17, 8, 42, 199000),)",2a3c600d
408645012,-778369848,3330,1:13:40.960000,"(datetime.datetime(2026, 8, 21, 17, 8, 42, 223000),)",2a3c603c
408641378,-778372737,3347,1:13:41.030000,"(datetime.datetime(2026, 8, 21, 17, 8, 42, 302000),)",2a3c600d
408645100,-778369732,3331,1:13:41.060000,"(datetime.datetime(2026, 8, 21, 17, 8, 42, 331000),)",2a3c603c
408641597,-778372602,3347,1:13:41.130000,"(datetime.datetime(2026, 8, 21, 17, 8, 42, 401000),)",2a3c600d
408645189,-778369624,3330,1:13:41.160000,"(datetime.datetime(2026, 8, 21, 17, 8, 42, 431000),)",2a3c603c
408641706,-778372536,3347,1:13:41.230000,"(datetime.datetime(2026, 8, 21, 17, 8, 42, 499000),)",2a3c600d
408645276,-778369515,3331,1:13:41.260000,"(datetime.datetime(2026, 8, 21, 17, 8, 42, 522000),)",2a3c603c
408641812,-778372468,3348,1:13:41.330000,"(datetime.datetime(2026, 8, 21, 17, 8, 42, 598000),)",2a3c600d
408645357,-778369402,3331,1:13:41.360000,"(datetime.datetime(2026, 8, 21, 17, 8, 42, 625000),)",2a3c603c
408641923,-778372398,3348,1:13:41.430000,"(datetime.datetime(2026, 8, 21, 17, 8, 42, 700000),)",2a3c600d
408645443,-778369290,3331,1:13:41.450000,"(datetime.datetime(2026, 8, 21, 17, 8, 42, 717000),)",2a3c603c
408642029,-778372329,3348,1:13:41.530000,"(datetime.datetime(2026, 8, 21, 17, 8, 42, 801000),)",2a3c600d
408645530,-778369173,3331,1:13:41.560000,"(datetime.datetime(2026, 8, 21, 17, 8, 42, 828000),)",2a3c603c
408642136,-778372259,3348,1:13:41.630000,"(datetime.datetime(2026, 8, 21, 17, 8, 42, 898000),)",2a3c600d
408645613,-778369059,3332,1:13:41.670000,"(datetime.datetime(2026, 8, 21, 17, 8, 42, 935000),)",2a3c603c
408642245,-778372183,3348,1:13:41.730000,"(datetime.datetime(2026, 8, 21, 17, 8, 42, 998000),)",2a3c600d
408645701,-778368944,3332,1:13:41.750000,"(datetime.datetime(2026, 8, 21, 17, 8, 43, 16000),)",2a3c603c
408642245,-778372183,3348,1:13:41.830000,"(datetime.datetime(2026, 8, 21, 17, 8, 43, 98000),)",2a3c600d
408645781,-778368829,3332,1:13:41.850000,"(datetime.datetime(2026, 8, 21, 17, 8, 43, 118000),)",2a3c603c
408642351,-778372109,3348,1:13:41.940000,"(datetime.datetime(2026, 8, 21, 17, 8, 43, 203000),)",2a3c600d
408645870,-778368721,3331,1:13:41.950000,"(datetime.datetime(2026, 8, 21, 17, 8, 43, 221000),)",2a3c603c
408642456,-778372041,3348,1:13:42.030000,"(datetime.datetime(2026, 8, 21, 17, 8, 43, 299000),)",2a3c600d
408645951,-778368601,3331,1:13:42.050000,"(datetime.datetime(2026, 8, 21, 17, 8, 43, 322000),)",2a3c603c
408642561,-778371954,3348,1:13:42.130000,"(datetime.datetime(2026, 8, 21, 17, 8, 43, 398000),)",2a3c600d
408646032,-778368480,3332,1:13:42.150000,"(datetime.datetime(2026, 8, 21, 17, 8, 43, 418000),)",2a3c603c
408642767,-778371793,3348,1:13:42.230000,"(datetime.datetime(2026, 8, 21, 17, 8, 43, 498000),)",2a3c600d
408646114,-778368365,3332,1:13:42.250000,"(datetime.datetime(2026, 8, 21, 17, 8, 43, 518000),)",2a3c603c
408642869,-778371707,3348,1:13:42.330000,"(datetime.datetime(2026, 8, 21, 17, 8, 43, 598000),)",2a3c600d
408646196,-778368244,3332,1:13:42.360000,"(datetime.datetime(2026, 8, 21, 17, 8, 43, 626000),)",2a3c603c
408642869,-778371707,3348,1:13:42.430000,"(datetime.datetime(2026, 8, 21, 17, 8, 43, 698000),)",2a3c600d
408646275,-778368122,3332,1:13:42.450000,"(datetime.datetime(2026, 8, 21, 17, 8, 43, 720000),)",2a3c603c
408643072,-778371532,3348,1:13:42.540000,"(datetime.datetime(2026, 8, 21, 17, 8, 43, 806000),)",2a3c600d
408646357,-778368002,3332,1:13:42.580000,"(datetime.datetime(2026, 8, 21, 17, 8, 43, 844000),)",2a3c603c
408643173,-778371444,3348,1:13:42.630000,"(datetime.datetime(2026, 8, 21, 17, 8, 43, 897000),)",2a3c600d
408646436,-778367882,3332,1:13:42.670000,"(datetime.datetime(2026, 8, 21, 17, 8, 43, 939000),)",2a3c603c
408643274,-778371354,3348,1:13:42.690000,"(datetime.datetime(2026, 8, 21, 17, 8, 43, 957000),)",2a3c600d
408646514,-778367758,3332,1:13:42.750000,"(datetime.datetime(2026, 8, 21, 17, 8, 44, 15000),)",2a3c603c
408643374,-778371267,3348,1:13:42.770000,"(datetime.datetime(2026, 8, 21, 17, 8, 44, 32000),)",2a3c600d
408646590,-778367637,3332,1:13:42.850000,"(datetime.datetime(2026, 8, 21, 17, 8, 44, 113000),)",2a3c603c
408643471,-778371182,3348,1:13:42.880000,"(datetime.datetime(2026, 8, 21, 17, 8, 44, 146000),)",2a3c600d
408646675,-778367511,3331,1:13:42.950000,"(datetime.datetime(2026, 8, 21, 17, 8, 44, 214000),)",2a3c603c
408643471,-778371182,3348,1:13:42.960000,"(datetime.datetime(2026, 8, 21, 17, 8, 44, 232000),)",2a3c600d
408646748,-778367386,3331,1:13:43.060000,"(datetime.datetime(2026, 8, 21, 17, 8, 44, 323000),)",2a3c603c
408643567,-778371087,3348,1:13:43.080000,"(datetime.datetime(2026, 8, 21, 17, 8, 44, 347000),)",2a3c600d
408646828,-778367262,3331,1:13:43.150000,"(datetime.datetime(2026, 8, 21, 17, 8, 44, 414000),)",2a3c603c
408643664,-778370991,3349,1:13:43.200000,"(datetime.datetime(2026, 8, 21, 17, 8, 44, 466000),)",2a3c600d
408646902,-778367138,3331,1:13:43.250000,"(datetime.datetime(2026, 8, 21, 17, 8, 44, 514000),)",2a3c603c
408643765,-778370895,3349,1:13:43.270000,"(datetime.datetime(2026, 8, 21, 17, 8, 44, 533000),)",2a3c600d
408646975,-778367011,3332,1:13:43.380000,"(datetime.datetime(2026, 8, 21, 17, 8, 44, 646000),)",2a3c603c
408643862,-778370799,3349,1:13:43.420000,"(datetime.datetime(2026, 8, 21, 17, 8, 44, 683000),)",2a3c600d
408647052,-778366885,3332,1:13:43.450000,"(datetime.datetime(2026, 8, 21, 17, 8, 44, 713000),)",2a3c603c
408643958,-778370704,3349,1:13:43.470000,"(datetime.datetime(2026, 8, 21, 17, 8, 44, 733000),)",2a3c600d
408647129,-778366758,3332,1:13:43.550000,"(datetime.datetime(2026, 8, 21, 17, 8, 44, 813000),)",2a3c603c
408644147,-778370507,3349,1:13:43.580000,"(datetime.datetime(2026, 8, 21, 17, 8, 44, 845000),)",2a3c600d
408647203,-778366632,3332,1:13:43.650000,"(datetime.datetime(2026, 8, 21, 17, 8, 44, 914000),)",2a3c603c
408644242,-778370406,3349,1:13:43.670000,"(datetime.datetime(2026, 8, 21, 17, 8, 44, 933000),)",2a3c600d
408647276,-778366502,3333,1:13:43.750000,"(datetime.datetime(2026, 8, 21, 17, 8, 45, 16000),)",2a3c603c
408644242,-778370406,3349,1:13:43.770000,"(datetime.datetime(2026, 8, 21, 17, 8, 45, 40000),)",2a3c600d
408647348,-778366378,3332,1:13:43.850000,"(datetime.datetime(2026, 8, 21, 17, 8, 45, 120000),)",2a3c603c
408644428,-778370209,3349,1:13:43.880000,"(datetime.datetime(2026, 8, 21, 17, 8, 45, 149000),)",2a3c600d
408647421,-778366255,3333,1:13:43.950000,"(datetime.datetime(2026, 8, 21, 17, 8, 45, 215000),)",2a3c603c
408644519,-778370104,3349,1:13:43.970000,"(datetime.datetime(2026, 8, 21, 17, 8, 45, 241000),)",2a3c600d
408647493,-778366122,3333,1:13:44.050000,"(datetime.datetime(2026, 8, 21, 17, 8, 45, 313000),)",2a3c603c
408644519,-778370104,3349,1:13:44.060000,"(datetime.datetime(2026, 8, 21, 17, 8, 45, 332000),)",2a3c600d
408647563,-778365990,3333,1:13:44.150000,"(datetime.datetime(2026, 8, 21, 17, 8, 45, 413000),)",2a3c603c
408644706,-778369900,3350,1:13:44.190000,"(datetime.datetime(2026, 8, 21, 17, 8, 45, 456000),)",2a3c600d
408647634,-778365860,3333,1:13:44.250000,"(datetime.datetime(2026, 8, 21, 17, 8, 45, 515000),)",2a3c603c
408644797,-778369797,3350,1:13:44.270000,"(datetime.datetime(2026, 8, 21, 17, 8, 45, 535000),)",2a3c600d
408647705,-778365728,3334,1:13:44.350000,"(datetime.datetime(2026, 8, 21, 17, 8, 45, 614000),)",2a3c603c
408644888,-778369690,3350,1:13:44.380000,"(datetime.datetime(2026, 8, 21, 17, 8, 45, 645000),)",2a3c600d
408647774,-778365599,3333,1:13:44.450000,"(datetime.datetime(2026, 8, 21, 17, 8, 45, 714000),)",2a3c603c
408644978,-778369583,3350,1:13:44.470000,"(datetime.datetime(2026, 8, 21, 17, 8, 45, 734000),)",2a3c600d
408647847,-778365470,3333,1:13:44.550000,"(datetime.datetime(2026, 8, 21, 17, 8, 45, 813000),)",2a3c603c
408645067,-778369472,3350,1:13:44.570000,"(datetime.datetime(2026, 8, 21, 17, 8, 45, 834000),)",2a3c600d
408647914,-778365341,3334,1:13:44.650000,"(datetime.datetime(2026, 8, 21, 17, 8, 45, 913000),)",2a3c603c
408645067,-778369472,3350,1:13:44.670000,"(datetime.datetime(2026, 8, 21, 17, 8, 45, 936000),)",2a3c600d
408647981,-778365207,3334,1:13:44.750000,"(datetime.datetime(2026, 8, 21, 17, 8, 46, 14000),)",2a3c603c
408645156,-778369366,3350,1:13:44.770000,"(datetime.datetime(2026, 8, 21, 17, 8, 46, 37000),)",2a3c600d
408648047,-778365077,3334,1:13:44.850000,"(datetime.datetime(2026, 8, 21, 17, 8, 46, 116000),)",2a3c603c
408645242,-778369254,3350,1:13:44.880000,"(datetime.datetime(2026, 8, 21, 17, 8, 46, 147000),)",2a3c600d
408648120,-778364946,3334,1:13:44.950000,"(datetime.datetime(2026, 8, 21, 17, 8, 46, 220000),)",2a3c603c
408645330,-778369145,3350,1:13:44.980000,"(datetime.datetime(2026, 8, 21, 17, 8, 46, 247000),)",2a3c600d
408648181,-778364814,3334,1:13:45.050000,"(datetime.datetime(2026, 8, 21, 17, 8, 46, 313000),)",2a3c603c
408645414,-778369029,3351,1:13:45.060000,"(datetime.datetime(2026, 8, 21, 17, 8, 46, 330000),)",2a3c600d
408648247,-778364675,3335,1:13:45.150000,"(datetime.datetime(2026, 8, 21, 17, 8, 46, 413000),)",2a3c603c
408645501,-778368917,3351,1:13:45.170000,"(datetime.datetime(2026, 8, 21, 17, 8, 46, 433000),)",2a3c600d
408648310,-778364542,3335,1:13:45.250000,"(datetime.datetime(2026, 8, 21, 17, 8, 46, 515000),)",2a3c603c
408645584,-778368805,3351,1:13:45.270000,"(datetime.datetime(2026, 8, 21, 17, 8, 46, 539000),)",2a3c600d
408648371,-778364409,3335,1:13:45.350000,"(datetime.datetime(2026, 8, 21, 17, 8, 46, 614000),)",2a3c603c
408645670,-778368692,3351,1:13:45.380000,"(datetime.datetime(2026, 8, 21, 17, 8, 46, 647000),)",2a3c600d
408645753,-778368575,3351,1:13:45.450000,"(datetime.datetime(2026, 8, 21, 17, 8, 46, 716000),)",2a3c600d
408648431,-778364270,3335,1:13:45.480000,"(datetime.datetime(2026, 8, 21, 17, 8, 46, 743000),)",2a3c603c
408648491,-778364132,3336,1:13:45.550000,"(datetime.datetime(2026, 8, 21, 17, 8, 46, 814000),)",2a3c603c
408645837,-778368459,3351,1:13:45.570000,"(datetime.datetime(2026, 8, 21, 17, 8, 46, 839000),)",2a3c600d
408648549,-778363992,3336,1:13:45.650000,"(datetime.datetime(2026, 8, 21, 17, 8, 46, 913000),)",2a3c603c
408645919,-778368342,3351,1:13:45.660000,"(datetime.datetime(2026, 8, 21, 17, 8, 46, 930000),)",2a3c600d
408648605,-778363855,3336,1:13:45.750000,"(datetime.datetime(2026, 8, 21, 17, 8, 47, 15000),)",2a3c603c
408646000,-778368223,3352,1:13:45.780000,"(datetime.datetime(2026, 8, 21, 17, 8, 47, 52000),)",2a3c600d
408648659,-778363712,3336,1:13:45.850000,"(datetime.datetime(2026, 8, 21, 17, 8, 47, 115000),)",2a3c603c
408646081,-778368106,3352,1:13:45.880000,"(datetime.datetime(2026, 8, 21, 17, 8, 47, 148000),)",2a3c600d
408648718,-778363583,3336,1:13:45.950000,"(datetime.datetime(2026, 8, 21, 17, 8, 47, 215000),)",2a3c603c
408646162,-778367989,3351,1:13:45.990000,"(datetime.datetime(2026, 8, 21, 17, 8, 47, 254000),)",2a3c600d
408648771,-778363435,3336,1:13:46.050000,"(datetime.datetime(2026, 8, 21, 17, 8, 47, 316000),)",2a3c603c
408646240,-778367867,3351,1:13:46.070000,"(datetime.datetime(2026, 8, 21, 17, 8, 47, 334000),)",2a3c600d
408648821,-778363292,3336,1:13:46.150000,"(datetime.datetime(2026, 8, 21, 17, 8, 47, 413000),)",2a3c603c
408646318,-778367744,3351,1:13:46.170000,"(datetime.datetime(2026, 8, 21, 17, 8, 47, 436000),)",2a3c600d
408648872,-778363149,3336,1:13:46.250000,"(datetime.datetime(2026, 8, 21, 17, 8, 47, 514000),)",2a3c603c
408646396,-778367621,3351,1:13:46.270000,"(datetime.datetime(2026, 8, 21, 17, 8, 47, 538000),)",2a3c600d
408648921,-778363005,3337,1:13:46.360000,"(datetime.datetime(2026, 8, 21, 17, 8, 47, 629000),)",2a3c603c
408646474,-778367496,3351,1:13:46.390000,"(datetime.datetime(2026, 8, 21, 17, 8, 47, 657000),)",2a3c600d
408648968,-778362860,3337,1:13:46.450000,"(datetime.datetime(2026, 8, 21, 17, 8, 47, 713000),)",2a3c603c
408646552,-778367376,3351,1:13:46.490000,"(datetime.datetime(2026, 8, 21, 17, 8, 47, 762000),)",2a3c600d
408649017,-778362715,3337,1:13:46.550000,"(datetime.datetime(2026, 8, 21, 17, 8, 47, 813000),)",2a3c603c
408646628,-778367249,3351,1:13:46.570000,"(datetime.datetime(2026, 8, 21, 17, 8, 47, 837000),)",2a3c600d
408649063,-778362573,3337,1:13:46.650000,"(datetime.datetime(2026, 8, 21, 17, 8, 47, 913000),)",2a3c603c
408646704,-778367123,3351,1:13:46.680000,"(datetime.datetime(2026, 8, 21, 17, 8, 47, 951000),)",2a3c600d
408646780,-778366998,3351,1:13:46.750000,"(datetime.datetime(2026, 8, 21, 17, 8, 48, 20000),)",2a3c600d
408649110,-778362424,3338,1:13:46.780000,"(datetime.datetime(2026, 8, 21, 17, 8, 48, 52000),)",2a3c603c
408649153,-778362276,3338,1:13:46.850000,"(datetime.datetime(2026, 8, 21, 17, 8, 48, 113000),)",2a3c603c
408646854,-778366872,3351,1:13:46.890000,"(datetime.datetime(2026, 8, 21, 17, 8, 48, 155000),)",2a3c600d
408649211,-778362133,3338,1:13:46.950000,"(datetime.datetime(2026, 8, 21, 17, 8, 48, 213000),)",2a3c603c
408646932,-778366748,3351,1:13:46.960000,"(datetime.datetime(2026, 8, 21, 17, 8, 48, 232000),)",2a3c600d
408649252,-778361986,3338,1:13:47.050000,"(datetime.datetime(2026, 8, 21, 17, 8, 48, 314000),)",2a3c603c
408647002,-778366623,3352,1:13:47.070000,"(datetime.datetime(2026, 8, 21, 17, 8, 48, 340000),)",2a3c600d
408649294,-778361833,3338,1:13:47.150000,"(datetime.datetime(2026, 8, 21, 17, 8, 48, 414000),)",2a3c603c
408647076,-778366491,3352,1:13:47.170000,"(datetime.datetime(2026, 8, 21, 17, 8, 48, 433000),)",2a3c600d
408649335,-778361688,3338,1:13:47.250000,"(datetime.datetime(2026, 8, 21, 17, 8, 48, 514000),)",2a3c603c
408647149,-778366364,3352,1:13:47.280000,"(datetime.datetime(2026, 8, 21, 17, 8, 48, 546000),)",2a3c600d
408649380,-778361539,3338,1:13:47.350000,"(datetime.datetime(2026, 8, 21, 17, 8, 48, 616000),)",2a3c603c
408647221,-778366237,3352,1:13:47.380000,"(datetime.datetime(2026, 8, 21, 17, 8, 48, 645000),)",2a3c600d
408649419,-778361391,3338,1:13:47.450000,"(datetime.datetime(2026, 8, 21, 17, 8, 48, 713000),)",2a3c603c
408647291,-778366106,3353,1:13:47.470000,"(datetime.datetime(2026, 8, 21, 17, 8, 48, 740000),)",2a3c600d
408649458,-778361237,3339,1:13:47.550000,"(datetime.datetime(2026, 8, 21, 17, 8, 48, 815000),)",2a3c603c
408647362,-778365978,3353,1:13:47.570000,"(datetime.datetime(2026, 8, 21, 17, 8, 48, 835000),)",2a3c600d
408649497,-778361091,3339,1:13:47.650000,"(datetime.datetime(2026, 8, 21, 17, 8, 48, 918000),)",2a3c603c
408647432,-778365843,3353,1:13:47.680000,"(datetime.datetime(2026, 8, 21, 17, 8, 48, 945000),)",2a3c600d
408649535,-778360936,3340,1:13:47.750000,"(datetime.datetime(2026, 8, 21, 17, 8, 49, 13000),)",2a3c603c
408647501,-778365715,3353,1:13:47.770000,"(datetime.datetime(2026, 8, 21, 17, 8, 49, 33000),)",2a3c600d
408649573,-778360787,3340,1:13:47.850000,"(datetime.datetime(2026, 8, 21, 17, 8, 49, 113000),)",2a3c603c
408647569,-778365581,3353,1:13:47.870000,"(datetime.datetime(2026, 8, 21, 17, 8, 49, 136000),)",2a3c600d
408649620,-778360642,3340,1:13:47.950000,"(datetime.datetime(2026, 8, 21, 17, 8, 49, 213000),)",2a3c603c
408647636,-778365457,3353,1:13:47.970000,"(datetime.datetime(2026, 8, 21, 17, 8, 49, 238000),)",2a3c600d
408649654,-778360489,3340,1:13:48.030000,"(datetime.datetime(2026, 8, 21, 17, 8, 49, 298000),)",2a3c603c
408647701,-778365321,3354,1:13:48.050000,"(datetime.datetime(2026, 8, 21, 17, 8, 49, 318000),)",2a3c600d
408649693,-778360337,3340,1:13:48.100000,"(datetime.datetime(2026, 8, 21, 17, 8, 49, 363000),)",2a3c603c
408647766,-778365185,3353,1:13:48.150000,"(datetime.datetime(2026, 8, 21, 17, 8, 49, 416000),)",2a3c600d
408649729,-778360188,3340,1:13:48.180000,"(datetime.datetime(2026, 8, 21, 17, 8, 49, 445000),)",2a3c603c
408647831,-778365052,3353,1:13:48.250000,"(datetime.datetime(2026, 8, 21, 17, 8, 49, 515000),)",2a3c600d
408649768,-778360035,3340,1:13:48.300000,"(datetime.datetime(2026, 8, 21, 17, 8, 49, 569000),)",2a3c603c
408647896,-778364917,3354,1:13:48.350000,"(datetime.datetime(2026, 8, 21, 17, 8, 49, 619000),)",2a3c600d
408649807,-778359884,3340,1:13:48.380000,"(datetime.datetime(2026, 8, 21, 17, 8, 49, 643000),)",2a3c603c
408647957,-778364782,3354,1:13:48.450000,"(datetime.datetime(2026, 8, 21, 17, 8, 49, 715000),)",2a3c600d
408649841,-778359733,3341,1:13:48.480000,"(datetime.datetime(2026, 8, 21, 17, 8, 49, 748000),)",2a3c603c
408648020,-778364643,3354,1:13:48.550000,"(datetime.datetime(2026, 8, 21, 17, 8, 49, 818000),)",2a3c600d
408649883,-778359580,3340,1:13:48.580000,"(datetime.datetime(2026, 8, 21, 17, 8, 49, 843000),)",2a3c603c
408648081,-778364508,3354,1:13:48.650000,"(datetime.datetime(2026, 8, 21, 17, 8, 49, 916000),)",2a3c600d
408649918,-778359431,3341,1:13:48.680000,"(datetime.datetime(2026, 8, 21, 17, 8, 49, 943000),)",2a3c603c
408648141,-778364369,3354,1:13:48.750000,"(datetime.datetime(2026, 8, 21, 17, 8, 50, 15000),)",2a3c600d
408649956,-778359280,3341,1:13:48.790000,"(datetime.datetime(2026, 8, 21, 17, 8, 50, 53000),)",2a3c603c
408648200,-778364228,3354,1:13:48.850000,"(datetime.datetime(2026, 8, 21, 17, 8, 50, 115000),)",2a3c600d
408649998,-778359143,3342,1:13:48.880000,"(datetime.datetime(2026, 8, 21, 17, 8, 50, 147000),)",2a3c603c
408648260,-778364092,3355,1:13:48.950000,"(datetime.datetime(2026, 8, 21, 17, 8, 50, 215000),)",2a3c600d
408650033,-778358986,3342,1:13:48.990000,"(datetime.datetime(2026, 8, 21, 17, 8, 50, 259000),)",2a3c603c
408648313,-778363948,3355,1:13:49.050000,"(datetime.datetime(2026, 8, 21, 17, 8, 50, 315000),)",2a3c600d
408650068,-778358840,3342,1:13:49.070000,"(datetime.datetime(2026, 8, 21, 17, 8, 50, 342000),)",2a3c603c
408648368,-778363808,3355,1:13:49.150000,"(datetime.datetime(2026, 8, 21, 17, 8, 50, 415000),)",2a3c600d
408650107,-778358686,3342,1:13:49.180000,"(datetime.datetime(2026, 8, 21, 17, 8, 50, 443000),)",2a3c603c
408648424,-778363664,3355,1:13:49.250000,"(datetime.datetime(2026, 8, 21, 17, 8, 50, 516000),)",2a3c600d
408650144,-778358537,3342,1:13:49.280000,"(datetime.datetime(2026, 8, 21, 17, 8, 50, 543000),)",2a3c603c
408648476,-778363521,3355,1:13:49.350000,"(datetime.datetime(2026, 8, 21, 17, 8, 50, 615000),)",2a3c600d
408650178,-778358385,3343,1:13:49.380000,"(datetime.datetime(2026, 8, 21, 17, 8, 50, 651000),)",2a3c603c
408648528,-778363378,3355,1:13:49.450000,"(datetime.datetime(2026, 8, 21, 17, 8, 50, 716000),)",2a3c600d
408650214,-778358229,3343,1:13:49.490000,"(datetime.datetime(2026, 8, 21, 17, 8, 50, 759000),)",2a3c603c
408648580,-778363233,3355,1:13:49.550000,"(datetime.datetime(2026, 8, 21, 17, 8, 50, 818000),)",2a3c600d
408650214,-778358229,3343,1:13:49.570000,"(datetime.datetime(2026, 8, 21, 17, 8, 50, 842000),)",2a3c603c
408648630,-778363089,3355,1:13:49.650000,"(datetime.datetime(2026, 8, 21, 17, 8, 50, 918000),)",2a3c600d
408650285,-778357928,3344,1:13:49.680000,"(datetime.datetime(2026, 8, 21, 17, 8, 50, 950000),)",2a3c603c
408648679,-778362943,3355,1:13:49.750000,"(datetime.datetime(2026, 8, 21, 17, 8, 51, 16000),)",2a3c600d
408650322,-778357783,3343,1:13:49.780000,"(datetime.datetime(2026, 8, 21, 17, 8, 51, 43000),)",2a3c603c
408648728,-778362798,3355,1:13:49.850000,"(datetime.datetime(2026, 8, 21, 17, 8, 51, 116000),)",2a3c600d
408650356,-778357633,3344,1:13:49.880000,"(datetime.datetime(2026, 8, 21, 17, 8, 51, 149000),)",2a3c603c
408648784,-778362656,3355,1:13:49.950000,"(datetime.datetime(2026, 8, 21, 17, 8, 51, 215000),)",2a3c600d
408650393,-778357482,3344,1:13:49.970000,"(datetime.datetime(2026, 8, 21, 17, 8, 51, 242000),)",2a3c603c
408648827,-778362509,3356,1:13:50.050000,"(datetime.datetime(2026, 8, 21, 17, 8, 51, 314000),)",2a3c600d
408650431,-778357323,3344,1:13:50.090000,"(datetime.datetime(2026, 8, 21, 17, 8, 51, 361000),)",2a3c603c
408648875,-778362361,3356,1:13:50.150000,"(datetime.datetime(2026, 8, 21, 17, 8, 51, 415000),)",2a3c600d
408650431,-778357323,3344,1:13:50.170000,"(datetime.datetime(2026, 8, 21, 17, 8, 51, 442000),)",2a3c603c
408648920,-778362216,3356,1:13:50.250000,"(datetime.datetime(2026, 8, 21, 17, 8, 51, 516000),)",2a3c600d
408650503,-778357022,3345,1:13:50.280000,"(datetime.datetime(2026, 8, 21, 17, 8, 51, 545000),)",2a3c603c
408648969,-778362069,3356,1:13:50.350000,"(datetime.datetime(2026, 8, 21, 17, 8, 51, 619000),)",2a3c600d
408650503,-778357022,3345,1:13:50.380000,"(datetime.datetime(2026, 8, 21, 17, 8, 51, 643000),)",2a3c603c
408649013,-778361923,3356,1:13:50.470000,"(datetime.datetime(2026, 8, 21, 17, 8, 51, 736000),)",2a3c600d
408650537,-778356870,3345,1:13:50.500000,"(datetime.datetime(2026, 8, 21, 17, 8, 51, 769000),)",2a3c603c
408649058,-778361774,3357,1:13:50.550000,"(datetime.datetime(2026, 8, 21, 17, 8, 51, 815000),)",2a3c600d
408650572,-778356716,3345,1:13:50.570000,"(datetime.datetime(2026, 8, 21, 17, 8, 51, 842000),)",2a3c603c
408649101,-778361627,3357,1:13:50.660000,"(datetime.datetime(2026, 8, 21, 17, 8, 51, 928000),)",2a3c600d
408650607,-778356560,3346,1:13:50.680000,"(datetime.datetime(2026, 8, 21, 17, 8, 51, 946000),)",2a3c603c
408649144,-778361479,3357,1:13:50.750000,"(datetime.datetime(2026, 8, 21, 17, 8, 52, 17000),)",2a3c600d
408650644,-778356414,3346,1:13:50.780000,"(datetime.datetime(2026, 8, 21, 17, 8, 52, 49000),)",2a3c603c
408649188,-778361330,3357,1:13:50.850000,"(datetime.datetime(2026, 8, 21, 17, 8, 52, 117000),)",2a3c600d
408650680,-778356259,3346,1:13:50.880000,"(datetime.datetime(2026, 8, 21, 17, 8, 52, 150000),)",2a3c603c
408649234,-778361183,3357,1:13:50.960000,"(datetime.datetime(2026, 8, 21, 17, 8, 52, 224000),)",2a3c600d
408650713,-778356109,3347,1:13:50.990000,"(datetime.datetime(2026, 8, 21, 17, 8, 52, 258000),)",2a3c603c
408649273,-778361033,3357,1:13:51.050000,"(datetime.datetime(2026, 8, 21, 17, 8, 52, 315000),)",2a3c600d
408650749,-778355959,3348,1:13:51.100000,"(datetime.datetime(2026, 8, 21, 17, 8, 52, 368000),)",2a3c603c
408649314,-778360882,3357,1:13:51.160000,"(datetime.datetime(2026, 8, 21, 17, 8, 52, 427000),)",2a3c600d
408650783,-778355808,3347,1:13:51.190000,"(datetime.datetime(2026, 8, 21, 17, 8, 52, 455000),)",2a3c603c
408649354,-778360733,3358,1:13:51.250000,"(datetime.datetime(2026, 8, 21, 17, 8, 52, 515000),)",2a3c600d
408650822,-778355655,3347,1:13:51.280000,"(datetime.datetime(2026, 8, 21, 17, 8, 52, 547000),)",2a3c603c
408649393,-778360582,3358,1:13:51.350000,"(datetime.datetime(2026, 8, 21, 17, 8, 52, 620000),)",2a3c600d
408650855,-778355505,3347,1:13:51.380000,"(datetime.datetime(2026, 8, 21, 17, 8, 52, 643000),)",2a3c603c
408649432,-778360432,3358,1:13:51.450000,"(datetime.datetime(2026, 8, 21, 17, 8, 52, 719000),)",2a3c600d
408650890,-778355354,3347,1:13:51.480000,"(datetime.datetime(2026, 8, 21, 17, 8, 52, 744000),)",2a3c603c
408649471,-778360279,3358,1:13:51.550000,"(datetime.datetime(2026, 8, 21, 17, 8, 52, 819000),)",2a3c600d
408650925,-778355199,3348,1:13:51.570000,"(datetime.datetime(2026, 8, 21, 17, 8, 52, 842000),)",2a3c603c
408649510,-778360130,3358,1:13:51.650000,"(datetime.datetime(2026, 8, 21, 17, 8, 52, 917000),)",2a3c600d
408650962,-778355046,3348,1:13:51.680000,"(datetime.datetime(2026, 8, 21, 17, 8, 52, 946000),)",2a3c603c
408649546,-778359978,3358,1:13:51.750000,"(datetime.datetime(2026, 8, 21, 17, 8, 53, 16000),)",2a3c600d
408650995,-778354893,3348,1:13:51.790000,"(datetime.datetime(2026, 8, 21, 17, 8, 53, 55000),)",2a3c603c
408649581,-778359828,3359,1:13:51.850000,"(datetime.datetime(2026, 8, 21, 17, 8, 53, 118000),)",2a3c600d
408651026,-778354741,3348,1:13:51.880000,"(datetime.datetime(2026, 8, 21, 17, 8, 53, 149000),)",2a3c603c
408649623,-778359678,3358,1:13:51.950000,"(datetime.datetime(2026, 8, 21, 17, 8, 53, 219000),)",2a3c600d
408651062,-778354586,3348,1:13:52,"(datetime.datetime(2026, 8, 21, 17, 8, 53, 262000),)",2a3c603c
408649656,-778359523,3359,1:13:52.050000,"(datetime.datetime(2026, 8, 21, 17, 8, 53, 318000),)",2a3c600d
408651098,-778354436,3349,1:13:52.090000,"(datetime.datetime(2026, 8, 21, 17, 8, 53, 359000),)",2a3c603c
408649689,-778359375,3359,1:13:52.150000,"(datetime.datetime(2026, 8, 21, 17, 8, 53, 421000),)",2a3c600d
408651130,-778354282,3349,1:13:52.170000,"(datetime.datetime(2026, 8, 21, 17, 8, 53, 442000),)",2a3c603c
408649727,-778359218,3359,1:13:52.250000,"(datetime.datetime(2026, 8, 21, 17, 8, 53, 515000),)",2a3c600d
408651164,-778354127,3349,1:13:52.280000,"(datetime.datetime(2026, 8, 21, 17, 8, 53, 543000),)",2a3c603c
408649761,-778359068,3360,1:13:52.300000,"(datetime.datetime(2026, 8, 21, 17, 8, 53, 563000),)",2a3c600d
408651196,-778353975,3348,1:13:52.370000,"(datetime.datetime(2026, 8, 21, 17, 8, 53, 642000),)",2a3c603c
408649800,-778358915,3359,1:13:52.410000,"(datetime.datetime(2026, 8, 21, 17, 8, 53, 674000),)",2a3c600d
408651232,-778353824,3349,1:13:52.480000,"(datetime.datetime(2026, 8, 21, 17, 8, 53, 747000),)",2a3c603c
408649836,-778358766,3360,1:13:52.510000,"(datetime.datetime(2026, 8, 21, 17, 8, 53, 773000),)",2a3c600d
408651265,-778353672,3349,1:13:52.580000,"(datetime.datetime(2026, 8, 21, 17, 8, 53, 847000),)",2a3c603c
408649875,-778358613,3360,1:13:52.610000,"(datetime.datetime(2026, 8, 21, 17, 8, 53, 874000),)",2a3c600d
408651299,-778353518,3349,1:13:52.680000,"(datetime.datetime(2026, 8, 21, 17, 8, 53, 950000),)",2a3c603c
408649911,-778358465,3360,1:13:52.700000,"(datetime.datetime(2026, 8, 21, 17, 8, 53, 968000),)",2a3c600d
408651334,-778353364,3349,1:13:52.780000,"(datetime.datetime(2026, 8, 21, 17, 8, 54, 42000),)",2a3c603c
408649950,-778358311,3360,1:13:52.800000,"(datetime.datetime(2026, 8, 21, 17, 8, 54, 65000),)",2a3c600d
408651370,-778353210,3349,1:13:52.880000,"(datetime.datetime(2026, 8, 21, 17, 8, 54, 142000),)",2a3c603c
408649990,-778358164,3361,1:13:52.900000,"(datetime.datetime(2026, 8, 21, 17, 8, 54, 168000),)",2a3c600d
408651408,-778353064,3350,1:13:52.980000,"(datetime.datetime(2026, 8, 21, 17, 8, 54, 243000),)",2a3c603c
408650026,-778358009,3361,1:13:53.020000,"(datetime.datetime(2026, 8, 21, 17, 8, 54, 289000),)",2a3c600d
408651441,-778352910,3350,1:13:53.080000,"(datetime.datetime(2026, 8, 21, 17, 8, 54, 345000),)",2a3c603c
408650063,-778357860,3361,1:13:53.120000,"(datetime.datetime(2026, 8, 21, 17, 8, 54, 386000),)",2a3c600d
408651475,-778352758,3350,1:13:53.180000,"(datetime.datetime(2026, 8, 21, 17, 8, 54, 444000),)",2a3c603c
408650100,-778357707,3361,1:13:53.200000,"(datetime.datetime(2026, 8, 21, 17, 8, 54, 466000),)",2a3c600d
408651509,-778352604,3350,1:13:53.280000,"(datetime.datetime(2026, 8, 21, 17, 8, 54, 543000),)",2a3c603c
408650137,-778357557,3361,1:13:53.310000,"(datetime.datetime(2026, 8, 21, 17, 8, 54, 577000),)",2a3c600d
408651543,-778352450,3350,1:13:53.380000,"(datetime.datetime(2026, 8, 21, 17, 8, 54, 646000),)",2a3c603c
408650174,-778357403,3361,1:13:53.420000,"(datetime.datetime(2026, 8, 21, 17, 8, 54, 686000),)",2a3c600d
408651575,-778352293,3351,1:13:53.440000,"(datetime.datetime(2026, 8, 21, 17, 8, 54, 710000),)",2a3c603c
408650211,-778357254,3361,1:13:53.490000,"(datetime.datetime(2026, 8, 21, 17, 8, 54, 755000),)",2a3c600d
408651607,-778352139,3351,1:13:53.530000,"(datetime.datetime(2026, 8, 21, 17, 8, 54, 793000),)",2a3c603c
408650248,-778357102,3362,1:13:53.600000,"(datetime.datetime(2026, 8, 21, 17, 8, 54, 866000),)",2a3c600d
408651641,-778351986,3351,1:13:53.620000,"(datetime.datetime(2026, 8, 21, 17, 8, 54, 890000),)",2a3c603c
408650284,-778356949,3362,1:13:53.690000,"(datetime.datetime(2026, 8, 21, 17, 8, 54, 953000),)",2a3c600d
408651670,-778351831,3351,1:13:53.730000,"(datetime.datetime(2026, 8, 21, 17, 8, 55, 1000),)",2a3c603c
408650320,-778356795,3362,1:13:53.780000,"(datetime.datetime(2026, 8, 21, 17, 8, 55, 52000),)",2a3c600d
408651706,-778351677,3351,1:13:53.820000,"(datetime.datetime(2026, 8, 21, 17, 8, 55, 90000),)",2a3c603c
408650353,-778356647,3362,1:13:53.890000,"(datetime.datetime(2026, 8, 21, 17, 8, 55, 161000),)",2a3c600d
408651736,-778351526,3351,1:13:53.930000,"(datetime.datetime(2026, 8, 21, 17, 8, 55, 196000),)",2a3c603c
408650387,-778356494,3362,1:13:53.980000,"(datetime.datetime(2026, 8, 21, 17, 8, 55, 251000),)",2a3c600d
408651771,-778351375,3351,1:13:54.030000,"(datetime.datetime(2026, 8, 21, 17, 8, 55, 299000),)",2a3c603c
408650422,-778356341,3362,1:13:54.090000,"(datetime.datetime(2026, 8, 21, 17, 8, 55, 352000),)",2a3c600d
408651804,-778351218,3351,1:13:54.120000,"(datetime.datetime(2026, 8, 21, 17, 8, 55, 389000),)",2a3c603c
408650456,-778356190,3362,1:13:54.180000,"(datetime.datetime(2026, 8, 21, 17, 8, 55, 452000),)",2a3c600d
408651837,-778351064,3351,1:13:54.220000,"(datetime.datetime(2026, 8, 21, 17, 8, 55, 489000),)",2a3c603c
408650490,-778356035,3363,1:13:54.290000,"(datetime.datetime(2026, 8, 21, 17, 8, 55, 553000),)",2a3c600d
408651872,-778350909,3351,1:13:54.320000,"(datetime.datetime(2026, 8, 21, 17, 8, 55, 590000),)",2a3c603c
408650521,-778355885,3363,1:13:54.380000,"(datetime.datetime(2026, 8, 21, 17, 8, 55, 652000),)",2a3c600d
408651904,-778350759,3352,1:13:54.420000,"(datetime.datetime(2026, 8, 21, 17, 8, 55, 689000),)",2a3c603c
408650556,-778355729,3363,1:13:54.480000,"(datetime.datetime(2026, 8, 21, 17, 8, 55, 752000),)",2a3c600d
408651938,-778350601,3352,1:13:54.520000,"(datetime.datetime(2026, 8, 21, 17, 8, 55, 789000),)",2a3c603c
408650588,-778355576,3364,1:13:54.590000,"(datetime.datetime(2026, 8, 21, 17, 8, 55, 853000),)",2a3c600d
408651973,-778350453,3352,1:13:54.620000,"(datetime.datetime(2026, 8, 21, 17, 8, 55, 889000),)",2a3c603c
408650622,-778355423,3364,1:13:54.680000,"(datetime.datetime(2026, 8, 21, 17, 8, 55, 951000),)",2a3c600d
408652005,-778350296,3352,1:13:54.720000,"(datetime.datetime(2026, 8, 21, 17, 8, 55, 990000),)",2a3c603c
408650655,-778355269,3364,1:13:54.790000,"(datetime.datetime(2026, 8, 21, 17, 8, 56, 62000),)",2a3c600d
408652037,-778350142,3352,1:13:54.830000,"(datetime.datetime(2026, 8, 21, 17, 8, 56, 100000),)",2a3c603c
408650685,-778355116,3364,1:13:54.890000,"(datetime.datetime(2026, 8, 21, 17, 8, 56, 158000),)",2a3c600d
408652067,-778349991,3353,1:13:54.930000,"(datetime.datetime(2026, 8, 21, 17, 8, 56, 200000),)",2a3c603c
408650716,-778354963,3364,1:13:54.980000,"(datetime.datetime(2026, 8, 21, 17, 8, 56, 251000),)",2a3c600d
408652098,-778349837,3353,1:13:55.020000,"(datetime.datetime(2026, 8, 21, 17, 8, 56, 289000),)",2a3c603c
408650747,-778354809,3365,1:13:55.080000,"(datetime.datetime(2026, 8, 21, 17, 8, 56, 352000),)",2a3c600d
408652135,-778349685,3353,1:13:55.130000,"(datetime.datetime(2026, 8, 21, 17, 8, 56, 395000),)",2a3c603c
408650779,-778354655,3365,1:13:55.180000,"(datetime.datetime(2026, 8, 21, 17, 8, 56, 451000),)",2a3c600d
408652167,-778349529,3353,1:13:55.220000,"(datetime.datetime(2026, 8, 21, 17, 8, 56, 489000),)",2a3c603c
408650811,-778354501,3365,1:13:55.280000,"(datetime.datetime(2026, 8, 21, 17, 8, 56, 552000),)",2a3c600d
408652198,-778349379,3354,1:13:55.330000,"(datetime.datetime(2026, 8, 21, 17, 8, 56, 598000),)",2a3c603c
408650844,-778354346,3365,1:13:55.380000,"(datetime.datetime(2026, 8, 21, 17, 8, 56, 652000),)",2a3c600d
408652234,-778349223,3354,1:13:55.420000,"(datetime.datetime(2026, 8, 21, 17, 8, 56, 690000),)",2a3c603c
408650877,-778354193,3365,1:13:55.480000,"(datetime.datetime(2026, 8, 21, 17, 8, 56, 751000),)",2a3c600d
408652267,-778349072,3354,1:13:55.520000,"(datetime.datetime(2026, 8, 21, 17, 8, 56, 792000),)",2a3c603c
408650910,-778354040,3366,1:13:55.580000,"(datetime.datetime(2026, 8, 21, 17, 8, 56, 851000),)",2a3c600d
408652297,-778348915,3355,1:13:55.620000,"(datetime.datetime(2026, 8, 21, 17, 8, 56, 889000),)",2a3c603c
408650944,-778353887,3366,1:13:55.680000,"(datetime.datetime(2026, 8, 21, 17, 8, 56, 951000),)",2a3c600d
408652333,-778348762,3355,1:13:55.720000,"(datetime.datetime(2026, 8, 21, 17, 8, 56, 989000),)",2a3c603c
408650979,-778353733,3366,1:13:55.790000,"(datetime.datetime(2026, 8, 21, 17, 8, 57, 53000),)",2a3c600d
408652364,-778348606,3355,1:13:55.820000,"(datetime.datetime(2026, 8, 21, 17, 8, 57, 89000),)",2a3c603c
408651015,-778353584,3366,1:13:55.890000,"(datetime.datetime(2026, 8, 21, 17, 8, 57, 156000),)",2a3c600d
408652399,-778348445,3354,1:13:55.920000,"(datetime.datetime(2026, 8, 21, 17, 8, 57, 190000),)",2a3c603c
408651050,-778353430,3366,1:13:55.980000,"(datetime.datetime(2026, 8, 21, 17, 8, 57, 252000),)",2a3c600d
408652433,-778348294,3356,1:13:56.020000,"(datetime.datetime(2026, 8, 21, 17, 8, 57, 290000),)",2a3c603c
408651085,-778353278,3366,1:13:56.090000,"(datetime.datetime(2026, 8, 21, 17, 8, 57, 353000),)",2a3c600d
408652465,-778348141,3356,1:13:56.140000,"(datetime.datetime(2026, 8, 21, 17, 8, 57, 403000),)",2a3c603c
408651121,-778353126,3367,1:13:56.180000,"(datetime.datetime(2026, 8, 21, 17, 8, 57, 451000),)",2a3c600d
408652497,-778347989,3356,1:13:56.230000,"(datetime.datetime(2026, 8, 21, 17, 8, 57, 502000),)",2a3c603c
408651157,-778352970,3367,1:13:56.280000,"(datetime.datetime(2026, 8, 21, 17, 8, 57, 551000),)",2a3c600d
408652525,-778347835,3355,1:13:56.320000,"(datetime.datetime(2026, 8, 21, 17, 8, 57, 588000),)",2a3c603c
408651192,-778352821,3367,1:13:56.390000,"(datetime.datetime(2026, 8, 21, 17, 8, 57, 654000),)",2a3c600d
408652562,-778347681,3355,1:13:56.420000,"(datetime.datetime(2026, 8, 21, 17, 8, 57, 690000),)",2a3c603c
408651230,-778352667,3367,1:13:56.490000,"(datetime.datetime(2026, 8, 21, 17, 8, 57, 758000),)",2a3c600d
408652593,-778347530,3356,1:13:56.530000,"(datetime.datetime(2026, 8, 21, 17, 8, 57, 792000),)",2a3c603c
408651264,-778352514,3367,1:13:56.590000,"(datetime.datetime(2026, 8, 21, 17, 8, 57, 854000),)",2a3c600d
408652627,-778347371,3356,1:13:56.620000,"(datetime.datetime(2026, 8, 21, 17, 8, 57, 890000),)",2a3c603c
408651301,-778352360,3367,1:13:56.680000,"(datetime.datetime(2026, 8, 21, 17, 8, 57, 952000),)",2a3c600d
408652657,-778347221,3355,1:13:56.720000,"(datetime.datetime(2026, 8, 21, 17, 8, 57, 992000),)",2a3c603c
408651335,-778352208,3367,1:13:56.780000,"(datetime.datetime(2026, 8, 21, 17, 8, 58, 51000),)",2a3c600d
408652692,-778347066,3356,1:13:56.820000,"(datetime.datetime(2026, 8, 21, 17, 8, 58, 89000),)",2a3c603c
408651373,-778352057,3368,1:13:56.890000,"(datetime.datetime(2026, 8, 21, 17, 8, 58, 152000),)",2a3c600d
408652723,-778346914,3355,1:13:56.930000,"(datetime.datetime(2026, 8, 21, 17, 8, 58, 192000),)",2a3c603c
408651409,-778351901,3367,1:13:56.960000,"(datetime.datetime(2026, 8, 21, 17, 8, 58, 224000),)",2a3c600d
408652754,-778346761,3356,1:13:57.020000,"(datetime.datetime(2026, 8, 21, 17, 8, 58, 290000),)",2a3c603c
408651443,-778351750,3368,1:13:57.060000,"(datetime.datetime(2026, 8, 21, 17, 8, 58, 330000),)",2a3c600d
408652788,-778346604,3356,1:13:57.080000,"(datetime.datetime(2026, 8, 21, 17, 8, 58, 348000),)",2a3c603c
408651477,-778351599,3368,1:13:57.160000,"(datetime.datetime(2026, 8, 21, 17, 8, 58, 423000),)",2a3c600d
408652818,-778346447,3356,1:13:57.180000,"(datetime.datetime(2026, 8, 21, 17, 8, 58, 450000),)",2a3c603c
408651510,-778351443,3368,1:13:57.260000,"(datetime.datetime(2026, 8, 21, 17, 8, 58, 527000),)",2a3c600d
408652851,-778346295,3357,1:13:57.280000,"(datetime.datetime(2026, 8, 21, 17, 8, 58, 546000),)",2a3c603c
408651543,-778351289,3368,1:13:57.360000,"(datetime.datetime(2026, 8, 21, 17, 8, 58, 625000),)",2a3c600d
408652882,-778346144,3356,1:13:57.380000,"(datetime.datetime(2026, 8, 21, 17, 8, 58, 647000),)",2a3c603c
408651579,-778351137,3368,1:13:57.460000,"(datetime.datetime(2026, 8, 21, 17, 8, 58, 724000),)",2a3c600d
408652916,-778345990,3356,1:13:57.480000,"(datetime.datetime(2026, 8, 21, 17, 8, 58, 749000),)",2a3c603c
408651613,-778350984,3368,1:13:57.560000,"(datetime.datetime(2026, 8, 21, 17, 8, 58, 824000),)",2a3c600d
408652947,-778345836,3357,1:13:57.650000,"(datetime.datetime(2026, 8, 21, 17, 8, 58, 914000),)",2a3c603c
408651647,-778350830,3368,1:13:57.670000,"(datetime.datetime(2026, 8, 21, 17, 8, 58, 941000),)",2a3c600d
408652979,-778345678,3356,1:13:57.710000,"(datetime.datetime(2026, 8, 21, 17, 8, 58, 980000),)",2a3c603c
408651681,-778350678,3368,1:13:57.760000,"(datetime.datetime(2026, 8, 21, 17, 8, 59, 24000),)",2a3c600d
408653012,-778345526,3357,1:13:57.800000,"(datetime.datetime(2026, 8, 21, 17, 8, 59, 67000),)",2a3c603c
408651717,-778350525,3369,1:13:57.860000,"(datetime.datetime(2026, 8, 21, 17, 8, 59, 123000),)",2a3c600d
408653043,-778345369,3357,1:13:57.870000,"(datetime.datetime(2026, 8, 21, 17, 8, 59, 141000),)",2a3c603c
408651750,-778350371,3368,1:13:57.960000,"(datetime.datetime(2026, 8, 21, 17, 8, 59, 224000),)",2a3c600d
408653080,-778345219,3356,1:13:57.980000,"(datetime.datetime(2026, 8, 21, 17, 8, 59, 249000),)",2a3c603c
408651784,-778350219,3369,1:13:58.060000,"(datetime.datetime(2026, 8, 21, 17, 8, 59, 324000),)",2a3c600d
408653113,-778345064,3356,1:13:58.080000,"(datetime.datetime(2026, 8, 21, 17, 8, 59, 350000),)",2a3c603c
408651784,-778350219,3369,1:13:58.160000,"(datetime.datetime(2026, 8, 21, 17, 8, 59, 426000),)",2a3c600d
408653144,-778344910,3356,1:13:58.180000,"(datetime.datetime(2026, 8, 21, 17, 8, 59, 448000),)",2a3c603c
408651817,-778350063,3369,1:13:58.260000,"(datetime.datetime(2026, 8, 21, 17, 8, 59, 526000),)",2a3c600d
408653177,-778344755,3356,1:13:58.280000,"(datetime.datetime(2026, 8, 21, 17, 8, 59, 544000),)",2a3c603c
408651852,-778349914,3369,1:13:58.360000,"(datetime.datetime(2026, 8, 21, 17, 8, 59, 623000),)",2a3c600d
408653210,-778344602,3356,1:13:58.380000,"(datetime.datetime(2026, 8, 21, 17, 8, 59, 651000),)",2a3c603c
408651917,-778349606,3369,1:13:58.460000,"(datetime.datetime(2026, 8, 21, 17, 8, 59, 723000),)",2a3c600d
408653243,-778344444,3356,1:13:58.500000,"(datetime.datetime(2026, 8, 21, 17, 8, 59, 765000),)",2a3c603c
408651917,-778349606,3369,1:13:58.560000,"(datetime.datetime(2026, 8, 21, 17, 8, 59, 824000),)",2a3c600d
408653275,-778344291,3356,1:13:58.650000,"(datetime.datetime(2026, 8, 21, 17, 8, 59, 914000),)",2a3c603c
408651951,-778349452,3369,1:13:58.670000,"(datetime.datetime(2026, 8, 21, 17, 8, 59, 932000),)",2a3c600d
408653307,-778344136,3356,1:13:58.690000,"(datetime.datetime(2026, 8, 21, 17, 8, 59, 952000),)",2a3c603c
408651983,-778349300,3369,1:13:58.760000,"(datetime.datetime(2026, 8, 21, 17, 9, 0, 23000),)",2a3c600d
408653342,-778343986,3356,1:13:58.800000,"(datetime.datetime(2026, 8, 21, 17, 9, 0, 63000),)",2a3c603c
408652019,-778349147,3370,1:13:58.860000,"(datetime.datetime(2026, 8, 21, 17, 9, 0, 123000),)",2a3c600d
408653379,-778343830,3357,1:13:58.880000,"(datetime.datetime(2026, 8, 21, 17, 9, 0, 143000),)",2a3c603c
408652054,-778348993,3370,1:13:58.960000,"(datetime.datetime(2026, 8, 21, 17, 9, 0, 224000),)",2a3c600d
408653411,-778343671,3357,1:13:58.980000,"(datetime.datetime(2026, 8, 21, 17, 9, 0, 251000),)",2a3c603c
408652086,-778348840,3370,1:13:59.060000,"(datetime.datetime(2026, 8, 21, 17, 9, 0, 324000),)",2a3c600d
408653442,-778343516,3356,1:13:59.080000,"(datetime.datetime(2026, 8, 21, 17, 9, 0, 343000),)",2a3c603c
408652117,-778348688,3370,1:13:59.160000,"(datetime.datetime(2026, 8, 21, 17, 9, 0, 426000),)",2a3c600d
408653477,-778343364,3357,1:13:59.180000,"(datetime.datetime(2026, 8, 21, 17, 9, 0, 448000),)",2a3c603c
408652151,-778348535,3371,1:13:59.260000,"(datetime.datetime(2026, 8, 21, 17, 9, 0, 523000),)",2a3c600d
408653513,-778343212,3357,1:13:59.280000,"(datetime.datetime(2026, 8, 21, 17, 9, 0, 545000),)",2a3c603c
408652185,-778348379,3370,1:13:59.360000,"(datetime.datetime(2026, 8, 21, 17, 9, 0, 623000),)",2a3c600d
408653543,-778343055,3356,1:13:59.380000,"(datetime.datetime(2026, 8, 21, 17, 9, 0, 652000),)",2a3c603c
408652216,-778348228,3371,1:13:59.460000,"(datetime.datetime(2026, 8, 21, 17, 9, 0, 723000),)",2a3c600d
408653579,-778342904,3357,1:13:59.480000,"(datetime.datetime(2026, 8, 21, 17, 9, 0, 746000),)",2a3c603c
408652250,-778348074,3371,1:13:59.570000,"(datetime.datetime(2026, 8, 21, 17, 9, 0, 835000),)",2a3c600d
408653612,-778342753,3356,1:13:59.580000,"(datetime.datetime(2026, 8, 21, 17, 9, 0, 852000),)",2a3c603c
408652283,-778347921,3371,1:13:59.660000,"(datetime.datetime(2026, 8, 21, 17, 9, 0, 924000),)",2a3c600d
408653646,-778342595,3356,1:13:59.690000,"(datetime.datetime(2026, 8, 21, 17, 9, 0, 954000),)",2a3c603c
408652317,-778347767,3371,1:13:59.760000,"(datetime.datetime(2026, 8, 21, 17, 9, 1, 25000),)",2a3c600d
408653680,-778342441,3357,1:13:59.790000,"(datetime.datetime(2026, 8, 21, 17, 9, 1, 54000),)",2a3c603c
408652351,-778347614,3371,1:13:59.860000,"(datetime.datetime(2026, 8, 21, 17, 9, 1, 124000),)",2a3c600d
408653709,-778342291,3357,1:13:59.880000,"(datetime.datetime(2026, 8, 21, 17, 9, 1, 144000),)",2a3c603c
408652383,-778347462,3372,1:13:59.960000,"(datetime.datetime(2026, 8, 21, 17, 9, 1, 223000),)",2a3c600d
408653742,-778342137,3357,1:13:59.980000,"(datetime.datetime(2026, 8, 21, 17, 9, 1, 243000),)",2a3c603c
408652417,-778347306,3372,1:14:00.060000,"(datetime.datetime(2026, 8, 21, 17, 9, 1, 324000),)",2a3c600d
408653776,-778341982,3357,1:14:00.090000,"(datetime.datetime(2026, 8, 21, 17, 9, 1, 354000),)",2a3c603c
408652449,-778347153,3372,1:14:00.160000,"(datetime.datetime(2026, 8, 21, 17, 9, 1, 425000),)",2a3c600d
408653811,-778341828,3357,1:14:00.180000,"(datetime.datetime(2026, 8, 21, 17, 9, 1, 452000),)",2a3c603c
408652483,-778346999,3372,1:14:00.260000,"(datetime.datetime(2026, 8, 21, 17, 9, 1, 529000),)",2a3c600d
408653844,-778341672,3357,1:14:00.280000,"(datetime.datetime(2026, 8, 21, 17, 9, 1, 552000),)",2a3c603c
408652516,-778346846,3372,1:14:00.360000,"(datetime.datetime(2026, 8, 21, 17, 9, 1, 626000),)",2a3c600d
408653880,-778341521,3357,1:14:00.390000,"(datetime.datetime(2026, 8, 21, 17, 9, 1, 657000),)",2a3c603c
408652550,-778346691,3372,1:14:00.460000,"(datetime.datetime(2026, 8, 21, 17, 9, 1, 724000),)",2a3c600d
408653914,-778341367,3357,1:14:00.500000,"(datetime.datetime(2026, 8, 21, 17, 9, 1, 771000),)",2a3c603c
408652581,-778346540,3372,1:14:00.560000,"(datetime.datetime(2026, 8, 21, 17, 9, 1, 823000),)",2a3c600d
408653950,-778341209,3357,1:14:00.580000,"(datetime.datetime(2026, 8, 21, 17, 9, 1, 848000),)",2a3c603c
408652614,-778346384,3372,1:14:00.660000,"(datetime.datetime(2026, 8, 21, 17, 9, 1, 923000),)",2a3c600d
408653983,-778341056,3357,1:14:00.690000,"(datetime.datetime(2026, 8, 21, 17, 9, 1, 955000),)",2a3c603c
408652647,-778346230,3372,1:14:00.760000,"(datetime.datetime(2026, 8, 21, 17, 9, 2, 32000),)",2a3c600d
408654017,-778340900,3357,1:14:00.790000,"(datetime.datetime(2026, 8, 21, 17, 9, 2, 57000),)",2a3c603c
408652680,-778346074,3372,1:14:00.860000,"(datetime.datetime(2026, 8, 21, 17, 9, 2, 126000),)",2a3c600d
408654052,-778340751,3357,1:14:00.880000,"(datetime.datetime(2026, 8, 21, 17, 9, 2, 146000),)",2a3c603c
408652715,-778345923,3373,1:14:00.960000,"(datetime.datetime(2026, 8, 21, 17, 9, 2, 223000),)",2a3c600d
408654088,-778340600,3357,1:14:00.980000,"(datetime.datetime(2026, 8, 21, 17, 9, 2, 246000),)",2a3c603c
408652746,-778345769,3373,1:14:01.060000,"(datetime.datetime(2026, 8, 21, 17, 9, 2, 323000),)",2a3c600d
408654123,-778340443,3357,1:14:01.080000,"(datetime.datetime(2026, 8, 21, 17, 9, 2, 347000),)",2a3c603c
408652780,-778345615,3373,1:14:01.160000,"(datetime.datetime(2026, 8, 21, 17, 9, 2, 423000),)",2a3c600d
408654159,-778340294,3357,1:14:01.180000,"(datetime.datetime(2026, 8, 21, 17, 9, 2, 445000),)",2a3c603c
408652812,-778345461,3373,1:14:01.260000,"(datetime.datetime(2026, 8, 21, 17, 9, 2, 523000),)",2a3c600d
408654195,-778340135,3357,1:14:01.280000,"(datetime.datetime(2026, 8, 21, 17, 9, 2, 545000),)",2a3c603c
408652843,-778345307,3373,1:14:01.360000,"(datetime.datetime(2026, 8, 21, 17, 9, 2, 624000),)",2a3c600d
408654228,-778339982,3357,1:14:01.380000,"(datetime.datetime(2026, 8, 21, 17, 9, 2, 649000),)",2a3c603c
408652879,-778345153,3373,1:14:01.460000,"(datetime.datetime(2026, 8, 21, 17, 9, 2, 725000),)",2a3c600d
408654264,-778339830,3357,1:14:01.490000,"(datetime.datetime(2026, 8, 21, 17, 9, 2, 761000),)",2a3c603c
408652911,-778344996,3373,1:14:01.560000,"(datetime.datetime(2026, 8, 21, 17, 9, 2, 823000),)",2a3c600d
408654298,-778339678,3357,1:14:01.590000,"(datetime.datetime(2026, 8, 21, 17, 9, 2, 858000),)",2a3c603c
408652942,-778344845,3373,1:14:01.660000,"(datetime.datetime(2026, 8, 21, 17, 9, 2, 924000),)",2a3c600d
408654334,-778339518,3358,1:14:01.680000,"(datetime.datetime(2026, 8, 21, 17, 9, 2, 945000),)",2a3c603c
408652975,-778344690,3374,1:14:01.760000,"(datetime.datetime(2026, 8, 21, 17, 9, 3, 24000),)",2a3c600d
408654366,-778339364,3357,1:14:01.780000,"(datetime.datetime(2026, 8, 21, 17, 9, 3, 51000),)",2a3c603c
408653044,-778344386,3374,1:14:01.870000,"(datetime.datetime(2026, 8, 21, 17, 9, 3, 133000),)",2a3c600d
408654399,-778339217,3358,1:14:01.890000,"(datetime.datetime(2026, 8, 21, 17, 9, 3, 160000),)",2a3c603c
408653076,-778344234,3374,1:14:01.960000,"(datetime.datetime(2026, 8, 21, 17, 9, 3, 224000),)",2a3c600d
408654437,-778339063,3358,1:14:01.980000,"(datetime.datetime(2026, 8, 21, 17, 9, 3, 252000),)",2a3c603c
408653076,-778344234,3374,1:14:02.060000,"(datetime.datetime(2026, 8, 21, 17, 9, 3, 323000),)",2a3c600d
408654468,-778338913,3358,1:14:02.080000,"(datetime.datetime(2026, 8, 21, 17, 9, 3, 349000),)",2a3c603c
408653109,-778344077,3374,1:14:02.160000,"(datetime.datetime(2026, 8, 21, 17, 9, 3, 423000),)",2a3c600d
408654504,-778338755,3358,1:14:02.180000,"(datetime.datetime(2026, 8, 21, 17, 9, 3, 444000),)",2a3c603c
408653142,-778343925,3374,1:14:02.260000,"(datetime.datetime(2026, 8, 21, 17, 9, 3, 523000),)",2a3c600d
408654538,-778338599,3358,1:14:02.290000,"(datetime.datetime(2026, 8, 21, 17, 9, 3, 553000),)",2a3c603c
408653176,-778343771,3374,1:14:02.360000,"(datetime.datetime(2026, 8, 21, 17, 9, 3, 623000),)",2a3c600d
408654573,-778338444,3358,1:14:02.390000,"(datetime.datetime(2026, 8, 21, 17, 9, 3, 660000),)",2a3c603c
408653210,-778343619,3374,1:14:02.460000,"(datetime.datetime(2026, 8, 21, 17, 9, 3, 724000),)",2a3c600d
408654607,-778338289,3359,1:14:02.540000,"(datetime.datetime(2026, 8, 21, 17, 9, 3, 803000),)",2a3c603c
408653243,-778343461,3374,1:14:02.570000,"(datetime.datetime(2026, 8, 21, 17, 9, 3, 836000),)",2a3c600d
408654639,-778338137,3358,1:14:02.590000,"(datetime.datetime(2026, 8, 21, 17, 9, 3, 856000),)",2a3c603c
408653279,-778343310,3374,1:14:02.660000,"(datetime.datetime(2026, 8, 21, 17, 9, 3, 924000),)",2a3c600d
408654675,-778337981,3359,1:14:02.700000,"(datetime.datetime(2026, 8, 21, 17, 9, 3, 969000),)",2a3c603c
408653312,-778343158,3374,1:14:02.760000,"(datetime.datetime(2026, 8, 21, 17, 9, 4, 24000),)",2a3c600d
408654707,-778337828,3359,1:14:02.790000,"(datetime.datetime(2026, 8, 21, 17, 9, 4, 52000),)",2a3c603c
408653346,-778343006,3374,1:14:02.850000,"(datetime.datetime(2026, 8, 21, 17, 9, 4, 122000),)",2a3c600d
408654744,-778337673,3359,1:14:02.890000,"(datetime.datetime(2026, 8, 21, 17, 9, 4, 154000),)",2a3c603c
408653384,-778342851,3374,1:14:02.960000,"(datetime.datetime(2026, 8, 21, 17, 9, 4, 224000),)",2a3c600d
408654775,-778337520,3359,1:14:02.990000,"(datetime.datetime(2026, 8, 21, 17, 9, 4, 260000),)",2a3c603c
408653418,-778342699,3374,1:14:03.050000,"(datetime.datetime(2026, 8, 21, 17, 9, 4, 316000),)",2a3c600d
408654809,-778337363,3358,1:14:03.080000,"(datetime.datetime(2026, 8, 21, 17, 9, 4, 342000),)",2a3c603c
408653452,-778342545,3374,1:14:03.140000,"(datetime.datetime(2026, 8, 21, 17, 9, 4, 410000),)",2a3c600d
408654845,-778337208,3358,1:14:03.180000,"(datetime.datetime(2026, 8, 21, 17, 9, 4, 444000),)",2a3c603c
408653486,-778342391,3375,1:14:03.250000,"(datetime.datetime(2026, 8, 21, 17, 9, 4, 513000),)",2a3c600d
408654878,-778337058,3358,1:14:03.270000,"(datetime.datetime(2026, 8, 21, 17, 9, 4, 542000),)",2a3c603c
408653517,-778342235,3375,1:14:03.350000,"(datetime.datetime(2026, 8, 21, 17, 9, 4, 613000),)",2a3c600d
408654910,-778336899,3358,1:14:03.380000,"(datetime.datetime(2026, 8, 21, 17, 9, 4, 651000),)",2a3c603c
408653550,-778342082,3375,1:14:03.450000,"(datetime.datetime(2026, 8, 21, 17, 9, 4, 720000),)",2a3c600d
408654946,-778336747,3359,1:14:03.480000,"(datetime.datetime(2026, 8, 21, 17, 9, 4, 742000),)",2a3c603c
408653582,-778341929,3375,1:14:03.540000,"(datetime.datetime(2026, 8, 21, 17, 9, 4, 812000),)",2a3c600d
408654979,-778336593,3358,1:14:03.580000,"(datetime.datetime(2026, 8, 21, 17, 9, 4, 843000),)",2a3c603c
408653615,-778341774,3375,1:14:03.640000,"(datetime.datetime(2026, 8, 21, 17, 9, 4, 911000),)",2a3c600d
408655013,-778336442,3359,1:14:03.690000,"(datetime.datetime(2026, 8, 21, 17, 9, 4, 954000),)",2a3c603c
408653648,-778341621,3375,1:14:03.740000,"(datetime.datetime(2026, 8, 21, 17, 9, 5, 11000),)",2a3c600d
408655047,-778336286,3358,1:14:03.780000,"(datetime.datetime(2026, 8, 21, 17, 9, 5, 44000),)",2a3c603c
408653681,-778341464,3375,1:14:03.850000,"(datetime.datetime(2026, 8, 21, 17, 9, 5, 113000),)",2a3c600d
408655076,-778336135,3359,1:14:03.880000,"(datetime.datetime(2026, 8, 21, 17, 9, 5, 145000),)",2a3c603c
408653716,-778341313,3375,1:14:03.940000,"(datetime.datetime(2026, 8, 21, 17, 9, 5, 211000),)",2a3c600d
408655109,-778335981,3359,1:14:03.980000,"(datetime.datetime(2026, 8, 21, 17, 9, 5, 242000),)",2a3c603c
408653748,-778341158,3375,1:14:04.040000,"(datetime.datetime(2026, 8, 21, 17, 9, 5, 312000),)",2a3c600d
408655143,-778335829,3359,1:14:04.080000,"(datetime.datetime(2026, 8, 21, 17, 9, 5, 345000),)",2a3c603c
408653781,-778341006,3375,1:14:04.140000,"(datetime.datetime(2026, 8, 21, 17, 9, 5, 412000),)",2a3c600d
408655174,-778335673,3359,1:14:04.180000,"(datetime.datetime(2026, 8, 21, 17, 9, 5, 443000),)",2a3c603c
408653813,-778340849,3375,1:14:04.250000,"(datetime.datetime(2026, 8, 21, 17, 9, 5, 513000),)",2a3c600d
408655206,-778335517,3359,1:14:04.280000,"(datetime.datetime(2026, 8, 21, 17, 9, 5, 545000),)",2a3c603c
408653846,-778340697,3375,1:14:04.340000,"(datetime.datetime(2026, 8, 21, 17, 9, 5, 612000),)",2a3c600d
408655241,-778335361,3359,1:14:04.380000,"(datetime.datetime(2026, 8, 21, 17, 9, 5, 644000),)",2a3c603c
408653877,-778340542,3375,1:14:04.450000,"(datetime.datetime(2026, 8, 21, 17, 9, 5, 717000),)",2a3c600d
408655273,-778335208,3359,1:14:04.480000,"(datetime.datetime(2026, 8, 21, 17, 9, 5, 743000),)",2a3c603c
408653910,-778340388,3375,1:14:04.540000,"(datetime.datetime(2026, 8, 21, 17, 9, 5, 812000),)",2a3c600d
408655308,-778335057,3360,1:14:04.580000,"(datetime.datetime(2026, 8, 21, 17, 9, 5, 843000),)",2a3c603c
408653943,-778340236,3376,1:14:04.650000,"(datetime.datetime(2026, 8, 21, 17, 9, 5, 913000),)",2a3c600d
408655339,-778334899,3360,1:14:04.680000,"(datetime.datetime(2026, 8, 21, 17, 9, 5, 946000),)",2a3c603c
408653976,-778340080,3375,1:14:04.740000,"(datetime.datetime(2026, 8, 21, 17, 9, 6, 12000),)",2a3c600d
408655371,-778334744,3360,1:14:04.780000,"(datetime.datetime(2026, 8, 21, 17, 9, 6, 47000),)",2a3c603c
408654008,-778339925,3375,1:14:04.840000,"(datetime.datetime(2026, 8, 21, 17, 9, 6, 111000),)",2a3c600d
408655403,-778334588,3360,1:14:04.880000,"(datetime.datetime(2026, 8, 21, 17, 9, 6, 142000),)",2a3c603c
408654042,-778339771,3375,1:14:04.940000,"(datetime.datetime(2026, 8, 21, 17, 9, 6, 211000),)",2a3c600d
408655440,-778334437,3359,1:14:04.980000,"(datetime.datetime(2026, 8, 21, 17, 9, 6, 243000),)",2a3c603c
408654074,-778339617,3375,1:14:05.040000,"(datetime.datetime(2026, 8, 21, 17, 9, 6, 312000),)",2a3c600d
408655471,-778334281,3359,1:14:05.080000,"(datetime.datetime(2026, 8, 21, 17, 9, 6, 343000),)",2a3c603c
408654106,-778339462,3376,1:14:05.150000,"(datetime.datetime(2026, 8, 21, 17, 9, 6, 414000),)",2a3c600d
408655503,-778334132,3359,1:14:05.180000,"(datetime.datetime(2026, 8, 21, 17, 9, 6, 444000),)",2a3c603c
408654140,-778339310,3376,1:14:05.240000,"(datetime.datetime(2026, 8, 21, 17, 9, 6, 511000),)",2a3c600d
408655538,-778333978,3360,1:14:05.270000,"(datetime.datetime(2026, 8, 21, 17, 9, 6, 542000),)",2a3c603c
408654175,-778339155,3376,1:14:05.340000,"(datetime.datetime(2026, 8, 21, 17, 9, 6, 611000),)",2a3c600d
408655571,-778333824,3359,1:14:05.380000,"(datetime.datetime(2026, 8, 21, 17, 9, 6, 643000),)",2a3c603c
408654209,-778339002,3376,1:14:05.440000,"(datetime.datetime(2026, 8, 21, 17, 9, 6, 711000),)",2a3c600d
408655604,-778333669,3360,1:14:05.480000,"(datetime.datetime(2026, 8, 21, 17, 9, 6, 745000),)",2a3c603c
408654241,-778338850,3376,1:14:05.550000,"(datetime.datetime(2026, 8, 21, 17, 9, 6, 817000),)",2a3c600d
408655637,-778333514,3360,1:14:05.580000,"(datetime.datetime(2026, 8, 21, 17, 9, 6, 844000),)",2a3c603c
408654278,-778338698,3376,1:14:05.640000,"(datetime.datetime(2026, 8, 21, 17, 9, 6, 911000),)",2a3c600d
408655670,-778333358,3360,1:14:05.680000,"(datetime.datetime(2026, 8, 21, 17, 9, 6, 943000),)",2a3c603c
408654308,-778338541,3376,1:14:05.740000,"(datetime.datetime(2026, 8, 21, 17, 9, 7, 11000),)",2a3c600d
408655704,-778333206,3360,1:14:05.780000,"(datetime.datetime(2026, 8, 21, 17, 9, 7, 49000),)",2a3c603c
408654342,-778338390,3376,1:14:05.840000,"(datetime.datetime(2026, 8, 21, 17, 9, 7, 111000),)",2a3c600d
408655704,-778333206,3360,1:14:05.880000,"(datetime.datetime(2026, 8, 21, 17, 9, 7, 143000),)",2a3c603c
408654380,-778338239,3376,1:14:05.940000,"(datetime.datetime(2026, 8, 21, 17, 9, 7, 212000),)",2a3c600d
408655740,-778333055,3359,1:14:05.990000,"(datetime.datetime(2026, 8, 21, 17, 9, 7, 261000),)",2a3c603c
408654414,-778338085,3376,1:14:06.040000,"(datetime.datetime(2026, 8, 21, 17, 9, 7, 312000),)",2a3c600d
408655773,-778332901,3359,1:14:06.100000,"(datetime.datetime(2026, 8, 21, 17, 9, 7, 367000),)",2a3c603c
408654451,-778337932,3376,1:14:06.140000,"(datetime.datetime(2026, 8, 21, 17, 9, 7, 411000),)",2a3c600d
408655805,-778332747,3359,1:14:06.180000,"(datetime.datetime(2026, 8, 21, 17, 9, 7, 443000),)",2a3c603c
408654487,-778337781,3377,1:14:06.240000,"(datetime.datetime(2026, 8, 21, 17, 9, 7, 511000),)",2a3c600d
408655872,-778332438,3359,1:14:06.270000,"(datetime.datetime(2026, 8, 21, 17, 9, 7, 542000),)",2a3c603c
408654520,-778337626,3376,1:14:06.340000,"(datetime.datetime(2026, 8, 21, 17, 9, 7, 611000),)",2a3c600d
408655872,-778332438,3359,1:14:06.380000,"(datetime.datetime(2026, 8, 21, 17, 9, 7, 642000),)",2a3c603c
408654557,-778337474,3377,1:14:06.460000,"(datetime.datetime(2026, 8, 21, 17, 9, 7, 724000),)",2a3c600d
408655904,-778332279,3359,1:14:06.480000,"(datetime.datetime(2026, 8, 21, 17, 9, 7, 751000),)",2a3c603c
408654592,-778337321,3376,1:14:06.550000,"(datetime.datetime(2026, 8, 21, 17, 9, 7, 812000),)",2a3c600d
408655938,-778332125,3359,1:14:06.580000,"(datetime.datetime(2026, 8, 21, 17, 9, 7, 850000),)",2a3c603c
408654626,-778337168,3377,1:14:06.640000,"(datetime.datetime(2026, 8, 21, 17, 9, 7, 911000),)",2a3c600d
408655971,-778331972,3359,1:14:06.680000,"(datetime.datetime(2026, 8, 21, 17, 9, 7, 943000),)",2a3c603c
408654661,-778337017,3377,1:14:06.740000,"(datetime.datetime(2026, 8, 21, 17, 9, 8, 12000),)",2a3c600d
408656003,-778331817,3359,1:14:06.770000,"(datetime.datetime(2026, 8, 21, 17, 9, 8, 42000),)",2a3c603c
408654697,-778336862,3377,1:14:06.840000,"(datetime.datetime(2026, 8, 21, 17, 9, 8, 111000),)",2a3c600d
408656037,-778331662,3360,1:14:06.880000,"(datetime.datetime(2026, 8, 21, 17, 9, 8, 142000),)",2a3c603c
408654733,-778336712,3377,1:14:06.940000,"(datetime.datetime(2026, 8, 21, 17, 9, 8, 211000),)",2a3c600d
408656072,-778331504,3359,1:14:06.980000,"(datetime.datetime(2026, 8, 21, 17, 9, 8, 245000),)",2a3c603c
408654768,-778336560,3377,1:14:07.040000,"(datetime.datetime(2026, 8, 21, 17, 9, 8, 311000),)",2a3c600d
408656107,-778331353,3359,1:14:07.090000,"(datetime.datetime(2026, 8, 21, 17, 9, 8, 358000),)",2a3c603c
408654802,-778336409,3377,1:14:07.140000,"(datetime.datetime(2026, 8, 21, 17, 9, 8, 411000),)",2a3c600d
408656139,-778331198,3359,1:14:07.190000,"(datetime.datetime(2026, 8, 21, 17, 9, 8, 460000),)",2a3c603c
408654837,-778336254,3377,1:14:07.260000,"(datetime.datetime(2026, 8, 21, 17, 9, 8, 525000),)",2a3c600d
408656174,-778331045,3358,1:14:07.280000,"(datetime.datetime(2026, 8, 21, 17, 9, 8, 544000),)",2a3c603c
408654871,-778336102,3377,1:14:07.350000,"(datetime.datetime(2026, 8, 21, 17, 9, 8, 613000),)",2a3c600d
408656205,-778330886,3359,1:14:07.380000,"(datetime.datetime(2026, 8, 21, 17, 9, 8, 650000),)",2a3c603c
408654904,-778335947,3377,1:14:07.440000,"(datetime.datetime(2026, 8, 21, 17, 9, 8, 712000),)",2a3c600d
408656242,-778330738,3359,1:14:07.480000,"(datetime.datetime(2026, 8, 21, 17, 9, 8, 743000),)",2a3c603c
408654939,-778335795,3377,1:14:07.540000,"(datetime.datetime(2026, 8, 21, 17, 9, 8, 812000),)",2a3c600d
408656274,-778330585,3359,1:14:07.580000,"(datetime.datetime(2026, 8, 21, 17, 9, 8, 850000),)",2a3c603c
408654974,-778335643,3377,1:14:07.650000,"(datetime.datetime(2026, 8, 21, 17, 9, 8, 914000),)",2a3c600d
408656309,-778330426,3359,1:14:07.700000,"(datetime.datetime(2026, 8, 21, 17, 9, 8, 967000),)",2a3c603c
408655005,-778335490,3378,1:14:07.750000,"(datetime.datetime(2026, 8, 21, 17, 9, 9, 15000),)",2a3c600d
408656344,-778330276,3359,1:14:07.780000,"(datetime.datetime(2026, 8, 21, 17, 9, 9, 43000),)",2a3c603c
408655041,-778335338,3378,1:14:07.850000,"(datetime.datetime(2026, 8, 21, 17, 9, 9, 114000),)",2a3c600d
408656375,-778330118,3359,1:14:07.880000,"(datetime.datetime(2026, 8, 21, 17, 9, 9, 150000),)",2a3c603c
408655075,-778335185,3378,1:14:07.940000,"(datetime.datetime(2026, 8, 21, 17, 9, 9, 212000),)",2a3c600d
408656413,-778329962,3360,1:14:07.980000,"(datetime.datetime(2026, 8, 21, 17, 9, 9, 244000),)",2a3c603c
408655110,-778335031,3378,1:14:08.040000,"(datetime.datetime(2026, 8, 21, 17, 9, 9, 311000),)",2a3c600d
408656448,-778329809,3359,1:14:08.080000,"(datetime.datetime(2026, 8, 21, 17, 9, 9, 344000),)",2a3c603c
408655143,-778334878,3378,1:14:08.140000,"(datetime.datetime(2026, 8, 21, 17, 9, 9, 411000),)",2a3c600d
408656481,-778329654,3359,1:14:08.180000,"(datetime.datetime(2026, 8, 21, 17, 9, 9, 447000),)",2a3c603c
408655178,-778334727,3378,1:14:08.240000,"(datetime.datetime(2026, 8, 21, 17, 9, 9, 511000),)",2a3c600d
408656512,-778329502,3359,1:14:08.270000,"(datetime.datetime(2026, 8, 21, 17, 9, 9, 542000),)",2a3c603c
408655212,-778334572,3378,1:14:08.340000,"(datetime.datetime(2026, 8, 21, 17, 9, 9, 611000),)",2a3c600d
408656548,-778329346,3359,1:14:08.380000,"(datetime.datetime(2026, 8, 21, 17, 9, 9, 643000),)",2a3c603c
408655246,-778334419,3378,1:14:08.460000,"(datetime.datetime(2026, 8, 21, 17, 9, 9, 724000),)",2a3c600d
408655280,-778334266,3378,1:14:08.480000,"(datetime.datetime(2026, 8, 21, 17, 9, 9, 746000),)",2a3c600d
408656581,-778329193,3359,1:14:08.530000,"(datetime.datetime(2026, 8, 21, 17, 9, 9, 793000),)",2a3c603c
408656615,-778329038,3359,1:14:08.580000,"(datetime.datetime(2026, 8, 21, 17, 9, 9, 845000),)",2a3c603c
408655315,-778334112,3378,1:14:08.640000,"(datetime.datetime(2026, 8, 21, 17, 9, 9, 911000),)",2a3c600d
408656646,-778328887,3359,1:14:08.680000,"(datetime.datetime(2026, 8, 21, 17, 9, 9, 947000),)",2a3c603c
408655348,-778333958,3378,1:14:08.740000,"(datetime.datetime(2026, 8, 21, 17, 9, 10, 12000),)",2a3c600d
408656680,-778328730,3359,1:14:08.780000,"(datetime.datetime(2026, 8, 21, 17, 9, 10, 52000),)",2a3c603c
408655383,-778333807,3378,1:14:08.840000,"(datetime.datetime(2026, 8, 21, 17, 9, 10, 112000),)",2a3c600d
408656714,-778328575,3359,1:14:08.880000,"(datetime.datetime(2026, 8, 21, 17, 9, 10, 143000),)",2a3c603c
408655418,-778333656,3378,1:14:08.940000,"(datetime.datetime(2026, 8, 21, 17, 9, 10, 211000),)",2a3c600d
408656751,-778328423,3359,1:14:08.980000,"(datetime.datetime(2026, 8, 21, 17, 9, 10, 245000),)",2a3c603c
408655454,-778333502,3378,1:14:09.040000,"(datetime.datetime(2026, 8, 21, 17, 9, 10, 312000),)",2a3c600d
408656783,-778328268,3359,1:14:09.080000,"(datetime.datetime(2026, 8, 21, 17, 9, 10, 343000),)",2a3c603c
408655488,-778333349,3378,1:14:09.140000,"(datetime.datetime(2026, 8, 21, 17, 9, 10, 412000),)",2a3c600d
408656817,-778328114,3359,1:14:09.190000,"(datetime.datetime(2026, 8, 21, 17, 9, 10, 455000),)",2a3c603c
408655522,-778333196,3378,1:14:09.240000,"(datetime.datetime(2026, 8, 21, 17, 9, 10, 511000),)",2a3c600d
408655556,-778333043,3378,1:14:09.270000,"(datetime.datetime(2026, 8, 21, 17, 9, 10, 538000),)",2a3c600d
408656851,-778327959,3358,1:14:09.290000,"(datetime.datetime(2026, 8, 21, 17, 9, 10, 557000),)",2a3c603c
408655556,-778333043,3378,1:14:09.350000,"(datetime.datetime(2026, 8, 21, 17, 9, 10, 619000),)",2a3c600d
408656883,-778327806,3359,1:14:09.380000,"(datetime.datetime(2026, 8, 21, 17, 9, 10, 642000),)",2a3c603c
408655590,-778332890,3378,1:14:09.450000,"(datetime.datetime(2026, 8, 21, 17, 9, 10, 717000),)",2a3c600d
408656917,-778327648,3359,1:14:09.490000,"(datetime.datetime(2026, 8, 21, 17, 9, 10, 760000),)",2a3c603c
408655658,-778332583,3378,1:14:09.550000,"(datetime.datetime(2026, 8, 21, 17, 9, 10, 822000),)",2a3c600d
408656950,-778327495,3359,1:14:09.580000,"(datetime.datetime(2026, 8, 21, 17, 9, 10, 843000),)",2a3c603c
408655658,-778332583,3378,1:14:09.650000,"(datetime.datetime(2026, 8, 21, 17, 9, 10, 921000),)",2a3c600d
408656981,-778327337,3359,1:14:09.690000,"(datetime.datetime(2026, 8, 21, 17, 9, 10, 956000),)",2a3c603c
408655690,-778332428,3378,1:14:09.750000,"(datetime.datetime(2026, 8, 21, 17, 9, 11, 20000),)",2a3c600d
408657013,-778327185,3358,1:14:09.770000,"(datetime.datetime(2026, 8, 21, 17, 9, 11, 42000),)",2a3c603c
408655721,-778332275,3378,1:14:09.850000,"(datetime.datetime(2026, 8, 21, 17, 9, 11, 121000),)",2a3c600d
408657046,-778327031,3359,1:14:09.880000,"(datetime.datetime(2026, 8, 21, 17, 9, 11, 149000),)",2a3c603c
408655758,-778332121,3378,1:14:09.950000,"(datetime.datetime(2026, 8, 21, 17, 9, 11, 220000),)",2a3c600d
408657079,-778326875,3359,1:14:09.990000,"(datetime.datetime(2026, 8, 21, 17, 9, 11, 253000),)",2a3c603c
408655791,-778331969,3379,1:14:10.060000,"(datetime.datetime(2026, 8, 21, 17, 9, 11, 323000),)",2a3c600d
408657109,-778326722,3359,1:14:10.080000,"(datetime.datetime(2026, 8, 21, 17, 9, 11, 346000),)",2a3c603c
408655825,-778331813,3379,1:14:10.150000,"(datetime.datetime(2026, 8, 21, 17, 9, 11, 421000),)",2a3c600d
408657142,-778326563,3359,1:14:10.200000,"(datetime.datetime(2026, 8, 21, 17, 9, 11, 463000),)",2a3c603c
408655857,-778331659,3379,1:14:10.260000,"(datetime.datetime(2026, 8, 21, 17, 9, 11, 523000),)",2a3c600d
408657175,-778326414,3359,1:14:10.280000,"(datetime.datetime(2026, 8, 21, 17, 9, 11, 542000),)",2a3c603c
408655893,-778331507,3379,1:14:10.350000,"(datetime.datetime(2026, 8, 21, 17, 9, 11, 621000),)",2a3c600d
408657208,-778326257,3359,1:14:10.380000,"(datetime.datetime(2026, 8, 21, 17, 9, 11, 642000),)",2a3c603c
408655927,-778331351,3378,1:14:10.450000,"(datetime.datetime(2026, 8, 21, 17, 9, 11, 720000),)",2a3c600d
408657241,-778326102,3359,1:14:10.480000,"(datetime.datetime(2026, 8, 21, 17, 9, 11, 749000),)",2a3c603c
408655959,-778331200,3379,1:14:10.550000,"(datetime.datetime(2026, 8, 21, 17, 9, 11, 820000),)",2a3c600d
408657274,-778325947,3359,1:14:10.580000,"(datetime.datetime(2026, 8, 21, 17, 9, 11, 843000),)",2a3c603c
408655994,-778331046,3379,1:14:10.650000,"(datetime.datetime(2026, 8, 21, 17, 9, 11, 921000),)",2a3c600d
408657307,-778325790,3359,1:14:10.680000,"(datetime.datetime(2026, 8, 21, 17, 9, 11, 944000),)",2a3c603c
408656026,-778330893,3379,1:14:10.750000,"(datetime.datetime(2026, 8, 21, 17, 9, 12, 21000),)",2a3c600d
408657338,-778325634,3359,1:14:10.820000,"(datetime.datetime(2026, 8, 21, 17, 9, 12, 85000),)",2a3c603c
408656062,-778330737,3378,1:14:10.850000,"(datetime.datetime(2026, 8, 21, 17, 9, 12, 120000),)",2a3c600d
408657372,-778325477,3359,1:14:10.890000,"(datetime.datetime(2026, 8, 21, 17, 9, 12, 159000),)",2a3c603c
408656096,-778330587,3379,1:14:10.950000,"(datetime.datetime(2026, 8, 21, 17, 9, 12, 221000),)",2a3c600d
408657410,-778325321,3359,1:14:11.010000,"(datetime.datetime(2026, 8, 21, 17, 9, 12, 274000),)",2a3c603c
408656130,-778330432,3379,1:14:11.060000,"(datetime.datetime(2026, 8, 21, 17, 9, 12, 325000),)",2a3c600d
408657442,-778325168,3359,1:14:11.080000,"(datetime.datetime(2026, 8, 21, 17, 9, 12, 350000),)",2a3c603c
408656163,-778330281,3379,1:14:11.150000,"(datetime.datetime(2026, 8, 21, 17, 9, 12, 421000),)",2a3c600d
408657474,-778325010,3359,1:14:11.180000,"(datetime.datetime(2026, 8, 21, 17, 9, 12, 445000),)",2a3c603c
408656196,-778330127,3379,1:14:11.250000,"(datetime.datetime(2026, 8, 21, 17, 9, 12, 521000),)",2a3c600d
408657506,-778324853,3359,1:14:11.280000,"(datetime.datetime(2026, 8, 21, 17, 9, 12, 543000),)",2a3c603c
408656230,-778329973,3379,1:14:11.350000,"(datetime.datetime(2026, 8, 21, 17, 9, 12, 621000),)",2a3c600d
408657539,-778324699,3359,1:14:11.370000,"(datetime.datetime(2026, 8, 21, 17, 9, 12, 642000),)",2a3c603c
408656262,-778329822,3379,1:14:11.450000,"(datetime.datetime(2026, 8, 21, 17, 9, 12, 720000),)",2a3c600d
408657572,-778324550,3360,1:14:11.470000,"(datetime.datetime(2026, 8, 21, 17, 9, 12, 742000),)",2a3c603c
408656296,-778329668,3380,1:14:11.550000,"(datetime.datetime(2026, 8, 21, 17, 9, 12, 820000),)",2a3c600d
408657605,-778324391,3359,1:14:11.580000,"(datetime.datetime(2026, 8, 21, 17, 9, 12, 842000),)",2a3c603c
408656330,-778329512,3380,1:14:11.650000,"(datetime.datetime(2026, 8, 21, 17, 9, 12, 921000),)",2a3c600d
408657638,-778324235,3359,1:14:11.680000,"(datetime.datetime(2026, 8, 21, 17, 9, 12, 948000),)",2a3c603c
408656364,-778329356,3380,1:14:11.760000,"(datetime.datetime(2026, 8, 21, 17, 9, 13, 24000),)",2a3c600d
408657671,-778324081,3358,1:14:11.780000,"(datetime.datetime(2026, 8, 21, 17, 9, 13, 44000),)",2a3c603c
408656398,-778329207,3380,1:14:11.850000,"(datetime.datetime(2026, 8, 21, 17, 9, 13, 122000),)",2a3c600d
408657702,-778323932,3359,1:14:11.890000,"(datetime.datetime(2026, 8, 21, 17, 9, 13, 155000),)",2a3c603c
408656432,-778329054,3380,1:14:11.960000,"(datetime.datetime(2026, 8, 21, 17, 9, 13, 224000),)",2a3c600d
408657736,-778323779,3359,1:14:11.980000,"(datetime.datetime(2026, 8, 21, 17, 9, 13, 242000),)",2a3c603c
408656467,-778328901,3380,1:14:12.050000,"(datetime.datetime(2026, 8, 21, 17, 9, 13, 320000),)",2a3c600d
408657769,-778323625,3359,1:14:12.080000,"(datetime.datetime(2026, 8, 21, 17, 9, 13, 343000),)",2a3c603c
408656503,-778328746,3380,1:14:12.150000,"(datetime.datetime(2026, 8, 21, 17, 9, 13, 421000),)",2a3c600d
408657804,-778323473,3359,1:14:12.190000,"(datetime.datetime(2026, 8, 21, 17, 9, 13, 452000),)",2a3c603c
408656536,-778328594,3380,1:14:12.260000,"(datetime.datetime(2026, 8, 21, 17, 9, 13, 523000),)",2a3c600d
408657835,-778323316,3358,1:14:12.280000,"(datetime.datetime(2026, 8, 21, 17, 9, 13, 545000),)",2a3c603c
408656570,-778328439,3380,1:14:12.350000,"(datetime.datetime(2026, 8, 21, 17, 9, 13, 621000),)",2a3c600d
408657869,-778323171,3358,1:14:12.380000,"(datetime.datetime(2026, 8, 21, 17, 9, 13, 650000),)",2a3c603c
408656603,-778328288,3380,1:14:12.460000,"(datetime.datetime(2026, 8, 21, 17, 9, 13, 728000),)",2a3c600d
408657900,-778323019,3358,1:14:12.480000,"(datetime.datetime(2026, 8, 21, 17, 9, 13, 748000),)",2a3c603c
408656636,-778328132,3380,1:14:12.550000,"(datetime.datetime(2026, 8, 21, 17, 9, 13, 820000),)",2a3c600d
408657932,-778322871,3358,1:14:12.580000,"(datetime.datetime(2026, 8, 21, 17, 9, 13, 843000),)",2a3c603c
408656670,-778327980,3380,1:14:12.650000,"(datetime.datetime(2026, 8, 21, 17, 9, 13, 920000),)",2a3c600d
408657963,-778322721,3358,1:14:12.690000,"(datetime.datetime(2026, 8, 21, 17, 9, 13, 956000),)",2a3c603c
408656704,-778327829,3380,1:14:12.750000,"(datetime.datetime(2026, 8, 21, 17, 9, 14, 21000),)",2a3c600d
408657994,-778322576,3358,1:14:12.800000,"(datetime.datetime(2026, 8, 21, 17, 9, 14, 63000),)",2a3c603c
408656737,-778327675,3380,1:14:12.860000,"(datetime.datetime(2026, 8, 21, 17, 9, 14, 123000),)",2a3c600d
408658027,-778322425,3358,1:14:12.880000,"(datetime.datetime(2026, 8, 21, 17, 9, 14, 143000),)",2a3c603c
408656774,-778327519,3380,1:14:12.950000,"(datetime.datetime(2026, 8, 21, 17, 9, 14, 221000),)",2a3c600d
408658059,-778322279,3358,1:14:12.980000,"(datetime.datetime(2026, 8, 21, 17, 9, 14, 247000),)",2a3c603c
408656807,-778327366,3380,1:14:13.050000,"(datetime.datetime(2026, 8, 21, 17, 9, 14, 320000),)",2a3c600d
408658088,-778322130,3357,1:14:13.080000,"(datetime.datetime(2026, 8, 21, 17, 9, 14, 343000),)",2a3c603c
408656840,-778327213,3380,1:14:13.150000,"(datetime.datetime(2026, 8, 21, 17, 9, 14, 421000),)",2a3c600d
408658120,-778321984,3358,1:14:13.190000,"(datetime.datetime(2026, 8, 21, 17, 9, 14, 458000),)",2a3c603c
408656875,-778327058,3380,1:14:13.250000,"(datetime.datetime(2026, 8, 21, 17, 9, 14, 521000),)",2a3c600d
408658149,-778321840,3358,1:14:13.280000,"(datetime.datetime(2026, 8, 21, 17, 9, 14, 542000),)",2a3c603c
408656908,-778326905,3380,1:14:13.350000,"(datetime.datetime(2026, 8, 21, 17, 9, 14, 622000),)",2a3c600d
408658179,-778321695,3358,1:14:13.380000,"(datetime.datetime(2026, 8, 21, 17, 9, 14, 643000),)",2a3c603c
408656943,-778326749,3380,1:14:13.450000,"(datetime.datetime(2026, 8, 21, 17, 9, 14, 722000),)",2a3c600d
408658205,-778321552,3357,1:14:13.480000,"(datetime.datetime(2026, 8, 21, 17, 9, 14, 745000),)",2a3c603c
408656979,-778326597,3380,1:14:13.550000,"(datetime.datetime(2026, 8, 21, 17, 9, 14, 821000),)",2a3c600d
408658235,-778321407,3357,1:14:13.570000,"(datetime.datetime(2026, 8, 21, 17, 9, 14, 842000),)",2a3c603c
408657013,-778326441,3380,1:14:13.650000,"(datetime.datetime(2026, 8, 21, 17, 9, 14, 920000),)",2a3c600d
408658262,-778321268,3357,1:14:13.680000,"(datetime.datetime(2026, 8, 21, 17, 9, 14, 950000),)",2a3c603c
408657048,-778326288,3380,1:14:13.760000,"(datetime.datetime(2026, 8, 21, 17, 9, 15, 27000),)",2a3c600d
408658290,-778321125,3357,1:14:13.790000,"(datetime.datetime(2026, 8, 21, 17, 9, 15, 59000),)",2a3c603c
408657080,-778326134,3380,1:14:13.860000,"(datetime.datetime(2026, 8, 21, 17, 9, 15, 123000),)",2a3c600d
408658314,-778320984,3357,1:14:13.880000,"(datetime.datetime(2026, 8, 21, 17, 9, 15, 144000),)",2a3c603c
408657116,-778325984,3380,1:14:13.960000,"(datetime.datetime(2026, 8, 21, 17, 9, 15, 223000),)",2a3c600d
408658339,-778320842,3356,1:14:13.990000,"(datetime.datetime(2026, 8, 21, 17, 9, 15, 254000),)",2a3c603c
408657151,-778325828,3380,1:14:14.050000,"(datetime.datetime(2026, 8, 21, 17, 9, 15, 321000),)",2a3c600d
408658364,-778320706,3357,1:14:14.100000,"(datetime.datetime(2026, 8, 21, 17, 9, 15, 370000),)",2a3c603c
408657185,-778325672,3380,1:14:14.150000,"(datetime.datetime(2026, 8, 21, 17, 9, 15, 421000),)",2a3c600d
408658388,-778320565,3357,1:14:14.180000,"(datetime.datetime(2026, 8, 21, 17, 9, 15, 443000),)",2a3c603c
408657218,-778325522,3380,1:14:14.250000,"(datetime.datetime(2026, 8, 21, 17, 9, 15, 521000),)",2a3c600d
408658413,-778320430,3357,1:14:14.270000,"(datetime.datetime(2026, 8, 21, 17, 9, 15, 542000),)",2a3c603c
408657252,-778325367,3380,1:14:14.350000,"(datetime.datetime(2026, 8, 21, 17, 9, 15, 620000),)",2a3c600d
408658439,-778320292,3356,1:14:14.380000,"(datetime.datetime(2026, 8, 21, 17, 9, 15, 644000),)",2a3c603c
408657285,-778325214,3380,1:14:14.450000,"(datetime.datetime(2026, 8, 21, 17, 9, 15, 720000),)",2a3c600d
408658462,-778320161,3356,1:14:14.490000,"(datetime.datetime(2026, 8, 21, 17, 9, 15, 761000),)",2a3c603c
408657318,-778325058,3380,1:14:14.570000,"(datetime.datetime(2026, 8, 21, 17, 9, 15, 833000),)",2a3c600d
408658485,-778320025,3355,1:14:14.590000,"(datetime.datetime(2026, 8, 21, 17, 9, 15, 853000),)",2a3c603c
408657352,-778324906,3380,1:14:14.650000,"(datetime.datetime(2026, 8, 21, 17, 9, 15, 920000),)",2a3c600d
408658507,-778319897,3355,1:14:14.680000,"(datetime.datetime(2026, 8, 21, 17, 9, 15, 945000),)",2a3c603c
408657384,-778324751,3380,1:14:14.750000,"(datetime.datetime(2026, 8, 21, 17, 9, 16, 20000),)",2a3c600d
408658528,-778319764,3355,1:14:14.770000,"(datetime.datetime(2026, 8, 21, 17, 9, 16, 42000),)",2a3c603c
408657419,-778324598,3380,1:14:14.850000,"(datetime.datetime(2026, 8, 21, 17, 9, 16, 121000),)",2a3c600d
408658548,-778319636,3355,1:14:14.890000,"(datetime.datetime(2026, 8, 21, 17, 9, 16, 155000),)",2a3c603c
408657451,-778324444,3380,1:14:14.950000,"(datetime.datetime(2026, 8, 21, 17, 9, 16, 220000),)",2a3c600d
408658574,-778319502,3355,1:14:15,"(datetime.datetime(2026, 8, 21, 17, 9, 16, 265000),)",2a3c603c
408657488,-778324289,3380,1:14:15.050000,"(datetime.datetime(2026, 8, 21, 17, 9, 16, 322000),)",2a3c600d
408658591,-778319377,3355,1:14:15.070000,"(datetime.datetime(2026, 8, 21, 17, 9, 16, 341000),)",2a3c603c
408657520,-778324135,3380,1:14:15.150000,"(datetime.datetime(2026, 8, 21, 17, 9, 16, 420000),)",2a3c600d
408658609,-778319251,3355,1:14:15.180000,"(datetime.datetime(2026, 8, 21, 17, 9, 16, 451000),)",2a3c603c
408657554,-778323978,3379,1:14:15.260000,"(datetime.datetime(2026, 8, 21, 17, 9, 16, 527000),)",2a3c600d
408658626,-778319125,3354,1:14:15.300000,"(datetime.datetime(2026, 8, 21, 17, 9, 16, 564000),)",2a3c603c
408657585,-778323828,3379,1:14:15.350000,"(datetime.datetime(2026, 8, 21, 17, 9, 16, 621000),)",2a3c600d
408658644,-778319004,3355,1:14:15.380000,"(datetime.datetime(2026, 8, 21, 17, 9, 16, 644000),)",2a3c603c
408657618,-778323673,3379,1:14:15.450000,"(datetime.datetime(2026, 8, 21, 17, 9, 16, 720000),)",2a3c600d
408658658,-778318879,3354,1:14:15.490000,"(datetime.datetime(2026, 8, 21, 17, 9, 16, 753000),)",2a3c603c
408657649,-778323521,3379,1:14:15.550000,"(datetime.datetime(2026, 8, 21, 17, 9, 16, 821000),)",2a3c600d
408658673,-778318759,3354,1:14:15.580000,"(datetime.datetime(2026, 8, 21, 17, 9, 16, 845000),)",2a3c603c
408657682,-778323367,3379,1:14:15.650000,"(datetime.datetime(2026, 8, 21, 17, 9, 16, 920000),)",2a3c600d
408658688,-778318639,3354,1:14:15.680000,"(datetime.datetime(2026, 8, 21, 17, 9, 16, 951000),)",2a3c603c
408657713,-778323213,3379,1:14:15.750000,"(datetime.datetime(2026, 8, 21, 17, 9, 17, 21000),)",2a3c600d
408658699,-778318519,3354,1:14:15.780000,"(datetime.datetime(2026, 8, 21, 17, 9, 17, 44000),)",2a3c603c
408657744,-778323059,3379,1:14:15.820000,"(datetime.datetime(2026, 8, 21, 17, 9, 17, 87000),)",2a3c600d
408658713,-778318400,3354,1:14:15.870000,"(datetime.datetime(2026, 8, 21, 17, 9, 17, 142000),)",2a3c603c
408657780,-778322908,3379,1:14:15.920000,"(datetime.datetime(2026, 8, 21, 17, 9, 17, 191000),)",2a3c600d
408658732,-778318279,3354,1:14:15.980000,"(datetime.datetime(2026, 8, 21, 17, 9, 17, 244000),)",2a3c603c
408657811,-778322759,3379,1:14:16.010000,"(datetime.datetime(2026, 8, 21, 17, 9, 17, 273000),)",2a3c600d
408658741,-778318172,3354,1:14:16.080000,"(datetime.datetime(2026, 8, 21, 17, 9, 17, 343000),)",2a3c603c
408657843,-778322603,3379,1:14:16.110000,"(datetime.datetime(2026, 8, 21, 17, 9, 17, 382000),)",2a3c600d
408658750,-778318058,3354,1:14:16.180000,"(datetime.datetime(2026, 8, 21, 17, 9, 17, 443000),)",2a3c603c
408657873,-778322455,3379,1:14:16.220000,"(datetime.datetime(2026, 8, 21, 17, 9, 17, 488000),)",2a3c600d
408658761,-778317948,3354,1:14:16.280000,"(datetime.datetime(2026, 8, 21, 17, 9, 17, 542000),)",2a3c603c
408657906,-778322300,3379,1:14:16.300000,"(datetime.datetime(2026, 8, 21, 17, 9, 17, 565000),)",2a3c600d
408658771,-778317840,3353,1:14:16.370000,"(datetime.datetime(2026, 8, 21, 17, 9, 17, 642000),)",2a3c603c
408657936,-778322149,3378,1:14:16.420000,"(datetime.datetime(2026, 8, 21, 17, 9, 17, 682000),)",2a3c600d
408658780,-778317734,3353,1:14:16.470000,"(datetime.datetime(2026, 8, 21, 17, 9, 17, 742000),)",2a3c603c
408657968,-778321995,3378,1:14:16.500000,"(datetime.datetime(2026, 8, 21, 17, 9, 17, 763000),)",2a3c600d
408658788,-778317624,3353,1:14:16.580000,"(datetime.datetime(2026, 8, 21, 17, 9, 17, 848000),)",2a3c603c
408658000,-778321846,3378,1:14:16.660000,"(datetime.datetime(2026, 8, 21, 17, 9, 17, 925000),)",2a3c600d
408658795,-778317519,3353,1:14:16.690000,"(datetime.datetime(2026, 8, 21, 17, 9, 17, 961000),)",2a3c603c
408658033,-778321693,3378,1:14:16.730000,"(datetime.datetime(2026, 8, 21, 17, 9, 18, 2000),)",2a3c600d
408658803,-778317416,3353,1:14:16.770000,"(datetime.datetime(2026, 8, 21, 17, 9, 18, 42000),)",2a3c603c
408658064,-778321540,3378,1:14:16.810000,"(datetime.datetime(2026, 8, 21, 17, 9, 18, 78000),)",2a3c600d
408658808,-778317313,3353,1:14:16.870000,"(datetime.datetime(2026, 8, 21, 17, 9, 18, 142000),)",2a3c603c
408658097,-778321392,3377,1:14:16.890000,"(datetime.datetime(2026, 8, 21, 17, 9, 18, 162000),)",2a3c600d
408658818,-778317202,3353,1:14:16.980000,"(datetime.datetime(2026, 8, 21, 17, 9, 18, 243000),)",2a3c603c
408658129,-778321239,3377,1:14:17,"(datetime.datetime(2026, 8, 21, 17, 9, 18, 269000),)",2a3c600d
408658819,-778317110,3353,1:14:17.070000,"(datetime.datetime(2026, 8, 21, 17, 9, 18, 342000),)",2a3c603c
408658159,-778321090,3376,1:14:17.100000,"(datetime.datetime(2026, 8, 21, 17, 9, 18, 368000),)",2a3c600d
408658822,-778317012,3353,1:14:17.180000,"(datetime.datetime(2026, 8, 21, 17, 9, 18, 445000),)",2a3c603c
408658191,-778320936,3376,1:14:17.200000,"(datetime.datetime(2026, 8, 21, 17, 9, 18, 466000),)",2a3c600d
408658825,-778316912,3353,1:14:17.280000,"(datetime.datetime(2026, 8, 21, 17, 9, 18, 545000),)",2a3c603c
408658218,-778320787,3376,1:14:17.310000,"(datetime.datetime(2026, 8, 21, 17, 9, 18, 579000),)",2a3c600d
408658829,-778316819,3352,1:14:17.380000,"(datetime.datetime(2026, 8, 21, 17, 9, 18, 645000),)",2a3c603c
408658250,-778320635,3376,1:14:17.400000,"(datetime.datetime(2026, 8, 21, 17, 9, 18, 669000),)",2a3c600d
408658830,-778316721,3353,1:14:17.480000,"(datetime.datetime(2026, 8, 21, 17, 9, 18, 745000),)",2a3c603c
408658278,-778320484,3376,1:14:17.510000,"(datetime.datetime(2026, 8, 21, 17, 9, 18, 775000),)",2a3c600d
408658832,-778316634,3352,1:14:17.570000,"(datetime.datetime(2026, 8, 21, 17, 9, 18, 842000),)",2a3c603c
408658309,-778320334,3376,1:14:17.600000,"(datetime.datetime(2026, 8, 21, 17, 9, 18, 864000),)",2a3c600d
408658831,-778316541,3353,1:14:17.680000,"(datetime.datetime(2026, 8, 21, 17, 9, 18, 943000),)",2a3c603c
408658336,-778320187,3376,1:14:17.700000,"(datetime.datetime(2026, 8, 21, 17, 9, 18, 964000),)",2a3c600d
408658830,-778316455,3353,1:14:17.780000,"(datetime.datetime(2026, 8, 21, 17, 9, 19, 43000),)",2a3c603c
408658363,-778320039,3375,1:14:17.800000,"(datetime.datetime(2026, 8, 21, 17, 9, 19, 64000),)",2a3c600d
408658831,-778316365,3352,1:14:17.880000,"(datetime.datetime(2026, 8, 21, 17, 9, 19, 151000),)",2a3c603c
408658386,-778319900,3375,1:14:17.910000,"(datetime.datetime(2026, 8, 21, 17, 9, 19, 181000),)",2a3c600d
408658834,-778316270,3353,1:14:17.980000,"(datetime.datetime(2026, 8, 21, 17, 9, 19, 243000),)",2a3c603c
408658411,-778319756,3375,1:14:18.010000,"(datetime.datetime(2026, 8, 21, 17, 9, 19, 279000),)",2a3c600d
408658831,-778316190,3353,1:14:18.070000,"(datetime.datetime(2026, 8, 21, 17, 9, 19, 342000),)",2a3c603c
408658433,-778319613,3375,1:14:18.090000,"(datetime.datetime(2026, 8, 21, 17, 9, 19, 361000),)",2a3c600d
408658831,-778316107,3353,1:14:18.180000,"(datetime.datetime(2026, 8, 21, 17, 9, 19, 444000),)",2a3c603c
408658452,-778319477,3375,1:14:18.200000,"(datetime.datetime(2026, 8, 21, 17, 9, 19, 471000),)",2a3c600d
408658826,-778316026,3353,1:14:18.280000,"(datetime.datetime(2026, 8, 21, 17, 9, 19, 543000),)",2a3c603c
408658472,-778319338,3375,1:14:18.300000,"(datetime.datetime(2026, 8, 21, 17, 9, 19, 572000),)",2a3c600d
408658825,-778315946,3353,1:14:18.380000,"(datetime.datetime(2026, 8, 21, 17, 9, 19, 648000),)",2a3c603c
408658492,-778319203,3374,1:14:18.410000,"(datetime.datetime(2026, 8, 21, 17, 9, 19, 675000),)",2a3c600d
408658817,-778315862,3353,1:14:18.480000,"(datetime.datetime(2026, 8, 21, 17, 9, 19, 742000),)",2a3c603c
408658508,-778319069,3374,1:14:18.490000,"(datetime.datetime(2026, 8, 21, 17, 9, 19, 762000),)",2a3c600d
408658816,-778315784,3353,1:14:18.580000,"(datetime.datetime(2026, 8, 21, 17, 9, 19, 843000),)",2a3c603c
408658523,-778318940,3374,1:14:18.600000,"(datetime.datetime(2026, 8, 21, 17, 9, 19, 872000),)",2a3c600d
408658810,-778315715,3352,1:14:18.680000,"(datetime.datetime(2026, 8, 21, 17, 9, 19, 942000),)",2a3c603c
408658538,-778318811,3374,1:14:18.700000,"(datetime.datetime(2026, 8, 21, 17, 9, 19, 966000),)",2a3c600d
408658808,-778315636,3352,1:14:18.780000,"(datetime.datetime(2026, 8, 21, 17, 9, 20, 44000),)",2a3c603c
408658552,-778318687,3374,1:14:18.810000,"(datetime.datetime(2026, 8, 21, 17, 9, 20, 75000),)",2a3c600d
408658801,-778315567,3352,1:14:18.880000,"(datetime.datetime(2026, 8, 21, 17, 9, 20, 143000),)",2a3c603c
408658568,-778318560,3373,1:14:18.900000,"(datetime.datetime(2026, 8, 21, 17, 9, 20, 164000),)",2a3c600d
408658795,-778315494,3353,1:14:18.970000,"(datetime.datetime(2026, 8, 21, 17, 9, 20, 242000),)",2a3c603c
408658575,-778318447,3373,1:14:19.010000,"(datetime.datetime(2026, 8, 21, 17, 9, 20, 273000),)",2a3c600d
408658788,-778315427,3352,1:14:19.080000,"(datetime.datetime(2026, 8, 21, 17, 9, 20, 344000),)",2a3c603c
408658586,-778318327,3373,1:14:19.100000,"(datetime.datetime(2026, 8, 21, 17, 9, 20, 365000),)",2a3c600d
408658783,-778315364,3353,1:14:19.170000,"(datetime.datetime(2026, 8, 21, 17, 9, 20, 442000),)",2a3c603c
408658594,-778318213,3373,1:14:19.200000,"(datetime.datetime(2026, 8, 21, 17, 9, 20, 468000),)",2a3c600d
408658779,-778315295,3352,1:14:19.280000,"(datetime.datetime(2026, 8, 21, 17, 9, 20, 544000),)",2a3c603c
408658603,-778318099,3373,1:14:19.300000,"(datetime.datetime(2026, 8, 21, 17, 9, 20, 566000),)",2a3c600d
408658774,-778315230,3352,1:14:19.380000,"(datetime.datetime(2026, 8, 21, 17, 9, 20, 643000),)",2a3c603c
408658609,-778317992,3373,1:14:19.410000,"(datetime.datetime(2026, 8, 21, 17, 9, 20, 679000),)",2a3c600d
408658768,-778315166,3353,1:14:19.470000,"(datetime.datetime(2026, 8, 21, 17, 9, 20, 742000),)",2a3c603c
408658615,-778317888,3373,1:14:19.490000,"(datetime.datetime(2026, 8, 21, 17, 9, 20, 762000),)",2a3c600d
408658766,-778315103,3352,1:14:19.580000,"(datetime.datetime(2026, 8, 21, 17, 9, 20, 843000),)",2a3c603c
408658621,-778317782,3373,1:14:19.610000,"(datetime.datetime(2026, 8, 21, 17, 9, 20, 874000),)",2a3c600d
408658761,-778315043,3351,1:14:19.680000,"(datetime.datetime(2026, 8, 21, 17, 9, 20, 944000),)",2a3c603c
408658623,-778317683,3373,1:14:19.710000,"(datetime.datetime(2026, 8, 21, 17, 9, 20, 980000),)",2a3c600d
408658753,-778314986,3352,1:14:19.770000,"(datetime.datetime(2026, 8, 21, 17, 9, 21, 42000),)",2a3c603c
408658625,-778317583,3373,1:14:19.800000,"(datetime.datetime(2026, 8, 21, 17, 9, 21, 62000),)",2a3c600d
408658750,-778314930,3351,1:14:19.870000,"(datetime.datetime(2026, 8, 21, 17, 9, 21, 142000),)",2a3c603c
408658636,-778317479,3372,1:14:19.900000,"(datetime.datetime(2026, 8, 21, 17, 9, 21, 170000),)",2a3c600d
408658745,-778314866,3351,1:14:19.980000,"(datetime.datetime(2026, 8, 21, 17, 9, 21, 244000),)",2a3c603c
408658632,-778317395,3372,1:14:20,"(datetime.datetime(2026, 8, 21, 17, 9, 21, 269000),)",2a3c600d
408658739,-778314821,3351,1:14:20.080000,"(datetime.datetime(2026, 8, 21, 17, 9, 21, 342000),)",2a3c603c
408658633,-778317304,3372,1:14:20.100000,"(datetime.datetime(2026, 8, 21, 17, 9, 21, 364000),)",2a3c600d
408658735,-778314769,3351,1:14:20.180000,"(datetime.datetime(2026, 8, 21, 17, 9, 21, 444000),)",2a3c603c
408658631,-778317220,3372,1:14:20.200000,"(datetime.datetime(2026, 8, 21, 17, 9, 21, 466000),)",2a3c600d
408658730,-778314717,3351,1:14:20.280000,"(datetime.datetime(2026, 8, 21, 17, 9, 21, 544000),)",2a3c603c
408658629,-778317135,3372,1:14:20.300000,"(datetime.datetime(2026, 8, 21, 17, 9, 21, 565000),)",2a3c600d
408658724,-778314667,3351,1:14:20.380000,"(datetime.datetime(2026, 8, 21, 17, 9, 21, 644000),)",2a3c603c
408658627,-778317055,3372,1:14:20.400000,"(datetime.datetime(2026, 8, 21, 17, 9, 21, 664000),)",2a3c600d
408658721,-778314621,3351,1:14:20.470000,"(datetime.datetime(2026, 8, 21, 17, 9, 21, 742000),)",2a3c603c
408658621,-778316977,3372,1:14:20.500000,"(datetime.datetime(2026, 8, 21, 17, 9, 21, 768000),)",2a3c600d
408658714,-778314567,3351,1:14:20.570000,"(datetime.datetime(2026, 8, 21, 17, 9, 21, 842000),)",2a3c603c
408658617,-778316901,3372,1:14:20.600000,"(datetime.datetime(2026, 8, 21, 17, 9, 21, 870000),)",2a3c600d
408658709,-778314529,3351,1:14:20.680000,"(datetime.datetime(2026, 8, 21, 17, 9, 21, 943000),)",2a3c603c
408658613,-778316828,3372,1:14:20.700000,"(datetime.datetime(2026, 8, 21, 17, 9, 21, 963000),)",2a3c600d
408658703,-778314486,3351,1:14:20.780000,"(datetime.datetime(2026, 8, 21, 17, 9, 22, 42000),)",2a3c603c
408658608,-778316755,3371,1:14:20.800000,"(datetime.datetime(2026, 8, 21, 17, 9, 22, 67000),)",2a3c600d
408658698,-778314443,3351,1:14:20.880000,"(datetime.datetime(2026, 8, 21, 17, 9, 22, 144000),)",2a3c603c
408658610,-778316673,3371,1:14:20.910000,"(datetime.datetime(2026, 8, 21, 17, 9, 22, 174000),)",2a3c600d
408658690,-778314403,3351,1:14:20.980000,"(datetime.datetime(2026, 8, 21, 17, 9, 22, 247000),)",2a3c603c
408658601,-778316617,3371,1:14:21.010000,"(datetime.datetime(2026, 8, 21, 17, 9, 22, 276000),)",2a3c600d
408658685,-778314367,3351,1:14:21.080000,"(datetime.datetime(2026, 8, 21, 17, 9, 22, 344000),)",2a3c603c
408658597,-778316554,3371,1:14:21.100000,"(datetime.datetime(2026, 8, 21, 17, 9, 22, 372000),)",2a3c600d
408658679,-778314335,3351,1:14:21.180000,"(datetime.datetime(2026, 8, 21, 17, 9, 22, 447000),)",2a3c603c
408658594,-778316489,3371,1:14:21.200000,"(datetime.datetime(2026, 8, 21, 17, 9, 22, 467000),)",2a3c600d
408658676,-778314299,3351,1:14:21.280000,"(datetime.datetime(2026, 8, 21, 17, 9, 22, 544000),)",2a3c603c
408658592,-778316431,3371,1:14:21.310000,"(datetime.datetime(2026, 8, 21, 17, 9, 22, 573000),)",2a3c600d
408658664,-778314236,3351,1:14:21.380000,"(datetime.datetime(2026, 8, 21, 17, 9, 22, 645000),)",2a3c603c
408658592,-778316376,3371,1:14:21.430000,"(datetime.datetime(2026, 8, 21, 17, 9, 22, 694000),)",2a3c600d
408658661,-778314209,3351,1:14:21.490000,"(datetime.datetime(2026, 8, 21, 17, 9, 22, 756000),)",2a3c603c
408658592,-778316320,3371,1:14:21.510000,"(datetime.datetime(2026, 8, 21, 17, 9, 22, 778000),)",2a3c600d
408658656,-778314180,3351,1:14:21.580000,"(datetime.datetime(2026, 8, 21, 17, 9, 22, 842000),)",2a3c603c
408658593,-778316269,3371,1:14:21.610000,"(datetime.datetime(2026, 8, 21, 17, 9, 22, 874000),)",2a3c600d
408658651,-778314161,3351,1:14:21.680000,"(datetime.datetime(2026, 8, 21, 17, 9, 22, 943000),)",2a3c603c
408658592,-778316221,3371,1:14:21.700000,"(datetime.datetime(2026, 8, 21, 17, 9, 22, 964000),)",2a3c600d
408658651,-778314161,3351,1:14:21.770000,"(datetime.datetime(2026, 8, 21, 17, 9, 23, 41000),)",2a3c603c
408658594,-778316173,3371,1:14:21.800000,"(datetime.datetime(2026, 8, 21, 17, 9, 23, 66000),)",2a3c600d
408658646,-778314129,3352,1:14:21.880000,"(datetime.datetime(2026, 8, 21, 17, 9, 23, 143000),)",2a3c603c
408658596,-778316119,3371,1:14:21.900000,"(datetime.datetime(2026, 8, 21, 17, 9, 23, 167000),)",2a3c600d
408658642,-778314101,3351,1:14:21.980000,"(datetime.datetime(2026, 8, 21, 17, 9, 23, 243000),)",2a3c603c
408658600,-778316079,3371,1:14:21.990000,"(datetime.datetime(2026, 8, 21, 17, 9, 23, 262000),)",2a3c600d
408658639,-778314080,3351,1:14:22.080000,"(datetime.datetime(2026, 8, 21, 17, 9, 23, 344000),)",2a3c603c
408658604,-778316034,3371,1:14:22.110000,"(datetime.datetime(2026, 8, 21, 17, 9, 23, 375000),)",2a3c600d
408658635,-778314063,3352,1:14:22.180000,"(datetime.datetime(2026, 8, 21, 17, 9, 23, 443000),)",2a3c603c
408658607,-778315989,3371,1:14:22.230000,"(datetime.datetime(2026, 8, 21, 17, 9, 23, 497000),)",2a3c600d
408658633,-778314047,3352,1:14:22.280000,"(datetime.datetime(2026, 8, 21, 17, 9, 23, 544000),)",2a3c603c
408658610,-778315945,3371,1:14:22.300000,"(datetime.datetime(2026, 8, 21, 17, 9, 23, 563000),)",2a3c600d
408658631,-778314028,3351,1:14:22.390000,"(datetime.datetime(2026, 8, 21, 17, 9, 23, 654000),)",2a3c603c
408658613,-778315903,3371,1:14:22.420000,"(datetime.datetime(2026, 8, 21, 17, 9, 23, 684000),)",2a3c600d
408658626,-778314017,3351,1:14:22.480000,"(datetime.datetime(2026, 8, 21, 17, 9, 23, 743000),)",2a3c603c
408658618,-778315861,3371,1:14:22.520000,"(datetime.datetime(2026, 8, 21, 17, 9, 23, 784000),)",2a3c600d
408658627,-778314007,3352,1:14:22.570000,"(datetime.datetime(2026, 8, 21, 17, 9, 23, 842000),)",2a3c603c
408658620,-778315820,3371,1:14:22.610000,"(datetime.datetime(2026, 8, 21, 17, 9, 23, 876000),)",2a3c600d
408658621,-778313991,3352,1:14:22.680000,"(datetime.datetime(2026, 8, 21, 17, 9, 23, 942000),)",2a3c603c
408658622,-778315781,3371,1:14:22.720000,"(datetime.datetime(2026, 8, 21, 17, 9, 23, 984000),)",2a3c600d
408658620,-778313977,3352,1:14:22.780000,"(datetime.datetime(2026, 8, 21, 17, 9, 24, 46000),)",2a3c603c
408658624,-778315743,3371,1:14:22.800000,"(datetime.datetime(2026, 8, 21, 17, 9, 24, 68000),)",2a3c600d
